time,Inductor2.v,IdealDiode1.s,IdealDiode2.s,SineVoltage3.p.i,SineVoltage2.p.i,IdealDiode3.s,Capacitor2.v,Capacitor1.v,Inductor3.i,Inductor2.i
0,-282.8427125,-284.8427125,-284.8427125,-0,-0,-284.8427125,282.8427125,282.8427125,0,-0
1.163513083e-07,-107.2684279,-284.836475,-460.4210234,-0.3511519169,0.3511605069,-109.2648116,282.84077,282.84077,0.3511519169,-0.3511605069
1.682517843e-07,-69.60674451,-284.8319228,-498.0845027,-0.4264732371,0.4264891984,-71.60328499,282.8399035,282.8399035,0.4264732371,-0.4264891984
2.550979933e-07,-33.75867348,-284.8231227,-533.9355787,-0.4981635884,0.4981942502,-35.75665942,282.8384536,282.8384536,0.4981635884,-0.4981942502
3.419442022e-07,-16.37429945,-284.8135188,-551.3229575,-0.5329249378,0.5329719076,-18.37453482,282.8370037,282.8370037,0.5329249378,-0.5329719076
4.3171836e-07,-7.752487703,-284.8031842,-559.9478751,-0.5501600988,0.5502247404,-9.755455536,282.835505,282.835505,0.5501600988,-0.5502247404
5.226348009e-07,-3.637426962,-284.7925171,-564.066081,-0.5583812478,0.5584641878,-5.643363218,282.8339871,282.8339871,0.5583812478,-0.5584641878
6.154880806e-07,-1.681143042,-284.781525,-566.0255768,-0.5622844559,0.5623862798,-3.690208989,282.8324369,282.8324369,0.5622844559,-0.5623862798
7.100681456e-07,-0.7677340947,-284.7702814,-566.9422572,-0.5641016455,0.5642227985,-2.780035165,282.8308579,282.8308579,0.5641016455,-0.5642227985
8.065844353e-07,-0.3468849429,-284.7587855,-567.3664444,-0.5649334734,0.5650743957,-2.36250988,282.8292466,282.8292466,0.5649334734,-0.5650743957
9.047465432e-07,-0.1565202478,-284.7470831,-567.5602039,-0.5653041429,0.5654651922,-2.175536343,282.8276078,282.8276078,0.5653041429,-0.5654651922
1.004414384e-06,-0.07168354143,-284.7351965,-567.6484871,-0.565463592,0.5656450866,-2.094147809,282.8259438,282.8259438,0.565463592,-0.5656450866
1.105741825e-06,-0.03431899703,-284.7231099,-567.6893553,-0.5655279218,0.5657302063,-2.060291265,282.8242522,282.8242522,0.5655279218,-0.5657302063
1.209455699e-06,-0.01802048073,-284.7107377,-567.7092397,-0.5655498721,0.5657734381,-2.047584621,282.8225207,282.8225207,0.5655498721,-0.5657734381
1.317137755e-06,-0.01099016054,-284.6978916,-567.7199928,-0.5655528772,0.5657985398,-2.04428435,282.8207229,282.8207229,0.5655528772,-0.5657985398
1.43151968e-06,-0.00801693028,-284.6842461,-567.7269201,-0.5655470791,0.5658162135,-2.045273798,282.8188133,282.8188133,0.5655470791,-0.5658162135
1.556516513e-06,-0.006809570708,-284.6693342,-567.732448,-0.5655366583,0.565831443,-2.04839737,282.8167265,282.8167265,0.5655366583,-0.565831443
1.697264171e-06,-0.006354630853,-284.6525431,-567.7377674,-0.5655231141,0.5658467813,-2.052819663,282.8143767,282.8143767,0.5655231141,-0.5658467813
1.860778447e-06,-0.00620254565,-284.6330361,-567.7435701,-0.5655066249,0.5658638465,-2.058334436,282.8116469,282.8116469,0.5655066249,-0.5658638465
2.057512935e-06,-0.006159866988,-284.6095659,-567.7504104,-0.565486503,0.5658840961,-2.065110912,282.8083624,282.8083624,0.565486503,-0.5658840961
2.304796151e-06,-0.006150208406,-284.5800652,-567.7589628,-0.5654611199,0.5659094575,-2.073674049,282.804234,282.804234,0.5654611199,-0.5659094575
2.635002953e-06,-0.00614789419,-284.5406719,-567.7703698,-0.5654271985,0.5659432971,-2.085121981,282.7987212,282.7987212,0.5654271985,-0.5659432971
3.115191027e-06,-0.006146204668,-284.483386,-567.7869508,-0.5653778556,0.5659924926,-2.101776715,282.7907045,282.7907045,0.5653778556,-0.5659924926
3.931365527e-06,-0.006143467154,-284.3860173,-567.8151187,-0.5652939578,0.5660760802,-2.130099619,282.7770785,282.7770785,0.5652939578,-0.5660760802
5.933411305e-06,-0.006136752913,-284.1471757,-567.8841345,-0.5650880023,0.56628096,-2.199653351,282.7436545,282.7436545,0.5650880023,-0.56628096
8.776266856e-06,-0.006127215476,-283.8080268,-567.9819428,-0.5647951664,0.5665714992,-2.298609984,282.6961932,282.6961932,0.5647951664,-0.5665714992
1.28016647e-05,-0.006113706883,-283.3278035,-568.1200499,-0.5643797492,0.566982121,-2.439114871,282.6289894,282.6289894,0.5643797492,-0.566982121
1.955257482e-05,-0.006091030363,-282.5224363,-568.3506486,-0.5636810358,0.5676687303,-2.675765641,282.5162835,282.5162835,0.5636810358,-0.5676687303
2.897082907e-05,-0.00605934218,-281.3988771,-568.6702257,-0.5627020192,0.5686223582,-3.008037023,282.3590466,282.3590466,0.5627020192,-0.5686223582
2.968336102e-05,-0.00605694243,-281.3138759,-568.6943019,-0.5626277517,0.5686943019,-3.033275081,282.347151,282.347151,0.5626277517,-0.5686943019
2.968336102e-05,-0.00605694243,-281.3138759,-568.6943019,-0.5626277517,0.5686943019,-3.033275081,282.347151,282.347151,0.5626277517,-0.5686943019
3.018542569e-05,-0.0181775392,-281.2384461,-568.6775382,-0.562606477,0.568807123,-3.03553051,282.338769,282.338769,0.562606477,-0.568807123
3.042045701e-05,-0.02009167409,-281.1974978,-568.6696906,-0.5626077876,0.5688824824,-3.030951391,282.3348452,282.3348452,0.5626077876,-0.5688824824
3.084283916e-05,-0.02152451719,-281.1209017,-568.6555875,-0.5626161487,0.5690299324,-3.019719213,282.3277936,282.3277936,0.5626161487,-0.5690299324
3.126522132e-05,-0.02196481797,-281.0428219,-568.6414845,-0.5626274675,0.5691833076,-3.007008192,282.320742,282.320742,0.5626274675,-0.5691833076
3.180664404e-05,-0.02211421667,-280.9421217,-568.6234067,-0.5626431922,0.5693823548,-2.99010689,282.311703,282.311703,0.5626431922,-0.5693823548
3.24503299e-05,-0.02214456238,-280.8221912,-568.6019144,-0.562662286,0.569619817,-2.969813688,282.3009567,282.3009567,0.562662286,-0.569619817
3.329924966e-05,-0.0221426832,-280.6639771,-568.5735696,-0.5626875228,0.5699331368,-2.943022699,282.2867841,282.2867841,0.5626875228,-0.5699331368
3.446726648e-05,-0.02213154502,-280.4463132,-568.5345703,-0.5627221398,0.5703640818,-2.906214303,282.2672842,282.2672842,0.5627221398,-0.5703640818
3.628511407e-05,-0.02211318476,-280.1076268,-568.4738736,-0.5627757162,0.5710343335,-2.849077432,282.2369355,282.2369355,0.5627757162,-0.5710343335
3.969438381e-05,-0.02207868497,-279.4726935,-568.3600406,-0.5628752007,0.5722898503,-2.742417976,282.1800183,282.1800183,0.5628752007,-0.5722898503
5.141129132e-05,-0.02195995893,-277.2930997,-567.9688231,-0.5632072118,0.576589827,-2.38080135,281.9844072,281.9844072,0.5632072118,-0.576589827
8.04029502e-05,-0.02166514815,-271.9170252,-567.0008262,-0.5639628326,0.5871295883,-1.518986774,281.5004031,281.5004031,0.5639628326,-0.5871295883
0.0001279408621,-0.02117858659,-263.1549973,-565.4136218,-0.5649987699,0.6041023584,-0.2074065724,280.7067915,280.7067915,0.5649987699,-0.6041023584
0.000135905345,-0.02109669036,-261.6935645,-565.1477057,-0.565147664,0.606908199,-8.591256877e-09,280.573832,280.573832,0.565147664,-0.606908199
0.000135905345,-0.02109668748,-261.6935645,-565.1477057,-0.565147664,0.606908199,-4.068705493e-13,280.573832,280.573832,0.565147664,-0.606908199
0.000135905345,-0.02109668756,-261.6935645,-565.1477057,-0.565147664,0.606908199,-9.509073404e-19,280.573832,280.573832,0.565147664,-0.606908199
0.000135905345,-0.02109668756,-261.6935645,-565.1477057,-0.565147664,0.606908199,-9.509073404e-19,280.573832,280.573832,0.565147664,-0.606908199
0.0001985796907,-0.7733909587,-251.0126702,-563.0561607,-0.9701158861,1.031146238,0.4070597865,279.5278463,279.5278463,0.9701158861,-1.031146238
0.0002628837926,-1.429856216,-240.0706395,-560.9144572,-2.141609059,2.222380576,1.580694683,278.4563979,278.4563979,2.141609059,-2.222380576
0.0003794426871,-2.315941396,-220.2906955,-557.0522092,-5.807992926,5.924458377,5.250940834,276.5234209,276.5234209,5.807992926,-5.924458377
0.0005665066494,-2.911612643,-188.7569878,-550.9314834,-14.16527601,14.33867973,13.6143447,273.4588478,273.4588478,14.16527601,-14.33867973
0.0007831660867,-2.332514537,-152.6832022,-543.9791561,-23.97476731,24.21335639,23.43078839,269.9777433,269.9777433,23.97476731,-24.21335639
0.001057056929,0.2850700357,-107.9671208,-535.3379406,-29.3454179,29.66479247,28.81008028,265.6544056,265.6544056,29.3454179,-29.66479247
0.001364311328,5.522467702,-59.19363877,-525.5626198,-15.36031277,15.76747288,14.83475056,260.773689,260.773689,15.36031277,-15.76747288
0.001492871726,8.352893838,-39.25653523,-521.3255252,-0.5213250824,0.9641370943,3.168123526e-14,258.6625412,258.6625412,0.5213250824,-0.9641370943
0.001492871726,8.352893838,-39.25653523,-521.3255252,-0.5213250824,0.9641370943,3.168123526e-14,258.6625412,258.6625412,0.5213250824,-0.9641370943
0.001492871726,8.352893838,-39.25653523,-521.3255252,-0.5213250824,0.9641370943,3.168123526e-14,258.6625412,258.6625412,0.5213250824,-0.9641370943
0.001492871726,8.352893838,-39.25653523,-521.3255252,-0.5213250824,0.9641370943,3.168123526e-14,258.6625412,258.6625412,0.5213250824,-0.9641370943
0.001493043065,5.187353161,-40.80322717,-521.3197885,-0.5054482047,0.945161115,-7.935579992,258.6596823,258.6596823,0.5054482047,-0.945161115
0.001493214405,3.220611168,-42.96849201,-521.3140589,-0.4980012307,0.9333778936,-11.65620808,258.6568234,258.6568234,0.4980012307,-0.9333778936
0.001493414049,1.847100912,-44.80771182,-521.3073883,-0.4934653191,0.9251568799,-13.9208327,258.6534922,258.6534922,0.4934653191,-0.9251568799
0.001493641157,0.9800946128,-46.03988219,-521.2998042,-0.4907579808,0.9199776219,-15.27071236,258.6497027,258.6497027,0.4907579808,-0.9199776219
0.001493893405,0.483336141,-46.74608273,-521.2913832,-0.4892235277,0.9170223497,-16.03372992,258.6454937,258.6454937,0.4892235277,-0.9170223497
0.001494152737,0.2320942532,-47.08837405,-521.2827274,-0.4884352829,0.9155408679,-16.42352512,258.6411666,258.6411666,0.4884352829,-0.9155408679
0.001494423043,0.1063699428,-47.2416174,-521.273706,-0.4880234957,0.9148135734,-16.62490837,258.6366562,258.6366562,0.4880234957,-0.9148135734
0.001494700248,0.04602749761,-47.29596928,-521.2644548,-0.4878071213,0.9144792443,-16.72847013,258.6320308,258.6320308,0.4878071213,-0.9144792443
0.001494984786,0.01760478468,-47.30149748,-521.2549591,-0.4876855797,0.9143371508,-16.78449313,258.627283,258.627283,0.4876855797,-0.9143371508
0.001495275828,0.004520406369,-47.28317493,-521.2452464,-0.4876092172,0.9142877208,-16.81781807,258.6224267,258.6224267,0.4876092172,-0.9142877208
0.00149557457,-0.001406524499,-47.2531163,-521.2352768,-0.4875533365,0.9142819876,-16.84077365,258.6174419,258.6174419,0.4875533365,-0.9142819876
0.001495883746,-0.004046433505,-47.21677129,-521.224959,-0.4875059767,0.9142970001,-16.85929461,258.612283,258.612283,0.4875059767,-0.9142970001
0.001496232427,-0.00524789486,-47.173124,-521.2133229,-0.4874578814,0.9143245632,-16.87752418,258.6064649,258.6064649,0.4874578814,-0.9143245632
0.001496627527,-0.005734838395,-47.12236128,-521.2001377,-0.4874059921,0.9143610141,-16.8968762,258.5998723,258.5998723,0.4874059921,-0.9143610141
0.001497089272,-0.005907393503,-47.06245036,-521.1847284,-0.48734652,0.9144059545,-16.9189076,258.5921676,258.5921676,0.48734652,-0.9144059545
0.001497642968,-0.005954578926,-46.99038256,-521.1662506,-0.487275656,0.9144607482,-16.94510064,258.5829286,258.5829286,0.487275656,-0.9144607482
0.001498334,-0.005959083626,-46.90037791,-521.1431896,-0.4871873356,0.914529376,-16.97773033,258.5713981,258.5713981,0.4871873356,-0.914529376
0.001499242047,-0.00595053855,-46.78211999,-521.1128864,-0.4870712496,0.9146195025,-17.02062166,258.5562465,258.5562465,0.4870712496,-0.9146195025
0.001500531913,-0.005935757873,-46.61419914,-521.0698413,-0.4869062184,0.9147472678,-17.08161461,258.5347238,258.5347238,0.4869062184,-0.9147472678
0.001502606771,-0.005911716041,-46.34424716,-521.0005996,-0.4866404051,0.9149521165,-17.17990024,258.5001028,258.5001028,0.4866404051,-0.9149521165
0.001506802541,-0.005863086918,-45.79896809,-520.8605794,-0.4861015707,0.9153638194,-17.3793071,258.4300925,258.4300925,0.4861015707,-0.9153638194
0.001521540047,-0.005692253834,-43.89023974,-520.368764,-0.484195073,0.9167829611,-18.0866473,258.1841838,258.1841838,0.484195073,-0.9167829611
0.001550670995,-0.005354473621,-40.14742684,-519.39662,-0.4803632804,0.9194646466,-19.51646976,257.6981099,257.6981099,0.4803632804,-0.9194646466
0.001593036837,-0.004863038876,-34.77587324,-517.9828183,-0.4746412704,0.9230719371,-21.6705714,256.9912066,256.9912066,0.4746412704,-0.9230719371
0.0016473987,-0.004232244273,-28.00884618,-516.1687125,-0.4670416438,0.9271922528,-24.56332883,256.0841507,256.0841507,0.4670416438,-0.9271922528
0.00171596732,-0.00343653157,-19.67660279,-513.8805417,-0.4570473031,0.9315742215,-28.41641043,254.940062,254.940062,0.4570473031,-0.9315742215
0.001798909489,-0.002474411165,-9.904490037,-511.1127566,-0.4443563367,0.9356596887,-33.37799767,253.556166,253.556166,0.4443563367,-0.9356596887
0.001886089695,-0.001464156405,2.551383887e-12,-508.2035896,-0.430317795,0.9385209543,-38.94268218,252.1015797,252.1015797,0.430317795,-0.9385209543
0.001886089695,-0.001464156405,2.551383887e-12,-508.2035896,-0.430317795,0.9385209543,-38.94268218,252.1015797,252.1015797,0.430317795,-0.9385209543
0.001983556711,-5.298762542,4.368273283,-504.9650147,-0.4031879394,5.276425834,-50.8861519,250.4801216,250.4801216,0.4031879394,-5.276425834
0.002081023727,-10.32156934,17.12591484,-501.7906562,-0.3756591537,18.00336427,-63.05700048,248.8865773,248.8865773,0.3756591537,-18.00336427
0.00227595006,-19.41767076,65.85820981,-495.8415817,-0.3195742883,66.67362536,-88.1005578,245.887702,245.887702,0.3195742883,-66.67362536
0.002555944644,-29.92240019,182.3307977,-488.8538228,-0.2369713947,183.0566227,-125.8499301,242.3356275,242.3356275,0.2369713947,-183.0566227
0.00289778061,-38.02802826,378.6113623,-483.9449843,-0.1337051169,379.2290123,-174.9305612,239.7831196,239.7831196,0.1337051169,-379.2290123
0.003320301927,-40.14926515,659.2557087,-484.7044299,-0.004066613088,659.7444797,-239.9892785,240.0225851,240.0225851,0.004066613088,-659.7444797
0.003815010962,-31.40349148,962.4598748,-495.4333157,0.1476460081,962.8076622,-321.0585058,245.2355017,245.2355017,-0.1476460081,-962.8076622
0.004385552249,-8.112914949,1160.309378,-517.6552276,0.3179663391,1160.509067,-417.2307876,256.2476181,256.2476181,-0.3179663391,-1160.509067
0.005001085249,27.61783481,1066.69024,-543.9544747,0.4901387517,1066.744056,-516.5135132,269.4441373,269.4441373,-0.4901387517,-1066.744056
0.005233297196,42.33889366,931.4249991,-551.6020419,0.5506711676,931.4259305,-550.6711676,273.3355838,273.3355838,-0.5506711676,-931.4259305
0.005233297196,42.33889366,931.4249991,-551.6020419,0.5506711676,931.4259305,-550.6711676,273.3355838,273.3355838,-0.5506711676,-931.4259305
0.005870416221,105.3540962,396.3197619,-558.3222278,252.9364087,143.9419283,-558.4312222,277.0894221,277.0894221,-252.9364087,-143.9419283
0.005949273954,112.8228247,318.8982226,-557.4253038,318.8985415,0.5574253038,-557.7436446,276.7126519,276.7126519,-318.8985415,-0.5574253038
0.005949273954,112.8228247,318.8982226,-557.4253038,318.8985415,0.5574253038,-557.7436446,276.7126519,276.7126519,-318.8985415,-0.5574253038
0.005949485604,34.82532362,318.7694197,-440.396133,319.0037917,0.3233695332,-557.7411788,276.7113664,276.7113664,-319.0037917,-0.3233695332
0.005949648,14.13856443,318.7293435,-409.3406768,319.0258224,0.2612605937,-557.739228,276.7103799,276.7103799,-319.0258224,-0.2612605937
0.005949825568,5.28333828,318.7061825,-396.0301337,319.0292782,0.2346416648,-557.7370741,276.7093013,276.7093013,-319.0292782,-0.2346416648
0.005950003135,1.981363566,318.6913651,-391.0494591,319.0244177,0.2246824729,-557.7349119,276.7082226,276.7082226,-319.0244177,-0.2246824729
0.005950180703,0.75010916,318.6796673,-389.1748614,319.0164648,0.2209354351,-557.7327464,276.7071438,276.7071438,-319.0164648,-0.2209354351
0.005950358271,0.2909938596,318.6691414,-388.4584708,319.0073674,0.2195048115,-557.7305796,276.706065,276.706065,-319.0073674,-0.2195048115
0.005950535839,0.1197971133,318.659061,-388.1739572,318.9978517,0.2189379421,-557.7284124,276.7049861,276.7049861,-318.9978517,-0.2189379421
0.005950713407,0.0559606773,318.6491553,-388.0504835,318.9881886,0.2186931526,-557.7262448,276.7039072,276.7039072,-318.9881886,-0.2186931526
0.005950890975,0.03215721659,318.6393233,-387.9870588,318.9784791,0.2185684613,-557.7240771,276.7028282,276.7028282,-318.9784791,-0.2185684613
0.00595107257,0.02316466453,318.6293054,-387.9452214,318.9685405,0.2184869935,-557.7218602,276.7017247,276.7017247,-318.9685405,-0.2184869935
0.005951265234,0.01977359422,318.6187017,-387.9100578,318.9580024,0.218419008,-557.7195079,276.7005538,276.7005538,-318.9580024,-0.218419008
0.005951477145,0.01854949844,318.607061,-387.8751395,318.9464264,0.2183517472,-557.7169205,276.6992659,276.6992659,-318.9464264,-0.2183517472
0.005951718831,0.01814694896,318.5938098,-387.8368045,318.933246,0.218278015,-557.7139694,276.697797,276.697797,-318.933246,-0.218278015
0.005952004869,0.01803399403,318.5781601,-387.7919787,318.9176789,0.2181918409,-557.7104765,276.6960583,276.6960583,-318.9176789,-0.2181918409
0.00595235842,0.0180094646,318.5588656,-387.7367441,318.8984863,0.2180856702,-557.7061589,276.693909,276.693909,-318.8984863,-0.2180856702
0.005952820635,0.0180062974,318.5337224,-387.6645743,318.8734762,0.2179469508,-557.7005135,276.6910989,276.6910989,-318.8734762,-0.2179469508
0.005953476088,0.01800683798,318.4982256,-387.5622352,318.8381681,0.2177502439,-557.6925069,276.6871132,276.6871132,-318.8381681,-0.2177502439
0.005954519668,0.01800817598,318.4420918,-387.3992855,318.7823347,0.2174370393,-557.6797563,276.6807658,276.6807658,-318.7823347,-0.2174370393
0.005958769022,0.01801362969,318.2183603,-386.7356305,318.5598268,0.2161614607,-557.6278025,276.6549001,276.6549001,-318.5598268,-0.2161614607
0.005965446441,0.01802213974,317.8824275,-385.6923146,318.2258175,0.2141562439,-557.5460535,276.6141926,276.6141926,-318.2258175,-0.2141562439
0.005976527873,0.01803608339,317.3667998,-383.9596963,317.7133837,0.2108264344,-557.4101142,276.5464791,276.5464791,-317.7133837,-0.2108264344
0.006003706012,0.01806935607,316.319989,-379.7042135,316.6744156,0.2026490627,-557.0754816,276.3796821,276.3796821,-316.6744156,-0.2026490627
0.006061097248,0.0181352871,315.0918287,-370.6918155,315.4628608,0.1853333501,-556.3651874,276.0251404,276.0251404,-315.4628608,-0.1853333501
0.006153679579,0.0182292111,315.7344941,-356.0896024,316.1324382,0.1572754546,-555.2193273,275.451875,275.451875,-316.1324382,-0.1572754546
0.006277694242,0.01833084881,321.0931775,-336.4396276,321.5274029,0.1194874772,-553.7127516,274.695889,274.695889,-321.5274029,-0.1194874772
0.006442891033,0.01842300435,334.7335976,-310.1801665,335.2165341,0.06887929264,-551.8157051,273.7405202,273.7405202,-335.2165341,-0.06887929264
0.006659622988,0.01846865006,360.2984467,-275.7407483,360.8458414,0.002223530563,-549.6182623,272.628983,272.628983,-360.8458414,-0.002223530563
0.006958447359,0.01839126054,400.4958943,-228.6135462,401.1327871,-0.08963259826,-547.2602762,271.4298454,271.4298454,-401.1327871,0.08963259826
0.007315403827,0.01808669105,437.7809285,-173.3535537,438.5245835,-0.1982550454,-545.400132,270.4810764,270.4810764,-438.5245835,0.1982550454
0.007675432784,0.0175493616,441.2584703,-119.1495195,442.1077821,-0.3052857293,-544.026332,269.7923841,269.7923841,-442.1077821,0.3052857293
0.008059600465,0.01672891234,383.8729696,-63.16456561,384.8299968,-0.4151571203,-541.8705397,268.7431258,268.7431258,-384.8299968,0.4151571203
0.008456499054,0.01562583528,238.571647,-7.188755212,239.6308797,-0.5223083178,-536.9249222,266.3429141,266.3429141,-239.6308797,0.5223083178
0.008508327003,0.01545980758,212.4114658,5.120946226e-14,213.4831502,-0.5357359876,-535.9489348,265.8679938,265.8679938,-213.4831502,0.5357359876
0.008508327003,0.01545980758,212.4114658,5.120946226e-14,213.4831502,-0.5357359876,-535.9489348,265.8679938,265.8679938,-213.4831502,0.5357359876
0.00880031377,26.59959956,-2.063044273e-10,65.08372886,66.14115226,-65.6124731,-528.7447684,262.339578,262.339578,-66.14115226,65.6124731
0.00880031377,26.59959953,-1.03144943e-07,65.08372886,66.14115226,-65.6124731,-528.7447684,262.339578,262.339578,-66.14115226,65.6124731
0.008800503028,8.389452774,-54.68154297,65.13397202,66.0820214,-65.66271082,-528.7392153,262.336831,262.336831,-66.0820214,65.66271082
0.00880060548,4.147020987,-67.43651813,65.14433611,66.06686959,-65.67307194,-528.736226,262.3353439,262.3353439,-66.06686959,65.67307194
0.008800752625,1.060807539,-76.73492069,65.15021513,66.05414327,-65.6789467,-528.7319417,262.3332081,262.3332081,-66.05414327,65.6789467
0.008800899769,-0.2980227573,-80.85117766,65.15092906,66.04661614,-65.67965635,-528.7276626,262.3310723,262.3310723,-66.04661614,65.67965635
0.008801046913,-0.8941310252,-82.6792695,65.14937186,66.04139422,-65.67809488,-528.7233857,262.3289365,262.3289365,-66.04139422,65.67809488
0.008801202621,-1.162838653,-83.52747344,65.14665632,66.03697322,-65.67537482,-528.718861,262.3266764,262.3266764,-66.03697322,65.67537482
0.008801378078,-1.279567851,-83.92507819,65.14306104,66.03257254,-65.67177444,-528.7137629,262.3241295,262.3241295,-66.03257254,65.67177444
0.008801574536,-1.320605048,-84.10128029,65.13879519,66.02794288,-65.66750289,-528.708055,262.3212779,262.3212779,-66.02794288,65.66750289
0.008801802861,-1.328103665,-84.18547596,65.13375493,66.02272096,-65.66245599,-528.7014211,262.3179636,262.3179636,-66.02272096,65.66245599
0.008802074286,-1.320861468,-84.23709172,65.12776813,66.01661517,-65.65646131,-528.6935351,262.3140236,262.3140236,-66.01661517,65.65646131
0.008802410555,-1.306331249,-84.28435863,65.12041478,66.00914775,-65.64909819,-528.683765,262.3091423,262.3091423,-66.00914775,65.64909819
0.008802847824,-1.28592314,-84.34127129,65.11098125,65.999575,-65.63965195,-528.6710603,262.3027947,262.3027947,-65.999575,65.63965195
0.008803460017,-1.257068094,-84.4200826,65.09802566,65.98642622,-65.62667857,-528.6532731,262.2939077,262.2939077,-65.98642622,65.62667857
0.008804421749,-1.211725606,-84.54380917,65.07826765,65.96636489,-65.60689262,-528.6253296,262.2799459,262.2799459,-65.96636489,65.60689262
0.008806276467,-1.124348561,-84.78245868,65.04221544,65.92972764,-65.57078652,-528.5714385,262.2530187,262.2530187,-65.92972764,65.57078652
0.008811242387,-0.890843723,-85.42172113,64.95897016,65.84491532,-65.48739694,-528.4271407,262.1809121,262.1809121,-65.84491532,65.48739694
0.00882402979,-0.2925526076,-87.06979193,64.83331387,65.71521987,-65.36136908,-528.0555603,261.9951866,261.9951866,-65.71521987,65.36136908
0.008852355048,1.017116418,-90.73052475,65.00601908,65.87895811,-65.53325163,-527.2328905,261.5837694,261.5837694,-65.87895811,65.53325163
0.008936287509,4.766159115,-101.661853,69.07697501,69.92319844,-69.60178312,-524.8084254,260.3695135,260.3695135,-69.92319844,69.60178312
0.009122594145,12.31759826,-126.3996253,95.89401561,96.68035467,-96.41363272,-519.6173683,257.7606038,257.7606038,-96.68035467,96.41363272
0.009371030189,20.51324624,-160.4694121,164.6562775,165.3621833,-165.1697822,-513.5048316,254.6699914,254.6699914,-165.3621833,165.1697822
0.009681736491,27.33912135,-204.8812167,290.2901515,290.8959186,-290.7980614,-507.9100203,251.8098162,251.8098162,-290.8959186,290.7980614
0.01006282321,30.02381482,-261.9377204,475.8660809,476.3518701,-476.3711512,-505.0702224,250.2971878,250.2971878,-476.3518701,476.3711512
0.01051349366,24.92957442,-332.2222285,687.7563314,688.1068236,-688.2641436,-507.8120688,251.5622349,251.5622349,-688.1068236,688.2641436
0.01103417902,8.870169366,-414.697041,841.5602773,841.7650952,-842.0778041,-517.526424,256.3425882,256.3425882,-841.7650952,842.0778041
0.01161052323,-18.31558476,-502.3304918,802.1693393,802.225188,-802.6999952,-530.6554184,262.9268619,262.9268619,-802.225188,802.6999952
0.011833842,-30.37602782,-533.719218,711.6983734,711.6990851,-712.2328043,-534.4303826,264.859609,264.859609,-711.6990851,712.2328043
0.011833842,-30.37602782,-533.719218,711.6983734,711.6990851,-712.2328043,-534.4303826,264.859609,264.859609,-711.6990851,712.2328043
0.01242823477,-40.07098375,-535.7384062,364.4005544,129.3951872,-364.9364222,-535.6322602,265.7517003,265.7517003,-129.3951872,364.9364222
0.01251320362,-41.56733554,-534.8724986,306.5965737,0.5345664366,-307.1314467,-534.5664366,265.2832183,265.2832183,-0.5345664366,307.1314467
0.01251320362,-41.56733554,-534.8724986,306.5965737,0.5345664366,-307.1314467,-534.5664366,265.2832183,265.2832183,-0.5345664366,307.1314467
0.0125134094,-9.221223538,-534.8699483,306.519828,0.3404645413,-307.0546983,-437.5141551,265.2818845,265.2818845,-0.3404645413,307.0546983
0.01251356387,-0.4979767753,-534.8679874,306.5089048,0.288106027,-307.0437731,-411.3338968,265.2808833,265.2808833,-0.288106027,307.0437731
0.01251372669,3.326266905,-534.8659046,306.5135154,0.2651404646,-307.0483815,-399.8500604,265.2798281,265.2798281,-0.2651404646,307.0483815
0.01251388951,4.876825462,-534.8638151,306.5249597,0.2558169938,-307.0598238,-395.1872699,265.278773,265.278773,-0.2558169938,307.0598238
0.01251407455,5.557222582,-534.8614375,306.541227,0.2517117325,-307.0760887,-393.1334402,265.277574,265.277574,-0.2517117325,307.0760887
0.01251427702,5.816973946,-534.8588347,306.5604996,0.2501281796,-307.0953587,-392.3403519,265.2762622,265.2762622,-0.2501281796,307.0953587
0.01251451182,5.912731035,-534.8558161,306.5834899,0.2495245824,-307.118346,-392.0370323,265.2747411,265.2747411,-0.2495245824,307.118346
0.01251478874,5.946766852,-534.8522563,306.6108759,0.2492860848,-307.1457284,-391.9159898,265.2729474,265.2729474,-0.2492860848,307.1457284
0.01251513128,5.962742256,-534.8478535,306.6448819,0.2491478025,-307.17973,-391.8446301,265.2707289,265.2707289,-0.2491478025,307.17973
0.01251557633,5.976601304,-534.8421344,306.689169,0.2490094849,-307.2240113,-391.7725896,265.2678471,265.2678471,-0.2490094849,307.2240113
0.01251620143,5.994779692,-534.834104,306.7515384,0.2488228639,-307.2863727,-391.6752326,265.2638006,265.2638006,-0.2488228639,307.2863727
0.01251719058,6.023385531,-534.8214026,306.850615,0.2485283481,-307.3854367,-391.5215743,265.2574002,265.2574002,-0.2485283481,307.3854367
0.01251913401,6.079496211,-534.7964678,307.0466499,0.2479496544,-307.5814466,-391.2196618,265.2448345,265.2448345,-0.2479496544,307.5814466
0.01252562404,6.266030366,-534.7133985,307.7144354,0.2460164582,-308.249149,-390.2111941,265.202965,265.202965,-0.2460164582,308.249149
0.01255697569,7.148661752,-534.3166855,311.2209422,0.2366634367,-311.7552591,-385.3345689,265.0028506,265.0028506,-0.2366634367,311.7552591
0.01269957284,10.76470231,-532.6299572,332.64083,0.1938468574,-333.1734602,-363.0721838,264.1487551,264.1487551,-0.1938468574,333.1734602
0.01296174202,15.59860092,-530.2285621,391.1245886,0.1141755454,-391.6548173,-322.0065485,262.9187758,262.9187758,-0.1141755454,391.6548173
0.01328961326,18.10110922,-528.9263403,485.0412289,0.01351252648,-485.5701552,-270.9769195,262.2206563,262.2206563,-0.01351252648,485.5701552
0.01369853619,15.53895239,-530.2668509,603.2324649,-0.1121121902,-603.7627317,-208.7756581,262.8317532,262.8317532,0.1121121902,603.7627317
0.01417965332,4.915849223,-535.2683987,690.3627528,-0.2573952373,-690.8980209,-138.5912706,265.2888893,265.2888893,0.2573952373,690.8980209
0.01471517328,-14.64669987,-541.8380148,651.8929756,-0.4120614838,-652.4348132,-64.56211303,268.5928549,268.5928549,0.4120614838,652.4348132
0.01520413368,-36.68178342,-543.6684504,444.279034,-0.5432236282,-444.8227019,-6.176458381e-11,269.6118141,269.6118141,0.5432236282,444.8227019
0.01520413368,-36.68178342,-543.6684504,444.279034,-0.5432236282,-444.8227019,-6.176458381e-11,269.6118141,269.6118141,0.5432236282,444.8227019
0.01520413368,-36.68178344,-543.6684504,444.2790338,-0.5432236283,-444.8227017,-4.339196111e-17,269.6118141,269.6118141,0.5432236283,444.8227017
0.01520413368,-36.68178344,-543.6684504,444.2790338,-0.5432236283,-444.8227017,-4.339196111e-17,269.6118141,269.6118141,0.5432236283,444.8227017
0.01566776496,-78.19367101,-537.186568,5.479664522e-12,-154.0495251,-0.5370325186,153.5123391,266.5162593,266.5162593,154.0495251,0.5370325186
0.01566776496,-78.19367101,-537.186568,5.479664522e-12,-154.0495251,-0.5370325186,153.5123391,266.5162593,266.5162593,154.0495251,0.5370325186
0.01566776496,-78.19367101,-537.186568,5.479664522e-12,-154.0495251,-0.5370325186,153.5123391,266.5162593,266.5162593,154.0495251,0.5370325186
0.01566776496,-78.19367101,-537.186568,5.479664522e-12,-154.0495251,-0.5370325186,153.5123391,266.5162593,266.5162593,154.0495251,0.5370325186
0.01566794754,-28.36830785,-537.1822705,-74.76258559,-154.1253946,-0.3875031236,153.5882127,266.5141474,266.5141474,154.1253946,0.3875031236
0.01566813012,-10.29902744,-537.1780207,-101.8910952,-154.1536517,-0.3332418806,153.616474,266.5120355,266.5120355,154.1536517,0.3332418806
0.01566831269,-3.746162254,-537.1737882,-111.7449997,-154.1646558,-0.3135298477,153.6274823,266.5099236,266.5099236,154.1646558,0.3135298477
0.01566849527,-1.369751084,-537.169562,-115.33423,-154.1694169,-0.3063471633,153.6322476,266.5078117,266.5078117,154.1694169,0.3063471633
0.01566867784,-0.5079404076,-537.1653381,-116.6515624,-154.1719277,-0.3037082749,153.6347627,266.5056998,266.5056998,154.1719277,0.3037082749
0.01566886042,-0.1954030255,-537.1611151,-117.1449861,-154.1736363,-0.3027172037,153.6364755,266.503588,266.503588,154.1736363,0.3027172037
0.015669043,-0.0820608453,-537.1568924,-117.3396178,-154.1750678,-0.3023237166,153.6379112,266.5014761,266.5014761,154.1750678,0.3023237166
0.01566922557,-0.04095725552,-537.1526699,-117.4258922,-154.1764125,-0.302146944,153.6392601,266.4993642,266.4993642,154.1764125,0.302146944
0.01566940815,-0.02605115387,-537.1484474,-117.472871,-154.1777396,-0.3020487628,153.6405914,266.4972524,266.4972524,154.1777396,0.3020487628
0.01566959773,-0.02052818166,-537.1440629,-117.5067207,-154.1791256,-0.3019766776,153.6419818,266.4950595,266.4950595,154.1791256,0.3019766776
0.01566980191,-0.01852164676,-537.139341,-117.5372639,-154.1806384,-0.3019108678,153.6434993,266.4926978,266.4926978,154.1806384,0.3019108678
0.01567003049,-0.0178377428,-537.1340548,-117.5691147,-154.1823618,-0.3018418784,153.645228,266.4900539,266.4900539,154.1823618,0.3018418784
0.01567029592,-0.01763211801,-537.1279163,-117.6052193,-154.1844047,-0.3017635288,153.6472771,266.4869836,266.4869836,154.1844047,0.3017635288
0.01567061702,-0.01758179937,-537.1204908,-117.6485986,-154.1869368,-0.3016693421,153.6498166,266.4832696,266.4832696,154.1869368,0.3016693421
0.01567102525,-0.01757331655,-537.1110503,-117.703669,-154.1902525,-0.3015497577,153.6531418,266.4785478,266.4785478,154.1902525,0.3015497577
0.01567158086,-0.01757329338,-537.0982019,-117.7786076,-154.1949389,-0.3013870275,153.657841,266.4721213,266.4721213,154.1949389,0.3013870275
0.015672419,-0.01757474088,-537.0788209,-117.8916591,-154.2023867,-0.3011415363,153.6653082,266.4624272,266.4624272,154.2023867,0.3011415363
0.01567392544,-0.01757742503,-537.0439884,-118.0948798,-154.2169169,-0.3007002481,153.6798732,266.4450039,266.4450039,154.2169169,0.3007002481
0.01567797401,-0.01758462001,-536.950391,-118.6412082,-154.2632384,-0.2995139488,153.7262883,266.3981826,266.3981826,154.2632384,0.2995139488
0.01569428196,-0.0176133137,-536.5736494,-120.8443903,-154.5566016,-0.2947305541,154.0200283,266.2096673,266.2096673,154.5566016,0.2947305541
0.01573676379,-0.01768588741,-535.5954203,-126.6028251,-156.1118733,-0.2822339117,155.5762782,265.7197809,265.7197809,156.1118733,0.2822339117
0.01581031414,-0.01780408137,-533.9203215,-136.6393659,-161.417226,-0.260480446,160.8833059,264.8795889,264.8795889,161.417226,0.260480446
0.01591200909,-0.01795183339,-531.6681459,-150.6591637,-173.8837477,-0.2301762363,173.3520798,263.7472818,263.7472818,173.8837477,0.2301762363
0.01604545048,-0.01811789405,-528.8833298,-169.3124254,-198.416334,-0.1900604016,197.8874509,262.3426261,262.3426261,198.416334,0.1900604016
0.01621659907,-0.01828424348,-525.7056045,-193.6673881,-241.4531919,-0.1381297626,240.9274864,260.7322694,260.7322694,241.4531919,0.1381297626
0.01643226967,-0.01841856707,-522.5142667,-225.0323618,-309.8008923,-0.0721401925,309.2783781,259.1024581,259.1024581,309.8008923,0.0721401925
0.01670486163,-0.01846737944,-520.0243306,-265.658383,-409.2664397,0.01170117002,408.7464154,257.807798,257.807798,409.2664397,-0.01170117002
0.01707537255,-0.01831681436,-519.5908824,-322.2252709,-545.0778276,0.1254040923,544.5582366,257.5232248,257.5232248,545.0778276,-0.1254040923
0.01747283655,-0.01787983904,-522.4582217,-383.6264084,-656.6573328,0.2454504846,656.1348744,258.9011661,258.9011661,656.6573328,-0.2454504846
0.01787712625,-0.01714979112,-527.4171015,-445.1743578,-695.9309902,0.3636266541,695.4035727,261.3610308,261.3610308,695.9309902,-0.3636266541
0.0182957523,-0.01610289688,-532.0657406,-505.6199206,-624.0730245,0.4797971617,623.5409583,263.7213397,263.7213397,624.0730245,-0.4797971617
0.01849604781,-0.01551906509,-533.1083978,-532.5673216,-542.1419018,0.5325673216,541.6087929,264.2836608,264.2836608,542.1419018,-0.5325673216
0.01849604781,-0.01551906509,-533.1083978,-532.5673216,-542.1419018,0.5325673216,541.6087929,264.2836608,264.2836608,542.1419018,-0.5325673216
0.01892142141,-35.46856414,-530.8460547,-530.7789762,-321.6692121,127.2953341,321.1382387,263.3261058,263.3261058,321.6692121,-127.2953341
0.01907535743,-47.86625081,-528.3635781,-528.5972995,-234.7783893,234.2500257,234.2497914,262.181789,262.181789,234.7783893,-234.2500257
0.01907535743,-47.86625081,-528.3635781,-528.5972995,-234.7783893,234.2500257,234.2497914,262.181789,262.181789,234.7783893,-234.2500257
0.01907558536,-18.23036259,-439.39696,-528.5933596,-234.7144247,234.3639903,234.185831,262.1797621,262.1797621,234.7144247,-234.3639903
0.01907576065,-10.99408825,-417.6427524,-528.5902831,-234.7119197,234.4049906,234.1833291,262.1782034,262.1782034,234.7119197,-234.4049906
0.01907595672,-8.085087199,-408.8649735,-528.5868267,-234.7246931,234.4353161,234.196106,262.17646,262.17646,234.7246931,-234.4353161
0.01907615279,-7.110773936,-405.8912554,-528.5833648,-234.7432925,234.4598594,234.2147088,262.1747168,262.1747168,234.7432925,-234.4598594
0.01907637012,-6.769491811,-404.8111276,-528.5795258,-234.7661497,234.484873,234.2375699,262.1727847,262.1727847,234.7661497,-234.484873
0.01907661335,-6.667588059,-404.4424297,-528.5752287,-234.7926037,234.5120601,234.2640282,262.1706226,262.1706226,234.7926037,-234.5120601
0.01907690077,-6.646707447,-404.3053644,-528.5701513,-234.8242057,234.5439311,234.2956353,262.168068,262.168068,234.8242057,-234.5439311
0.01907725326,-6.652057076,-404.2301477,-528.563925,-234.8631204,234.58299,234.3345562,262.1649353,262.1649353,234.8631204,-234.58299
0.01907771248,-6.666733519,-404.1552949,-528.5558151,-234.9139463,234.6339574,234.3853902,262.1608549,262.1608549,234.9139463,-234.6339574
0.01907835943,-6.688744659,-404.0538773,-528.5443928,-234.9857574,234.7059599,234.4572128,262.1551077,262.1551077,234.9857574,-234.7059599
0.01907939417,-6.724053526,-403.8920539,-528.5261307,-235.101108,234.8216157,234.5725816,262.1459188,262.1459188,235.101108,-234.8216157
0.01908147405,-6.794930416,-403.5667605,-528.489449,-235.3348102,235.0559316,234.8063205,262.1274608,262.1274608,235.3348102,-235.0559316
0.01908811015,-7.020171123,-402.5285856,-528.3726479,-236.096851,235.8199312,235.5684781,262.0686782,262.0686782,236.096851,-235.8199312
0.01911866171,-8.039304212,-397.7435945,-527.8398281,-239.9231547,239.6552682,239.3953146,261.8003503,261.8003503,239.9231547,-239.6552682
0.01927737426,-12.84268003,-372.7751305,-525.236288,-267.6798121,267.4592312,267.1545756,260.484677,260.484677,267.6798121,-267.4592312
0.01954154012,-18.86708957,-331.0617245,-521.7744115,-338.3464167,338.2057299,337.8246421,258.7183637,258.7183637,338.3464167,-338.2057299
0.0198570657,-22.55012499,-281.5870639,-519.5850382,-448.8833929,448.8393555,448.3638079,257.5683592,257.5683592,448.8833929,-448.8393555
0.02025405722,-21.48496015,-220.8372899,-520.3356314,-597.9548447,598.0329083,597.4345092,257.8690594,257.8690594,597.9548447,-598.0329083
0.020716473,-12.48711074,-153.1828198,-525.7263674,-733.8228012,734.0414284,733.297075,260.4964259,260.4964259,733.8228012,-734.0414284
0.02124778664,6.51958207,-80.01504545,-535.0664175,-765.9371272,766.3113978,765.4020612,265.1503206,265.1503206,765.9371272,-766.3113978
0.02179424043,32.2477784,-9.021507904,-542.091089,-592.2941256,592.8175814,591.752035,268.7494067,268.7494067,592.2941256,-592.8175814
0.02186539181,35.8142282,3.501242614e-11,-542.3891801,-551.9219414,552.4637786,551.3795527,268.9186294,268.9186294,551.9219414,-552.4637786
0.02186539181,35.8142282,3.501242614e-11,-542.3891801,-551.9219414,552.4637786,551.3795527,268.9186294,268.9186294,551.9219414,-552.4637786
0.02240909231,40.80975532,204.9762961,-537.7449615,-0.5375394476,206.05158,3.078168155e-12,266.7697238,266.7697238,0.5375394476,-206.05158
0.02240909231,40.80975532,204.9762961,-537.7449615,-0.5375394476,206.05158,3.078168155e-12,266.7697238,266.7697238,0.5375394476,-206.05158
0.02240909231,40.80975532,204.9762961,-537.7449615,-0.5375394476,206.05158,3.078168155e-12,266.7697238,266.7697238,0.5375394476,-206.05158
0.02240909231,40.80975532,204.9762961,-537.7449615,-0.5375394476,206.05158,3.078168155e-12,266.7697238,266.7697238,0.5375394476,-206.05158
0.02240927752,13.28074593,205.0651653,-537.7412359,-0.3723501102,205.9752563,-82.59284409,266.7678992,266.7678992,0.3723501102,-205.9752563
0.02240946273,3.437966692,205.1009961,-537.7375635,-0.3132780407,205.9520114,-112.1270543,266.7660746,266.7660746,0.3132780407,-205.9520114
0.02240964793,-0.08393544026,205.1178844,-537.7339102,-0.2921311892,205.9477492,-122.6986555,266.7642501,266.7642501,0.2921311892,-205.9477492
0.02240983314,-1.346820571,205.1280158,-537.7302637,-0.2845384193,205.9502842,-126.4932159,266.7624256,266.7624256,0.2845384193,-205.9502842
0.02241001835,-1.802355665,205.1357454,-537.7266198,-0.2817897379,205.9552615,-127.8657322,266.7606011,266.7606011,0.2817897379,-205.9552615
0.0224102263,-1.980745872,205.1434489,-537.7225295,-0.280702016,205.9618731,-128.4075447,266.7585527,266.7585527,0.280702016,-205.9618731
0.0224104554,-2.045440899,205.1515696,-537.7180238,-0.2802946869,205.969582,-128.6089525,266.756296,266.756296,0.2802946869,-205.969582
0.02241072312,-2.07191833,205.1609511,-537.7127588,-0.28011342,205.978777,-128.6969489,266.7536589,266.7536589,0.28011342,-205.978777
0.02241104476,-2.087386029,205.1722287,-537.7064338,-0.2799936805,205.9899285,-128.7536505,266.7504908,266.7504908,0.2799936805,-205.9899285
0.02241145359,-2.102522617,205.1866374,-537.6983946,-0.2798685971,206.0042041,-128.8121655,266.746464,266.746464,0.2798685971,-206.0042041
0.02241200844,-2.122125368,205.2063465,-537.6874848,-0.2797044253,206.0237382,-128.8887867,266.7409994,266.7409994,0.2797044253,-206.0237382
0.02241284478,-2.1515364,205.236395,-537.6710421,-0.2794576703,206.0535234,-129.003928,266.7327631,266.7327631,0.2794576703,-206.0535234
0.02241434626,-2.204280964,205.291369,-537.6415279,-0.2790146642,206.108025,-129.2106466,266.7179787,266.7179787,0.2790146642,-206.108025
0.02241837788,-2.345586438,205.4455018,-537.5623134,-0.277824842,206.2608887,-129.765874,266.678295,266.678295,0.277824842,-206.2608887
0.02243426158,-2.897752261,206.144696,-537.2507562,-0.2731328853,206.9550793,-131.9557266,266.5221692,266.5221692,0.2731328853,-206.9550793
0.02251586607,-5.617410276,211.9836426,-535.6684814,-0.2489226907,212.7682336,-143.2667791,265.7281244,265.7281244,0.2489226907,-212.7682336
0.02271348982,-11.3382263,240.3182686,-532.0590978,-0.1896458861,241.0399734,-171.0863519,263.909295,263.909295,0.1896458861,-241.0399734
0.02299621743,-17.18395797,308.7394799,-527.8208572,-0.1036294192,309.37093,-211.9412974,261.756007,261.756007,0.1036294192,-309.37093
0.02333988835,-20.24796291,418.2306759,-524.7516003,0.00196230298,418.7534652,-263.1478373,260.1666858,260.1666858,-0.00196230298,-418.7534652
0.02376340266,-17.70239378,556.378205,-524.5505758,0.1319230544,556.7708327,-327.958692,259.9971648,259.9971648,-0.1319230544,-556.7708327
0.02425649062,-6.4607186,661.4825851,-528.4609973,0.2801387335,661.7309076,-403.9692642,261.8998974,261.8998974,-0.2801387335,-661.7309076
0.02480725905,14.43699724,630.4757359,-534.343166,0.437601976,630.5724775,-485.6575519,264.8565639,264.8565639,-0.437601976,-630.5724775
0.02517364679,31.31998122,491.6036216,-535.8798465,0.5353887783,491.6041132,-535.3887783,265.6943892,265.6943892,-0.5353887783,-491.6041132
0.02517364679,31.31998122,491.6036216,-535.8798465,0.5353887783,491.6041132,-535.3887783,265.6943892,265.6943892,-0.5353887783,-491.6041132
0.0257050815,79.49208971,199.9539465,-529.9817361,199.9541465,0.529981736,-530.1811601,262.9908681,262.9908681,-199.9541465,-0.529981736
0.0257050815,79.49208971,199.9539465,-529.9817361,199.9541465,0.529981736,-530.1811601,262.9908681,262.9908681,-199.9541465,-0.529981736
0.02570528856,25.17434985,199.8891733,-448.4727053,200.0523829,0.3669678306,-530.1771021,262.98879,262.98879,-200.0523829,-0.3669678306
0.02570541201,12.68803058,199.8804153,-429.7238657,200.0811176,0.3294726295,-530.1746529,262.987551,262.987551,-200.0811176,-0.3294726295
0.02570557156,5.23974613,199.8821431,-418.526405,200.105234,0.3070809104,-530.1714748,262.9859499,262.9859499,-200.105234,-0.3070809104
0.0257057311,2.169930737,199.8904541,-413.8966411,200.1227981,0.2978245845,-530.1682902,262.9843488,262.9843488,-200.1227981,-0.2978245845
0.02570589065,0.9047043737,199.9014874,-411.9737576,200.1376707,0.2939820197,-530.1651031,262.9827478,262.9827478,-200.1376707,-0.2939820197
0.02570605019,0.3832406204,199.9136517,-411.1665167,200.1514432,0.2923707397,-530.161915,262.9811469,262.9811469,-200.1514432,-0.2923707397
0.02570620974,0.1683191377,199.9262913,-410.8190884,200.1647712,0.2916790848,-530.1587266,262.979546,262.979546,-200.1647712,-0.2916790848
0.02570636945,0.07968189585,199.9391493,-410.6610599,200.1779389,0.2913662327,-530.1555349,262.9779435,262.9779435,-200.1779389,-0.2913662327
0.02570653083,0.04294846393,199.9522363,-410.5806251,200.1911803,0.2912086013,-530.1523099,262.9763244,262.9763244,-200.1911803,-0.2912086013
0.02570669622,0.02773486739,199.9656985,-410.5318404,200.2047334,0.2911143505,-530.149005,262.9746652,262.9746652,-200.2047334,-0.2911143505
0.02570686984,0.02148485185,199.979863,-410.4952087,200.2189642,0.2910445705,-530.1455357,262.9729235,262.9729235,-200.2189642,-0.2910445705
0.02570705765,0.01899152213,199.9952128,-410.4619826,200.234373,0.2909818864,-530.141783,262.9710394,262.9710394,-200.234373,-0.2909818864
0.02570726741,0.01805867597,200.0123841,-410.4276516,200.2516045,0.2909174326,-530.137592,262.9689353,262.9689353,-200.2516045,-0.2909174326
0.02570750942,0.01774647405,200.0322292,-410.3891885,200.2715169,0.2908453613,-530.1327571,262.9665078,262.9665078,-200.2715169,-0.2908453613
0.0257077986,0.01765885374,200.0559902,-410.3436542,200.2953574,0.2907600936,-530.1269801,262.9636074,262.9636074,-200.2953574,-0.2907600936
0.02570815936,0.01764034589,200.0857035,-410.2869841,200.3251696,0.2906539894,-530.1197739,262.9599894,262.9599894,-200.3251696,-0.2906539894
0.02570863578,0.01763839803,200.1250625,-410.2121792,200.3646591,0.2905139341,-530.1102588,262.9552121,262.9552121,-200.3646591,-0.2905139341
0.02570932124,0.01763936942,200.1819333,-410.1045505,200.4217177,0.2903124216,-530.096571,262.9483397,262.9483397,-200.4217177,-0.2903124216
0.02571043786,0.01764128281,200.2751839,-409.9292119,200.5152743,0.2899841294,-530.0742796,262.9371472,262.9371472,-200.5152743,-0.2899841294
0.02571251369,0.01764484505,200.45054,-409.6032139,200.6911994,0.2893737289,-530.0328599,262.9163494,262.9163494,-200.6911994,-0.2893737289
0.02571675486,0.01765209662,200.8168842,-408.9370072,201.0587066,0.288126224,-529.948319,262.8738951,262.8738951,-201.0587066,-0.288126224
0.0257268471,0.01766922352,201.7320049,-407.3509008,201.9765972,0.285155629,-529.7476194,262.7730863,262.7730863,-201.9765972,-0.285155629
0.02574051681,0.01769214811,203.068143,-405.200784,203.3164928,0.2811274583,-529.4768968,262.6370549,262.6370549,-203.3164928,-0.2811274583
0.02576571417,0.0177335407,205.8182966,-401.2324119,206.0735897,0.2736888054,-528.9815631,262.3880092,262.3880092,-206.0735897,-0.2736888054
0.02581811285,0.01781605771,212.6977389,-392.9611215,212.9675429,0.258165519,-527.9691635,261.878362,261.878362,-212.9675429,-0.258165519
0.0259020781,0.01793821003,226.8243517,-379.6638325,227.1176133,0.2331464357,-526.4078204,261.0906146,261.0906146,-227.1176133,-0.2331464357
0.02601342913,0.01808093885,250.9518186,-361.9763152,251.2765823,0.1997199485,-524.483434,260.116341,260.116341,-251.2765823,-0.1997199485
0.02616004121,0.01823509801,290.8355298,-338.6601863,291.2024563,0.1553423511,-522.2687017,258.9890108,258.9890108,-291.2024563,-0.1553423511
0.02634725645,0.01837568627,352.3061605,-308.9692686,352.7280345,0.09820839815,-520.0823469,257.8650695,257.8650695,-352.7280345,-0.09820839815
0.02658478102,0.01846255815,441.0580136,-271.6642626,441.5512673,0.0252579632,-518.5115948,257.035281,257.035281,-441.5512673,-0.0252579632
0.02689425774,0.0184215877,560.7854265,-224.070175,561.3740081,-0.06994024524,-518.6414506,257.0402976,257.0402976,-561.3740081,0.06994024524
0.02731732727,0.01808444266,698.2133388,-161.4987739,698.9347042,-0.1988348194,-522.5307794,258.9161836,258.9161836,-698.9347042,0.1988348194
0.02774039679,0.01742830103,762.1455346,-102.153811,762.9990485,-0.3242220667,-529.2921585,262.2648444,262.2648444,-762.9990485,0.3242220667
0.02817498452,0.01643435966,710.1526794,-44.31731936,711.1361202,-0.4470480323,-536.3932708,265.8413355,265.8413355,-711.1361202,0.4470480323
0.02852110275,0.01540602447,564.2141341,-2.234421014e-11,565.2927469,-0.5390243026,-539.5890557,267.5121513,267.5121513,-565.2927469,0.5390243026
0.02852110275,0.01540602447,564.2141341,-2.234421014e-11,565.2927469,-0.5390243026,-539.5890557,267.5121513,267.5121513,-565.2927469,0.5390243026
0.02852110275,0.01540603197,564.214134,-5.616082667e-16,565.2927468,-0.5390243026,-539.5890557,267.5121513,267.5121513,-565.2927468,0.5390243026
0.02852110275,0.01540603197,564.214134,-5.616082667e-16,565.2927468,-0.5390243026,-539.5890557,267.5121513,267.5121513,-565.2927468,0.5390243026
0.02896106417,36.38203482,166.5541836,134.3494026,301.9780999,-134.8866433,-537.4078221,266.5531907,266.5531907,-301.9780999,134.8866433
0.02908571004,46.40033739,-6.118603527e-11,220.3621557,221.4326057,-220.8974909,-535.3357323,265.5574175,265.5574175,-221.4326057,220.8974909
0.02908571004,46.40033739,-6.118603527e-11,220.3621557,221.4326057,-220.8974909,-535.3357323,265.5574175,265.5574175,-221.4326057,220.8974909
0.02908589753,18.63623804,-83.33751574,220.4563736,221.3601417,-220.9917054,-535.332158,265.5556666,265.5556666,-221.3601417,220.9917054
0.02908601994,11.16826312,-105.7709933,220.4859218,221.3448184,-221.0212513,-535.3298564,265.5545235,265.5545235,-221.3448184,221.0212513
0.02908618201,6.620016403,-119.4548752,220.5090386,221.3405614,-221.0443651,-535.3268253,265.55301,265.55301,-221.3405614,221.0443651
0.02908634408,4.774867652,-125.0294695,220.5240612,221.3444288,-221.0593847,-535.3238024,265.5514967,265.5514967,-221.3444288,221.0593847
0.02908651717,3.998068707,-127.4016794,220.5365409,221.3521576,-221.0718612,-535.3205776,265.5498804,265.5498804,-221.3521576,221.0718612
0.02908670347,3.692173961,-128.3643635,220.5484009,221.3620852,-221.0837177,-535.3171086,265.5481409,265.5481409,-221.3620852,221.0837177
0.02908691249,3.581172332,-128.7478574,220.5610351,221.3739447,-221.096348,-535.3132172,265.5461893,265.5461893,-221.3739447,221.096348
0.0290871534,3.549718832,-128.9004042,220.5753381,221.3879336,-221.1106465,-535.3087328,265.5439401,265.5439401,-221.3879336,221.1106465
0.02908744172,3.548357469,-128.9741201,220.5923908,221.4048281,-221.1276939,-535.3033663,265.5412484,265.5412484,-221.4048281,221.1276939
0.02908780132,3.558265901,-129.0312334,220.6136914,221.4260011,-221.1489878,-535.2966736,265.5378915,265.5378915,-221.4260011,221.1489878
0.02908827652,3.574247573,-129.0980265,220.641944,221.4541024,-221.1772315,-535.2878305,265.5334558,265.5334558,-221.4541024,221.1772315
0.02908895853,3.597661557,-129.1924336,220.6827181,221.4946623,-221.2179929,-535.2751402,265.5270904,265.5270904,-221.4946623,221.2179929
0.02909007904,3.636142941,-129.3474223,220.750285,221.5618774,-221.285539,-535.2542957,265.5166345,265.5166345,-221.5618774,221.285539
0.02909245349,3.717567615,-129.6759178,220.895838,221.706685,-221.4310478,-535.2101435,265.494486,265.494486,-221.706685,221.4310478
0.02910073511,4.000261525,-130.82234,221.4286498,222.2368958,-221.9637059,-535.0563593,265.4173288,265.4173288,-222.2368958,221.9637059
0.02913323957,5.090075206,-135.332349,223.8929815,224.691005,-224.4274376,-534.4562892,265.1160663,265.1160663,-224.691005,224.4274376
0.02929106863,9.915082755,-157.4708438,243.8047411,244.5528702,-244.3363984,-531.6575114,263.7067451,263.7067451,-244.5528702,244.3363984
0.02955108672,16.03433335,-194.8194158,300.8952988,301.5607945,-301.4230165,-527.7178558,261.7084114,261.7084114,-301.5607945,301.4230165
0.02986234719,20.08021178,-240.9044518,396.1753266,396.7423582,-396.6999449,-524.6184095,260.1110959,260.1110959,-396.7423582,396.6999449
0.03025358789,19.8073049,-300.577824,529.4917305,529.9375765,-530.0154961,-523.7655287,259.6180575,259.6180575,-529.9375765,530.0154961
0.030709461,12.11452863,-371.3467117,655.5719111,655.8822146,-656.0987374,-526.826055,261.0853498,261.0853498,-655.8822146,656.0987374
0.03123416766,-5.161713302,-451.522982,691.6685573,691.831509,-692.201902,-533.3443104,264.3265061,264.3265061,-691.831509,692.201902
0.03177968451,-29.48254836,-528.5589826,537.4856838,537.5040136,-538.0236764,-537.9920643,266.7275492,266.7275492,-537.5040136,538.0236764
0.03184867116,-32.79768694,-537.5416112,501.684048,501.6845497,-502.2220913,-538.0427577,266.7708056,266.7708056,-501.6845497,502.2220913
0.03184867116,-32.79768694,-537.5416112,501.684048,501.6845497,-502.2220913,-538.0427577,266.7708056,266.7708056,-501.6845497,502.2220913
0.03237741844,-36.57110971,-532.4936613,197.3098326,0.5322968837,-197.8423268,-532.2968838,264.1484419,264.1484419,-0.5322968837,197.8423268
0.03237741844,-36.57110971,-532.4936613,197.3098326,0.5322968837,-197.8423268,-532.2968838,264.1484419,264.1484419,-0.5322968837,197.8423268
0.03237762384,-9.069432635,-532.4895978,197.2404776,0.3672713805,-197.7729676,-449.7820525,264.1463623,264.1463623,-0.3672713805,197.7729676
0.03237776014,-2.210458656,-532.4868671,197.2286412,0.3261072169,-197.7611284,-429.1985907,264.1449823,264.1449823,-0.3261072169,197.7611284
0.03237791819,1.332556447,-532.4836876,197.2281613,0.3048371286,-197.7606453,-418.5619464,264.1433821,264.1433821,-0.3048371286,197.7606453
0.03237807625,2.808327821,-532.480502,197.2338983,0.2959704852,-197.7663791,-414.1270247,264.141782,264.141782,-0.2959704852,197.7663791
0.0323782495,3.460722623,-532.4770073,197.2431004,0.292042934,-197.7755777,-412.1614951,264.1400281,264.1400281,-0.292042934,197.7755777
0.03237844035,3.728615891,-532.4731565,197.2546102,0.2904210434,-197.7870837,-411.3486179,264.1380962,264.1380962,-0.2904210434,197.7870837
0.03237865728,3.833341363,-532.4687791,197.2683191,0.2897761635,-197.8007882,-411.023982,264.1359003,264.1359003,-0.2897761635,197.8007882
0.03237891035,3.873806753,-532.4636726,197.2845925,0.2895140787,-197.8170565,-410.8903781,264.1333388,264.1333388,-0.2895140787,197.8170565
0.03237921668,3.893231264,-532.4574915,197.3044318,0.2893741604,-197.8368896,-410.8173184,264.1302382,264.1302382,-0.2893741604,197.8368896
0.03237960439,3.908937711,-532.449669,197.32965,0.2892503136,-197.8620999,-410.7514711,264.1263143,264.1263143,-0.2892503136,197.8620999
0.03238012715,3.928103029,-532.4391231,197.3638013,0.2890953525,-197.8962407,-410.6687004,264.1210242,264.1210242,-0.2890953525,197.8962407
0.03238090184,3.956200578,-532.4234972,197.4147161,0.2888674321,-197.9471399,-410.5469017,264.1131857,264.1131857,-0.2888674321,197.9471399
0.03238224754,4.0049465,-532.3963608,197.5040214,0.2884715932,-198.036418,-410.3353692,264.0995726,264.0995726,-0.2884715932,198.036418
0.03238549465,4.122347038,-532.3309202,197.7240066,0.287516247,-198.2563378,-409.8248653,264.0667419,264.0667419,-0.287516247,198.2563378
0.03239700301,4.535919061,-532.0994371,198.5546541,0.2841279218,-199.0867538,-408.0145442,263.9505833,263.9505833,-0.2841279218,199.0867538
0.03245474758,6.550740523,-530.9504312,203.898903,0.2670714087,-204.4298537,-398.909104,263.3733997,263.3733997,-0.2670714087,204.4298537
0.0326312665,12.05128304,-527.6295426,231.5162446,0.2144105312,-232.0438743,-370.904386,261.6991204,261.6991204,-0.2144105312,232.0438743
0.0329032654,18.40159333,-523.4070225,301.5661278,0.1320324313,-302.089535,-327.5690098,259.5527942,259.5527942,-0.1320324313,302.089535
0.03322738398,22.27862991,-520.3830612,413.3160708,0.03266179807,-413.8364539,-276.3157879,257.9848889,257.9848889,-0.03266179807,413.8364539
0.033636459,21.14995032,-520.2388678,565.1927947,-0.0931094935,-565.7130334,-213.2820442,257.8367909,257.8367909,0.0931094935,565.7130334
0.03411339288,11.63938041,-524.786187,701.0435198,-0.2376615238,-701.5683058,-143.211691,260.0424529,260.0424529,0.2376615238,701.5683058
0.03465905952,-8.226795664,-533.0417596,722.6851244,-0.3963275594,-723.2181658,-67.99555939,264.1593391,264.1593391,0.3963275594,723.2181658
0.03518226741,-32.90442701,-538.1556331,545.8272498,-0.5376092682,-546.3654048,-5.055864003e-11,266.8046341,266.8046341,0.5376092682,546.3654048
0.03518226741,-32.90442701,-538.1556331,545.8272498,-0.5376092682,-546.3654048,-5.055864003e-11,266.8046341,266.8046341,0.5376092682,546.3654048
0.03518226741,-32.90442703,-538.1556331,545.8272496,-0.5376092683,-546.3654047,-1.493417317e-15,266.8046341,266.8046341,0.5376092683,546.3654047
0.03518226741,-32.90442703,-538.1556331,545.8272496,-0.5376092683,-546.3654047,-1.493417317e-15,266.8046341,266.8046341,0.5376092683,546.3654047
0.03572942996,-83.08248148,-533.7650401,16.37428476,-208.69939,-16.9078411,208.1656419,264.7699833,264.7699833,208.69939,16.9078411
0.03574117991,-84.147417,-533.5384916,5.71749172e-12,-217.6482035,-0.5333208436,217.1146656,264.6604218,264.6604218,217.6482035,0.5333208436
0.03574117991,-84.147417,-533.5384916,5.71749172e-12,-217.6482035,-0.5333208436,217.1146656,264.6604218,264.6604218,217.6482035,0.5333208436
0.03574117991,-84.147417,-533.5384916,5.71749172e-12,-217.6482035,-0.5333208436,217.1146656,264.6604218,264.6604218,217.6482035,0.5333208436
0.03574117991,-84.147417,-533.5384916,5.71749172e-12,-217.6482035,-0.5333208436,217.1146656,264.6604218,264.6604218,217.6482035,0.5333208436
0.03574136867,-29.49690013,-533.5348561,-82.00174258,-217.7430964,-0.3693137921,217.2095619,264.6586386,264.6586386,217.7430964,0.3693137921
0.03574155743,-10.3472609,-533.531274,-110.7522225,-217.7847588,-0.3118092659,217.2512278,264.6568555,264.6568555,217.7847588,0.3118092659
0.03574174619,-3.637193062,-533.5277107,-120.8433646,-217.8077824,-0.2916234156,217.274255,264.6550724,264.6550724,217.8077824,0.2916234156
0.03574193496,-1.285973423,-533.5241542,-124.3962416,-217.8242885,-0.2845140958,217.2907647,264.6532895,264.6532895,217.8242885,0.2845140958
0.03574212372,-0.4621020345,-533.5206002,-125.658099,-217.8385243,-0.2819868152,217.305004,264.6515066,264.6515066,217.8385243,0.2819868152
0.03574231248,-0.1734162216,-533.5170471,-126.1171794,-217.851978,-0.2810650888,217.3184612,264.6497238,264.6497238,217.851978,0.2810650888
0.03574250124,-0.07226039706,-533.5134945,-126.2949657,-217.865171,-0.2807059508,217.3316578,264.6479411,264.6479411,217.865171,0.2807059508
0.03574269,-0.0368154178,-533.5099422,-126.3741864,-217.8782862,-0.2805439441,217.3447765,264.6461584,264.6461584,217.8782862,0.2805439441
0.03574287876,-0.02439563692,-533.5063901,-126.4188699,-217.8913875,-0.2804510119,217.3578814,264.6443759,264.6443759,217.8913875,0.2804510119
0.03574307539,-0.01994354578,-533.5026901,-126.4526884,-217.9050441,-0.2803796614,217.3715417,264.6425191,264.6425191,217.9050441,0.2803796614
0.03574328854,-0.0183844138,-533.4986797,-126.4844475,-217.919868,-0.280312118,217.3863696,264.6405065,264.6405065,217.919868,0.280312118
0.03574352896,-0.01787799541,-533.4941562,-126.5183939,-217.936619,-0.2802396852,217.4031251,264.6382364,264.6382364,217.936619,0.2802396852
0.0357438108,-0.0177354034,-533.4888538,-126.5575134,-217.9562979,-0.2801561242,217.4228093,264.6355754,264.6355754,217.9562979,0.2801561242
0.03574415598,-0.01770374593,-533.4823604,-126.6052112,-217.9804617,-0.280054211,217.4469796,264.6323167,264.6323167,217.9804617,0.280054211
0.03574460256,-0.01769939876,-533.4739607,-126.6668673,-218.0118254,-0.2799224678,217.4783518,264.6281012,264.6281012,218.0118254,0.2799224678
0.03574522655,-0.01769998303,-533.4622254,-126.7530148,-218.0558435,-0.2797383937,217.5223816,264.6222116,264.6222116,218.0558435,0.2797383937
0.03574620965,-0.01770159662,-533.4437409,-126.8887508,-218.1256506,-0.2794483676,217.5922071,264.6129346,264.6129346,218.1256506,0.2794483676
0.03574812885,-0.01770476939,-533.4076701,-127.1537801,-218.2635387,-0.2788821008,217.7301313,264.5948305,264.5948305,218.2635387,0.2788821008
0.03575456046,-0.01771535488,-533.2869366,-128.042378,-218.7411148,-0.2769836957,218.2078281,264.5342259,264.5342259,218.7411148,0.2769836957
0.03577994717,-0.0177564311,-532.8127543,-131.5563856,-220.8568407,-0.2694793895,220.3240282,264.2960804,264.2960804,220.8568407,0.2694793895
0.0358352289,-0.01784196692,-531.7956806,-139.2448921,-226.7045754,-0.2530794705,226.17278,263.7846274,263.7846274,226.7045754,0.2530794705
0.0359220149,-0.01796538345,-530.2540313,-151.4169026,-239.1353603,-0.2271813938,238.6051065,263.0075995,263.0075995,239.1353603,0.2271813938
0.03603587738,-0.01810703838,-528.365447,-167.5772832,-260.9380627,-0.1929502779,260.4096974,262.0524222,262.0524222,260.9380627,0.1929502779
0.03618593798,-0.01825831665,-526.1761417,-189.2059279,-297.8708003,-0.1474667938,297.3446243,260.9393248,260.9393248,297.8708003,0.1474667938
0.03637736875,-0.01839237609,-523.9955169,-217.3292654,-355.5188094,-0.08898190231,354.9948139,259.8202165,259.8202165,355.5188094,0.08898190231
0.0366208133,-0.01846676486,-522.3833105,-253.8876892,-439.3265352,-0.01416911376,438.8041519,258.9722461,258.9722461,439.3265352,0.01416911376
0.03694187352,-0.01839980819,-522.3947341,-303.1968551,-552.8069581,0.08455117614,552.2845633,258.9212671,258.9212671,552.8069581,-0.08455117614
0.03734689726,-0.01804884402,-525.5848922,-366.3273328,-669.6682074,0.2077387083,669.1426223,260.4579787,260.4579787,669.6682074,-0.2077387083
0.03775192101,-0.01740605328,-531.0437385,-428.9461546,-719.6668327,0.3275673789,719.1357886,263.1624651,263.1624651,719.6668327,-0.3275673789
0.03817267359,-0.0164404625,-536.6307274,-491.190788,-665.0768266,0.4464149423,664.5401955,265.9833168,265.9833168,665.0768266,-0.4464149423
0.03851811718,-0.01541551016,-538.776734,-538.2566387,-521.172278,0.5382566387,520.6335008,267.1283194,267.1283194,521.172278,-0.5382566387
0.03851811718,-0.01541551017,-538.776734,-538.2566387,-521.172278,0.5382566387,520.6335008,267.1283194,267.1283194,521.172278,-0.5382566387
0.03894600137,-35.81800857,-535.4679561,-535.4537124,-272.5954156,129.1758335,272.0598185,265.662536,265.662536,272.5954156,-129.1758335
0.03905673813,-44.83090055,-533.3828856,-533.5859687,-204.1499943,203.6166114,203.6164078,264.6914428,264.6914428,204.1499943,-203.6166114
0.03905673813,-44.83090055,-533.3828856,-533.5859687,-204.1499943,203.6166114,203.6164078,264.6914428,264.6914428,204.1499943,-203.6166114
0.0390569539,-16.06233377,-447.0201988,-533.5817896,-204.0766646,203.7160028,203.5430825,264.6893036,264.6893036,204.0766646,-203.7160028
0.03905712134,-8.543874643,-424.420556,-533.5785022,-204.0641982,203.7487324,203.5306194,264.6876435,264.6876435,204.0641982,-203.7487324
0.03905730641,-5.402027465,-414.9460759,-533.5748534,-204.0659432,203.7694227,203.532368,264.6858088,264.6858088,204.0659432,-203.7694227
0.03905749148,-4.282560439,-411.5387329,-533.5711986,-204.0737757,203.7840662,203.5402043,264.6839741,264.6839741,204.0737757,-203.7840662
0.03905768934,-3.871500551,-410.25323,-533.5672892,-204.0845294,203.7973869,203.5509618,264.6820127,264.6820127,204.0845294,-203.7973869
0.03905790619,-3.732993489,-409.7803663,-533.5630038,-204.0972779,203.8110769,203.5637146,264.6798631,264.6798631,204.0972779,-203.8110769
0.03905815457,-3.695012919,-409.6007458,-533.558095,-204.1122771,203.8264305,203.5787188,264.6774011,264.6774011,204.1122771,-203.8264305
0.03905844931,-3.692861129,-409.5163612,-533.5522705,-204.1302519,203.8445681,203.5966993,264.6744797,264.6744797,204.1302519,-203.8445681
0.03905881589,-3.70330106,-409.4507677,-533.5450269,-204.152719,203.8671592,203.6191737,264.6708466,264.6708466,204.152719,-203.8671592
0.03905929937,-3.720205719,-409.3736772,-533.5354741,-204.1824831,203.8970678,203.6489473,264.6660553,264.6660553,204.1824831,-203.8970678
0.03905999419,-3.744996659,-409.2644095,-533.5217475,-204.2255032,203.9402927,203.6919811,264.6591704,264.6591704,204.2255032,-203.9402927
0.03906114075,-3.785917974,-409.0842183,-533.4991016,-204.2971213,204.0122485,203.7636219,264.6478114,264.6478114,204.2971213,-204.0122485
0.03906359932,-3.873535854,-408.697787,-533.4505634,-204.453325,204.1691764,203.9198742,264.6234638,264.6234638,204.453325,-204.1691764
0.03907149428,-4.153689035,-407.4563949,-533.2949001,-204.9791402,204.6973181,204.445845,264.5453681,264.5453681,204.9791402,-204.6973181
0.0391076354,-5.412420033,-401.7646349,-532.5867377,-207.8515189,207.5803693,207.3189319,264.189845,264.189845,207.8515189,-207.5803693
0.03927648084,-10.75153595,-375.0192874,-529.4197423,-230.7591393,230.5382904,230.2297193,262.5948667,262.5948667,230.7591393,-230.5382904
0.03954090734,-17.15928457,-332.9030816,-525.2191194,-293.0995294,292.9586499,292.5743102,260.463343,260.463343,293.0995294,-292.9586499
0.03985226759,-21.3437829,-283.5659797,-522.0131502,-394.5380161,394.4925034,394.0160029,258.8095898,258.8095898,394.5380161,-394.4925034
0.04024582768,-21.12645205,-222.5766997,-521.2282339,-537.0943211,537.1698593,536.5730929,258.3457926,258.3457926,537.0943211,-537.1698593
0.04070266909,-13.31305425,-154.7608307,-524.6776509,-673.0064407,673.220924,672.4817633,260.0024773,260.0024773,673.0064407,-673.220924
0.04122977571,4.3598049,-81.07514416,-532.0092292,-718.0761271,718.4452681,717.5441183,263.645658,263.645658,718.0761271,-718.4452681
0.0417806042,29.41677438,-8.638148755,-537.7454712,-566.3502201,566.8701229,565.8124751,266.5895694,266.5895694,566.3502201,-566.8701229
0.04184810335,32.72663211,-3.129986327e-11,-537.9268515,-531.379979,531.9173744,530.8420526,266.697736,266.697736,531.379979,-531.9173744
0.04184810335,32.72663211,-3.129986327e-11,-537.9268515,-531.379979,531.9173744,530.8420526,266.697736,266.697736,531.379979,-531.9173744
0.04184810335,32.72663211,-1.601319029e-15,-537.9268515,-531.3799789,531.9173744,530.8420526,266.697736,266.697736,531.3799789,-531.9173744
0.04184810335,32.72663211,-1.601319029e-15,-537.9268515,-531.3799789,531.9173744,530.8420526,266.697736,266.697736,531.3799789,-531.9173744
0.04239792703,37.37699,211.009366,-532.9870402,-0.532775498,212.075128,4.113239585e-13,264.387749,264.387749,0.532775498,-212.075128
0.04239792703,37.37699,211.009366,-532.9870402,-0.532775498,212.075128,4.113239585e-13,264.387749,264.387749,0.532775498,-212.075128
0.04239792703,37.37699,211.009366,-532.9870402,-0.532775498,212.075128,4.113239585e-13,264.387749,264.387749,0.532775498,-212.075128
0.04239792703,37.37699,211.009366,-532.9870402,-0.532775498,212.075128,4.113239585e-13,264.387749,264.387749,0.532775498,-212.075128
0.04239811014,10.88387918,211.1014357,-532.983439,-0.3738018455,212.0082206,-79.48505911,264.3859819,264.3859819,0.3738018455,-212.0082206
0.04239829326,1.300833248,211.1427951,-532.9798886,-0.3162884739,211.9920631,-108.2399778,264.3842148,264.3842148,0.3162884739,-211.9920631
0.04239847638,-2.168164982,211.1658321,-532.9763568,-0.2954593449,211.9942675,-118.6527753,264.3824478,264.3824478,0.2954593449,-211.9942675
0.0423986595,-3.426551574,211.182257,-532.9728319,-0.2878938656,212.0031234,-122.433748,264.3806809,264.3806809,0.2878938656,-212.0031234
0.04239886334,-3.914274589,211.1978249,-532.9689108,-0.2849506384,212.0157441,-123.9033948,264.378714,264.378714,0.2849506384,-212.0157441
0.04239908521,-4.083963794,211.2137136,-532.9646445,-0.2839141087,212.030592,-124.419519,264.3765734,264.3765734,0.2839141087,-212.030592
0.0423993414,-4.143561879,211.2316875,-532.9597187,-0.2835352664,212.0481822,-124.6064685,264.3741017,264.3741017,0.2835352664,-212.0481822
0.04239964488,-4.167339986,211.252888,-532.9538845,-0.2833674039,212.0692091,-124.6874721,264.3711741,264.3711741,0.2833674039,-212.0692091
0.042400024,-4.183319974,211.2794081,-532.9465967,-0.2832400234,212.0955944,-124.7475053,264.367517,264.367517,0.2832400234,-212.0955944
0.04240052631,-4.201365843,211.3146661,-532.9369421,-0.2830899663,212.1306927,-124.817689,264.3626722,264.3626722,0.2830899663,-212.1306927
0.04240125597,-4.227094424,211.3661445,-532.9229201,-0.2828748101,212.1819419,-124.9182305,264.3556356,264.3556356,0.2828748101,-212.1819419
0.04240248321,-4.270296245,211.4534322,-532.8993425,-0.282513116,212.2688444,-125.0872453,264.3438033,264.3438033,0.282513116,-212.2688444
0.04240523593,-4.367035928,211.6524326,-532.8464865,-0.2817016757,212.4669805,-125.4664383,264.3172762,264.3172762,0.2817016757,-212.4669805
0.04241431235,-4.684410567,212.3399372,-532.6725044,-0.2790246697,213.1516341,-126.7176079,264.2299427,264.2299427,0.2790246697,-213.1516341
0.04245690275,-6.140456127,216.1985619,-531.8629509,-0.2664330809,216.9968576,-132.6067025,263.823243,263.823243,0.2664330809,-216.9968576
0.04261277469,-10.98080501,238.6574526,-529.0351093,-0.2199609178,239.4064485,-154.417657,262.3981159,262.3981159,0.2199609178,-239.4064485
0.04287392705,-17.22305595,301.0054017,-525.0385785,-0.1409750124,301.6714152,-191.8812099,260.3687161,260.3687161,0.1409750124,-301.6714152
0.04319158225,-21.36304941,404.9817509,-521.9750711,-0.04367356664,405.5473995,-238.9482395,258.7850228,258.7850228,0.04367356664,-405.5473995
0.04359150604,-20.87993822,549.4395103,-521.4980677,0.07932624299,549.8816822,-300.1374752,258.4743537,258.4743537,-0.07932624299,-549.8816822
0.04406100444,-12.40699135,685.1264987,-525.4512075,0.2219858536,685.4299643,-373.3760783,260.3831515,260.3831515,-0.2219858536,-685.4299643
0.04460022276,6.243699724,719.0961248,-533.2204842,0.3796979338,719.2496477,-456.0998508,264.2508839,264.2508839,-0.3796979338,-719.2496477
0.04514976507,31.57493,549.1936267,-538.6380612,0.5292172369,549.203048,-533.6533169,267.0446984,267.0446984,-0.5292172369,-549.203048
0.04518448235,33.28148687,530.4393138,-538.7090343,0.5381791331,530.4398442,-538.1791331,267.0895666,267.0895666,-0.5381791331,-530.4398442
0.04518448235,33.28148687,530.4393138,-538.7090343,0.5381791331,530.4398442,-538.1791331,267.0895666,267.0895666,-0.5381791331,-530.4398442
0.0457301184,83.12583962,208.3680767,-533.5163694,208.368285,0.5335163696,-533.724204,264.7581847,264.7581847,-208.368285,-0.5335163696
0.0457301184,83.12583962,208.3680767,-533.5163694,208.368285,0.5335163696,-533.724204,264.7581847,264.7581847,-208.368285,-0.5335163696
0.0457301184,83.12583962,208.3680767,-533.5163694,208.368285,0.5335163696,-533.724204,264.7581847,264.7581847,-208.368285,-0.5335163696
0.0457301184,83.12583962,208.3680767,-533.5163694,208.368285,0.5335163696,-533.724204,264.7581847,264.7581847,-208.368285,-0.5335163696
0.04573033098,25.52888782,208.2948544,-447.0876417,208.4679119,0.360663062,-533.7201555,264.7561107,264.7561107,-208.4679119,-0.360663062
0.04573054357,7.848698739,208.2815339,-420.5339976,208.5076903,0.3075599217,-533.7160474,264.7540367,264.7540367,-208.5076903,-0.3075599217
0.04573075615,2.421517855,208.2866196,-412.3598469,208.529116,0.2912157679,-533.7119212,264.7519629,264.7519629,-208.529116,-0.2912157679
0.04573096874,0.7555690824,208.2973738,-409.8275381,208.5449266,0.2861552979,-533.7077895,264.7498892,264.7498892,-208.5449266,-0.2861552979
0.04573118132,0.2441830718,208.3098865,-409.0270713,208.5590319,0.2845585115,-533.7036563,264.7478155,264.7478155,-208.5590319,-0.2845585115
0.04573139391,0.08720623608,208.3229575,-408.7582171,208.5726324,0.2840249503,-533.6995228,264.7457419,264.7457419,-208.5726324,-0.2840249503
0.04573160649,0.0390202501,208.3362184,-408.6525485,208.5860963,0.2838177601,-533.6953894,264.7436685,264.7436685,-208.5860963,-0.2838177601
0.04573181908,0.02422913593,208.3495561,-408.5969717,208.5995369,0.2837107531,-533.6912561,264.7415951,264.7415951,-208.5995369,-0.2837107531
0.04573203314,0.01967259845,208.363029,-408.5565139,208.6130823,0.283634013,-533.6870942,264.7395074,264.7395074,-208.6130823,-0.283634013
0.04573226459,0.01822969841,208.377632,-408.5179944,208.6277534,0.2835614884,-533.6825945,264.7372502,264.7372502,-208.6277534,-0.2835614884
0.04573252419,0.01780912647,208.3940504,-408.4765866,208.6442445,0.2834837359,-533.677548,264.7347187,264.7347187,-208.6442445,-0.2834837359
0.04573283005,0.01770312883,208.4134458,-408.4283839,208.6637243,0.2833932952,-533.6716026,264.7317363,264.7317363,-208.6637243,-0.2833932952
0.04573320778,0.01768285446,208.4374752,-408.3690183,208.6878578,0.2832819301,-533.6642607,264.7280532,264.7280532,-208.6878578,-0.2832819301
0.04573370501,0.01768095051,208.4692345,-408.2909072,208.719754,0.2831354033,-533.6545973,264.7232056,264.7232056,-208.719754,-0.2831354033
0.0457344201,0.01768197,208.5151649,-408.1785717,208.7658812,0.2829246738,-533.6407019,264.7162348,264.7162348,-208.7658812,-0.2829246738
0.04573563217,0.01768399582,208.5937047,-407.9881492,208.8447547,0.2825674547,-533.6171548,264.7044219,264.7044219,-208.8447547,-0.2825674547
0.04573869996,0.01768912045,208.7963506,-407.5061097,209.0482453,0.2816631445,-533.5575895,264.6745374,264.6745374,-209.0482453,-0.2816631445
0.04574514308,0.0176998343,209.23992,-406.4933515,209.4935899,0.279763019,-533.4326442,264.611842,264.611842,-209.4935899,-0.279763019
0.04575427014,0.01771487571,209.9097019,-405.057906,210.1658888,0.2770694136,-533.2560311,264.5231992,264.5231992,-210.1658888,-0.2770694136
0.04576752952,0.01773648363,210.9685749,-402.9709122,211.2284233,0.2731522163,-533.0003035,264.394804,264.394804,-211.2284233,-0.2731522163
0.04578716377,0.01776790136,212.721047,-399.8771022,212.9863278,0.2673430159,-532.6236422,264.2055942,264.2055942,-212.9863278,-0.2673430159
0.0458244112,0.0178256518,216.6383012,-393.9975307,216.9139233,0.2562948207,-531.9166227,263.8501204,263.8501204,-216.9139233,-0.2562948207
0.0458942741,0.01792738185,225.9968071,-382.9379571,226.2919512,0.2354788945,-530.6227811,263.1985099,263.1985099,-226.2919512,-0.2354788945
0.04599442722,0.01805814366,243.6724385,-367.0302168,243.9958575,0.20544256,-528.8613407,262.3089369,262.3089369,-243.9958575,-0.20544256
0.04612600049,0.01820274232,273.6566903,-346.0834714,274.0177731,0.1656788678,-526.761566,261.2440375,261.2440375,-274.0177731,-0.1656788678
0.04629664178,0.01834392919,321.9295125,-318.9329433,322.340307,0.113696653,-524.4910494,260.0846168,260.0846168,-322.340307,-0.113696653
0.04651387511,0.01844737313,394.1511111,-284.5793187,394.6265273,0.04706830527,-522.4844361,259.045166,259.045166,-394.6265273,-0.04706830527
0.04679385575,0.01845399842,494.9103211,-240.9760636,495.4709371,-0.03908450133,-521.5315779,258.5183143,258.5183143,-495.4709371,0.03908450133
0.04721396023,0.01819658702,632.5517401,-177.6516298,633.2428358,-0.1675799411,-523.51592,259.4416003,259.4416003,-633.2428358,0.1675799411
0.04763406472,0.01762268354,712.2979307,-117.3595852,713.1196834,-0.2931605998,-528.5923613,261.9398851,261.9398851,-713.1196834,0.2931605998
0.04806498824,0.01671567251,691.6952291,-58.64889172,692.646536,-0.4166587116,-534.6486069,264.9782475,264.9782475,-692.646536,0.4166587116
0.0485029896,0.01548041922,532.5974348,-1.610671813,533.669908,-0.5343596532,-538.1141287,266.7904984,266.7904984,-533.669908,0.5343596532
0.04851558462,0.01543628422,525.7598612,-5.386601546e-13,526.835597,-0.5376050463,-538.1313437,266.8025231,266.8025231,-526.835597,0.5376050463
0.04851558462,0.01543628422,525.7598612,-5.386601546e-13,526.835597,-0.5376050463,-538.1313437,266.8025231,266.8025231,-526.835597,0.5376050463
0.04851558462,0.0154362844,525.7598612,-1.382439882e-15,526.835597,-0.5376050463,-538.1313437,266.8025231,266.8025231,-526.835597,0.5376050463
0.04851558462,0.0154362844,525.7598612,-1.382439882e-15,526.835597,-0.5376050463,-538.1313437,266.8025231,266.8025231,-526.835597,0.5376050463
0.04895627144,36.81738635,136.0353485,136.232155,273.3371471,-136.7669769,-534.9584275,265.3428127,265.3428127,-273.3371471,136.7669769
0.04906100801,45.31770319,-1.121562626e-10,207.9367229,209.0026673,-208.4697991,-533.0766833,264.4341069,264.4341069,-209.0026673,208.4697991
0.04906100801,45.31770319,-1.121562626e-10,207.9367229,209.0026673,-208.4697991,-533.0766833,264.4341069,264.4341069,-209.0026673,208.4697991
0.04906119645,18.50490992,-80.48429003,208.0297317,208.9347003,-208.5628043,-533.0729397,264.432269,264.432269,-208.9347003,208.5628043
0.04906131862,11.36102681,-101.9457351,208.0593249,208.9213658,-208.5923951,-533.0705433,264.4310775,264.4310775,-208.9213658,208.5923951
0.04906148147,6.986157823,-115.1100686,208.0833411,208.919047,-208.6164082,-533.0673649,264.4294895,264.4294895,-208.919047,208.6164082
0.04906164431,5.219212406,-120.4506372,208.0995493,208.9245678,-208.6326132,-533.0641944,264.4279015,264.4279015,-208.9245678,208.6326132
0.04906181962,4.475426226,-122.724772,208.1135408,208.9340041,-208.6466013,-533.0607848,264.4261919,264.4261919,-208.9340041,208.6466013
0.04906200928,4.185797664,-123.6399348,208.127153,208.9457786,-208.6602098,-533.0570977,264.4243425,264.4243425,-208.9457786,208.6602098
0.04906222355,4.083009074,-124.0005787,208.1418835,208.9597795,-208.6749362,-533.0529333,264.4222533,264.4222533,-208.9597795,208.6749362
0.04906247204,4.055714643,-124.1430864,208.1587251,208.9763264,-208.6917729,-533.0481042,264.4198305,264.4198305,-208.9763264,208.6917729
0.04906277172,4.056510091,-124.2138064,208.1789832,208.9964314,-208.7120252,-533.042281,264.4169088,264.4169088,-208.9964314,208.7120252
0.04906314906,4.067878607,-124.2717424,208.2045353,209.021853,-208.73757,-533.0349494,264.4132303,264.4132303,-209.021853,208.73757
0.04906365441,4.085528625,-124.3420447,208.238881,209.0560383,-208.7719058,-533.0251315,264.4083043,264.4083043,-209.0560383,208.7719058
0.04906439482,4.11174628,-124.4439392,208.2894732,209.106398,-208.8224837,-533.0107495,264.401088,264.401088,-209.106398,208.8224837
0.04906565541,4.156373973,-124.6173555,208.3763533,209.1928822,-208.9093393,-532.9862698,264.388805,264.388805,-209.1928822,208.9093393
0.0490685461,4.258534136,-125.0151189,208.5791179,209.3947389,-209.1120478,-532.930166,264.3606521,264.3606521,-209.3947389,209.1120478
0.04907743418,4.571092806,-126.2389869,209.2333066,210.0461348,-209.7660643,-532.7579442,264.2742154,264.2742154,-210.0461348,209.7660643
0.04911273571,5.789061299,-131.1127123,212.2835779,213.0852969,-212.8156562,-532.0785905,263.9330187,263.9330187,-213.0852969,212.8156562
0.04927929825,11.00643026,-154.3885647,235.8061994,236.5552201,-236.3352162,-529.0169961,262.390485,262.390485,-236.5552201,236.3352162
0.04954340072,17.33102245,-192.2567438,299.093884,299.7589364,-299.6188165,-524.932642,260.316704,260.316704,-299.7589364,299.6188165
0.04985532333,21.42433351,-238.4474084,401.478757,402.0451996,-402.0006264,-521.8695215,258.7339991,258.7339991,-402.0451996,402.0006264
0.05024922216,21.0703603,-298.6606822,544.3657202,544.8104261,-544.887006,-521.2857604,258.3707356,258.3707356,-544.8104261,544.887006
0.05070678725,13.08537922,-370.002933,679.5504119,679.8596574,-680.0753774,-524.9652162,260.1429407,260.1429407,-679.8596574,680.0753774
0.05123435084,-4.759753567,-451.1106186,722.0180479,722.1801008,-722.550546,-532.4977318,263.8880421,263.8880421,-722.1801008,722.550546
0.05178427873,-29.86933738,-529.298919,566.7064256,566.7238677,-567.2447289,-538.3028338,266.8683241,266.8683241,-566.7238677,567.2447289
0.05185025988,-33.10996759,-537.9504046,532.0797616,532.0802937,-532.6182441,-538.4819465,266.9752023,266.9752023,-532.0802937,532.6182441
0.05185025988,-33.10996759,-537.9504046,532.0797616,532.0802937,-532.6182441,-538.4819465,266.9752023,266.9752023,-532.0802937,532.6182441
0.05239803857,-37.74750224,-533.5391795,209.9149188,0.5333297974,-210.4484585,-533.3297979,264.6648989,264.6648989,-0.5333297974,210.4484585
0.05239803857,-37.74750216,-533.5391795,209.9149188,0.5333297974,-210.4484585,-533.3297976,264.6648989,264.6648989,-0.5333297974,210.4484585
0.05239824382,-9.451808154,-533.5352939,209.8431957,0.3635388938,-210.3767313,-448.432354,264.6629071,264.6629071,-0.3635388938,210.3767313
0.05239838101,-2.35559045,-533.5326613,209.8307197,0.320950323,-210.3642527,-427.1367373,264.6615758,264.6615758,-0.320950323,210.3642527
0.05239853964,1.284454518,-533.5296037,209.8300035,0.2990969957,-210.3635334,-416.2085343,264.6600364,264.6600364,-0.2990969957,210.3635334
0.05239869827,2.795621007,-533.5265399,209.8356888,0.2900169213,-210.3692157,-411.6669578,264.6584971,264.6584971,-0.2900169213,210.3692157
0.05239887082,3.458217155,-533.5232044,209.8448333,0.28602711,-210.3783568,-409.6703778,264.6568228,264.6568228,-0.28602711,210.3783568
0.05239906152,3.731682849,-533.5195169,209.8563362,0.2843705746,-210.3898561,-408.8402598,264.6549725,264.6549725,-0.2843705746,210.3898561
0.05239927775,3.838273124,-533.5153354,209.8700155,0.2837131742,-210.4035311,-408.5094617,264.6528746,264.6528746,-0.2837131742,210.4035311
0.05239953007,3.879281232,-533.5104559,209.8862632,0.2834462729,-210.419774,-408.373563,264.6504266,264.6504266,-0.2834462729,210.419774
0.05239983512,3.898612257,-533.5045572,209.9060468,0.2833050593,-210.4395516,-408.2999968,264.6474672,264.6474672,-0.2833050593,210.4395516
0.0524002209,3.913935662,-533.4970978,209.9311723,0.2831811869,-210.4646697,-408.2343184,264.6437249,264.6437249,-0.2831811869,210.4646697
0.05240074022,3.932482283,-533.4870575,209.9651394,0.2830268743,-210.4986267,-408.1521248,264.6386877,264.6386877,-0.2830268743,210.4986267
0.05240150808,3.95958788,-533.4722146,210.0156543,0.2828005112,-210.5491268,-408.0314965,264.6312409,264.6312409,-0.2828005112,210.5491268
0.05240283641,4.006415698,-533.4465446,210.1038589,0.2824090127,-210.6373058,-407.8228679,264.6183616,264.6183616,-0.2824090127,210.6373058
0.05240600744,4.117993534,-533.3853006,210.3186112,0.2814742165,-210.8519968,-407.32474,264.5876317,264.5876317,-0.2814742165,210.8519968
0.05241713206,4.507071357,-533.1708637,211.1184706,0.2781925602,-211.6516418,-405.5762918,264.4800117,264.4800117,-0.2781925602,211.6516418
0.05247243072,6.385710435,-532.116239,216.1463091,0.2618303498,-216.6784256,-396.8653522,263.9501772,263.9501772,-0.2618303498,216.6784256
0.05264628983,11.65938078,-528.9802696,242.5321051,0.2098958858,-243.0610855,-369.3169166,262.3689737,262.3689737,-0.2098958858,243.0610855
0.05291790299,17.80243655,-524.9411303,310.228967,0.1275665242,-310.7539083,-326.0987766,260.3155145,260.3155145,-0.1275665242,310.7539083
0.05324058896,21.4701753,-522.0688504,417.6648276,0.02859914186,-418.1868965,-275.125178,258.8256071,258.8256071,-0.02859914186,418.1868965
0.05364923242,20.18300575,-521.9542963,563.2791161,-0.09702274703,-563.8010703,-212.1840866,258.6954601,258.6954601,0.09702274703,563.8010703
0.05412519439,10.63430782,-526.2938559,690.9225403,-0.2411840369,-691.4488339,-142.2093277,260.8013461,260.8013461,0.2411840369,691.4488339
0.05466912975,-9.053083657,-533.9864228,704.033604,-0.3991603945,-704.56759,-67.06079776,264.640995,264.640995,0.3991603945,704.56759
0.05518298383,-33.01191716,-538.3203695,526.1999239,-0.5377936318,-526.7382438,2.025984724e-11,266.8968159,266.8968159,0.5377936318,526.7382438
0.05518298383,-33.01191716,-538.3203695,526.1999239,-0.5377936318,-526.7382438,2.025984724e-11,266.8968159,266.8968159,0.5377936318,526.7382438
0.0557269192,-82.66739668,-533.2880691,1.286541737,-207.3109159,-1.819622495,206.7776296,264.5397359,264.5397359,207.3109159,1.819622495
0.05572785251,-82.75165963,-533.2692672,8.628543484e-12,-208.0144671,-0.533061253,207.4811984,264.5306265,264.5306265,208.0144671,0.533061253
0.05572785251,-82.75165963,-533.2692672,8.628543484e-12,-208.0144671,-0.533061253,207.4811984,264.5306265,264.5306265,208.0144671,0.533061253
0.05572785251,-82.75165963,-533.2692672,8.628543484e-12,-208.0144671,-0.533061253,207.4811984,264.5306265,264.5306265,208.0144671,0.533061253
0.05572785251,-82.75165963,-533.2692672,8.628543484e-12,-208.0144671,-0.533061253,207.4811984,264.5306265,264.5306265,208.0144671,0.533061253
0.05572804589,-28.2731369,-533.2654201,-81.74429119,-208.1087662,-0.3695688927,207.5755011,264.5287375,264.5287375,208.1087662,0.3695688927
0.05572823927,-9.667530742,-533.261627,-109.679262,-208.1492781,-0.3136951734,207.6160167,264.5268486,264.5268486,208.1492781,0.3136951734
0.05572843265,-3.313309747,-533.2578525,-119.2371739,-208.171435,-0.2945755718,207.6381775,264.5249599,264.5249599,208.171435,0.2945755718
0.05572862604,-1.143204593,-533.2540844,-122.5189191,-208.187338,-0.2880083041,207.6540842,264.5230711,264.5230711,208.187338,0.2880083041
0.05572881942,-0.4020664606,-533.2503186,-123.6572164,-208.2011196,-0.2857279322,207.6678696,264.5211825,264.5211825,208.2011196,0.2857279322
0.0557290128,-0.1489518021,-533.2465538,-124.0634799,-208.2141914,-0.2849116282,207.6809451,264.519294,264.519294,208.2141914,0.2849116282
0.05572920618,-0.06250782777,-533.2427894,-124.2197382,-208.2270352,-0.2845953347,207.6937927,264.5174055,264.5174055,208.2270352,0.2845953347
0.05572939957,-0.03298553541,-533.2390252,-124.2906146,-208.2398158,-0.284449805,207.706577,264.5155171,264.5155171,208.2398158,0.284449805
0.05572959295,-0.02290324164,-533.2352613,-124.3323317,-208.2525893,-0.2843625942,207.7193544,264.5136288,264.5136288,208.2525893,0.2843625942
0.05572979584,-0.01936825886,-533.2313125,-124.3655361,-208.2660041,-0.2842922234,207.7327731,264.5116477,264.5116477,208.2660041,0.2842922234
0.0557300173,-0.01816955703,-533.2270025,-124.3977912,-208.2806708,-0.2842233885,207.7474441,264.5094854,264.5094854,208.2806708,0.2842233885
0.05573026926,-0.01779709121,-533.2220994,-124.4330006,-208.2973904,-0.2841480499,207.7641685,264.5070256,264.5070256,208.2973904,0.2841480499
0.05573056752,-0.01769878181,-533.2162955,-124.4741697,-208.3172313,-0.284059888,207.7840153,264.5041137,264.5041137,208.3172313,0.284059888
0.05573093757,-0.01767909972,-533.2090953,-124.525096,-208.3419204,-0.2839508106,207.8087116,264.5005013,264.5005013,208.3419204,0.2839508106
0.05573142511,-0.01767713786,-533.1996103,-124.5921573,-208.374571,-0.2838071705,207.8413717,264.4957426,264.4957426,208.374571,0.2838071705
0.05573212563,-0.01767812057,-533.1859837,-124.6885164,-208.4217313,-0.2836007788,207.8885456,264.4889058,264.4889058,208.4217313,0.2836007788
0.05573328287,-0.01768005913,-533.1634785,-124.8477159,-208.500273,-0.2832597963,207.9671098,264.477614,264.477614,208.500273,0.2832597963
0.05573577191,-0.01768422887,-533.1150966,-125.1902024,-208.671878,-0.2825262705,208.1387632,264.4533377,264.4533377,208.671878,0.2825262705
0.05574347906,-0.01769707149,-532.9654933,-126.2513289,-209.226324,-0.2802538619,208.6933588,264.3782599,264.3782599,209.226324,0.2802538619
0.05577123631,-0.01774246388,-532.4295427,-130.0810093,-211.5092063,-0.2720562752,210.976777,264.1091469,264.1091469,211.5092063,0.2720562752
0.05582930567,-0.01783305901,-531.3256327,-138.1339086,-217.6940078,-0.254840398,217.1626825,263.5541076,263.5541076,217.6940078,0.254840398
0.05591846885,-0.01796060171,-529.6900257,-150.6083027,-230.701945,-0.2282430197,230.1722552,262.7298126,262.7298126,230.701945,0.2282430197
0.05603524254,-0.01810631255,-527.6920427,-167.1484617,-253.5938315,-0.1931418599,253.0661397,261.7193917,261.7193917,253.5938315,0.1931418599
0.05618850871,-0.01826055549,-525.3905779,-189.2071032,-292.2936273,-0.1466844565,291.7682369,260.5493315,260.5493315,292.2936273,0.1466844565
0.05638356659,-0.0183956069,-523.1141751,-217.8401056,-352.5488869,-0.08708185097,352.0257728,259.3810311,259.3810311,352.5488869,0.08708185097
0.05663126037,-0.01846754195,-521.4555798,-255.0312968,-439.8497177,-0.01095364706,439.3282621,258.5081203,258.5081203,439.8497177,0.01095364706
0.05695869638,-0.01839112896,-521.5313421,-305.341554,-557.7741118,0.08970892877,557.2525804,258.4870896,258.4870896,557.7741118,-0.08970892877
0.05736220183,-0.01802980892,-524.8577543,-368.2615974,-675.4062942,0.2123401097,674.8814362,260.0915426,260.0915426,675.4062942,-0.2123401097
0.05776570728,-0.01737914816,-530.4473527,-430.6434358,-725.0311689,0.331563688,724.5007213,262.8615918,262.8615918,725.0311689,-0.331563688
0.0581853122,-0.01640692219,-536.152026,-492.6791466,-669.187007,0.4498744682,668.6508546,265.7419125,265.7419125,669.187007,-0.4498744682
0.05851642912,-0.01542384799,-538.3525463,-537.8223797,-531.2428431,0.5378223797,530.70449,266.9111898,266.9111898,531.2428431,-0.5378223797
0.05851642912,-0.01542384799,-538.3525463,-537.8223797,-531.2428431,0.5378223797,530.70449,266.9111898,266.9111898,531.2428431,-0.5378223797
0.05851642912,-0.01542386878,-538.3525463,-537.8223797,-531.242843,0.5378223797,530.7044899,266.9111898,266.9111898,531.242843,-0.5378223797
0.05851642912,-0.01542386878,-538.3525463,-537.8223797,-531.242843,0.5378223797,530.7044899,266.9111898,266.9111898,531.242843,-0.5378223797
0.05894318842,-35.63694148,-535.3738105,-535.3454316,-284.7682222,128.1946056,284.2327202,265.6088862,265.6088862,284.7682222,-128.1946056
0.05906385764,-45.42746383,-533.1753546,-533.3845549,-210.2668314,209.733656,209.7334463,264.5876773,264.5876773,210.2668314,-209.733656
0.05906385764,-45.42746383,-533.1753546,-533.3845549,-210.2668314,209.733656,209.7334463,264.5876773,264.5876773,210.2668314,-209.733656
0.05906407809,-16.11741626,-445.1872746,-533.3803758,-210.1931945,209.835991,209.6598137,264.5855366,264.5855366,210.1931945,-209.835991
0.05906422222,-9.400881454,-424.9997569,-533.3776064,-210.1824049,209.8655736,209.6490269,264.5841371,264.5841371,210.1824049,-209.8655736
0.0590643992,-5.97859329,-414.6863222,-533.3741911,-210.1836489,209.8874411,209.6502745,264.5824185,264.5824185,210.1836489,-209.8874411
0.05906457619,-4.702276968,-410.810799,-533.3707697,-210.1913494,209.9028892,209.6579784,264.5807001,264.5807001,210.1913494,-209.9028892
0.05906476644,-4.208839897,-409.2804231,-533.3670893,-210.2022832,209.91688,209.6689158,264.5788529,264.5788529,210.2022832,-209.91688
0.05906497443,-4.033696517,-408.7002634,-533.363065,-210.2153535,209.9311066,209.6819901,264.5768336,264.5768336,210.2153535,-209.9311066
0.0590652121,-3.980616153,-408.4784869,-533.3584662,-210.2307612,209.9469532,209.6974024,264.5745263,264.5745263,210.2307612,-209.9469532
0.05906549244,-3.972847194,-408.3814203,-533.3530418,-210.249143,209.9655238,209.7157897,264.5718048,264.5718048,210.249143,-209.9655238
0.05906583818,-3.981041387,-408.3150462,-533.3463526,-210.2719297,209.9884365,209.7385831,264.5684488,264.5684488,210.2719297,-209.9884365
0.059066288,-3.996303312,-408.2425057,-533.3376505,-210.3016958,210.018339,209.7683579,264.5640828,264.5640828,210.3016958,-210.018339
0.05906692071,-4.018597624,-408.1429809,-533.3254121,-210.343768,210.0605979,209.8104423,264.5579424,264.5579424,210.343768,-210.0605979
0.05906792619,-4.054088576,-407.9850674,-533.3059673,-210.4111127,210.1282389,209.8778064,264.5481862,264.5481862,210.4111127,-210.1282389
0.05906991917,-4.124350849,-407.6720385,-533.2674407,-210.5463545,210.2640682,210.0130868,264.528855,264.528855,210.5463545,-210.2640682
0.05907644124,-4.353462693,-406.6473224,-533.1415065,-211.0052175,210.7248541,210.4720757,264.4656574,264.4656574,211.0052175,-210.7248541
0.05910729297,-5.419992387,-401.7936265,-532.5490928,-213.5100649,213.238814,212.9775155,264.1681933,264.1681933,213.5100649,-213.238814
0.05926304237,-10.35026727,-377.1597072,-529.6758302,-234.0997659,233.874889,233.5700899,262.7212425,262.7212425,234.0997659,-233.874889
0.05952114664,-16.70935483,-336.1035806,-525.603464,-293.0702898,292.9233937,292.5446862,260.6555331,260.6555331,293.0702898,-292.9233937
0.05983045904,-21.06108609,-287.1070344,-522.3880784,-391.9231745,391.8709572,391.4007864,258.9983649,258.9983649,391.9231745,-391.8709572
0.06021941689,-21.16153838,-226.7720728,-521.5059444,-531.926981,531.9944114,531.4054752,258.4872357,258.4872357,531.926981,-531.9944114
0.06067326288,-13.821635,-159.2372002,-524.7852758,-668.9656012,669.1712434,668.4408161,260.0583147,260.0583147,668.9656012,-669.1712434
0.06119709658,3.293929087,-85.755608,-532.0356398,-720.6620888,721.0218928,720.1300535,263.657575,263.657575,720.6620888,-721.0218928
0.06174888574,28.10796831,-12.95025436,-538.0819849,-579.7912907,580.3028924,579.2532092,266.7511101,266.7511101,579.7912907,-580.3028924
0.06184992253,33.04627957,1.287983353e-10,-538.3918411,-528.2831871,528.8210507,527.7447958,266.9317792,266.9317792,528.2831871,-528.8210507
0.06184992253,33.04627957,1.287983353e-10,-538.3918411,-528.2831871,528.8210507,527.7447958,266.9317792,266.9317792,528.2831871,-528.8210507
0.06239552349,37.57597227,207.9460104,-533.3711458,-0.5331626667,209.0125437,5.878813857e-13,264.5813333,264.5813333,0.5331626667,-209.0125437
0.06239552349,37.57597227,207.9460104,-533.3711458,-0.5331626667,209.0125437,5.878813857e-13,264.5813333,264.5813333,0.5331626667,-209.0125437
0.06239552349,37.57597227,207.9460104,-533.3711458,-0.5331626667,209.0125437,5.878813857e-13,264.5813333,264.5813333,0.5331626667,-209.0125437
0.06239552349,37.57597227,207.9460104,-533.3711458,-0.5331626667,209.0125437,5.878813857e-13,264.5813333,264.5813333,0.5331626667,-209.0125437
0.06239570653,11.12348035,208.0371827,-533.3675081,-0.3744329334,208.9449828,-79.36308155,264.5795482,264.5795482,0.3744329334,-208.9449828
0.06239588957,1.550949829,208.077735,-533.3639211,-0.3169828603,208.9280815,-108.086333,264.5777632,264.5777632,0.3169828603,-208.9280815
0.06239605415,-1.703291011,208.0981556,-533.3607122,-0.2974439894,208.9289601,-117.8541636,264.5761583,264.5761583,0.2974439894,-208.9289601
0.06239621873,-3.011064206,208.1127529,-533.3575092,-0.289583907,208.935694,-121.7825999,264.5745535,264.5745535,0.289583907,-208.935694
0.06239640478,-3.578729222,208.1265422,-533.3538911,-0.2861627071,208.9460585,-123.4913857,264.5727392,264.5727392,0.2861627071,-208.9460585
0.06239660628,-3.794509952,208.1403022,-533.3499741,-0.28485154,208.9585035,-124.1450045,264.5707745,264.5707745,0.28485154,-208.9585035
0.06239683821,-3.875979972,208.1556695,-533.3454662,-0.2843437364,208.9733584,-124.3966449,264.5685131,264.5685131,0.2843437364,-208.9733584
0.06239710949,-3.907297871,208.1734921,-533.3401941,-0.2841336106,208.9909656,-124.4990629,264.5658682,264.5658682,0.2841336106,-208.9909656
0.06239744232,-3.924297141,208.1953536,-533.3337264,-0.2840043348,209.0126914,-124.5604561,264.5626235,264.5626235,0.2840043348,-209.0126914
0.06239787038,-3.940343693,208.2235485,-533.3254091,-0.283872937,209.0407466,-124.6219823,264.5584508,264.5584508,0.283872937,-209.0407466
0.06239846345,-3.96143208,208.262788,-533.3138869,-0.2836976878,209.0797993,-124.7038263,264.5526702,264.5526702,0.2836976878,-209.0797993
0.06239938187,-3.993937914,208.3239632,-533.2960472,-0.2834270645,209.140686,-124.8301876,264.5437199,264.5437199,0.2834270645,-209.140686
0.06240111471,-4.055194404,208.44074,-533.2623996,-0.2829164376,209.2569185,-125.0686192,264.526838,264.526838,0.2829164376,-209.2569185
0.06240765643,-4.285644877,208.8975022,-533.1355152,-0.280987995,209.7116254,-125.9691708,264.4631683,264.4631683,0.280987995,-209.7116254
0.06244432876,-5.553814684,211.9180693,-532.4287636,-0.2701555681,212.7206533,-131.0305036,264.1082877,264.1082877,0.2701555681,-212.7206533
0.06258829,-10.12638416,230.9070704,-529.7588206,-0.227298636,231.6641277,-151.1145251,262.7638431,262.7638431,0.227298636,-231.6641277
0.06284099822,-16.45720178,287.7614805,-525.7119556,-0.1509977006,288.43819,-187.2131713,260.7120216,260.7120216,0.1509977006,-288.43819
0.06315401932,-21.00933532,387.2374898,-522.3637347,-0.05522107346,387.8150745,-233.3776843,258.988221,258.988221,0.05522107346,-387.8150745
0.06354636574,-21.24371886,528.8629459,-521.3842879,0.06546963373,529.3188606,-293.1625621,258.4277452,258.4277452,-0.06546963373,-529.3188606
0.06400969763,-13.78286434,669.428013,-524.709745,0.2065755196,669.7461474,-365.3080216,260.0202618,260.0202618,-0.2065755196,-669.7461474
0.06454386973,3.800044288,720.2331635,-532.1315267,0.3636486094,720.4016467,-447.5301333,263.7058286,263.7058286,-0.3636486094,-720.4016467
0.06509882092,28.89572562,572.8133878,-538.0852323,0.5159530155,572.8355205,-526.7329752,266.7564674,266.7564674,-0.5159530155,-572.8355205
0.06518299464,33.01649913,529.4115258,-538.3252575,0.5377963838,529.4120552,-537.7963838,266.8981919,266.8981919,-0.5377963838,-529.4120552
0.06518299464,33.01649913,529.4115258,-538.3252575,0.5377963838,529.4120552,-537.7963838,266.8981919,266.8981919,-0.5377963838,-529.4120552
0.06572966517,82.94982586,209.2309962,-533.1218386,209.2312054,0.533121839,-533.3305365,264.5609193,264.5609193,-209.2312054,-0.533121839
0.06572966517,82.94982599,209.2309962,-533.1218388,209.2312054,0.533121839,-533.3305365,264.5609193,264.5609193,-209.2312054,-0.533121839
0.06572966517,82.94982586,209.2309962,-533.1218386,209.2312054,0.5331218386,-533.3305365,264.5609193,264.5609193,-209.2312054,-0.5331218386
0.06572966517,82.94982586,209.2309962,-533.1218386,209.2312054,0.5331218386,-533.3305365,264.5609193,264.5609193,-209.2312054,-0.5331218386
0.06572987677,25.61491295,209.1587572,-447.0863313,209.3310291,0.3610549407,-533.3265197,264.558861,264.558861,-209.3310291,-0.3610549407
0.06573008837,7.918333359,209.146002,-420.5082641,209.3714218,0.3079029225,-533.3224437,264.5568028,264.5568028,-209.3714218,-0.3079029225
0.06573029996,2.45623525,209.1516249,-412.2819001,209.3934892,0.2914543109,-533.3183496,264.5547447,264.5547447,-209.3934892,-0.2914543109
0.06573051156,0.7703437719,209.1629386,-409.7198399,209.4099188,0.2863343065,-533.31425,264.5526867,264.5526867,-209.4099188,-0.2863343065
0.06573072316,0.2499889383,209.176027,-408.9060824,209.4246265,0.2847109073,-533.3101489,264.5506288,264.5506288,-209.4246265,-0.2847109073
0.06573093476,0.0893802225,209.1896814,-408.6319431,209.438821,0.2841667442,-533.3060475,264.548571,264.548571,-209.438821,-0.2841667442
0.06573114635,0.03980814303,209.2035288,-408.5243579,209.4528753,0.2839556893,-533.3019461,264.5465133,264.5465133,-209.4528753,-0.2839556893
0.06573135795,0.02450782905,209.217454,-408.4681799,209.4669047,0.2838474484,-533.2978449,264.5444557,264.5444557,-209.4669047,-0.2838474484
0.06573157082,0.01977078686,209.2315054,-408.427647,209.4810288,0.2837705223,-533.2937194,264.5423858,264.5423858,-209.4810288,-0.2837705223
0.06573180067,0.01826144453,209.2467134,-408.3892875,209.4963047,0.2836982732,-533.2892648,264.5401509,264.5401509,-209.4963047,-0.2836982732
0.0657320581,0.01781770588,209.263785,-408.3481949,209.5134485,0.2836210938,-533.2842761,264.537648,264.537648,-209.5134485,-0.2836210938
0.06573236083,0.01770450201,209.283911,-408.3004838,209.5336582,0.283531558,-533.2784101,264.5347049,264.5347049,-209.5336582,-0.283531558
0.0657327339,0.01768240861,209.3087885,-408.24186,209.5586384,0.283421564,-533.2711815,264.5310781,264.5310781,-209.5586384,-0.283421564
0.0657332235,0.01768017507,209.3415604,-408.1649641,209.5915451,0.2832772903,-533.2616963,264.526319,264.526319,-209.5915451,-0.2832772903
0.06573392546,0.01768113986,209.3887931,-408.0547165,209.638971,0.2830704397,-533.2480991,264.5194967,264.5194967,-209.638971,-0.2830704397
0.06573506431,0.01768304646,209.46604,-407.8758397,209.7165315,0.2827348184,-533.2260444,264.5084305,264.5084305,-209.7165315,-0.2827348184
0.06573714174,0.0176865185,209.6089137,-407.5495035,209.8599773,0.2821225031,-533.1858306,264.4882519,264.4882519,-209.8599773,-0.2821225031
0.0657407182,0.01769248239,209.8608139,-406.987574,210.1128627,0.2810680751,-533.1166526,264.4535365,264.4535365,-210.1128627,-0.2810680751
0.06574673167,0.01770245916,210.3012243,-406.0424117,210.5549307,0.2792943534,-533.0004919,264.395235,264.395235,-210.5549307,-0.2792943534
0.06575668166,0.01771883426,211.0761245,-404.4776393,211.3325762,0.2763573397,-532.8087386,264.2989694,264.2989694,-211.3325762,-0.2763573397
0.06577057686,0.01774140071,212.2538058,-402.2906212,212.5140968,0.2722512721,-532.5419519,264.1649852,264.1649852,-212.5140968,-0.2722512721
0.06579570096,0.01778135333,214.661791,-398.3311763,214.9290402,0.2648139249,-532.0628247,263.9242139,263.9242139,-214.9290402,-0.2648139249
0.06585496198,0.01787119736,221.7206743,-388.968756,222.0044201,0.2472066941,-530.9522914,263.365409,263.365409,-222.0044201,-0.2472066941
0.06594553407,0.01799653338,236.0420576,-374.6096492,236.3512468,0.220133074,-529.3220464,262.5431122,262.5431122,-236.3512468,-0.220133074
0.06606424574,0.0181387326,260.666457,-355.7325734,261.0094196,0.1843816141,-527.3440147,261.5417663,261.5417663,-261.0094196,-0.1843816141
0.06622004059,0.01828704866,301.5453582,-330.9371979,301.9333723,0.1370809225,-525.0948815,260.3967366,260.3967366,-301.9333723,-0.1370809225
0.0664186127,0.01841256419,364.3292604,-299.4459298,364.7758528,0.07633188008,-522.9242324,259.2799897,259.2799897,-364.7758528,-0.07633188008
0.06667185997,0.0184686737,454.3022184,-259.7315912,454.8252222,-0.001543152409,-521.4606385,258.5031674,258.5031674,-454.8252222,0.001543152409
0.06701350822,0.01835928867,575.4518232,-207.4268977,576.0802438,-0.1064956543,-521.9250079,258.6747248,258.6747248,-576.0802438,0.1064956543
0.06740394318,0.01797577339,682.9050151,-149.9690591,683.6553653,-0.2248646114,-525.4858595,260.4013648,260.4013648,-683.6553653,0.2248646114
0.06779479936,0.01732129881,723.1394233,-95.14053674,724.0103801,-0.3399762846,-530.9808375,263.128679,263.128679,-724.0103801,0.3399762846
0.06820429452,0.01635605507,661.3188269,-40.35180295,662.310306,-0.4550570934,-536.4224732,265.8803497,265.8803497,-662.310306,0.4550570934
0.06851658331,0.01542729033,528.6342276,-2.519811616e-13,529.7104803,-0.5378620394,-538.3912115,266.9310197,266.9310197,-529.7104803,0.5378620394
0.06851658331,0.01542729033,528.6342276,-2.519811616e-13,529.7104803,-0.5378620394,-538.3912115,266.9310197,266.9310197,-529.7104803,0.5378620394
0.06851658331,0.01542729042,528.6342276,-1.835117253e-15,529.7104803,-0.5378620394,-538.3912115,266.9310197,266.9310197,-529.7104803,0.5378620394
0.06851658331,0.01542729042,528.6342276,-1.835117253e-15,529.7104803,-0.5378620394,-538.3912115,266.9310197,266.9310197,-529.7104803,0.5378620394
0.06893434442,34.91501396,165.1273965,122.4164925,288.6148597,-122.9519565,-535.6296416,265.6707812,265.6707812,-288.6148597,122.9519565
0.0690627944,45.34697768,1.74779582e-10,208.3594882,209.4260577,-208.8928771,-533.3894172,264.5902623,264.5902623,-209.4260577,208.8928771
0.0690627944,45.34697768,1.74779582e-10,208.3594882,209.4260577,-208.8928771,-533.3894172,264.5902623,264.5902623,-209.4260577,208.8928771
0.0690627944,45.34697768,1.74779582e-10,208.3594882,209.4260577,-208.8928771,-533.3894172,264.5902623,264.5902623,-209.4260577,208.8928771
0.0690627944,45.34697768,1.74779582e-10,208.3594882,209.4260577,-208.8928771,-533.3894172,264.5902623,264.5902623,-209.4260577,208.8928771
0.0690629812,18.5762973,-80.35752601,208.4519175,209.3577647,-208.9853029,-533.3857105,264.588443,264.588443,-209.3577647,208.9853029
0.06906316801,9.097538153,-108.8393377,208.4924918,209.3413681,-209.0258735,-533.3820557,264.5866239,264.5866239,-209.3413681,209.0258735
0.06906335756,5.716300307,-119.0292715,208.5149732,209.3434623,-209.0483512,-533.3783661,264.584778,264.584778,-209.3434623,209.0483512
0.06906354851,4.536246728,-122.6159965,208.5309632,209.3522714,-209.0643375,-533.3746562,264.5829187,264.5829187,-209.3522714,209.0643375
0.06906375115,4.118898655,-123.9174562,208.5454511,209.3641485,-209.0788215,-533.3707219,264.5809455,264.5809455,-209.3641485,209.0788215
0.06906397378,3.982119996,-124.3820794,208.5604308,209.3781903,-209.0937969,-533.3664006,264.5787779,264.5787779,-209.3781903,209.0937969
0.0690642288,3.946326563,-124.5516425,208.5772635,209.394674,-209.1106247,-533.3614512,264.5762949,264.5762949,-209.394674,209.1106247
0.06906453249,3.945387152,-124.6285034,208.5972334,209.4144783,-209.1305886,-533.3555579,264.5733384,264.5733384,-209.4144783,209.1305886
0.06906491193,3.95648809,-124.6877018,208.6222238,209.4393356,-209.1555717,-533.3481953,264.5696447,264.5696447,-209.4393356,209.1555717
0.0690654164,3.974039279,-124.7580167,208.6555728,209.4725243,-209.1889109,-533.3384076,264.5647342,264.5647342,-209.4725243,209.1889109
0.06906615086,4.00000034,-124.8591286,208.7043922,209.521113,-209.237716,-533.3241601,264.5575861,264.5575861,-209.521113,209.237716
0.06906739148,4.043848319,-125.029845,208.7875772,209.6039083,-209.320877,-533.3001,264.5455147,264.5455147,-209.6039083,209.320877
0.06907018946,4.142573279,-125.4149552,208.9785112,209.7939635,-209.5117568,-533.2458657,264.5183025,264.5183025,-209.7939635,209.5117568
0.06907898339,4.451349296,-126.6261659,209.6084956,210.4211845,-210.141571,-533.0756778,264.4328948,264.4328948,-210.4211845,210.141571
0.06911047135,5.537960879,-130.9734247,212.2316,213.0343803,-212.7640697,-532.4699798,264.1287389,264.1287389,-213.0343803,212.7640697
0.06925210528,10.04294118,-150.7303866,230.7499257,231.5079218,-231.2797696,-529.8440413,262.8065316,262.8065316,-231.5079218,231.2797696
0.0695024502,16.34832664,-186.476833,286.5797482,287.2581553,-287.1055719,-525.8238611,260.7685644,260.7685644,-287.2581553,287.1055719
0.0698083427,20.89909933,-231.5501834,383.0626328,383.6441443,-383.5851303,-522.4975035,259.0571909,259.0571909,-383.6441443,383.5851303
0.07019101881,21.38948596,-289.7859126,521.0335855,521.4962639,-521.5549712,-521.3855763,258.4323007,258.4323007,-521.4962639,521.5549712
0.07064028204,14.64462564,-359.6964715,660.703241,661.0318835,-661.2275891,-524.3478516,259.843672,259.843672,-661.0318835,661.2275891
0.07115935386,-1.771094743,-439.8326931,722.26466,722.4471018,-722.7960747,-531.4143629,263.3462236,263.3462236,-722.4471018,722.7960747
0.07171225806,-26.30692025,-519.5929216,596.8421024,596.8779799,-597.3799325,-537.8295526,266.6166062,266.6166062,-596.8779799,597.3799325
0.07184972041,-33.01099688,-537.811475,528.9148629,528.9153918,-529.4532033,-538.339852,266.9057375,266.9057375,-528.9153918,529.4532033
0.07184972041,-33.01099688,-537.811475,528.9148629,528.9153918,-529.4532033,-538.339852,266.9057375,266.9057375,-528.9153918,529.4532033
0.0723959857,-37.56258466,-533.3341438,208.9508059,0.5331257267,-209.4841405,-533.1257261,264.562863,264.562863,-0.5331257267,209.4841405
0.0723959857,-37.56258477,-533.3341438,208.9508059,0.5331257267,-209.4841405,-533.1257264,264.562863,264.562863,-0.5331257267,209.4841405
0.0723959857,-37.56258466,-533.3341438,208.9508059,0.5331257261,-209.4841405,-533.1257261,264.562863,264.562863,-0.5331257261,209.4841405
0.0723959857,-37.56258466,-533.3341438,208.9508059,0.5331257261,-209.4841405,-533.1257261,264.562863,264.562863,-0.5331257261,209.4841405
0.0723961898,-9.443171468,-533.3302668,208.8797087,0.3643927178,-209.4130393,-448.7572347,264.5608757,264.5608757,-0.3643927178,209.4130393
0.07239639391,-0.39009433,-533.3263329,208.865835,0.310057603,-209.3991617,-421.5876901,264.5588885,264.5588885,-0.310057603,209.3991617
0.07239659801,2.527880617,-533.3223807,208.8703912,0.292533056,-209.4037139,-412.8234294,264.5569014,264.5569014,-0.292533056,209.4037139
0.07239680211,3.471722224,-533.3184228,208.8808944,0.2868532886,-209.4142131,-409.9815587,264.5549144,264.5549144,-0.2868532886,209.4142131
0.07239702747,3.797012032,-533.3140509,208.8946706,0.2848830768,-209.4279849,-408.994259,264.5527205,264.5527205,-0.2848830768,209.4279849
0.07239727527,3.900778543,-533.3092431,208.910615,0.2842401516,-209.4439245,-408.6703842,264.5503084,264.5503084,-0.2842401516,209.4439245
0.07239756444,3.936659757,-533.3036328,208.9295227,0.2840011284,-209.4628266,-408.5480578,264.5474936,264.5474936,-0.2840011284,209.4628266
0.07239791417,3.95455513,-533.296848,208.9525325,0.2838650263,-209.4858297,-408.4766028,264.5440897,264.5440897,-0.2838650263,209.4858297
0.07239836419,3.971330944,-533.2881184,208.9822659,0.2837273657,-209.5155543,-408.4033928,264.5397099,264.5397099,-0.2837273657,209.5155543
0.07239898912,3.993515356,-533.2759976,209.0237572,0.2835428015,-209.5570335,-408.3050294,264.5336287,264.5336287,-0.2835428015,209.5570335
0.07239996986,4.028194824,-533.2569795,209.0893366,0.2832538072,-209.6225939,-408.1509903,264.5240867,264.5240867,-0.2832538072,209.6225939
0.07240187584,4.095505373,-533.2200338,209.2184042,0.2826921234,-209.7516245,-407.8516107,264.505549,264.505549,-0.2826921234,209.7516245
0.07240820034,4.318086063,-533.0975748,209.661968,0.2808276028,-210.1950658,-406.8578982,264.4440968,264.4440968,-0.2808276028,210.1950658
0.07243863117,5.372326832,-532.5115426,212.1211246,0.2718409362,-212.6536364,-402.0703147,264.1498466,264.1498466,-0.2718409362,212.6536364
0.07257076785,9.616393286,-530.0504479,228.7298569,0.2325415463,-229.2599076,-381.1817484,262.9109753,262.9109753,-0.2325415463,229.2599076
0.07281561502,15.93133952,-526.0571837,281.5747632,0.1587127209,-282.1008205,-342.2442442,260.8878838,260.8878838,-0.1587127209,282.1008205
0.07312489408,20.74808758,-522.5807231,377.6902445,0.0641694752,-378.2128253,-293.1862861,259.1015485,259.1015485,-0.0641694752,378.2128253
0.07351062134,21.47137908,-521.3304519,516.5897725,-0.05448778414,-517.1111029,-233.1630118,258.4069038,258.4069038,0.05448778414,517.1111029
0.07396890634,14.74393894,-524.2803606,659.9658447,-0.1942850999,-660.4901249,-164.6675503,259.8101002,259.8101002,0.1942850999,660.4901249
0.07449834798,-2.012672843,-531.5037137,722.368316,-0.3506005735,-722.8998194,-90.09021065,263.3904974,263.3904974,0.3506005735,722.8998194
0.07505559606,-26.82043977,-537.9159291,592.4604843,-0.5045948802,-592.9983997,-16.36404187,266.661482,266.661482,0.5045948802,592.9983997
0.07518317834,-33.04901366,-538.3729207,528.8256966,-0.5378435572,-529.364069,1.333726268e-11,266.9217786,266.9217786,0.5378435572,529.364069
0.07518317834,-33.04901366,-538.3729207,528.8256966,-0.5378435572,-529.364069,1.333726268e-11,266.9217786,266.9217786,0.5378435572,529.364069
0.07572960256,-82.95862352,-533.3757182,5.031253421e-12,-209.0447113,-0.5331666737,208.5113361,264.5833369,264.5833369,209.0447113,0.5331666737
0.07572960256,-82.95862352,-533.3757182,5.031253421e-12,-209.0447113,-0.5331666737,208.5113361,264.5833369,264.5833369,209.0447113,0.5331666737
0.07572960256,-82.95862352,-533.3757182,5.031253421e-12,-209.0447113,-0.5331666737,208.5113361,264.5833369,264.5833369,209.0447113,0.5331666737
0.07572960256,-82.95862352,-533.3757182,5.031253421e-12,-209.0447113,-0.5331666737,208.5113361,264.5833369,264.5833369,209.0447113,0.5331666737
0.07572978842,-29.55299404,-533.372032,-80.13392933,-209.1368845,-0.3728951969,208.6035128,264.5815278,264.5815278,209.1368845,0.3728951969
0.07572997428,-10.53521888,-533.3683975,-108.6861293,-209.1774964,-0.3157871789,208.6441283,264.5797188,264.5797188,209.1774964,0.3157871789
0.07573016014,-3.762978412,-533.3647815,-118.8700462,-209.1997604,-0.2954157273,208.6663959,264.5779098,264.5779098,209.1997604,0.2954157273
0.075730346,-1.35137989,-533.3611722,-122.5130072,-209.2155038,-0.2881261875,208.6821429,264.576101,264.576101,209.2155038,0.2881261875
0.07573053185,-0.4926084715,-533.3575655,-123.8267305,-209.2289384,-0.2854951234,208.6955811,264.5742922,264.5742922,209.2289384,0.2854951234
0.07573071771,-0.1867996769,-533.3539597,-124.3110112,-209.241564,-0.2845229445,208.7082103,264.5724835,264.5724835,209.241564,0.2845229445
0.07573090357,-0.07790119056,-533.3503545,-124.4999274,-209.2539145,-0.284141495,208.7205645,264.5706749,264.5706749,209.2539145,0.284141495
0.07573108943,-0.03912257817,-533.3467495,-124.5836644,-209.2661803,-0.2839704039,208.7328339,264.5688663,264.5688663,209.2661803,0.2839704039
0.07573127528,-0.02531369317,-533.3431447,-124.6299473,-209.2784291,-0.283874221,208.7450862,264.5670578,264.5670578,209.2784291,0.283874221
0.07573146837,-0.02028945008,-533.3393998,-124.664049,-209.291162,-0.2838022602,208.7578229,264.5651791,264.5651791,209.291162,0.2838022602
0.07573167692,-0.01849749933,-533.3353554,-124.6954288,-209.3049332,-0.2837354424,208.7715982,264.56315,264.56315,209.3049332,0.2837354424
0.07573191114,-0.01790100069,-533.3308134,-124.7285488,-209.3204284,-0.2836646451,208.7870978,264.5608713,264.5608713,209.3204284,0.2836646451
0.07573218429,-0.01772716166,-533.3255166,-124.7663935,-209.3385398,-0.2835836407,208.8052145,264.5582139,264.5582139,209.3385398,0.2835836407
0.07573251659,-0.01768649907,-533.3190734,-124.8121774,-209.3606315,-0.2834856078,208.8273127,264.5549813,264.5549813,209.3606315,0.2834856078
0.07573294247,-0.01768021257,-533.3108167,-124.8707881,-209.3890394,-0.2833601014,208.8557289,264.5508388,264.5508388,209.3890394,0.2833601014
0.07573352912,-0.01768049956,-533.2994444,-124.9515166,-209.4283468,-0.2831872329,208.8950476,264.5451331,264.5451331,209.4283468,0.2831872329
0.0757344318,-0.01768198527,-533.2819494,-125.0757422,-209.4892245,-0.2829212261,208.9559428,264.5363553,264.5363553,209.4892245,0.2829212261
0.07573611506,-0.01768480288,-533.2493367,-125.3074275,-209.6040269,-0.2824251285,209.0707778,264.5199917,264.5199917,209.6040269,0.2824251285
0.07574183878,-0.01769434694,-533.1385519,-126.0955859,-210.0068401,-0.2807376256,209.4737018,264.4643987,264.4643987,210.0068401,0.2807376256
0.07576420891,-0.01773109914,-532.7073274,-129.181077,-211.7640693,-0.274133668,211.2313623,264.247911,264.247911,211.7640693,0.274133668
0.07581554076,-0.0178121197,-531.730285,-136.2922547,-216.8721709,-0.2589291762,216.3404409,263.7568428,263.7568428,216.8721709,0.2589291762
0.07589847259,-0.01793322063,-530.1990394,-147.873484,-228.140854,-0.2342242264,227.6106552,262.9855972,262.9855972,228.140854,0.2342242264
0.07600897368,-0.01807565173,-528.2790866,-163.4842711,-248.4753136,-0.2010623962,247.9470347,262.0154692,262.0154692,248.4753136,0.2010623962
0.0761544309,-0.0182299088,-526.0250802,-184.3474748,-283.3146897,-0.1570471849,282.7886648,260.8710673,260.8710673,283.3146897,0.1570471849
0.07634031159,-0.01837160366,-523.7107736,-211.5188132,-338.4651472,-0.1003351055,337.9414365,259.6863659,259.6863659,338.4651472,0.1003351055
0.07657608549,-0.01846118862,-521.8590932,-246.7532003,-419.6235365,-0.02793356295,419.1016774,258.7199818,258.7199818,419.6235365,0.02793356295
0.07688257716,-0.018426301,-521.4378079,-293.6306766,-530.5782391,0.06635353571,530.0568013,258.4539087,258.4539087,530.5782391,-0.06635353571
0.07731025976,-0.01809272009,-524.3915251,-360.2170923,-662.1991404,0.1967041376,661.6747487,259.8650235,259.8650235,662.1991404,-0.1967041376
0.07773794237,-0.01743301027,-530.1239789,-426.4554058,-723.0525313,0.3235090315,722.522407,262.70089,262.70089,723.0525313,-0.3235090315
0.07817602464,-0.01643160807,-536.0933324,-491.3785621,-670.0932509,0.4473329016,669.5571571,265.7121113,265.7121113,670.0932509,-0.4473329016
0.07851644938,-0.01542256621,-538.3559752,-537.8275957,-529.4557151,0.5378275957,528.9173586,266.9137979,266.9137979,529.4557151,-0.5378275957
0.07851644938,-0.01542256621,-538.3559752,-537.8275957,-529.4557151,0.5378275957,528.9173586,266.9137979,266.9137979,529.4557151,-0.5378275957
0.07895945988,-36.98026665,-535.0655646,-535.0685493,-273.1956715,138.0902079,272.6604679,265.4654971,265.4654971,273.1956715,-138.0902079
0.0790626438,-45.34874892,-533.1413693,-533.3497323,-209.4295123,208.8963709,208.896162,264.5706846,264.5706846,209.4295123,-208.8963709
0.0790626438,-45.34874892,-533.1413693,-533.3497323,-209.4295123,208.8963709,208.896162,264.5706846,264.5706846,209.4295123,-208.8963709
0.07906286147,-16.27445109,-445.8612282,-533.3455941,-209.3563532,208.9977679,208.8230073,264.5685649,264.5685649,209.3563532,-208.9977679
0.07906303241,-8.696231759,-423.08157,-533.3422988,-209.3446826,209.0316532,208.81134,264.5669002,264.5669002,209.3446826,-209.0316532
0.07906321986,-5.606396271,-413.7627028,-533.3386696,-209.3475658,209.0531706,208.8142268,264.5650749,264.5650749,209.3475658,-209.0531706
0.07906340731,-4.520102105,-410.4544561,-533.3350346,-209.3564804,209.068698,208.8231451,264.5632496,264.5632496,209.3564804,-209.068698
0.07906360845,-4.126052224,-409.2193374,-533.3311319,-209.368384,209.083068,208.8350526,264.5612911,264.5612911,209.368384,-209.083068
0.07906382959,-3.9959512,-408.7708018,-533.3268405,-209.382408,209.0979847,208.8490809,264.5591379,264.5591379,209.382408,-209.0979847
0.07906408396,-3.961769788,-408.6012799,-533.3219044,-209.3989213,209.114832,208.8655991,264.5566614,264.5566614,209.3989213,-209.114832
0.07906438725,-3.961194945,-408.5197011,-533.3160191,-209.4187812,209.1348493,208.8854649,264.5537088,264.5537088,209.4187812,-209.1348493
0.07906476696,-3.972375578,-408.4532796,-533.3086516,-209.4437571,209.1599506,208.9104482,264.5500125,264.5500125,209.4437571,-209.1599506
0.07906527248,-3.989974816,-408.3730087,-533.298844,-209.4771488,209.1934929,208.9438497,264.5450919,264.5450919,209.4771488,-209.1934929
0.07906600976,-4.016038785,-408.2571616,-533.2845424,-209.5261203,209.2426819,208.9928355,264.5379165,264.5379165,209.5261203,-209.2426819
0.07906725803,-4.060161157,-408.0611036,-533.2603352,-209.6097627,209.3266921,209.0765021,264.5257709,264.5257709,209.6097627,-209.3266921
0.07907009446,-4.160249776,-407.6155348,-533.2053587,-209.8032328,209.5209981,209.2700271,264.4981855,264.4981855,209.8032328,-209.5209981
0.07907955851,-4.492478923,-406.1281741,-533.0222316,-210.4828924,210.2034486,209.9498699,264.4062806,264.4062806,210.4828924,-210.2034486
0.07912482075,-6.044118309,-399.0013126,-532.1538744,-214.4476651,214.1816027,213.915511,263.9701125,263.9701125,214.4476651,-214.1816027
0.07930615657,-11.60989103,-370.2781385,-528.8569674,-241.3405821,241.1286422,240.8117249,262.3081838,262.3081838,241.3405821,-241.1286422
0.07957812202,-17.82693948,-327.0029684,-524.7802401,-308.9842007,308.8546667,308.4594204,260.2359551,260.2359551,308.9842007,-308.8546667
0.07990128678,-21.57308276,-275.9443656,-521.869419,-416.8273263,416.7968907,416.3054569,258.726572,258.726572,416.8273263,-416.7968907
0.08030472764,-20.42323627,-213.7723234,-521.706107,-561.5309154,561.6245157,561.0092094,258.5725021,258.5725021,561.5309154,-561.6245157
0.08077276944,-11.25776559,-144.8678934,-525.9095759,-690.141343,690.376827,689.6154337,260.6098625,260.6098625,690.141343,-690.376827
0.08130787486,7.822036505,-70.77320418,-533.5534688,-711.0955892,711.4868853,710.5620361,264.4212577,264.4212577,711.0955892,-711.4868853
0.08184980055,33.02560511,-4.871327006e-12,-538.3614175,-529.2667486,529.8045808,528.7283877,266.9160756,266.9160756,529.2667486,-529.8045808
0.08184980055,33.02560511,-4.871327006e-12,-538.3614175,-529.2667486,529.8045808,528.7283877,266.9160756,266.9160756,529.2667486,-529.8045808
0.08184980055,33.02560511,-4.596271037e-16,-538.3614175,-529.2667486,529.8045808,528.7283877,266.9160756,266.9160756,529.2667486,-529.8045808
0.08184980055,33.02560511,-4.596271037e-16,-538.3614175,-529.2667486,529.8045808,528.7283877,266.9160756,266.9160756,529.2667486,-529.8045808
0.08239460316,37.57083214,207.2932796,-533.3947826,-2.753545838,210.5802174,2.220358881,264.5923679,264.5923679,2.753545838,-210.5802174
0.08239621067,37.58642719,208.506901,-533.362531,-0.533153491,209.5734165,1.441137861e-11,264.5767455,264.5767455,0.533153491,-209.5734165
0.08239621067,37.58642719,208.506901,-533.362531,-0.533153491,209.5734165,1.441137861e-11,264.5767455,264.5767455,0.533153491,-209.5734165
0.08239621067,37.58642719,208.506901,-533.362531,-0.533153491,209.5734165,1.441137861e-11,264.5767455,264.5767455,0.533153491,-209.5734165
0.08239621067,37.58642719,208.506901,-533.362531,-0.533153491,209.5734165,1.441137861e-11,264.5767455,264.5767455,0.533153491,-209.5734165
0.08239639557,10.95895835,208.5987856,-533.3588635,-0.3733737001,209.5055178,-79.88809563,264.5749457,264.5749457,0.3733737001,-209.5055178
0.08239658047,1.422198059,208.6394183,-533.3552475,-0.316138051,209.4889113,-108.5041205,264.573146,264.573146,0.316138051,-209.4889113
0.08239676537,-1.996139708,208.661716,-533.3516499,-0.2956128933,209.4906803,-118.7648997,264.5713463,264.5713463,0.2956128933,-209.4906803
0.08239695028,-3.224100102,208.6774628,-533.3480591,-0.2882299796,209.4990406,-122.4545569,264.5695467,264.5695467,0.2882299796,-209.4990406
0.08239715573,-3.69495209,208.692303,-533.344072,-0.2853880186,209.5110348,-123.8735379,264.5675472,264.5675472,0.2853880186,-209.5110348
0.08239737907,-3.857480427,208.707415,-533.3397392,-0.2843945211,209.525149,-124.3681132,264.5653737,264.5653737,0.2843945211,-209.525149
0.08239763675,-3.914474204,208.7244956,-533.334741,-0.2840313997,209.5418614,-124.5471664,264.5628662,264.5628662,0.2840313997,-209.5418614
0.08239794188,-3.937548011,208.7446395,-533.3288227,-0.2838678832,209.5618359,-124.6259555,264.5598971,264.5598971,0.2838678832,-209.5618359
0.08239832314,-3.95346985,208.7698471,-533.3214287,-0.2837409966,209.5869092,-124.6856893,264.5561875,264.5561875,0.2837409966,-209.5869092
0.08239882866,-3.971668398,208.8033946,-533.3116257,-0.2835901833,209.6202961,-124.7561777,264.5512694,264.5512694,0.2835901833,-209.6202961
0.08239956416,-3.997698485,208.8524715,-533.2973654,-0.2833733523,209.6691419,-124.8574386,264.5441148,264.5441148,0.2833733523,-209.6691419
0.08240080517,-4.041549586,208.9360006,-533.2733104,-0.2830076595,209.7522813,-125.0282159,264.5320457,264.5320457,0.2830076595,-209.7522813
0.08240361068,-4.140514705,209.1281737,-533.2189586,-0.2821807875,209.9435732,-125.4143804,264.5047741,264.5047741,0.2821807875,-209.9435732
0.08241291109,-4.466917928,209.798235,-533.0390776,-0.2794381067,210.6107119,-126.6954466,264.4145,264.4145,0.2794381067,-210.6107119
0.0824567414,-5.970154792,213.6277432,-532.1983283,-0.2664808741,214.4264222,-132.75178,263.992217,263.992217,0.2664808741,-214.4264222
0.08261384797,-10.86136656,235.8875341,-529.3195331,-0.2196389692,236.6364924,-154.7222284,262.541713,262.541713,0.2196389692,-236.6364924
0.0828752638,-17.12773969,297.830994,-525.2665024,-0.1405678144,298.4968281,-192.2003582,260.4842654,260.4842654,0.1405678144,-298.4968281
0.08319268317,-21.290824,401.282495,-522.131897,-0.04333502545,401.8479618,-239.1977729,258.8652856,258.8652856,0.04333502545,-401.8479618
0.08359253292,-20.84840463,545.3641124,-521.5503961,0.07964128733,545.8060216,-300.3231995,258.5025558,258.5025558,-0.07964128733,-545.8060216
0.08406172486,-12.43496668,680.9416971,-525.3704148,0.2222018339,681.2448659,-373.4457646,260.3448476,260.3448476,-0.2222018339,-681.2448659
0.0846007796,6.148503706,715.4582892,-532.9953688,0.3798559362,715.6114291,-456.0681133,264.1401452,264.1401452,-0.3798559362,-715.6114291
0.08515056355,31.44308535,546.5386866,-538.3003621,0.5294240649,546.5475634,-533.5892089,266.8771764,266.8771764,-0.5294240649,-546.5475634
0.08518314128,33.04215232,529.0409093,-538.362636,0.5378341329,529.0414383,-537.8341329,266.9170664,266.9170664,-0.5378341329,-529.0414383
0.08518314128,33.04215232,529.0409093,-538.362636,0.5378341329,529.0414383,-537.8341329,266.9170664,266.9170664,-0.5378341329,-529.0414383
0.08572938968,82.93232187,208.9291296,-533.1504776,208.9293385,0.5331504775,-533.3588736,264.5752388,264.5752388,-208.9293385,-0.5331504775
0.08572938968,82.93232187,208.9291296,-533.1504776,208.9293385,0.5331504775,-533.3588736,264.5752388,264.5752388,-208.9293385,-0.5331504775
0.08572960226,25.47056268,208.8566893,-446.9245459,209.0293417,0.3607027542,-533.3548336,264.5731688,264.5731688,-209.0293417,-0.3607027542
0.08572973824,11.97520084,208.8452574,-426.6601707,209.0584333,0.320176652,-533.3522145,264.5718447,264.5718447,-209.0584333,-0.320176652
0.08572990483,4.756889969,208.845239,-415.8065568,209.0801157,0.2984726682,-533.3489922,264.5702227,264.5702227,-209.0801157,-0.2984726682
0.08573007142,1.896003256,208.8517732,-411.4890722,209.0952783,0.2898409431,-533.3457634,264.5686007,264.5686007,-209.0952783,-0.2898409431
0.08573023801,0.7621268977,208.8609142,-409.7621003,209.1078668,0.286390243,-533.3425321,264.5669788,264.5669788,-209.1078668,-0.286390243
0.08573040459,0.312729409,208.8710983,-409.0618453,209.1194449,0.2849929767,-533.3393,264.565357,264.565357,-209.1194449,-0.2849929767
0.08573057118,0.1346165254,208.8817057,-408.7685165,209.1306325,0.2844095626,-533.3360676,264.5637352,264.5637352,-209.1306325,-0.2844095626
0.08573073777,0.06402388958,208.8924909,-408.6364675,209.1416753,0.2841487082,-533.3328352,264.5621134,264.5621134,-209.1416753,-0.2841487082
0.08573090505,0.03597481256,208.9034017,-408.5681245,209.1527163,0.2840152789,-533.3295894,264.560485,264.560485,-209.1527163,-0.2840152789
0.08573107701,0.02471571795,208.9146609,-408.524232,209.1640566,0.2839308417,-533.326253,264.5588111,264.5588111,-209.1640566,-0.2839308417
0.08573125864,0.02024293742,208.9265837,-408.4889993,209.1760428,0.2838639123,-533.3227291,264.5570432,264.5570432,-209.1760428,-0.2838639123
0.08573145712,0.01852897163,208.9396393,-408.4552589,209.1891582,0.2838002952,-533.3188785,264.5551113,264.5551113,-209.1891582,-0.2838002952
0.08573168128,0.01792260925,208.9544143,-408.4191462,209.2039966,0.2837324332,-533.3145298,264.5529296,264.5529296,-209.2039966,-0.2837324332
0.08573194328,0.017735016,208.9717221,-408.3777173,209.2213771,0.2836546753,-533.3094473,264.5503796,264.5503796,-209.2213771,-0.2836546753
0.08573226162,0.01768810372,208.9928055,-408.3276523,209.2425483,0.2835607412,-533.3032726,264.5472817,264.5472817,-209.2425483,-0.2835607412
0.0857326678,0.01768004823,209.0197942,-408.2638466,209.2696489,0.283441035,-533.2953946,264.5433291,264.5433291,-209.2696489,-0.283441035
0.08573322163,0.01768000385,209.0567498,-408.1768614,209.3067569,0.283277842,-533.2846543,264.5379404,264.5379404,-209.3067569,-0.283277842
0.08573406307,0.01768136802,209.1132427,-408.0446991,209.3634814,0.2830298889,-533.2683394,264.5297546,264.5297546,-209.3634814,-0.2830298889
0.08573556565,0.01768388256,209.2151603,-407.8086722,209.4658127,0.2825870624,-533.2392145,264.515141,264.515141,-209.4658127,-0.2825870624
0.08573820235,0.0176882911,209.397211,-407.3944328,209.6485896,0.2818098462,-533.1881347,264.4895096,264.4895096,-209.6485896,-0.2818098462
0.08574263765,0.01769567144,209.7126416,-406.6974433,209.9652421,0.2805020245,-533.1022941,264.446431,264.446431,-209.9652421,-0.2805020245
0.08574897866,0.01770617153,210.1835607,-405.7005901,210.4379094,0.2786313283,-532.9797568,264.3849259,264.3849259,-210.4379094,-0.2786313283
0.08576734385,0.01773617973,211.6788876,-402.8109371,211.9383069,0.2732071023,-532.6261777,264.207386,264.207386,-211.9383069,-0.2732071023
0.08581223083,0.01780703494,216.1394247,-395.733627,216.4112848,0.2599116502,-531.7714833,263.7778019,263.7778019,-216.4112848,-0.2599116502
0.08588895861,0.01791994457,226.2996303,-383.595182,226.5929135,0.23706678,-530.3496465,263.061792,263.061792,-226.5929135,-0.23706678
0.08599450404,0.01805823697,245.1121122,-366.8369513,245.4351923,0.2054194398,-528.4993695,262.1272314,262.1272314,-245.4351923,-0.2054194398
0.08613328198,0.01820983838,277.3477434,-344.7502998,277.7105826,0.1634693849,-526.308399,261.0156074,261.0156074,-277.7105826,-0.1634693849
0.08631169348,0.01835385784,328.9279181,-316.3816967,329.3428232,0.1090936108,-523.9986013,259.8348913,259.8348913,-329.3428232,-0.1090936108
0.08653811924,0.01845359532,405.5846754,-280.6275029,406.0671099,0.03961300311,-522.0475477,258.8210013,258.8210013,-406.0671099,-0.03961300311
0.08683033308,0.01844434501,511.4772084,-235.2584477,512.0488386,-0.05030090181,-521.3293247,258.4088986,258.4088986,-512.0488386,0.05030090181
0.0872721878,0.01813577176,652.1361315,-169.0536705,652.8453109,-0.1852099432,-523.9696055,259.6586421,259.6586421,-652.8453109,0.1852099432
0.08771404252,0.01747830916,721.6253683,-106.2412359,722.4716842,-0.3165559047,-529.7603184,262.5191882,262.5191882,-722.4716842,0.3165559047
0.08816240259,0.01646754921,673.0840014,-45.83354207,674.0635382,-0.4435983074,-535.9389191,265.6326958,265.6326958,-674.0635382,0.4435983074
0.08851645591,0.0154194885,528.6193049,2.717489557e-14,529.6954921,-0.5378292862,-538.3584434,266.9146431,266.9146431,-529.6954921,0.5378292862
0.08851645591,0.0154194885,528.6193049,2.717489557e-14,529.6954921,-0.5378292862,-538.3584434,266.9146431,266.9146431,-529.6954921,0.5378292862
0.08896860614,37.72313276,123.5203297,143.2361543,267.8263482,-143.7710962,-535.0659924,265.3993505,265.3993505,-267.8263482,143.7710962
0.08906280524,45.35844875,1.078274311e-10,208.4670002,209.5335052,-209.0003569,-533.3572243,264.5741121,264.5741121,-209.5335052,209.0003569
0.08906280524,45.35844875,1.078274311e-10,208.4670002,209.5335052,-209.0003569,-533.3572243,264.5741121,264.5741121,-209.5335052,209.0003569
0.08906280524,45.35844875,1.078274311e-10,208.4670002,209.5335052,-209.0003569,-533.3572243,264.5741121,264.5741121,-209.5335052,209.0003569
0.08906280524,45.35844875,1.078274311e-10,208.4670002,209.5335052,-209.0003569,-533.3572243,264.5741121,264.5741121,-209.5335052,209.0003569
0.08906299005,18.75396987,-79.85843542,208.5588521,209.465633,-209.0922053,-533.353558,264.5723129,264.5723129,-209.465633,209.0922053
0.08906317487,9.229329968,-108.4774026,208.5994847,209.4490206,-209.1328344,-533.3499432,264.5705137,264.5705137,-209.4490206,209.1328344
0.0890633629,5.788572586,-118.8455208,208.6220959,209.4508882,-209.1554418,-533.3462844,264.5686834,264.5686834,-209.4508882,209.1554418
0.08906355237,4.577073388,-122.526222,208.6381351,209.4595586,-209.1714774,-533.3426044,264.5668391,264.5668391,-209.4595586,209.1714774
0.08906375346,4.144782988,-123.8721279,208.6526201,209.471344,-209.1859585,-533.3387016,264.5648818,264.5648818,-209.471344,209.1859585
0.08906397421,4.001583348,-124.3555549,208.667555,209.4853035,-209.2008892,-533.3344184,264.5627332,264.5627332,-209.4853035,209.2008892
0.08906422683,3.963245727,-124.5321629,208.6843049,209.5016903,-209.2176341,-533.3295175,264.5602746,264.5602746,-209.5016903,209.2176341
0.0890645272,3.961379651,-124.6109913,208.7041381,209.5213542,-209.2374615,-533.3236909,264.5573514,264.5573514,-209.5213542,209.2374615
0.08906490166,3.972094554,-124.6701321,208.7288992,209.5459825,-209.2622154,-533.3164276,264.5537075,264.5537075,-209.5459825,209.2622154
0.08906539786,3.98931442,-124.7394195,208.7618286,209.5787541,-209.2951351,-533.3068042,264.5488794,264.5488794,-209.5787541,209.2951351
0.08906611639,4.014706355,-124.8383518,208.8097685,209.6264682,-209.3430611,-533.2928709,264.5418889,264.5418889,-209.6264682,209.3430611
0.08906731866,4.057196279,-125.0037954,208.8906636,209.7069857,-209.4239329,-533.2695632,264.5301947,264.5301947,-209.7069857,209.4239329
0.08906998125,4.151144749,-125.370274,209.0728447,209.8883305,-209.6060624,-533.2179712,264.504308,264.504308,-209.8883305,209.6060624
0.08907815134,4.43811056,-126.4955227,209.6578169,210.4707354,-210.1908765,-533.0598955,264.4249789,264.4249789,-210.4707354,210.1908765
0.08910754794,5.454097629,-130.5532561,212.0827555,212.886425,-212.6152496,-532.4943175,264.1409818,264.1409818,-212.886425,212.6152496
0.08926737751,10.50482445,-152.8656778,233.5231351,234.2762559,-234.0526779,-529.5430381,262.6546457,262.6546457,-234.2762559,234.0526779
0.08952761541,16.87071778,-190.1148059,293.7655091,294.4358867,-294.2909596,-525.4506577,260.5783736,260.5783736,-294.4358867,294.2909596
0.08983775843,21.1549578,-235.9491991,393.6532787,394.2255179,-394.1755444,-522.26566,258.9359784,258.9359784,-394.2255179,394.1755444
0.09022839693,21.13056192,-295.552815,534.6173542,535.0686191,-535.1388068,-521.4525155,258.4589842,258.4589842,-535.0686191,535.1388068
0.09068343806,13.60652996,-366.4313273,671.2335131,671.54964,-671.7583435,-524.8302272,260.0796012,260.0796012,-671.54964,671.7583435
0.09120854039,-3.723798041,-447.2513995,720.3658377,720.5349048,-720.8979828,-532.1447745,263.7123859,263.7123859,-720.5349048,720.8979828
0.09176006743,-28.63547808,-526.0297774,575.2296731,575.25324,-575.7677739,-538.1003252,266.762805,266.762805,-575.25324,575.7677739
0.09184980983,-33.02713753,-537.8345861,529.1205898,529.1211189,-529.6589535,-538.3631689,266.9172931,266.9172931,-529.1211189,529.6589535
0.09184980983,-33.02713753,-537.8345861,529.1205898,529.1211189,-529.6589535,-538.3631689,266.9172931,266.9172931,-529.1211189,529.6589535
0.09239611018,-37.58345594,-533.3610925,208.9642879,0.5331526612,-209.4976496,-533.1526613,264.5763307,264.5763307,-0.5331526612,209.4976496
0.09239611018,-37.58345594,-533.3610925,208.9642879,0.5331526612,-209.4976496,-533.1526613,264.5763307,264.5763307,-0.5331526612,209.4976496
0.09239631501,-9.402373035,-533.3572016,208.8930186,0.3640495698,-209.4263761,-448.5991212,264.5743363,264.5743363,-0.3640495698,209.4263761
0.09239645142,-2.338358342,-533.3545756,208.8806794,0.3216543565,-209.4140343,-427.4001865,264.5730083,264.5730083,-0.3216543565,209.4140343
0.09239660953,1.307479322,-533.3515181,208.8800175,0.2997664027,-209.4133694,-416.4546703,264.5714689,264.5714689,-0.2997664027,209.4133694
0.09239676765,2.825390488,-533.3484544,208.8857542,0.2906459899,-209.419103,-411.8929246,264.5699296,264.5699296,-0.2906459899,209.419103
0.09239694003,3.493817284,-533.3451113,208.8949851,0.2866213029,-209.4283305,-409.8789029,264.5682515,264.5682515,-0.2866213029,209.4283305
0.0923971304,3.769783025,-533.3414184,208.9065854,0.2849498995,-209.4399271,-409.0413481,264.5663984,264.5663984,-0.2849498995,209.4399271
0.09239734639,3.877535728,-533.337228,208.9203892,0.284285663,-209.4537267,-408.7071274,264.5642959,264.5642959,-0.284285663,209.4537267
0.09239759837,3.918968599,-533.3323392,208.9367813,0.2840163794,-209.4701139,-408.5700329,264.5618432,264.5618432,-0.2840163794,209.4701139
0.09239790304,3.9384395,-533.3264287,208.9567421,0.2838745255,-209.4900688,-408.4961406,264.5588779,264.5588779,-0.2838745255,209.4900688
0.09239828825,3.953803909,-533.3189561,208.9820866,0.2837506658,-209.5154058,-408.4304618,264.5551289,264.5551289,-0.2837506658,209.5154058
0.09239880667,3.972365972,-533.3089008,209.0163394,0.2835966201,-209.5496485,-408.3483941,264.550084,264.550084,-0.2835966201,209.5496485
0.09239957279,3.999473572,-533.2940437,209.0672487,0.2833708113,-209.600543,-408.2280356,264.5426299,264.5426299,-0.2833708113,209.600543
0.09240089679,4.046258537,-533.2683745,209.1560461,0.2829806584,-209.6893147,-408.0200799,264.5297507,264.5297507,-0.2829806584,209.6893147
0.09240404925,4.157444691,-533.207292,209.3716241,0.2820515074,-209.9048316,-407.5248549,264.4991012,264.4991012,-0.2820515074,209.9048316
0.09241508329,4.544286854,-532.9939119,210.1720198,0.2787971838,-210.705014,-405.7906012,264.3920093,264.3920093,-0.2787971838,210.705014
0.09246981824,6.408914921,-531.9465773,215.1760267,0.2626051685,-215.7079735,-397.1684162,263.8658319,263.8658319,-0.2626051685,215.7079735
0.0926430021,11.68156579,-528.8114831,241.5230747,0.2108842825,-242.0518864,-369.7272267,262.2850854,262.2850854,-0.2108842825,242.0518864
0.09291417892,17.84970408,-524.7610473,309.2653568,0.1287029924,-309.790118,-326.5774515,260.2259553,260.2259553,-0.1287029924,309.790118
0.09323636703,21.55653129,-521.8745582,416.8902985,0.02989812313,-417.4121731,-275.6779105,258.7288489,258.7288489,-0.02989812313,417.4121731
0.09364450546,20.3279784,-521.7471306,563.1085144,-0.09557477764,-563.6302614,-212.8045744,258.5919632,258.5919632,0.09557477764,563.6302614
0.09411998211,10.84580649,-526.097066,692.039467,-0.2396286828,-692.5655638,-142.888052,260.7023934,260.7023934,0.2396286828,692.5655638
0.09466375365,-8.800821942,-533.8671836,707.2772959,-0.3976485506,-707.8111627,-67.75547901,264.5797543,264.5797543,0.3976485506,707.8111627
0.09518312612,-33.03952916,-538.3593369,528.5712535,-0.5378302278,-529.1096123,1.101319069e-11,266.9151139,266.9151139,0.5378302278,529.1096123
0.09518312612,-33.03952916,-538.3593369,528.5712535,-0.5378302278,-529.1096123,1.101319069e-11,266.9151139,266.9151139,0.5378302278,529.1096123
0.09572689766,-82.70686271,-533.4081149,3.507385608,-207.0584051,-4.040586665,206.525001,264.5987747,264.5987747,207.0584051,4.040586665
0.09572943862,-82.93636707,-533.3571709,1.208247327e-11,-208.9748591,-0.5331481962,208.4415024,264.5740981,264.5740981,208.9748591,0.5331481962
0.09572943862,-82.93636707,-533.3571709,1.208247327e-11,-208.9748591,-0.5331481962,208.4415024,264.5740981,264.5740981,208.9748591,0.5331481962
0.09572943862,-82.93636707,-533.3571709,1.208247327e-11,-208.9748591,-0.5331481962,208.4415024,264.5740981,264.5740981,208.9748591,0.5331481962
0.09572943862,-82.93636707,-533.3571709,1.208247327e-11,-208.9748591,-0.5331481962,208.4415024,264.5740981,264.5740981,208.9748591,0.5331481962
0.09572963193,-28.34736589,-533.3533374,-81.91000947,-209.069308,-0.3693244131,208.535955,264.572216,264.572216,209.069308,0.3693244131
0.09572982524,-9.696691285,-533.3495579,-109.9125836,-209.1098715,-0.3133155009,208.5765223,264.570334,264.570334,209.1098715,0.3133155009
0.09573001856,-3.324571483,-533.3457971,-119.4973445,-209.1320393,-0.2941422152,208.5986938,264.5684521,264.5684521,209.1320393,0.2941422152
0.09573021187,-1.14749698,-533.3420427,-122.7895444,-209.1479366,-0.2875540518,208.6145949,264.5665703,264.5665703,209.1479366,0.2875540518
0.09573040518,-0.4036860287,-533.3382907,-123.9318517,-209.1617061,-0.2852656737,208.6283681,264.5646885,264.5646885,209.1617061,0.2852656737
0.09573059849,-0.1495585636,-533.3345396,-124.3396351,-209.1747632,-0.2844463435,208.6414289,264.5628069,264.5628069,209.1747632,0.2844463435
0.0957307918,-0.06273453439,-533.330789,-124.4964642,-209.1875913,-0.2841289221,208.6542608,264.5609253,264.5609253,209.1875913,0.2841289221
0.09573098511,-0.03307077396,-533.3270386,-124.5675537,-209.2003558,-0.2839829802,208.667029,264.5590438,264.5590438,209.2003558,0.2839829802
0.09573117842,-0.02293617801,-533.3232884,-124.6093499,-209.213113,-0.2838956248,208.67979,264.5571623,264.5571623,209.213113,0.2838956248
0.09573138119,-0.01938187737,-533.3193549,-124.6425776,-209.2265074,-0.2838252227,208.6931884,264.555189,264.555189,209.2265074,0.2838252227
0.09573160249,-0.01817588847,-533.3150623,-124.6748325,-209.2411495,-0.2837564057,208.7078347,264.5530354,264.5530354,209.2411495,0.2837564057
0.0957318542,-0.01780082688,-533.3101801,-124.710026,-209.2578373,-0.28368112,208.7245274,264.5505859,264.5505859,209.2578373,0.28368112
0.09573215211,-0.0177016957,-533.3044021,-124.7511637,-209.277636,-0.2835930469,208.7443319,264.5476871,264.5476871,209.277636,0.2835930469
0.09573252161,-0.01768180235,-533.2972362,-124.8020348,-209.3022653,-0.2834841141,208.7689684,264.5440919,264.5440919,209.3022653,0.2834841141
0.09573300823,-0.01767980011,-533.2878002,-124.8689957,-209.3348231,-0.283340724,208.8015356,264.5393577,264.5393577,209.3348231,0.283340724
0.09573370698,-0.01768077425,-533.2742527,-124.9651497,-209.3818188,-0.2831348216,208.8485448,264.5325605,264.5325605,209.3818188,0.2831348216
0.09573486002,-0.01768270246,-533.2519028,-125.1238335,-209.4599966,-0.2827950262,208.9267449,264.5213466,264.5213466,209.4599966,0.2827950262
0.0957373364,-0.01768684421,-533.2039252,-125.4647111,-209.6305415,-0.2820651235,209.0973379,264.4972729,264.4972729,209.6305415,0.2820651235
0.09574530824,-0.01770010428,-533.0496979,-126.5627264,-210.2039648,-0.2797142945,209.6709154,264.4198737,264.4198737,210.2039648,0.2797142945
0.09577341199,-0.01774596487,-532.5089208,-130.4419082,-212.5194099,-0.271412846,211.9869012,264.1483312,264.1483312,212.5194099,0.271412846
0.09583191513,-0.01783699095,-531.4008367,-138.5588051,-218.7678407,-0.2540647359,218.2364401,263.5911731,263.5911731,218.7678407,0.2540647359
0.09592149629,-0.01796468546,-529.764283,-151.0980194,-231.8720729,-0.2273366746,231.3423088,262.7663567,262.7663567,231.8720729,0.2273366746
0.09603882925,-0.01811040331,-527.7665294,-167.7262871,-254.9228099,-0.192059368,254.3950436,261.7559711,261.7559711,254.9228099,0.192059368
0.09619275179,-0.01826422492,-525.4700031,-189.8917826,-293.84182,-0.1453929762,293.3163501,260.5882707,260.5882707,293.84182,0.1453929762
0.09638863315,-0.0183981963,-523.2060202,-218.6618602,-354.3687208,-0.08552836871,353.8455149,259.4260446,259.4260446,354.3687208,0.08552836871
0.0966374599,-0.01846790912,-521.5724298,-256.0427659,-441.9495764,-0.009045460886,441.428004,258.5654964,258.5654964,441.9495764,0.009045460886
0.09696722491,-0.0183865327,-521.6986002,-306.7309038,-560.1628276,0.0923227561,559.6411289,258.5695257,258.5695257,560.1628276,-0.0923227561
0.09736871154,-0.01802158576,-525.0460933,-369.3333672,-675.9050011,0.2142958067,675.3799547,260.1854638,260.1854638,675.9050011,-0.2142958067
0.09777019817,-0.01737031267,-530.5953541,-431.3682809,-723.8058895,0.3328641502,723.2752938,262.9362058,262.9362058,723.8058895,-0.3328641502
0.09818822476,-0.0163991552,-536.2260412,-493.1154301,-666.8778541,0.45067071,666.3416276,265.7800751,265.7800751,666.8778541,-0.45067071
0.09851647108,-0.01542430843,-538.361778,-537.8331748,-529.679387,0.5378331748,529.1410247,266.9165874,266.9165874,529.679387,-0.5378331748
0.09851647108,-0.01542430843,-538.361778,-537.8331748,-529.679387,0.5378331748,529.1410247,266.9165874,266.9165874,529.679387,-0.5378331748
0.09894182233,-35.53616634,-535.3611029,-535.3318029,-284.1212832,127.4106172,283.5857947,265.6024638,265.6024638,284.1212832,-127.4106172
0.09906279185,-45.35630784,-533.1517023,-533.3601484,-209.5126349,208.9794832,208.9792742,264.5758512,264.5758512,209.5126349,-208.9794832
0.09906279185,-45.35630779,-533.1517022,-533.3601484,-209.5126349,208.9794832,208.9792742,264.5758512,264.5758512,209.5126349,-208.9794832
0.09906300818,-16.36827835,-446.1307241,-533.3560373,-209.4396426,209.0805287,208.9062862,264.573745,264.573745,209.4396426,-209.0805287
0.09906317554,-8.828230374,-423.4665249,-533.3528121,-209.4278508,209.114062,208.8944977,264.5721157,264.5721157,209.4278508,-209.114062
0.09906336107,-5.670466971,-413.9443828,-533.3492214,-209.4304009,209.1356527,208.8970514,264.5703095,264.5703095,209.4304009,-209.1356527
0.09906354661,-4.548193829,-410.5287079,-533.3456247,-209.4390778,209.1511574,208.9057319,264.5685034,264.5685034,209.4390778,-209.1511574
0.09906374569,-4.136354305,-409.2407681,-533.3417632,-209.4507878,209.1654394,208.9174457,264.5665656,264.5665656,209.4507878,-209.1654394
0.0990639643,-3.998444635,-408.7694761,-533.3375221,-209.4646169,209.1802068,208.9312791,264.5644376,264.5644376,209.4646169,-209.1802068
0.09906421541,-3.961086405,-408.5912876,-533.3326506,-209.4808993,209.1968407,208.9475664,264.5619936,264.5619936,209.4808993,-209.1968407
0.09906451417,-3.959324945,-408.5073488,-533.3268549,-209.5004482,209.2165517,208.967121,264.5590858,264.5590858,209.5004482,-209.2165517
0.09906488706,-3.969992979,-408.4411903,-533.3196216,-209.5249606,209.2411891,208.9916407,264.5554569,264.5554569,209.5249606,-209.2411891
0.09906538122,-3.987139269,-408.3625603,-533.3100371,-209.5575799,209.2739561,209.0242696,264.5506482,264.5506482,209.5575799,-209.2739561
0.09906609665,-4.012421843,-408.2501332,-533.2961633,-209.6050612,209.3216483,209.0717648,264.5436875,264.5436875,209.6050612,-209.3216483
0.09906729219,-4.05467588,-408.0623563,-533.2729844,-209.6850807,209.4020201,209.1518075,264.5320578,264.5320578,209.6850807,-209.4020201
0.09906992804,-4.14768566,-407.6483049,-533.2219072,-209.8644727,209.5821889,209.3312505,264.5064291,264.5064291,209.8644727,-209.5821889
0.09907856126,-4.450878675,-406.2915949,-533.0548698,-210.4805643,210.2008263,209.9475092,264.422601,264.422601,210.4805643,-210.2008263
0.09911954637,-5.859707654,-399.8396324,-532.2679128,-213.9928471,213.7252225,213.4605789,264.0273599,264.0273599,213.9928471,-213.7252225
0.0992964967,-11.33366925,-371.8202815,-529.0374072,-239.5424973,239.3276553,239.0134597,262.3993043,262.3993043,239.5424973,-239.3276553
0.09956608444,-17.60185965,-328.9241521,-524.9472171,-305.4469734,305.3137676,304.9220261,260.3212141,260.3212141,305.4469734,-305.3137676
0.09988523767,-21.47702454,-278.4670482,-521.9716886,-411.0482532,411.0128803,410.5262815,258.7805988,258.7805988,411.0482532,-411.0128803
0.1,-21.88541543,-260.5421891,-521.4810175,-452.5667772,452.5667218,452.0452962,258.5144861,258.5144861,452.5667772,-452.5667218
