time,medium.u,U,medium.uˍt
0,112340.4,111844529.5,1004.43357
1e-06,112340.401,111844530.5,1004.43357
0.0001765542072,112340.5773,111844706,1004.43357
0.00193209628,112342.3407,111846461.6,1004.43357
0.019487517,112359.9739,111864017,1004.43357
0.1950417242,112536.3065,112039571.2,1004.43357
1.950583797,114299.6318,113795113.3,1004.43357
19.50600452,131932.8858,131350534,1004.43357
100,212783.757,211844529.5,1004.43357
