time,opAmp.outp.v,resistor.i,resistor1.i,opAmp.x,opAmp.v_source,opAmp.v_in,opAmp.q_fr3,opAmp.q_fr1,opAmp.q_fr2,opAmp.q_fp1
0,0,-0,0,0,0,-0.001,0,0,0,0
7.852946441e-09,-5.266160914e-07,7.31496101e-08,-6.94356364e-09,-9.798439039e-09,-9.798439039e-09,-0.0008606021111,-0.0002043636128,-8.383797802e-05,-0.0002405242509,-4.843211529e-06
1.13298181e-08,-3.663253565e-07,9.447665201e-08,-4.507601785e-09,-3.100266286e-08,-3.100266286e-08,-0.0009094816389,-0.0002736107906,-0.0001179313087,-0.0003020778379,-1.008237877e-05
2.113411612e-08,6.252463035e-07,1.372799315e-07,1.100251242e-08,-1.952527804e-07,-1.952527804e-07,-0.001220675495,-0.000442039782,-0.0002262936463,-0.0004713627168,-3.202709172e-05
2.880971386e-08,1.575901452e-06,1.620909824e-07,2.748577562e-08,-4.737124592e-07,-4.737124592e-07,-0.001551291414,-0.0005988276924,-0.0003328313493,-0.0006346097928,-5.694110883e-05
4.101908664e-08,2.898733279e-06,1.960236976e-07,5.648152633e-08,-1.315640696e-06,-1.315640696e-06,-0.00213252926,-0.0009092283711,-0.0005480696253,-0.0009538672341,-0.0001142148854
5.527630561e-08,3.648958345e-06,2.329457929e-07,9.173141418e-08,-3.203530531e-06,-3.203530531e-06,-0.002838277242,-0.001342621396,-0.0008674004284,-0.001394273955,-0.0002143706035
7.483232522e-08,2.364116466e-06,2.826400565e-07,1.406729753e-07,-8.168625808e-06,-8.168625808e-06,-0.003815823623,-0.002019739479,-0.001407607923,-0.002077896633,-0.0004196396078
9.988544156e-08,-5.1528842e-06,3.462185273e-07,2.037075991e-07,-2.046960077e-05,-2.046960077e-05,-0.005068999098,-0.002983817886,-0.002236162554,-0.003047806347,-0.0008113159121
1.358488073e-07,-3.309513142e-05,4.379508296e-07,2.948172175e-07,-5.545463622e-05,-5.545463622e-05,-0.006863249218,-0.004497417078,-0.00361707993,-0.004566947308,-0.001652201071
1.83409573e-07,-0.0001157138855,5.606534105e-07,4.168966367e-07,-0.0001478489874,-0.0001478489874,-0.009222218848,-0.006643555523,-0.00566146439,-0.006717179856,-0.003309851228
2.406537183e-07,-0.000313751749,7.114178929e-07,5.672214393e-07,-0.0003586464951,-0.0003586464951,-0.01203067704,-0.009335409311,-0.008295462371,-0.009411076419,-0.006174436765
3.112067788e-07,-0.0007614359823,9.037073034e-07,7.594393159e-07,-0.0008241047008,-0.0008241047008,-0.01542735033,-0.01269997961,-0.01163972416,-0.01277579221,-0.01104668281
3.971863446e-07,-0.001707805265,1.150944841e-06,1.007273531e-06,-0.001796159319,-0.001796159319,-0.01943766536,-0.016756051,-0.01570886826,-0.01683014438,-0.01898832006
5.041738046e-07,-0.003668782493,1.484046623e-06,1.342103099e-06,-0.003796956094,-0.003796956094,-0.02417327949,-0.02161740165,-0.0206159432,-0.02168770303,-0.03186949697
6.399896076e-07,-0.007701689587,1.95741352e-06,1.819075197e-06,-0.007895882899,-0.007895882899,-0.02967981435,-0.02734990988,-0.02643378188,-0.02741369503,-0.05275226585
8.174980534e-07,-0.0160766911,2.678239119e-06,2.546596498e-06,-0.01638826102,-0.01638826102,-0.03585523887,-0.03389574089,-0.03312143472,-0.03394902828,-0.08693334477
1.031332388e-06,-0.0314690217,3.721900433e-06,3.600505161e-06,-0.03197507725,-0.03197507725,-0.04154108151,-0.0400979559,-0.03952300312,-0.04013676242,-0.1367392381
1.266778991e-06,-0.05552708865,5.107015928e-06,4.998440332e-06,-0.05631842484,-0.05631842484,-0.04544171798,-0.04460070723,-0.04425968398,-0.04462276605,-0.1995434933
1.525752638e-06,-0.09036819406,6.909637939e-06,6.815454565e-06,-0.09155711461,-0.09155711461,-0.04694089725,-0.04673644494,-0.04664414423,-0.04674092982,-0.2740628208
1.802927967e-06,-0.1361951598,9.124413165e-06,9.044284346e-06,-0.1378949448,-0.1378949448,-0.04569052712,-0.04607054284,-0.0462080234,-0.04605902377,-0.35508526
2.098844091e-06,-0.1925610181,1.173898299e-05,1.167078588e-05,-0.1948805346,-0.1948805346,-0.04185469952,-0.04269292613,-0.04301208536,-0.04266900366,-0.4377604579
2.412759018e-06,-0.2574314376,1.468478048e-05,1.462472045e-05,-0.2604590274,-0.2604590274,-0.03606297137,-0.037170211,-0.03759793534,-0.03713918427,-0.5165581198
2.74685027e-06,-0.3281869026,1.788066617e-05,1.782387951e-05,-0.3319850954,-0.3319850954,-0.02929068764,-0.03044533237,-0.03089527928,-0.03041334247,-0.5873854827
3.103181299e-06,-0.401452652,2.121953127e-05,2.116084362e-05,-0.4060506101,-0.4060506101,-0.0227642204,-0.0237481509,-0.02413468614,-0.02372118146,-0.6476898277
3.480838842e-06,-0.4732170721,2.456484025e-05,2.449984065e-05,-0.4786036882,-0.4786036882,-0.01777974076,-0.01842525731,-0.01868181418,-0.01840784088,-0.6971494982
3.87036068e-06,-0.5391971031,2.774867145e-05,2.767499737e-05,-0.5453167062,-0.5453167062,-0.0153028443,-0.01554314513,-0.01564218951,-0.01553699213,-0.7380461646
4.267720347e-06,-0.5985057993,3.072970673e-05,3.064743525e-05,-0.6052931504,-0.6052931504,-0.01544290565,-0.01531710978,-0.01527256935,-0.01532101346,-0.7759462389
4.675321762e-06,-0.653184025,3.358070848e-05,3.349185994e-05,-0.6605947947,-0.6605947947,-0.0176531738,-0.01727609528,-0.0171318638,-0.01728679552,-0.817201521
5.097642458e-06,-0.7066522101,3.642613513e-05,3.633391658e-05,-0.7146771454,-0.7146771454,-0.02102612142,-0.0205509472,-0.02036644828,-0.02056417458,-0.867110802
5.541519048e-06,-0.7630897219,3.94222385e-05,3.933018063e-05,-0.7717626584,-0.7717626584,-0.02451389072,-0.02409331713,-0.02392834532,-0.02410486833,-0.9293157045
6.010615607e-06,-0.8260919543,4.269843808e-05,4.260947969e-05,-0.8354833549,-0.8354833549,-0.02709763947,-0.02684508101,-0.02674458019,-0.02685188371,-1.004536859
6.491211416e-06,-0.8956202021,4.622003494e-05,4.613549923e-05,-0.905797516,-0.905797516,-0.02808978249,-0.02804008814,-0.02801857438,-0.02804126426,-1.087620347
6.977637964e-06,-0.9705704852,4.993717672e-05,4.985658527e-05,-0.9815890078,-0.9815890078,-0.02756122014,-0.02767309447,-0.02771519743,-0.02766985553,-1.172882727
7.478202922e-06,-1.050505245,5.385688819e-05,5.377860648e-05,-1.06241743,-1.06241743,-0.02606688478,-0.02625714189,-0.02633077195,-0.02625182309,-1.257641549
8.0025491e-06,-1.13467203,5.797855101e-05,5.790051465e-05,-1.147524609,-1.147524609,-0.0243382628,-0.02451532864,-0.02458471482,-0.02451045905,-1.341015211
8.561369104e-06,-1.222566585,6.23119345e-05,6.223239966e-05,-1.236403264,-1.236403264,-0.02308140842,-0.02317709408,-0.02321525266,-0.02317452446,-1.424280878
9.134869727e-06,-1.309872426,6.666270106e-05,6.65810134e-05,-1.324690045,-1.324690045,-0.02274784176,-0.0227467735,-0.02274718148,-0.02274688008,-1.506507281
9.714980374e-06,-1.395782607,7.098288868e-05,7.089955948e-05,-1.411568443,-1.411568443,-0.0232085828,-0.02314351521,-0.0231185851,-0.0231453577,-1.589720966
1.03200945e-05,-1.484389393,7.54546209e-05,7.537074054e-05,-1.501175119,-1.501175119,-0.02402541785,-0.0239478935,-0.02391763806,-0.0239500371,-1.678963085
1.096673559e-05,-1.57965471,8.025132491e-05,8.016798314e-05,-1.59751472,-1.59751472,-0.02470495224,-0.02465973036,-0.02464176844,-0.02466095153,-1.777567213
1.16461225e-05,-1.681297758,8.534191113e-05,8.525960854e-05,-1.700301961,-1.700301961,-0.02489441324,-0.02489620694,-0.02489656904,-0.02489612578,-1.883245784
1.232745032e-05,-1.784528865,9.048995943e-05,9.040840172e-05,-1.804693461,-1.804693461,-0.02463916977,-0.02466929111,-0.02468089043,-0.02466844365,-1.989161481
1.304937096e-05,-1.894263421,9.595631881e-05,9.587487984e-05,-1.915661013,-1.915661013,-0.02423417525,-0.02426376565,-0.02427536972,-0.02426295267,-2.099822681
1.383192633e-05,-2.012577203,0.0001018601449,0.0001017783034,-2.035304904,-2.035304904,-0.02398886485,-0.02399778846,-0.02400141753,-0.02399755539,-2.218017371
1.462960416e-05,-2.132256222,0.0001078465051,0.0001077642326,-2.156330461,-2.156330461,-0.02402842964,-0.02401935961,-0.02401590799,-0.02401961863,-2.33789954
1.545836603e-05,-2.25615187,0.0001140500401,0.0001139676552,-2.281620584,-2.281620584,-0.02420123391,-0.0241896259,-0.02418507996,-0.02418994541,-2.463043498
1.637212593e-05,-2.392950291,0.0001208949114,0.0001208127205,-2.419958373,-2.419958373,-0.0243041186,-0.02430211114,-0.02430126563,-0.02430216085,-2.60191854
1.730960868e-05,-2.533688909,0.0001279290336,0.0001278470446,-2.562280104,-2.562280104,-0.02425198204,-0.02425778025,-0.02426001428,-0.02425761724,-2.74457917
1.829679452e-05,-2.681931121,0.0001353359882,0.0001352540152,-2.712189656,-2.712189656,-0.02414918341,-0.02415412993,-0.02415607615,-0.02415399463,-2.894265496
1.940886757e-05,-2.848569604,0.0001436660226,0.0001435839512,-2.880702672,-2.880702672,-0.02410941975,-0.02410945238,-0.02410948278,-0.02410945313,-3.062320086
2.052094061e-05,-3.014894122,0.000151983166,0.0001519010709,-3.048898408,-3.048898408,-0.02412729503,-0.0241263904,-0.02412603217,-0.02412641493,-3.230319924
2.180538687e-05,-3.206901067,0.0001615830149,0.0001615009826,-3.243065398,-3.243065398,-0.02411858637,-0.02412004712,-0.0241206066,-0.02412000574,-3.424443475
2.309924445e-05,-3.40020904,0.0001712460975,0.0001711640987,-3.438547915,-3.438547915,-0.02407293397,-0.02407498606,-0.02407578674,-0.02407492931,-3.619743415
2.461694815e-05,-3.626624073,0.0001825648815,0.0001824828789,-3.66750997,-3.66750997,-0.02403350496,-0.02403458131,-0.02403500183,-0.02403455159,-3.84838359
2.615356976e-05,-3.855486595,0.0001940065344,0.0001939245524,-3.898947086,-3.898947086,-0.02400445304,-0.02400572091,-0.02400621183,-0.0240056855,-4.079556272
2.800304139e-05,-4.130503424,0.0002077548288,0.000207672881,-4.177057665,-4.177057665,-0.02395419548,-0.02395586474,-0.023956514,-0.02395581838,-4.35733012
2.998977898e-05,-4.425303511,0.0002224920243,0.0002224101021,-4.475174045,-4.475174045,-0.02389853092,-0.02390010495,-0.02390071691,-0.02390006121,-4.655026852
3.221982339e-05,-4.755378055,0.0002389924542,0.0002389105697,-4.808961683,-4.808961683,-0.02383333778,-0.02383511421,-0.02383580463,-0.02383506483,-4.988329697
3.478618365e-05,-5.134077282,0.0002579232506,0.0002578414099,-5.191920967,-5.191920967,-0.02375091558,-0.02375280021,-0.02375353288,-0.02375274783,-5.370679139
3.780475139e-05,-5.577787941,0.0002801035227,0.0002800217384,-5.640622981,-5.640622981,-0.0236468274,-0.02364888769,-0.02364968863,-0.02364883043,-5.818607746
4.152287427e-05,-6.121555653,0.0003072848283,0.0003072031188,-6.190507555,-6.190507555,-0.02350672303,-0.02350897651,-0.02350985257,-0.02350891389,-6.367450261
4.649947139e-05,-6.844093569,0.0003434012339,0.0003433196348,-6.921173244,-6.921173244,-0.02329912635,-0.02330164339,-0.02330262195,-0.02330157344,-7.096570586
5.228185285e-05,-7.675171354,0.0003849414912,0.0003848600345,-7.761599642,-7.761599642,-0.02302933579,-0.02303215594,-0.02303325239,-0.02303207758,-7.934986147
5.911426793e-05,-8.644027652,0.000433366222,0.0004332849531,-8.741354231,-8.741354231,-0.02267140989,-0.02267458293,-0.02267581662,-0.02267449476,-8.912069999
6.66561958e-05,-9.694932686,0.0004858890638,0.0004858080262,-9.804080283,-9.804080283,-0.02222783834,-0.02223139398,-0.02223277648,-0.02223129519,-9.971482917
7.483780526e-05,-10.81028784,0.0005416296629,0.0005415489043,-10.93198117,-10.93198117,-0.02169024766,-0.02169420929,-0.02169574969,-0.02169409923,-11.09536491
8.356216843e-05,-11.96810169,0.000599488209,0.0005994077792,-12.10281803,-12.10281803,-0.02105389684,-0.02105827987,-0.02105998416,-0.0210581581,-12.26144099
9.276069213e-05,-13.14984225,0.0006585378866,0.0006584578374,-13.2978504,-13.2978504,-0.02031450293,-0.02031931597,-0.0203211875,-0.02031918226,-13.45093805
0.0001023584049,-14.33600025,0.0007178031663,0.0007177235499,-14.49734952,-14.49734952,-0.01947074293,-0.01947598747,-0.01947802683,-0.01947584177,-14.64411697
0.0001048601501,-14.63679304,0.0007328311021,0.0007327516044,-14.80152536,-14.80152536,-0.01923904702,-0.01924440588,-0.01924648965,-0.019244257,-14.94655693
0.0001051790427,-14.67487622,0.0007347337519,0.0007346542695,-14.84003687,-14.84003687,-0.01920916607,-0.01921453839,-0.01921662739,-0.01921438914,-14.98484454
0.0001053021962,-14.68956786,0.0007354677498,0.0007353882733,-14.85489374,-14.85489374,-0.01919760607,-0.01920298363,-0.01920507467,-0.01920283423,-14.99961479
0.0001053049484,-14.68989608,0.0007354841479,0.0007354046716,-14.85522566,-14.85522566,-0.0191973476,-0.01920272528,-0.01920481636,-0.01920257587,-14.99994477
0.0001053062394,-14.69005004,0.0007354918397,0.0007354123635,-14.85538135,-14.85538135,-0.01919722621,-0.01920260408,-0.01920469519,-0.01920245467,-15.00009214
0.000105306868,-14.69012499,0.000735495585,0.0007354161076,-14.85545713,-14.85545713,-0.01919716735,-0.01920254507,-0.01920463619,-0.01920239566,-15.00009214
0.0001053131539,-14.69087224,0.0007355330199,0.000735453449,-14.85621279,-14.85621279,-0.01919674376,-0.01920196159,-0.01920404991,-0.01920181867,-15.00009214
0.0001053256374,-14.69234466,0.0007356071343,0.000735527141,-14.85770178,-14.85770178,-0.01919815616,-0.01920117448,-0.01920304837,-0.01920114135,-15.00009214
0.000105344046,-14.69448819,0.0007357156109,0.0007356348252,-14.85986946,-14.85986946,-0.01920831683,-0.0192028032,-0.01920294895,-0.01920315145,-15.00009214
0.0001053709438,-14.69756159,0.0007358721834,0.0007357901929,-14.86297757,-14.86297757,-0.01924226789,-0.01921518689,-0.01920908628,-0.01921633812,-15.00009214
0.0001054116734,-14.70208609,0.0007361049331,0.0007360211371,-14.86755332,-14.86755332,-0.01933665195,-0.01926320916,-0.01924118968,-0.01926585133,-15.00009214
0.0001054713141,-14.70843999,0.0007364366359,0.0007363502563,-14.87397956,-14.87397956,-0.01956513567,-0.01940783962,-0.01935466285,-0.01941295154,-15.00009214
0.0001055466982,-14.71603165,0.0007368411339,0.0007367515873,-14.88165825,-14.88165825,-0.02000009844,-0.01972709987,-0.01962940166,-0.01973547267,-15.00009214
0.0001056467556,-14.72539789,0.0007373541604,0.0007372605694,-14.89113291,-14.89113291,-0.02081350177,-0.0203875111,-0.02023006479,-0.02040011141,-15.00009214
0.0001057776933,-14.73653064,0.0007379877333,0.0007378891021,-14.9023963,-14.9023963,-0.02225140113,-0.02163847455,-0.02140761097,-0.02165620063,-15.00009214
0.0001059574725,-14.7499626,0.0007387953055,0.0007386901701,-14.91598908,-14.91598908,-0.02484080657,-0.02400062267,-0.02368035781,-0.02402456592,-15.00009214
0.0001062240979,-14.76651408,0.000739879605,0.0007397655809,-14.93274535,-14.93274535,-0.02979753897,-0.02867725344,-0.02824676117,-0.02870885593,-15.00009214
0.0001065589821,-14.78270274,0.0007410864819,0.0007409623296,-14.94914518,-14.94914518,-0.03754385414,-0.0361502156,-0.03561214444,-0.03618929212,-15.00009214
0.000106947023,-14.79658314,0.0007423202219,0.0007421854357,-14.96322142,-14.96322142,-0.04812557241,-0.04649844687,-0.04586848074,-0.04654390687,-15.00009214
0.0001074057546,-14.80811411,0.0007436134659,0.0007434672162,-14.97493501,-14.97493501,-0.06223021273,-0.06041033096,-0.05970449324,-0.0604610602,-15.00009213
0.0001079301976,-14.81685683,0.0007449407396,0.0007447824008,-14.98384193,-14.98384193,-0.07979118872,-0.07782673591,-0.07706398346,-0.0778814163,-15.00009213
0.000108531075,-14.82310773,0.0007463319888,0.0007461606731,-14.99024309,-14.99024309,-0.1011057289,-0.09903993716,-0.09823727723,-0.09909738601,-15.00009213
0.0001092132899,-14.82723798,0.0007478078426,0.0007476224996,-14.99451396,-14.99451396,-0.126212008,-0.1240818335,-0.1232538034,-0.1241410397,-15.00009213
0.0001099900878,-14.82975844,0.0007494095285,0.0007492087581,-14.99717228,-14.99717228,-0.1554167229,-0.1532505402,-0.1524082999,-0.1533107273,-15.00009213
0.0001108766739,-14.83114166,0.0007511801093,0.0007509621402,-14.99869739,-14.99869739,-0.1891011413,-0.1869194216,-0.1860710202,-0.1869800292,-15.00009212
0.0001118968767,-14.8317873,0.0007531759315,0.0007529384834,-14.99949609,-14.99949609,-0.2279823674,-0.2257990108,-0.2249499103,-0.225859658,-15.00009212
0.0001130839752,-14.83199006,0.0007554664135,0.0007552065588,-14.99987048,-14.99987048,-0.2731411106,-0.2709653401,-0.27011916,-0.2710257738,-15.00009212
0.0001144883134,-14.83194415,0.0007581476075,0.0007578615009,-15.00002335,-15.00002335,-0.3262858651,-0.324124126,-0.3232833901,-0.3241841688,-15.00009211
0.0001161875423,-14.83175906,0.0007613598344,0.0007610422725,-15.00007542,-15.00007542,-0.3900863896,-0.3879440988,-0.3871109212,-0.3880036008,-15.00009211
0.0001183094024,-14.83148041,0.0007653263887,0.0007649699944,-15.00008926,-15.00008926,-0.4689194815,-0.4668026836,-0.4659794179,-0.4668614773,-15.0000921
0.0001210794034,-14.83110665,0.0007704312222,0.0007700248753,-15.00009181,-15.00009181,-0.570390857,-0.5683081666,-0.5674981634,-0.5683660128,-15.00009209
0.0001249278395,-14.83059441,0.0007773838119,0.0007769094791,-15.00009208,-15.00009208,-0.7085951754,-0.7065609718,-0.705769823,-0.706617471,-15.00009208
0.0001305486311,-14.82986794,0.0007872389422,0.0007866683429,-15.00009207,-15.00009207,-0.9044989238,-0.9025376726,-0.9017748917,-0.9025921451,-15.00009207
0.0001377407879,-14.82897785,0.0007993132308,0.00079862487,-15.00009205,-15.00009205,-1.14451955,-1.1426552,-1.1419301,-1.14270698,-15.00009205
0.0001463728334,-14.82797048,0.0008129781906,0.0008121568359,-15.00009202,-15.00009202,-1.416166235,-1.414423195,-1.413745267,-1.414471605,-15.00009202
0.0001565269895,-14.82687434,0.0008278470115,0.0008268813633,-15.000092,-15.000092,-1.711752931,-1.710159125,-1.709539229,-1.710203389,-15.00009199
0.0001681751101,-14.82574065,0.0008432243463,0.0008421100699,-15.00009196,-15.00009196,-2.017460746,-2.016046078,-2.015495844,-2.016085367,-15.00009196
0.0001812831114,-14.82463019,0.0008582857756,0.0008570267743,-15.00009192,-15.00009192,-2.316905296,-2.315701227,-2.315232888,-2.315734665,-15.00009192
0.0001957823238,-14.82361446,0.0008720610401,0.0008706708769,-15.00009188,-15.00009188,-2.59080308,-2.589841408,-2.589467332,-2.589868113,-15.00009188
0.0002115881482,-14.82277106,0.0008834971687,0.0008819998582,-15.00009184,-15.00009184,-2.8182261,-2.817537684,-2.817269871,-2.817556798,-15.00009183
0.0002286025508,-14.82217995,0.0008915095377,0.0008899398237,-15.00009179,-15.00009179,-2.977616523,-2.977229761,-2.977079256,-2.977240495,-15.00009178
0.0002467207355,-14.82191884,0.0008950437128,0.0008934467298,-15.00009174,-15.00009174,-3.048015757,-3.04795499,-3.047931261,-3.047956669,-15.00009173
0.0002658350281,-14.8220587,0.0008931368794,0.0008915672026,-15.00009168,-15.00009168,-3.010285353,-3.010569272,-3.010679588,-3.010561377,-15.00009168
0.00028585134,-14.82265994,0.0008849695771,0.0008834897663,-15.00009162,-15.00009162,-2.848135385,-2.848775789,-2.84902474,-2.848757992,-15.00009162
0.0003066992621,-14.82377057,0.0008698906495,0.0008685695523,-15.00009156,-15.00009156,-2.548620478,-2.549621343,-2.550010476,-2.549593532,-15.00009156
0.0003282937201,-14.82542189,0.0008474755032,0.0008463859677,-15.0000915,-15.0000915,-2.103297466,-2.104653542,-2.105180818,-2.104615865,-15.0000915
0.0003505638205,-14.82762687,0.0008175484958,0.00081676488,-15.00009144,-15.00009144,-1.508670731,-1.510366956,-1.51102652,-1.510319831,-15.00009143
0.0003734468074,-14.83037849,0.0007802051003,0.0007798005661,-15.00009137,-15.00009137,-0.766632833,-0.7686439723,-0.769426012,-0.7685881008,-15.00009137
0.0003781357503,-14.8309982,0.000771795031,0.0007714755966,-15.00009136,-15.00009136,-0.5995137321,-0.6015845135,-0.6023897492,-0.6015269854,-15.00009135
0.000386663287,-14.83217049,0.0007558861379,0.0007557274629,-15.00009133,-15.00009133,-0.2833787644,-0.2855532957,-0.2863988823,-0.2854928861,-15.00009133
0.0003885864463,-14.83244267,0.0007521925471,0.0007520711587,-15.00009133,-15.00009133,-0.2099805037,-0.2121775838,-0.2130319402,-0.2121165478,-15.00009132
0.0003926582686,-14.83302808,0.000744248265,0.0007442070293,-15.00009132,-15.00009132,-0.05211250805,-0.05435626325,-0.05522877305,-0.05429393097,-15.00009131
0.0003936772583,-14.83317649,0.0007422342918,0.0007422133666,-15.00009131,-15.00009131,-0.0120908455,-0.01434605292,-0.01522301685,-0.01428340257,-15.00009131
0.0003939003862,-14.83320908,0.0007417919286,0.0007417754641,-15.00009131,-15.00009131,-0.003300197845,-0.005557900608,-0.00643583506,-0.005495180948,-15.00009131
0.0003940275222,-14.83322767,0.0007415396563,0.0007415257356,-15.00009131,-15.00009131,0.001712962756,-0.0005461598463,-0.00142464652,-0.0004834007513,-15.00009131
0.0003941024663,-14.83322989,0.0007413906762,0.0007413781129,-15.00008247,-15.00008247,0.004667629985,0.002409026475,0.001530499367,0.002471750375,-14.99959132
0.0003941370322,-14.83321215,0.0007413214281,0.0007413093279,-15.00005944,-15.00005944,0.006025591884,0.003770125078,0.002892436969,0.003832727121,-14.99890559
0.0003942729351,-14.83285043,0.0007410400061,0.0007410286973,-14.99967396,-14.99967396,0.01127648845,0.009065643633,0.008203140278,0.009126804913,-14.99336572
0.000394408838,-14.83170114,0.0007407331768,0.0007407211215,-14.99849298,-14.99849298,0.01627870608,0.01416954927,0.01334431607,0.01422767342,-14.98338671
0.000394617883,-14.82755293,0.00074018326,0.0007401674434,-14.99427214,-14.99427214,0.02320406343,0.0213510845,0.02062257832,0.02140182151,-14.95991029
0.0003948660699,-14.81766679,0.0007393666001,0.0007393430942,-14.98425002,-14.98425002,0.02980490366,0.02837160502,0.02780407758,0.02841047514,-14.92087696
0.0003951610837,-14.7976704,0.0007381221281,0.0007380866617,-14.96400943,-14.96400943,0.0349371687,0.03408628921,0.03374432405,0.03410889265,-14.86252436
0.0003954808744,-14.76562982,0.0007364274038,0.0007363779095,-14.93160039,-14.93160039,0.03707163337,0.03685064882,0.03675446891,0.03685583113,-14.79069225
0.0003958246244,-14.72063404,0.0007342518449,0.0007341886837,-14.88610295,-14.88610295,0.03586036668,0.03620804377,0.03633544554,0.03619765631,-14.71121829
0.0003961877936,-14.6645845,0.0007316658731,0.0007315920955,-14.82943829,-14.82943829,0.03174258628,0.03248857842,0.0327743499,0.03246744993,-14.63239437
0.0003965734139,-14.6003966,0.0007287591742,0.0007286796733,-14.76455055,-14.76455055,0.02580313364,0.02671308342,0.02706633763,0.02668774782,-14.56046352
0.0003969854335,-14.53209077,0.000725657041,0.0007255775519,-14.69549976,-14.69549976,0.01953972908,0.02036372938,0.02068667899,0.02034107286,-14.49963644
0.0003974343558,-14.46312947,0.0007224537667,0.0007223795948,-14.62578141,-14.62578141,0.0145375726,0.01506582747,0.01527555696,0.01505155404,-14.45014317
0.0003979225964,-14.3975425,0.0007192797117,0.0007192141178,-14.55946513,-14.55946513,0.01226014599,0.01239040037,0.01244536329,0.01238718434,-14.40877941
0.0003984108369,-14.3410449,0.0007164068514,0.0007163491332,-14.50232892,-14.50232892,0.01306223179,0.01286670047,0.01279354927,0.01287240207,-14.37061122
0.0003989094624,-14.28906247,0.0007136632704,0.0007136103898,-14.44975122,-14.44975122,0.01585467835,0.01549065214,0.01534997475,0.01550084764,-14.32643811
0.000399427438,-14.2362337,0.0007108525421,0.000710800549,-14.39631549,-14.39631549,0.0192227202,0.0188671696,0.01872802925,0.01887696536,-14.27039148
0.0003999845929,-14.17616347,0.0007077206039,0.0007076660115,-14.33555964,-14.33555964,0.02184323635,0.02163520092,0.02155250425,0.02164081251,-14.19898624
0.0004005898283,-14.10475037,0.0007041108367,0.0007040519033,-14.26333989,-14.26333989,0.02271230113,0.02270239354,0.0226969242,0.02270251779,-14.11394859
0.0004011950636,-14.02799924,0.0007003190725,0.0007002568182,-14.18572849,-14.18572849,0.02186287596,0.02198390556,0.02203024868,0.02198047577,-14.02848785
0.0004018105747,-13.94770723,0.000696383334,0.0006963200324,-14.10453904,-14.10453904,0.02030658236,0.02045155577,0.02050815062,0.02044754864,-13.94628652
0.000402468161,-13.86292701,0.0006922065934,0.0006921444011,-14.0188098,-14.0188098,0.01903899159,0.01911958189,0.01915165127,0.01911741116,-13.86471129
0.0004031909296,-13.77284923,0.0006877142311,0.0006876541828,-13.92771966,-13.92771966,0.01876557011,0.01875112974,0.01874612837,0.01875158826,-13.77906849
0.0004039136982,-13.68519815,0.0006832985427,0.0006832398917,-13.83908012,-13.83908012,0.01940031037,0.01933523689,0.01931008003,0.01933705856,-13.69271693
0.0004046570196,-13.59525582,0.0006787600326,0.0006787014372,-13.74812284,-13.74812284,0.02022707293,0.02017143304,0.02014956415,0.0201729571,-13.60030473
0.0004054815565,-13.49367278,0.0006736600642,0.0006736005892,-13.64539537,-13.64539537,0.02066099595,0.02064949246,0.02064472958,0.02064978499,-13.49418466
0.0004063073557,-13.38989611,0.0006684782242,0.000668418026,-13.54045168,-13.54045168,0.02053558541,0.0205538629,0.0205608792,0.02055334659,-13.38701354
0.000407151832,-13.2829438,0.0006631449107,0.0006630846858,-13.43229723,-13.43229723,0.02025008493,0.02026614815,0.02027248821,0.02026571062,-13.27864348
0.0004081040384,-13.1626634,0.0006571339786,0.0006570742275,-13.31066395,-13.31066395,0.02017885324,0.02017427775,0.02017260856,0.02017441513,-13.15773721
0.0004090562447,-13.04273566,0.0006511270835,0.0006510676604,-13.18938625,-13.18938625,0.02038245339,0.02036723315,0.0203613242,0.02036765689,-13.03644281
0.0004100622655,-12.91555856,0.0006447568326,0.0006446973703,-13.06077755,-13.06077755,0.02061115194,0.02060138202,0.02059753099,0.02060164859,-12.90680517
0.0004112211715,-12.76788179,0.0006373688824,0.0006373092605,-12.9114391,-12.9114391,0.02069657692,0.02069553072,0.02069510398,0.02069555792,-12.75623424
0.0004123800774,-12.61932653,0.0006299402898,0.0006298807077,-12.76121253,-12.76121253,0.02071237241,0.02071055655,0.02070986958,0.02071060878,-12.60539355
0.0004137572376,-12.44219609,0.0006210782646,0.0006210188351,-12.58208897,-12.58208897,0.02081938648,0.02081334789,0.02081100669,0.0208135163,-12.42570389
0.0004151343978,-12.26424238,0.0006121734224,0.0006121140383,-12.40213275,-12.40213275,0.02096161681,0.02095641393,0.02095438163,0.02095655762,-12.24486808
0.0004167887311,-12.04910804,0.0006014107684,0.0006013514091,-12.18457771,-12.18457771,0.02107986148,0.02107619722,0.02107477275,0.02107629906,-12.02626624
0.0004184430644,-11.83267744,0.0005905832897,0.0005905240089,-11.96571182,-11.96571182,0.02119726318,0.02119281069,0.02119108116,0.02119293455,-11.80651064
0.0004202979721,-11.58853505,0.000578368856,0.0005783096426,-11.71882228,-11.71882228,0.02134219596,0.02133790216,0.02133623063,0.02133802127,-11.55857255
0.0004224634207,-11.30149622,0.0005640091374,0.0005639499954,-11.42855369,-11.42855369,0.02149631309,0.02149227996,0.02149071182,0.02149239202,-11.26710889
0.0004249190262,-10.97348041,0.0005475995552,0.0005475404997,-11.09684705,-11.09684705,0.02167041207,0.02166639481,0.02166483205,0.02166650636,-10.93409802
0.0004277658316,-10.58994043,0.0005284127664,0.0005283538037,-10.70899152,-10.70899152,0.02186435719,0.0218605196,0.02185902704,0.02186062619,-10.54477007
0.0004312278536,-10.11896381,0.0005048524698,0.0005047936167,-10.23271556,-10.23271556,0.02209148128,0.02208781141,0.02208638393,0.02208791332,-10.06677713
0.0004351936599,-9.573581777,0.0004775708975,0.0004775121632,-9.681197053,-9.681197053,0.02233851234,0.0223350376,0.02233368602,0.02233513409,-9.513388424
0.0004406440135,-8.814416584,0.0004395966408,0.0004395380584,-8.913490062,-8.913490062,0.02265541652,0.02265222004,0.02265097667,0.0226523088,-8.743280941
0.0004478387389,-7.796604832,0.0003886869934,0.0003886285908,-7.884226513,-7.884226513,0.02303301686,0.0230301932,0.0230290948,0.0230302716,-7.711154704
0.0004550334643,-6.76286619,0.0003369833783,0.000336925132,-6.838857071,-6.838857071,0.02336355067,0.02336110462,0.02336015307,0.02336117253,-6.663276245
0.0004631998667,-5.57289408,0.0002774687597,0.0002774106615,-5.635496585,-5.635496585,0.02368085014,0.02367883882,0.02367805633,0.02367889466,-5.457502837
0.0004721125319,-4.257553402,0.0002116878432,0.0002116298709,-4.305357293,-4.305357293,0.02395598291,0.02395445179,0.02395385605,0.02395449429,-4.125265022
0.0004819129088,-2.795959813,0.0001385972781,0.0001385394009,-2.827319966,-2.827319966,0.02417179471,0.02417079705,0.02417040875,0.02417082473,-2.645572136
0.0004927248956,-1.171432056,5.736425049e-05,5.730642471e-05,-1.184515778,-1.184515778,0.02430356161,0.0243031566,0.02430299879,0.02430316782,-1.001740946
0.0005049393986,0.6699282891,-3.470445606e-05,-3.476229124e-05,0.6775599232,0.6775599232,0.02431753571,0.02431780207,0.02431790535,0.02431779464,0.8604805463
0.0005214540674,3.151240687,-0.0001587595191,-0.0001588174808,3.186786304,3.186786304,0.02410892834,0.02411009774,0.02411055222,0.02411006523,3.368192584
0.0005379687362,5.598636526,-0.0002811056572,-0.0002811638748,5.66171359,5.66171359,0.02364097015,0.02364302965,0.02364383032,0.02364297242,5.839654052
0.0005544834049,7.985788039,-0.0004004267364,-0.0004004853367,8.07571785,8.07571785,0.02291869556,0.02292162306,0.02292276131,0.02292154172,8.248278308
0.0005709980737,10.28701554,-0.0005154391651,-0.0005154982707,10.40283053,10.40283053,0.02194987418,0.02195363817,0.02195510176,0.0219535336,10.56815467
0.0005875127425,12.47756366,-0.0006249057015,-0.0006249654296,12.6180178,12.6180178,0.02074492818,0.02074948817,0.02075126136,0.02074936149,12.77432715
0.0006040274113,14.53386768,-0.0007276487636,-0.0007277092248,14.69744987,14.69744987,0.01931681968,0.01932212662,0.01932419033,0.01932197919,14.84306295
0.0006048227213,14.62911889,-0.0007324075792,-0.0007324680788,14.79377239,14.79377239,0.01924268297,0.01924804135,0.01925012478,0.01924789247,14.9388303
0.0006050147056,14.65205751,-0.0007335536019,-0.0007336141107,14.816969,14.816969,0.01922470042,0.0192300681,0.01923215528,0.01922991898,14.96189232
0.0006051615059,14.66958308,-0.0007344291848,-0.0007344897006,14.83469168,14.83469168,0.01921092921,0.01921630396,0.01921839388,0.01921615464,14.97951192
0.0006053177856,14.68822663,-0.0007353606207,-0.0007354211441,14.85354492,14.85354492,0.01919624933,0.01920163141,0.01920372419,0.01920148189,14.99825527
0.0006053279083,14.68943373,-0.0007354209278,-0.0007354814516,14.8547656,14.8547656,0.0191952978,0.01920068035,0.01920277331,0.01920053081,14.99946882
0.000605331758,14.68989279,-0.0007354438622,-0.0007355043863,14.85522981,14.85522981,0.01919493591,0.01920031863,0.01920241166,0.01920016909,14.99993033
0.0006053335388,14.69010514,-0.000735454471,-0.0007355149952,14.85544455,14.85544455,0.01919476813,0.01920015129,0.01920224436,0.01920000172,15.00013358
0.0006053343677,14.69020393,-0.000735459409,-0.0007355199312,14.85554446,14.85554446,0.01919469064,0.01920007339,0.01920216648,0.01919992383,15.00013358
0.0006053426567,14.69118818,-0.0007355087522,-0.0007355691226,14.85653977,14.85653977,0.01919427442,0.01919931573,0.01920139844,0.01919918137,15.00013358
0.000605356492,14.6928159,-0.0007355907776,-0.0007356506382,14.85818581,14.85818581,0.01919686732,0.01919870956,0.01920040701,0.01919873347,15.00013358
0.0006053765188,14.69513902,-0.0007357084999,-0.0007357674826,14.86053512,14.86053512,0.01921063278,0.01920170764,0.01920098356,0.01920219375,15.00013358
0.0006054059281,14.69848092,-0.0007358790661,-0.0007359367321,14.86391478,14.86391478,0.01925372133,0.01921893232,0.01921033131,0.01922034542,15.00013358
0.0006054511348,14.70346067,-0.0007361359746,-0.0007361916459,14.868951,14.868951,0.01937225065,0.01928281432,0.01925499555,0.01928594133,15.00013358
0.000605513969,14.71007745,-0.0007364828239,-0.0007365357909,14.87564322,14.87564322,0.01963836383,0.0194579239,0.01939592821,0.01946369642,15.00013358
0.0006055944985,14.71806583,-0.000736910829,-0.0007369604402,14.88372336,14.88372336,0.02014297407,0.01983821595,0.01972816375,0.01984747105,15.00013358
0.0006057006347,14.72780668,-0.0007374484612,-0.0007374938263,14.89357727,14.89357727,0.02106984095,0.02060452465,0.02043165305,0.02061820513,15.00013358
0.0006058408922,14.73942397,-0.0007381167418,-0.0007381567773,14.90533141,14.90533141,0.02271157148,0.02205062229,0.0218008718,0.02206966261,15.00013358
0.0006060354989,14.75344744,-0.0007389734975,-0.000739006609,14.91952379,14.91952379,0.02568473864,0.02478642313,0.02444328176,0.02481195595,15.00013358
0.0006063342848,14.77099524,-0.000740154823,-0.0007401781995,14.93729107,14.93729107,0.03156875034,0.0303735906,0.02991363046,0.03040724022,15.00013358
0.0006066713053,14.78618133,-0.0007413320035,-0.0007413454375,14.9526786,14.9526786,0.03972741614,0.03827603383,0.03771523524,0.03831668897,15.00013358
0.0006070830766,14.79976889,-0.0007426024602,-0.0007426048698,14.96646252,14.96646252,0.05132850744,0.04964884804,0.04899820327,0.04969574407,15.00013358
0.0006075536875,14.8105158,-0.000743892281,-0.0007438831786,14.9773859,14.9773859,0.06614777524,0.06428885091,0.0635676426,0.06434064717,15.00013357
0.0006080987226,14.81865848,-0.0007452392266,-0.0007452177794,14.98568975,14.98568975,0.08469710989,0.08270404469,0.08193002469,0.08275950675,15.00013357
0.0006087174231,14.82433016,-0.0007466450429,-0.0007466104156,14.99150841,14.99150841,0.106878154,0.1047938039,0.1039838316,0.1048517594,15.00013357
0.0006094225255,14.82802312,-0.0007481497266,-0.000748100744,14.99534085,14.99534085,0.1329917597,0.130850708,0.1300183868,0.1309102106,15.00013357
0.0006102241623,14.83022041,-0.0007497873127,-0.0007497225178,14.99767626,14.99767626,0.163229942,0.1610586388,0.1602143712,0.1611189647,15.00013356
0.0006111414432,14.83138957,-0.0007516080938,-0.0007515255868,14.99898941,14.99898941,0.1981221705,0.1959392856,0.1950904115,0.1959999237,15.00013356
0.0006121989458,14.83190286,-0.000753668591,-0.0007535659588,14.99965958,14.99965958,0.2384163185,0.2362344282,0.2353858882,0.2362950337,15.00013355
0.0006134341445,14.83203007,-0.0007560449124,-0.0007559190265,14.99996422,14.99996422,0.2853504583,0.2831779309,0.2823330078,0.2832382741,15.00013355
0.0006149023624,14.83194259,-0.0007588408888,-0.0007586876251,15.00008373,15.00008373,0.3408099109,0.3386527823,0.3378138376,0.3387126968,15.00013354
0.000616691131,14.83173231,-0.0007622131993,-0.000762026914,15.00012232,15.00012232,0.407805971,0.4056696592,0.4048388062,0.4057289952,15.00013353
0.0006189461107,14.83143203,-0.0007664147016,-0.000766187288,15.00013182,15.00013182,0.4913137306,0.489204707,0.4883844642,0.4892632847,15.00013353
0.00062193018,14.83102998,-0.0007718898855,-0.0007716089036,15.00013338,15.00013338,0.6001480892,0.5980760126,0.5972701366,0.5981335639,15.00013351
0.0006261485777,14.83047191,-0.0007794622662,-0.0007791072545,15.0001335,15.0001335,0.7506731765,0.7486546043,0.7478695337,0.7487106692,15.0001335
0.0006322337236,14.82969288,-0.0007900301935,-0.0007895719875,15.00013347,15.00013347,0.9607468719,0.9588079722,0.9580538829,0.9588618238,15.00013347
0.0006397523676,14.82877457,-0.0008024871256,-0.0008019074835,15.00013344,15.00013344,1.208375098,1.20653854,1.205824248,1.206589549,15.00013344
0.0006487679665,14.82774062,-0.0008165124712,-0.0008157964146,15.00013341,15.00013341,1.487187673,1.485479217,1.484814738,1.485526666,15.0001334
0.0006592898303,14.82663075,-0.0008315671485,-0.0008307051232,15.00013336,15.00013336,1.786471717,1.784919665,1.784316005,1.784962769,15.00013336
0.0006713042695,14.82549685,-0.0008469469561,-0.0008459364641,15.00013331,15.00013331,2.092232433,2.090867221,2.090336219,2.090905135,15.00013331
0.0006847620462,14.82440325,-0.0008617792011,-0.0008606264544,15.00013325,15.00013325,2.387125843,2.385979098,2.385533051,2.386010944,15.00013325
0.0006995921527,14.82342309,-0.0008750713181,-0.0008737924036,15.00013319,15.00013319,2.651424983,2.65052841,2.650179649,2.650553306,15.00013319
0.0007157052985,14.82263502,-0.0008857563294,-0.0008843779158,15.00013313,15.00013313,2.863923296,2.863307283,2.863067627,2.863324386,15.00013312
0.0007330017016,14.82211882,-0.000892751763,-0.0008913112176,15.00013305,15.00013305,3.003105532,3.002797622,3.002677782,3.002806166,15.00013305
0.0007513749326,14.82195096,-0.0008950201713,-0.0008935650732,15.00013298,15.00013298,3.048350501,3.048373772,3.048382723,3.048373116,15.00013297
0.0007707179213,14.82220004,-0.0008916310096,-0.0008902180487,15.0001329,15.0001329,2.981160933,2.981532447,2.981676827,2.981522118,15.00013289
0.000790947342,14.82292367,-0.0008818027671,-0.0008804962367,15.00013281,15.00013281,2.786001069,2.786730837,2.787014541,2.786710557,15.00013281
0.0008119859164,14.82416599,-0.0008649365562,-0.0008638065072,15.00013272,15.00013272,2.450964155,2.452053938,2.452477652,2.452023658,15.00013272
0.0008337529163,14.82595397,-0.0008406668991,-0.000839786791,15.00013263,15.00013263,1.968781852,1.970224028,1.970784789,1.970183959,15.00013263
0.000856178785,14.82829566,-0.0008088846453,-0.0008083287826,15.00013254,15.00013254,1.337279989,1.339056991,1.33974797,1.339007623,15.00013253
0.0008792039226,14.83117909,-0.0007697526585,-0.0007695934792,15.00013244,15.00013244,0.5596904951,0.5617745664,0.5625849711,0.5617166692,15.00013244
0.0008839191289,14.83182422,-0.0007609975959,-0.0007609269022,15.00013242,15.00013242,0.3857138207,0.3878556362,0.3886884988,0.3877961352,15.00013242
0.0008924750711,14.83303866,-0.0007445168043,-0.000744612465,15.00013239,15.00013239,0.05821063601,0.0604523211,0.06132402578,0.06039004631,15.00013238
0.0008929873079,14.8331131,-0.000743506606,-0.0007436124551,15.00013239,15.00013239,0.03813599946,0.04038346279,0.04125741477,0.04032102751,15.00013238
0.0008934242742,14.83317676,-0.0007426428028,-0.0007427573631,15.00013238,15.00013238,0.02097050605,0.02322287884,0.02409874029,0.02316030721,15.00013238
0.0008937242492,14.83322053,-0.0007420487183,-0.0007421692694,15.00013238,15.00013238,0.009164855448,0.01142058873,0.01229775718,0.01135792377,15.00013238
0.0008939365159,14.83325155,-0.0007416278016,-0.0007417525971,15.00013238,15.00013238,0.0008003923268,0.003058498703,0.003936590133,0.002995767833,15.00013238
0.0008940242836,14.83326442,-0.0007414536357,-0.0007415801846,15.00013242,15.00013242,-0.002660731356,-0.0004016238583,0.0004768591942,-0.0004643824793,15.00011076
0.0008940634397,14.83326557,-0.0007413758129,-0.0007415030602,15.00012779,15.00012779,-0.004204367927,-0.001945536755,-0.001067015802,-0.002008275397,14.99980425
0.0008941790076,14.83313436,-0.0007411420887,-0.0007412705862,14.99997816,14.99997816,-0.008722638194,-0.006483144758,-0.005610633513,-0.006545207348,14.99669398
0.0008942945755,14.83258303,-0.0007408950057,-0.0007410235903,14.99940417,14.99940417,-0.01311122491,-0.01093068681,-0.01007912979,-0.01099092789,14.99032424
0.0008944697726,14.8303888,-0.0007404762467,-0.0007406029539,14.99716194,14.99716194,-0.01932972174,-0.01731546761,-0.01652581223,-0.01737083132,14.974683
0.0008946888734,14.82438346,-0.0007398453355,-0.0007399668226,14.99106385,14.99106385,-0.02604700915,-0.02434837686,-0.02367885032,-0.02439472865,14.94582784
0.0008949616409,14.81050864,-0.0007388481018,-0.0007389598673,14.97700945,14.97700945,-0.03231129589,-0.0311147328,-0.03063866237,-0.03114696979,14.89794001
0.0008952650866,14.78582636,-0.0007374310889,-0.0007375298525,14.9520348,14.9520348,-0.03622931195,-0.03564312974,-0.03540423559,-0.03565839241,14.83379524
0.0008955960871,14.74820831,-0.0007355279438,-0.000735612468,14.91399081,14.91399081,-0.03695894857,-0.03699248963,-0.03699614918,-0.03699068136,14.75767458
0.0008959467089,14.69845605,-0.0007331790488,-0.0007332509511,14.86368829,14.86368829,-0.0344370293,-0.03497656963,-0.03517995229,-0.03496097998,14.67786964
0.0008963189675,14.63855731,-0.0007304449333,-0.0007305080883,14.80313459,14.80313459,-0.02939553958,-0.03024075339,-0.03056668757,-0.0302170158,14.60123892
0.0008967141871,14.57227877,-0.0007274472615,-0.0007275070641,14.7361339,14.7361339,-0.02313749243,-0.02404082038,-0.02439291873,-0.0240158013,14.53375737
0.0008971399449,14.50334095,-0.0007242943876,-0.0007243565384,14.66644274,14.66644274,-0.01721017734,-0.01793216197,-0.01821638166,-0.01791242748,14.47787355
0.0008976070787,14.43511992,-0.0007210773525,-0.0007211465592,14.59746931,14.59746931,-0.01318873832,-0.01355399033,-0.01370055681,-0.01354426628,14.4322865
0.0008980973413,14.37331399,-0.000718024366,-0.0007181022895,14.53497151,14.53497151,-0.01226819468,-0.01224808173,-0.01224410539,-0.01224899961,14.39326304
0.0008985876039,14.31943822,-0.000715234725,-0.0007153194547,14.48048297,14.48048297,-0.01404913014,-0.0137624059,-0.01365298548,-0.01377056559,14.3536487
0.0008990933034,14.26776165,-0.0007124872581,-0.0007125752212,14.42821301,14.42821301,-0.01725723014,-0.01687637337,-0.01672835341,-0.01688696194,14.30506387
0.0008996242392,14.21277728,-0.0007095785243,-0.0007096658107,14.37259805,14.37259805,-0.02046106975,-0.02015340237,-0.0200323759,-0.02016182056,14.24300318
0.0009002046531,14.14788862,-0.0007062383058,-0.000706321962,14.30697193,14.30697193,-0.02244938159,-0.02232471988,-0.02227439015,-0.02232801012,14.16489974
0.0009008041281,14.07473308,-0.0007025808519,-0.0007026603604,14.23299311,14.23299311,-0.02252587612,-0.02258021493,-0.0226000404,-0.02257858339,14.07968064
0.0009014036031,13.99745162,-0.0006987814277,-0.0006988584788,14.15484689,14.15484689,-0.02128204001,-0.02142494859,-0.02148019032,-0.02142094744,13.99645879
0.0009020279059,13.91606103,-0.0006947892547,-0.0006948661596,14.07254645,14.07254645,-0.01973783465,-0.01986628629,-0.01991672068,-0.01986276286,13.91545763
0.0009027067939,13.82955942,-0.0006905096121,-0.0006905882,13.98507523,13.98507523,-0.01879541838,-0.01883939801,-0.01885725828,-0.01883824697,13.83317205
0.0009034198554,13.74178102,-0.0006861124725,-0.000686193062,13.89630886,13.89630886,-0.01891978299,-0.0188802671,-0.01886536399,-0.01888140819,13.74895323
0.000904132917,13.65564496,-0.000681766219,-0.0006818477294,13.80920088,13.80920088,-0.01969037307,-0.01962246728,-0.01959605441,-0.0196243532,13.66272348
0.0009048903432,13.56359674,-0.000677127014,-0.0006772081888,13.71611433,13.71611433,-0.02043296144,-0.02039008615,-0.02037312101,-0.02039124998,13.56727547
0.0009057365115,13.45859103,-0.000671866204,-0.0006719464155,13.60992645,13.60992645,-0.02066272173,-0.02066478309,-0.02066534832,-0.02066470374,13.45774206
0.0009065826799,13.35181118,-0.0006665396373,-0.0006666193455,13.50194622,13.50194622,-0.02042427185,-0.0204451668,-0.02045328145,-0.02044458529,13.34824495
0.0009074721074,13.2392023,-0.0006609211769,-0.0006610010996,13.3880714,13.3880714,-0.02018030806,-0.02018926237,-0.02019286767,-0.02018902511,13.23469577
0.0009084804576,13.11206245,-0.0006545605387,-0.0006546409696,13.25950099,13.25950099,-0.02024305438,-0.02023176247,-0.02022744274,-0.02023208283,13.10672726
0.0009094888078,12.98497117,-0.000648193017,-0.0006482736118,13.13097898,13.13097898,-0.02049893627,-0.02048477582,-0.02047923879,-0.02048516636,12.97766048
0.0009106103609,12.84266405,-0.0006410691166,-0.000641149558,12.98707025,12.98707025,-0.02067289437,-0.02066838848,-0.0206665917,-0.02066850949,12.83243395
0.0009117488466,12.69710716,-0.0006337900788,-0.0006338704479,12.83987575,12.83987575,-0.02069820538,-0.02069785005,-0.02069771605,-0.0206978603,12.68433025
0.0009129725603,12.53999703,-0.0006259320886,-0.0006260125789,12.68099795,12.68099795,-0.02074544781,-0.020741307,-0.02073971615,-0.02074142384,12.52497161
0.0009143060644,12.36820004,-0.0006173354044,-0.0006174160052,12.50726774,12.50726774,-0.02087993459,-0.02087371796,-0.02087129751,-0.02087389037,12.35055966
0.0009157077553,12.18664473,-0.0006082512316,-0.0006083318478,12.32366946,12.32366946,-0.02100777708,-0.02100349304,-0.02100181988,-0.02100361138,12.16601412
0.000917241012,11.98685684,-0.0005982567259,-0.0005983373849,12.12163357,12.12163357,-0.0211091456,-0.02110532193,-0.02110383766,-0.0211054284,11.96307534
0.0009190014963,11.75614558,-0.0005867144571,-0.0005867951996,11.88832631,11.88832631,-0.02124158427,-0.02123701959,-0.02123524459,-0.0212371464,11.72881661
0.0009208012714,11.51881192,-0.000574840846,-0.0005749216465,11.64832213,11.64832213,-0.02137898935,-0.02137484536,-0.02137323248,-0.02137496035,11.48778623
0.0009228998206,11.24019539,-0.0005609025408,-0.000560983414,11.36657062,11.36657062,-0.02152711387,-0.02152305137,-0.02152147182,-0.02152316424,11.20489341
0.000925348156,10.91268742,-0.0005445184009,-0.0005445993583,11.03537753,11.03537753,-0.02170025291,-0.02169627732,-0.02169473074,-0.0216963877,10.8724022
0.0009282207364,10.52513562,-0.0005251309944,-0.0005252120455,10.64346504,10.64346504,-0.02189470569,-0.02189088192,-0.02188939471,-0.02189098812,10.47901403
0.0009316054534,10.06410092,-0.0005020681122,-0.0005021492697,10.17724287,10.17724287,-0.02211552518,-0.02211187509,-0.02211045534,-0.02211197646,10.01112185
0.0009355650468,9.518998508,-0.0004748006049,-0.0004748818804,9.626007137,9.626007137,-0.02236089959,-0.02235744436,-0.02235610037,-0.02235754031,9.458028615
0.0009410916492,8.748395032,-0.0004362543121,-0.0004363357405,8.846733176,8.846733176,-0.02268022329,-0.02267705003,-0.02267581568,-0.02267713815,8.676335724
0.0009478149051,7.796803802,-0.0003886570045,-0.0003887386003,7.884435226,7.884435226,-0.02303179544,-0.02302897037,-0.02302787143,-0.02302904882,7.711372326
0.0009550184937,6.761832087,-0.0003368917088,-0.0003369734611,6.837818837,6.837818837,-0.02336286532,-0.02336041845,-0.02335946658,-0.02336048639,6.662242862
0.0009630747269,5.58804743,-0.0002781866523,-0.000278268551,5.650827927,5.650827927,-0.02367640942,-0.02367439135,-0.02367360624,-0.02367444738,5.472867634
0.0009719122978,4.284066037,-0.0002129737487,-0.000213055773,4.332175715,4.332175715,-0.02395057672,-0.02394903474,-0.02394843478,-0.02394907755,4.152124412
0.0009816271977,2.835546505,-0.0001405368682,-0.0001406189878,2.867359528,2.867359528,-0.02416674963,-0.02416573633,-0.02416534196,-0.02416576445,2.685650238
0.0009923514074,1.224482622,-5.997691722e-05,-6.005908958e-05,1.238170673,1.238170673,-0.02430083038,-0.02430040485,-0.02430023906,-0.02430041664,1.055417274
0.001004456947,-0.6004016286,3.126822968e-05,3.118606415e-05,-0.6072435957,-0.6072435957,-0.02431965442,-0.02431989426,-0.02431998723,-0.02431988757,-0.7901789024
0.001020462762,-3.006190138,0.0001515479932,0.0001514659446,-3.04009651,-3.04009651,-0.02412875414,-0.02412986973,-0.02413030328,-0.02412983871,-3.221649008
0.001036468577,-5.381616359,0.0002702973291,0.0002702155192,-5.442244646,-5.442244646,-0.02369402542,-0.02369600516,-0.0236967748,-0.02369595014,-5.62057969
0.001052474392,-7.702675895,0.0003863162397,0.0003862347878,-7.789413573,-7.789413573,-0.02301986125,-0.02302268517,-0.02302378314,-0.02302260671,-7.962729036
0.001068480207,-9.945913741,0.0004984323189,0.0004983513408,-10.05788444,-10.05788444,-0.02211307416,-0.02211671372,-0.02211812891,-0.0221166126,-10.22442892
0.001084486022,-12.0886613,0.0006055125999,0.0006054322065,-12.22473368,-12.22473368,-0.02098282758,-0.020987246,-0.02098896412,-0.02098712325,-12.38282418
0.001100491837,-14.10926547,0.0007064750043,0.0007063953007,-14.26806461,-14.26806461,-0.01964054297,-0.0196456956,-0.01964769928,-0.01964555246,-14.41610359
0.001104336387,-14.57411625,0.0007296997311,0.0007296202084,-14.73814363,-14.73814363,-0.01928792327,-0.01929325732,-0.0192953315,-0.01929310914,-14.88354146
0.001104709858,-14.61882432,0.0007319333752,0.0007318538703,-14.78335454,-14.78335454,-0.0192530876,-0.0192584367,-0.01926051667,-0.01925828809,-14.92849123
0.001105006362,-14.65426141,0.0007337038291,0.0007336243384,-14.8191902,-14.8191902,-0.01922535542,-0.01923071754,-0.01923280257,-0.01923056857,-14.96411902
0.00110513032,-14.66906139,0.0007344432414,0.0007343637567,-14.83415663,-14.83415663,-0.01921374132,-0.01921910897,-0.01922119614,-0.01921895984,-14.9789984
0.001105206031,-14.67809658,0.0007348946422,0.0007348151611,-14.84329344,-14.84329344,-0.01920664174,-0.01921201277,-0.01921410126,-0.01921186355,-14.988082
0.00110529202,-14.68835414,0.0007354071125,0.0007353276355,-14.85366637,-14.85366637,-0.01919857302,-0.01920394791,-0.0192060379,-0.01920379859,-14.99839445
0.001105301335,-14.68946509,0.000735462616,0.0007353831395,-14.85478981,-14.85478981,-0.01919769858,-0.01920307389,-0.01920516405,-0.01920292456,-14.99951135
0.00110530478,-14.68987592,0.000735483141,0.0007354036647,-14.85520526,-14.85520526,-0.01919737519,-0.01920275066,-0.01920484087,-0.01920260131,-14.99992437
0.001105306482,-14.69007894,0.000735493284,0.0007354138077,-14.85541057,-14.85541057,-0.01919721505,-0.0192025909,-0.01920468115,-0.01920244154,-15.0001187
0.001105307279,-14.690174,0.000735498035,0.0007354185569,-14.85550669,-14.85550669,-0.01919714057,-0.01920251607,-0.01920460633,-0.01920236671,-15.0001187
0.001105315253,-14.69112111,0.0007355455113,0.0007354658913,-14.85646446,-14.85646446,-0.0191967178,-0.01920178587,-0.01920386743,-0.01920165005,-15.0001187
0.001105328879,-14.69272496,0.0007356263203,0.0007355462037,-14.85808637,-14.85808637,-0.01919910956,-0.01920114505,-0.01920287207,-0.01920115958,-15.0001187
0.001105348655,-14.69502061,0.0007357426265,0.0007356616449,-14.86040789,-14.86040789,-0.01921228577,-0.01920391102,-0.01920333101,-0.01920437521,-15.0001187
0.001105377666,-14.69832044,0.0007359109966,0.0007358287158,-14.86374499,-14.86374499,-0.01925387863,-0.01922032617,-0.01921213198,-0.01922169779,-15.0001187
0.001105422175,-14.7032303,0.0007361641852,0.0007360799388,-14.86871052,-14.86871052,-0.0193684798,-0.01928157896,-0.01925468631,-0.01928462975,-15.0001187
0.001105484539,-14.70981022,0.0007365088816,0.0007364219481,-14.87536544,-14.87536544,-0.01962874268,-0.01945187667,-0.01939124737,-0.01945754761,-15.0001187
0.001105564257,-14.71773745,0.0007369332447,0.0007368429847,-14.88338371,-14.88338371,-0.02012223974,-0.01982236796,-0.01971421977,-0.01983148763,-15.0001187
0.001105669453,-14.72742278,0.0007374671769,0.0007373727012,-14.89318141,-14.89318141,-0.02103124198,-0.02057192531,-0.02040140916,-0.0205854412,-15.0001187
0.001105808237,-14.73896611,0.0007381300893,0.0007380303289,-14.90486063,-14.90486063,-0.02264046323,-0.02198683215,-0.02173996132,-0.02200567234,-15.0001187
0.001106000473,-14.75289888,0.000738979154,0.0007388725354,-14.91896106,-14.91896106,-0.02555182913,-0.02466237711,-0.02432272504,-0.02468766768,-15.0001187
0.001106294083,-14.77029624,0.0007401452662,0.0007400290458,-14.93657564,-14.93657564,-0.03128467946,-0.03010090711,-0.02964542986,-0.0301342455,-15.0001187
0.0011066306,-14.78563229,0.0007413266027,0.0007412004148,-14.95211457,-14.95211457,-0.03937600454,-0.03793344484,-0.03737611997,-0.03797385889,-15.00011869
0.001107038664,-14.79927395,0.0007425916997,0.0007424545456,-14.9659526,-14.9659526,-0.05081696338,-0.04914516912,-0.04849762153,-0.04919185028,-15.00011869
0.001107507325,-14.81014297,0.0007438819671,0.0007437333093,-14.97699904,-14.97699904,-0.06552321617,-0.06367005379,-0.06295111518,-0.06372169269,-15.00011869
0.001108049099,-14.818381,0.0007452259364,0.0007450649729,-14.98539873,-14.98539873,-0.08391846036,-0.08192949855,-0.0811570958,-0.08198484863,-15.00011869
0.001108664922,-14.82414232,0.0007466294137,0.0007464553024,-14.99130753,-14.99130753,-0.1059637295,-0.1038819243,-0.1030729562,-0.1039398105,-15.00011869
0.001109366356,-14.82790277,0.0007481295559,0.0007479411408,-14.99520762,-14.99520762,-0.1319200468,-0.1297803516,-0.1289485671,-0.1298398174,-15.00011868
0.001110163979,-14.83014935,0.0007497614308,0.0007495572644,-14.99759226,-14.99759226,-0.1619959402,-0.1598251114,-0.1589810337,-0.1598854247,-15.00011868
0.001111076298,-14.83135091,0.0007515742406,0.0007513524433,-14.99893747,-14.99893747,-0.1966979596,-0.1945149452,-0.1936660236,-0.1945755872,-15.00011868
0.001112127741,-14.83188404,0.0007536244294,0.0007533826096,-14.99962687,-14.99962687,-0.2367681501,-0.2345857286,-0.2337369835,-0.234646349,-15.00011867
0.0011133551,-14.8320225,0.0007559870268,0.0007557220886,-14.99994182,-14.99994182,-0.2834192718,-0.2812459389,-0.2804007032,-0.2813063046,-15.00011867
0.001114812858,-14.83194119,0.0007587645525,0.0007584724173,-15.00006618,-15.00006618,-0.3385071516,-0.336349001,-0.3355096591,-0.3364089439,-15.00011866
0.001116586884,-14.83173473,0.0007621109562,0.0007617860526,-15.00010669,-15.00010669,-0.404986322,-0.4028487643,-0.4020174268,-0.4029081348,-15.00011866
0.001118819793,-14.83143787,0.0007662741124,0.0007659084551,-15.00011679,-15.00011679,-0.4877312274,-0.4856206574,-0.4847998134,-0.4856792781,-15.00011865
0.001121768059,-14.83104046,0.0007716882386,0.0007712696087,-15.00011848,-15.00011848,-0.5953517157,-0.5932776118,-0.5924709475,-0.5933352194,-15.00011864
0.001125924481,-14.83048995,0.0007791583163,0.0007786666537,-15.00011862,-15.00011862,-0.7438431256,-0.7418216749,-0.7410354851,-0.7418778198,-15.00011862
0.001131939361,-14.82971859,0.0007896221539,0.0007890283072,-15.0001186,-15.0001186,-0.9518475525,-0.9499047326,-0.9491491188,-0.949958693,-15.0001186
0.001139405578,-14.82880458,0.0008020208423,0.0008013061173,-15.00011858,-15.00011858,-1.198317761,-1.196476392,-1.195760228,-1.196527534,-15.00011857
0.001148360964,-14.82777444,0.0008159946396,0.0008151439864,-15.00011854,-15.00011854,-1.476105292,-1.474390931,-1.473724156,-1.474438545,-15.00011854
0.001158824893,-14.82666629,0.0008310259742,0.0008300295565,-15.0001185,-15.0001185,-1.77492484,-1.773365727,-1.772759323,-1.773409028,-15.0001185
0.001170782009,-14.82553187,0.0008464129966,0.0008452680108,-15.00011846,-15.00011846,-2.080828345,-2.079454842,-2.078920615,-2.079492987,-15.00011846
0.001184185173,-14.82443497,0.0008612900399,0.0008600023233,-15.00011841,-15.00011841,-2.376611493,-2.375455204,-2.375005446,-2.375487315,-15.00011841
0.001198963821,-14.8234485,0.0008746679351,0.0008732531678,-15.00011836,-15.00011836,-2.642614853,-2.641707507,-2.641354557,-2.641732703,-15.00011835
0.001215029321,-14.82265097,0.0008854815209,0.0008839659478,-15.0001183,-15.0001183,-2.857667989,-2.857040059,-2.856795768,-2.857057493,-15.00011829
0.001232282162,-14.8221222,0.0008926476227,0.0008910681961,-15.00011823,-15.00011823,-3.000241721,-2.999920896,-2.999796034,-2.999929799,-15.00011823
0.00125061616,-14.8219389,0.0008951256883,0.0008935296045,-15.00011816,-15.00011816,-3.049653188,-3.049662758,-3.049666381,-3.049662483,-15.00011816
0.001269924109,-14.82217007,0.0008919796617,0.0008904232841,-15.00011809,-15.00011809,-2.987295611,-2.987652906,-2.987791756,-2.987642972,-15.00011809
0.001290120905,-14.82287378,0.0008824218046,0.0008809691624,-15.00011802,-15.00011802,-2.797509471,-2.798224795,-2.798502882,-2.798204916,-15.00011801
0.001311130419,-14.82409481,0.0008658445429,0.0008645655112,-15.00011794,-15.00011794,-2.468215409,-2.469290882,-2.46970903,-2.469260999,-15.00011793
0.001332871216,-14.82586084,0.0008418728036,0.0008408407617,-15.00011786,-15.00011786,-1.991954388,-1.993382771,-1.993938168,-1.993343086,-15.00011785
0.00135527353,-14.82818072,0.0008103866952,0.0008096759751,-15.00011778,-15.00011778,-1.36633878,-1.368102905,-1.368788877,-1.368053895,-15.00011777
0.001378277266,-14.83104326,0.0007715382838,0.0007712214582,-15.00011769,-15.00011769,-0.5943859067,-0.5964584206,-0.5972643304,-0.5964008445,-15.00011769
0.001382988534,-14.83168438,0.0007628376672,0.0007626087932,-15.00011767,-15.00011767,-0.4214914842,-0.4236220582,-0.4244505488,-0.4235628695,-15.00011767
0.001391540515,-14.83289222,0.0007464464781,0.0007463830827,-15.00011764,-15.00011764,-0.09576943624,-0.09800052214,-0.09886810447,-0.09793854173,-15.00011764
0.00139347039,-14.83317236,0.0007426448478,0.0007426197956,-15.00011763,-15.00011763,-0.02022355588,-0.022476446,-0.02335250866,-0.02241386,-15.00011763
0.001393811852,-14.83322221,0.0007419683776,0.0007419501469,-15.00011763,-15.00011763,-0.006780733113,-0.009037446266,-0.009914995829,-0.008974754091,-15.00011763
0.001394008405,-14.83325094,0.0007415784664,0.0007415641674,-15.00011763,-15.00011763,0.0009675890451,-0.001291320132,-0.002169723797,-0.001228566964,-15.00011763
0.001394150841,-14.83322253,0.0007412943634,0.0007412824183,-15.00006788,-15.00006788,0.006574168098,0.004321057814,0.00344411168,0.004383578339,-14.99856411
0.001394215928,-14.83309698,0.0007411611068,0.0007411496613,-14.99993143,-14.99993143,0.009103756451,0.006867570178,0.00599618825,0.006929526346,-14.99625033
0.001394409706,-14.83171089,0.0007407317918,0.0007407197237,-14.9985027,-14.9985027,0.01631641322,0.0142083325,0.01338350178,0.01426642527,-14.98331163
0.001394603484,-14.8279672,0.0007402253805,0.000740209907,-14.9946927,-14.9946927,0.02276906145,0.02089542909,0.02015905972,0.0209467556,-14.96181779
0.001394887304,-14.81654758,0.0007392876766,0.0007392633811,-14.98311644,-14.98311644,0.0302799551,0.02888697026,0.02833499141,0.02892470842,-14.91704184
0.001395184271,-14.79570847,0.0007380113228,0.0007379748379,-14.9620244,-14.9620244,0.03521171247,0.03440820396,0.03408466165,0.03442949153,-14.85751514
0.001395522354,-14.76073171,0.0007361827479,0.0007361314709,-14.92664706,-14.92664706,0.03710229143,0.0369580639,0.03689195807,0.03696113485,-14.78105394
0.001395871788,-14.71375556,0.0007339296109,0.0007338648064,-14.87914859,-14.87914859,0.03545943624,0.03587199836,0.0360250527,0.03585984759,-14.70052014
0.001396245536,-14.65514422,0.0007312366758,0.0007311616618,-14.81989492,-14.81989492,0.03091098048,0.03169855672,0.03200107892,0.03167632713,-14.6207359
0.001396637985,-14.58953091,0.0007282680186,0.0007281881269,-14.7535665,-14.7535665,0.02476837191,0.02568092895,0.02603576464,0.02565557394,-14.54982392
0.001397059419,-14.52022062,0.0007251126282,0.0007250337075,-14.68349981,-14.68349981,0.01854647342,0.01933260507,0.01964124789,0.01931103976,-14.49040092
0.001397518396,-14.45111057,0.0007218833297,0.0007218105364,-14.61362969,-14.61362969,0.01389984205,0.01436041369,0.01454395854,0.01434803325,-14.44236572
0.001398011681,-14.38663331,0.000718735577,0.0007186715686,-14.54843342,-14.54843342,0.01220193258,0.01226358474,0.01229169149,0.01226225789,-14.40186994
0.001398504965,-14.330932,0.0007158789163,0.000715822407,-14.49210067,-14.49210067,0.01348385926,0.01324241624,0.01315104576,0.01324935919,-14.36287783
0.001399009372,-14.27893177,0.0007131230784,0.0007130706875,-14.43950406,-14.43950406,0.01651802503,0.01614218813,0.01599652927,0.01615267545,-14.31649313
0.001399535702,-14.22493354,0.0007102564464,0.0007102041741,-14.38488586,-14.38488586,0.01985006311,0.01951512757,0.01938373626,0.01952432562,-14.25731705
0.001400105793,-14.16239019,0.000707015569,0.0007069601389,-14.32163012,-14.32163012,0.0221874096,0.02202002804,0.02195308836,0.02202450534,-14.18234116
0.001400712279,-14.08956583,0.0007033555179,0.0007032957639,-14.24798475,-14.24798475,0.0226505478,0.0226750019,0.02268304129,0.02267418522,-14.09647138
0.001401318765,-14.01192737,0.0006995306616,0.0006994679971,-14.16947692,-14.16947692,0.02156742601,0.02170205108,0.02175388829,0.02169826294,-14.01149249
0.001401941495,-13.93065816,0.000695546523,0.000695483296,-14.08729934,-14.08729934,0.01999224161,0.02012980953,0.02018367663,0.02012602234,-13.92957892
0.001402612935,-13.84461241,0.0006912980872,0.0006912363113,-14.00028972,-14.00028972,0.01888618122,0.01894694963,0.01897133786,0.01894533211,-13.84738123
0.001403336233,-13.75509898,0.0006868225202,0.0006867628519,-13.90976944,-13.90976944,0.01884194649,0.018812387,0.01880142473,0.01881325794,-13.76190367
0.001404059532,-13.66760993,0.0006824103666,0.0006823518319,-13.82129339,-13.82129339,0.01957328903,0.01950570246,0.01947947429,0.01950758517,-13.67490275
0.001404815195,-13.57594972,0.0006777881571,0.0006777294333,-13.72859906,-13.72859906,0.02036105881,0.0203128523,0.02029383256,0.02031416598,-13.58016566
0.001405660093,-13.47137695,0.0006725449819,0.0006724853044,-13.62284867,-13.62284867,0.02067086027,0.02066827912,0.02066701665,0.02066832665,-13.47098644
0.001406504992,-13.36488691,0.0006672313593,0.0006671710899,-13.51516139,-13.51516139,0.02046511112,0.02048560119,0.02049353167,0.02048502843,-13.36150921
0.001407381928,-13.25382342,0.0006616912921,0.0006616311602,-13.40284943,-13.40284943,0.02020021348,0.02021176048,0.02021636737,0.02021145057,-13.24935957
0.001408381367,-13.12772912,0.0006553850739,0.0006553254554,-13.2753365,-13.2753365,0.02022001664,0.02021050584,0.02020689229,0.02021077799,-13.12252487
0.001409380807,-13.00179784,0.0006490758992,0.0006490164986,-13.14798756,-13.14798756,0.02046786285,0.0204530538,0.02044727448,0.02045346329,-12.99478689
0.001410470879,-12.86362886,0.0006421578776,0.0006420983476,-13.00826345,-13.00826345,0.02066190558,0.02065598129,0.02065362834,0.02065614127,-12.85379825
0.001411623565,-12.71636848,0.0006347930797,0.0006347334473,-12.85934625,-12.85934625,0.020699535,0.0206992301,0.02069910978,0.0206992384,-12.70386763
0.001412806732,-12.56451547,0.0006271986073,0.000627139076,-12.70578477,-12.70578477,0.02073395138,0.02073052345,0.0207292112,0.02073062062,-12.5498137
0.001414169147,-12.38907384,0.0006184198817,0.0006183604778,-12.52836893,-12.52836893,0.02086428721,0.02085801691,0.02085557811,0.02085819106,-12.37174751
0.001415531563,-12.2127269,0.0006095959978,0.0006095366149,-12.3500376,-12.3500376,0.02099460591,0.02099003862,0.02098825423,0.02099016472,-12.19250165
0.001417101232,-12.00831733,0.0005993702066,0.00059931086,-12.14332803,-12.14332803,0.02110013334,0.02109638659,0.02109493165,0.02109649086,-11.98484425
0.001418793812,-11.78663455,0.0005882797448,0.0005882204797,-11.91915084,-11.91915084,0.02122495571,0.02122041275,0.02121864692,0.02122053902,-11.75975697
0.001420587761,-11.55024704,0.0005764533785,0.0005763941737,-11.68010346,-11.68010346,0.02136357091,0.02135936478,0.02135772749,0.02135948147,-11.5196886
0.00142269405,-11.27080145,0.0005624735764,0.000562414443,-11.39751355,-11.39751355,0.02151259393,0.02150854673,0.02150697316,0.02150865918,-11.23594571
0.001425155581,-10.94174269,0.0005460118361,0.0005459527884,-11.06475222,-11.06475222,0.02168692311,0.02168292806,0.02168137391,0.02168303899,-10.90187834
0.001428025403,-10.55479905,0.0005266548212,0.000526595867,-10.67345474,-10.67345474,0.0218817145,0.02187788483,0.02187639535,0.0218779912,-10.50910214
0.00143145731,-10.08757668,0.0005032823732,0.0005032235271,-10.20097527,-10.20097527,0.02210613728,0.02210247957,0.02210105683,0.02210258114,-10.03492576
0.001435399106,-9.545163844,0.0004761493736,0.0004760906453,-9.652459371,-9.652459371,0.02235093816,0.02234747419,0.0223461268,0.02234757039,-9.484556648
0.001440937682,-8.773210824,0.0004375355288,0.0004374769541,-8.871820677,-8.871820677,0.02267174218,0.02266856092,0.02266732346,0.02266864926,-8.701487851
0.00144782759,-7.798194938,0.0003887665264,0.0003887081235,-7.885834509,-7.885834509,0.0230324675,0.02302964315,0.02302854449,0.02302972158,-7.712766869
0.001455039628,-6.761974324,0.0003369387718,0.0003368805255,-6.837955171,-6.837955171,0.02336381359,0.02336136785,0.02336041642,0.02336143576,-6.662372349
0.001463140717,-5.581569683,0.0002779026445,0.0002778445454,-5.644269796,-5.644269796,0.02367877523,0.02367676071,0.02367597698,0.02367681664,-5.466291848
0.001472011632,-4.272526736,0.0002124366459,0.0002123786724,-4.320499087,-4.320499087,0.02395328715,0.02395175057,0.02395115269,0.02395179322,-4.140427424
0.001481763801,-2.818290659,0.0001397139515,0.0001396560732,-2.849902045,-2.849902045,0.02416919605,0.02416819023,0.02416779876,0.02416821814,-2.668174255
0.001492526921,-1.201249625,5.88551997e-05,5.879737348e-05,-1.2146688,-1.2146688,0.02430215549,0.0243017396,0.02430157756,0.02430175113,-1.031905203
0.001504681315,0.6310244587,-3.275932479e-05,-3.281715904e-05,0.638218429,0.638218429,0.02431872207,0.02431897424,0.02431907201,0.02431896721,0.8211471161
0.001520911418,3.070101779,-0.0001547031296,-0.0001547610851,3.104734623,3.104734623,0.02411992277,0.02412106272,0.02412150575,0.02412103103,3.286221817
0.001537141521,5.477263356,-0.0002750384916,-0.0002750966934,5.538975083,5.538975083,0.02367051172,0.02367252727,0.02367331084,0.02367247126,5.717135083
0.001553371624,7.827498186,-0.0003925150966,-0.0003925736672,7.915647448,7.915647448,0.02297515854,0.02297802878,0.02297914477,0.02297794903,8.088629128
0.001569601727,10.09638675,-0.0005059123335,-0.0005059713918,10.2100575,10.2100575,0.02204108795,0.02204478306,0.02204621986,0.0220446804,10.37606354
0.00158583183,12.26035473,-0.000614051977,-0.0006141116366,12.39836576,12.39836576,0.02087800528,0.02088248686,0.02088422955,0.02088236236,12.55567131
0.001602061933,14.29691796,-0.0007158104294,-0.0007158707978,14.45783516,14.45783516,0.0194979952,0.01950321669,0.01950524716,0.01950307164,14.60480578
0.001602958004,14.40521712,-0.0007212212335,-0.0007212816444,14.56735237,14.56735237,0.01941577244,0.01942104976,0.01942310169,0.01942090313,14.71370733
0.001605079161,14.65975429,-0.0007339381299,-0.0007339986417,14.82475234,14.82475234,0.01921854756,0.01922391502,0.01922600215,0.01922376591,14.96963016
0.001605264351,14.68185393,-0.0007350422348,-0.0007351027555,14.84710054,14.84710054,0.01920117711,0.01920655203,0.01920864205,0.0192064027,14.99184815
0.001605299834,14.68608609,-0.0007352536743,-0.0007353141967,14.8513803,14.8513803,0.01919784606,0.01920322242,0.019205313,0.01920307305,14.99610293
0.001605318693,14.68833512,-0.0007353660363,-0.0007354265596,14.85365462,14.85365462,0.0191960753,0.01920145242,0.0192035433,0.01920130303,14.99836398
0.001605328471,14.6895011,-0.0007354242892,-0.000735484813,14.85483372,14.85483372,0.01919515711,0.01920053462,0.01920262565,0.01920038522,14.9995362
0.001605331985,14.68992015,-0.0007354452247,-0.0007355057487,14.85525748,14.85525748,0.01919482709,0.01920020474,0.01920229583,0.01920005534,14.99995748
0.001605333146,14.69005848,-0.0007354521383,-0.0007355126601,14.85539737,14.85539737,0.01919471867,0.01920009581,0.01920218691,0.01919994641,14.99997418
0.001605333648,14.69011828,-0.000735455128,-0.0007355156474,14.85545784,14.85545784,0.01919467277,0.0192000487,0.01920213982,0.01919989933,15.00003146
0.001605334229,14.69018754,-0.0007354585918,-0.0007355191078,14.85552788,14.85552788,0.01919462074,0.01919999414,0.01920208526,0.01919984482,15.00003146
0.001605340044,14.69087829,-0.0007354932114,-0.0007355536283,14.8562264,14.8562264,0.01919427845,0.01919945787,0.01920154462,0.01919931679,15.00003146
0.001605352367,14.69233116,-0.0007355663531,-0.0007356263476,14.85769562,14.85769562,0.0191957909,0.01919870962,0.01920056866,0.01919868132,15.00003146
0.001605370806,14.69447736,-0.0007356749757,-0.0007357341754,14.859866,14.859866,0.01920614871,0.01920042121,0.01920051321,0.01920077817,15.00003146
0.001605397585,14.6975361,-0.0007358308136,-0.0007358888139,14.86295928,14.86295928,0.01924017824,0.01921288803,0.01920671977,0.01921404638,15.00003146
0.00160543831,14.70205872,-0.000736063481,-0.0007361196765,14.86753314,14.86753314,0.01933480806,0.01926110091,0.01923898554,0.0192637511,15.00003146
0.001605497797,14.70839467,-0.0007363942601,-0.0007364478792,14.87394123,14.87394123,0.01956290924,0.01940554674,0.01935234376,0.01941066047,15.00003146
0.00160557311,14.71597807,-0.0007367983206,-0.000736848776,14.88161156,14.88161156,0.01999745273,0.01972451045,0.01962683296,0.01973288157,15.00003146
0.001605673026,14.72533048,-0.0007373105758,-0.0007373569931,14.89107223,14.89107223,0.02080938066,0.02038367766,0.02022634284,0.02039626993,15.00003146
0.001605803834,14.73645278,-0.0007379435065,-0.0007379848887,14.90232505,14.90232505,0.0222449892,0.02163253071,0.02140184984,0.02165024385,15.00003146
0.001605983398,14.74987135,-0.000738750158,-0.0007387850437,14.91590427,14.91590427,0.02482951845,0.02399003102,0.02367003884,0.02401395509,15.00003146
0.001606249651,14.76640693,-0.0007398331161,-0.0007398591246,14.93264442,14.93264442,0.02977556172,0.02865624188,0.02822612827,0.02868781784,15.00003146
0.001606584444,14.78260149,-0.0007410399257,-0.0007410558072,14.94905018,14.94905018,0.03751465721,0.03612188382,0.03558415176,0.03616093655,15.00003146
0.001606972179,14.79648201,-0.0007422729657,-0.0007422782203,14.96312649,14.96312649,0.04808239714,0.04645613306,0.0458265046,0.04650156939,15.00003146
0.001607430726,14.80801997,-0.000743565966,-0.0007435597603,14.9748471,14.9748471,0.06217523734,0.06035609732,0.05965055017,0.06040680616,15.00003146
0.001607954899,14.81676865,-0.0007448927769,-0.0007448744872,14.98376,14.98376,0.07972109249,0.07775727853,0.07699477616,0.07781194133,15.00003146
0.001608555536,14.82302594,-0.0007462836194,-0.0007462523575,14.99016756,14.99016756,0.1010212116,0.09895594924,0.0981534963,0.09901338348,15.00003146
0.001609237459,14.82716128,-0.0007477589046,-0.0007477136216,14.99444351,14.99444351,0.1261111546,0.1239814216,0.1231535641,0.1240406156,15.00003146
0.001610013943,14.82968565,-0.0007493599203,-0.000749299217,14.99710573,14.99710573,0.1552986907,0.1531328818,0.1522907874,0.1531930586,15.00003146
0.001610900151,14.83107155,-0.0007511296419,-0.0007510517486,14.99863347,14.99863347,0.1889634236,0.1867820307,0.1859337566,0.1868426292,15.00003146
0.0016119199,14.83171889,-0.0007531244003,-0.0007530270387,14.99943381,14.99943381,0.227821885,0.2256388244,0.2247898391,0.2256994634,15.00003146
0.001613106422,14.83192266,-0.0007554135271,-0.0007552937723,14.99980911,14.99980911,0.2729527901,0.2707772958,0.2699312232,0.2708377218,15.00003145
0.001614510002,14.83187732,-0.0007580929688,-0.0007579469795,14.99996242,14.99996242,0.326062272,0.3239007953,0.3230601614,0.3239608308,15.00003145
0.001616208179,14.83169258,-0.0007613028365,-0.0007611254151,15.00001468,15.00001468,0.3898157179,0.3876736767,0.3868405963,0.3877331719,15.00003145
0.001618328492,14.83141424,-0.0007652660523,-0.0007650498314,15.00002859,15.00002859,0.4685823868,0.4664658223,0.4656426474,0.4665246096,15.00003145
0.001621096034,14.83104088,-0.00077036582,-0.0007700996963,15.00003116,15.00003116,0.5699530474,0.567870564,0.5670606414,0.5679284044,15.00003145
0.001624940236,14.83052925,-0.0007773101444,-0.0007769761158,15.00003143,15.00003143,0.707993062,0.7059590166,0.7051679292,0.7060155113,15.00003144
0.00163055504,14.82980361,-0.0007871541745,-0.0007867239881,15.00003144,15.00003144,0.9036761498,0.9017149832,0.9009522352,0.9017694533,15.00003144
0.00163774307,14.82891408,-0.0007992211673,-0.0007986732907,15.00003143,15.00003143,1.143551734,1.141687416,1.140962329,1.141739196,15.00003143
0.001646370155,14.82790731,-0.0008128782981,-0.0008121975037,15.00003142,15.00003142,1.41504277,1.413299691,1.412621749,1.413348103,15.00003142
0.001656519472,14.82681165,-0.0008277407046,-0.0008269156788,15.00003141,15.00003141,1.710501927,1.708908008,1.708288069,1.708952276,15.00003141
0.001668162673,14.82567835,-0.0008431131174,-0.0008421395103,15.0000314,15.0000314,2.016111857,2.014696994,2.014146684,2.014736288,15.0000314
0.001681265873,14.82456812,-0.0008581717778,-0.0008570534713,15.00003139,15.00003139,2.315501309,2.314296957,2.313828508,2.314330403,15.00003139
0.001695760435,14.82355243,-0.0008719467916,-0.0008706973236,15.00003137,15.00003137,2.58939404,2.588431996,2.588057775,2.588458711,15.00003137
0.001711561826,14.82270888,-0.0008833855004,-0.0008820288572,15.00003136,15.00003136,2.816868266,2.816179389,2.815911397,2.816198516,15.00003136
0.001728572043,14.82211739,-0.0008914034274,-0.0008899743234,15.00003134,15.00003134,2.976369081,2.975981774,2.975831056,2.975992523,15.00003134
0.001746686313,14.82185568,-0.0008949461335,-0.0008934896739,15.00003132,15.00003132,3.046937797,3.046876409,3.046852437,3.046878105,15.00003132
0.001765796963,14.82199474,-0.0008930506329,-0.0008916213652,15.0000313,15.0000313,3.009432562,3.009715798,3.009825847,3.009707921,15.0000313
0.001785809825,14.822595,-0.0008848971911,-0.0008835576503,15.00003129,15.00003129,2.847558008,2.848197682,2.848446348,2.848179904,15.00003128
0.001806654529,14.82370449,-0.0008698342354,-0.0008686532489,15.00003126,15.00003126,2.54836049,2.549360597,2.549749435,2.549332807,15.00003126
0.001828245959,14.82535456,-0.0008474366493,-0.0008464870498,15.00003124,15.00003124,2.103386439,2.104741755,2.105268735,2.104704099,15.00003124
0.001850513196,14.82755821,-0.0008175281725,-0.0008168843088,15.00003122,15.00003122,1.509127964,1.510823452,1.511482729,1.510776348,15.00003122
0.001873393438,14.83030849,-0.0007802036221,-0.0007799386538,15.0000312,15.0000312,0.7674645897,0.7694750405,0.7702568124,0.7694191881,15.0000312
0.001878081846,14.83092793,-0.0007717973189,-0.0007716174133,15.00003119,15.00003119,0.6004203366,0.6024904429,0.6032954161,0.6024329336,15.00003119
0.00188660854,14.83209976,-0.0007558949447,-0.0007558757344,15.00003119,15.00003119,0.2844149302,0.286588815,0.2874341501,0.2865284233,15.00003119
0.001888531505,14.83237183,-0.0007522028127,-0.0007522208745,15.00003118,15.00003118,0.2110456607,0.2132421011,0.2140962088,0.213181083,15.00003118
0.001892603006,14.83295703,-0.0007442614142,-0.0007443596005,15.00003118,15.00003118,0.0532349777,0.05547810923,0.05635037646,0.05541579427,15.00003118
0.001893621904,14.83310539,-0.0007422481786,-0.0007423666682,15.00003118,15.00003118,0.01322797517,0.01548256289,0.01635928579,0.01541992974,15.00003118
0.001893911715,14.83314772,-0.0007416736752,-0.0007417979579,15.00003118,15.00003118,0.001811432806,0.004069262179,0.004947245873,0.004006539001,15.00003118
0.001894016534,14.83316419,-0.0007414657119,-0.0007415921102,15.00003233,15.00003233,-0.002321989159,-6.278885195e-05,0.0008156935854,-0.0001255531855,15.0000837
0.001894063841,14.83316873,-0.0007413717814,-0.0007414990432,15.00002992,15.00002992,-0.00418786486,-0.001928527859,-0.001049843939,-0.001991283767,14.99976615
0.001894188798,14.83301853,-0.0007411188182,-0.0007412473831,14.99985973,14.99985973,-0.009070869981,-0.006833703545,-0.005961952072,-0.006895688023,14.99627183
0.001894313754,14.83235269,-0.0007408494161,-0.0007409779318,14.99916868,14.99916868,-0.01379405036,-0.01162599651,-0.01077898087,-0.01168586153,14.9889728
0.001894502439,14.82968351,-0.0007403884034,-0.0007405145495,14.99644473,14.99644473,-0.02039252091,-0.01841688133,-0.01764179533,-0.01847113056,14.97105224
0.001894736036,14.82248128,-0.0007396893548,-0.0007398094134,14.9891356,14.9891356,-0.02729301492,-0.0256726231,-0.02503309933,-0.02571676179,14.93848231
0.0018950198,14.80652676,-0.0007386014425,-0.0007387108665,14.97297903,14.97297903,-0.03330943305,-0.0322267998,-0.03179485585,-0.03225585508,14.88645706
0.00189533271,14.77901569,-0.0007370715465,-0.0007371673601,14.94514586,14.94514586,-0.03666848399,-0.03621463164,-0.03602737764,-0.0362262349,14.81862877
0.001895670516,14.73842319,-0.0007350554691,-0.0007351370565,14.90409664,14.90409664,-0.03668205945,-0.03683757431,-0.03688919974,-0.03683242731,14.74050122
0.001896027748,14.68591849,-0.0007326009861,-0.0007326705482,14.85101317,14.85101317,-0.03350752288,-0.03413456659,-0.03437275396,-0.03411661857,14.66033874
0.001896406302,14.62400611,-0.0007297861528,-0.0007298480472,14.78842476,14.78842476,-0.02804516305,-0.02892591321,-0.02926650774,-0.02890126695,14.58503325
0.001896808867,14.55659077,-0.0007267346776,-0.0007267945193,14.72027479,14.72027479,-0.02170038419,-0.0225824355,-0.02292697068,-0.02255807389,14.51987915
0.001897244038,14.48738179,-0.0007235526659,-0.0007236160833,14.65030836,14.65030836,-0.01606012655,-0.01671223323,-0.01696968434,-0.01669447786,14.46650242
0.001897721901,14.41976965,-0.0007203333634,-0.0007204046133,14.58194827,14.58194827,-0.01267738795,-0.01294826238,-0.0130581137,-0.01294115892,14.42266795
0.001898210473,14.36029799,-0.000717361211,-0.0007174409553,14.5218083,14.5218083,-0.01247888415,-0.01238379932,-0.01235032654,-0.01238676807,14.38445065
0.001898701829,14.30757634,-0.0007146077964,-0.000714693615,14.46848518,14.46848518,-0.01470403625,-0.01437974605,-0.01425525343,-0.01438890605,14.34350576
0.00189921093,14.25578369,-0.0007118496361,-0.0007119377746,14.4160974,14.4160974,-0.01802819387,-0.01765046691,-0.01750326512,-0.01766093128,14.29227924
0.001899749879,14.19922842,-0.0007088722062,-0.0007089588819,14.35889455,14.35889455,-0.02105078261,-0.02077741703,-0.02066952581,-0.02078486324,14.22683615
0.001900342089,14.13163187,-0.0007054172906,-0.0007054999415,14.29053161,14.29053161,-0.02263304194,-0.02255402129,-0.02252149057,-0.02255604828,14.14551659
0.001900934298,14.05819987,-0.0007017645054,-0.0007018432948,14.21627462,14.21627462,-0.02233397394,-0.02241655101,-0.02244755516,-0.02241415344,14.06127413
0.001901531667,13.98072863,-0.0006979620196,-0.0006980388491,14.13793701,14.13793701,-0.02095164844,-0.02109960569,-0.02115701018,-0.02109548291,13.97933777
0.001902160023,13.89900619,-0.0006939494353,-0.0006940265642,14.05530073,14.05530073,-0.01947490468,-0.01959026217,-0.01963571128,-0.01958711247,13.89906041
0.001902850942,13.81158219,-0.0006896133106,-0.000689692339,13.96689599,13.96689599,-0.01873541437,-0.01875981608,-0.01877004091,-0.01875920688,13.81611986
0.001903550724,13.7259131,-0.0006853131006,-0.0006853939591,13.88026199,13.88026199,-0.0190339132,-0.01898453018,-0.01896570396,-0.01898593735,13.73336329
0.001904253258,13.64110757,-0.0006810323387,-0.0006811138728,13.79449942,13.79449942,-0.01983011524,-0.01976318442,-0.01973708421,-0.01976503705,13.64781672
0.001905013158,13.5485066,-0.0006763688556,-0.0006764498998,13.70085415,13.70085415,-0.02050860823,-0.02047243868,-0.02045806716,-0.02047341491,13.55149613
0.001905853595,13.44389156,-0.0006711320932,-0.0006712121923,13.59506166,13.59506166,-0.02064771276,-0.02065445822,-0.02065687301,-0.02065425135,13.44253203
0.001906694033,13.3377062,-0.0006658364035,-0.0006659161028,13.4876827,13.4876827,-0.02038414019,-0.02040494218,-0.02041304702,-0.02040436572,13.33394222
0.001907592588,13.22397982,-0.0006601606033,-0.000660240588,13.37267772,13.37267772,-0.02016806191,-0.02017427129,-0.02017681258,-0.0201741106,13.21940379
0.001908594777,13.09766998,-0.0006538395985,-0.0006539200704,13.24494651,13.24494651,-0.02026857085,-0.02025594834,-0.0202510984,-0.02025630447,13.09217337
0.001909596966,12.9713007,-0.0006475082429,-0.0006475888316,13.11715461,13.11715461,-0.02052406334,-0.02051057523,-0.02050529302,-0.02051094648,12.96371998
0.001910734086,12.82689118,-0.0006402801167,-0.0006403605403,12.9711199,12.9711199,-0.02068037528,-0.02067681457,-0.02067538967,-0.02067690972,12.81635207
0.001911871206,12.68142032,-0.0006330056734,-0.0006330860482,12.82401243,12.82401243,-0.02069935549,-0.02069885155,-0.02069866396,-0.02069886632,12.66840643
0.00191312755,12.52006528,-0.0006249348528,-0.0006250153616,12.66084192,12.66084192,-0.02075804457,-0.02075338202,-0.02075158649,-0.02075351319,12.50475438
0.00191444389,12.35039659,-0.000616444493,-0.0006165250982,12.48926395,12.48926395,-0.02089462828,-0.02088851028,-0.02088612638,-0.02088867979,12.33246664
0.001915893822,12.16246216,-0.000607041438,-0.0006071220559,12.29921478,12.29921478,-0.02102104078,-0.02101697603,-0.02101538938,-0.02101708838,12.14143875
0.001917409471,11.9648395,-0.0005971552757,-0.0005972359428,12.09936849,12.09936849,-0.02112064128,-0.02111672744,-0.02111520849,-0.02111683644,11.94072021
0.001919233065,11.72569441,-0.0005851909692,-0.0005852717204,11.8575325,11.8575325,-0.02126000584,-0.02125545013,-0.02125367797,-0.02125557663,11.69789204
0.001921066047,11.48376814,-0.0005730877017,-0.0005731685104,11.61288404,11.61288404,-0.02139793353,-0.02139384552,-0.02139225473,-0.02139395898,11.45219981
0.001923174276,11.20361262,-0.0005590724164,-0.0005591532997,11.32957621,11.32957621,-0.02154662518,-0.02154254909,-0.02154096417,-0.02154266233,11.16775306
0.001925601841,10.87860317,-0.000542813304,-0.0005428942696,11.00090976,11.00090976,-0.02171777295,-0.02171382056,-0.02171228304,-0.02171393031,10.83780134
0.001928449994,10.49405625,-0.0005235762551,-0.0005236573137,10.61203597,10.61203597,-0.02190997909,-0.02190616349,-0.02190467944,-0.02190626946,10.44746971
0.001931801815,10.03721262,-0.0005007230675,-0.000500804231,10.15005204,10.15005204,-0.02212800433,-0.02212436406,-0.02212294812,-0.02212446515,9.983836458
0.001935800794,9.486354909,-0.0004731677094,-0.0004732489917,9.592996245,9.592996245,-0.02237507488,-0.02237163196,-0.02237029275,-0.02237172757,9.42491036
0.001941223948,8.729814894,-0.0004353249361,-0.000435406368,8.827943984,8.827943984,-0.02268753379,-0.02268436737,-0.02268313569,-0.0226844553,8.657491129
0.00194782677,7.795111735,-0.0003885723717,-0.0003886539678,7.882724121,7.882724121,-0.02303237934,-0.02302955485,-0.02302845613,-0.02302963328,7.70965679
0.001954998152,6.764775128,-0.0003370389046,-0.0003371206565,6.84079499,6.84079499,-0.02336199753,-0.02335954956,-0.02335859727,-0.02335961754,6.665225609
0.001963008457,5.597765493,-0.0002786726732,-0.0002787545708,5.660655327,5.660655327,-0.02367407674,-0.02367205511,-0.02367126861,-0.02367211124,5.482712796
0.00197180597,4.299841233,-0.0002137626528,-0.0002138446759,4.348128393,4.348128393,-0.02394771553,-0.02394616779,-0.02394556558,-0.02394621075,4.16809896
0.001981478229,2.857851759,-0.0001416522638,-0.0001417343823,2.889915726,2.889915726,-0.02416411279,-0.02416309135,-0.02416269381,-0.02416311969,2.708226762
0.001992157882,1.253626665,-6.143419202e-05,-6.151636392e-05,1.267642593,1.267642593,-0.02429938693,-0.02429895077,-0.02429878084,-0.02429896285,1.084900694
0.002004208571,-0.5629582415,2.939611256e-05,2.931394619e-05,-0.5693789742,-0.5693789742,-0.02432068226,-0.02432090846,-0.02432099612,-0.02432090215,-0.7523211849
0.00201998496,-2.93469247,0.0001479735773,0.0001478915234,-2.967794528,-2.967794528,-0.02413799858,-0.0241390882,-0.02413951166,-0.02413905791,-3.149414988
0.002035761349,-5.277629843,0.0002650992316,0.0002650174086,-5.337088372,-5.337088372,-0.02371833009,-0.02372027214,-0.02372102712,-0.02372021817,-5.515603944
0.002051537739,-7.568767598,0.0003796231458,0.0003795416697,-7.65399898,-7.65399898,-0.0230657968,-0.02306857225,-0.02306965136,-0.02306849513,-7.827657014
0.002067314128,-9.785611537,0.0004904209335,0.0004903399171,-9.895779118,-9.895779118,-0.02218680518,-0.02219038677,-0.02219177941,-0.02219028726,-10.06287465
0.002083090517,-11.90639687,0.0005964047916,0.0005963243429,-12.04041918,-12.04041918,-0.02108998517,-0.02109433773,-0.02109603023,-0.02109421681,-12.19931168
0.002098866906,-13.91030191,0.0006965341792,0.0006964544009,-14.06686326,-14.06686326,-0.0197861052,-0.01979118601,-0.01979316176,-0.01979104486,-14.21599274
0.002104238692,-14.56240784,0.0007291147721,0.0007290352447,-14.72630354,-14.72630354,-0.01929705749,-0.01930238678,-0.01930445909,-0.01930223873,-14.87176955
0.002104681964,-14.61548789,0.0007317666869,0.0007316871807,-14.77998058,-14.77998058,-0.01925572656,-0.01926107556,-0.01926315548,-0.01926092695,-14.92513689
0.002105047857,-14.65921667,0.0007339513969,0.0007338719082,-14.82420119,-14.82420119,-0.0192214918,-0.01922685759,-0.01922894404,-0.01922670852,-14.969101
0.00210520592,-14.67808328,0.0007348939783,0.0007348144973,-14.84327999,-14.84327999,-0.01920666963,-0.01921204262,-0.01921413186,-0.01921189334,-14.98806875
0.002105248679,-14.68318455,0.0007351488394,0.0007350693604,-14.84843864,-14.84843864,-0.01920265657,-0.01920803149,-0.01921012149,-0.01920788217,-14.99319734
0.002105303744,-14.68975233,0.0007354769673,0.000735397491,-14.85508029,-14.85508029,-0.01919748649,-0.0192028639,-0.01920495487,-0.01920271451,-14.99980025
0.002105306648,-14.69009871,0.0007354942725,0.0007354147962,-14.85543056,-14.85543056,-0.01919721234,-0.01920259111,-0.01920468222,-0.01920244163,-15.0001318
0.00210530791,-14.69024916,0.0007355017935,0.0007354223127,-14.8555827,-14.8555827,-0.01919709535,-0.01920247256,-0.01920456373,-0.01920232311,-15.0001318
0.002105320534,-14.69174497,0.000735576888,0.0007354971014,-14.85709533,-14.85709533,-0.01919706236,-0.01920140196,-0.01920343102,-0.01920130278,-15.0001318
0.002105337189,-14.69369449,0.0007356753475,0.0007355948797,-14.85906682,-14.85906682,-0.01920310156,-0.01920162208,-0.01920269077,-0.01920179817,-15.0001318
0.002105362878,-14.69664897,0.0007358255235,0.000735743909,-14.86205463,-14.86205463,-0.01922921207,-0.01920983029,-0.01920612137,-0.0192107099,-15.0001318
0.00210539972,-14.70077705,0.0007360372477,0.0007359539927,-14.86622943,-14.86622943,-0.0193028027,-0.01924464951,-0.01922806445,-0.01924681766,-15.0001318
0.002105456962,-14.70694428,0.0007363579218,0.0007362721718,-14.87246677,-14.87246677,-0.01949915603,-0.01936356129,-0.01931859014,-0.01936804768,-15.0001318
0.002105528612,-14.71426014,0.0007367457519,0.0007366569692,-14.87986637,-14.87986637,-0.01987924224,-0.01963481163,-0.01954818893,-0.01964238724,-15.0001318
0.002105624038,-14.72334851,0.0007372402627,0.000737147588,-14.88905969,-14.88905969,-0.02060325205,-0.02021191011,-0.02006803775,-0.02022355708,-15.0001318
0.002105747933,-14.73411816,0.0007378476815,0.0007377501848,-14.89995531,-14.89995531,-0.02188553801,-0.02131398375,-0.02109938516,-0.02133057698,-15.0001318
0.00210591659,-14.74709841,0.0007386180502,0.0007385143665,-14.91309022,-14.91309022,-0.02418892395,-0.02339790263,-0.02309698236,-0.02342050134,-15.0001318
0.002106160369,-14.76290639,0.0007396321547,0.0007395201921,-14.9290922,-14.9290922,-0.02849745713,-0.02743885356,-0.02703263566,-0.02746876948,-15.00013179
0.00210649614,-14.78002455,0.0007408721234,0.0007407498058,-14.94643097,-14.94643097,-0.0359715622,-0.03462375078,-0.03410371539,-0.03466157432,-15.00013179
0.002106865855,-14.79406883,0.0007420752971,0.0007419426625,-14.96067004,-14.96067004,-0.04578442409,-0.04420016655,-0.04358707277,-0.0442444546,-15.00013179
0.002107316713,-14.80624044,0.0007433748012,0.000743230709,-14.97302954,-14.97302954,-0.05937374497,-0.05758572546,-0.05689242988,-0.05763558377,-15.00013179
0.002107825714,-14.81544272,0.00074468749,0.0007445314996,-14.9823984,-14.9823984,-0.07618727572,-0.07424670127,-0.0734933502,-0.07430072915,-15.00013179
0.002108413894,-14.82216068,0.000746070052,0.0007459012187,-14.98926947,-14.98926947,-0.09686369713,-0.094813694,-0.09401725289,-0.09487071163,-15.00013178
0.002109079344,-14.82664262,0.0007475256497,0.0007473430242,-14.99389317,-14.99389317,-0.1212178599,-0.1190973137,-0.1182730795,-0.1191562573,-15.00013178
0.002109838277,-14.8294287,0.0007491024308,0.0007489046495,-14.99681726,-14.99681726,-0.1496642929,-0.1475030337,-0.1466627389,-0.1475630869,-15.00013178
0.002110702716,-14.83098989,0.000750837328,0.0007506227157,-14.99851902,-14.99851902,-0.1824644235,-0.1802843746,-0.1794366399,-0.1803449373,-15.00013178
0.002111696257,-14.83174746,0.0007527872093,0.000752553579,-14.99942709,-14.99942709,-0.2203241152,-0.2181402555,-0.2172909678,-0.2182009174,-15.00013177
0.002112849147,-14.83201495,0.000755016638,0.0007547612048,-14.99986215,-14.99986215,-0.2642091463,-0.2620314248,-0.2611844898,-0.262091913,-15.00013177
0.002114208474,-14.83200469,0.0007576166832,0.0007573357949,-15.00004491,-15.00004491,-0.3157112077,-0.31354645,-0.3127045417,-0.3136065767,-15.00013176
0.002115845269,-14.83184034,0.0007607167132,0.0007604054679,-15.00010956,-15.00010956,-0.3772690142,-0.3751227021,-0.3742879613,-0.3751823159,-15.00013175
0.002117875633,-14.83157791,0.0007645207738,0.0007641722845,-15.00012766,-15.00012766,-0.4528677845,-0.4507457175,-0.449920403,-0.4508046576,-15.00013175
0.002120501141,-14.83122377,0.0007693737371,0.000768977755,-15.00013128,-15.00013128,-0.549331329,-0.5472414598,-0.5464286652,-0.5472995054,-15.00013173
0.002124102219,-14.83074257,0.0007759073988,0.0007754475177,-15.0001317,-15.0001317,-0.6792077842,-0.6771630765,-0.6763678431,-0.6772198675,-15.00013172
0.002129355545,-14.83005915,0.0007851785899,0.0007846281254,-15.0001317,-15.0001317,-0.8635033571,-0.8615264131,-0.8607575299,-0.8615813215,-15.0001317
0.002136303849,-14.82919129,0.0007969513325,0.0007962860096,-15.00013167,-15.00013167,-1.097528904,-1.095644883,-1.094912134,-1.09569721,-15.00013167
0.002144647532,-14.8282056,0.000810322149,0.0008095266374,-15.00013164,-15.00013164,-1.363327147,-1.361559439,-1.360871919,-1.361608535,-15.00013163
0.002154523877,-14.82712197,0.0008250210411,0.000824082798,-15.0001316,-15.0001316,-1.655533985,-1.653910206,-1.653278655,-1.653955303,-15.00013159
0.00216589381,-14.82599119,0.0008403589998,0.0008392723812,-15.00013155,-15.00013155,-1.960456434,-1.959006055,-1.958441933,-1.959046335,-15.00013155
0.002178734971,-14.82487118,0.0008555499174,0.0008543171428,-15.0001315,-15.0001315,-2.262471677,-2.261225984,-2.260741459,-2.261260579,-15.00013149
0.002192980751,-14.82383208,0.0008696422184,0.0008682749857,-15.00013144,-15.00013144,-2.542667638,-2.541658444,-2.541265888,-2.541686469,-15.00013144
0.002208550363,-14.82295053,0.0008815959394,0.0008801162751,-15.00013138,-15.00013138,-2.780374975,-2.77963343,-2.779344956,-2.779654019,-15.00013137
0.002225347372,-14.8223064,0.0008903274107,0.0008887680681,-15.00013131,-15.00013131,-2.954054958,-2.953610036,-2.953436913,-2.953622385,-15.0001313
0.002243268186,-14.82197818,0.000894772027,0.0008931762586,-15.00013123,-15.00013123,-3.042546994,-3.042423916,-3.042375954,-3.042427326,-15.00013123
0.002262205076,-14.82203842,0.0008939452037,0.0008923659262,-15.00013115,-15.00013115,-3.026280101,-3.026498726,-3.026583648,-3.026492644,-15.00013115
0.002282056249,-14.82254958,0.000886999821,0.0008854982139,-15.00013107,-15.00013107,-2.888414692,-2.888988114,-2.889211016,-2.888972177,-15.00013107
0.002302756161,-14.82356238,0.0008732479238,0.0008718918284,-15.00013099,-15.00013099,-2.615274186,-2.616208005,-2.616571064,-2.616182057,-15.00013098
0.002324216607,-14.82511133,0.0008522213905,0.0008510830851,-15.0001309,-15.0001309,-2.197550369,-2.198841096,-2.199342958,-2.198805234,-15.00013089
0.0023463657,-14.82721302,0.0008236953819,0.0008228491464,-15.00013081,-15.00013081,-1.630769904,-1.632404351,-1.633039888,-1.632358942,-15.0001308
0.002369138396,-14.82986417,0.0007877147115,0.0007872341347,-15.00013071,-15.00013071,-0.9158185196,-0.9177733526,-0.9185334935,-0.9177190449,-15.00013071
0.002392481537,-14.83304133,0.0007445978144,0.0007445530718,-15.00013062,-15.00013062,-0.05902010645,-0.06126183293,-0.06213355419,-0.06119955704,-15.00013061
0.002393436471,-14.83318026,0.0007427124089,0.0007426866819,-15.00013062,-15.00013062,-0.02155337641,-0.02380588792,-0.02468180305,-0.02374331241,-15.00013061
0.002393798051,-14.83323304,0.0007419961662,0.0007419776617,-15.00013061,-15.00013061,-0.007320193338,-0.009576752197,-0.01045424181,-0.009514064313,-15.00013061
0.002393988529,-14.83326088,0.0007416183387,0.000741603644,-15.00013061,-15.00013061,0.0001880020361,-0.002070685225,-0.002949002576,-0.002007938221,-15.00013061
0.002394233818,-14.8330411,0.0007411238125,0.0007411124259,-14.99987234,-14.99987234,0.009792585555,0.007564145149,0.006695493005,0.007625859884,-14.99539972
0.002394342951,-14.83240169,0.0007408866192,0.000740875093,-14.99921033,-14.99921033,0.01389982597,0.01173516476,0.01088943047,0.011794932,-14.98873968
0.002394622398,-14.82743342,0.0007401704115,0.0007401544665,-14.99415075,-14.99415075,0.02334408468,0.02149852396,0.02077285094,0.02154905006,-14.95926397
0.002394901845,-14.81573357,0.0007392320487,0.0007392072016,-14.98229211,-14.98229211,0.0305895362,0.02922441516,0.02868319314,0.02926137188,-14.91436023
0.0023952477,-14.79002067,0.0007376974933,0.0007376582211,-14.95627019,-14.95627019,0.03585624531,0.03518091228,0.03490727102,0.03519864431,-14.8436294
0.002395596004,-14.75163826,0.0007357350311,0.0007356806711,-14.9174516,-14.9174516,0.03702484118,0.03701156725,0.0369968401,0.0370110426,-14.76393189
0.002395970752,-14.69888054,0.0007332384973,0.0007331704984,-14.86410993,-14.86410993,0.03447056875,0.03500639857,0.03520830992,0.03499090936,-14.67848242
0.00239635727,-14.63664613,0.0007303981194,0.0007303211019,-14.80119506,-14.80119506,0.02922409243,0.03007441345,0.03040244373,0.03005054426,-14.59905584
0.002396767968,-14.56778478,0.0007272831007,0.0007272028923,-14.73158338,-14.73158338,0.02272693435,0.02362519309,0.0239755277,0.02360033422,-14.52969448
0.002397206113,-14.49724433,0.0007240514122,0.0007239740231,-14.66027172,-14.66027172,0.01676387207,0.01746014217,0.01773452505,0.01744113727,-14.47344958
0.002397686613,-14.42798226,0.0007207721788,0.0007207023228,-14.5902448,-14.5902448,0.01293580551,0.01325757289,0.01338723345,0.01324905728,-14.42777362
0.002398182972,-14.36646923,0.0007177162766,0.0007176551648,-14.52804188,-14.52804188,0.01236593275,0.01230597055,0.01228632512,0.01230797935,-14.3886372
0.002398679331,-14.3126395,0.0007149156675,0.0007148610416,-14.47359887,-14.47359887,0.01441866804,0.01410953018,0.01399112956,0.01411828788,-14.34786747
0.002399191345,-14.26046867,0.0007121388435,0.0007120869357,-14.42082871,-14.42082871,0.01772995783,0.01735015624,0.01720230059,0.01736069252,-14.2973052
0.002399730719,-14.20415575,0.000709168538,0.000709115451,-14.36387057,-14.36387057,0.02084672672,0.0205604395,0.02044759183,0.02056825108,-14.23271295
0.002400322014,-14.13714338,0.0007057349926,0.0007056779866,-14.2960978,-14.2960978,0.02258364817,0.02248929245,0.02245077605,0.02249174339,-14.15204873
0.002400918841,-14.06350682,0.000702066148,0.0007020051629,-14.22163351,-14.22163351,0.02240356649,0.02247748018,0.0225050502,0.0224753172,-14.06713001
0.002401515669,-13.98623274,0.0006982715329,0.0006982084281,-14.14349512,-14.14349512,0.02106417603,0.02121089287,0.0212677499,0.02120679848,-13.98492169
0.002402143301,-13.90452025,0.0006942609533,0.0006941980046,-14.06086901,-14.06086901,0.01956016271,0.01968004112,0.01972721582,0.01967676279,-13.90432082
0.002402829951,-13.81742534,0.0006899447377,0.000689883623,-13.9727973,-13.9727973,0.01875287788,0.01878366928,0.01879638849,0.01878288346,-13.82163848
0.002403534446,-13.73101857,0.0006856102961,0.0006855510728,-13.88541754,-13.88541754,0.01899711793,0.01895076872,0.01893315079,0.01895209427,-13.73836466
0.00240423894,-13.64595335,0.0006813168655,0.000681258397,-13.79939238,-13.79939238,0.01978541149,0.01971801694,0.01969175834,0.0197198845,-13.65276991
0.002404997625,-13.55357844,0.0006766635086,0.0006766046008,-13.70597562,-13.70597562,0.02048642157,0.02044792938,0.02043265863,0.0204489705,-13.55677909
0.002405840172,-13.44879723,0.0006714169256,0.0006713570641,-13.60001499,-13.60001499,0.02065594651,0.02066115099,0.02066295672,0.02066098602,-13.44758225
0.00240668272,-13.34237481,0.0006661090381,0.0006660487414,-13.49239628,-13.49239628,0.02039998523,0.02042086759,0.02042899492,0.02042028807,-13.33864933
0.002407578193,-13.22901199,0.0006604519365,0.000660391902,-13.37775897,-13.37775897,0.02017394816,0.02018109714,0.02018400298,0.02018091027,-13.2244336
0.002408583759,-13.1022456,0.0006541087068,0.0006540491679,-13.24956613,-13.24956613,0.02026224142,0.02025003318,0.02024534856,0.0202503782,-13.09677769
0.002409589326,-12.97545524,0.0006477562452,0.0006476968382,-13.12134842,-13.12134842,0.02051848019,0.02050477032,0.02049940388,0.02050514792,-12.96793455
0.002410722684,-12.83154748,0.0006405529206,0.0006404933515,-12.97582109,-12.97582109,0.02068045297,0.02067661272,0.02067507772,0.02067671551,-12.82107664
0.002411856042,-12.68657042,0.0006333030912,0.0006332434659,-12.82921296,-12.82921296,0.02070110229,0.02070065886,0.02070049342,0.02070067182,-12.67361095
0.002413100631,-12.52672747,0.0006253080829,0.0006252485875,-12.66757157,-12.66757157,0.02075571924,0.02075123249,0.020749506,0.02075135884,-12.51148959
0.002414420391,-12.35663069,0.0006167963562,0.0006167369619,-12.49556069,-12.49556069,0.02089145,0.02088529293,0.02088289447,0.02088546359,-12.33878031
0.002415851853,-12.17111904,0.0006075144169,0.0006074550361,-12.30796156,-12.30796156,0.02101832208,0.0210141825,0.02101256628,0.02101429689,-12.15021416
0.002417371665,-11.97298245,0.0005976025425,0.0005975432084,-12.10759556,-12.10759556,0.02111828095,0.02111440405,0.02111289933,0.02111451202,-11.94896637
0.002419173216,-11.73676668,0.0005857848256,0.0005857255757,-11.86872184,-11.86872184,0.02125516302,0.02125060222,0.02124882831,0.02125072889,-11.70911539
0.002420990244,-11.49700454,0.0005737897885,0.0005737305959,-11.62626187,-11.62626187,0.02139261841,0.02138851185,0.02138691372,0.02138862582,-11.46562018
0.002423092788,-11.21767791,0.0005598159707,0.0005597568519,-11.34379226,-11.34379226,0.02154087183,0.02153680186,0.02153521937,0.02153691494,-11.18201227
0.002425526398,-10.89194247,0.0005435205285,0.0005434614928,-11.01439166,-11.01439166,0.02171261945,0.0217086592,0.02170711859,0.02170876916,-10.85132283
0.002428384645,-10.50611775,0.0005242195462,0.0005241606037,-10.62422568,-10.62422568,0.02190567392,0.02190185627,0.02190037143,0.0219019623,-10.45969222
0.002431745664,-10.04810323,0.0005013077744,0.0005012489371,-10.16105767,-10.16105767,0.02212448811,0.02212084506,0.02211942804,0.02212094623,-9.994869107
0.00243572484,-9.500074624,0.0004738939221,0.0004738352032,-9.606862824,-9.606862824,0.02237056035,0.02236711342,0.02236577266,0.02236720915,-9.438811491
0.002441197265,-8.736762874,0.0004357124061,0.0004356538383,-8.834962633,-8.834962633,0.02268610778,0.02268293997,0.02268170775,0.02268302793,-8.664520944
0.002447845042,-7.795705907,0.0003886420315,0.0003885836291,-7.883317474,-7.883317474,0.02303332612,0.02303050259,0.02302940425,0.023030581,-7.710243319
0.002455030688,-6.763267939,0.0003370034718,0.0003369452253,-6.839263341,-6.839263341,0.02336343243,0.02336098619,0.02336003457,0.02336105411,-6.663683416
0.002463059387,-5.593497146,0.0002784991619,0.0002784410615,-5.656331455,-5.656331455,0.02367591694,0.02367389804,0.02367311261,0.02367395409,-5.478375271
0.00247187358,-4.293010727,0.0002134610323,0.0002134030572,-4.341213537,-4.341213537,0.02394958318,0.0239480391,0.02394743832,0.02394808197,-4.161170188
0.002481563883,-2.848227186,0.0001412109552,0.0001411530754,-2.88017537,-2.88017537,0.02416567857,0.02416466181,0.02416426609,0.02416469003,-2.6984747
0.002492263097,-1.240982114,6.084192137e-05,6.078409455e-05,-1.254848287,-1.254848287,0.02430022323,0.02429979284,0.02429962516,0.02429980477,-1.072100102
0.002504339297,0.5794655663,-3.018145505e-05,-3.02392881e-05,0.5860795046,0.5860795046,0.02432019573,0.02432042911,0.02432051957,0.0243204226,0.7690181371
0.002520231592,2.968401273,-0.0001496187809,-0.0001496767287,3.001890037,3.001890037,0.024133301,0.02413440403,0.0241348327,0.02413437336,3.183475621
0.002536123886,5.327748086,-0.0002675645205,-0.0002676227031,5.387777899,5.387777899,0.02370597662,0.023707938,0.0237087005,0.02370788349,5.56620137
0.002552016181,7.634000811,-0.0003828436293,-0.0003829021646,7.71997348,7.71997348,0.02304247968,0.0230452799,0.02304636865,0.0230452021,7.893457279
0.002567908476,9.864183209,-0.0004943076295,-0.0004943666315,9.975242081,9.975242081,0.02214942025,0.02215303141,0.02215443556,0.02215293108,10.14205786
0.00258380077,11.9960769,-0.0006008460512,-0.0006009056296,12.13111539,12.13111539,0.02103569559,0.02104008171,0.02104178727,0.02103995986,12.28960124
0.002599693065,14.0084427,-0.0007013974965,-0.000701457755,14.16611535,14.16611535,0.01971240123,0.01971751862,0.0197195086,0.01971737646,14.31469233
0.002603508243,14.47149321,-0.0007245324667,-0.0007245929036,14.63437387,14.63437387,0.01936486639,0.01937016431,0.01937222443,0.01937001713,14.78034789
0.002604891328,14.63731881,-0.0007328172472,-0.00073287775,14.80206453,14.80206453,0.01923618981,0.01924154791,0.01924363137,0.01924139905,14.94707413
0.002605082243,14.66012207,-0.0007339565068,-0.0007340170188,14.82512426,14.82512426,0.01921830999,0.01922367683,0.01922576369,0.01922352773,14.96999989
0.002605295181,14.68553101,-0.0007352259449,-0.0007352864671,14.85081898,14.85081898,0.01919833362,0.01920371009,0.0192058007,0.01920356072,14.99554493
0.002605329146,14.68958143,-0.0007354283049,-0.0007354888287,14.85491495,14.85491495,0.01919514399,0.01920052199,0.01920261319,0.01920037258,14.99961701
0.002605331923,14.68991258,-0.0007354448492,-0.0007355053731,14.85524983,14.85524983,0.01919488315,0.01920026128,0.01920235253,0.01920011187,14.99994993
0.002605333119,14.69005522,-0.0007354519754,-0.0007355124994,14.85539407,14.85539407,0.01919477068,0.01920014898,0.01920224025,0.01919999955,15.00008646
0.002605333708,14.6901254,-0.0007354554825,-0.0007355160055,14.85546504,14.85546504,0.01919471553,0.01920009371,0.01920218499,0.01919994428,15.00008646
0.002605339595,14.69082528,-0.000735490539,-0.0007355509789,14.85617279,14.85617279,0.01919430098,0.019199546,0.01920163527,0.01919940183,15.00008646
0.002605351802,14.69226558,-0.0007355630189,-0.0007356230545,14.8576293,14.8576293,0.01919550895,0.01919873607,0.01920063818,0.01919869265,15.00008646
0.002605369881,14.69437206,-0.0007356695913,-0.0007357288527,14.85975951,14.85975951,0.01920499736,0.01920012612,0.01920042756,0.01920044769,15.00008646
0.002605396279,14.6973912,-0.000735823342,-0.0007358814213,14.86281274,14.86281274,0.01923723061,0.01921163286,0.01920600212,0.01921273262,15.00008646
0.002605436113,14.70182302,-0.0007360511925,-0.0007361075047,14.86729475,14.86729475,0.01932707511,0.01925675903,0.0192358602,0.01925930516,15.00008646
0.002605495028,14.70811352,-0.0007363793119,-0.000736433069,14.87365685,14.87365685,0.01954785758,0.01939530794,0.01934393078,0.01940028352,15.00008646
0.002605569398,14.71562503,-0.0007367790868,-0.0007368297148,14.88125445,14.88125445,0.0199692666,0.01970279684,0.01960763203,0.01971098767,15.00008646
0.002605668194,14.72490915,-0.0007372868282,-0.000737333455,14.89064597,14.89064597,0.02075995344,0.02034216461,0.02018793167,0.02035453927,15.00008646
0.002605797281,14.73594146,-0.0007379133253,-0.0007379549706,14.90180764,14.90180764,0.02215795282,0.02155505056,0.02132812708,0.02157250208,15.00008646
0.002605974144,14.74925036,-0.000738710942,-0.0007387461679,14.9152757,14.9152757,0.02467299678,0.02384494976,0.02352945926,0.02386856096,15.00008646
0.002606234714,14.76560216,-0.0007397764811,-0.0007398029812,14.9318294,14.9318294,0.02945745891,0.02835267196,0.02792827764,0.02838385054,15.00008646
0.002606569472,14.78200493,-0.0007409902411,-0.000741006568,14.94844546,14.94844546,0.03712643006,0.03574463592,0.03521122486,0.03578338846,15.00008646
0.002606952782,14.79592971,-0.0007422160605,-0.0007422218359,14.96256582,14.96256582,0.04750700508,0.04589092561,0.04526530569,0.0459360835,15.00008645
0.002607409309,14.80761883,-0.0007435102195,-0.0007435045391,14.97443881,14.97443881,0.06147194778,0.05966039406,0.05895783316,0.05971089553,15.00008645
0.002607929711,14.81647874,-0.0007448334359,-0.0007448157184,14.98346351,14.98346351,0.07883562617,0.0768774659,0.07611718952,0.0769319742,15.00008645
0.002608527187,14.8228472,-0.0007462219446,-0.0007461912893,14.9899829,14.9899829,0.09997858308,0.09791704745,0.09711606245,0.09797437992,15.00008645
0.002609204984,14.82706646,-0.0007476921584,-0.0007476475404,14.99434302,14.99434302,0.1248843477,0.1227568704,0.1219299022,0.1228160029,15.00008645
0.002609977044,14.82965379,-0.0007492869124,-0.000749226942,14.99706821,14.99706821,0.1538850519,0.1517203817,0.1508787373,0.1517805275,15.00008645
0.002610857778,14.83108174,-0.0007510477514,-0.0007509706824,14.99863766,14.99863766,0.1873319046,0.1851508793,0.1843027521,0.1852114679,15.00008644
0.002611870918,14.83175539,-0.0007530310766,-0.0007529346538,14.99946366,14.99946366,0.2259376814,0.223754474,0.2229054336,0.2238151172,15.00008644
0.002613048948,14.83197431,-0.0007553050266,-0.0007551863606,14.9998531,14.9998531,0.2707528983,0.2685769133,0.2677306507,0.268637353,15.00008644
0.002614441326,14.83193731,-0.0007579642654,-0.0007578195632,15.00001331,15.00001331,0.3234539507,0.3212917266,0.3204508024,0.3213517828,15.00008643
0.002616123918,14.83175749,-0.0007611461388,-0.0007609702785,15.00006844,15.00006844,0.386648083,0.3845050486,0.383671582,0.3845645713,15.00008643
0.002618221293,14.83148309,-0.0007650686553,-0.0007648543933,15.00008329,15.00008329,0.4646047754,0.4624869065,0.4616632244,0.46254573,15.00008642
0.002620952418,14.83111463,-0.0007701050366,-0.0007698414908,15.0000861,15.0000861,0.564715189,0.5626309197,0.5618203027,0.5626888098,15.00008642
0.002624734029,14.83061082,-0.0007769436208,-0.0007766132016,15.0000864,15.0000864,0.7006532065,0.6986165322,0.6978244226,0.6986731,15.00008641
0.002630259623,14.82989554,-0.0007866470564,-0.0007862218472,15.00008639,15.00008639,0.8935414047,0.8915763419,0.8908120789,0.8916309203,15.00008639
0.002637388534,14.82901129,-0.0007986422215,-0.0007981000131,15.00008638,15.00008638,1.131988972,1.130119786,1.129392805,1.130171701,15.00008637
0.002645944904,14.82800972,-0.0008122285855,-0.0008115541335,15.00008635,15.00008635,1.402072951,1.400323773,1.399643459,1.400372354,15.00008635
0.002656026525,14.82691695,-0.0008270515934,-0.0008262332704,15.00008632,15.00008632,1.696748455,1.695147137,1.69452432,1.69519161,15.00008632
0.00266760191,14.82578417,-0.0008424168187,-0.0008414499519,15.00008629,15.00008629,2.002214872,2.000791204,2.000237469,2.000830742,15.00008629
0.002680640195,14.82467137,-0.0008575099729,-0.0008563980286,15.00008626,15.00008626,2.3022892,2.3010746,2.300602166,2.30110833,15.00008625
0.002695073151,14.82364973,-0.0008713654959,-0.0008701215545,15.00008622,15.00008622,2.57778136,2.57680763,2.576428864,2.576834669,15.00008622
0.002710817189,14.8227966,-0.0008829337652,-0.0008815813269,15.00008618,15.00008618,2.807829935,2.807128011,2.806854945,2.8071475,15.00008617
0.002727774658,14.82219192,-0.0008911303371,-0.0008897036315,15.00008613,15.00008613,2.970880712,2.970479142,2.970322878,2.970490287,15.00008613
0.002745841089,14.8219136,-0.000894898109,-0.0008934417849,15.00008608,15.00008608,3.045922102,3.045845456,3.04581555,3.045847576,15.00008608
0.002764908761,14.82203302,-0.0008932685977,-0.0008918368026,15.00008603,15.00008603,3.013703029,3.0139703,3.014074141,3.013962867,15.00008603
0.0027848816,14.82261113,-0.0008854152559,-0.0008840701932,15.00008598,15.00008598,2.857792736,2.858416058,2.858658365,2.858398735,15.00008597
0.002805690443,14.82369662,-0.0008706773473,-0.0008694876057,15.00008592,15.00008592,2.565055489,2.566039257,2.566421741,2.566011922,15.00008592
0.002827249402,14.82532165,-0.0008486190607,-0.0008476573417,15.00008586,15.00008586,2.126825185,2.128164605,2.128685404,2.128127391,15.00008586
0.002849487311,14.8275001,-0.0008190520699,-0.0008183927118,15.0000858,15.0000858,1.539354139,1.541034633,1.541688079,1.540987945,15.0000858
0.002872340807,14.83022591,-0.0007820588202,-0.0007817750951,15.00008574,15.00008574,0.8042759874,0.8062728114,0.8070492836,0.8062173375,15.00008574
0.002877024282,14.83084062,-0.0007737166877,-0.0007735173949,15.00008573,15.00008573,0.6385072805,0.6405640942,0.6413638975,0.6405069541,15.00008572
0.002885545471,14.83200454,-0.0007579214356,-0.0007578817892,15.0000857,15.0000857,0.3246312474,0.3267925273,0.32763296,0.3267324857,15.0000857
0.002887466952,14.83227484,-0.0007542532721,-0.0007542506632,15.0000857,15.0000857,0.2517384265,0.2539224205,0.2547716874,0.253861748,15.0000857
0.002891536704,14.83285655,-0.0007463590955,-0.0007464361501,15.00008569,15.00008569,0.09486644828,0.09709749223,0.09796505823,0.09703551299,15.00008569
0.002892555053,14.83300403,-0.0007443577046,-0.0007444549468,15.00008569,15.00008569,0.05509490151,0.05733749166,0.05820954833,0.05727519173,15.00008568
0.00289315258,14.83309092,-0.000743178579,-0.000743287713,15.00008568,15.00008568,0.03166333709,0.03391265932,0.03478733431,0.03385017241,15.00008568
0.002893509252,14.83314291,-0.0007424730624,-0.0007425893112,15.00008568,15.00008568,0.017643312,0.01989663759,0.02077286962,0.0198340395,15.00008568
0.002893868785,14.83319541,-0.0007417606203,-0.0007418840534,15.00008568,15.00008568,0.00348565463,0.005743004259,0.006620801366,0.005680294406,15.00008568
0.002893995426,14.83321393,-0.0007415093705,-0.000741635337,15.00008568,15.00008568,-0.001507186671,0.0007515776245,0.001629924941,0.000688828481,15.00008568
0.002894091068,14.83321088,-0.0007413191041,-0.0007414467517,15.00006847,15.00006847,-0.005275846487,-0.003018667892,-0.002140540756,-0.003081338231,14.9993112
0.002894135885,14.83317107,-0.000741228818,-0.0007413569824,15.00002162,15.00002162,-0.00703141865,-0.00478056053,-0.003904310481,-0.004843001913,14.99819446
0.002894290244,14.83256886,-0.0007409030957,-0.0007410316954,14.9993905,14.9993905,-0.01293495277,-0.01075130105,-0.009898614086,-0.01081163617,14.99059132
0.002894444603,14.83078598,-0.0007405390638,-0.0007406661815,14.99756684,14.99756684,-0.01846234897,-0.01641859796,-0.0156178424,-0.01647481572,14.97734224
0.002894681471,14.82462028,-0.000739867754,-0.0007399894711,14.99130414,14.99130414,-0.02583085314,-0.02411940933,-0.0234449765,-0.02416612411,14.94696134
0.002894948015,14.81136002,-0.0007389031613,-0.0007390154874,14.97787138,14.97787138,-0.03205026886,-0.0308261284,-0.03033938737,-0.03085913652,14.90061578
0.002895260327,14.78627625,-0.0007374553969,-0.0007375543881,14.9524899,14.9524899,-0.03618848414,-0.03559199809,-0.03534908658,-0.03560754604,14.83489803
0.002895590936,14.74887115,-0.0007355601453,-0.000735644896,14.91466105,14.91466105,-0.03697322615,-0.03699726717,-0.03699719482,-0.03699571932,14.75891518
0.002895945608,14.69863583,-0.000733187206,-0.0007332591552,14.86387003,14.86387003,-0.03445272203,-0.03499046758,-0.0351931382,-0.03497492648,14.67815238
0.002896318726,14.6386152,-0.0007304473379,-0.0007305105047,14.8031931,14.8031931,-0.02940510297,-0.03024994295,-0.03057572544,-0.03022621516,14.60131516
0.002896716088,14.57198072,-0.0007274335211,-0.0007274933234,14.73583258,14.73583258,-0.02311425183,-0.0240172759,-0.02436926772,-0.02399226635,14.53348542
0.002897142918,14.50289417,-0.0007242735095,-0.0007243356902,14.66599105,14.66599105,-0.01718036346,-0.01790066253,-0.01818423765,-0.01788097589,14.47753754
0.00289761159,14.43451399,-0.0007210480353,-0.0007211173151,14.59685665,14.59685665,-0.01316769055,-0.01352952839,-0.01367476806,-0.01351989927,14.43188847
0.002898102564,14.37270431,-0.0007179934642,-0.000718071468,14.53435495,14.53435495,-0.01227494834,-0.01225149278,-0.01224620278,-0.01225250224,14.39284174
0.002898593538,14.31881254,-0.0007152018434,-0.0007152866303,14.47985013,14.47985013,-0.01407992898,-0.01379118183,-0.01368095217,-0.01379939561,14.35311822
0.002899099899,14.26708457,-0.000712451324,-0.0007125393008,14.42752815,14.42752815,-0.01729854889,-0.01691767482,-0.0167696262,-0.01692826183,14.30435415
0.002899631671,14.21197703,-0.0007095367852,-0.0007096240403,14.37178866,14.37178866,-0.02049622678,-0.02019038438,-0.02007005475,-0.02019875067,14.24206027
0.002900213149,14.14689092,-0.0007061877985,-0.0007062713953,14.30596296,14.30596296,-0.02246301697,-0.02234109282,-0.02229182928,-0.02234430716,14.16371272
0.00290081248,14.07367875,-0.0007025286948,-0.0007026081567,14.23192695,14.23192695,-0.02251561647,-0.02257181318,-0.02259237286,-0.02257013112,14.07850231
0.002901411811,13.99638326,-0.0006987290314,-0.0006988060662,14.15376659,14.15376659,-0.02126193694,-0.02140527489,-0.02146069614,-0.02140126299,13.995358
0.002902036477,13.91495438,-0.0006947347704,-0.0006948116875,14.07142741,14.07142741,-0.01972062674,-0.01984833044,-0.01989848129,-0.01984482847,13.91438757
0.002902716156,13.82838881,-0.0006904513053,-0.0006905299206,13.98389147,13.98389147,-0.01879039323,-0.01883313291,-0.01885051027,-0.01883201626,13.83206017
0.002903428517,13.7407287,-0.0006860595011,-0.0006861401088,13.89524468,13.89524468,-0.01892652893,-0.0188863311,-0.01887115745,-0.01888749063,13.74792146
0.002904140878,13.65468273,-0.0006817176566,-0.0006817991694,13.80822779,13.80822779,-0.01969934624,-0.01963146431,-0.01960505634,-0.01963334916,13.66173941
0.002904898501,13.56259522,-0.0006770766846,-0.0006771578514,13.71510152,13.71510152,-0.02043819157,-0.02039573479,-0.02037893128,-0.0203968869,13.5662297
0.002905744593,13.45757755,-0.0006718155738,-0.0006718957776,13.60890156,13.60890156,-0.020661997,-0.02066438426,-0.020665078,-0.02066429602,13.45669303
0.002906590685,13.35079773,-0.0006664891033,-0.0006665688106,13.50092137,13.50092137,-0.02042151453,-0.02044241785,-0.02045053763,-0.02044183629,13.34721631
0.002907480939,13.23808643,-0.0006608654293,-0.0006609453563,13.38694298,13.38694298,-0.02017930346,-0.02018806642,-0.02019159765,-0.02018783451,13.23357426
0.002908489439,13.11093156,-0.0006545038968,-0.000654584331,13.25835737,13.25835737,-0.02024494092,-0.02023354017,-0.02022917717,-0.02023386347,13.10558401
0.00290949794,12.98381713,-0.0006481352093,-0.0006482158037,13.12981194,13.12981194,-0.0205010549,-0.02048694496,-0.020481427,-0.02048733405,12.97648402
0.002910621263,12.84127471,-0.000640999614,-0.0006410800539,12.98566527,12.98566527,-0.0206736284,-0.02066920677,-0.0206674431,-0.02066932547,12.83101728
0.002911758682,12.6958465,-0.0006337270403,-0.0006338074098,12.83860091,12.83860091,-0.02069830785,-0.02069794398,-0.02069780701,-0.02069795451,12.68305033
0.002912984872,12.53841398,-0.0006258528872,-0.000625933379,12.67939709,12.67939709,-0.02074640272,-0.02074221991,-0.02074061262,-0.0207423379,12.52336595
0.002914316492,12.36685332,-0.0006172680127,-0.0006173486139,12.50590587,12.50590587,-0.02088104584,-0.02087483503,-0.02087241671,-0.02087500728,12.34919114
0.002915721514,12.1848572,-0.0006081618049,-0.0006082424212,12.32186182,12.32186182,-0.02100878131,-0.02100451444,-0.02100284804,-0.02100463231,12.16419748
0.002917252947,11.98529734,-0.0005981787099,-0.0005982593695,12.12005653,12.12005653,-0.02110995437,-0.02110612488,-0.02110463837,-0.02110623151,11.96149187
0.002919018268,11.75394098,-0.0005866041602,-0.0005866849033,11.88609691,11.88609691,-0.02124291866,-0.02123835376,-0.02123657862,-0.02123848057,11.72657779
0.002920819502,11.51640008,-0.000574720188,-0.000574800989,11.64588316,11.64588316,-0.02138030184,-0.02137616212,-0.02137455092,-0.02137627699,11.485337
0.002922918204,11.237746,-0.0005607800051,-0.000560860879,11.36409366,11.36409366,-0.02152841903,-0.02152435552,-0.02152277558,-0.02152446843,11.20240667
0.00292536486,10.910444,-0.0005444061716,-0.0005444871296,11.03310887,11.03310887,-0.02170140956,-0.02169743551,-0.02169588954,-0.02169754586,10.87012476
0.002928236246,10.52303378,-0.0005250258504,-0.0005251069021,10.64133955,10.64133955,-0.02189573998,-0.02189191675,-0.02189042975,-0.02189202293,10.47688074
0.002931617909,10.06239577,-0.0005019828148,-0.0005020639726,10.17551854,10.17551854,-0.02211631777,-0.02211266832,-0.0221112488,-0.02211276966,10.00939151
0.002935579257,9.517031391,-0.0004747022059,-0.0004747834818,9.624017888,9.624017888,-0.02236175548,-0.02235830099,-0.02235695729,-0.02235839692,9.456032883
0.002941101387,8.747027712,-0.0004361859189,-0.0004362673475,8.845350471,8.845350471,-0.02268076191,-0.02267758914,-0.022676355,-0.02267767725,8.674948937
0.002947815534,7.796714056,-0.0003886525156,-0.0003887341115,7.884344469,7.884344469,-0.02303182641,-0.02302900137,-0.02302790244,-0.02302907982,7.711281334
0.002955017446,6.761983718,-0.0003368992926,-0.0003369810449,6.837972175,6.837972175,-0.02336282062,-0.02336037369,-0.02335942181,-0.02336044164,6.66239654
0.002963070573,5.588656635,-0.0002782171199,-0.0002782990186,5.651443986,5.651443986,-0.02367626331,-0.02367424502,-0.02367345982,-0.02367430106,5.473484806
0.002971905559,4.285065841,-0.000213023748,-0.0002131057723,4.333186768,4.333186768,-0.02395039571,-0.02394885337,-0.02394825326,-0.02394889618,4.153136848
0.002981617682,2.836971352,-0.000140608119,-0.0001406902385,2.868800405,2.868800405,-0.02416658183,-0.02416556801,-0.02416517344,-0.02416559615,2.687092408
0.002992339001,1.226351073,-6.007034435e-05,-6.015251668e-05,1.240060144,1.240060144,-0.02430073892,-0.02430031271,-0.02430014665,-0.02430032452,1.057307474
0.003,0.07163080188,-2.332909236e-06,-2.415085476e-06,0.07234916431,0.07234916431,-0.02432909236,-0.02432908696,-0.02432908455,-0.02432908708,-0.1106422773
