time,excitingCoil.Phiˍt,core.Phi,voltageSensor.v,magFluxSensor.Phi
0,-0,0,0,0
1e-06,0,0,0,0
0.010001,-0.003757961683,3.757961683e-09,-0.003757961683,3.757961683e-09
0.05,0,5.636942525e-05,0,5.636942525e-05
