time,dcse.friction.phi,dcse.inertiaRotor.w,dcse.flange.tau,dcse.airGapDC.psi_e,dcse.airGapDC.iaˍt,loadInertia.w,dcse.la.i,loadInertia.phi
0,0,0,-0,0,-0,0,0,0
1e-06,8.961159136e-26,5.234525432e-19,-3.925603522e-13,5.55262262e-09,22.20852855,5.234525432e-19,1.110524524e-05,8.961159136e-26
1.893110338e-05,4.075894533e-18,1.266330598e-12,-5.010239275e-08,1.983691691e-06,418.4381887,1.266330598e-12,0.003967383382,4.075894533e-18
8.277348436e-05,2.763533902e-14,1.986024621e-09,-1.790277279e-05,3.749773962e-05,1798.809678,1.986024621e-09,0.07499547923,2.763533902e-14
0.0001965788581,4.796239147e-12,1.450776832e-07,-0.0005470446193,0.0002072794806,4144.392716,1.450776832e-07,0.4145589611,4.796239147e-12
0.0003460413703,1.373386642e-10,2.346504543e-06,-0.004981960449,0.0006255255794,7008.916873,2.346504543e-06,1.251051159,1.373386642e-10
0.0005337925706,1.764770062e-09,1.939224904e-05,-0.0263896512,0.001439666041,10276.34369,1.939224904e-05,2.879332082,1.764770062e-09
0.0007531472777,1.317495026e-08,0.0001016437978,-0.09672009735,0.002756152846,13653.53128,0.0001016437978,5.512305693,1.317495026e-08
0.0009986900629,6.732967915e-08,0.0003875526093,-0.2738453122,0.004637645964,16907.20795,0.0003875526093,9.275291929,6.732967915e-08
0.001267913668,2.634453746e-07,0.001180216032,-0.6455222595,0.007120336979,19879.414,0.001180216032,14.24067396,2.634453746e-07
0.001561326031,8.52953187e-07,0.003062027596,-1.333583138,0.01023422552,22461.30244,0.003062027596,20.46845104,8.52953187e-07
0.001880412209,2.400789866e-06,0.007050521641,-2.4934051,0.01399398335,24550.40742,0.007050521641,27.98796669,2.400789866e-06
0.002226740965,6.060897044e-06,0.01478257003,-4.303798498,0.01838530699,26038.64279,0.01478257003,36.77061398,6.060897044e-06
0.002600756491,1.397846194e-05,0.02864970666,-6.936038195,0.02333998849,26812.72356,0.02864970666,46.67997698,1.397846194e-05
0.003001268259,2.976448565e-05,0.05176727654,-10.50178289,0.02871946687,26770.59609,0.05176727654,57.43893375,2.976448565e-05
0.003425355015,5.887886793e-05,0.08765370561,-14.99073237,0.03431280323,25842.89847,0.08765370561,68.62560647,5.887886793e-05
0.003868942804,0.0001087156276,0.1396280559,-20.22606633,0.03985660889,24010.01903,0.1396280559,79.71321779,0.0001087156276
0.004326673856,0.0001880604108,0.2099228047,-25.84913069,0.0450575287,21313.37534,0.2099228047,90.1150574,0.0001880604108
0.004793542328,0.0003062117044,0.2990919247,-31.37579323,0.04964109938,17847.90813,0.2990919247,99.28219876,0.0003062117044
0.005265088875,0.0004717686317,0.405665894,-36.27536349,0.0533764132,13748.76483,0.405665894,106.7528264,0.0004717686317
0.005736673303,0.0006909794638,0.5259952855,-40.05467677,0.05608792392,9184.429111,0.5259952855,112.1758478,0.0006909794638
0.006208257731,0.000969392256,0.6559713019,-42.36400067,0.05768198573,4293.588315,0.6559713019,115.3639715,0.000969392256
0.006679842159,0.001310402114,0.7905808266,-42.97740655,0.05809789967,-785.803546,0.7905808266,116.1957993,0.001310402114
0.007151426587,0.001714907836,0.9243272711,-41.81600987,0.05730727506,-5917.990019,0.9243272711,114.6145501,0.001714907836
0.007623011015,0.002181196119,1.051711222,-38.95711206,0.05531326796,-10971.51152,1.051711222,110.6265359,0.002181196119
0.008120109342,0.002734923426,1.173582703,-34.35874539,0.05194585313,-16075.67033,1.173582703,103.8917063,0.002734923426
0.008635483385,0.003368468546,1.281537555,-28.32143802,0.0471611309,-20983.50053,1.281537555,94.3222618,0.003368468546
0.009185022182,0.004098851294,1.372232717,-21.13646844,0.04074111555,-25634.38795,1.372232717,81.4822311,0.004098851294
0.00976979084,0.004922444787,1.439645696,-13.55081888,0.03261964506,-29766.28026,1.439645696,65.23929011,0.004922444787
0.01035561639,0.005778676193,1.479231313,-6.982736074,0.02341307194,-32921.72571,1.479231313,46.82614388,0.005778676193
0.01094144194,0.006651231596,1.496607782,-2.303189149,0.01344005976,-34984.52396,1.496607782,26.88011951,0.006651231596
0.01152726748,0.007529520839,1.500435429,-0.1203375926,0.003032010422,-35883.39508,1.500435429,6.064020844,0.007529520839
0.01211309303,0.008408603056,1.501125472,-0.7126912593,-0.00746432601,-35585.00774,1.501125472,-14.92865202,0.008408603056
0.01269891858,0.009289816451,1.509463699,-3.991409194,-0.01769811187,-34094.90317,1.509463699,-35.39622374,0.009289816451
0.01330889337,0.01021766889,1.536731756,-9.776369999,-0.02770493357,-31325.71064,1.536731756,-55.40986714,0.01021766889
0.01391886815,0.0111700834,1.591072576,-17.1427355,-0.03668919241,-27408.95603,1.591072576,-73.37838482,0.0111700834
0.01452884294,0.01216510679,1.676782232,-25.01508683,-0.04432107575,-22484.02023,1.676782232,-88.64215149,0.01216510679
0.01513881773,0.01322202467,1.793576076,-32.24378549,-0.05031949885,-16730.21628,1.793576076,-100.6389977,0.01322202467
0.01574879251,0.01435854475,1.936628865,-37.77308096,-0.0544633883,-10360.5247,1.936628865,-108.9267766,0.01435854475
0.0163587673,0.0155882104,2.09728112,-40.79643252,-0.05660070571,-3613.08862,2.09728112,-113.2014114,0.0155882104
0.01685402454,0.01666046477,2.232971161,-41.09162132,-0.0568045478,1968.953915,2.232971161,-113.6090956,0.01666046477
0.01734928179,0.01779961776,2.36634925,-39.41130321,-0.05563015773,7495.46328,2.36634925,-111.2603155,0.01779961776
0.01785423141,0.01902709745,2.493431067,-35.8361121,-0.05304572363,12932.56367,2.493431067,-106.0914473,0.01902709745
0.0183784429,0.02036547527,2.609718745,-30.52251662,-0.04895356937,18220.10851,2.609718745,-97.90713875,0.02036547527
0.01892768952,0.02182735029,2.709386666,-23.82668893,-0.04324930182,23217.49794,2.709386666,-86.49860363,0.02182735029
0.01951428025,0.02344106601,2.787700748,-16.28337663,-0.0357491594,27780.3963,2.787700748,-71.49831881,0.02344106601
0.02012136757,0.02515036381,2.838588081,-9.104742226,-0.02672378937,31505.59899,2.838588081,-53.44757873,0.02515036381
0.02072845489,0.02688231548,2.863450268,-3.579164237,-0.01673818167,34088.91515,2.863450268,-33.47636333,0.02688231548
0.0213355422,0.02862350588,2.870674792,-0.4941653006,-0.006153589835,35440.70725,2.870674792,-12.30717967,0.02862350588
0.02185993568,0.03012902274,2.871054946,-0.1406306215,0.003178031202,35579.26159,2.871054946,6.356062404,0.03012902274
0.02238432915,0.03163508951,2.874049852,-1.976108835,0.01241998464,34758.00755,2.874049852,24.83996928,0.03163508951
0.02293254853,0.03321383749,2.887964252,-6.016129059,0.02171518461,32895.29137,2.887964252,43.43036921,0.03321383749
0.02349022478,0.03483249237,2.92066376,-11.86192296,0.03050663903,30000.53091,2.92066376,61.01327807,0.03483249237
0.02404790103,0.03647587041,2.977275043,-18.74839719,0.0383598639,26182.52159,2.977275043,76.71972779,0.03647587041
0.02460557728,0.03815810143,3.060126127,-25.83439502,0.04503281885,21556.43499,3.060126127,90.06563771,0.03815810143
0.02516325353,0.03989372355,3.168337688,-32.25360325,0.05031938927,16264.19116,3.168337688,100.6387785,0.03989372355
0.02572092978,0.04169590548,3.29792843,-37.22098552,0.05405628698,10470.23066,3.29792843,108.112574,0.04169590548
0.02627860603,0.04357483577,3.442302568,-40.12967416,0.0561285888,4356.003839,3.442302568,112.2571776,0.04357483577
0.02677303254,0.04530975927,3.575929698,-40.69539608,0.05652205478,-1178.257406,3.575929698,113.0441096,0.04530975927
0.02726745906,0.04711067738,3.708182125,-39.30824878,0.05554895081,-6677.102843,3.708182125,111.0979016,0.04711067738
0.02776188557,0.04897534344,3.832796289,-36.1042632,0.05323474201,-12005.95082,3.832796289,106.469484,0.04897534344
0.02828059911,0.05099442941,3.949305754,-31.13121178,0.04942925515,-17272.809,3.949305754,98.85851031,0.05099442941
0.02882040128,0.05315447758,4.049977984,-24.76572496,0.04408190984,-22254.95872,4.049977984,88.16381969,0.05315447758
0.02939807318,0.05551881983,4.131060908,-17.42557361,0.03696815648,-26866.57459,4.131060908,73.93631296,0.05551881983
0.03000382527,0.05803941413,4.186236034,-10.16296672,0.02821680617,-30746.7801,4.186236034,56.43361234,0.05803941413
0.03060957737,0.06058504469,4.214709721,-4.36263366,0.01845544838,-33516.75255,4.214709721,36.91089676,0.06058504469
0.03121532946,0.06314168987,4.22414547,-0.8482450136,0.008035853952,-35080.75845,4.22414547,16.0717079,0.06314168987
0.0317533695,0.06541477773,4.224890774,-0.05353147477,-0.001468867054,-35413.52194,4.224890774,-2.937734109,0.06541477773
0.03229140953,0.06768823834,4.226901285,-1.546549356,-0.01092780655,-34740.96045,4.226901285,-21.85561309,0.06768823834
0.03282944956,0.06996492528,4.238151151,-5.156014361,-0.02007218831,-33080.09649,4.238151151,-40.14437661,0.06996492528
0.03339498588,0.07236905111,4.267498439,-10.77844456,-0.02905939985,-30318.06022,4.267498439,-58.1187997,0.07236905111
0.0339605222,0.07479625592,4.320510245,-17.57840478,-0.03712767351,-26597.14672,4.320510245,-74.25534701,0.07479625592
0.03452605852,0.07726088314,4.40004496,-24.70220719,-0.04402143507,-22032.49691,4.40004496,-88.04287014,0.07726088314
0.03509159484,0.0797779578,4.505628555,-31.25466899,-0.04952179403,-16767.8341,4.505628555,-99.04358806,0.0797779578
0.03565713116,0.08236129797,4.633511715,-36.41206925,-0.05345404905,-10971.13918,4.633511715,-106.9080981,0.08236129797
0.03622266748,0.08502177719,4.77714143,-39.5266098,-0.05569376847,-4828.927087,4.77714143,-111.3875369,0.08502177719
0.03672562992,0.08745811904,4.911233095,-40.25814215,-0.0562058835,763.7050183,4.911233095,-112.411767,0.08745811904
0.03722859237,0.08996195407,5.044404963,-38.99063057,-0.05531183603,6330.359401,5.044404963,-110.6236721,0.08996195407
0.03773155481,0.09253115635,5.170115235,-35.85287822,-0.0530359641,11730.03164,5.170115235,-106.0719282,0.09253115635
0.03825646432,0.09527645902,5.287102838,-30.92607025,-0.04925162574,17040.75934,5.287102838,-98.50325148,0.09527645902
0.038801331,0.09818573553,5.387911242,-24.59528487,-0.04391332986,22051.53588,5.387911242,-87.82665972,0.09818573553
0.03938287626,0.101343949,5.468813447,-17.29489259,-0.03680908008,26675.83085,5.468813447,-73.61816016,0.101343949
0.03999346254,0.1047014202,5.523796061,-10.05820516,-0.02804408957,30567.69586,5.523796061,-56.08817913,0.1047014202
0.04060404882,0.1080839754,5.551977003,-4.289921291,-0.01825911163,33338.22451,5.551977003,-36.51822326,0.1080839754
0.0412146351,0.1114774495,5.561126047,-0.8222533285,-0.007812389796,34890.05745,5.561126047,-15.62477959,0.1114774495
0.04175390339,0.1144766744,5.561741439,-0.08023749953,0.001659777991,35202.00107,5.561741439,3.319555982,0.1144766744
0.04229317167,0.1174762486,5.563784505,-1.608479507,0.01108061762,34509.98879,5.563784505,22.16123523,0.1174762486
0.04283243996,0.1204791063,5.575175908,-5.231036589,0.02018119157,32831.67891,5.575175908,40.36238315,0.1204791063
0.04339672866,0.123632408,5.604530299,-10.81155497,0.02907809688,30068.92132,5.604530299,58.15619377,0.123632408
0.04396101736,0.1268086691,5.657266836,-17.53357532,0.03705959873,26359.32686,5.657266836,74.11919746,0.1268086691
0.04452530606,0.1300220058,5.736125551,-24.55696653,0.04387398653,21817.25974,5.736125551,87.74797305,0.1300220058
0.04508959476,0.1332871654,5.840578823,-31.00312144,0.04930586042,16585.1532,5.840578823,98.61172083,0.1332871654
0.04565388346,0.1366176808,5.96689507,-36.06533938,0.05318347995,10829.22375,5.96689507,106.3669599,0.1366176808
0.04621817216,0.1400241763,6.108606076,-39.11066699,0.05538470748,4733.825959,6.108606076,110.769415,0.1400241763
0.04671888646,0.1431157675,6.240504881,-39.81166659,0.05587786209,-801.4524939,6.240504881,111.7557242,0.1431157675
0.04721960077,0.1462734369,6.371451143,-38.55464211,0.05498563129,-6310.156017,6.371451143,109.9712626,0.1462734369
0.04772031507,0.1494950934,6.495067235,-35.46616416,0.05273204714,-11654.0365,6.495067235,105.4640943,0.1494950934
0.04824302203,0.1529209363,6.610194171,-30.62222746,0.0489903451,-16913.05981,6.610194171,97.98069019,0.1529209363
0.04878554662,0.1565350855,6.709492729,-24.39857347,0.04371610263,-21877.76276,6.709492729,87.43220526,0.1565350855
0.0493644839,0.16044391,6.789322344,-17.21629004,0.03669984827,-26464.07267,6.789322344,73.39969655,0.16044391
0.04997377086,0.1645986489,6.843860201,-10.06537441,0.02802074227,-30340.17434,6.843860201,56.04148455,0.1645986489
0.05058305781,0.1687782573,6.871929044,-4.345325539,0.01832665301,-33107.98718,6.871929044,36.65330602,0.1687782573
0.05119234477,0.1729687468,6.881106954,-0.8781062078,0.007971004277,-34670.59333,6.881106954,15.94200855,0.1729687468
0.05173431876,0.1766984123,6.881685797,-0.09748163264,-0.00149193915,-35001.94618,6.881685797,-2.983878299,0.1766984123
0.05227629274,0.1804283699,6.883553287,-1.584129951,-0.01090797889,-34325.00881,6.883553287,-21.81595778,0.1804283699
0.05281826673,0.1841615024,6.894665255,-5.165220174,-0.02000561432,-32657.21865,6.894665255,-40.01122863,0.1841615024
0.05338317698,0.1880635346,6.923500176,-10.67894546,-0.02886565183,-29913.45304,6.923500176,-57.73130366,0.1880635346
0.05394808723,0.1919881908,6.975476209,-17.32787342,-0.03681505937,-26225.74272,6.975476209,-73.63011874,0.1919881908
0.05451299748,0.1959494633,7.053325948,-24.27930607,-0.04360261016,-21708.04852,7.053325948,-87.20522032,0.1959494633
0.05507790772,0.1999619792,7.156538527,-30.66186284,-0.04901330726,-16502.35068,7.156538527,-98.02661452,0.1999619792
0.05564281797,0.2040391652,7.281421394,-35.6751782,-0.05287572629,-10774.36382,7.281421394,-105.7514526,0.2040391652
0.05620772822,0.2081915639,7.42156371,-38.69114149,-0.05506795252,-4707.900229,7.42156371,-110.135905,0.2081915639
0.05670767747,0.2119343965,7.55166939,-39.38555854,-0.05555893666,786.8338938,7.55166939,-111.1178733,0.2119343965
0.05720762672,0.2157423115,7.680846296,-38.1502215,-0.05467674725,6255.560702,7.680846296,-109.3534945,0.2157423115
0.05770757597,0.2196132583,7.802817517,-35.10913408,-0.05244505414,11561.48998,7.802817517,-104.8901083,0.2196132583
0.05822921696,0.2237138754,7.916399118,-30.33872991,-0.0487402537,16781.96203,7.916399118,-97.4805074,0.2237138754
0.05877037723,0.2280254306,8.014390077,-24.2086094,-0.04351982086,21710.40086,8.014390077,-87.03964171,0.2280254306
0.05934749774,0.2326747615,8.093226433,-17.13167632,-0.0365787943,26264.52002,8.093226433,-73.15758861,0.2326747615
0.05995607183,0.237618001,8.147295358,-10.05984975,-0.0279729787,30126.43254,8.147295358,-55.9459574,0.237618001
0.06056464593,0.2425858909,8.175186559,-4.387718517,-0.01835611986,32890.42804,8.175186559,-36.71223971,0.2425858909
0.06117322002,0.2475645915,8.184323984,-0.9286374742,-0.00807801636,34459.88294,8.184323984,-16.15603272,0.2475645915
0.06171785366,0.252022322,8.184835092,-0.1219121832,0.001375982481,34805.23458,8.184835092,2.751964962,0.252022322
0.06226248729,0.256480282,8.186539472,-1.579131157,0.01078609387,34138.09326,8.186539472,21.57218774,0.256480282
0.06280712093,0.2609413246,8.197423765,-5.129282482,0.01987831968,32475.81265,8.197423765,39.75663936,0.2609413246
0.0633725481,0.2655834297,8.225826325,-10.58423161,0.02869712144,29746.41438,8.225826325,57.39424287,0.2655834297
0.06393797527,0.2702478738,8.277147329,-17.16425753,0.03660903832,26076.67891,8.277147329,73.21807663,0.2702478738
0.06450340245,0.2749485285,8.354096467,-24.04390218,0.0433635904,21580.24864,8.354096467,86.7271808,0.2749485285
0.06506882962,0.2796998946,8.456165086,-30.35933636,0.04874645917,16398.7025,8.456165086,97.49291835,0.2796998946
0.06563425679,0.2845152803,8.579687848,-35.31729157,0.05258681302,10697.26887,8.579687848,105.173626,0.2845152803
0.06619968396,0.2894051287,8.718303512,-38.29556435,0.05476322663,4659.19681,8.718303512,109.5264533,0.2894051287
0.06669851573,0.2937859929,8.846565859,-38.97557452,0.05524636255,-792.1335335,8.846565859,110.4927251,0.2937859929
0.06719734751,0.2982308703,8.973901048,-37.75610409,0.0543702438,-6217.555973,8.973901048,108.7404876,0.2982308703
0.06769617928,0.3027377437,9.094144443,-34.75900417,0.05215824604,-11482.00632,9.094144443,104.3164921,0.3027377437
0.06821648248,0.3074992946,9.206115777,-30.06004191,0.04848909213,-16661.26419,9.206115777,96.97818426,0.3074992946
0.06875604603,0.3124936273,9.302745264,-24.02242535,0.04332197706,-21551.28733,9.302745264,86.64395412,0.3124936273
0.06933114128,0.3178672471,9.380543722,-17.05052812,0.0364562137,-26071.48883,9.380543722,72.9124274,0.3178672471
0.06993866133,0.3235838202,9.434096469,-10.05994228,0.02792670138,-29917.04394,9.434096469,55.85340277,0.3235838202
0.07054618138,0.3293247894,9.461784594,-4.437238919,0.01839115321,-32676.07377,9.461784594,36.78230643,0.3293247894
0.07115370144,0.3350764822,9.470869211,-0.9860838168,0.008195221183,-34252.39853,9.470869211,16.39044237,0.3350764822
0.07176122149,0.3408305069,9.471263823,-0.1978733318,-0.002292342867,-34590.44056,9.471263823,-4.584685735,0.3408305069
0.07236874155,0.3465849467,9.474111328,-2.182162668,-0.01269229415,-33676.92133,9.474111328,-25.38458829,0.3465849467
0.0729762616,0.3523446238,9.490186208,-6.650767573,-0.02262791985,-31541.90027,9.490186208,-45.25583971,0.3523446238
0.07358378165,0.3581203978,9.528346954,-12.9581069,-0.03173825445,-28258.93311,9.528346954,-63.4765089,0.3581203978
0.07419130171,0.3639275948,9.594259027,-20.19285539,-0.03969115878,-23943.94016,9.594259027,-79.38231757,0.3639275948
0.07479882176,0.3697837908,9.689573632,-27.30866885,-0.04619580091,-18752.32725,9.689573632,-92.39160181,0.3697837908
0.07540634181,0.3757062686,9.811685052,-33.2756334,-0.05101395195,-12874.02715,9.811685052,-102.0279039,0.3757062686
0.07601386187,0.3817095148,9.954106343,-37.23032626,-0.05396944877,-6526.407836,9.954106343,-107.9388975,0.3817095148
0.07654672212,0.3870492162,10.08834927,-38.58299865,-0.05494207496,-758.4840643,10.08834927,-109.8841499,0.3870492162
0.07707958236,0.3924610504,10.22357374,-37.79397988,-0.05437230259,5024.238817,10.22357374,-108.7446052,0.3924610504
0.07761244261,0.397943523,10.35226252,-34.95418565,-0.05227816729,10657.29648,10.35226252,-104.5563346,0.397943523
0.07815907056,0.403635429,10.47038932,-30.24634266,-0.04861040662,16114.02838,10.47038932,-97.22081323,0.403635429
0.07872030494,0.409541127,10.57115572,-24.10067409,-0.04335953005,21211.05088,10.57115572,-86.7190601,0.409541127
0.07931285955,0.4158301873,10.65109644,-17.00321071,-0.03636510502,25866.67569,10.65109644,-72.73021004,0.4158301873
0.07993779475,0.4225049525,10.70541598,-9.89443258,-0.02763992957,29800.2986,10.70541598,-55.27985914,0.4225049525
0.08056272995,0.4292049241,10.73277193,-4.230116858,-0.01786124519,32589.02716,10.73277193,-35.72249038,0.4292049241
0.08118766516,0.4359155368,10.74107379,-0.8664220142,-0.007404025546,34129.92552,10.74107379,-14.80805109,0.4359155368
0.08173573127,0.4418024822,10.74114224,-0.2198754534,0.002009919876,34407.6411,10.74114224,4.019839753,0.4418024822
0.08228379739,0.447689569,10.74295582,-1.811881914,0.01136095008,33671.61449,10.74295582,22.72190017,0.447689569
0.0828318635,0.4535799534,10.75442574,-5.453705058,0.02037329186,31941.42115,10.75442574,40.74658372,0.4535799534
0.08339557748,0.4596495832,10.78341284,-10.88443035,0.02900909471,29175.75502,10.78341284,58.01818942,0.4596495832
0.08395929146,0.4657417363,10.83498588,-17.3521703,0.03673383776,25493.22787,10.83498588,73.46767553,0.4657417363
0.08452300544,0.4718699643,10.91154663,-24.05054914,0.04330442673,21007.39674,10.91154663,86.60885346,0.4718699643
0.08508671942,0.4780482989,11.01237788,-30.14370758,0.04851366251,15858.80994,11.01237788,97.02732502,0.4780482989
0.0856504334,0.4842894995,11.13373089,-34.87109867,0.0521972771,10210.72364,11.13373089,104.3945542,0.4842894995
0.08621414738,0.4906034598,11.269294,-37.64325077,0.0542395782,4243.54548,11.269294,108.4791564,0.4906034598
0.08670516068,0.4961670518,11.39267497,-38.18907855,0.05463039892,-1065.242381,11.39267497,109.2607978,0.4961670518
0.08719617398,0.5017911735,11.51486161,-36.93600019,0.05371911213,-6342.534934,11.51486161,107.4382243,0.5017911735
0.08768718727,0.5074738143,11.63011846,-34.00518217,0.0515291299,-11461.14256,11.63011846,103.0582598,0.5074738143
0.08820054726,0.5134725392,11.73771801,-29.45262139,0.04793125961,-16510.37011,11.73771801,95.86251922,0.5134725392
0.08873329343,0.5197514727,11.83077146,-23.62111636,0.0428852988,-21286.10306,11.83077146,85.77059759,0.5197514727
0.08930135802,0.5264946806,11.90595521,-16.88541853,0.03619286899,-25712.08969,11.90595521,72.38573799,0.5264946806
0.08990350466,0.5336808983,11.95814724,-10.08842226,0.02785580923,-29504.50365,11.95814724,55.71161847,0.5336808983
0.0905056513,0.5408907547,11.98533771,-4.582756166,0.01853260383,-32244.18103,11.98533771,37.06520766,0.5408907547
0.09110779793,0.5481110939,11.99435088,-1.141959336,0.008555291838,-33837.17933,11.99435088,17.11058368,0.5481110939
0.09170994457,0.5553336948,11.99455821,-0.2477817897,-0.001721586635,-34228.29494,11.99455821,-3.44317327,0.5553336948
0.09231209121,0.5625564208,11.9965565,-2.023138515,-0.01193291738,-33402.71319,11.9965565,-23.86583475,0.5625564208
0.09291423785,0.5697835114,12.01067476,-6.214648937,-0.02171534216,-31387.02237,12.01067476,-43.43068433,0.5697835114
0.09351638448,0.5770249751,12.04551658,-12.22745532,-0.03071977656,-28249.39705,12.04551658,-61.43955312,0.5770249751
0.09411853112,0.5842951669,12.1067418,-19.20816733,-0.03862381324,-24098.58487,12.1067418,-77.24762648,0.5842951669
0.09472067776,0.5916107491,12.19626081,-26.16507171,-0.04514358745,-19081.28138,12.19626081,-90.2871749,0.5916107491
0.0953228244,0.5989883219,12.31195958,-32.10906846,-0.05004456798,-13377.58273,12.31195958,-100.089136,0.5989883219
0.09592497103,0.6064420616,12.44799855,-36.19517329,-0.0531506775,-7194.449712,12.44799855,-106.301355,0.6064420616
0.09646250043,0.6131683282,12.57955216,-37.79375202,-0.05431545947,-1453.301166,12.57955216,-108.6309189,0.6131683282
0.09700002983,0.6199661616,12.7130065,-37.26563574,-0.05392869336,4323.30274,12.7130065,-107.8573867,0.6199661616
0.09753755922,0.6268345359,12.84078044,-34.67359662,-0.05200337797,9968.143953,12.84078044,-104.0067559,0.6268345359
0.09808753303,0.6339297322,12.95841536,-30.19639729,-0.0485011849,15438.35323,12.95841536,-97.00236979,0.6339297322
0.09864925898,0.6412380668,13.05886994,-24.27037475,-0.04343542964,20539.11357,13.05886994,-86.87085928,0.6412380668
0.09923990898,0.6489762802,13.13894898,-17.36515921,-0.03666144638,25202.71628,13.13894898,-73.32289277,0.6489762802
0.09986448015,0.6572012806,13.19423167,-10.33774368,-0.02814183359,29184.59096,13.19423167,-56.28366717,0.6572012806
0.1004890513,0.6654521337,13.22265886,-4.637280296,-0.01855163804,32037.59451,13.22265886,-37.10327608,0.6654521337
0.1011136225,0.6737141967,13.23165106,-1.123959202,-0.008258349491,33676.16957,13.23165106,-16.51669898,0.6737141967
0.101674665,0.6811378613,13.23164038,-0.276044003,0.001266988644,34061.7263,13.23164038,2.533977287,0.6811378613
0.1022357076,0.6885614372,13.23277112,-1.728117231,0.01075394695,33402.61417,13.23277112,21.5078939,0.6885614372
0.102816257,0.6962462841,13.24403392,-5.461684732,0.02021996179,31638.28556,13.24403392,40.43992358,0.6962462841
0.1034327761,0.7044200729,13.27595025,-11.36520816,0.02953661092,28619.20989,13.27595025,59.07322183,0.7044200729
0.1040492952,0.7126215986,13.33479376,-18.40766481,0.03775374263,24526.07366,13.33479376,75.50748526,0.7126215986
0.1046658143,0.7208684734,13.42312813,-25.54699375,0.04456226708,19508.31731,13.42312813,89.12453417,0.7208684734
0.1052823333,0.7291785452,13.53914394,-31.72422224,0.0497050841,13752.82959,13.53914394,99.4101682,0.7291785452
0.1058988524,0.7375672486,13.67691851,-36.02166761,0.05298760269,7476.933508,13.67691851,105.9752054,0.7375672486
0.1064525527,0.7451771861,13.81170552,-37.7456529,0.05424631557,1593.222624,13.81170552,108.4926311,0.7451771861
0.107006253,0.7528627488,13.94869891,-37.22697666,0.05386548035,-4336.963161,13.94869891,107.7309607,0.7528627488
0.1075599533,0.760622865,14.07965422,-34.52928214,0.0518574266,-10132.01186,14.07965422,103.7148532,0.760622865
0.1081272102,0.7686445356,14.19970547,-29.84761029,0.04817785578,-15744.74315,14.19970547,96.35571156,0.7686445356
0.1087066861,0.776903464,14.30112502,-23.67255004,0.0428460764,-20956.99035,14.30112502,85.69215279,0.776903464
0.1093119631,0.7855849207,14.37999447,-16.59400561,0.0357712079,-25656.48119,14.37999447,71.54241579,0.7855849207
0.1099238672,0.7944011389,14.43106196,-9.802053124,0.02731248571,-29468.21321,14.43106196,54.62497143,0.7944011389
0.1105357712,0.8032405905,14.45685552,-4.361836592,0.0178497277,-32200.28368,14.45685552,35.6994554,0.8032405905
0.1111476753,0.8120898565,14.46460244,-1.066101124,0.00772920289,-33755.08907,14.46460244,15.45840578,0.8120898565
0.1117595793,0.8209408091,14.46415914,-0.3968338519,-0.002679155384,-34075.90151,14.46415914,-5.358310769,0.8209408091
0.1123714834,0.829791799,14.46658343,-2.455517224,-0.01299455314,-33148.70333,14.46658343,-25.98910627,0.829791799
0.113001899,0.8389160046,14.48332296,-7.11520185,-0.02312517169,-30920.09664,14.48332296,-46.25034338,0.8389160046
0.1136395187,0.848162487,14.52449437,-13.72229006,-0.03245852875,-27434.34456,14.52449437,-64.91705749,0.848162487
0.1142771384,0.8574446894,14.59597791,-21.19565776,-0.04050030031,-22844.00572,14.59597791,-81.00060063,0.8574446894
0.1149147581,0.8667825817,14.69894849,-28.35285124,-0.04692603879,-17330.20948,14.69894849,-93.85207758,0.8667825817
0.1155523778,0.8761952804,14.82958781,-34.05864927,-0.05147565595,-11114.25476,14.82958781,-102.9513119,0.8761952804
0.1161899975,0.8856980138,14.979681,-37.40691457,-0.0539648249,-4448.370032,14.979681,-107.9296498,0.8856980138
0.1167108145,0.8935332445,15.10889166,-38.00797297,-0.05439635681,1141.298221,15.10889166,-108.7927136,0.8935332445
0.1172316315,0.9014356982,15.23666611,-36.6098045,-0.05337328129,6698.039054,15.23666611,-106.7465626,0.9014356982
0.1177524485,0.9094028488,15.35626388,-33.36238279,-0.05092382276,12071.60852,15.35626388,-101.8476455,0.9094028488
0.1182941349,0.9177515768,15.46568522,-28.39730729,-0.04693498598,17311.40429,15.46568522,-93.86997196,0.9177515768
0.1188555045,0.9264605175,15.55787701,-22.14907963,-0.04137427118,22207.78565,15.55787701,-82.74854235,0.9264605175
0.1194450024,0.9356540061,15.62848017,-15.21415614,-0.03416006775,26603.77226,15.62848017,-68.32013549,0.9356540061
0.12003491,0.9448876165,15.67259266,-8.817057977,-0.02577450207,30094.34136,15.67259266,-51.54900414,0.9448876165
0.1206248176,0.9541402927,15.6940477,-3.829355557,-0.01650801378,32560.52225,15.6940477,-33.01602755,0.9541402927
0.1212147251,0.9634005906,15.69980393,-0.9272759438,-0.006675699056,33920.30176,15.69980393,-13.35139811,0.9634005906
0.1218046327,0.972661853,15.69894801,-0.5059997009,0.003388369339,34127.3056,15.69894801,6.776738679,0.972661853
0.1223945403,0.9819231145,15.70147029,-2.626374947,0.01334188227,33172.25835,15.70147029,26.68376453,0.9819231145
0.1230212103,0.9917670596,15.71849821,-7.341539606,0.0234152209,30917.53209,15.71849821,46.83044181,0.9917670596
0.1236478804,1.001628739,15.75934475,-13.88725594,0.03259178553,27465.78341,15.75934475,65.18357106,1.001628739
0.1242745504,1.011525061,15.82963776,-21.26609951,0.04051546484,22945.65406,15.82963776,81.03092969,1.011525061
0.1249012204,1.021475078,15.93050522,-28.34984967,0.04687741469,17529.42401,15.93050522,93.75482937,1.021475078
0.1255278904,1.031497074,16.05838947,-34.05275317,0.05142886305,11427.04259,16.05838947,102.8577261,1.031497074
0.1261545605,1.041605756,16.20558401,-37.49960185,0.05399165044,4877.67753,16.20558401,107.9833009,1.041605756
0.1266796164,1.050148732,16.33605576,-38.25316962,0.05453252813,-766.3192617,16.33605576,109.0650563,1.050148732
0.1272046723,1.058760268,16.46553692,-36.96363209,0.05359132018,-6387.173202,16.46553692,107.1826404,1.058760268
0.1277297283,1.06743799,16.58705972,-33.77168355,0.0511944723,-11830.34707,16.58705972,102.3889446,1.06743799
0.1282746342,1.076507488,16.69823855,-28.81991906,0.04723916816,-17132.63402,16.69823855,94.47833632,1.076507488
0.128838578,1.085951899,16.7919714,-22.54683189,0.04169522707,-22086.53047,16.7919714,83.39045415,1.085951899
0.129430548,1.09591489,16.86386875,-15.5508643,0.03447829021,-26538.39877,16.86386875,68.95658041,1.09591489
0.1300234036,1.105927347,16.90889801,-9.065716403,0.02606215189,-30081.82831,16.90889801,52.12430379,1.105927347
0.1306162592,1.115959367,16.93079916,-3.989205366,0.01674641735,-32591.00733,16.93079916,33.4928347,1.115959367
0.1312091148,1.125999188,16.9366018,-1.016403288,0.006851028337,-33981.69834,16.9366018,13.70205667,1.125999188
0.1318019703,1.136039921,16.935539,-0.5560882818,-0.003284452107,-34206.0503,16.935539,-6.568904215,1.136039921
0.1323948259,1.146080503,16.93779096,-2.675100488,-0.01331186246,-33254.10609,16.93779096,-26.62372492,1.146080503
0.1330229759,1.156724216,16.95460639,-7.411835065,-0.02343421699,-30994.82879,16.95460639,-46.86843398,1.156724216
0.1336511258,1.167385626,16.99543054,-13.99877731,-0.03265487442,-27529.89933,16.99543054,-65.30974885,1.167385626
0.1342792758,1.178081827,17.06596426,-21.42759641,-0.04061432545,-22989.0274,17.06596426,-81.22865091,1.178081827
0.1349074258,1.188832089,17.16734703,-28.55716777,-0.0470008586,-17546.08444,17.16734703,-94.0017172,1.188832089
0.1355355757,1.199654897,17.29596826,-34.28963727,-0.05156354884,-11413.05649,17.29596826,-103.1270977,1.199654897
0.1361637257,1.210565101,17.44401474,-37.74117593,-0.05412294429,-4831.468899,17.44401474,-108.2458886,1.210565101
0.1366887081,1.219757137,17.57485913,-38.47778332,-0.0546499843,824.7202519,17.57485913,-109.2999686,1.219757137
0.1372136905,1.229017897,17.7046354,-37.16318197,-0.05369215276,6456.143643,17.7046354,-107.3843055,1.229017897
0.1377386729,1.238344965,17.82635312,-33.9407764,-0.05127635171,11908.01454,17.82635312,-102.5527034,1.238344965
0.1382837961,1.248093692,17.93767021,-28.95212111,-0.04729693115,17219.88424,17.93767021,-94.59386229,1.248093692
0.1388482089,1.258245524,18.03142873,-22.63873461,-0.04172242559,22182.56025,18.03142873,-83.44485118,1.258245524
0.1394406848,1.268951341,18.10317746,-15.60688876,-0.03447003976,26639.25716,18.10317746,-68.94007952,1.268951341
0.1400332714,1.279693556,18.14787326,-9.106736289,-0.0260283891,30178.53981,18.14787326,-52.0567782,1.279693556
0.140625858,1.290455119,18.16941704,-4.028291485,-0.016689133,32681.23119,18.16941704,-33.37826601,1.290455119
0.1412184446,1.301224272,18.17488729,-1.066295456,-0.006772717178,34063.39791,18.17488729,-13.54543436,1.301224272
0.1418110312,1.311994159,18.17356039,-0.6277312458,0.003380893455,34277.51195,18.17356039,6.76178691,1.311994159
0.1424036178,1.322763767,18.17564967,-2.776470437,0.01342323686,33313.95014,18.17564967,26.84647373,1.322763767
0.1430336946,1.334220078,18.19252216,-7.569845878,0.02359202576,31031.03582,18.19252216,47.18405152,1.334220078
0.1436637714,1.345694279,18.2337396,-14.22308739,0.03284746376,27533.60502,18.2337396,65.69492751,1.345694279
0.1442938482,1.35720374,18.30502623,-21.71154166,0.04082645011,22953.40284,18.30502623,81.65290022,1.35720374
0.144923925,1.368768001,18.40746131,-28.87793568,0.0472145645,17466.91912,18.40746131,94.42912901,1.368768001
0.1455540019,1.380405754,18.53729846,-34.61204285,0.05175925846,11289.19974,18.53729846,103.5185169,1.380405754
0.1461840787,1.392131941,18.68653739,-38.02443674,0.0542806843,4665.075902,18.68653739,108.5613686,1.392131941
0.1467072627,1.40194256,18.81735757,-38.70122904,0.05476299234,-985.7060989,18.81735757,109.5259847,1.40194256
0.1472304468,1.411821602,18.94691003,-37.33276785,0.05376751496,-6607.463322,18.94691003,107.5350299,1.411821602
0.1477536308,1.421766567,19.06825839,-34.06730689,0.05132200325,-12046.74495,19.06825839,102.6440065,1.421766567
0.1482976937,1.432171924,19.17925671,-29.03936769,0.04731350564,-17351.45588,19.17925671,94.62701128,1.432171924
0.14886152,1.443013153,19.27266997,-22.69140088,0.04170836626,-22308.95479,19.27266997,83.41673252,1.443013153
0.1494535486,1.454445614,19.3439847,-15.63521436,0.03442499745,-26758.69724,19.3439847,68.8499949,1.454445614
0.1500455772,1.465912164,19.38819448,-9.127718327,0.02595739833,-30287.78499,19.38819448,51.91479666,1.465912164
0.1506376059,1.47739776,19.40927455,-4.056983557,0.01659632882,-32778.54049,19.40927455,33.19265763,1.47739776
0.1512296345,1.488890683,19.41435261,-1.115438732,0.006662363886,-34147.59404,19.41435261,13.32472777,1.488890683
0.1518216631,1.500384138,19.41274029,-0.706574178,-0.003504581114,-34347.93536,19.41274029,-7.009162229,1.500384138
0.1524136917,1.511877181,19.41466982,-2.890158929,-0.01355624645,-33370.39958,19.41466982,-27.1124929,1.511877181
0.1530458355,1.524154324,19.4316305,-7.74658662,-0.02377223443,-31060.48079,19.4316305,-47.54446886,1.524154324
0.1536779793,1.536449584,19.47330419,-14.4712246,-0.03306183663,-27526.85261,19.47330419,-66.12367326,1.536449584
0.154310123,1.548780631,19.54543121,-22.0217011,-0.04105819501,-22903.52082,19.54543121,-82.11639003,1.548780631
0.1549422668,1.561167293,19.64901665,-29.22356956,-0.04744410695,-17369.85223,19.64901665,-94.88821391,1.561167293
0.1555744106,1.573628475,19.78015989,-34.95385602,-0.05196543131,-11144.22761,19.78015989,-103.9308626,1.573628475
0.1562065544,1.586179202,19.9306541,-38.31797874,-0.05444206482,-4475.054884,19.9306541,-108.8841296,1.586179202
0.1567275134,1.596596206,20.0613288,-38.92682278,-0.05487401721,1165.659621,20.0613288,-109.7480344,1.596596206
0.1572484725,1.607081205,20.1905168,-37.50003214,-0.05383773438,6772.689901,20.1905168,-107.6754688,1.607081205
0.1577694315,1.617631616,20.31135441,-34.1908604,-0.05136184119,12194.30244,20.31135441,-102.7236824,1.617631616
0.1583121243,1.628685278,20.42192884,-29.12484924,-0.04732482125,17488.20236,20.42192884,-94.64964249,1.628685278
0.1588750855,1.640209332,20.51491506,-22.74499514,-0.04169088236,22437.5752,20.51491506,-83.38176473,1.640209332
0.1594664019,1.652362458,20.58573886,-15.66778875,-0.03437954929,26878.14474,20.58573886,-68.75909858,1.652362458
0.1600577184,1.664549333,20.62943658,-9.154696894,-0.02588841104,30396.22393,20.62943658,-51.77682207,1.664549333
0.1606490348,1.676754935,20.65003816,-4.092453566,-0.01650831942,32874.8108,20.65003816,-33.01663884,1.676754935
0.1612403513,1.688967594,20.65471369,-1.170718022,-0.006559714304,34231.1486,20.65471369,-13.11942861,1.688967594
0.1618316677,1.701180574,20.6528016,-0.789379236,0.003617816417,34418.75476,20.6528016,7.235632833,1.701180574
0.1624229842,1.713393,20.65454465,-3.004384668,0.01367649203,33428.89217,20.65454465,27.35298406,1.713393
0.1630569898,1.726492385,20.6715432,-7.919548452,0.02393745729,31094.34961,20.6715432,47.87491459,1.726492385
0.1636909954,1.739610071,20.71359825,-14.7114085,0.033260092,27527.49105,20.71359825,66.520184,1.739610071
0.164325001,1.752764006,20.78646739,-22.32104619,0.04127404164,22864.39708,20.78646739,82.54808328,1.752764006
0.1649590066,1.76597429,20.89108861,-29.55790872,0.04765950488,17287.08207,20.89108861,95.31900975,1.76597429
0.1655930121,1.779260027,21.02341915,-35.28698631,0.05216083922,11017.00146,21.02341915,104.3216784,1.779260027
0.1662270177,1.792636323,21.17506081,-38.60869796,0.05459767471,4305.865214,21.17506081,109.1953494,1.792636323
0.1667459306,1.803658126,21.30560388,-39.1572592,0.05498503595,-1326.315043,21.30560388,109.9700719,1.803658126
0.1672648436,1.814747538,21.43446705,-37.67848197,0.05391270511,-6920.728136,21.43446705,107.8254102,1.814747538
0.1677837565,1.825901898,21.55485084,-34.32995651,0.0514100554,-12327.1822,21.55485084,102.8201108,1.825901898
0.1683252131,1.837603586,21.66505792,-29.22840272,0.04734736056,-17612.6337,21.66505792,94.69472113,1.837603586
0.1688873949,1.849810449,21.75766823,-22.81761091,0.04168703687,-22556.03059,21.75766823,83.37407374,1.849810449
0.169478064,1.862684198,21.82804804,-15.71859619,0.03434970153,-26989.63624,21.82804804,68.69940306,1.862684198
0.1700687331,1.875591386,21.8712711,-9.197355682,0.02583618295,-30498.99627,21.8712711,51.67236591,1.875591386
0.1706594023,1.888517003,21.89141637,-4.13982494,0.01643744759,-32967.68005,21.89141637,32.87489517,1.888517003
0.1712500714,1.901449414,21.89569349,-1.233562018,0.006473856,-34313.44943,21.89569349,12.947712,1.901449414
0.1718407405,1.914381937,21.89346779,-0.8755411586,-0.003715246992,-34490.26772,21.89346779,-7.430493985,1.914381937
0.1724314097,1.927313747,21.89499536,-3.118487805,-0.01378245199,-33489.75799,21.89499536,-27.56490399,1.927313747
0.1730671604,1.941237789,21.91198142,-8.088527093,-0.02408768452,-31132.77162,21.91198142,-48.17536904,1.941237789
0.1737029112,1.955180273,21.95434931,-14.94446431,-0.03344349675,-27535.10629,21.95434931,-66.88699351,1.955180273
0.174338662,1.969159416,22.02787745,-22.61158552,-0.04147614916,-22834.78544,22.02787745,-82.95229833,1.969159416
0.1749744127,1.983195579,22.13344369,-29.88381238,-0.04786330295,-17216.31952,22.13344369,-95.72660589,1.983195579
0.1756101635,1.99730806,22.26687254,-35.61437861,-0.05234781868,-10904.07606,22.26687254,-104.6956374,1.99730806
0.1762459143,2.01151205,22.41958474,-38.8985948,-0.05474900386,-4152.90321,22.41958474,-109.4980077,2.01151205
0.1767629315,2.023137007,22.55000754,-39.39280792,-0.05509624662,1472.069775,22.55000754,-110.1924932,2.023137007
0.1772799488,2.034829215,22.67857698,-37.86685158,-0.05399149285,7055.634574,22.67857698,-107.9829857,2.034829215
0.177796966,2.046585951,22.79855066,-34.48215959,-0.05146477055,12448.99481,22.79855066,-102.9295411,2.046585951
0.178337299,2.058935282,22.90843202,-29.34680709,-0.0473784455,17727.89793,22.90843202,-94.756891,2.058935282
0.1788987779,2.07182492,23.00070279,-22.90558365,-0.04169339129,22667.03978,23.00070279,-83.38678259,2.07182492
0.179488857,2.085419181,23.07067,-15.78401068,-0.03433135926,27095.38765,23.07067,-68.66271853,2.085419181
0.1800789362,2.09904659,23.11344173,-9.252610337,-0.02579613744,30597.76111,23.11344173,-51.59227488,2.09904659
0.1806690154,2.112692143,23.13314212,-4.196960123,-0.01637883873,33058.21893,23.13314212,-32.75767746,2.112692143
0.1812590945,2.126344233,23.13701876,-1.303035847,-0.006399802241,34394.9693,23.13701876,-12.79960448,2.126344233
0.1818491737,2.139996218,23.13446451,-0.9654061451,0.003801790656,34562.36066,23.13446451,7.603581312,2.139996218
0.1824392529,2.153647323,23.13575146,-3.233994008,0.01387880519,33552.32863,23.13575146,27.75761038,2.153647323
0.1830766941,2.168399266,23.15268589,-8.25663438,0.02422825855,31174.23794,23.15268589,48.45651711,2.168399266
0.1837141353,2.183169765,23.19531817,-15.17498792,0.03361767611,27547.16706,23.19531817,67.23535222,2.183169765
0.1843515765,2.197977298,23.26945046,-22.89887339,0.04166996193,22811.01552,23.26945046,83.33992386,2.197977298
0.1849890177,2.212842483,23.37590451,-30.20689703,0.04806024555,17152.718,23.37590451,96.12049111,2.212842483
0.1856264589,2.227784813,23.51037684,-35.94058999,0.0525298723,10799.48085,23.51037684,105.0597446,2.227784813
0.1862639001,2.242819564,23.66411198,-39.19003456,0.0548977844,4009.219618,23.66411198,109.7955688,2.242819564
0.1867790858,2.255044476,23.79440831,-39.6333457,0.05520756592,-1609.023739,23.79440831,110.4151318,2.255044476
0.1872942715,2.267336293,23.9226901,-38.06321531,0.05407268911,-7182.497009,23.9226901,108.1453782,2.267336293
0.1878094572,2.279692231,24.04226882,-34.6445796,0.05152377149,-12563.7329,24.04226882,103.047543,2.279692231
0.1883487144,2.29268758,24.15184162,-29.47679082,0.04741535983,-17837.08552,24.15184162,94.83071967,2.29268758
0.1889095167,2.306258906,24.24378865,-23.00573452,0.04170696044,-22772.92727,24.24378865,83.41392088,2.306258906
0.1894990191,2.320572568,24.31335773,-15.86135425,0.03432149317,-27197.03494,24.31335773,68.64298633,2.320572568
0.1900885215,2.334919095,24.35568921,-9.318577024,0.02576548276,-30693.54744,24.35568921,51.53096553,2.334919095
0.1906780239,2.349283488,24.37494896,-4.262822544,0.01633016887,-33146.96912,24.37494896,32.66033774,2.349283488
0.1912675263,2.363654161,24.37842015,-1.37878464,0.006335863229,-34475.91087,24.37842015,12.67172646,2.363654161
0.1918570287,2.378024506,24.37552215,-1.058981556,-0.003878408779,-34635.06394,24.37552215,-7.756817557,2.378024506
0.1924465311,2.392393792,24.37654351,-3.350893287,-0.01396576697,-33616.63617,24.37654351,-27.93153394,2.392393792
0.1930856027,2.407976377,24.39338679,-8.423838488,-0.02435932153,-31218.79193,24.39338679,-48.71864306,2.407976377
0.1937246743,2.423577602,24.43623423,-15.40291655,-0.0337827195,-27563.74771,24.43623423,-67.56543899,2.423577602
0.1943637459,2.439216201,24.51091452,-23.18284024,-0.04185554649,-22793.20708,24.51091452,-83.71109298,2.439216201
0.1950028175,2.454913043,24.61819764,-30.52713948,-0.04825041283,-17096.45018,24.61819764,-96.50082567,2.454913043
0.1956418891,2.470687817,24.75365723,-36.26571163,-0.05270713345,-10703.44083,24.75365723,-105.4142669,2.470687817
0.1962809607,2.486555885,24.90836685,-39.48328464,-0.05504424203,-3875.082833,24.90836685,-110.0884841,2.486555885
0.1967943925,2.499377995,25.03853553,-39.87919218,-0.05531923415,1737.088832,25.03853553,-110.6384683,2.499377995
0.1973078244,2.512266676,25.16654043,-38.26780814,-0.05415646759,7301.399504,25.16654043,-108.3129352,2.512266676
0.1978243472,2.525297248,25.28642188,-34.79155438,-0.0515674813,12703.08802,25.28642188,-103.1349626,2.525297248
0.1983637395,2.5389669,25.39581043,-29.57220128,-0.04741985242,17980.20305,25.39581043,-94.83970484,2.5389669
0.1989258022,2.553267864,25.48753393,-23.04304835,-0.04165703761,22924.52287,25.48753393,-83.31407523,2.553267864
0.1995159358,2.568330669,25.55653501,-15.86275718,-0.03421938305,27344.41671,25.55653501,-68.4387661,2.568330669
0.2001060694,2.583425998,25.59817397,-9.308919296,-0.02561219787,30829.78687,25.59817397,-51.22439573,2.583425998
0.200696203,2.598538793,25.61672764,-4.270340887,-0.01612906253,33265.28721,25.61672764,-32.25812505,2.598538793
0.2012863367,2.613657484,25.6195984,-1.4308861,-0.006092576979,34569.94571,25.6195984,-12.18515396,2.613657484
0.2018764703,2.62877555,25.61631505,-1.177948268,0.004156087008,34699.1329,25.61631505,8.312174016,2.62877555
0.2024666039,2.643892414,25.61724831,-3.550147204,0.01426813306,33645.99379,25.61724831,28.53626612,2.643892414
0.2031100635,2.660380446,25.63454641,-8.748325432,0.02473341513,31188.63948,25.63454641,49.46683025,2.660380446
0.2037535231,2.67688777,25.67858049,-15.85500847,0.03420000442,27457.84524,25.67858049,68.40000885,2.67688777
0.2043969827,2.693433721,25.75515194,-23.72930028,0.04228042275,22600.3468,25.75515194,84.56084549,2.693433721
0.2050404423,2.710039707,25.86482038,-31.10260957,0.0486424033,16811.67092,25.86482038,97.28480661,2.710039707
0.2056839019,2.72672576,26.00279785,-36.78417203,0.05302350149,10328.86413,26.00279785,106.047003,2.72672576
0.2063273615,2.743507291,26.15971307,-39.85551299,0.05524287999,3420.25413,26.15971307,110.48576,2.743507291
0.2068374872,2.75688508,26.28939564,-40.09053604,0.05540265891,-2169.787446,26.28939564,110.8053178,2.75688508
0.2073476129,2.77032863,26.41641219,-38.34060569,0.05414099921,-7701.300861,26.41641219,108.2819984,2.77032863
0.207871333,2.784195635,26.53722648,-34.66946488,0.05140217419,-13168.84327,26.53722648,102.8043484,2.784195635
0.2084128216,2.79859547,26.64562915,-29.29739606,0.0471126434,-18440.79678,26.64562915,94.22528681,2.79859547
0.2089804167,2.8137463,26.73618995,-22.61545854,0.04116125258,-23388.58329,26.73618995,82.32250516,2.8137463
0.2095731925,2.829616063,26.80293533,-15.38839758,0.03355930452,-27760.50767,26.80293533,67.11860904,2.829616063
0.2101659682,2.845517103,26.84219629,-8.882926487,0.02480013865,-31175.57668,26.84219629,49.60027729,2.845517103
0.2107587439,2.861434341,26.85865281,-3.989122115,0.01518509152,-33519.79194,26.85865281,30.37018305,2.861434341
0.2113515197,2.877356439,26.86009969,-1.377262758,0.00504411505,-34714.43468,26.86009969,10.0882301,2.877356439
0.2119442954,2.893277347,26.85638543,-1.407305052,-0.005274984039,-34718.01898,26.85638543,-10.54996808,2.893277347
0.2125370711,2.909197138,26.85807287,-4.079752975,-0.01541780167,-33527.70387,26.85807287,-30.83560334,2.909197138
0.2131928422,2.926815094,26.87804131,-9.669838351,-0.02601210721,-30865.39829,26.87804131,-52.02421441,2.926815094
0.2138486133,2.944455172,26.92689499,-17.11821305,-0.03551509939,-26893.51961,26.92689499,-71.03019878,2.944455172
0.2145043844,2.962138405,27.01010071,-25.18299346,-0.04352256958,-21774.83128,27.01010071,-87.04513916,2.962138405
0.2151601555,2.979887549,27.12737756,-32.51487405,-0.0496923599,-15723.93094,27.12737756,-99.38471979,2.979887549
0.2158159266,2.997723276,27.27272758,-37.88437635,-0.05376005721,-8998.733606,27.27272758,-107.5201144,2.997723276
0.2163973164,3.013620719,27.41652225,-40.26821749,-0.05546592275,-2704.876834,27.41652225,-110.9318455,3.013620719
0.216894044,3.027270702,27.54310161,-40.27014612,-0.05546009738,2751.366463,27.54310161,-110.9201948,3.027270702
0.2173907716,3.040983024,27.66647789,-38.38974258,-0.05410503505,8137.74099,27.66647789,-108.2100701,3.040983024
0.2179185387,3.055616986,27.78738469,-34.53765683,-0.0512254227,13636.20486,27.78738469,-102.4508454,3.055616986
0.2184565992,3.070597777,27.89373869,-29.07649419,-0.04684491646,18850.53366,27.89373869,-93.68983292,3.070597777
0.2190262999,3.086515466,27.98283172,-22.29353776,-0.04075712499,23778.59211,27.98283172,-81.51424998,3.086515466
0.2196176858,3.103084604,28.04735037,-15.07023024,-0.03306677299,28087.67895,28.04735037,-66.13354597,3.103084604
0.2202090717,3.119683679,28.0845955,-8.633747189,-0.02424152469,31433.44163,28.0845955,-48.48304938,3.119683679
0.2208004576,3.136297841,28.09946959,-3.860661973,-0.01458349809,33704.74283,28.09946959,-29.16699618,3.136297841
0.2213918435,3.152916082,28.09991652,-1.401823285,-0.004422528359,34825.61146,28.09991652,-8.845056718,3.152916082
0.2219832294,3.169532735,28.09584532,-1.594852222,0.005894524163,34757.13366,28.09584532,11.78904833,3.169532735
0.2225746153,3.186148246,28.09778889,-4.418205177,0.01601494587,33498.81721,28.09778889,32.02989175,3.186148246
0.223232313,3.204633621,28.11880149,-10.17471646,0.02661687901,30750.47692,28.11880149,53.23375802,3.204633621
0.2238900107,3.223142118,28.1694308,-17.7472234,0.03609535655,26689.41191,28.1694308,72.1907131,3.223142118
0.2245477084,3.241695243,28.25490778,-25.8656069,0.04404472834,21483.22598,28.25490778,88.08945668,3.241695243
0.2252054061,3.260316037,28.37459774,-33.16353134,0.05012323389,15351.7005,28.37459774,100.2464678,3.260316037
0.2258631038,3.279025188,28.52209075,-38.41002732,0.05406880074,8557.933906,28.52209075,108.1376015,3.279025188
0.226441263,3.295556689,28.665982,-40.61456061,0.05563843465,2271.563254,28.665982,111.2768693,3.295556689
0.2269448997,3.310026328,28.79452783,-40.44664838,0.05551216711,-3271.944841,28.79452783,111.0243342,3.310026328
0.2274485365,3.324559994,28.91916001,-38.34550699,0.05399770985,-8730.420709,28.91916001,107.9954197,3.324559994
0.2279800555,3.339963737,29.03962881,-34.26672401,0.05093726737,-14246.7807,29.03962881,101.8745347,3.339963737
0.2285239435,3.355787631,29.14498135,-28.58256694,0.04634079935,-19474.62094,29.14498135,92.6815987,3.355787631
0.229099338,3.372583793,29.23192526,-21.63461182,0.0400149547,-24380.81929,29.23192526,80.02990939,3.372583793
0.2296938048,3.389980856,29.29324962,-14.38567199,0.03211626774,-28612.94579,29.29324962,64.23253549,3.389980856
0.2302882715,3.40740609,29.32731068,-8.052075863,0.0231038133,-31854.01934,29.32731068,46.20762661,3.40740609
0.2308827383,3.424844732,29.33954269,-3.505324644,0.01328920065,-33995.26999,29.33954269,26.5784013,3.424844732
0.231477205,3.442286187,29.3383783,-1.372084146,0.003011034694,-34964.18107,29.3383783,6.022069388,3.442286187
0.2320716717,3.45972549,29.33409474,-1.949020628,-0.007376150823,-34726.35385,29.33409474,-14.75230165,3.45972549
0.2326661385,3.477163987,29.33740813,-5.161850761,-0.01751343416,-33286.83734,29.33740813,-35.02686832,3.477163987
0.2333283364,3.496597737,29.3618057,-11.29981293,-0.02808256475,-30325.0928,29.3618057,-56.1651295,3.496597737
0.2339905344,3.516057575,29.41743381,-19.12016511,-0.03744949303,-26050.09662,29.41743381,-74.89898605,3.516057575
0.2346527323,3.535566006,29.50882547,-27.29278944,-0.04520755956,-20641.31745,29.50882547,-90.41511913,3.535566006
0.2353149303,3.555146534,29.63440939,-34.42307488,-0.05101845864,-14330.86352,29.63440939,-102.0369173,3.555146534
0.2359771282,3.57481964,29.78676214,-39.29182164,-0.05462815764,-7393.75531,29.78676214,-109.2563153,3.57481964
0.2365451191,3.591778546,29.92973409,-41.02038155,-0.0558481649,-1175.148223,29.92973409,-111.6963298,3.591778546
0.2371131099,3.6088196,30.07443663,-40.24641982,-0.05529227013,5078.965945,30.07443663,-110.5845403,3.6088196
0.2376811008,3.6259411,30.21148377,-37.0696756,-0.05297911754,11166.8595,30.21148377,-105.9582351,3.6259411
0.2382621126,3.643531211,30.33498813,-31.7561963,-0.04887340585,17019.47766,30.33498813,-97.7468117,3.643531211
0.2388585236,3.661655171,30.43716815,-24.86600691,-0.04297375449,22431.62741,30.43716815,-85.94750898,3.661655171
0.239480711,3.680618066,30.51305846,-17.15628379,-0.03522347167,27235.63216,30.51305846,-70.44694334,3.680618066
0.2401028983,3.699618357,30.55780164,-10.06034244,-0.02613552481,31004.89723,30.55780164,-52.27104961,3.699618357
0.2407250857,3.718637939,30.57624258,-4.646634992,-0.01605443046,33600.88718,30.57624258,-32.10886093,3.718637939
0.2413472731,3.737663011,30.57717872,-1.730976916,-0.005361237136,34927.77427,30.57717872,-10.72247427,3.737663011
0.2419694604,3.756686141,30.57204183,-1.755356522,0.005540180728,34935.00238,30.57204183,11.08036146,3.756686141
0.2425916478,3.775707396,30.57318741,-4.721637837,0.01623750984,33619.12323,30.57318741,32.47501969,3.775707396
0.2432698574,3.796448248,30.59493714,-10.77946883,0.02718979523,30731.35056,30.59493714,54.37959047,3.796448248
0.2439480669,3.81721426,30.64880733,-18.72853176,0.03692187143,26448.53905,30.64880733,73.84374286,3.81721426
0.2446262765,3.838029412,30.7402021,-27.15217315,0.04499080469,20958.83487,30.7402021,89.98160939,3.838029412
0.2453044861,3.858919096,30.86781332,-34.5439612,0.05102764688,14509.01846,30.86781332,102.0552938,3.858919096
0.2459826956,3.879905567,31.02383605,-39.57916737,0.05475561827,7393.768129,31.02383605,109.5112365,3.879905567
0.2465548693,3.89769756,31.16814183,-41.31282438,0.05597597612,1114.605799,31.16814183,111.9519522,3.89769756
0.2471270429,3.915573063,31.31411237,-40.49542232,0.05539012114,-5198.592664,31.31411237,110.7802423,3.915573063
0.2476992165,3.933530253,31.45211776,-37.23379084,0.05301796278,-11339.19326,31.45211776,106.0359256,3.933530253
0.2482837729,3.951953017,31.57594277,-31.81603695,0.04883134357,-17227.32671,31.57594277,97.66268715,3.951953017
0.2488840308,3.970938734,31.67790238,-24.81850854,0.04282728133,-22663.16622,31.67790238,85.65456265,3.970938734
0.2495095286,3.990778345,31.75289183,-17.03603725,0.03496279086,-27467.5691,31.75289183,69.92558172,3.990778345
0.2501350265,4.01065486,31.79637261,-9.922632115,0.02575644235,-31217.52905,31.79637261,51.51288469,4.01065486
0.2507605243,4.030549942,31.81348002,-4.56066118,0.01556088906,-33773.79315,31.81348002,31.12177812,4.030549942
0.2513860221,4.050449774,31.81335415,-1.766771453,0.00476555754,-35040.95611,31.81335415,9.531115079,4.050449774
0.25201152,4.070347163,31.80775616,-1.96929146,-0.006217492294,-34970.05128,31.80775616,-12.43498459,4.070347163
0.2526370178,4.090242633,31.80928985,-5.143230068,-0.01696839837,-33560.39971,31.80928985,-33.93679674,4.090242633
0.2533196225,4.111962128,31.83259868,-11.42711771,-0.02795159521,-30552.92957,31.83259868,-55.90319043,4.111962128
0.2540022272,4.133708407,31.88915532,-19.54637902,-0.03766382503,-26140.02742,31.88915532,-75.32765006,4.133708407
0.2546848318,4.155506274,31.98402622,-28.03515989,-0.0456571592,-20518.39559,31.98402622,-91.3143184,4.155506274
0.2553674365,4.177381641,32.1153348,-35.35566237,-0.05156124558,-13944.38748,32.1153348,-103.1224912,4.177381641
0.2560500412,4.199356826,32.27458276,-40.17903011,-0.05510184007,-6722.564223,32.27458276,-110.2036801,4.199356826
0.256616126,4.217667375,32.41822247,-41.64049778,-0.05612424441,-482.8249569,32.41822247,-112.2484888,4.217667375
0.2571822107,4.236059877,32.5625401,-40.58902131,-0.05537393576,5769.920396,32.5625401,-110.7478715,4.236059877
0.2577482954,4.25453205,32.69820844,-37.15864447,-0.05287566927,11835.45275,32.69820844,-105.7513385,4.25453205
0.2583283096,4.27353373,32.81963999,-31.63042618,-0.04858743575,17654.90028,32.81963999,-97.1748715,4.27353373
0.2589259752,4.2931801,32.91933751,-24.56926423,-0.04249005829,23032.37761,32.91933751,-84.98011658,4.2931801
0.2595487325,4.313705161,32.99197917,-16.79258214,-0.03455541734,27769.58065,32.99197917,-69.11083468,4.313705161
0.2601714898,4.334265582,33.03340851,-9.746952317,-0.02530613942,31450.33063,33.03340851,-50.61227884,4.334265582
0.2607942472,4.354843355,33.04895778,-4.495177145,-0.01509335454,33939.17812,33.04895778,-30.18670907,4.354843355
0.2614170045,4.375425068,33.04785506,-1.830339922,-0.004303698743,35143.9991,33.04785506,-8.607397487,4.375425068
0.2620397618,4.396003918,33.04183944,-2.157767945,0.006654584808,35018.48695,33.04183944,13.30916962,4.396003918
0.2626625191,4.416580744,33.04340136,-5.433985468,0.01736620721,33563.93143,33.04340136,34.73241442,4.416580744
0.2633455245,4.439156047,33.06724248,-11.82799294,0.02834763548,30501.13119,33.06724248,56.69527097,4.439156047
0.26402853,4.461758675,33.12478342,-20.0247607,0.03803845857,26033.37815,33.12478342,76.07691714,4.461758675
0.2647115354,4.484413697,33.22090482,-28.54261316,0.04599112599,20360.18448,33.22090482,91.98225197,4.484413697
0.2653945408,4.507147143,33.35348704,-35.83660818,0.05183667284,13740.70623,33.35348704,103.6733457,4.507147143
0.2660775462,4.529981269,33.51377611,-40.58114607,0.05530322672,6482.102125,33.51377611,110.6064534,4.529981269
0.2666412143,4.548912111,33.65723543,-41.94633523,0.05625445575,250.6009363,33.65723543,112.5089115,4.548912111
0.2672048824,4.567924351,33.80101795,-40.80783272,0.05544397058,-5986.389052,33.80101795,110.8879412,4.567924351
0.2677685505,4.587015542,33.93589114,-37.30943269,0.05289822907,-12030.88231,33.93589114,105.7964581,4.587015542
0.2683469999,4.606681673,34.05653365,-31.72622152,0.04856724941,-17834.4742,34.05653365,97.13449882,4.606681673
0.2689438715,4.627039979,34.15542305,-24.62117862,0.04242611819,-23199.61356,34.15542305,84.85223637,4.627039979
0.2695657811,4.648305543,34.22712441,-16.82364027,0.03445280916,-27919.9692,34.22712441,68.90561833,4.648305543
0.2701876907,4.669605831,34.26762119,-9.782231235,0.02517234549,-31581.1436,34.26762119,50.34469098,4.669605831
0.2708096003,4.690922896,34.28233702,-4.556275508,0.01493605177,-34048.80613,34.28233702,29.87210354,4.690922896
0.2714315099,4.712243424,34.28056579,-1.932899048,0.004130375653,-35231.85961,34.28056579,8.260751307,4.712243424
0.2720534195,4.733560739,34.27408088,-2.310198903,-0.006836957931,-35084.89809,34.27408088,-13.67391586,4.733560739
0.2726753291,4.754875805,34.27537512,-5.637421405,-0.01755144531,-33609.96342,34.27537512,-35.10289063,4.754875805
0.2733597461,4.77834094,34.29925954,-12.10725947,-0.02856580397,-30513.6418,34.29925954,-57.13160794,4.77834094
0.2740441631,4.801833627,34.35725488,-20.37527991,-0.03827423917,-26005.86744,34.35725488,-76.54847834,4.801833627
0.2747285801,4.825379256,34.45418543,-28.9408186,-0.04622649057,-20288.81703,34.45418543,-92.45298114,4.825379256
0.2754129971,4.849004104,34.58778153,-36.24392623,-0.0520520468,-13624.80122,34.58778153,-104.1040936,4.849004104
0.2760974141,4.872730545,34.74907425,-40.95193867,-0.05547882245,-6324.402641,34.74907425,-110.9576449,4.872730545
0.276659828,4.892314033,34.89256325,-42.25436389,-0.05638303204,-89.86901399,34.89256325,-112.7660641,4.892314033
0.2772222419,4.911978684,35.03613208,-41.05257977,-0.05552933676,6145.022869,35.03613208,-111.0586735,4.911978684
0.2777846558,4.931721931,35.17058125,-37.49763637,-0.05294544661,12183.24928,35.17058125,-105.8908932,4.931721931
0.278362457,4.952079304,35.29074712,-31.86164988,-0.0485757154,17983.32234,35.29074712,-97.1514308,4.952079304
0.2789592523,4.973171416,35.3890668,-24.70871417,-0.0423911908,23346.04577,35.3890668,-84.7823816,4.973171416
0.279580955,4.995196634,35.45999987,-16.88195558,-0.03437622176,28057.85558,35.45999987,-68.75244352,4.995196634
0.2802026578,5.017256061,35.49966404,-9.834524882,-0.02505789153,31706.05756,35.49966404,-50.11578307,5.017256061
0.2808243605,5.039331748,35.51357984,-4.625968045,-0.01478869354,34156.91782,35.51357984,-29.57738707,5.039331748
0.2814460633,5.061410433,35.51113039,-2.040335048,-0.003956034026,35320.01563,35.51113039,-7.912068052,5.061410433
0.282067766,5.08348554,35.5041584,-2.469886559,0.007031630518,35150.6813,35.5041584,14.06326104,5.08348554
0.2826894688,5.105558166,35.50519693,-5.856162923,0.01775930358,33651.73995,35.50519693,35.51860716,5.105558166
0.2833757641,5.129931734,35.52919625,-12.41233783,0.02881176823,30516.20924,35.52919625,57.62353645,5.129931734
0.2840620595,5.154333175,35.58778864,-20.76067849,0.03853981475,25961.22577,35.58778864,77.0796295,5.154333175
0.2847483549,5.178788262,35.68572946,-29.37770484,0.04648974703,20192.26637,35.68572946,92.97949406,5.178788262
0.2854346502,5.20332357,35.82056546,-36.68555424,0.05228908325,13475.56696,35.82056546,104.5781665,5.20332357
0.2861209456,5.227961607,35.98306501,-41.34347479,0.05566545274,6125.978582,35.98306501,111.3309055,5.227961607
0.2866816625,5.248177918,36.12648255,-42.56673423,0.05651133967,-107.1540371,36.12648255,113.0226793,5.248177918
0.2872423794,5.268475024,36.26968368,-41.28936731,0.05560592255,-6334.423464,36.26968368,111.2118451,5.268475024
0.2878030963,5.288850211,36.40352709,-37.67087987,0.05297837278,-12360.25549,36.40352709,105.9567456,5.288850211
0.2883799486,5.309885205,36.52305636,-31.97869398,0.04856588574,-18151.87876,36.52305636,97.13177147,5.309885205
0.2889764377,5.331701351,36.62066049,-24.77774594,0.04233515716,-23507.7701,36.62066049,84.67031432,5.331701351
0.2895976499,5.354473995,36.69068975,-16.9259409,0.03427823686,-28206.26675,36.69068975,68.55647373,5.354473995
0.2902188622,5.377280247,36.72942276,-9.878830419,0.02492373622,-31837.32333,36.72942276,49.84747243,5.377280247
0.2908400744,5.400102183,36.74247926,-4.694274123,0.01462492631,-34268.07595,36.74247926,29.24985262,5.400102183
0.2914612866,5.422926626,36.73932463,-2.151558513,0.003769691535,-35408.97991,36.73932463,7.539383071,5.422926626
0.2920824988,5.445747119,36.73185691,-2.635993968,-0.00723331956,-35216.22093,36.73185691,-14.46663912,5.445747119
0.292703711,5.468564897,36.73263213,-6.081090042,-0.01796918371,-33693.44153,36.73263213,-35.93836742,5.468564897
0.2933918466,5.493848472,36.75673695,-12.7241402,-0.02905911565,-30518.48326,36.75673695,-58.1182313,5.493848472
0.2940799823,5.519160233,36.81591822,-21.1527147,-0.03880607711,-25916.2178,36.81591822,-77.61215422,5.519160233
0.2947681179,5.544526339,36.91485874,-29.82052157,-0.04675300124,-20095.43049,36.91485874,-93.50600248,5.544526339
0.2954562535,5.56997366,37.05091827,-37.13196456,-0.0525255044,-13326.28139,37.05091827,-105.0510088,5.56997366
0.2961443891,5.595524828,37.21460047,-41.7385356,-0.05585099903,-5927.877102,37.21460047,-111.7019981,5.595524828
0.2967033332,5.616365565,37.35790696,-42.88281041,-0.05663903233,302.8000668,37.35790696,-113.2780647,5.616365565
0.2972622773,5.637286695,37.50070518,-41.53098414,-0.05568287075,6521.514196,37.50070518,-111.3657415,5.637286695
0.2978212214,5.658285366,37.63391611,-37.85072498,-0.05301308884,12534.21564,37.63391611,-106.0261777,5.658285366
0.2983970933,5.67999298,37.75279985,-32.10370722,-0.04855914167,18317.34714,37.75279985,-97.11828334,5.67999298
0.2989932326,5.702529224,37.84968306,-24.85586124,-0.04228363619,23666.46748,37.84968306,-84.56727239,5.702529224
0.2996138676,5.726043204,37.91880608,-16.98010834,-0.03418691507,28351.69564,37.91880608,-68.37383014,5.726043204
0.3002345026,5.749590187,37.95661249,-9.933349269,-0.02479848832,31966.07667,37.95661249,-49.59697664,5.749590187
0.3008551375,5.773152283,37.96881515,-4.771462716,-0.01447221833,34377.63357,37.96881515,-28.94443667,5.773152283
0.3014757725,5.796716396,37.96495449,-2.268968197,-0.003596275844,35497.68736,37.96495449,-7.192551689,5.796716396
0.3020964075,5.820276184,37.956977,-2.80454325,0.007420685221,35283.24094,37.956977,14.84137044,5.820276184
0.3027170425,5.843833009,37.95745667,-6.304271519,0.01816398575,33738.68797,37.95745667,36.32797151,5.843833009
0.3034071055,5.870032598,37.98161982,-13.03252746,0.02929429601,30525.59842,37.98161982,58.58859202,5.870032598
0.3040971684,5.89626066,38.04134621,-21.54154201,0.03906317402,25876.74445,38.04134621,78.12634804,5.89626066
0.3047872314,5.922543748,38.14125352,-30.26161387,0.04700991056,20004.26272,38.14125352,94.01982111,5.922543748
0.3054772944,5.948909042,38.27851729,-37.57862133,0.05275798873,13182.32654,38.27851729,105.5159775,5.948909042
0.3061673574,5.975379311,38.4433744,-42.13557456,0.05603443089,5734.42487,38.4433744,112.0688618,5.975379311
0.3067245358,5.996838836,38.58654972,-43.2027944,0.05676629486,-493.6219924,38.58654972,113.5325897,5.996838836
0.3072817141,6.018378346,38.72893442,-41.77861998,0.05576105782,-6703.833294,38.72893442,111.5221156,6.018378346
0.3078388925,6.039994857,38.86151144,-38.03851635,0.05305062693,-12703.66927,38.86151144,106.1012539,6.039994857
0.3084138124,6.062372176,38.97975825,-32.23772796,0.04855636681,-18478.9799,38.97975825,97.11273362,6.062372176
0.3090096029,6.085626041,39.07592615,-24.94359986,0.04223719413,-23821.87922,39.07592615,84.47438827,6.085626041
0.3096296242,6.10987679,39.14414759,-17.04430556,0.03410219285,-28494.29692,39.14414759,68.20438571,6.10987679
0.3102496455,6.13415994,39.18103384,-9.997379498,0.02468124686,-32092.70935,39.18103384,49.36249373,6.13415994
0.3108696667,6.158457634,39.19238642,-4.856676366,0.01432871186,-34486.0131,39.19238642,28.65742373,6.158457634
0.311489688,6.182756858,39.18781629,-2.392094038,0.003432951576,-35586.3686,39.18781629,6.865903151,6.182756858
0.3121097093,6.207051376,39.17931478,-2.976000068,-0.007597458641,-35351.55705,39.17931478,-15.19491728,6.207051376
0.3127297305,6.231342673,39.17947193,-6.527508352,-0.01834815369,-33786.67211,39.17947193,-36.69630739,6.231342673
0.3134218566,6.258466359,39.2036599,-13.34085525,-0.02952213018,-30535.88592,39.2036599,-59.04426036,6.258466359
0.3141139826,6.285618795,39.2639105,-21.93171292,-0.03931588027,-25840.14143,39.2639105,-78.63176054,6.285618795
0.3148061087,6.312826942,39.36478133,-30.70591259,-0.0472647125,-19915.04941,39.36478133,-94.52942501,6.312826942
0.3154982348,6.340118309,39.5032616,-38.02970131,-0.05298971408,-13038.97911,39.5032616,-105.9794282,6.340118309
0.3161903608,6.367515817,39.66931312,-42.5368233,-0.05621735467,-5540.02799,39.66931312,-112.4347093,6.367515817
0.3167457154,6.389585897,39.81232487,-43.52670549,-0.05689317103,684.5710972,39.81232487,-113.7863421,6.389585897
0.3173010699,6.411735528,39.95426603,-42.03065487,-0.0558393691,6885.538151,39.95426603,-111.6787382,6.411735528
0.3178564244,6.433961599,40.08618463,-38.2317295,-0.05308914708,12871.899,40.08618463,-106.1782942,6.433961599
0.3184303701,6.457003718,40.20378252,-32.37787739,-0.04855527197,18639.31048,40.20378252,-97.11054393,6.457003718
0.319025772,6.480970992,40.29922318,-25.03819724,-0.04219332083,23975.88417,40.29922318,-84.38664167,6.480970992
0.3196451035,6.505952111,40.36653349,-17.11629953,-0.03402160108,28635.34392,40.36653349,-68.04320216,6.505952111
0.320264435,6.530965021,40.4024966,-10.06943812,-0.02456983963,32217.98067,40.4024966,-49.13967926,6.530965021
0.3208837666,6.555991907,40.41299816,-4.949155782,-0.01419273086,34593.58653,40.41299816,-28.38546172,6.555991907
0.3215030981,6.581019833,40.40771403,-2.520669778,-0.003278670024,35675.16013,40.40771403,-6.557340048,6.581019833
0.3221224296,6.60604267,40.39867475,-3.150240807,0.007764005431,35421.23583,40.39867475,15.52801086,6.60604267
0.3227417611,6.631062013,40.39848212,-6.750458607,0.0185213925,33837.55816,40.39848212,37.042785,6.631062013
0.3234360886,6.65911833,40.42266007,-13.64880772,0.02974244085,30549.52493,40.42266007,59.48488169,6.65911833
0.324130416,6.687203657,40.48341332,-22.32301508,0.03956412287,25806.57541,40.48341332,79.12824574,6.687203657
0.3248247435,6.715345388,40.58524472,-31.15332736,0.04751741102,19827.92292,40.58524472,95.03482204,6.715345388
0.3255190709,6.743571378,40.72495488,-38.48519601,0.05322072391,12896.32379,40.72495488,106.4414478,6.743571378
0.3262133983,6.771904714,40.89222172,-42.94227974,0.05639981125,5344.720448,40.89222172,112.7996225,6.771904714
0.3267668651,6.794576569,41.03503652,-43.85458888,0.0570197319,-875.5490591,41.03503652,114.0394638,6.794576569
0.3273203318,6.817327518,41.17650347,-42.28722512,0.05591793822,-7066.473091,41.17650347,111.8358764,6.817327518
0.3278737985,6.840154322,41.3077391,-38.43061729,0.05312887476,-13038.70343,41.3077391,106.2577495,6.840154322
0.3284467409,6.863855864,41.42467637,-32.52453032,0.04855620503,-18798.09941,41.42467637,97.11241007,6.863855864
0.3290417079,6.888531811,41.51937911,-25.14012456,0.04215251472,-24128.23525,41.51937911,84.30502944,6.888531811
0.3296602685,6.914236292,41.58577096,-17.19657539,0.03394579409,-28774.62233,41.58577096,67.89158818,6.914236292
0.3302788291,6.939971951,41.62081028,-10.14992203,0.02446507138,-32341.73728,41.62081028,48.93014276,6.939971951
0.3308973897,6.965721016,41.63046187,-5.049104237,0.01406521349,-34700.28917,41.63046187,28.13042698,6.965721016
0.3315159502,6.991470632,41.62446026,-2.654617635,0.003134474413,-35764.11154,41.62446026,6.268948827,6.991470632
0.3321345108,7.017214772,41.61486924,-3.326857005,-0.0079192162,-35492.46326,41.61486924,-15.8384324,7.017214772
0.3327530714,7.042955136,41.61429789,-6.972386146,-0.01868257472,-33891.68546,41.61429789,-37.36514943,7.042955136
0.3334497615,7.071953923,41.63842852,-13.95573311,-0.0299546127,-30566.86105,41.63842852,-59.90922541,7.071953923
0.3341464516,7.100981969,41.69966294,-22.71512731,-0.03980772378,-25776.27672,41.69966294,-79.61544756,7.100981969
0.3348431417,7.130067121,41.80245542,-31.60391516,-0.04776813215,-19742.90019,41.80245542,-95.5362643,7.130067121
0.3355398318,7.159237604,41.94341517,-38.94538241,-0.05345127135,-12754.10009,41.94341517,-106.9025427,7.159237604
0.3361650888,7.185509149,42.09381231,-43.06495019,-0.05638385804,-5945.604543,42.09381231,-112.7677161,7.185509149
0.3367104506,7.208503639,42.23434062,-44.21946835,-0.05717041482,190.541125,42.23434062,-114.3408296,7.208503639
0.3372558124,7.231575077,42.37453364,-42.95156399,-0.05628068295,6318.609964,42.37453364,-112.5613659,7.231575077
0.3378011741,7.254720906,42.5057757,-39.41123787,-0.05374180291,12256.42084,42.5057757,-107.4836058,7.254720906
0.3383669845,7.278805683,42.62439384,-33.78255589,-0.04944641415,18028.76966,42.62439384,-98.89282829,7.278805683
0.3389537144,7.303844695,42.72197562,-26.59300808,-0.04335120723,23406.52564,42.72197562,-86.70241446,7.303844695
0.3395677599,7.330101309,42.79265184,-18.63589043,-0.03540739464,28180.30515,42.79265184,-70.81478929,7.330101309
0.3401818055,7.356391478,42.83175863,-11.38776719,-0.02615403078,31911.65016,42.83175863,-52.30806156,7.356391478
0.3407958511,7.382697182,42.84446892,-5.91208578,-0.01593265168,34467.29174,42.84446892,-31.86530336,7.382697182
0.3414098966,7.409004819,42.83981846,-3.013088269,-0.005119403566,35755.49278,42.83981846,-10.23880713,7.409004819
0.3420239422,7.435307194,42.82938734,-3.119516099,0.005888084455,35728.37969,42.82938734,11.77616891,7.435307194
0.3426379878,7.461604579,42.82561246,-6.221943705,0.0166844442,34383.64696,42.82561246,33.36888841,7.461604579
0.3433326549,7.491358654,42.84371073,-12.7639856,0.02814255593,31331.56467,42.84371073,56.28511186,7.491358654
0.3440273221,7.521137098,42.89733931,-21.34061332,0.0382764021,26787.24626,42.89733931,76.5528042,7.521137098
0.3447219893,7.550967025,42.99226109,-30.35000829,0.04660197811,20959.92087,42.99226109,93.20395622,7.550967025
0.3454166565,7.580876885,43.126493,-38.10331151,0.052719654,14124.52786,43.126493,105.439308,7.580876885
0.3461113237,7.610891119,43.29065543,-43.14395958,0.05633495277,6609.089247,43.29065543,112.6699055,7.610891119
0.3466819455,7.635635338,43.43743804,-44.56810699,0.0573063665,182.2423969,43.43743804,114.612733,7.635635338
0.3472525673,7.660463858,43.58443527,-43.33008799,0.05643863127,-6247.94169,43.58443527,112.8772625,7.660463858
0.3478231891,7.685373941,43.72172201,-39.59027543,0.05376077163,-12472.16017,43.72172201,107.5215433,7.685373941
0.348409434,7.711042428,43.8435421,-33.64826255,0.04921699749,-18441.56188,43.8435421,98.43399498,7.711042428
0.3490157203,7.737655527,43.94188072,-26.11215113,0.04277193225,-23950.6582,43.94188072,85.5438645,7.737655527
0.3496455796,7.765356167,44.01055055,-17.93512325,0.03444594864,-28752.02951,44.01055055,68.89189727,7.765356167
0.350275439,7.793089484,44.04627274,-10.65057241,0.02477973661,-32435.17757,44.04627274,49.55947322,7.793089484
0.3509052983,7.820836437,44.05526776,-5.382333088,0.01414842248,-34861.75733,44.05526776,28.29684497,7.820836437
0.3515351576,7.848583267,44.04786873,-2.944455449,0.002963457349,-35939.91739,44.04786873,5.926914699,7.848583267
0.3521650169,7.876323613,44.03693674,-3.717361625,-0.008342442939,-35626.82307,44.03693674,-16.68488588,7.876323613
0.3527948763,7.904059503,44.03588993,-7.589055717,-0.01933103815,-33930.46842,44.03588993,-38.6620763,7.904059503
0.3535024202,7.935223742,44.06117797,-14.88658192,-0.03076653579,-30451.44766,44.06117797,-61.53307159,7.935223742
0.3542099641,7.966419233,44.12560222,-23.93251025,-0.04069881834,-25465.94268,44.12560222,-81.39763668,7.966419233
0.3549175081,7.997675619,44.23329538,-32.97346985,-0.04863515233,-19213.6178,44.23329538,-97.27030467,7.997675619
0.355625052,8.029022488,44.3799675,-40.25107421,-0.05417997342,-12002.05846,44.3799675,-108.3599468,8.029022488
0.3562486109,8.056742662,44.53221061,-44.0605757,-0.05686048844,-5137.192587,44.53221061,-113.7209769,8.056742662
0.3567833118,8.080590986,44.6707637,-44.9013874,-0.05742591079,917.1314907,44.6707637,-114.8518216,8.080590986
0.3573180126,8.104513414,44.80798653,-43.39321969,-0.056372654,6942.838236,44.80798653,-112.745308,8.104513414
0.3578527135,8.128507029,44.93573862,-39.70732417,-0.05373148009,12767.81806,44.93573862,-107.4629602,8.128507029
0.358411195,8.153636109,45.05141248,-33.98475043,-0.04936019166,18459.14894,45.05141248,-98.72038333,8.153636109
0.3589925286,8.17985497,45.14634986,-26.74307821,-0.04320517377,23773.38758,45.14634986,-86.41034755,8.17985497
0.3596011343,8.207353673,45.21446976,-18.78724677,-0.03522969909,28484.8948,45.21446976,-70.45939818,8.207353673
0.3602097401,8.234884184,45.25139198,-11.5795754,-0.02597420766,32161.4617,45.25139198,-51.94841532,8.234884184
0.3608183459,8.262428897,45.26235456,-6.159153306,-0.01577424089,34674.15807,45.26235456,-31.54848179,8.262428897
0.3614269516,8.28997458,45.25632787,-3.308317052,-0.004998501892,35934.38744,45.25632787,-9.997003784,8.28997458
0.3620355574,8.317514285,45.24472871,-3.441513312,0.005963770441,35896.09221,45.24472871,11.92754088,8.317514285
0.3626441632,8.345048343,45.23978576,-6.54576133,0.01671600683,34557.3762,45.23978576,33.43201366,8.345048343
0.3633422173,8.376632292,45.25677867,-13.17790441,0.02828666866,31478.78714,45.25677867,56.57333731,8.376632292
0.3640402714,8.408240187,45.30999645,-21.88311291,0.03851348374,26886.3227,45.30999645,77.02696748,8.408240187
0.3647383255,8.439899812,45.40531617,-31.02006974,0.046903218,20993.41517,45.40531617,93.80643599,8.439899812
0.3654363797,8.471640293,45.54064106,-38.85959171,0.05304917835,14080.80769,45.54064106,106.0983567,8.471640293
0.3661344338,8.503486574,45.70627401,-43.91477578,0.05665258748,6483.529749,45.70627401,113.305175,8.503486574
0.3667050621,8.529609634,45.85351129,-45.28812403,0.05758326631,22.95990747,45.85351129,115.1665326,8.529609634
0.3672756903,8.555817187,46.00070967,-43.97336268,0.0566658726,-6435.733237,46.00070967,113.3317452,8.555817187
0.3678463186,8.582106326,46.1378637,-40.14074439,0.05393105756,-12682.31275,46.1378637,107.8621151,8.582106326
0.368433285,8.609224506,46.25929305,-34.09081769,0.0493164512,-18674.50954,46.25929305,98.63290241,8.609224506
0.3690410671,8.637371302,46.3568537,-26.44077798,0.04278134628,-24203.52809,46.3568537,85.56269256,8.637371302
0.3696717183,8.666629354,46.42412913,-18.18253273,0.03436461543,-29006.27352,46.42412913,68.72923086,8.666629354
0.3703023695,8.695919142,46.45816125,-10.8609632,0.02460751011,-32678.26636,46.45816125,49.21502022,8.695919142
0.3709330207,8.725221479,46.46538703,-5.608438539,0.01388957055,-35081.30318,46.46538703,27.7791411,8.725221479
0.3715636719,8.754522615,46.45637815,-3.238721189,0.002626581006,-36124.18963,46.45637815,5.253162012,8.754522615
0.3721943231,8.783816353,46.44421602,-4.12286901,-0.008744669323,-35765.25028,46.44421602,-17.48933865,8.783816353
0.3728249742,8.813105019,46.44248228,-8.131687584,-0.01978230395,-34014.13551,46.44248228,-39.5646079,8.813105019
0.3735391179,8.846278631,46.4680919,-15.65549999,-0.03133664481,-30430.62936,46.4680919,-62.67328963,8.846278631
0.3742532616,8.879484528,46.53426825,-24.91185323,-0.04133124575,-25313.16209,46.53426825,-82.66249149,8.879484528
0.3749674053,8.912753597,46.64492352,-34.07337157,-0.04926087288,-18912.53916,46.64492352,-98.52174576,8.912753597
0.3756815489,8.946116366,46.79515059,-41.32522852,-0.05472278886,-11549.81316,46.79515059,-109.4455777,8.946116366
0.3763042829,8.975304308,46.9486166,-44.95046716,-0.05725084979,-4636.216853,46.9486166,-114.5016996,8.975304308
0.376831932,9.000112812,47.08585498,-45.60089409,-0.05768244547,1371.641972,47.08585498,-115.3648909,9.000112812
0.377359581,9.024993581,47.22117475,-43.9446197,-0.05653067962,7338.924835,47.22117475,-113.0613592,9.024993581
0.37788723,9.0499435,47.34671657,-40.16467987,-0.05382825138,13099.70339,47.34671657,-107.6565028,9.0499435
0.3784411321,9.076201476,47.4605808,-34.36814402,-0.04940631521,18751.60757,47.4605808,-98.81263042,9.076201476
0.3790191316,9.103661973,47.553822,-27.06996527,-0.04320614002,24037.57166,47.553822,-86.41228005,9.103661973
0.3796242714,9.132460396,47.62017843,-19.08718559,-0.03520057288,28720.17875,47.62017843,-70.40114576,9.132460396
0.3802294113,9.161289411,47.65545765,-11.87682814,-0.02593057501,32371.2598,47.65545765,-51.86115002,9.161289411
0.3808345512,9.190131603,47.66494467,-6.46671133,-0.01572836275,34864.29641,47.66494467,-31.45672549,9.190131603
0.381439691,9.218973914,47.65759079,-3.628978472,-0.004958498405,36112.40816,47.65759079,-9.916996809,9.218973914
0.3820448309,9.247809506,47.64474505,-3.771661185,0.005994440545,36070.47942,47.64474505,11.98888109,9.247809506
0.3826499708,9.276638731,47.63854777,-6.880717768,0.01673874946,34736.73362,47.63854777,33.47749891,9.276638731
0.3833532199,9.310144221,47.65441959,-13.6234887,0.0284532607,31622.53351,47.65441959,56.90652141,9.310144221
0.384056469,9.343673351,47.70743374,-22.48683594,0.03879605656,26964.87047,47.70743374,77.59211312,9.343673351
0.3847597181,9.377254824,47.80360588,-31.77520237,0.04726084389,20983.37115,47.80360588,94.52168778,9.377254824
0.3854629672,9.410918683,47.94065735,-39.70494885,0.05343111117,13967.27573,47.94065735,106.8622223,9.410918683
0.3861662163,9.444690522,48.1084282,-44.74996289,0.05700237267,6261.799998,48.1084282,114.0047453,9.444690522
0.3867360591,9.472146576,48.25596587,-46.0317516,0.05786459956,-225.4814271,48.25596587,115.7291991,9.472146576
0.3873059019,9.499687069,48.40306881,-44.60655852,0.05687483726,-6702.786159,48.40306881,113.7496745,9.499687069
0.3878757447,9.527308859,48.53970015,-40.65830843,0.05406601076,-12959.87044,48.53970015,108.1320215,9.527308859
0.3884629326,9.5558474,48.66035605,-34.48589506,0.04936606705,-18964.72472,48.66035605,98.73213409,9.5558474
0.3890719077,9.585511306,48.75675533,-26.7157815,0.04272784213,-24504.07907,48.75675533,85.45568427,9.585511306
0.3897026894,9.616288677,48.82223074,-18.38634686,0.034216131,-29295.00615,48.82223074,68.43226201,9.616288677
0.3903334712,9.647096581,48.85426315,-11.04585675,0.02436932601,-32943.6894,48.85426315,48.73865201,9.647096581
0.3909642529,9.677915773,48.85952273,-5.830088104,0.01357053931,-35312.81558,48.85952273,27.14107862,9.677915773
0.3915950347,9.708732594,48.84881057,-3.547586371,0.002238799003,-36312.42191,48.84881057,4.477598006,9.708732594
0.3922258164,9.739541078,48.83539811,-4.556318326,-0.009186295574,-35902.37527,48.83539811,-18.37259115,9.739541078
0.3928623094,9.770622772,48.83305511,-8.758398199,-0.02035791751,-34071.55892,48.83305511,-40.71583503,9.770622772
0.3935822353,9.805786151,48.85927748,-16.52823489,-0.03200612984,-30370.45749,48.85927748,-64.01225969,9.805786151
0.3943021613,9.840983045,48.92751047,-25.99276124,-0.0420353355,-25113.13462,48.92751047,-84.07067099,9.840983045
0.3950220872,9.876245537,49.04133589,-35.25341338,-0.04993015845,-18561.69263,49.04133589,-99.86031689,9.876245537
0.3957420132,9.911604968,49.19514908,-42.44621204,-0.05528299296,-11050.41907,49.19514908,-110.5659859,9.911604968
0.396363211,9.942212157,49.34967268,-45.86120712,-0.05764266285,-4095.109249,49.34967268,-115.2853257,9.942212157
0.3968822275,9.967860538,49.48511745,-46.31090403,-0.05793497025,1847.051748,49.48511745,-115.8699405,9.967860538
0.3974012439,9.993578907,49.61806996,-44.51104424,-0.05668852891,7737.091297,49.61806996,-113.3770578,9.993578907
0.3979261728,10.01965808,49.74233487,-40.59960363,-0.0538977711,13479.48299,49.74233487,-107.7955422,10.01965808
0.3984765125,10.0470651,49.85437773,-34.70563797,-0.04940424287,19098.11368,49.85437773,-98.80848574,10.0470651
0.3990536394,10.0758652,49.94595946,-27.31052597,-0.04311519997,24370.37248,49.94595946,-86.23039993,10.0758652
0.3996562775,10.10598552,50.01018199,-19.29096124,-0.03504752832,29018.73903,50.01018199,-70.09505665,10.10598552
0.4002589156,10.13613503,50.0433955,-12.086372,-0.02573132402,32633.65507,50.0433955,-51.46264805,10.13613503
0.4008615537,10.16629647,50.05101839,-6.715383446,-0.01549764627,35090.95627,50.05101839,-30.99529253,10.16629647
0.4014641918,10.19645698,50.04207675,-3.938398974,-0.004709115198,36305.71707,50.04207675,-9.418230396,10.19645698
0.4020668299,10.22660994,50.02793583,-4.15169807,0.006252236429,36234.30785,50.02793583,12.50447286,10.22660994
0.402669468,10.25675586,50.02070467,-7.331571769,0.01699764948,34875.92528,50.02070467,33.99529897,10.25675586
0.403380633,10.29233236,50.03612072,-14.27469996,0.02888000948,31678.73786,50.03612072,57.76001897,10.29233236
0.404091798,10.32793295,50.09014328,-23.36688881,0.0393387029,26900.2131,50.09014328,78.67740581,10.32793295
0.404802963,10.36358772,50.18879178,-32.83002271,0.04785009993,20770.86438,50.18879178,95.70019987,10.36358772
0.405514128,10.39932796,50.32931706,-40.80631679,0.0539858234,13593.98863,50.32931706,107.9716468,10.39932796
0.4061518795,10.43147324,50.48205852,-45.394344,0.05721054571,6562.918717,50.48205852,114.4210914,10.43147324
0.4067104217,10.45970976,50.62672968,-46.80171284,0.05815413876,177.3364448,50.62672968,116.3082775,10.45970976
0.4072689638,10.4880276,50.77159133,-45.5811654,0.05730931888,-6211.261717,50.77159133,114.6186378,10.4880276
0.4078275059,10.51642415,50.90704612,-41.88445187,0.05470319543,-12403.47004,50.90704612,109.4063909,10.51642415
0.4084057179,10.54589541,51.02837805,-35.93577157,0.05023756746,-18403.0103,51.02837805,100.4751349,10.54589541
0.4090053426,10.57652428,51.12667149,-28.31586685,0.04386565761,-23976.40195,51.12667149,87.73131522,10.57652428
0.4096307341,10.60852176,51.19533417,-19.94031733,0.03557493774,-28880.37084,51.19533417,71.14987549,10.60852176
0.4102561255,10.64055147,51.23029093,-12.38575907,0.02591972159,-32676.67875,51.23029093,51.83944319,10.64055147
0.4108815169,10.67259392,51.2374752,-6.801446669,0.01526946688,-35224.94369,51.2374752,30.53893376,10.67259392
0.4115069084,10.70463473,51.22703297,-4.038077825,0.004030478989,-36430.34781,51.22703297,8.060957979,10.70463473
0.4121322998,10.7366668,51.21178863,-4.520312134,-0.007368742648,-36246.10925,51.21178863,-14.7374853,10.7366668
0.4127576912,10.76869139,51.20530795,-8.18227821,-0.01849282527,-34675.29811,51.20530795,-36.98565054,10.76869139
0.4134862145,10.80600058,51.22494973,-15.70502829,-0.03053831985,-31171.68919,51.22494973,-61.07663971,10.80600058
0.4142147377,10.84333883,51.28670783,-25.24684246,-0.04100335802,-26034.04568,51.28670783,-82.00671603,10.84333883
0.414943261,10.88073924,51.39566125,-34.84983443,-0.04933771185,-19523.50933,51.39566125,-98.6754237,10.88073924
0.4156717842,10.9182351,51.54715957,-42.53627627,-0.05510093795,-11979.3262,51.54715957,-110.2018759,10.9182351
0.4163030516,10.95082336,51.70262398,-46.4041038,-0.05777587327,-4914.001184,51.70262398,-115.5517465,10.95082336
0.4168384326,10.97854126,51.84237588,-47.15320377,-0.05826857224,1241.358221,51.84237588,-116.5371445,10.97854126
0.4173738136,11.00633388,51.98030944,-45.47891731,-0.05711467681,7358.660922,51.98030944,-114.2293536,11.00633388
0.4179091946,11.03419797,52.10804178,-41.57181108,-0.05434793829,13262.70484,52.10804178,-108.6958766,11.03419797
0.4184704615,11.06347785,52.22312726,-35.5626988,-0.04980328368,19040.7759,52.22312726,-99.60656736,11.06347785
0.4190563232,11.09410214,52.31636642,-27.99761566,-0.04341761376,24433.83948,52.31636642,-86.83522752,11.09410214
0.4196676488,11.12610595,52.38102451,-19.78081168,-0.0351989585,29176.85358,52.38102451,-70.39791699,11.12610595
0.4202789744,11.15813927,52.41347119,-12.41391648,-0.0256901177,32850.75729,52.41347119,-51.38023539,11.15813927
0.4208903,11.19018393,52.41946099,-6.968388392,-0.01523874381,35325.77025,52.41946099,-30.47748762,11.19018393
0.4215016256,11.22222653,52.40858491,-4.237387813,-0.004225838027,36513.88767,52.40858491,-8.451676053,11.22222653
0.4221129512,11.25426036,52.39288415,-4.622155746,0.006947369673,36371.06852,52.39288415,13.89473935,11.25426036
0.4227242768,11.28628638,52.38511143,-8.073769815,0.01787312054,34898.86083,52.38511143,35.74624107,11.28628638
0.423451215,11.32437111,52.40209396,-15.46102973,0.02999063332,31487.62339,52.40209396,59.98126664,11.32437111
0.4241781532,11.3624827,52.46067971,-24.96761085,0.04056326875,26433.48843,52.46067971,81.1265375,11.3624827
0.4249050914,11.40065398,52.56646944,-34.6517743,0.04903771211,19991.76693,52.56646944,98.07542421,11.40065398
0.4256320296,11.43891837,52.71537626,-42.52797102,0.05496812461,12496.23769,52.71537626,109.9362492,11.43891837
0.4262671581,11.47244784,52.87077906,-46.64484317,0.05781826616,5393.389395,52.87077906,115.6365323,11.47244784
0.4268107921,11.5012286,53.01262253,-47.57919005,0.05843469243,-868.6456605,53.01262253,116.8693849,11.5012286
0.4273544261,11.53008652,53.15312573,-45.99985398,0.05734860176,-7102.491457,53.15312573,114.6972035,11.53008652
0.4278980601,11.55901844,53.28343409,-42.09231195,0.05459280316,-13123.97636,53.28343409,109.1856063,11.55901844
0.4284658809,11.58930818,53.40036414,-36.02084904,0.05002091772,-18995.96383,53.40036414,100.0418354,11.58930818
0.4290577923,11.6209459,53.49473998,-28.34920153,0.04357069735,-24466.70553,53.49473998,87.1413947,11.6209459
0.4296745956,11.65396343,53.55968629,-20.01712193,0.03525916082,-29265.38693,53.55968629,70.51832164,11.65396343
0.4302913989,11.68701067,53.59169267,-12.55832528,0.02563206205,-32972.50888,53.59169267,51.2641241,11.68701067
0.4309082022,11.72006892,53.59673345,-7.076924842,0.01504767107,-35454.80047,53.59673345,30.09534214,11.72006892
0.4315250055,11.75312444,53.58476264,-4.38555917,0.003898730922,-36622.41107,53.58476264,7.797461844,11.75312444
0.4321418088,11.7861705,53.56824965,-4.886913886,-0.007401300996,-36431.18421,53.56824965,-14.80260199,11.7861705
0.4327605922,11.81931442,53.56034879,-8.530409776,-0.01846715399,-34877.2374,53.56034879,-36.93430797,11.81931442
0.4334957548,11.8586944,53.57862842,-16.18377433,-0.03069046587,-31333.01385,53.57862842,-61.38093173,11.8586944
0.4342309175,11.89810312,53.64021832,-25.91477326,-0.04129671118,-26116.31688,53.64021832,-82.59342236,11.89810312
0.4349660801,11.93757495,53.75034683,-35.69095241,-0.04971802087,-19497.06207,53.75034683,-99.43604173,11.93757495
0.4357012428,11.97714437,53.9040557,-43.46272706,-0.05550115358,-11826.50142,53.9040557,-111.0023072,11.97714437
0.4363339462,12.01129835,54.06063448,-47.28144931,-0.05812367565,-4697.971845,54.06063448,-116.2473513,12.01129835
0.436867096,12.04015786,54.20018114,-47.94510349,-0.05855555253,1465.122849,54.20018114,-117.1111051,12.04015786
0.4374002457,12.06909159,54.33759923,-46.18263113,-0.0573464756,7584.079738,54.33759923,-114.6929512,12.06909159
0.4379333955,12.09809615,54.46454722,-42.19292188,-0.05453149064,13485.11516,54.46454722,-109.0629813,12.09809615
0.4384938009,12.12865148,54.5788592,-36.09123185,-0.04993023722,19271.21478,54.5788592,-99.86047444,12.12865148
0.4390795954,12.16065196,54.67108842,-28.43020842,-0.04347617585,24674.10614,54.67108842,-86.9523517,12.16065196
0.4396901068,12.19405029,54.73427889,-20.14569588,-0.03519546914,29413.8576,54.73427889,-70.39093828,12.19405029
0.4403006181,12.22747714,54.76508474,-12.74141499,-0.02562817489,33078.82758,54.76508474,-51.25634978,12.22747714
0.4409111295,12.26091429,54.76938473,-7.291427134,-0.01512310281,35539.96808,54.76938473,-30.24620561,12.26091429
0.4415216409,12.29434836,54.75689083,-4.587523276,-0.004062140047,36710.02124,54.75689083,-8.124280094,12.29434836
0.4421321522,12.32777274,54.7397483,-5.026117262,0.007152850058,36545.67345,54.7397483,14.30570012,12.32777274
0.4427471536,12.36143425,54.73078153,-8.587196126,0.01819236833,35033.31477,54.73078153,36.38473666,12.36143425
0.4434842747,12.40178132,54.74751307,-16.22862189,0.03051078546,31513.2692,54.74751307,61.02157091,12.40178132
0.4442213958,12.44215612,54.80777661,-26.01206369,0.04121335587,26302.42059,54.80777661,82.42671175,12.44215612
0.444958517,12.4825934,54.91708161,-35.88370651,0.04972406389,19671.58591,54.91708161,99.44812779,12.4825934
0.4456956381,12.52312815,55.07059221,-43.76326605,0.05558242315,11974.33989,55.07059221,111.1648463,12.52312815
0.4463304186,12.55813484,55.22756239,-47.66197706,0.05825482682,4808.952564,55.22756239,116.5096536,12.55813484
0.4468661632,12.5877602,55.36789833,-48.3662541,0.05871251194,-1399.606409,55.36789833,117.4250239,12.5877602
0.4474019079,12.61746058,55.50617061,-46.60743406,0.05750881472,-7565.477294,55.50617061,115.0176294,12.61746058
0.4479376525,12.64723257,55.63386597,-42.58595719,0.05467897585,-13511.80773,55.63386597,109.3579517,12.64723257
0.4485004175,12.67857475,55.74861919,-36.42599808,0.05004520736,-19336.94999,55.74861919,100.0904147,12.67857475
0.4490886546,12.7113968,55.84092065,-28.68948141,0.04353983424,-24772.77144,55.84092065,87.07966847,12.7113968
0.4497010402,12.74561394,55.9036826,-20.3389857,0.03520037758,-29531.20033,55.9036826,70.40075515,12.74561394
0.4503134259,12.77985931,55.93372866,-12.88994687,0.02556628803,-33204.01957,55.93372866,51.13257606,12.77985931
0.4509258115,12.81411448,55.93707197,-7.429481106,0.01499093594,-35661.14808,55.93707197,29.98187187,12.81411448
0.4515381971,12.84836598,55.9236107,-4.755770261,0.003861089013,-36814.93849,55.9236107,7.722178027,12.84836598
0.4521505828,12.8826072,55.90569272,-5.263356095,-0.007416429439,-36622.35174,55.90569272,-14.83285888,12.8826072
0.4527710467,12.91729097,55.89631591,-8.95235472,-0.01857032228,-35057.52062,55.89631591,-37.14064455,12.91729097
0.4535147121,12.95886314,55.91362388,-16.79267678,-0.03099051508,-31443.02502,55.91362388,-61.98103015,12.95886314
0.4542583775,13.00046423,55.97582121,-26.75737557,-0.04174014437,-26111.13093,55.97582121,-83.48028874,13.00046423
0.4550020428,13.04213023,56.08818627,-36.7176783,-0.05023023173,-19344.13519,56.08818627,-100.4604635,13.04213023
0.4557457082,13.08389707,56.24522753,-44.53761928,-0.0559931266,-11509.62777,56.24522753,-111.9862532,13.08389707
0.4563790079,13.11956632,56.40306458,-48.22937619,-0.05850762083,-4319.158535,56.40306458,-117.0152417,13.11956632
0.4569068982,13.14937745,56.5416456,-48.74655059,-0.05883847226,1817.668624,56.5416456,-117.6769445,13.14937745
0.4574347885,13.17926143,56.67764019,-46.86370519,-0.05755277565,7901.348473,56.67764019,-115.1055513,13.17926143
0.4579661376,13.20941118,56.80366975,-42.75601486,-0.05466319439,13799.82832,56.80366975,-109.3263888,13.20941118
0.4585247391,13.24117444,56.91667265,-36.54767835,-0.04998989606,19577.40614,56.91667265,-99.97979211,13.24117444
0.4591105782,13.27454655,57.00749359,-28.7768124,-0.04344514863,24982.00353,57.00749359,-86.89029725,13.27454655
0.4597193954,13.30927405,57.0686993,-20.43843177,-0.03509680108,29700.47626,57.0686993,-70.19360216,13.30927405
0.4603282127,13.34402876,57.0974752,-13.02111107,-0.02547260668,33339.90671,57.0974752,-50.94521336,13.34402876
0.46093703,13.37879253,57.09984442,-7.594906335,-0.01492144387,35772.93017,57.09984442,-29.84288775,13.37879253
0.4615458473,13.41355212,57.08562783,-4.943928709,-0.00382469325,36913.7709,57.08562783,-7.6493865,13.41355212
0.4621546646,13.44830107,57.06703635,-5.454965026,0.007416757179,36720.34174,57.06703635,14.83351436,13.44830107
0.4627751794,13.48370807,57.0568917,-9.158637124,0.01860179354,35153.74616,57.0568917,37.20358708,13.48370807
0.4635231169,13.52638684,57.07362489,-17.0895931,0.03112399629,31506.49474,57.07362489,62.24799257,13.52638684
0.4642710545,13.56909455,57.13604264,-27.17182025,0.04194927882,26118.56505,57.13604264,83.89855764,13.56909455
0.465018992,13.61186804,57.24946295,-37.2271082,0.05047766729,19278.49452,57.24946295,100.9553346,13.61186804
0.4657669296,13.65474396,57.4081305,-45.07469923,0.05623395188,11362.18504,57.4081305,112.4679038,13.65474396
0.4664005975,13.69117106,57.56658245,-48.70716519,0.05869805717,4140.333083,57.56658245,117.3961143,13.69117106
0.466925884,13.72144621,57.70467285,-49.15571847,0.05898191301,-1983.42741,57.70467285,117.963826,13.72144621
0.4674511704,13.75179353,57.83996741,-47.21710099,0.05766120805,-8049.964359,57.83996741,115.3224161,13.75179353
0.467984185,13.78265737,57.96612566,-43.0288044,0.05471920727,-13975.53142,57.96612566,109.4384145,13.78265737
0.4685428576,13.81507397,58.0785728,-36.74994981,0.04999555312,-19757.04073,58.0785728,99.99110624,13.81507397
0.4691302977,13.84921964,58.16874151,-28.89815227,0.04337827465,-25172.7224,58.16874151,86.75654931,13.84921964
0.4697390326,13.88464899,58.22876494,-20.52476375,0.03497469359,-29879.05865,58.22876494,69.94938718,13.88464899
0.4703477675,13.92010478,58.25628603,-13.10472954,0.0253000677,-33500.31114,58.25628603,50.6001354,13.92010478
0.4709565025,13.95556889,58.2574608,-7.708208882,0.01470496287,-35909.8239,58.2574608,29.40992573,13.95556889
0.4715652374,13.99102814,58.24223315,-5.114891897,0.003572206448,-37022.66094,58.24223315,7.144412896,13.99102814
0.4721739723,14.02647622,58.22291021,-5.703280587,-0.007696142353,-36797.68633,58.22291021,-15.39228471,14.02647622
0.4727992036,14.06287487,58.21235342,-9.535408091,-0.01898278405,-35178.70292,58.21235342,-37.9655681,14.06287487
0.4735535331,14.10679011,58.22966727,-17.66786776,-0.03160437251,-31435.89739,58.22966727,-63.20874502,14.10679011
0.4743078625,14.1507355,58.2940453,-27.93017321,-0.042473236,-25926.21173,58.2940453,-84.94647199,14.1507355
0.475062192,14.19474915,58.41054311,-38.06757253,-0.05097652747,-18950.02725,58.41054311,-101.9530549,14.19474915
0.4758165214,14.23886865,58.57270801,-45.84421892,-0.05663221354,-10897.63812,58.57270801,-113.2644271,14.23886865
0.4764484826,14.27593388,58.73188044,-49.26602022,-0.05893907545,-3655.1002,58.73188044,-117.8781509,14.27593388
0.4769662755,14.3063801,58.86823694,-49.53422676,-0.05910195313,2399.313345,58.86823694,-118.2039063,14.3063801
0.4774840685,14.33689642,59.00131474,-47.47586266,-0.05770250192,8386.924806,59.00131474,-115.4050038,14.33689642
0.4780206867,14.36859218,59.12754294,-43.12368982,-0.0546447628,14350.60433,59.12754294,-109.2895256,14.36859218
0.4785783881,14.40159973,59.23845468,-36.73546062,-0.04982784797,20108.2147,59.23845468,-99.65569594,14.40159973
0.479168458,14.43658228,59.32715907,-28.76562784,-0.04307736399,25520.57793,59.32715907,-86.15472797,14.43658228
0.4797759549,14.47264261,59.38487803,-20.38495875,-0.03459273604,30176.1557,59.38487803,-69.18547209,14.47264261
0.4803834519,14.50872797,59.41026114,-13.01941523,-0.02485604842,33740.60923,59.41026114,-49.71209684,14.50872797
0.4809909489,14.54482043,59.40968038,-7.727037862,-0.01421860235,36089.8127,59.40968038,-28.43720469,14.54482043
0.4815984458,14.58090714,59.39322558,-5.269559358,-0.003063143433,37141.23698,59.39322558,-6.126286867,14.58090714
0.4822059428,14.61698213,59.37326496,-6.004659172,0.008209095269,36855.97613,59.37326496,16.41819054,14.61698213
0.4828379707,14.65450343,59.36262477,-10.04783293,0.01962356159,35147.67505,59.36262477,39.24712317,14.65450343
0.4835980623,14.69962886,59.38132469,-18.4364506,0.03230587533,31275.0843,59.38132469,64.61175066,14.69962886
0.4842264413,14.73695723,59.43311527,-27.0278045,0.04144547993,26713.07163,59.43311527,82.89095986,14.73695723
0.4848910098,14.77648377,59.52766236,-36.19525141,0.04936038549,20750.66953,59.52766236,98.72077099,14.77648377
0.4855555782,14.81608605,59.65996336,-43.90010411,0.05513417548,13872.96789,59.65996336,110.268351,14.81608605
0.4862201467,14.8557863,59.82040847,-48.81572335,0.05851197383,6382.782468,59.82040847,117.0239477,14.8557863
0.4867863169,14.88969654,59.96852687,-50.15179634,0.05938477611,-232.6046584,59.96852687,118.7695522,14.88969654
0.4873524871,14.923691,60.11617543,-48.67293748,0.05838124113,-6837.870563,60.11617543,116.7624823,14.923691
0.4879186573,14.95776646,60.25298225,-44.56780656,0.05553435775,-13221.12043,60.25298225,111.0687155,14.95776646
0.4885061177,14.99319945,60.37385201,-38.08963708,0.05073065003,-19393.00586,60.37385201,101.4613001,14.99319945
0.4891177001,15.03015393,60.46926991,-29.88236856,0.04390534544,-25109.06843,60.46926991,87.81069088,15.03015393
0.4897499435,15.06840687,60.53150899,-21.08886102,0.03515928527,-30042.60033,60.53150899,70.31857054,15.06840687
0.490382187,15.10668773,60.55834262,-13.33433621,0.02503525002,-33799.55015,60.55834262,50.07050005,15.10668773
0.4910144304,15.14497609,60.55683048,-7.824103911,0.01392882034,-36238.27025,60.55683048,27.85764068,15.14497609
0.4916466738,15.18325747,60.53842413,-5.416377871,0.002272704706,-37265.98651,60.53842413,4.545409413,15.18325747
0.4922789173,15.22152554,60.51719926,-6.49091499,-0.009479119359,-36841.26622,60.51719926,-18.95823872,15.22152554
0.4929393592,15.26148938,60.50774646,-11.15448537,-0.0213602611,-34859.93582,60.50774646,-42.72052221,15.26148938
0.4937095532,15.30809839,60.53182294,-20.10282478,-0.03404008028,-30669.95971,60.53182294,-68.08016056,15.30809839
0.4943468229,15.34669015,60.59039503,-28.98079257,-0.04307189396,-25829.33041,60.59039503,-86.14378792,15.34669015
0.495014229,15.38716027,60.69220294,-38.09015545,-0.05068747241,-19643.66793,60.69220294,-101.3749448,15.38716027
0.4956816352,15.42771113,60.83101143,-45.45224267,-0.05608478108,-12583.65962,60.83101143,-112.1695622,15.42771113
0.4963490413,15.46836411,60.99599243,-49.78854546,-0.05902347422,-4963.485557,60.99599243,-118.0469484,15.46836411
0.4968969154,15.50182164,61.14024976,-50.53790592,-0.05950298285,1471.035204,61.14024976,-119.0059657,15.50182164
0.4974447895,15.53535801,61.28220545,-48.64291427,-0.05822181709,7858.729746,61.28220545,-116.4436342,15.53535801
0.4979926636,15.56896937,61.41252934,-44.32934202,-0.05521919354,14007.94312,61.41252934,-110.4383871,15.56896937
0.4985673172,15.60429471,61.52805998,-37.76627789,-0.05031966694,20002.38159,61.52805998,-100.6393339,15.60429471
0.4991685231,15.64131471,61.61891981,-29.58051013,-0.04344970894,25568.79365,61.61891981,-86.89941788,15.64131471
0.4997884262,15.67953241,61.6772845,-20.9341065,-0.03475579224,30352.61777,61.6772845,-69.51158447,15.67953241
0.5004083293,15.71777553,61.70163955,-13.35899296,-0.02475222119,33993.86805,61.70163955,-49.50444238,15.71777553
0.5010282324,15.75602486,61.69888496,-7.98764404,-0.0138147243,36360.59949,61.69888496,-27.6294486,15.75602486
0.5016481355,15.79426683,61.67996063,-5.624793496,-0.002352961559,37366.2337,61.67996063,-4.705923119,15.79426683
0.5022680386,15.83249547,61.65822228,-6.628970578,0.009203896179,36971.77348,61.65822228,18.40779236,15.83249547
0.5029213666,15.87277391,61.64744117,-11.16832085,0.02100913568,35052.71316,61.64744117,42.01827136,15.87277391
0.5036968156,15.92058397,61.66967739,-20.14496356,0.03385399112,30875.84823,61.66967739,67.70798225,15.92058397
0.5043287727,15.95957244,61.72612378,-28.97963466,0.04288552243,26099.86674,61.72612378,85.77104487,15.95957244
0.5049987223,16.00095724,61.82674918,-38.2064081,0.05062026748,19908.03386,61.82674918,101.240535,16.00095724
0.5056686719,16.04242253,61.96510557,-45.71021749,0.05612303833,12823.31447,61.96510557,112.2460767,16.04242253
0.5063386215,16.08399028,62.13035253,-50.17816417,0.0591469007,5163.295124,62.13035253,118.2938014,16.08399028
0.5068905057,16.11831902,62.27575584,-51.00567618,0.05967641444,-1334.839213,62.27575584,119.3528289,16.11831902
0.5074423898,16.15272789,62.41902361,-49.13395298,0.05841422097,-7789.618765,62.41902361,116.8284419,16.15272789
0.507994274,16.187213,62.55055315,-44.78931702,0.05539954471,-14004.48347,62.55055315,110.7990894,16.187213
0.5085723696,16.22340805,62.66683705,-38.15744955,0.05046359402,-20053.53379,62.66683705,100.927188,16.22340805
0.5091770159,16.26132856,62.75794268,-29.87812587,0.04353168406,-25665.37745,62.75794268,87.06336812,16.26132856
0.5097994989,16.30041424,62.81589562,-21.15114758,0.03476719387,-30474.85837,62.81589562,69.53438774,16.30041424
0.5104219819,16.33952503,62.83940964,-13.52151328,0.02468175111,-34127.70894,62.83940964,49.36350222,16.33952503
0.5110444648,16.37864145,62.83556194,-8.139236657,0.01365727645,-36490.50253,62.83556194,27.31455289,16.37864145
0.5116669478,16.41774979,62.81554067,-5.817393384,0.002110084774,-37476.08231,62.81554067,4.220169548,16.41774979
0.5122894307,16.45684413,62.79297044,-6.911447808,-0.009523881776,-37045.80842,62.79297044,-19.04776355,16.45684413
0.5129498666,16.49831004,62.7818579,-11.62428991,-0.02147114301,-35055.10307,62.7818579,-42.94228602,16.49831004
0.5137320728,16.54742436,62.80511983,-20.8322559,-0.03440735994,-30762.96525,62.80511983,-68.81471988,16.54742436
0.5143646718,16.58717113,62.8629824,-29.75261786,-0.04340088491,-25914.96644,62.8629824,-86.80176982,16.58717113
0.5150372073,16.62948094,62.96572894,-39.01977039,-0.05108810777,-19633.07497,62.96572894,-102.1762155,16.62948094
0.5157097428,16.67187304,63.10631158,-46.46659346,-0.05650517373,-12463.6411,63.10631158,-113.0103475,16.67187304
0.5163822782,16.71436939,63.27340278,-50.78018243,-0.05940708594,-4730.73244,63.27340278,-118.8141719,16.71436939
0.516928566,16.74897418,63.41766831,-51.43193322,-0.05981884833,1722.896191,63.41766831,-119.6376967,16.74897418
0.5174748537,16.78365749,63.55925221,-49.4279091,-0.05847082624,8122.405257,63.55925221,-116.9416525,16.78365749
0.5180211414,16.81841526,63.68883191,-45.00541289,-0.05540401445,14276.91082,63.68883191,-110.8080289,16.81841526
0.5185956743,16.85504076,63.80350155,-38.31890171,-0.05042589755,20286.26451,63.80350155,-100.8517951,16.85504076
0.5191975443,16.89347082,63.89307996,-30.00938636,-0.04346069166,25865.46003,63.89307996,-86.92138331,16.89347082
0.5198161906,16.93301735,63.94950697,-21.29665065,-0.03469449341,30636.19172,63.94950697,-69.38898681,16.93301735
0.5204348369,16.972588,63.97180476,-13.69633684,-0.02462627659,34258.55115,63.97180476,-49.25255318,16.972588
0.5210534832,17.01216358,63.96703088,-8.340127509,-0.01363259953,36601.89022,63.96703088,-27.26519906,17.01216358
0.5216721295,17.05173062,63.94626072,-6.02737541,-0.002123494052,37580.84028,63.94626072,-4.246988104,17.05173062
0.5222907758,17.09128329,63.92295024,-7.107919771,0.009471891143,37157.48022,63.92295024,18.94378229,17.09128329
0.5229508119,17.13346961,63.91086443,-11.82151259,0.02144990633,35173.14894,63.91086443,42.89981267,17.13346961
0.5237417277,17.18402345,63.93358526,-21.18119289,0.03456692613,30822.38854,63.93358526,69.13385226,17.18402345
0.5243714959,17.22430287,63.99093048,-30.11471077,0.04353927792,25977.95512,63.99093048,87.07855584,17.22430287
0.5250478526,17.26761613,64.09424287,-39.48189573,0.05128204642,19638.01427,64.09424287,102.5640928,17.26761613
0.5257242094,17.31101273,64.23596932,-46.9865811,0.05672018558,12400.11214,64.23596932,113.4403712,17.31101273
0.5264005661,17.35451506,64.40446379,-51.29079865,0.05960492106,4595.181186,64.40446379,119.2098421,17.35451506
0.5269459827,17.38968157,64.54871991,-51.88560982,0.05997774642,-1867.362203,64.54871991,119.9554928,17.38968157
0.5274913992,17.42492642,64.69007757,-49.81986126,0.05859173812,-8271.633825,64.69007757,117.1834762,17.42492642
0.5280370458,17.46026033,64.81927489,-45.33500436,0.05548723596,-14429.74644,64.81927489,110.9744719,17.46026033
0.528611596,17.49753631,64.93345174,-38.58016092,0.05046395237,-20445.97002,64.93345174,100.9279047,17.49753631
0.5292139357,17.53667677,65.02230325,-30.20368472,0.04344421248,-26030.62289,65.02230325,86.88842496,17.53667677
0.5298318324,17.57687279,65.07764002,-21.46028003,0.03463912055,-30791.01923,65.07764002,69.2782411,17.57687279
0.5304497291,17.61709221,65.09881213,-13.85297954,0.02453724928,-34400.15349,65.09881213,49.07449856,17.61709221
0.5310676258,17.65731588,65.09296448,-8.511789538,0.01351546346,-36728.21052,65.09296448,27.03092692,17.65731588
0.5316855225,17.69753038,65.07124238,-6.231972814,0.001983813775,-37690.58229,65.07124238,3.96762755,17.69753038
0.5323034192,17.73773,65.04714813,-7.357750305,-0.009628775624,-37250.00959,65.04714813,-19.25755125,17.73773
0.5329671582,17.78089893,65.03442836,-12.16991367,-0.02169906341,-35228.24886,65.03442836,-43.39812681,17.78089893
0.5337667902,17.83290837,65.0575556,-21.74470522,-0.03496435443,-30778.12551,65.0575556,-69.92870886,17.83290837
0.5343949214,17.87378926,65.11544239,-30.7214702,-0.04389392029,-25899.60981,65.11544239,-87.78784058,17.87378926
0.5350747724,17.91809129,65.22029885,-40.15890894,-0.05163645777,-19478.70407,65.22029885,-103.2729155,17.91809129
0.5357546235,17.96247828,65.36390941,-47.65506961,-0.05703438061,-12157.76082,65.36390941,-114.0687612,17.96247828
0.5364344745,18.00697281,65.53417424,-51.85983795,-0.05983817198,-4275.112447,65.53417424,-119.676344,18.00697281
0.5369757338,18.04248254,65.67759706,-52.32581811,-0.06012526169,2158.285998,65.67759706,-120.2505234,18.04248254
0.5375169931,18.07806943,65.81772573,-50.16044131,-0.05867594032,8525.727855,65.81772573,-117.3518806,18.07806943
0.538065675,18.1142187,65.94706824,-45.5385926,-0.05547893867,14722.08418,65.94706824,-110.9578773,18.1142187
0.5386404434,18.15215677,66.06020165,-38.67509673,-0.05037005562,20734.41805,66.06020165,-100.7401112,18.15215677
0.5392453498,18.19214525,66.1478341,-30.18493979,-0.04323191742,26324.37007,66.1478341,-86.46383483,18.19214525
0.5398623033,18.23297371,66.20118672,-21.42628652,-0.03435529032,31047.07887,66.20118672,-68.71058064,18.23297371
0.5404792568,18.27382432,66.22047675,-13.85654992,-0.02419643137,34612.75102,66.22047675,-48.39286273,18.27382432
0.5410962103,18.31467809,66.21303965,-8.596774882,-0.0131331031,36893.56317,66.21303965,-26.2662062,18.31467809
0.5417131639,18.35552186,66.1901561,-6.427897279,-0.00157559852,37806.82745,66.1901561,-3.15119704,18.35552186
0.5423301174,18.3963502,66.16539377,-7.676873783,0.01004752022,37317.09036,66.16539377,20.09504044,18.3963502
0.5430010939,18.44074004,66.15248853,-12.69711002,0.02225840868,35208.71533,66.15248853,44.51681736,18.44074004
0.5438064453,18.49402235,66.1769848,-22.51772573,0.03558614529,30632.27081,66.1769848,71.17229059,18.49402235
0.5444335879,18.53554141,66.23637265,-31.55672001,0.04444540199,25688.36094,66.23637265,88.89080398,18.53554141
0.5451152152,18.58072397,66.34342611,-41.01489142,0.05212110174,19180.02924,66.34342611,104.2422035,18.58072397
0.5457968425,18.62599323,66.48919176,-48.43017554,0.05741762944,11780.63333,66.48919176,114.8352589,18.62599323
0.5464784698,18.67137164,66.66108527,-52.46009971,0.06008884558,3834.135115,66.66108527,120.1776912,18.67137164
0.5470208337,18.70756522,66.80506556,-52.73830939,0.06025210836,-2632.616678,66.80506556,120.5042167,18.70756522
0.5475631976,18.74383622,66.94502329,-50.36749064,0.05866827475,-9019.129831,66.94502329,117.3365495,18.74383622
0.5481226018,18.78132291,67.07548281,-45.44191,0.05525493154,-15323.71794,67.07548281,110.5098631,18.78132291
0.5487033499,18.82031065,67.18719194,-38.31209983,0.04991406334,-21359.09223,67.18719194,99.82812667,18.82031065
0.5493170572,18.86157187,67.27229276,-29.58118629,0.04247796288,-26956.82829,67.27229276,84.95592576,18.86157187
0.5499348405,18.9031486,67.32138934,-20.82774653,0.03340847239,-31582.02966,67.32138934,66.81694478,18.9031486
0.5505526238,18.94474494,67.33670434,-13.4072895,0.02308870207,-35027.76974,67.33670434,46.17740413,18.94474494
0.5511704071,18.98634223,67.32614417,-8.421744688,0.01190325104,-37170.20747,67.32614417,23.80650207,18.98634223
0.5517881904,19.02792795,67.30144513,-6.613785213,0.0002679659257,-37931.2515,67.30144513,0.5359318514,19.02792795
0.5524059737,19.06949759,67.27644419,-8.258170857,-0.01138452075,-37280.60818,67.27644419,-22.7690415,19.06949759
0.5530992171,19.11613112,67.26518988,-13.90476861,-0.02394292134,-34895.14251,67.26518988,-47.88584269,19.11613112
0.5538876903,19.16917575,67.29383049,-23.88958354,-0.03683784223,-30185.58,67.29383049,-73.67568447,19.16917575
0.5545228378,19.21193571,67.35844214,-33.1386436,-0.04563385953,-25023.46174,67.35844214,-91.26771906,19.21193571
0.555196263,19.25733146,67.46893293,-42.38647058,-0.05298172819,-18455.69762,67.46893293,-105.9634564,19.25733146
0.5558696882,19.30281462,67.61638883,-49.459819,-0.05796825894,-11050.65766,67.61638883,-115.9365179,19.30281462
0.5565431134,19.34840607,67.78799371,-53.1082325,-0.06036721382,-3144.764621,67.78799371,-120.7344276,19.34840607
0.5570384236,19.38201478,67.91974832,-53.20387301,-0.06041243227,2779.997628,67.91974832,-120.8248645,19.38201478
0.5575337339,19.41568818,68.04794855,-51.07597541,-0.05899608938,8634.153742,68.04794855,-117.9921788,19.41568818
0.5580640972,19.45181227,68.17330066,-46.57158534,-0.05589996995,14661.56366,68.17330066,-111.7999399,19.45181227
0.558612431,19.489225,68.28236142,-40.01975408,-0.05107367811,20457.14719,68.28236142,-102.1473562,19.489225
0.5591997335,19.52935465,68.36972326,-31.73906229,-0.04423559335,25982.76592,68.36972326,-88.4711867,19.52935465
0.5598009646,19.57047891,68.42463812,-23.05084333,-0.03568690535,30722.8494,68.42463812,-71.37381071,19.57047891
0.5604021956,19.61162598,68.44627804,-15.3631275,-0.02587322464,34374.81349,68.44627804,-51.74644928,19.61162598
0.5610034267,19.65277754,68.44094441,-9.757718223,-0.01514132102,36814.4096,68.44094441,-30.28264204,19.65277754
0.5616046577,19.69392023,68.4187215,-7.024874222,-0.003869267694,37957.98795,68.4187215,-7.738535389,19.69392023
0.5622058888,19.73504756,68.39206744,-7.553952898,0.007546063343,37764.40927,68.39206744,15.09212669,19.73504756
0.5628415481,19.77851483,68.37356532,-11.58007766,0.0193247056,36109.42296,68.37356532,38.6494112,19.77851483
0.5636792428,19.83579289,68.38706505,-21.21972522,0.03362034598,31757.01111,68.38706505,67.24069196,19.83579289
0.5642963588,19.8780089,68.43614222,-30.08824866,0.04273278549,27120.75449,68.43614222,85.46557099,19.8780089
0.5649977898,19.92604465,68.5367023,-40.15410191,0.05113786892,20613.24395,68.5367023,102.2757378,19.92604465
0.5656992207,19.9741666,68.68045985,-48.3599938,0.05707284004,13092.12324,68.68045985,114.1456801,19.9741666
0.5664006517,20.02240104,68.85476799,-53.13435384,0.06024564406,4926.800993,68.85476799,120.4912881,20.02240104
0.5669589127,20.06088126,69.00310397,-53.84567841,0.06068822186,-1763.563584,69.00310397,121.3764437,20.06088126
0.5675171736,20.09944398,69.14852728,-51.70360926,0.0592665075,-8396.096774,69.14852728,118.533015,20.09944398
0.5680754346,20.13808466,69.28081726,-46.97294839,0.0560256536,-14764.12112,69.28081726,112.0513072,20.13808466
0.5686619954,20.1787573,69.39625972,-39.85332707,0.05077267423,-20955.38257,69.39625972,101.5453485,20.1787573
0.5692768523,20.22145495,69.48414053,-31.06241568,0.04342842881,-26673.82222,69.48414053,86.85685761,20.22145495
0.5699009451,20.26483755,69.53574281,-22.06397576,0.03432885088,-31461.61666,69.53574281,68.65770176,20.26483755
0.5705250378,20.30824108,69.55206288,-14.34660105,0.02391837089,-35050.03607,69.55206288,47.83674178,20.30824108
0.5711491306,20.35164571,69.54101708,-9.07944373,0.01259297414,-37307.58046,69.54101708,25.18594829,20.35164571
0.5717732234,20.39503796,69.51465381,-7.062743011,0.0007822983246,-38150.47478,69.51465381,1.564596649,20.39503796
0.5723973161,20.43841269,69.48734238,-8.608462799,-0.0110656136,-37544.84802,69.48734238,-22.1312272,20.43841269
0.573093405,20.48677572,69.47350334,-14.24215178,-0.02377261047,-35184.08382,69.47350334,-47.54522093,20.48677572
0.5739191401,20.54415017,69.50198286,-24.81564024,-0.03735133517,-30222.47478,69.50198286,-74.70267035,20.54415017
0.5745478562,20.58786533,69.56618469,-34.08733534,-0.04606839079,-25054.34853,69.56618469,-92.13678159,20.58786533
0.5752369256,20.63583805,69.68023305,-43.61428412,-0.05356043641,-18263.62904,69.68023305,-107.1208728,20.63583805
0.575925995,20.68390331,69.83296671,-50.77285533,-0.05855347958,-10605.28162,69.83296671,-117.1069592,20.68390331
0.5765453424,20.72720262,69.99165631,-54.08076727,-0.06071053174,-3281.320857,69.99165631,-121.4210635,20.72720262
0.5770721248,20.76410999,70.13213374,-54.15529818,-0.06074014551,3056.58712,70.13213374,-121.480291,20.76410999
0.5775989072,20.80109059,70.26817837,-51.69271798,-0.05910807489,9306.934679,70.26817837,-118.2161498,20.80109059
0.5781573894,20.84037129,70.39812051,-46.61725069,-0.05561512723,15644.96461,70.39812051,-111.2302545,20.84037129
0.5787326155,20.88089906,70.5079613,-39.38950805,-0.05023546679,21660.97295,70.5079613,-100.4709336,20.88089906
0.5793455589,20.92414394,70.59157793,-30.50297565,-0.04271185645,27284.85473,70.59157793,-85.42371289,20.92414394
0.5799585022,20.96742879,70.63843101,-21.67174817,-0.03361459374,31899.83651,70.63843101,-67.22918749,20.96742879
0.5805714456,21.01073171,70.65148209,-14.18742124,-0.02327899808,35342.20106,70.65148209,-46.55799616,21.01073171
0.581184389,21.05403418,70.63861815,-9.144217987,-0.01208419801,37490.2862,70.63861815,-24.16839602,21.05403418
0.5817973323,21.09732373,70.61150243,-7.281805611,-0.0004398198024,38267.09816,70.61150243,-0.8796396048,21.09732373
0.5824102757,21.14059578,70.58388281,-8.878801113,0.01122801429,37642.26798,70.58388281,22.45602859,21.14059578
0.5831073128,21.18978876,70.56937746,-14.59327424,0.0239815872,35253.14471,70.56937746,47.9631744,21.18978876
0.5839422034,21.24871433,70.59823941,-25.39223066,0.03771997532,30188.44949,70.59823941,75.43995064,21.24871433
0.5845637475,21.29261213,70.66215763,-34.61896888,0.04632956484,25040.99256,70.66215763,92.65912968,21.29261213
0.5852557852,21.34155029,70.77726515,-44.21874789,0.05383796515,18183.8189,70.77726515,107.6759303,21.34155029
0.5859478229,21.39058226,70.93141486,-51.38606249,0.0588127653,10455.23654,70.93141486,117.6255306,21.39058226
0.5865671968,21.43456397,71.09065494,-54.62962357,0.06091877385,3102.182172,71.09065494,121.8375477,21.43456397
0.587097911,21.47233041,71.23238164,-54.61774763,0.06089212944,-3302.125578,71.23238164,121.7842589,21.47233041
0.5876286252,21.51017117,71.36924298,-52.02085788,0.0591747778,-9610.61083,71.36924298,118.3495556,21.51017117
0.5881928333,21.55047602,71.49968678,-46.75431355,0.05555073356,-16013.67981,71.49968678,111.1014671,21.55047602
0.5887730753,21.59199622,71.60886747,-39.33199029,0.05001144381,-22065.36876,71.60886747,100.0228876,21.59199622
0.5893913717,21.63629897,71.69073002,-30.2798888,0.04229478727,-27699.05585,71.69073002,84.58957453,21.63629897
0.5900096682,21.68064068,71.7349969,-21.37226876,0.03299269822,-32291.06535,71.7349969,65.98539643,21.68064068
0.5906279647,21.72499888,71.74510055,-13.93432962,0.02245389659,-35675.7909,71.74510055,44.90779319,21.72499888
0.5912462611,21.76935485,71.72953724,-9.072423096,0.01107159436,-37731.52407,71.72953724,22.14318871,21.76935485
0.5918645576,21.81369635,71.70060846,-7.512420981,-0.0007305081052,-38383.10699,71.70060846,-1.46101621,21.81369635
0.592482854,21.8580195,71.67260624,-9.493321457,-0.01251293404,-37603.92866,71.67260624,-25.02586808,21.8580195
0.5932088801,21.91004919,71.65993962,-15.92613099,-0.02572961425,-34897.27493,71.65993962,-51.4592285,21.91004919
0.5940034194,21.96699476,71.69179183,-26.53531936,-0.0386617741,-29867.57723,71.69179183,-77.3235482,21.96699476
0.5946458593,22.01307266,71.76165935,-36.13758594,-0.04741038329,-24416.16703,71.76165935,-94.82076657,22.01307266
0.5953220463,22.06163402,71.87822889,-45.41647477,-0.0545397714,-17596.40745,71.87822889,-109.0795428,22.06163402
0.5959982333,22.1102872,72.03135748,-52.22451069,-0.05921791783,-9971.196157,72.03135748,-118.4358357,22.1102872
0.5966744203,22.15905244,72.20690134,-55.34834141,-0.06123074108,-1890.424293,72.20690134,-122.4614822,22.15905244
0.5972476757,22.2004894,72.35982213,-54.67727104,-0.06077798185,5040.440923,72.35982213,-121.5559637,22.2004894
0.597820931,22.2420121,72.5041697,-51.03614708,-0.05835745174,11802.33327,72.5041697,-116.7149035,22.2420121
0.5984171609,22.28528121,72.63389855,-44.60939596,-0.05383936647,18418.50369,72.63389855,-107.6787329,22.28528121
0.5990350483,22.33019445,72.73695556,-36.06054799,-0.04717557219,24584.03409,72.73695556,-94.35114439,22.33019445
0.5996797065,22.37710903,72.80481826,-26.4588099,-0.03834427387,30025.25231,72.80481826,-76.68854774,22.37710903
0.6003243647,22.42405423,72.83257489,-17.69191135,-0.02795119214,34242.89032,72.83257489,-55.90238428,22.42405423
0.6009690228,22.47100606,72.82701574,-11.17561233,-0.01641867759,37072.16079,72.82701574,-32.83735517,22.47100606
0.601613681,22.51794672,72.80029248,-7.963681491,-0.004213628733,38401.97604,72.80029248,-8.427257465,22.51794672
0.6022583392,22.56486746,72.76796906,-8.580686607,0.008170287845,38177.73525,72.76796906,16.34057569,22.56486746
0.602930501,22.61377079,72.74609181,-13.19820118,0.02073107035,36294.04667,72.74609181,41.4621407,22.61377079
0.6038549379,22.68102328,72.76505557,-24.6161171,0.03641730129,31100.22392,72.76505557,72.83460258,22.68102328
0.6044704873,22.72582915,72.82132694,-33.81860346,0.04525532248,26150.40935,72.82132694,90.51064497,22.72582915
0.605203598,22.77925454,72.9370634,-44.29828454,0.053564744,18983.53263,72.9370634,107.129488,22.77925454
0.6058131136,22.82374947,73.06850286,-51.12399344,0.0583358513,12229.73865,73.06850286,116.6717026,22.82374947
0.6064384875,22.86949305,73.22622077,-55.22388609,0.0610117259,4829.683822,73.22622077,122.0234518,22.86949305
0.6069789752,22.90910987,73.37074502,-55.90982088,0.06143186938,-1727.554706,73.37074502,122.8637388,22.90910987
0.6075194628,22.94880452,73.51255222,-53.85299722,0.06008280683,-8231.582335,73.51255222,120.1656137,22.94880452
0.6080603907,22.98860533,73.64220662,-49.2874413,0.05700156182,-14497.18971,73.64220662,114.0031236,22.98860533
0.6086337347,23.0308619,73.75719776,-42.30050311,0.05194691244,-20670.43573,73.75719776,103.8938249,23.0308619
0.6092366592,23.07536047,73.84598715,-33.54549409,0.04482590973,-26430.50583,73.84598715,89.65181946,23.07536047
0.6098533562,23.12091947,73.89937468,-24.3745383,0.03589112048,-31340.94577,73.89937468,71.78224096,23.12091947
0.6104700531,23.16650009,73.91686849,-16.33294354,0.02561816907,-35084.08898,73.91686849,51.23633815,23.16650009
0.6110867501,23.21208217,73.90570511,-10.61044958,0.01438874964,-37526.20161,73.90570511,28.77749929,23.21208217
0.611703447,23.25765139,73.87734636,-8.055587102,0.002618813355,-38579.21889,73.87734636,5.237626709,23.25765139
0.612320144,23.30320138,73.84579633,-9.052256394,-0.00925585118,-38202.84553,73.84579633,-18.51170236,23.30320138
0.6129948413,23.35301656,73.82470843,-14.03394976,-0.02184694453,-36165.89304,73.82470843,-43.69388905,23.35301656
0.6138334203,23.41492747,73.84185816,-24.5476799,-0.03609354616,-31395.10056,73.84185816,-72.18709232,23.41492747
0.6144342589,23.45930845,73.89427345,-33.56364995,-0.04483268778,-26609.76402,73.89427345,-89.66537556,23.45930845
0.615131737,23.51088228,74.00019744,-43.71936801,-0.05296981815,-19866.30685,74.00019744,-105.9396363,23.51088228
0.6158292151,23.56254546,74.14875271,-51.71423325,-0.05857638924,-12155.87152,74.14875271,-117.1527785,23.56254546
0.6165266932,23.61432328,74.32607532,-56.03372606,-0.06137936766,-3853.736088,74.32607532,-122.7587353,23.61432328
0.6170817544,23.65562009,74.47496155,-56.27239807,-0.0615112334,2905.484849,74.47496155,-123.0224668,23.65562009
0.6176368157,23.69699873,74.61910317,-53.62291225,-0.05977522487,9572.130507,74.61910317,-119.5504497,23.69699873
0.6182116748,23.73993357,74.75254355,-48.18229928,-0.05606681079,16160.2279,74.75254355,-112.1336216,23.73993357
0.6188078334,23.78453276,74.86417696,-40.39524151,-0.05029888723,22425.86171,74.86417696,-100.5977745,23.78453276
0.6194380885,23.831744,74.94546768,-30.98006378,-0.04229793549,28186.70124,74.94546768,-84.59587098,23.831744
0.6200683437,23.87899391,74.98702418,-21.78235351,-0.03264987565,32846.58424,74.98702418,-65.29975129,23.87899391
0.6206985988,23.92625838,74.99286793,-14.22305106,-0.02173033785,36231.14764,74.99286793,-43.4606757,23.92625838
0.621328854,23.97351766,74.97251717,-9.469950701,-0.009962420661,38214.0449,74.97251717,-19.92484132,23.97351766
0.6219591091,24.02075934,74.93952354,-8.260605997,0.002198909417,38719.76811,74.93952354,4.397818834,24.02075934
0.6225893642,24.0679803,74.90939651,-10.78998101,0.01428318828,37725.78402,74.90939651,28.56637656,24.0679803
0.6233748101,24.12681062,74.89849196,-18.55112085,0.02852638517,34441.72223,74.89849196,57.05277034,24.12681062
0.6241602559,24.18565102,74.93799452,-29.66534833,0.0410607516,29064.81299,74.93799452,82.1215032,24.18565102
0.6249457017,24.24454623,75.03865587,-41.49594243,0.0511216881,21907.91301,75.03865587,102.2433762,24.24454623
0.6257311475,24.30354374,75.19663212,-51.22190631,0.05809114527,13401.37917,75.19663212,116.1822905,24.30354374
0.6263983979,24.35377306,75.36305142,-56.06837978,0.0612564259,5502.993852,75.36305142,122.5128518,24.35377306
0.6269600727,24.39614469,75.51349535,-57.01804401,0.06184119636,-1349.142374,75.51349535,123.6823927,24.39614469
0.6275217475,24.43860068,75.66160466,-54.96604363,0.06050291288,-8155.815223,75.66160466,121.0058258,24.43860068
0.6280834223,24.48113664,75.79651989,-50.16946056,0.05728469844,-14702.01577,75.79651989,114.5693969,24.48113664
0.6286745165,24.52597573,75.9141506,-42.81664664,0.05198078266,-21085.5523,75.9141506,103.9615653,24.52597573
0.6292948732,24.57309908,76.002876,-33.6469734,0.04450024474,-26994.65658,76.002876,89.00048948,24.57309908
0.6299219535,24.6207768,76.05312192,-24.2502123,0.03523316328,-31927.0203,76.05312192,70.46632656,24.6207768
0.6305490339,24.66847411,76.06627313,-16.15760544,0.02460801651,-35630.68235,76.06627313,49.21603302,24.66847411
0.6311761142,24.71617006,76.05053539,-10.60657878,0.01303273926,-37968.93366,76.05053539,26.06547852,24.71617006
0.6318031945,24.76385028,76.01851687,-8.448346539,0.0009504589002,-38854.41439,76.01851687,1.9009178,24.76385028
0.6324302748,24.81150924,75.9853155,-10.01988714,-0.0111763376,-38251.32014,75.9853155,-22.3526752,24.81150924
0.6331460847,24.86589145,75.96547115,-16.05415323,-0.02447827928,-35768.31658,75.96547115,-48.95655857,24.86589145
0.6339819064,24.92939121,75.9906617,-27.23194829,-0.03842718316,-30601.12253,75.9906617,-76.85436632,24.92939121
0.6345611374,24.97342224,76.04773518,-36.10478643,-0.04661035956,-25751.53336,76.04773518,-93.22071911,24.97342224
0.6352513879,25.02595019,76.15956839,-46.06435936,-0.05433964151,-18860.92606,76.15956839,-108.679283,25.02595019
0.6359416384,25.07857001,76.31206589,-53.61652426,-0.05952542501,-11070.53871,76.31206589,-119.05085,25.07857001
0.6366318888,25.1313051,76.49062526,-57.35950084,-0.06192027513,-2752.458908,76.49062526,-123.8405503,25.1313051
0.637202504,25.17499568,76.64413274,-57.05913018,-0.06170765,4238.405471,76.64413274,-123.4153,25.17499568
0.6377731192,25.21877233,76.7903613,-53.7080029,-0.05951524594,11087.8773,76.7903613,-119.0304919,25.21877233
0.6383697288,25.26462722,76.9236804,-47.4141613,-0.05518512074,17857.04143,76.9236804,-110.3702415,25.26462722
0.6389860926,25.31207488,77.03032065,-38.84383928,-0.0486867901,24181.88476,77.03032065,-97.37358021,25.31207488
0.6396330397,25.36193486,77.10179995,-28.96871523,-0.03991929132,29839.58451,77.10179995,-79.83858264,25.36193486
0.6402799868,25.41182739,77.13148927,-19.77693848,-0.02951447491,34271.82287,77.13148927,-59.02894983,25.41182739
0.6409269339,25.46172715,77.1257218,-12.76323375,-0.01789835384,37304.35909,77.1257218,-35.79670767,25.46172715
0.641573881,25.51161485,77.0965759,-9.069254965,-0.005544545076,38817.66349,77.0965759,-11.08909015,25.51161485
0.6422208281,25.56148034,77.05992363,-9.30132816,0.007043917875,38749.80289,77.05992363,14.08783575,25.56148034
0.6428877636,25.61286407,77.0323653,-13.61674413,0.01972398537,37022.92773,77.0323653,39.44797074,25.61286407
0.6438143852,25.68424296,77.04207417,-25.00241599,0.03582025306,31968.00537,77.04207417,71.64050612,25.68424296
0.6444473242,25.73302036,77.09456178,-34.65570104,0.04517003742,26923.07427,77.09456178,90.34007484,25.73302036
0.6451876375,25.79013295,77.20745279,-45.60247817,0.05383393416,19674.20691,77.20745279,107.6678683,25.79013295
0.6459279508,25.84734776,77.36857701,-53.96930614,0.05960172717,11346.49948,77.36857701,119.2034543,25.84734776
0.6465702286,25.89709217,77.53405609,-57.73573809,0.06201001389,3600.251745,77.53405609,124.0200278,25.89709217
0.647107972,25.93882459,77.67911514,-57.89389329,0.06208930416,-3011.474984,77.67911514,124.1786083,25.93882459
0.6476457154,25.98063419,77.81951206,-55.28915258,0.06039869655,-9533.157104,77.81951206,120.7973931,25.98063419
0.6482114218,26.02469559,77.95182645,-49.89878566,0.05676513732,-16089.92939,77.95182645,113.5302746,26.02469559
0.6487975396,26.07041855,78.06282464,-42.16740543,0.05111823518,-22337.44801,78.06282464,102.2364704,26.07041855
0.6494209871,26.11911417,78.14459019,-32.70446698,0.04322490025,-28143.06054,78.14459019,86.44980051,26.11911417
0.6500444345,26.16784836,78.18667126,-23.37170913,0.03368448506,-32872.49662,78.18667126,67.36897012,26.16784836
0.650667882,26.2165972,78.19266018,-15.58037044,0.0228605942,-36352.65994,78.19266018,45.72118839,26.2165972
0.6512913295,26.26534074,78.17158631,-10.50833351,0.0111636773,-38456.62569,78.17158631,22.3273546,26.26534074
0.651914777,26.31406604,78.1365567,-8.925358791,-0.0009638088073,-39106.34453,78.1365567,-1.927617615,26.31406604
0.6525382245,26.36276909,78.10279144,-11.07849981,-0.01306296675,-38274.68989,78.10279144,-26.12593351,26.36276909
0.653304997,26.42264697,78.08503847,-18.34112396,-0.02722799447,-35262.56072,78.08503847,-54.45598894,26.42264697
0.6541440975,26.48817817,78.12000162,-30.23180152,-0.04092222503,-29636.94648,78.12000162,-81.84445007,26.48817817
0.6547873332,26.53844945,78.19461773,-40.20115484,-0.04956090524,-23897.66988,78.19461773,-99.12181048,26.53844945
0.6554825567,26.59285359,78.32111022,-49.78319852,-0.0566267167,-16591.01572,78.32111022,-113.2534334,26.59285359
0.6561777803,26.64735962,78.4853799,-56.37380334,-0.06100210182,-8480.882471,78.4853799,-122.0042036,26.64735962
0.6567834784,26.69494628,78.64608809,-58.69019301,-0.0624523007,-1067.022469,78.64608809,-124.9046014,26.69494628
0.6573891765,26.74263157,78.80869586,-57.45155662,-0.06164472268,6383.237596,78.80869586,-123.2894454,26.74263157
0.6579948745,26.79041234,78.95905196,-52.83971719,-0.05861005763,13595.46053,78.95905196,-117.2201153,26.79041234
0.6586201842,26.83982828,79.08831022,-45.24966776,-0.05326044815,20513.26292,79.08831022,-106.5208963,26.83982828
0.6592716507,26.89138537,79.18470265,-35.53236645,-0.04551627123,26868.81509,79.18470265,-91.03254246,26.89138537
0.6599288118,26.94344236,79.23784587,-25.47309236,-0.03578703658,32140.87517,79.23784587,-71.57407315,26.94344236
0.6605859728,26.99552026,79.24938565,-16.83900889,-0.02454348896,36054.87449,79.24938565,-49.08697791,26.99552026
0.6612431339,27.04759454,79.22894884,-11.07812293,-0.01225949411,38452.35869,79.22894884,-24.51898821,27.04759454
0.661900295,27.09964888,79.19150691,-9.159681131,0.0005488015529,39234.94509,79.19150691,1.097603106,27.09964888
0.6625574561,27.15167788,79.15488561,-11.41426147,0.0133431771,38367.05829,79.15488561,26.68635421,27.15167788
0.6633417648,27.21375002,79.1367584,-19.01484148,0.02784451431,35216.28431,79.1367584,55.68902863,27.21375002
0.6641935686,27.28117009,79.17440742,-31.27653524,0.04168529865,29387.78324,79.17440742,83.3705973,27.28117009
0.6648508159,27.33323087,79.25371697,-41.50397715,0.0503933124,23417.88396,79.25371697,100.7866248,27.33323087
0.6655529448,27.38892076,79.38527153,-51.04689878,0.05732880736,15929.94259,79.38527153,114.6576147,27.38892076
0.6662550736,27.44471706,79.55425831,-57.37497968,0.06148592376,7655.049038,79.55425831,122.9718475,27.44471706
0.6668541978,27.49242756,79.71445476,-59.29672603,0.06267796274,279.8931128,79.71445476,125.3559255,27.49242756
0.667453322,27.54023485,79.87502969,-57.71144599,0.06165290787,-7102.399609,79.87502969,123.3058157,27.54023485
0.6680524461,27.58813501,80.02227669,-52.84589091,0.05844862337,-14225.94635,80.02227669,116.8972467,27.58813501
0.6686737277,27.6378922,80.1482729,-45.0747563,0.05294888194,-21068.91786,80.1482729,105.8977639,27.6378922
0.6693229603,27.68995955,80.24118259,-35.254537,0.04506214826,-27352.67555,80.24118259,90.12429651,27.68995955
0.669972697,27.74211357,80.29054935,-25.28238062,0.03530548269,-32504.4697,80.29054935,70.61096539,27.74211357
0.6706224336,27.79428613,80.29933029,-16.80175202,0.02408834393,-36314.07902,80.29933029,48.17668786,27.79428613
0.6712721703,27.84645368,80.27720481,-11.20340709,0.01187276795,-38630.79054,80.27720481,23.74553591,27.84645368
0.6719219069,27.89860069,80.23890368,-9.408614731,-0.0008395413946,-39361.58712,80.23890368,-1.679082789,27.89860069
0.6725716436,27.95072225,80.20181348,-11.72051218,-0.0135263862,-38473.69664,80.20181348,-27.05277239,27.95072225
0.673365695,28.0143964,80.18302478,-19.53739026,-0.02823551256,-35238.83156,80.18302478,-56.47102511,28.0143964
0.6742058948,28.08177701,80.22027021,-31.74993127,-0.04190142532,-29440.51524,80.22027021,-83.80285064,28.08177701
0.6748675077,28.13487574,80.30034409,-42.10797384,-0.05067322156,-23398.3668,80.30034409,-101.3464431,28.13487574
0.6755655843,28.19097479,80.43164234,-51.63352906,-0.05756292923,-15918.44034,80.43164234,-115.1258585,28.19097479
0.6762636609,28.24717933,80.60007115,-57.94724517,-0.06169488665,-7661.003362,80.60007115,-123.3897733,28.24717933
0.6768624649,28.29549065,80.76052603,-59.87273291,-0.06288495738,-265.0945257,80.76052603,-125.7699148,28.29549065
0.677461269,28.34389886,80.92133046,-58.27168192,-0.06185297465,7137.40534,80.92133046,-123.7059493,28.34389886
0.678060073,28.3924,81.06871104,-53.37285546,-0.05863701949,14280.12867,81.06871104,-117.274039,28.3924
0.6786815886,28.44282634,81.19478457,-45.54494805,-0.05311451758,21147.35885,81.19478457,-106.2290352,28.44282634
0.6793313696,28.49561764,81.28751274,-35.65001195,-0.04519156921,27455.23111,81.28751274,-90.38313842,28.49561764
0.6799811507,28.54845494,81.33631421,-25.61283617,-0.03539844511,32621.46022,81.33631421,-70.79689021,28.54845494
0.6806309317,28.60131033,81.34427153,-17.08059448,-0.02414085119,36440.55231,81.34427153,-48.28170237,28.60131033
0.6812807127,28.6541601,81.32114399,-11.45265125,-0.01188252271,38761.46404,81.32114399,-23.76504543,28.6541601
0.6819304937,28.70698866,81.28177194,-9.655268348,0.0008730570153,39491.0292,81.28177194,1.746114031,28.70698866
0.6825802747,28.75979108,81.24366324,-11.99215961,0.0136018888,38596.49856,81.24366324,27.2037776,28.75979108
0.6833827398,28.82497548,81.22390093,-19.97783895,0.0285056592,35300.1518,81.22390093,57.01131841,28.82497548
0.6842237921,28.89329987,81.26126258,-32.31544132,0.04220034568,29448.85463,81.26126258,84.40069135,28.89329987
0.6848882945,28.94732252,81.34226513,-42.77976025,0.05100221175,23338.87056,81.34226513,102.0044235,28.94732252
0.6855872324,29.0042194,81.47464575,-52.33171748,0.05787022602,15805.40791,81.47464575,115.740452,29.0042194
0.6862861704,29.06122268,81.64417662,-58.61019674,0.06195888042,7497.920595,81.64417662,123.9177608,29.06122268
0.6868839373,29.11007455,81.80487449,-60.45863195,0.06309569732,86.73117397,81.80487449,126.1913946,29.11007455
0.6874817042,29.15902318,81.96558279,-58.76878892,0.06201071852,-7324.598248,81.96558279,124.021437,29.15902318
0.6880794711,29.20806441,82.11252957,-53.78112266,0.05874380141,-14470.31552,82.11252957,117.4876028,29.20806441
0.6887008888,29.2591313,82.2380118,-45.85762421,0.05316163465,-21345.61456,82.2380118,106.3232693,29.2591313
0.6893510946,29.31263514,82.32979189,-35.87178059,0.04516792228,-27658.82755,82.32979189,90.33584456,29.31263514
0.6900013005,29.36618427,82.3772864,-25.77542403,0.03530266517,-32820.58491,82.3772864,70.60533033,29.36618427
0.6906515063,29.41975058,82.38374696,-17.227481,0.02397503172,-36625.41896,82.38374696,47.95006343,29.41975058
0.6913017121,29.47331029,82.35914125,-11.63167603,0.01165218265,-38922.715,82.35914125,23.3043653,29.47331029
0.691951918,29.52684787,82.31852146,-9.910298567,-0.001159147648,-39620.10704,82.31852146,-2.318295296,29.52684787
0.6926021238,29.58035861,82.27957348,-12.35520312,-0.01393201405,-38686.00481,82.27957348,-27.86402811,29.58035861
0.693423055,29.64789313,82.25959865,-20.72539294,-0.02918681516,-35231.33051,82.25959865,-58.37363032,29.64789313
0.6942439861,29.71543344,82.29715556,-32.9227279,-0.04253396233,-29439.18076,82.29715556,-85.06792466,29.71543344
0.6949228048,29.77132401,82.38107175,-43.6666824,-0.05149157595,-23141.07843,82.38107175,-102.9831519,29.77132401
0.6956152877,29.82841494,82.51379325,-53.11069301,-0.05822889157,-15619.12563,82.51379325,-116.4577831,29.82841494
0.6963077706,29.88561122,82.68278182,-59.2733598,-0.06222071683,-7346.136647,82.68278182,-124.4414337,29.88561122
0.6969028405,29.93486067,82.84326312,-61.04979374,-0.06330791909,59.41948855,82.84326312,-126.6158382,29.93486067
0.6974979105,29.98420624,83.00347817,-59.29573489,-0.06218587001,7459.890842,83.00347817,-124.37174,29.98420624
0.6980929805,30.03364365,83.14976416,-54.25844019,-0.05889539232,14592.29354,83.14976416,-117.7907846,30.03364365
0.6987128899,30.08522943,83.27473031,-46.28065053,-0.05328891457,21467.70697,83.27473031,-106.5778291,30.08522943
0.6993620568,30.13932058,83.36589813,-36.23721929,-0.0452676174,27785.09545,83.36589813,-90.5352348,30.13932058
0.7000112236,30.19345651,83.41262059,-26.09263116,-0.03537668066,32949.48064,83.41262059,-70.75336132,30.19345651
0.7006603905,30.24760904,83.41819222,-17.50843093,-0.02402501511,36756.02837,83.41819222,-48.05003021,30.24760904
0.7013095573,30.30175438,83.39262122,-11.88980939,-0.01167924888,39054.6041,83.39262122,-23.35849777,30.30175438
0.7019587241,30.355877,83.35099661,-10.15989049,0.001154603595,39753.11992,83.35099661,2.30920719,30.355877
0.702607891,30.40997215,83.31103933,-12.61109404,0.01395040253,38820.03097,83.31103933,27.90080506,30.40997215
0.7034372308,30.47905326,83.28989467,-21.1391996,0.02940769558,35310.58163,83.28989467,58.81539116,30.47905326
0.7042665705,30.54813993,83.32801739,-33.57412817,0.04290362693,29410.27154,83.32801739,85.80725386,30.54813993
0.7049485089,30.60499077,83.4132801,-44.42655413,0.05187908488,23031.78881,83.4132801,103.7581698,30.60499077
0.7056451308,30.66314272,83.54814326,-53.91591274,0.05860162147,15411.69778,83.54814326,117.2032429,30.66314272
0.7063417527,30.72140222,83.71944079,-60.01323185,0.06252796993,7041.567957,83.71944079,125.0559399,30.72140222
0.7069348381,30.77110231,83.88003564,-61.64476739,0.06352008671,-369.7163189,83.88003564,127.0401734,30.77110231
0.7075279234,30.82089809,84.03978168,-59.74569271,0.06231029332,-7764.939183,84.03978168,124.6205866,30.82089809
0.7081210088,30.87078498,84.18510036,-54.58167204,0.05894224575,-14883.105,84.18510036,117.8844915,30.87078498
0.7087403294,30.92296263,84.30893416,-46.48332234,0.05325178845,-21752.08659,84.30893416,106.5035769,30.92296263
0.7093894338,30.97771941,84.39855626,-36.34386653,0.04514053926,-28057.90661,84.39855626,90.28107851,30.97771941
0.7100385382,31.03251985,84.44343245,-26.15545071,0.03516536794,-33199.88654,84.44343245,70.33073589,31.03251985
0.7106876426,31.08733565,84.44710225,-17.58634903,0.02373849762,-36974.2652,84.44710225,47.47699525,31.08733565
0.711336747,31.14214309,84.41982617,-12.03900353,0.01132946712,-39232.26397,84.41982617,22.65893424,31.14214309
0.7119858514,31.19692682,84.37691253,-10.42485839,-0.001553280158,-39883.37728,84.37691253,-3.106560317,31.19692682
0.7126349558,31.25168243,84.33623379,-13.01761205,-0.01438172366,-38897.8418,84.33623379,-28.76344732,31.25168243
0.7134922274,31.32396877,84.31529333,-22.10601471,-0.03034862723,-35152.77351,84.31529333,-60.69725447,31.32396877
0.7143494989,31.39626336,84.35930911,-35.21131972,-0.04415287194,-28864.20946,84.35930911,-88.30574389,31.39626336
0.7150521758,31.45557067,84.45330562,-46.37442895,-0.05314514334,-22112.95884,84.45330562,-106.2902867,31.45557067
0.7157636314,31.51570418,84.59765603,-55.71447985,-0.05962528044,-14165.23793,84.59765603,-119.2505609,31.51570418
0.7164750869,31.57595409,84.77749966,-61.24904722,-0.06313766931,-5498.569484,84.77749966,-126.2753386,31.57595409
0.7170519922,31.62490796,84.93504177,-62.16263312,-0.06367929454,1753.257161,84.93504177,-127.3585891,31.62490796
0.7176288975,31.6739524,85.08931513,-59.72257701,-0.06213214422,8943.469213,85.08931513,-124.2642884,31.6739524
0.7182058027,31.72308189,85.22792187,-54.25099767,-0.05854877993,15832.31563,85.22792187,-117.0975599,31.72308189
0.71881503,31.77504272,85.34588438,-45.97948439,-0.05268784807,22529.62884,85.34588438,-105.3756961,31.77504272
0.7194546582,31.8296615,85.42979756,-35.83883748,-0.04447383083,28664.07837,85.42979756,-88.94766165,31.8296615
0.7200942863,31.88431995,85.46996514,-25.7994274,-0.03447667348,33644.67635,85.46996514,-68.95334696,31.88431995
0.7207339145,31.93899097,85.47036619,-17.45785319,-0.02309734534,37280.01604,85.47036619,-46.19469068,31.93899097
0.7213735426,31.99365213,85.44127965,-12.14031685,-0.01078976237,39430.9848,85.44127965,-21.57952474,31.99365213
0.7220131708,32.04828915,85.39765711,-10.69588028,0.001956438577,40013.72644,85.39765711,3.912877154,32.04828915
0.7226527989,32.10289821,85.35676686,-13.36362411,0.01463394448,39001.8998,85.35676686,29.26788896,32.10289821
0.7235336315,32.17806973,85.33551563,-22.90699186,0.03104997723,35069.95344,85.33551563,62.09995446,32.17806973
0.7244144641,32.25325155,85.38416276,-36.57651221,0.04513037122,28459.04195,85.38416276,90.26074245,32.25325155
0.7251325026,32.31459358,85.4849516,-47.96543105,0.05412264398,21418.25214,85.4849516,108.245288,32.31459358
0.7258560761,32.3765005,85.63678154,-57.17747511,0.06041352296,13205.44864,85.63678154,120.8270459,32.3765005
0.7265796496,32.43853101,85.82325006,-62.24585729,0.06359400645,4299.518769,85.82325006,127.1880129,32.43853101
0.7271496207,32.48749231,85.97964791,-62.61008162,0.06379438027,-2896.700121,85.97964791,127.5887605,32.48749231
0.7277195919,32.53654186,86.1308573,-59.69873268,0.06195225625,-9995.36134,86.1308573,123.9045125,32.53654186
0.7283061749,32.58710631,86.26858647,-53.68020837,0.05798849579,-16955.91589,86.26858647,115.9769916,32.58710631
0.7289193779,32.64004307,86.38195586,-44.99344055,0.05175098229,-23604.70334,86.38195586,103.5019646,32.64004307
0.7295650038,32.69584096,86.45953513,-34.59353595,0.04312563113,-29650.07834,86.45953513,86.25126225,32.69584096
0.7302106296,32.75167441,86.4924276,-24.56898922,0.03273899242,-34480.97625,86.4924276,65.47798484,32.75167441
0.7308562554,32.80751591,86.48590712,-16.54325114,0.02101501528,-37908.63357,86.48590712,42.03003055,32.80751591
0.7315018812,32.86334347,86.45160636,-11.81635435,0.008429789363,-39799.34822,86.45160636,16.85957873,32.86334347
0.732147507,32.91914417,86.40564358,-11.1585769,-0.00450672507,-40077.39151,86.40564358,-9.013450139,32.91914417
0.7328039907,32.97585402,86.36552651,-14.78021834,-0.01747994021,-38690.83916,86.36552651,-34.95988041,32.97585402
0.7336575613,33.04956325,86.35211639,-24.90733861,-0.03318425634,-34460.87597,86.35211639,-66.36851268,33.04956325
0.734511132,33.12328911,86.40773261,-38.48038853,-0.04654157297,-27754.69357,86.40773261,-93.08314593,33.12328911
0.7352162646,33.18425196,86.51270038,-49.60234499,-0.05511401075,-20671.50272,86.51270038,-110.2280215,33.18425196
0.7359269681,33.24578892,86.66616629,-58.39171155,-0.06103132005,-12491.04101,86.66616629,-122.0626401,33.24578892
0.7366376716,33.30744748,86.85156939,-63.02844975,-0.06391636625,-3677.985744,86.85156939,-127.8327325,33.30744748
0.7371519652,33.35215107,86.99317414,-63.24017774,-0.06402427957,2840.160076,86.99317414,-128.0485591,33.35215107
0.7376662588,33.39692682,87.13061013,-60.75972249,-0.06246238755,9280.293208,87.13061013,-124.9247751,33.39692682
0.7382132303,33.4446217,87.26231221,-55.46406511,-0.05901691548,15852.92951,87.26231221,-118.033831,33.4446217
0.7387848415,33.49453533,87.37457704,-47.67452751,-0.05356266811,22210.51234,87.37457704,-107.1253362,33.49453533
0.7393975771,33.54810059,87.45846509,-37.89094015,-0.0458134977,28219.70188,87.45846509,-91.62699539,33.54810059
0.7400103126,33.60170478,87.50159072,-28.02792383,-0.03637817839,33185.16696,87.50159072,-72.75635677,33.60170478
0.7406230482,33.65532346,87.50668997,-19.52670659,-0.02560440258,36931.63362,87.50668997,-51.20880516,33.65532346
0.7412357838,33.7089356,87.48203367,-13.62863265,-0.0138869166,39327.7046,87.48203367,-27.77383319,33.7089356
0.7418485193,33.76252664,87.44022259,-11.19737673,-0.001653670949,40288.36632,87.44022259,-3.307341897,33.76252664
0.7424612549,33.81609064,87.39636294,-12.59514791,0.01064868839,39776.8724,87.39636294,21.29737678,33.81609064
0.7431949472,33.88019839,87.3626697,-18.99883377,0.02483975978,37249.56388,87.3626697,49.67951957,33.88019839
0.7439418064,33.94544592,87.37116014,-29.48441478,0.03795232633,32654.31384,87.37116014,75.90465267,33.94544592
0.7446957002,34.01133583,87.43813086,-41.85126093,0.04909507612,26186.53587,87.43813086,98.19015224,34.01133583
0.7454495941,34.07729944,87.56584699,-53.3015814,0.05750712821,18233.11821,87.56584699,115.0142564,34.07729944
0.7462034879,34.14337906,87.74300704,-61.31085021,0.06271008869,9240.769695,87.74300704,125.4201774,34.14337906
0.7468365924,34.19898306,87.91392045,-64.05330651,0.06437783056,1261.003403,87.91392045,128.7556611,34.19898306
0.747469697,34.254697,88.08737187,-62.67411434,0.06350341086,-6766.397355,88.08737187,127.0068217,34.254697
0.7481028015,34.31051699,88.24621576,-57.39427416,0.06012315588,-14517.95559,88.24621576,120.2463118,34.31051699
0.7487549678,34.36811353,88.37891222,-48.75994225,0.0541661115,-21889.11657,88.37891222,108.332223,34.36811353
0.7494356116,34.42830266,88.47216342,-37.83693287,0.04554322695,-28591.45139,88.47216342,91.0864539,34.42830266
0.7501162554,34.48853806,88.51490287,-26.9056132,0.03485361148,-33990.37219,88.51490287,69.70722296,34.48853806
0.7507968992,34.54878642,88.5117357,-17.93101833,0.02258263395,-37851.15515,88.5117357,45.16526789,34.54878642
0.751477543,34.60902044,88.47548718,-12.52592356,0.009284164085,-40006.75595,88.47548718,18.56832817,34.60902044
0.7521581868,34.66922373,88.42490839,-11.66674484,-0.004443175672,-40361.769,88.42490839,-8.886351345,34.66922373
0.7528388306,34.72939377,88.3813375,-15.52069224,-0.01798091771,-38895.43164,88.3813375,-35.96183543,34.72939377
0.7537204467,34.80730145,88.36764448,-26.32561848,-0.03423749947,-34390.11684,88.36764448,-68.47499894,34.80730145
0.7546020627,34.88522891,88.42964438,-40.64379828,-0.04791134255,-27248.23689,88.42964438,-95.8226851,34.88522891
0.7553248337,34.94918112,88.54342647,-52.01670671,-0.05644834148,-19790.7026,88.54342647,-112.896683,34.94918112
0.7560502083,35.01346487,88.70637605,-60.59748585,-0.0621050427,-11264.52899,88.70637605,-124.2100854,35.01346487
0.7566959406,35.07079993,88.87780734,-64.40697124,-0.06444177256,-3159.913476,88.87780734,-128.8835451,35.07079993
0.75725304,35.12035668,89.03194709,-64.26620583,-0.06433150074,3949.140705,89.03194709,-128.6630015,35.12035668
0.7578101394,35.16999796,89.17931641,-60.95527963,-0.06225344207,10932.03782,89.17931641,-124.5068841,35.16999796
0.7584012616,35.22275549,89.3159206,-54.43539038,-0.05797089177,17961.98014,89.3159206,-115.9417835,35.22275549
0.7590146644,35.27757754,89.42516351,-45.34622858,-0.05142493812,24590.48845,89.42516351,-102.8498762,35.27757754
0.7596606902,35.33537418,89.49693364,-34.67476694,-0.04248431707,30576.58429,89.49693364,-84.96863414,35.33537418
0.760306716,35.39320236,89.52325613,-24.58171651,-0.03180676759,35309.74859,89.52325613,-63.61353519,35.39320236
0.7609527418,35.45103435,89.51032642,-16.70324065,-0.01982830687,38605.22519,89.51032642,-39.65661375,35.45103435
0.7615987676,35.50884854,89.47067945,-12.31725006,-0.007035654523,40334.37563,89.47067945,-14.07130905,35.50884854
0.7622447934,35.56663295,89.42117048,-12.14046299,0.006052363378,40427.44488,89.42117048,12.10472676,35.56663295
0.7629183106,35.62684434,89.3789885,-16.47374813,0.01943788142,38773.85953,89.3789885,38.87576283,35.62684434
0.7637051544,35.69716355,89.36708779,-26.34279727,0.03395862032,34667.06546,89.36708779,67.91724064,35.69716355
0.7644935497,35.76763497,89.41595289,-39.15475082,0.04645895654,28426.64347,89.41595289,92.91791308,35.76763497
0.765281945,35.83817184,89.53297012,-51.82951928,0.05613829027,20426.47168,89.53297012,112.2765805,35.83817184
0.7660703403,35.90882536,89.70905237,-61.31921197,0.06239557336,11154.44547,89.70905237,124.7911467,35.90882536
0.7667306804,35.96812114,89.88528811,-65.1148751,0.06471235942,2828.284507,89.88528811,129.4247188,35.96812114
0.7673000028,36.01933986,90.0431658,-64.77292528,0.06447926507,-4461.023235,90.0431658,128.9585301,36.01933986
0.7678693252,36.0706468,90.19306003,-61.11502097,0.06218670834,-11601.89047,90.19306003,124.3734167,36.0706468
0.7684700873,36.12487378,90.32958368,-54.18281501,0.05761863045,-18721.14502,90.32958368,115.2372609,36.12487378
0.7690952892,36.1813836,90.43674456,-44.66717525,0.05069841053,-25410.02014,90.43674456,101.3968211,36.1813836
0.7697462461,36.24027827,90.50335062,-33.81565206,0.04143272,-31326.95012,90.50335062,82.86543999,36.24027827
0.770397203,36.2992011,90.52386603,-23.76723109,0.03044738441,-35941.76431,90.52386603,60.89476882,36.2992011
0.7710481599,36.35812407,90.50556263,-16.17522377,0.01819747758,-39071.8212,90.50556263,36.39495515,36.35812407
0.7716991168,36.41702605,90.46207607,-12.29013497,0.005188092992,-40592.93167,90.46207607,10.37618598,36.41702605
0.7723500737,36.47589628,90.41117792,-12.75808315,-0.008045149133,-40442.10771,90.41117792,-16.09029827,36.47589628
0.7730537502,36.53950045,90.36975047,-18.0696021,-0.02197154328,-38400.60656,90.36975047,-43.94308655,36.53950045
0.7738170686,36.60847615,90.36484075,-28.30409111,-0.03587011346,-34081.50524,90.36484075,-71.74022693,36.60847615
0.7746056473,36.679754,90.42212933,-41.37731415,-0.04808581764,-27560.67529,90.42212933,-96.17163528,36.679754
0.7753942261,36.75110421,90.54782489,-53.88925332,-0.05737876853,-19331.05451,90.54782489,-114.7575371,36.75110421
0.7761828048,36.82257732,90.73065879,-62.8282824,-0.06317113705,-9896.514628,90.73065879,-126.3422741,36.82257732
0.7768324394,36.88157559,90.90675719,-65.94299617,-0.06505039866,-1633.956522,90.90675719,-130.1007973,36.88157559
0.7774140131,36.93449165,91.06798819,-64.97710379,-0.06443856894,5829.544157,91.06798819,-128.8771379,36.93449165
0.7779955868,36.98749897,91.21839339,-60.58687978,-0.06167964064,13091.67567,91.21839339,-123.3592813,36.98749897
0.7786063196,37.04325123,91.35132494,-52.93709369,-0.05657545839,20233.69265,91.35132494,-113.1509168,37.04325123
0.7792460174,37.10172297,91.45192635,-42.79495884,-0.04901134978,26903.65769,91.45192635,-98.02269956,37.10172297
0.7798949275,37.16108771,91.50771334,-31.92181438,-0.03933150451,32557.96156,91.50771334,-78.66300903,37.16108771
0.7805438376,37.22047371,91.51831984,-22.23134686,-0.02802957409,36869.55144,91.51831984,-56.05914818,37.22047371
0.7811927478,37.27985412,91.49250485,-15.30789028,-0.01557021641,39669.12834,91.49250485,-31.14043281,37.27985412
0.7818416579,37.33920981,91.44496117,-12.28573485,-0.002463598669,40845.94352,91.44496117,-4.927197337,37.33920981
0.782490568,37.39853249,91.39393221,-13.66732745,0.01075402817,40350.3434,91.39393221,21.50805634,37.39853249
0.7832517607,37.46808379,91.35491065,-20.57445692,0.0256700415,37659.56671,91.35491065,51.34008299,37.46808379
0.7840129533,37.53762179,91.36256928,-31.69941555,0.03914770442,32824.9014,91.36256928,78.29540884,37.53762179
0.7847908848,37.60871914,91.43445116,-44.84930768,0.05063423885,25938.69316,91.43445116,101.2684777,37.60871914
0.7855688162,37.67989851,91.57231969,-56.74815414,0.05912246935,17484.50668,91.57231969,118.2449387,37.67989851
0.7863467477,37.75120666,91.76200595,-64.60506924,0.06409804737,7968.881289,91.76200595,128.1960947,37.75120666
0.786974745,37.8088869,91.93517868,-66.69605474,0.06533864113,-92.77034482,91.93517868,130.6772823,37.8088869
0.7876027424,37.86667668,92.10795573,-64.60410222,0.0640405369,-8147.368045,92.10795573,128.0810738,37.86667668
0.7882307397,37.92457034,92.2633074,-58.6570204,0.0602563145,-15875.82225,92.2633074,120.512629,37.92457034
0.788883356,37.98482674,92.39093898,-49.38671098,0.05385195182,-23238.03761,92.39093898,107.7039036,37.98482674
0.7895652464,38.04785933,92.47642649,-37.99695949,0.04476239059,-29876.78411,92.47642649,89.52478118,38.04785933
0.7902471367,38.11093239,92.50985805,-26.89850822,0.03363468532,-35150.09967,92.50985805,67.26937064,38.11093239
0.790929027,38.17401197,92.49732198,-18.0928971,0.02097538493,-38828.64976,92.49732198,41.95076986,38.17401197
0.7916109173,38.23707122,92.45316492,-13.16837698,0.007357457481,-40752.88633,92.45316492,14.71491496,38.23707122
0.7922928076,38.30009516,92.39741963,-13.01942568,-0.006604168346,-40836.73894,92.39741963,-13.20833669,38.30009516
0.7929962151,38.36507058,92.35120759,-17.9063151,-0.02069805,-38985.23476,92.35120759,-41.39610001,38.36507058
0.7937902981,38.438397,92.34007466,-28.39417888,-0.03538869051,-34630.4119,92.34007466,-70.77738102,38.438397
0.7945843811,38.5117391,92.39316776,-41.69003694,-0.04791126237,-28117.77355,92.39316776,-95.82252473,38.5117391
0.7953784642,38.58515151,92.51675628,-54.5665754,-0.05748208186,-19837.76942,92.51675628,-114.9641637,38.58515151
0.7961725472,38.65868697,92.69989636,-63.88237799,-0.06349773128,-10303.74487,92.69989636,-126.9954626,38.65868697
0.7968287982,38.71957914,92.87834224,-67.23273867,-0.06550802891,-1905.419758,92.87834224,-131.0160578,38.71957914
0.7974116964,38.77376536,93.04106382,-66.37201312,-0.06496331071,5632.189704,93.04106382,-129.9266214,38.77376536
0.7979945945,38.828044,93.19318434,-62.00915447,-0.0622440776,12974.13071,93.19318434,-124.4881552,38.828044
0.7986073404,38.88519065,93.32791209,-54.29447849,-0.05714485574,20208.72563,93.32791209,-114.2897115,38.88519065
0.7992491485,38.94512432,93.42979379,-44.00328334,-0.04954880676,26970.89919,93.42979379,-99.09761352,38.94512432
0.799899671,39.00592338,93.48592138,-32.93815718,-0.03980990175,32704.1538,93.48592138,-79.6198035,39.00592338
0.8005501936,39.06674366,93.49588825,-23.04698965,-0.02842118949,37081.84679,93.49588825,-56.84237898,39.06674366
0.8012007162,39.12755761,93.46853112,-15.95471671,-0.01585321994,39931.39542,93.46853112,-31.70643987,39.12755761
0.8018512387,39.18834556,93.41879674,-12.82879022,-0.002623085535,41139.67812,93.41879674,-5.24617107,39.18834556
0.8025017613,39.24909886,93.36530592,-14.19124522,0.01072534976,40655.58581,93.36530592,21.45069952,39.24909886
0.8032695174,39.32076227,93.32349194,-21.24436604,0.02588201185,37928.80079,93.32349194,51.76402369,39.32076227
0.8040372735,39.39241065,93.32988834,-32.64692261,0.0395638259,33005.68513,93.32988834,79.12765179,39.39241065
0.8048255814,39.46600754,93.40312799,-46.16984769,0.05124271756,25947.38003,93.40312799,102.4854351,39.46600754
0.8056138893,39.53968967,93.54492325,-58.31659611,0.05980618739,17278.02839,93.54492325,119.6123748,39.53968967
0.8063223144,39.60601868,93.71843491,-65.62895297,0.064400046,8550.860288,93.71843491,128.800092,39.60601868
0.806941757,39.66412442,93.88969363,-68.02046507,0.0658142151,551.9182047,93.88969363,131.6284302,39.66412442
0.8075611995,39.72233743,94.06192502,-66.28219881,0.06474006506,-7465.123375,94.06192502,129.4801301,39.72233743
0.8081806421,39.78065307,94.21842706,-60.68004194,0.06122013528,-15190.8024,94.21842706,122.4402706,39.78065307
0.8088259526,39.84149756,94.34932019,-51.65212394,0.05510012545,-22612.3872,94.34932019,110.2002509,39.84149756
0.8095019338,39.90530935,94.43961109,-40.29254162,0.04628055518,-29378.48111,94.43961109,92.56111036,39.90530935
0.8101779149,39.96916456,94.47787093,-28.97832038,0.03538988627,-34823.58482,94.47787093,70.77977254,39.96916456
0.8108538961,40.03302919,94.46902285,-19.71547114,0.02291578361,-38714.8379,94.46902285,45.83156722,40.03302919
0.8115298772,40.09687544,94.42630951,-14.14572626,0.00941336389,-40886.70196,94.42630951,18.82672778,40.09687544
0.8122058584,40.16068668,94.3689569,-13.26160587,-0.004518212482,-41244.60418,94.3689569,-9.036424963,40.16068668
0.812889177,40.22515241,94.31837301,-17.30127313,-0.01840606728,-39741.80097,94.31837301,-36.81213457,40.22515241
0.8136968932,40.30132249,94.29684819,-27.4491034,-0.03370840941,-35631.7745,94.29684819,-67.41681883,40.30132249
0.8145046094,40.37750026,94.34041821,-40.97261077,-0.04687694804,-29228.00584,94.34041821,-93.75389608,40.37750026
0.8153123255,40.45374319,94.45812917,-54.48108953,-0.05706008718,-20925.28219,94.45812917,-114.1201744,40.45374319
0.8161200417,40.53010849,94.64032317,-64.5688504,-0.06359397901,-11254.28702,94.64032317,-127.187958,40.53010849
0.8167896058,40.59353612,94.82201105,-68.47193838,-0.06593023135,-2650.206975,94.82201105,-131.8604627,40.59353612
0.817370492,40.64866453,94.9855337,-67.96287575,-0.06559919869,4922.702208,94.9855337,-131.1983974,40.64866453
0.8179513783,40.70388589,95.13973871,-63.88984698,-0.0630872269,12325.21789,95.13973871,-126.1744538,40.70388589
0.8185636555,40.76218172,95.27805737,-56.34323205,-0.05817446537,19668.75035,95.27805737,-116.3489307,40.76218172
0.8192035181,40.82318281,95.38390908,-46.08293989,-0.05075542187,26552.3622,95.38390908,-101.5108437,40.82318281
0.8198577957,40.88561281,95.44425019,-34.77149146,-0.04106572054,32477.86973,95.44425019,-82.13144108,40.88561281
0.8205120733,40.94806639,95.45676037,-24.5000147,-0.02965467195,37040.79208,95.45676037,-59.3093439,40.94806639
0.8211663509,41.01051462,95.42992344,-16.97507471,-0.01699939587,40059.27603,95.42992344,-33.99879173,41.01051462
0.8218206285,41.07293638,95.3787372,-13.44887642,-0.003626610376,41412.45165,95.3787372,-7.253220751,41.07293638
0.8224749062,41.1353218,95.32224069,-14.51554836,0.009907767131,41043.07148,95.32224069,19.81553426,41.1353218
0.8232278127,41.20707121,95.27648982,-21.17886488,0.02494992943,38500.92018,95.27648982,49.89985886,41.20707121
0.8239807193,41.27880187,95.27615024,-32.24915619,0.03862596314,33815.9017,95.27615024,77.25192628,41.27880187
0.824768946,41.35392229,95.3419551,-45.93409393,0.05064917611,26881.75448,95.3419551,101.2983522,41.35392229
0.8255571728,41.42912263,95.47795849,-58.52933788,0.05959523062,18279.53351,95.47795849,119.1904612,41.42912263
0.8263453996,41.5044537,95.66999913,-67.00401412,0.06490748891,8537.436975,95.66999913,129.8149778,41.5044537
0.8269848922,41.56569041,95.84817947,-69.39934787,0.06631137681,214.0092349,95.84817947,132.6227536,41.56569041
0.8276243849,41.62704217,96.02663184,-67.32934,0.06504378951,-8114.733538,96.02663184,130.087579,41.62704217
0.8282638775,41.68850314,96.18680556,-61.13051144,0.06115806993,-16106.30563,96.18680556,122.3161399,41.68850314
0.8289280836,41.75243669,96.31711107,-51.39468628,0.0545232371,-23702.89998,96.31711107,109.0464742,41.75243669
0.8296209102,41.81920035,96.40198544,-39.45961372,0.04509467203,-30516.42836,96.40198544,90.18934406,41.81920035
0.8303137368,41.88600357,96.43159301,-27.9053963,0.0335471095,-35890.66653,96.43159301,67.09421899,41.88600357
0.8310065634,41.95280988,96.41290324,-18.88163035,0.02042294664,-39584.89455,96.41290324,40.84589328,41.95280988
0.83169939,42.01959089,96.36183681,-14.06759912,0.00633500273,-41434.01144,96.36183681,12.67000546,42.01959089
0.8323922167,42.08633154,96.30032219,-14.36653676,-0.008060372814,-41352.34479,96.30032219,-16.12074563,42.08633154
0.833127314,42.15710148,96.25026223,-20.21439176,-0.02292082246,-39152.53787,96.25026223,-45.84164492,42.15710148
0.8338913839,42.2306365,96.24141747,-31.03866071,-0.03709036586,-34669.26198,96.24141747,-74.18073171,42.2306365
0.8346698138,42.30557066,96.29671817,-44.55569983,-0.04935686441,-28044.386,96.29671817,-98.71372882,42.30557066
0.8354482437,42.38057521,96.42167352,-57.44598797,-0.0587004239,-19723.56172,96.42167352,-117.4008478,42.38057521
0.8362266735,42.4557009,96.60476843,-66.68422031,-0.06455429128,-10203.25191,96.60476843,-129.1085826,42.4557009
0.8368815521,42.51902373,96.78560194,-69.99589713,-0.06650823567,-1688.697346,96.78560194,-133.0164713,42.51902373
0.8374706488,42.57608908,96.95211158,-68.95943585,-0.06586534002,6040.668479,96.95211158,-131.73068,42.57608908
0.8380597455,42.63324975,97.10685575,-64.25505498,-0.06297077511,13555.73121,97.10685575,-125.9415502,42.63324975
0.8386798382,42.69350884,97.2425096,-56.05500508,-0.05760438449,20949.32365,97.2425096,-115.208769,42.69350884
0.8393311279,42.75687713,97.34283844,-45.19748098,-0.04963142817,27845.42401,97.34283844,-99.26285634,42.75687713
0.8399824176,42.82029487,97.39400308,-33.81067589,-0.03959568851,33575.66155,97.39400308,-79.19137701,42.82029487
0.8406337073,42.88373024,97.39792815,-23.77173545,-0.02791548394,37911.77386,97.39792815,-55.83096788,42.88373024
0.841284997,42.94715521,97.36429368,-16.73336353,-0.01507424412,40682.83535,97.36429368,-30.14848825,42.94715521
0.8419362866,43.01055021,97.30894168,-13.85706023,-0.001601246288,41778.64687,97.30894168,-3.202492577,43.01055021
0.8425875763,43.07390732,97.25128988,-15.62582258,0.01194857189,41152.1865,97.25128988,23.89714378,43.07390732
0.8434229907,43.15512997,97.20546258,-24.17068564,0.02854647318,37864.12833,97.20546258,57.09294637,43.15512997
0.8442584051,43.2363386,97.22225364,-37.58171292,0.04321835724,31979.00868,97.22225364,86.43671448,43.2363386
0.8450938195,43.31759417,97.31897416,-52.27685475,0.05495291367,23878.22874,97.31897416,109.9058273,43.31759417
0.8459292338,43.39896323,97.49144046,-64.30492702,0.06293371935,14109.54679,97.49144046,125.8674387,43.39896323
0.8466308211,43.46742565,97.67723031,-69.92908224,0.0663190476,5111.568017,97.67723031,132.6380952,43.46742565
0.8472076489,43.52381581,97.84134796,-70.61682402,0.06669746601,-2494.322891,97.84134796,133.394932,43.52381581
0.8477844767,43.58029994,98.0006401,-67.6318077,0.0648886144,-10013.42424,98.0006401,129.7772288,43.58029994
0.8483704435,43.63776818,98.14363804,-61.24609776,0.06087514832,-17304.47257,98.14363804,121.7502966,43.63776818
0.848992819,43.69888926,98.26192454,-51.7299751,0.05436658259,-24390.75295,98.26192454,108.7331652,43.69888926
0.849644004,43.76290389,98.33941573,-40.30515518,0.04535058058,-30797.28417,98.33941573,90.70116116,43.76290389
0.850295189,43.82695273,98.36726486,-29.23880198,0.03445138003,-35920.06629,98.36726486,68.90276006,43.82695273
0.8509463739,43.89100487,98.35118018,-20.35286945,0.02212150059,-39556.51458,98.35118018,44.24300118,43.89100487
0.8515975589,43.95503558,98.30407548,-15.11032583,0.008869862249,-41563.32221,98.30407548,17.7397245,43.95503558
0.8522487439,44.0190303,98.24395595,-14.37960371,-0.004757995678,-41859.25652,98.24395595,-9.515991356,44.0190303
0.8529236094,44.08531231,98.18944475,-18.51797289,-0.0186786773,-40343.233,98.18944475,-37.35735459,44.08531231
0.8536751921,44.15909697,98.16337262,-28.09629143,-0.03319275566,-36543.00683,98.16337262,-66.38551132,44.15909697
0.8544267747,44.2328825,98.1943944,-40.88799545,-0.04588811031,-30705.79112,98.1943944,-91.77622061,44.2328825
0.8551783574,44.3067161,98.29164041,-54.11071038,-0.05605387921,-23141.29707,98.29164041,-112.1077584,44.3067161
0.8559299401,44.38064644,98.44974638,-64.87183684,-0.06311614391,-14265.91662,98.44974638,-126.2322878,44.38064644
0.8566815227,44.45471297,98.6499631,-70.80932841,-0.06667422539,-4580.63538,98.6499631,-133.3484508,44.45471297
0.8572743927,44.51324974,98.81938525,-71.18961825,-0.0668691579,3268.836627,98.81938525,-133.7383158,44.51324974
0.8578672627,44.57188575,98.98217104,-67.68203411,-0.0647480284,10999.15537,98.98217104,-129.4960568,44.57188575
0.8584796123,44.63254359,99.12792849,-60.49965125,-0.06020708545,18569.59307,99.12792849,-120.4141709,44.63254359
0.8591230595,44.69636655,99.24289061,-50.21225469,-0.05305005195,25768.71703,99.24289061,-106.1001039,44.69636655
0.8597869842,44.76228211,99.31168187,-38.39498038,-0.04341215575,32086.32297,99.31168187,-86.8243115,44.76228211
0.8604509089,44.82822606,99.32904866,-27.36172518,-0.03190093675,37016.15816,99.32904866,-63.8018735,44.82822606
0.8611148337,44.89416644,99.3028734,-18.99914841,-0.01901237933,40356.11895,99.3028734,-38.02475866,44.89416644
0.8617787584,44.96007904,99.2484567,-14.7384878,-0.005298853549,41969.14947,99.2484567,-10.5977071,44.96007904
0.8624426831,45.02595163,99.18591939,-15.31619766,0.00865297276,41786.09088,99.18591939,17.30594552,45.02595163
0.8631803241,45.09909385,99.13304915,-21.50306758,0.02370636056,39480.29211,99.13304915,47.41272113,45.09909385
0.8639179651,45.17221136,99.1226962,-32.26453313,0.03751573535,35067.30334,99.1226962,75.0314707,45.17221136
0.864672938,45.24706141,99.17394508,-45.66967673,0.04958933935,28597.18921,99.17394508,99.17867871,45.24706141
0.8654279108,45.32197568,99.29240352,-58.56601104,0.05890061641,20499.60583,99.29240352,117.8012328,45.32197568
0.8661828837,45.39700203,99.46797093,-68.10339875,0.06491799525,11228.48763,99.46797093,129.8359905,45.39700203
0.8668442617,45.46284755,99.65097169,-72.00582421,0.06720613022,2559.404444,99.65097169,134.4122604,45.46284755
0.8674283289,45.52109942,99.81831982,-71.39456112,0.06681936793,-5199.988442,99.81831982,133.6387359,45.52109942
0.8680123962,45.57944679,99.97553496,-67.04913966,0.06418674062,-12777.32992,99.97553496,128.3734812,45.57944679
0.8686297568,45.64121275,100.11577,-59.05218712,0.05906471936,-20302.96092,100.11577,118.1294387,45.64121275
0.8692773261,45.7060814,100.2214028,-48.19970413,0.05132117051,-27361.72886,100.2214028,102.642341,45.7060814
0.8699297338,45.77148781,100.2778651,-36.4911478,0.04138812096,-33325.71569,100.2778651,82.77624192,45.77148781
0.8705821414,45.83691474,100.2851458,-25.93721301,0.02973053858,-37899.99362,100.2851458,59.46107717,45.83691474
0.8712345491,45.90233263,100.2522981,-18.28103216,0.01683285759,-40903.84168,100.2522981,33.66571518,45.90233263
0.8718869567,45.96772012,100.1949798,-14.78931207,0.003228523257,-42217.95172,100.1949798,6.457046514,45.96772012
0.8725393643,46.03306753,100.1328872,-16.04766024,-0.01052045808,-41786.89727,100.1328872,-21.04091617,46.03306753
0.8733264998,46.11186251,100.0806516,-23.55912197,-0.02649202555,-38964.02198,100.0806516,-52.98405111,46.11186251
0.8741136353,46.19063567,100.081662,-35.90029525,-0.04087881728,-33770.78379,100.081662,-81.75763456,46.19063567
0.8749168729,46.27104967,100.1560135,-50.42956225,-0.05301411596,-26335.26339,100.1560135,-106.0282319,46.27104967
0.8757201105,46.35155399,100.3050369,-63.32355258,-0.0618042301,-17200.3678,100.3050369,-123.6084602,46.35155399
0.8764386267,46.42368813,100.4872672,-70.81531327,-0.06636240831,-8064.737179,100.4872672,-132.7248166,46.42368813
0.8770604526,46.48622833,100.6643396,-72.96023551,-0.06758954848,196.2487519,100.6643396,-135.179097,46.48622833
0.8776822785,46.54887938,100.8407657,-70.71514013,-0.06624153779,8446.132367,100.8407657,-132.4830756,46.54887938
0.8783041044,46.6116353,100.9988574,-64.42515287,-0.0623720136,16363.84047,100.9988574,-124.7440272,46.6116353
0.8789576018,46.67768268,101.1289633,-54.5110771,-0.05575484739,23994.61572,101.1289633,-111.5096948,46.67768268
0.8796399611,46.74672101,101.2135521,-42.32007558,-0.04635904901,30871.52959,101.2135521,-92.71809801,46.74672101
0.8803223205,46.81579795,101.2423594,-30.42870429,-0.03485034365,36335.23616,101.2423594,-69.70068729,46.81579795
0.8810046799,46.88487708,101.221873,-20.98361127,-0.02175329936,40148.7968,101.221873,-43.50659872,46.88487708
0.8816870392,46.95392956,101.1674449,-15.68978382,-0.007661120108,42147.49328,101.1674449,-15.32224022,46.95392956
0.8823693986,47.02293933,101.1005361,-15.50967612,0.006789613331,42242.25813,101.1005361,13.57922666,47.02293933
0.8830878908,47.09555693,101.0426843,-20.88696292,0.02167419459,40273.73289,101.0426843,43.34838918,47.09555693
0.8838256849,47.1700951,101.0226709,-31.24638851,0.03583101579,36133.99357,101.0226709,71.66203158,47.1700951
0.884563479,47.24463935,101.0614122,-44.36174527,0.04809409237,30049.8482,101.0614122,96.18818474,47.24463935
0.8853012731,47.31923635,101.1656397,-57.47967934,0.05780056273,22333.98067,101.1656397,115.6011255,47.31923635
0.8860390672,47.39393264,101.3282535,-67.83117662,0.06442153471,13397.28783,101.3282535,128.8430694,47.39393264
0.8867768613,47.46876476,101.5297641,-73.22445072,0.06759462841,3727.15803,101.5297641,135.1892568,47.46876476
0.8873193421,47.52388529,101.6867466,-73.31432637,0.06761978138,-3541.698114,101.6867466,135.2395628,47.52388529
0.8878618229,47.57908986,101.8376388,-70.07212066,0.06568311219,-10702.49231,101.8376388,131.3662244,47.57908986
0.8884456726,47.63859065,101.9801512,-63.30103857,0.06147471925,-18046.64219,101.9801512,122.9494385,47.63859065
0.8890559964,47.70086861,102.0948976,-53.56095719,0.05487687904,-25060.48377,102.0948976,109.7537581,47.70086861
0.8896993011,47.76657332,102.1691549,-41.89887066,0.04575799918,-31445.82506,102.1691549,91.51599835,47.76657332
0.8903426058,47.83230965,102.193486,-30.65323706,0.0347849718,-36551.99892,102.193486,69.56994359,47.83230965
0.8909859106,47.89804693,102.1737528,-21.6311782,0.0224023601,-40182.38691,102.1737528,44.80472021,47.89804693
0.8916292153,47.96376065,102.1228715,-16.28246668,0.009108828044,-42197.71412,102.1228715,18.21765609,47.96376065
0.89227252,48.02943633,102.0587482,-15.47188956,-0.00456173056,-42518.56136,102.0587482,-9.123461119,48.02943633
0.8929447806,48.09802537,101.999327,-19.61997971,-0.01865448651,-41025.07567,101.999327,-37.30897303,48.09802537
0.8936718959,48.17217657,101.9682534,-29.01823255,-0.03296746032,-37370.85029,101.9682534,-65.93492064,48.17217657
0.8943990112,48.24632398,101.9915306,-41.65140001,-0.04559074167,-31767.28117,101.9915306,-91.18148334,48.24632398
0.8951568499,48.32364762,102.0836805,-55.48112148,-0.05623649246,-24152.28913,102.0836805,-112.4729849,48.32364762
0.8959146886,48.40106641,102.2406095,-66.95476412,-0.06371816326,-15146.01438,102.2406095,-127.4363265,48.40106641
0.8966725273,48.47862309,102.4434234,-73.5125965,-0.0676039601,-5264.691883,102.4434234,-135.2079202,48.47862309
0.8972682502,48.53970233,102.6162301,-74.21425466,-0.06798044252,2743.844834,102.6162301,-135.960885,48.53970233
0.897863973,48.60088361,102.7832805,-70.85149033,-0.06597950689,10650.70485,102.7832805,-131.9590138,48.60088361
0.8984690438,48.663121,102.9312722,-63.76383187,-0.06158848203,18287.82037,102.9312722,-123.1769641,48.663121
0.8991123211,48.72937505,103.0502925,-53.31603304,-0.05449552149,25665.03538,103.0502925,-108.991043,48.72937505
0.8997748649,48.79767714,103.1220512,-41.17448877,-0.04488285616,32159.49413,103.1220512,-89.76571232,48.79767714
0.9004374087,48.86600902,103.1407371,-29.68531637,-0.0333417343,37267.82405,103.1407371,-66.68346861,48.86600902
0.9010999525,48.93433752,103.1137921,-20.80485508,-0.02036758643,40781.77889,103.1137921,-40.73517285,48.93433752
0.9017624964,49.00263707,103.0563985,-16.04597632,-0.006514123664,42558.28627,103.0563985,-13.02824733,49.00263707
0.9024250402,49.07089404,102.9889117,-16.22638648,0.007628732621,42522.21211,102.9889117,15.25746524,49.07089404
0.9031491312,49.14544422,102.9296303,-22.03150055,0.02270527749,40406.13264,102.9296303,45.41055498,49.14544422
0.9038732222,49.21996465,102.9105502,-32.55070259,0.03663544943,36213.7228,102.9105502,73.27089886,49.21996465
0.9045973133,49.29449153,102.9494974,-45.67114006,0.04870024214,30143.22681,102.9494974,97.40048428,49.29449153
0.9053315784,49.37011833,103.0544417,-58.90782026,0.05838528151,22378.34779,103.0544417,116.770563,49.37011833
0.9060658435,49.44584453,103.2179227,-69.32094879,0.06498322643,13401.27966,103.2179227,129.9664529,49.44584453
0.9068001087,49.52170655,103.4202783,-74.72609399,0.0681362191,3697.183992,103.4202783,136.2724382,49.52170655
0.9074045692,49.58427334,103.5964789,-74.57787494,0.06802000354,-4463.28585,103.5964789,136.0400071,49.58427334
0.9080090298,49.6469446,103.7631673,-70.26973683,0.0654553071,-12455.66325,103.7631673,130.9106142,49.6469446
0.9086464513,49.71313463,103.9114192,-61.9141935,0.06020485153,-20379.78299,103.9114192,120.4097031,49.71313463
0.909312594,49.78239396,104.0214118,-50.43294058,0.05215617127,-27771.82394,104.0214118,104.3123425,49.78239396
0.9099787368,49.85170882,104.077524,-38.10397904,0.04184032554,-33945.57822,104.077524,83.68065107,49.85170882
0.9106448796,49.92104316,104.0808722,-27.05237381,0.0297076045,-38643.99665,104.0808722,59.415209,49.92104316
0.9113110224,49.99036475,104.0416286,-19.17955725,0.01628338381,-41674.05898,104.0416286,32.56676762,49.99036475
0.9119771651,50.05965071,103.9772677,-15.84267912,0.002146123825,-42910.51338,103.9772677,4.29224765,50.05965071
0.9126433079,50.12889142,103.9095841,-17.62630429,-0.01209565071,-42298.48986,103.9095841,-24.19130142,50.12889142
0.9135398262,50.22201814,103.8522684,-27.47248809,-0.03034774893,-38599.87447,103.8522684,-60.69549786,50.22201814
0.9142262686,50.29330617,103.8595095,-39.07335422,-0.0428012268,-33685.0008,103.8595095,-85.6024536,50.29330617
0.9150030933,50.37401175,103.9362677,-53.58586757,-0.05449702615,-26234.54071,103.9362677,-108.9940523,50.37401175
0.9157799179,50.45480538,104.0846358,-66.31157696,-0.06297508943,-17198.40576,104.0846358,-125.9501789,50.45480538
0.9165567426,50.53573689,104.2871034,-74.27186058,-0.06772166403,-7118.096333,104.2871034,-135.4433281,50.53573689
0.9171841671,50.60122613,104.4697158,-75.89859152,-0.06862664258,1367.279259,104.4697158,-137.2532852,50.60122613
0.9178115916,50.66682991,104.6490014,-72.92258484,-0.06686988944,9794.611411,104.6490014,-133.7397789,50.66682991
0.9184390161,50.73254024,104.8064687,-65.80819435,-0.06252229465,17830.28291,104.8064687,-125.0445893,50.73254024
0.919103637,50.80224145,104.9327347,-54.99082406,-0.05528477616,25567.77613,104.9327347,-110.5695523,50.80224145
0.9197866507,50.87394092,105.00789,-42.29228857,-0.04535699099,32349.21521,105.00789,-90.71398198,50.87394092
0.9204696643,50.94567197,105.0257621,-30.27265459,-0.03335875062,37648.99472,105.0257621,-66.71750124,50.94567197
0.921152678,51.01739776,104.9946667,-21.10484865,-0.01983726613,41237.79011,104.9946667,-39.67453226,51.01739776
0.9218356916,51.08909026,104.9317387,-16.44718167,-0.005405499493,42960.47558,104.9317387,-10.81099899,51.08909026
0.9225187053,51.16073533,104.8598557,-17.15050937,0.009283735923,42739.25481,104.8598557,18.56747185,51.16073533
0.9232925318,51.24185253,104.7984597,-24.24712574,0.02539744485,40146.19508,104.7984597,50.79488969,51.24185253
0.9240663584,51.32294022,104.7879505,-36.44905165,0.04004522165,35195.17429,104.7879505,80.0904433,51.32294022
0.9248410006,51.4041317,104.8477518,-50.97484989,0.0523739999,28147.61128,104.8477518,104.7479998,51.4041317
0.9256156428,51.48539833,104.9810167,-64.45266918,0.06163095875,19410.81966,104.9810167,123.2619175,51.48539833
0.926390285,51.56679264,105.1737552,-73.74754394,0.0672588175,9502.386315,105.1737552,134.517635,51.56679264
0.927044955,51.63570789,105.3626514,-76.69905344,0.06892749632,656.6996009,105.3626514,137.8549926,51.63570789
0.927699625,51.70474847,105.5529149,-74.59826,0.06768605816,-8213.629266,105.5529149,135.3721163,51.70474847
0.928354295,51.77390811,105.7229946,-67.80350735,0.06358949279,-16725.31629,105.7229946,127.1789856,51.77390811
0.9290375737,51.84619583,105.8593922,-56.9513604,0.05646227867,-24835.31608,105.8593922,112.9245573,51.84619583
0.9297455795,51.92117811,105.9427615,-43.74788913,0.04635694123,-32019.83135,105.9427615,92.71388245,51.92117811
0.9304535852,51.99619722,105.9639279,-31.09291029,0.03397840243,-37627.80745,105.9639279,67.95680487,51.99619722
0.931161591,52.07121153,105.9315897,-21.44203655,0.01993337645,-41398.49192,105.9315897,39.8667529,52.07121153
0.9318695967,52.14618938,105.8647878,-16.66873207,0.004905830236,-43156.92701,105.8647878,9.811660472,52.14618938
0.9325776025,52.22111521,105.7892366,-17.70923668,-0.01037408587,-42817.70076,105.7892366,-20.74817173,52.22111521
0.9333955663,52.30761842,105.7268652,-25.85613094,-0.02736766725,-39828.7501,105.7268652,-54.7353345,52.30761842
0.9342135301,52.39409339,105.7251234,-39.42025206,-0.04259524653,-34224.58391,105.7251234,-85.19049306,52.39409339
0.935031494,52.48059934,105.8043108,-54.93157448,-0.05505171079,-26348.83937,105.8043108,-110.1034216,52.48059934
0.9358494578,52.56720371,105.9638735,-68.39234371,-0.06390635997,-16707.76524,105.9638735,-127.8127199,52.56720371
0.9365747215,52.64412291,106.1557582,-75.77777583,-0.06825984734,-7196.186493,106.1557582,-136.5196947,52.64412291
0.9371926908,52.70977963,106.3371658,-77.45272631,-0.06918480465,1227.926155,106.3371658,-138.3696093,52.70977963
0.9378106601,52.7755485,106.5156229,-74.58690026,-0.06750629787,9601.035042,106.5156229,-135.0125957,52.7755485
0.9384286294,52.84142205,106.6731184,-67.61451994,-0.06329013206,17601.27757,106.6731184,-126.5802641,52.84142205
0.9390861034,52.91160153,106.801077,-56.87068509,-0.0562022234,25364.94376,106.801077,-112.4044468,52.91160153
0.9397640031,52.98403157,106.8788166,-44.09510419,-0.04640467006,32226.64,106.8788166,-92.80934012,52.98403157
0.9404419027,53.05649468,106.899026,-31.85625706,-0.03452044461,37633.30269,106.899026,-69.04088922,53.05649468
0.9411198024,53.12895386,106.8693251,-22.33415752,-0.02108376187,41354.55448,106.8693251,-42.16752374,53.12895386
0.9417977021,53.20138043,106.8061901,-17.22526146,-0.006694773255,43232.30391,106.8061901,-13.38954651,53.20138043
0.9424756017,53.27375911,106.7320375,-17.44746721,0.008005469648,43183.74731,106.7320375,16.0109393,53.27375911
0.9432212326,53.35331552,106.6668293,-23.79383376,0.02375132164,40902.28909,106.6668293,47.50264328,53.35331552
0.9439668635,53.43283856,106.6467172,-35.2098601,0.03822603588,36392.30409,106.6467172,76.45207176,53.43283856
0.9447124943,53.51236983,106.6910543,-49.26620011,0.0506372159,29879.90918,106.6910543,101.2744318,53.51236983
0.9454581252,53.59196038,106.8053749,-62.94850592,0.06029871363,21707.6769,106.8053749,120.5974273,53.59196038
0.9462037561,53.67165973,106.9801136,-73.30625512,0.06667193725,12321.46578,106.9801136,133.3438745,53.67165973
0.946949387,53.75150518,107.1926072,-78.09930388,0.06940010191,2245.669572,107.1926072,138.8002038,53.75150518
0.9475813053,53.81930145,107.3794002,-76.99615164,0.06873963297,-6411.601987,107.3794002,137.4792659,53.81930145
0.9482132237,53.88721204,107.5512129,-71.30656403,0.06537617091,-14806.60873,107.5512129,130.7523418,53.88721204
0.9488756138,53.95850332,107.6960863,-61.40341906,0.05909887448,-22960.70824,107.6960863,118.197749,53.95850332
0.9495705839,54.03338647,107.7942194,-48.52217439,0.04978515491,-30430.91699,107.7942194,99.57030982,54.03338647
0.950265554,54.10831656,107.8311212,-35.47600402,0.03811830705,-36453.05668,107.8311212,76.2366141,54.10831656
0.9509605241,54.1832522,107.8119393,-24.70669305,0.02465075567,-40756.4496,107.8119393,49.30151134,54.1832522
0.9516554942,54.25815927,107.7522759,-18.22811763,0.01001539772,-43149.37959,107.7522759,20.03079543,54.25815927
0.9523504642,54.33301737,107.6752799,-17.25823721,-0.005102527181,-43522.80766,107.6752799,-10.20505436,54.33301737
0.9530645921,54.40988508,107.6058652,-22.20116422,-0.0203952381,-41778.81007,107.6058652,-40.7904762,54.40988508
0.9538001528,54.48902037,107.5726134,-32.57676733,-0.03509535611,-37804.79763,107.5726134,-70.19071223,54.48902037
0.9545357136,54.56815225,107.5992344,-46.18317043,-0.04795489176,-31811.04056,107.5992344,-95.90978352,54.56815225
0.9552939783,54.64977403,107.6985991,-60.59036708,-0.05855559025,-23839.83327,107.6985991,-117.1111805,54.64977403
0.956052243,54.73149732,107.8645959,-72.20915806,-0.06585736066,-14491.45272,107.8645959,-131.7147213,54.73149732
0.9568105077,54.81336543,108.0759859,-78.44329392,-0.06943764007,-4303.751766,108.0759859,-138.8752801,54.81336543
0.9573596463,54.87275906,108.2397951,-78.74855024,-0.06958087231,3262.613318,108.2397951,-139.1617446,54.87275906
0.9579087849,54.93224163,108.3976644,-75.43403984,-0.0676554151,10726.43986,108.3976644,-135.3108302,54.93224163
0.9584927191,54.99558308,108.5449137,-68.38983046,-0.06340616215,18297.43052,108.5449137,-126.8123243,54.99558308
0.9591105965,55.06268959,108.6641984,-58.02865163,-0.05660040133,25620.93733,108.6641984,-113.2008027,55.06268959
0.9597549407,55.1327337,108.738966,-45.68995044,-0.04725105579,32219.2246,108.738966,-94.50211158,55.1327337
0.960399285,55.2028088,108.7607427,-33.75403763,-0.03598158827,37502.13046,108.7607427,-71.96317655,55.2028088
0.9610436292,55.27288229,108.7356105,-24.14445212,-0.02325008134,41266.32197,108.7356105,-46.50016269,55.27288229
0.9616879734,55.34292794,108.6771821,-18.40946098,-0.009570664949,43367.66614,108.6771821,-19.1413299,55.34292794
0.9623323177,55.41293022,108.6044186,-17.47863613,0.004505953172,43723.56159,108.6044186,9.011906343,55.41293022
0.9630110651,55.48662073,108.5356915,-21.86245246,0.01913945673,42190.7061,108.5356915,38.27891347,55.48662073
0.9637111099,55.56258468,108.4976992,-31.33858236,0.03333943161,38619.88891,108.4976992,66.67886322,55.56258468
0.9644111547,55.63853961,108.5124366,-44.08225163,0.04595689774,33181.94906,108.5124366,91.91379548,55.63853961
0.9651448702,55.71818284,108.5948182,-58.31745226,0.05681562762,25749.47443,108.5948182,113.6312552,55.71818284
0.9658785858,55.79791116,108.7426923,-70.52861416,0.06467915332,16925.36678,108.7426923,129.3583066,55.79791116
0.9666123013,55.87776729,108.9394341,-78.15909633,0.06912147937,7182.792918,108.9394341,138.2429587,55.87776729
0.9672346172,55.94561935,109.1247566,-79.81537787,0.07002306286,-1406.225796,109.1247566,140.0461257,55.94561935
0.967856933,56.01358669,109.3066393,-76.75613609,0.06825248422,-9936.419714,109.3066393,136.5049684,56.01358669
0.9684792488,56.08166122,109.4662851,-69.45126603,0.06388015106,-18075.11997,109.4662851,127.7603021,56.08166122
0.9691435219,56.15442221,109.5948581,-58.23391941,0.05653703099,-25979.21286,109.5948581,113.074062,56.15442221
0.9698221842,56.22882899,109.6700382,-45.1057344,0.04651301376,-32876.89294,109.6700382,93.02602752,56.22882899
0.9705008464,56.30326662,109.6862643,-32.62596118,0.03439321311,-38287.29648,109.6862643,68.78642623,56.30326662
0.9711795086,56.3776973,109.651794,-23.0219338,0.02072344914,-41979.90586,109.651794,41.44689828,56.3776973
0.9718581708,56.45209207,109.583899,-18.00829623,0.006115375183,-43797.78389,109.583899,12.23075037,56.45209207
0.9725368331,56.52643589,109.5058026,-18.48844972,-0.008778998624,-43660.43194,109.5058026,-17.55799725,56.52643589
0.9733069245,56.61073633,109.4364832,-25.56045564,-0.02518421419,-41138.12235,109.4364832,-50.36842838,56.61073633
0.974077016,56.69500134,109.418398,-38.00575924,-0.04015159217,-36224.44597,109.418398,-80.30318434,56.69500134
0.9748471075,56.77927924,109.4720932,-53.00121323,-0.05280665604,-29182.83576,109.4720932,-105.6133121,56.77927924
0.9756171989,56.86362803,109.6017091,-67.11842026,-0.062402323,-20409.86869,109.6017091,-124.804646,56.86362803
0.9763872904,56.94810212,109.7939224,-77.11179511,-0.06836733437,-10418.18504,109.7939224,-136.7346687,56.94810212
0.9770547135,57.02144569,109.9899185,-80.62039248,-0.07031868859,-1233.052628,109.9899185,-140.6373772,57.02144569
0.9777221367,57.09492242,110.1888607,-78.66990237,-0.06918456689,8003.671353,110.1888607,-138.3691338,57.09492242
0.9783895599,57.16852621,110.3669013,-71.60678847,-0.06501742908,16876.42286,110.3669013,-130.0348582,57.16852621
0.9790864363,57.24549085,110.5086903,-60.12314131,-0.05763463906,25327.66701,110.5086903,-115.2692781,57.24549085
0.9798048706,57.32491826,110.5926252,-46.17092716,-0.04715738899,32757.01225,110.5926252,-94.31477798,57.32491826
0.980523305,57.40438186,110.6099412,-32.84156174,-0.03430005902,38525.79425,110.6099412,-68.60011803,57.40438186
0.9812417393,57.4838365,110.5703522,-22.7961807,-0.01971130313,42358.7239,110.5703522,-39.42260626,57.4838365
0.9819601736,57.56324828,110.4948898,-18.04118945,-0.004122131373,44073.29882,110.4948898,-8.244262746,57.56324828
0.9826786079,57.64260128,110.4117338,-19.53742528,0.01168812551,43583.54843,110.4117338,23.37625102,57.64260128
0.9835842847,57.74256219,110.3416808,-29.78240127,0.03070866659,39857.36066,110.3416808,61.41733318,57.74256219
0.984279175,57.81923453,110.3425306,-42.12429923,0.04373022985,34798.82783,110.3425306,87.46045969,57.81923453
0.9850504614,57.90436329,110.4154417,-57.37604479,0.05575263554,27240.54355,110.4154417,111.5052711,57.90436329
0.9858217477,57.98957781,110.5633647,-70.86806904,0.064531151,18057.53407,110.5633647,129.062302,57.98957781
0.986593034,58.07493018,110.7686819,-79.48593856,0.06954067005,7791.913841,110.7686819,139.0813401,58.07493018
0.987233371,58.14592056,110.9608193,-81.46290773,0.07061367367,-1111.884854,110.9608193,141.2273473,58.14592056
0.987873708,58.21703419,111.1499958,-78.36453675,0.06883405771,-9965.577113,111.1499958,137.6681154,58.21703419
0.988514045,58.28826237,111.3153728,-70.69454362,0.06427681638,-18403.38299,111.3153728,128.5536328,58.28826237
0.9891950117,58.36411202,111.4461716,-58.91667798,0.05659626174,-26537.29318,111.4461716,113.1925235,58.36411202
0.9898840044,58.44092635,111.5190857,-45.34541684,0.04621026201,-33522.90915,111.5190857,92.42052401,58.44092635
0.9905729972,58.51776949,111.5304812,-32.60245145,0.03367887419,-38946.5104,111.5304812,67.35774837,58.51776949
0.99126199,58.59460172,111.489862,-23.03027281,0.01958335965,-42570.43614,111.489862,39.1667193,58.59460172
0.9919509828,58.67139329,111.4162581,-18.38965031,0.00457334182,-44236.03497,111.4162581,9.14668364,58.67139329
0.9926399756,58.74812989,111.3347524,-19.54394965,-0.01066093842,-43866.59734,111.3347524,-21.32187685,58.74812989
0.9934902372,58.84275919,111.2625358,-28.58131966,-0.02872787986,-40624.94521,111.2625358,-57.45575972,58.84275919
0.9941621938,58.91751685,111.2535268,-40.15715802,-0.04164956627,-36007.55133,111.2535268,-83.29913255,58.91751685
0.994895388,58.99910307,111.3084504,-54.7284196,-0.05364427951,-29136.61967,111.3084504,-107.288559,58.99910307
0.9956285822,59.08075548,111.4332983,-68.37585283,-0.06282027537,-20696.97484,111.4332983,-125.6405507,59.08075548
0.9963617765,59.16252185,111.6161798,-78.24967594,-0.06868186079,-11135.97609,111.6161798,-137.3637216,59.16252185
0.9970949707,59.24443651,111.8330219,-82.28284986,-0.07091126174,-971.8865732,111.8330219,-141.8225235,59.24443651
0.9977421587,59.31687702,112.027767,-80.28546505,-0.06976054809,8058.003652,112.027767,-139.5210962,59.31687702
0.9983893467,59.38943824,112.2025401,-73.39535707,-0.06573349745,16742.99713,112.2025401,-131.4669949,59.38943824
0.9990710217,59.46597519,112.344382,-62.10626618,-0.05857130335,25120.31454,112.344382,-117.1426067,59.46597519
0.9997761896,59.54523115,112.4307126,-48.23275287,-0.04836061773,32560.35107,112.4307126,-96.72123545,59.54523115
1.000201616,59.59306726,112.4508683,-39.89147711,-0.0410256965,36306.98575,112.4508683,-82.05139299,59.59306726
1.000627042,59.64090703,112.4482687,-32.29293384,-0.03296036889,39412.35391,112.4482687,-65.92073778,59.64090703
1.001178493,59.7029091,112.415998,-24.42109522,-0.02165560445,42382.96135,112.415998,-43.31120891,59.7029091
1.001729943,59.76488639,112.3603252,-19.630889,-0.009704543296,44089.60748,112.3603252,-19.40908659,59.76488639
1.002281725,59.82686663,112.2937523,-18.49236925,0.002544389151,44484.91295,112.2937523,5.088778302,59.82686663
1.002878727,59.89388525,112.2255011,-21.5270705,0.0157027326,43420.53588,112.2255011,31.40546521,59.89388525
1.003640162,59.97931347,112.170136,-31.11055326,0.03163360065,39868.21804,112.170136,63.26720129,59.97931347
1.004401597,60.06472135,112.175709,-45.04371432,0.04576952321,34033.14979,112.175709,91.53904642,60.06472135
1.005163032,60.15016169,112.2564132,-60.19843442,0.05729765597,26232.52162,112.2564132,114.5953119,60.15016169
1.005924467,60.23569176,112.4094808,-73.15647005,0.06554998117,16907.43686,112.4094808,131.0999623,60.23569176
1.006685902,60.32136031,112.6157457,-80.98772002,0.07004672041,6600.793549,112.6157457,140.0934408,60.32136031
1.007297875,60.39033396,112.7991487,-82.31823651,0.07075522206,-1982.682571,112.7991487,141.5104441,60.39033396
1.007909847,60.45941939,112.9779043,-78.97714909,0.06884232255,-10478.65287,112.9779043,137.6846451,60.45941939
1.00852182,60.52860809,113.1337868,-71.46662395,0.06438438157,-18565.42593,113.1337868,128.7687631,60.52860809
1.009176912,60.60276467,113.258577,-60.07885296,0.05698873387,-26428.36605,113.258577,113.9774677,60.60276467
1.009873439,60.68168163,113.3316751,-46.2885455,0.04650514383,-33532.66421,113.3316751,93.01028765,60.68168163
1.010569967,60.76062723,113.3415056,-33.31799364,0.03381963899,-39025.82874,113.3415056,67.63927798,60.76062723
1.011266495,60.83956017,113.2978662,-23.60121382,0.0195383662,-42662.84839,113.2978662,39.07673241,60.83956017
1.011963023,60.9184496,113.2205335,-18.95471141,0.004338287136,-44282.6288,113.2205335,8.676574272,60.9184496
1.012659551,60.9972809,113.1355399,-20.24518914,-0.01106257231,-43810.87705,113.1355399,-22.12514462,60.9972809
1.013448772,61.08653892,113.0644647,-28.52982416,-0.0278369735,-40771.8862,113.0644647,-55.673947,61.08653892
1.014237993,61.17576226,113.0522539,-42.10482513,-0.04291144097,-35235.5752,113.0522539,-85.82288195,61.17576226
1.015027215,61.26500616,113.1183085,-57.70051292,-0.05535847953,-27521.08847,113.1183085,-110.7169591,61.26500616
1.015816436,61.35433388,113.263079,-71.54437248,-0.06440572689,-18093.03418,113.263079,-128.8114538,61.35433388
1.016605657,61.44380134,113.4678875,-80.2786403,-0.06948928761,-7538.029174,113.4678875,-138.9785752,61.44380134
1.017235086,61.51527891,113.6523068,-82.11072425,-0.0704829788,1242.341343,113.6523068,-140.9659576,61.51527891
1.017864514,61.58687265,113.8335657,-79.03566563,-0.06871395617,9959.69931,113.8335657,-137.4279123,61.58687265
1.018493942,61.65857423,113.991875,-71.54314844,-0.06425738335,18264.87446,113.991875,-128.5147667,61.65857423
1.019161102,61.73466949,114.116679,-60.09579218,-0.0568038184,26254.9493,114.116679,-113.6076368,61.73466949
1.019871296,61.81574384,114.1882569,-46.16114791,-0.04615599255,33463.92657,114.1882569,-92.3119851,61.81574384
1.02058149,61.89684566,114.194733,-33.10316501,-0.03323603924,39002.04711,114.194733,-66.47207847,61.89684566
1.021291685,61.97793173,114.146654,-23.4679841,-0.01868549091,42612.47812,114.146654,-37.37098182,61.97793173
1.022001879,62.05897029,114.0651464,-19.12745343,-0.003221141394,44128.7908,114.0651464,-6.442282788,62.05897029
1.022712073,62.13994716,113.9777878,-20.92325478,0.01239765358,43478.18312,113.9777878,24.79530716,62.13994716
1.02353836,62.23409253,113.906641,-30.20826314,0.02974563577,40031.10381,113.906641,59.49127155,62.23409253
1.024364646,62.328205,113.9030401,-44.84335642,0.04510359684,33894.60096,113.9030401,90.20719369,62.328205
1.025190933,62.42234971,113.9859849,-60.97025162,0.05743492454,25459.33895,113.9859849,114.8698491,62.42234971
1.02601722,62.51659816,114.1515405,-74.31906661,0.06590032981,15286.12829,114.1515405,131.8006596,62.51659816
1.026722985,62.59722684,114.3393275,-80.8109328,0.06962617459,5743.218994,114.3393275,139.2523492,62.59722684
1.027309044,62.66428599,114.50889,-81.73798056,0.07011536973,-2412.277407,114.50889,140.2307395,62.66428599
1.027895103,62.73144382,114.6733596,-78.45768662,0.06822176571,-10472.49318,114.6733596,136.4435314,62.73144382
1.028484804,62.79911079,114.8178338,-71.3684953,0.06398143322,-18203.92701,114.8178338,127.9628664,62.79911079
1.02911824,62.87187999,114.9347087,-60.64210599,0.05699207152,-25782.23766,114.9347087,113.984143,62.87187999
1.029797141,62.94993642,115.0048815,-47.45989143,0.04702039337,-32743.56351,115.0048815,94.04078675,62.94993642
1.030476041,63.02802018,115.0156641,-34.84984477,0.03493196433,-38209.13586,115.0156641,69.86392867,63.02802018
1.031154941,63.10609307,114.9750336,-25.06314952,0.02127600102,-41946.71125,114.9750336,42.55200203,63.10609307
1.031833842,63.18412556,114.9000982,-19.84055558,0.006667959512,-43798.80413,114.9000982,13.33591902,63.18412556
1.032512742,63.26210198,114.8140316,-20.10931759,-0.008236327873,-43685.40448,114.8140316,-16.47265575,63.26210198
1.033243744,63.34600145,114.7376799,-26.46135489,-0.02384815191,-41367.43873,114.7376799,-47.69630383,63.34600145
1.034028498,63.43602532,114.7053402,-38.77099668,-0.03919670652,-36468.09698,114.7053402,-78.39341304,63.43602532
1.034813251,63.52605158,114.7462122,-53.88351414,-0.0521750981,-29344.75632,114.7462122,-104.3501962,63.52605158
1.035598005,63.61614093,114.8653594,-68.18818555,-0.06198863047,-20417.63979,114.8653594,-123.9772609,63.61614093
1.036382758,63.70635058,115.0490571,-78.2560774,-0.06803291904,-10232.08829,115.0490571,-136.0658381,63.70635058
1.037038443,63.78184542,115.2311498,-81.62479323,-0.06991601173,-1215.772329,115.2311498,-139.8320235,63.78184542
1.037694128,63.85746182,115.4160305,-79.761047,-0.0688257289,7840.440946,115.4160305,-137.6514578,63.85746182
1.038349813,63.93319418,115.581241,-72.99058157,-0.06481399522,16541.98598,115.581241,-129.6279904,63.93319418
1.039030778,64.01194825,115.7115649,-62.00703178,-0.0577473096,24804.43464,115.7115649,-115.4946192,64.01194825
1.039758802,64.09622138,115.7891473,-48.05813292,-0.04729850416,32350.4144,115.7891473,-94.59700832,64.09622138
1.040486825,64.18052617,115.7990077,-34.64591731,-0.0344019406,38197.63271,115.7990077,-68.80388121,64.18052617
1.041214849,64.26481601,115.7507981,-24.51776339,-0.01973093747,42060.18295,115.7507981,-39.46187495,64.26481601
1.041942872,64.34905586,115.666004,-19.74060841,-0.004045095875,43750.69189,115.666004,-8.09019175,64.34905586
1.042670896,64.4332293,115.5735324,-21.28785826,0.01184631717,43184.22395,115.5735324,23.69263434,64.4332293
1.043487945,64.52762447,115.4981903,-30.11648129,0.02890898094,39890.79088,115.4981903,57.81796188,64.52762447
1.044304994,64.62198227,115.4868575,-44.21316818,0.04408152141,33977.69108,115.4868575,88.16304283,64.62198227
1.045122043,64.71636413,115.5584884,-59.94409311,0.05636299228,25812.47117,115.5584884,112.7259846,64.71636413
1.045939093,64.81083829,115.7105434,-73.23652451,0.06493643039,15924.91131,115.7105434,129.8728608,64.81083829
1.046646006,64.89269696,115.8893623,-80.07552284,0.0689138996,6487.676996,115.8893623,137.8277992,64.89269696
1.047241532,64.96176135,116.0553874,-81.38516648,0.06962448805,-1727.444269,116.0553874,139.2489761,64.96176135
1.047837059,65.03092433,116.2176136,-78.40750163,0.06789244052,-9869.418781,116.2176136,135.784881,65.03092433
1.048432586,65.10017869,116.3597001,-71.56650154,0.06378325335,-17646.62004,116.3597001,127.5665067,65.10017869
1.049069277,65.17430267,116.4741234,-61.07501157,0.05693196762,-25248.6943,116.4741234,113.8639352,65.17430267
1.049752422,65.2538981,116.542348,-48.04233607,0.04707273296,-32254.84872,116.542348,94.14546592,65.2538981
1.050435567,65.33351974,116.551282,-35.48965953,0.03506734056,-37769.29542,116.551282,70.13468112,65.33351974
1.051118712,65.41312913,116.5085713,-25.68592225,0.02146801971,-41554.33573,116.5085713,42.93603941,65.41312913
1.051801857,65.4926963,116.4311507,-20.39690941,0.006895325346,-43448.19396,116.4311507,13.79065069,65.4926963
1.052485002,65.57220521,116.3421726,-20.57380082,-0.007988323931,-43367.94531,116.3421726,-15.97664786,65.57220521
1.053215635,65.65717772,116.2627237,-26.75645268,-0.02348438681,-41097.31117,116.2627237,-46.96877362,65.65717772
1.054020963,65.75078806,116.2258921,-39.19889941,-0.03911170173,-36106.1796,116.2258921,-78.22340346,65.75078806
1.054826291,65.84439836,116.2651545,-54.4951905,-0.05224984687,-28796.81076,116.2651545,-104.4996937,65.84439836
1.05563162,65.93807325,116.3853387,-68.80118591,-0.06205183947,-19623.84418,116.3853387,-124.1036789,65.93807325
1.056354989,66.02231967,116.5498098,-77.81550152,-0.06748348773,-10279.90987,116.5498098,-134.9669755,66.02231967
1.056995511,66.09702667,116.7213758,-81.18467153,-0.06938332879,-1544.927235,116.7213758,-138.7666576,66.09702667
1.057636034,66.17184578,116.8963717,-79.6368638,-0.06846746765,7242.360833,116.8963717,-136.9349353,66.17184578
1.058276557,66.24677251,117.054091,-73.43130141,-0.06477792465,15716.56571,117.054091,-129.5558493,66.24677251
1.058942686,66.32479042,117.1806012,-63.1274871,-0.05816805022,23825.08437,117.1806012,-116.3361004,66.32479042
1.059654359,66.4082161,117.2585833,-49.79893504,-0.04831773824,31304.69384,117.2585833,-96.63547648,66.4082161
1.060366031,66.49167444,117.2725379,-36.64976593,-0.03607623993,37211.62632,117.2725379,-72.15247986,66.49167444
1.061077703,66.57512173,117.2297523,-26.25730499,-0.02205500755,41268.88823,117.2297523,-44.11001511,66.57512173
1.061789375,66.65852355,117.1485814,-20.65092515,-0.006948421158,43288.14928,117.1485814,-13.89684232,66.65852355
1.062501047,66.74186147,117.0548361,-20.92373173,0.008498476006,43173.51515,117.0548361,16.99695201,66.74186147
1.063254035,66.82996953,116.9732562,-27.53605393,0.02436685344,40730.15149,116.9732562,48.73370688,66.82996953
1.064088712,66.92758487,116.9386725,-40.68494107,0.04034081788,35380.27008,116.9386725,80.68163577,66.92758487
1.064923389,67.02520476,116.9865612,-56.50253064,0.05355751816,27589.27315,116.9865612,107.1150363,67.02520476
1.065758066,67.12290082,117.1196597,-70.72396759,0.06310138013,17879.97853,117.1196597,126.2027603,67.12290082
1.066479531,67.20745711,117.2882301,-78.73801162,0.06787249537,8457.411197,117.2882301,135.7449907,67.20745711
1.067100911,67.28038867,117.4542169,-81.08800835,0.0691865331,-24.51137878,117.4542169,138.3730662,67.28038867
1.06772229,67.35342428,117.6199131,-78.82765393,0.06785854638,-8494.180471,117.6199131,135.7170928,67.35342428
1.068343669,67.42655789,117.766737,-72.30889066,0.06394401498,-16620.84399,117.766737,127.88803,67.42655789
1.068996584,67.5034901,117.8835434,-61.96999803,0.05721596113,-24448.85079,117.8835434,114.4319223,67.5034901
1.069696464,67.58602237,117.9530228,-48.86659397,0.04735660963,-31669.3938,117.9530228,94.71321925,67.58602237
1.070396344,67.66858167,117.9610788,-36.1186429,0.03523079168,-37352.70855,117.9610788,70.46158337,67.66858167
1.071096224,67.751127,117.9153209,-26.14327057,0.02142386928,-41241.19405,117.9153209,42.84773856,67.751127
1.071796105,67.83362641,117.8335141,-20.82528792,0.006596969779,-43160.13105,117.8335141,13.19393956,67.83362641
1.072495985,67.916063,117.7401999,-21.168254,-0.008542655918,-43021.12188,117.7401999,-17.08531184,67.916063
1.073243554,68.00404909,117.6579231,-27.69402894,-0.02424315649,-40602.29081,117.6579231,-48.48631298,68.00404909
1.074072974,68.10161674,117.6213325,-40.64758746,-0.0400760177,-35319.563,117.6213325,-80.15203539,68.10161674
1.074902393,68.19918656,117.6655343,-56.25521249,-0.05320446191,-27630.66145,117.6655343,-106.4089238,68.19918656
1.075731813,68.29682836,117.7934769,-70.36090398,-0.0627305277,-18044.88923,117.7934769,-125.4610554,68.29682836
1.076452734,68.38180514,117.9580888,-78.44308318,-0.06756806107,-8679.448962,117.9580888,-135.1361221,68.38180514
1.077075924,68.45536594,118.1216696,-80.91348732,-0.06895679853,-206.6486771,118.1216696,-137.9135971,68.45536594
1.077699114,68.52902974,118.2854795,-78.77834404,-0.06769716306,8263.174985,118.2854795,-135.3943261,68.52902974
1.078322305,68.60279081,118.4308634,-72.37224882,-0.06384219802,16397.33393,118.4308634,-127.684396,68.60279081
1.07897567,68.68020956,118.5462963,-62.15110225,-0.05718323801,24222.37768,118.5462963,-114.366476,68.68020956
1.079675594,68.76321049,118.614747,-49.15050136,-0.04740249511,31444.93193,118.614747,-94.80499022,68.76321049
1.080375518,68.84623786,118.6221437,-36.4563957,-0.03535254552,37140.98106,118.6221437,-70.70509104,68.84623786
1.081075442,68.92925087,118.5758413,-26.47615672,-0.02161516798,41052.09999,118.5758413,-43.23033595,68.92925087
1.081775366,69.01221753,118.4933316,-21.0959621,-0.006848262349,43002.40274,118.4933316,-13.6965247,69.01221753
1.08247529,69.09512074,118.3989158,-21.33145012,0.008243687222,42902.04884,118.3989158,16.48737444,69.09512074
1.083219286,69.18317588,118.3151583,-27.67119779,0.02383598387,40547.61957,118.3151583,47.67196774,69.18317588
1.084059576,69.28257314,118.2754232,-40.64509304,0.03985220942,35248.57595,118.2754232,79.70441884,69.28257314
1.084899866,69.38197051,118.3179389,-56.3508564,0.0531090676,27485.52008,118.3179389,106.2181352,69.38197051
1.08565477,69.47132706,118.4292869,-69.25309948,0.06189419153,18841.52358,118.4292869,123.7883831,69.47132706
1.086409673,69.56078979,118.595743,-78.02682841,0.06719712916,9123.223527,118.595743,134.3942583,69.56078979
1.087045201,69.63621212,118.7595004,-80.74387886,0.06873422934,519.871035,118.7595004,137.4684587,69.63621212
1.087680728,69.7117399,118.9242249,-78.70567296,0.06752647374,-8093.469637,118.9242249,135.0529475,69.7117399
1.088316256,69.7873674,119.0702339,-72.24449231,0.0636268832,-16364.98925,119.0702339,127.2537664,69.7873674
1.088979012,69.86632233,119.1845842,-61.91673124,0.05686928795,-24268.13202,119.1845842,113.7385759,69.86632233
1.089687894,69.95083718,119.2504581,-48.81477431,0.04693921296,-31529.13453,119.2504581,93.87842592,69.95083718
1.090396776,70.03537657,119.2541821,-36.09787979,0.03470454099,-37221.14484,119.2541821,69.40908198,70.03537657
1.091105658,70.1198986,119.2037458,-26.23845805,0.02077081714,-41079.3001,119.2037458,41.54163428,70.1198986
1.09181454,70.20437088,119.1176214,-21.1470043,0.005822226592,-42925.47498,119.1176214,11.64445318,70.20437088
1.092523422,70.28877683,119.0211632,-21.80925642,-0.009409847733,-42672.0064,119.0211632,-18.81969547,70.28877683
1.093288015,70.37974507,118.9369248,-28.80181888,-0.02529897057,-40053.98205,118.9369248,-50.59794115,70.37974507
1.09412968,70.4798302,118.9022031,-42.13074057,-0.04108327125,-34520.82596,118.9022031,-82.16654249,70.4798302
1.094971345,70.57992025,118.9507761,-57.80322652,-0.05401319015,-26564.7686,118.9507761,-108.0263803,70.57992025
1.095724661,70.66956738,119.0660604,-70.29708276,-0.062414296,-17831.38417,119.0660604,-124.828592,70.66956738
1.096477978,70.75932246,119.2337024,-78.45626917,-0.06731853223,-8085.981212,119.2337024,-134.6370645,70.75932246
1.09710168,70.83373796,119.3931234,-80.60478336,-0.06852858472,349.4194695,119.3931234,-137.0571694,70.83373796
1.097725381,70.90825356,119.5515333,-78.19846559,-0.06710316714,8760.257093,119.5515333,-134.2063343,70.90825356
1.098349083,70.98286282,119.6905664,-71.613432,-0.06310177279,16816.08394,119.6905664,-126.2035456,70.98286282
1.09900357,71.06123677,119.7988744,-61.32378358,-0.05630907983,24548.06099,119.7988744,-112.6181597,71.06123677
1.099704487,71.14523067,119.859636,-48.41116194,-0.0464207698,31651.40788,119.859636,-92.8415396,71.14523067
1.100405404,71.22924588,119.8600577,-35.95760683,-0.03430417191,37215.6386,119.8600577,-68.60834382,71.22924588
1.101106321,71.31324226,119.8081336,-26.33077138,-0.02054539064,40987.61319,119.8081336,-41.09078127,71.31324226
1.101807238,71.39718888,119.7217667,-21.35509762,-0.005804869171,42796.94358,119.7217667,-11.60973834,71.39718888
1.102508155,71.48106992,119.625357,-21.97291827,0.009212264993,42559.52082,119.625357,18.42452999,71.48106992
1.103265905,71.57168157,119.5401416,-28.77444936,0.02492776384,40008.52657,119.5401416,49.85552768,71.57168157
1.104108327,71.67236364,119.5024595,-41.96061281,0.04071933633,34532.92588,119.5024595,81.43867266,71.67236364
1.104950748,71.77304789,119.5475149,-57.55049206,0.05367732966,26629.73844,119.5475149,107.3546593,71.77304789
1.105704768,71.86322733,119.659503,-70.03512451,0.06211864132,17936.94282,119.659503,124.2372826,71.86322733
1.106458787,71.95351239,119.8240104,-78.24331895,0.06707367919,8224.230764,119.8240104,134.1473584,71.95351239
1.107083822,72.02845531,119.9813209,-80.46652056,0.06833127404,-201.0600252,119.9813209,136.6625481,72.02845531
1.107708857,72.10349733,120.1379522,-78.14217892,0.06694996007,-8607.76214,120.1379522,133.8999201,72.10349733
1.108333893,72.17863219,120.2755047,-71.63518826,0.06298767708,-16664.19743,120.2755047,125.9753542,72.17863219
1.108988682,72.25742471,120.3823654,-61.43376886,0.05624305398,-24388.23133,120.3823654,112.486108,72.25742471
1.109689661,72.34183468,120.4419379,-48.60371593,0.04641084101,-31487.41495,120.4419379,92.82168203,72.34183468
1.11039064,72.42626524,120.4414867,-36.2018489,0.03435022758,-37055.28199,120.4414867,68.70045516,72.42626524
1.11109162,72.51067641,120.3888378,-26.58649059,0.02064469301,-40838.32133,120.3888378,41.28938601,72.51067641
1.111792599,72.59503732,120.3017014,-21.580382,0.005952240472,-42665.50844,120.3017014,11.90448094,72.59503732
1.112493579,72.67933203,120.2042958,-22.13195611,-0.009024176848,-42451.88298,120.2042958,-18.0483537,72.67933203
1.113248902,72.77009032,120.1178145,-28.80514702,-0.02465623127,-39944.17541,120.1178145,-49.31246255,72.77009032
1.114100257,72.87233077,120.0776623,-42.02240784,-0.04058467639,-34445.05469,120.0776623,-81.16935278,72.87233077
1.114951612,72.97457181,120.1214797,-57.68591185,-0.05362945055,-26473.38388,120.1214797,-107.2589011,72.97457181
1.11570739,73.06539485,120.2322099,-70.09477835,-0.06202948682,-17771.23684,120.2322099,-124.0589736,73.06539485
1.116463167,73.15632269,120.3951367,-78.20257977,-0.06693240818,-8054.005932,120.3951367,-133.8648164,73.15632269
1.117086379,73.23140211,120.5499512,-80.33441422,-0.06814032785,325.0157525,120.5499512,-136.2806557,73.23140211
1.11770959,73.30657869,120.703819,-77.97063314,-0.06673227801,8680.846786,120.703819,-133.464556,73.30657869
1.118332801,73.38184612,120.8386222,-71.47980729,-0.06276683165,16685.86474,120.8386222,-125.5336633,73.38184612
1.118985969,73.46081052,120.9429391,-61.34046771,-0.05603964048,24362.89368,120.9429391,-112.079281,73.46081052
1.119685205,73.54540168,121.0003129,-48.60905607,-0.04624853476,31419.1131,121.0003129,-92.49706953,73.54540168
1.120384441,73.63001206,120.9982968,-36.30859192,-0.03424772377,36955.22755,120.9982968,-68.49544754,73.63001206
1.121083676,73.71460221,120.944636,-26.76663195,-0.0206148317,40720.32163,120.944636,-41.2296634,73.71460221
1.121782912,73.79914165,120.8568076,-21.78326038,-0.006001095989,42544.92033,120.8568076,-12.00219198,73.79914165
1.122482147,73.88361458,120.7587071,-22.29815008,0.008897764717,42344.55386,120.7587071,17.79552943,73.88361458
1.123234983,73.97449092,120.6711512,-28.86681904,0.02444372718,39871.09124,120.6711512,48.88745436,73.97449092
1.124092828,74.07798446,120.6288077,-42.08820887,0.04046074552,34359.04712,120.6288077,80.92149104,74.07798446
1.124800887,74.16340333,120.6573265,-55.06052987,0.05152793252,27900.63754,120.6573265,103.055865,74.16340333
1.125515028,74.24959814,120.7469204,-67.29341892,0.06011170195,19972.61793,120.7469204,120.2234039,74.24959814
1.126229168,74.33587605,120.8874192,-76.24388743,0.06566956811,11024.81307,120.8874192,131.3391362,74.33587605
1.126871566,74.41358225,121.0406365,-79.99887524,0.06784657771,2484.887568,121.0406365,135.6931554,74.41358225
1.127443244,74.48281909,121.1823151,-79.37711961,0.06745658282,-5204.631383,121.1823151,134.9131656,74.48281909
1.128014921,74.55213478,121.3141749,-75.09635889,0.06488847334,-12713.24795,121.3141749,129.7769467,74.55213478
1.128619657,74.62553404,121.4286137,-67.20940189,0.05989898647,-20186.70483,121.4286137,119.7979729,74.62553404
1.129258105,74.70308803,121.508883,-56.38163183,0.05229953684,-27262.30981,121.508883,104.5990737,74.70308803
1.129934703,74.78531454,121.540701,-43.99957401,0.04197463858,-33546.00208,121.540701,83.94927716,74.78531454
1.1306113,74.86754401,121.5186122,-32.84559264,0.02977337957,-38315.78074,121.5186122,59.54675914,74.86754401
1.131287897,74.94974296,121.4529251,-24.89527873,0.0162440095,-41370.04818,121.4529251,32.488019,74.94974296
1.131964494,75.03188763,121.3616403,-21.55371347,0.001990821103,-42579.60165,121.3616403,3.981642206,75.03188763
1.132641092,75.11396817,121.2672617,-23.41205632,-0.01235082558,-41890.39897,121.2672617,-24.70165116,75.11396817
1.133443023,75.21117927,121.1828828,-31.84289959,-0.02858399564,-38652.13394,121.1828828,-57.16799127,75.21117927
1.134244954,75.30834474,121.1576594,-44.99465239,-0.04301955308,-32967.94024,121.1576594,-86.03910617,75.30834474
1.135046885,75.40551986,121.2082045,-59.60123139,-0.05474007105,-25179.22744,121.2082045,-109.4801421,75.40551986
1.135848816,75.50276578,121.3322323,-72.01942085,-0.06299482969,-15772.97714,121.3322323,-125.9896594,75.50276578
1.13654861,75.587725,121.4846974,-78.6089233,-0.06694507029,-6714.38031,121.4846974,-133.8901406,75.587725
1.13714198,75.65985292,121.6291826,-80.05755963,-0.06775979998,1237.061821,121.6291826,-135.5196,75.65985292
1.137735349,75.73206657,121.7709904,-77.47503477,-0.06621632531,9135.176052,121.7709904,-132.4326506,75.73206657
1.138328719,75.80435972,121.8947435,-71.22549928,-0.0623723237,16699.56218,121.8947435,-124.7446474,75.80435972
1.138957899,75.88108623,121.9919737,-61.56939462,-0.05593924455,24061.83573,121.9919737,-111.8784891,75.88108623
1.139633175,75.96348589,122.0464037,-49.42690052,-0.04662624581,30894.05331,122.0464037,-93.25249163,75.96348589
1.14030845,76.04590366,122.0458646,-37.55326036,-0.03523447559,36331.45028,122.0458646,-70.46895117,76.04590366
1.140983725,76.12830399,121.9965523,-28.04671443,-0.02227567427,40143.71803,121.9965523,-44.55134854,76.12830399
1.141659001,76.21065851,121.9132479,-22.58214543,-0.008327611879,42170.67561,121.9132479,-16.65522376,76.21065851
1.142334276,76.29295104,121.8166985,-22.12167371,0.005990153542,42325.41628,121.8166985,11.98030708,76.29295104
1.143043322,76.37929115,121.7262878,-27.10197631,0.02072579553,40461.82731,121.7262878,41.45159106,76.37929115
1.143958226,76.4906247,121.6645921,-40.12842689,0.03813624774,35131.0484,121.6645921,76.27249547,76.4906247
1.144643275,76.57397235,121.6782267,-52.43345605,0.04919786417,29205.20486,121.6782267,98.39572834,76.57397235
1.145378274,76.6634302,121.7553304,-65.25645903,0.05852686366,21335.09217,121.7553304,117.0537273,76.6634302
1.146113273,76.75296624,121.8884895,-75.051165,0.06473753303,12311.47349,121.8884895,129.4750661,76.75296624
1.146771237,76.83321287,122.0387107,-79.53864983,0.06737353363,3656.497826,122.0387107,134.7470673,76.83321287
1.147332239,76.90171495,122.1744894,-79.53850783,0.06734522859,-3856.414813,122.1744894,134.6904572,76.90171495
1.147893241,76.97029183,122.3032256,-76.00124822,0.06522235249,-11238.27442,122.3032256,130.444705,76.97029183
1.148490503,77.04337478,122.4185541,-68.85321399,0.06073972169,-18691.51233,122.4185541,121.4794434,77.04337478
1.149114107,77.11974388,122.5024316,-58.74697111,0.05378862129,-25749.18791,122.5024316,107.5772426,77.11974388
1.149789883,77.20254461,122.542175,-46.51860688,0.04395094592,-32260.1756,122.542175,87.90189185,77.20254461
1.150465659,77.28535369,122.5277548,-35.08065226,0.03215207461,-37316.38428,122.5277548,64.30414922,77.28535369
1.151141435,77.36813685,122.4675771,-26.45549851,0.01892163555,-40703.97564,122.4675771,37.8432711,77.36813685
1.151817211,77.45086832,122.3781092,-22.16440988,0.004849605118,-42280.1536,122.3781092,9.699210235,77.45086832
1.152492987,77.53353545,122.2809639,-22.96446351,-0.009438216514,-41976.10176,122.2809639,-18.87643303,77.53353545
1.153240678,77.62492857,122.1921666,-29.5857985,-0.02473069369,-39460.46796,122.1921666,-49.46138739,77.62492857
1.154084338,77.72799338,122.1477318,-42.48469259,-0.04032279862,-34030.08499,122.1477318,-80.64559723,77.72799338
1.154783776,77.81343314,122.1719538,-55.11516556,-0.05115902283,-27688.06394,122.1719538,-102.3180457,77.81343314
1.155491848,77.89996584,122.2553071,-67.07436151,-0.0596169651,-19891.22422,122.2553071,-119.2339302,77.89996584
1.15619992,77.98657597,122.3881095,-75.87065307,-0.06512538964,-11096.01389,122.3881095,-130.2507793,77.98657597
1.156907991,78.07329211,122.5509054,-79.78136594,-0.06740838918,-1748.057348,122.5509054,-134.8167784,78.07329211
1.157514144,78.14762063,122.6949878,-78.6422509,-0.0667111193,6333.432645,122.6949878,-133.4222386,78.14762063
1.158120297,78.2220333,122.8258537,-73.51772598,-0.06359410375,14170.45293,122.8258537,-127.1882075,78.2220333
1.158753404,78.29983093,122.9325252,-64.72409277,-0.05788396825,21783.84711,122.9325252,-115.7679365,78.29983093
1.159425055,78.38242398,122.9991104,-53.0863691,-0.04934218773,28894.54729,122.9991104,-98.68437547,78.38242398
1.160109087,78.46656673,123.0115782,-40.87330998,-0.03840687847,34804.2846,123.0115782,-76.81375694,78.46656673
1.160793119,78.55069964,122.9717871,-30.49882418,-0.0257177038,39113.42278,122.9717871,-51.43540759,78.55069964
1.161477151,78.63479094,122.8927505,-23.83898054,-0.01185602937,41635.928,122.8927505,-23.71205873,78.63479094
1.162161182,78.71882033,122.7945535,-22.09656229,0.002546068939,42261.80964,122.7945535,5.092137878,78.71882033
1.162853036,78.80374241,122.6997694,-25.65644693,0.01699244483,40934.02974,122.6997694,33.98488965,78.80374241
1.1638604,78.92729662,122.6170138,-38.84868075,0.03643051425,35603.55326,122.6170138,72.8610285,78.92729662
1.164530118,79.00941355,122.6203583,-50.63419386,0.04746287703,30043.14494,122.6203583,94.92575405,79.00941355
1.165300863,79.103945,122.6901816,-64.13295054,0.05754085631,21999.17041,122.6901816,115.0817126,79.103945
1.166071607,79.19855534,122.8223996,-74.58470143,0.06425034439,12648.20294,122.8223996,128.5006888,79.19855534
1.166740354,79.28074081,122.9705246,-79.28143963,0.06702845217,3907.202201,122.9705246,134.0569043,79.28074081
1.167301256,79.34975242,123.1030572,-79.4098498,0.06707577273,-3569.321726,123.1030572,134.1515455,79.34975242
1.167862159,79.41883715,123.2290887,-76.02705438,0.06503779937,-10924.25243,123.2290887,130.0755987,79.41883715
1.168455584,79.49199921,123.3415879,-69.1025905,0.06068680737,-18315.5665,123.3415879,121.3736147,79.49199921
1.169075892,79.56853655,123.4237939,-59.22348169,0.05389489031,-25339.71634,123.4237939,107.7897806,79.56853655
1.169749014,79.65163212,123.4629708,-47.16740917,0.0442342455,-31851.99099,123.4629708,88.46849099,79.65163212
1.170422137,79.73473589,123.4487401,-35.79293748,0.0326147566,-36938.85054,123.4487401,65.22951321,79.73473589
1.171095259,79.81781406,123.3889182,-27.09600563,0.01955402648,-40386.56054,123.3889182,39.10805297,79.81781406
1.171768382,79.90084087,123.2992931,-22.5989484,0.005630004019,-42050.83458,123.2992931,11.26000804,79.90084087
1.172441504,79.98380312,123.2008515,-23.08917208,-0.008542913345,-41859.79753,123.2008515,-17.08582669,79.98380312
1.17317594,80.07425097,123.1098083,-29.1917023,-0.02355512734,-39540.4756,123.1098083,-47.11025468,80.07425097
1.174043914,80.18107908,123.0578999,-42.11319996,-0.03963786167,-34113.88985,123.0578999,-79.27572334,80.18107908
1.174735148,80.26614397,123.0764491,-54.46459677,-0.05040549971,-27947.54562,123.0764491,-100.8109994,80.26614397
1.175452548,80.35446384,123.1550092,-66.56684168,-0.05906779471,-20142.30518,123.1550092,-118.1355894,80.35446384
1.176169949,80.44285924,123.2844835,-75.54057374,-0.06473129898,-11299.47923,123.2844835,-129.462598,80.44285924
1.176814203,80.52233105,123.4280391,-79.42869325,-0.0670182991,-2851.465617,123.4280391,-134.0365982,80.52233105
1.177379148,80.59209848,123.5598779,-79.03979786,-0.0667620771,4659.366466,123.5598779,-133.5241542,80.59209848
1.177944093,80.66193862,123.6832047,-75.14117967,-0.06440094635,12011.85489,123.6832047,-128.8018927,80.66193862
1.178542432,80.73597677,123.7908152,-67.74158503,-0.05969309441,19365.05089,123.7908152,-119.3861888,80.73597677
1.179170746,80.81378214,123.8661679,-57.48256825,-0.052491756,26328.49408,123.8661679,-104.983512,80.81378214
1.179846198,80.89746095,123.8960416,-45.40250053,-0.04249434655,32651.63783,123.8960416,-84.98869311,80.89746095
1.18052165,80.98114179,123.8729755,-34.32664465,-0.03060276136,37505.83932,123.8729755,-61.20552273,80.98114179
1.181197102,81.06479153,123.806193,-26.21083398,-0.01734967448,40686.0153,123.806193,-34.69934897,81.06479153
1.181872553,81.14838598,123.7126113,-22.48520281,-0.003325160479,42057.88365,123.7126113,-6.650320959,81.14838598
1.182548005,81.2319142,123.6138536,-23.80702752,0.01084772819,41560.8666,123.6138536,21.69545638,81.2319142
1.18331663,81.32688976,123.5237323,-31.11949448,0.026354248,38745.25571,123.5237323,52.708496,81.32688976
1.184153367,81.43022469,123.4835241,-44.16587135,0.04147703745,33129.63313,123.4835241,82.9540749,81.43022469
1.184848965,81.51612575,123.5106106,-56.59649611,0.05192184024,26690.00591,123.5106106,103.8436805,81.51612575
1.185554395,81.6032804,123.5951516,-68.11665029,0.05998560571,18843.21621,123.5951516,119.9712114,81.6032804
1.186259824,81.69051211,123.7264697,-76.31582598,0.06510384537,10057.92886,123.7264697,130.2076907,81.69051211
1.186889544,81.76846874,123.8672037,-79.51146058,0.06697387522,1782.111957,123.8672037,133.9477504,81.76846874
1.187519264,81.84651614,124.0116854,-78.28450914,0.06621955072,-6555.880956,124.0116854,132.4391014,81.84651614
1.188148983,81.92465084,124.1415368,-72.83276053,0.06287411856,-14621.81183,124.1415368,125.7482371,81.92465084
1.188801058,82.00563588,124.2434687,-63.65142158,0.0568256198,-22347.76743,124.2434687,113.6512396,82.00563588
1.189492439,82.09155886,124.301894,-51.68529069,0.04782957598,-29491.33201,124.301894,95.65915196,82.09155886
1.190184456,82.17758172,124.3039053,-39.60121199,0.03658592055,-35242.45943,124.3039053,73.1718411,82.17758172
1.190876472,82.26358756,124.2543614,-29.65156047,0.02363255515,-39337.17136,124.2543614,47.2651103,82.26358756
1.191568488,82.3495452,124.1677316,-23.67673507,0.009576193198,-41594.36966,124.1677316,19.1523864,82.3495452
1.192260505,82.43543608,124.0653233,-22.78116129,-0.004927479186,-41912.61423,124.0653233,-9.854958373,82.43543608
1.192973324,82.5238366,123.968901,-27.33856188,-0.01962038804,-40193.98192,123.968901,-39.24077608,82.5238366
1.193889987,82.63743547,123.8970408,-39.82946849,-0.03698693625,-35061.86827,123.8970408,-73.97387251,82.63743547
1.194524744,82.71607813,123.8990406,-50.90938807,-0.04730955272,-29769.25988,123.8990406,-94.61910544,82.71607813
1.195258167,82.80696722,123.9603431,-63.6244568,-0.05687785494,-22180.05918,123.9603431,-113.7557099,82.80696722
1.19599159,82.89792275,124.0780675,-73.70485731,-0.06343071074,-13397.23636,124.0780675,-126.8614215,82.89792275
1.196725013,82.98897996,124.2336607,-79.03495619,-0.06661568949,-3895.899142,124.2336607,-133.231379,82.98897996
1.197246248,83.05376595,124.3528516,-79.27460091,-0.06673136082,3009.177163,124.3528516,-133.4627216,83.05376595
1.197767484,83.1186133,124.4673056,-76.50327805,-0.06505497572,9824.898043,124.4673056,-130.1099514,83.1186133
1.198321609,83.18761399,124.5726079,-70.59713762,-0.06136184229,16764.30103,124.5726079,-122.7236846,83.18761399
1.198903948,83.26018292,124.6543957,-61.88307899,-0.05548457319,23490.35984,124.6543957,-110.9691464,83.26018292
1.199541119,83.33962649,124.7011326,-50.76486039,-0.04694655217,29927.84141,124.7011326,-93.89310433,83.33962649
1.20017829,83.41908459,124.7000577,-39.70565636,-0.03654342055,35161.68532,124.7000577,-73.0868411,83.41908459
1.200815461,83.49852768,124.6553237,-30.44888214,-0.02469160168,38993.74847,124.6553237,-49.38320335,83.49852768
1.201452632,83.57793113,124.5779432,-24.44965891,-0.01186206605,41280.26851,124.5779432,-23.72413211,83.57793113
1.202089803,83.65727906,124.484045,-22.65026679,0.001437433821,41934.45953,124.484045,2.874867642,83.65727906
1.202747043,83.73906331,124.3896978,-25.48943208,0.01509125699,40870.05643,124.3896978,30.18251398,83.73906331
1.203615982,83.84710802,124.3022503,-35.65700708,0.03207487631,36824.89864,124.3022503,64.14975262,83.84710802
1.204333563,83.93629534,124.2848647,-47.61419392,0.04436676415,31400.57507,124.2848647,88.73352831,83.93629534
1.205058116,84.02635819,124.3280281,-60.38490834,0.05449943918,24292.7945,124.3280281,108.9988784,84.02635819
1.205782669,84.11647385,124.4290423,-71.25388964,0.06181387752,15909.83205,124.4290423,123.627755,84.11647385
1.206507222,84.20667944,124.5729052,-77.99420636,0.06592595314,6692.169145,124.5729052,131.8519063,84.20667944
1.207104496,84.28112347,124.7070301,-79.4353841,0.06675018792,-1187.505413,124.7070301,133.5003758,84.28112347
1.207701771,84.35564763,124.8385899,-76.91515103,0.06522181022,-9015.864514,124.8385899,130.4436204,84.35564763
1.208299046,84.43024578,124.952375,-70.79262495,0.06139839931,-16511.6742,124.952375,122.7967986,84.43024578
1.208929492,84.50905099,125.0392181,-61.38109894,0.05502812556,-23770.46079,125.0392181,110.0562511,84.50905099
1.209604967,84.59352996,125.083697,-49.58542058,0.04582999658,-30491.6629,125.083697,91.65999315,84.59352996
1.210280443,84.67802087,125.0748308,-38.07037944,0.03458689919,-35836.89115,125.0748308,69.17379838,84.67802087
1.210955919,84.76248924,125.0187268,-28.87176103,0.02180377362,-39579.13799,125.0187268,43.60754723,84.76248924
1.211631394,84.84690763,124.9298167,-23.61150625,0.00805066158,-41560.55679,124.9298167,16.10132316,84.84690763
1.21230687,84.93126047,124.8282994,-23.21703472,-0.006061239494,-41695.74396,124.8282994,-12.12247899,84.93126047
1.213018384,85.02004199,124.7323862,-28.12978136,-0.0206235131,-39831.27877,124.7323862,-41.2470262,85.02004199
1.214013669,85.14414293,124.6608502,-42.18461822,-0.03913100399,-33940.22843,124.6608502,-78.26200798,85.14414293
1.214665379,85.22538642,124.6716528,-53.63466292,-0.04929721138,-28236.06154,124.6716528,-98.59442277,85.22538642
1.21542793,85.32047944,124.7467262,-66.36702346,-0.05854967861,-20061.71182,124.7467262,-117.0993572,85.32047944
1.216190481,85.41565244,124.8784731,-75.64997299,-0.0644466847,-10720.69246,124.8784731,-128.8933694,85.41565244
1.21683949,85.49674418,125.0179054,-79.22620727,-0.06656017571,-2260.257712,125.0179054,-133.1203514,85.49674418
1.217412657,85.56843706,125.1459218,-78.53582852,-0.06612384366,5295.549078,125.1459218,-132.2476873,85.56843706
1.217985823,85.64020114,125.2641076,-74.31734265,-0.06354250654,12667.83992,125.2641076,-127.0850131,85.64020114
1.218589886,85.71590036,125.3642667,-66.66460832,-0.05859801571,19972.30224,125.3642667,-117.1960314,85.71590036
1.21922626,85.79570243,125.4307705,-56.24312976,-0.05112058304,26868.47277,125.4307705,-102.2411661,85.79570243
1.219903923,85.88071187,125.450264,-44.31343824,-0.04093650547,33015.79097,125.450264,-81.87301095,85.88071187
1.220581586,85.96571662,125.4178726,-33.61056897,-0.02891587341,37670.21648,125.4178726,-57.83174681,85.96571662
1.221259248,86.05068446,125.3437439,-26.03609526,-0.0156000408,40633.75908,125.3437439,-31.2000816,86.05068446
1.221936911,86.13559273,125.2454193,-22.93355624,-0.00158541249,41780.01869,125.2454193,-3.170824981,86.13559273
1.222614574,86.22043227,125.1447192,-24.85460177,0.01250132817,41057.1148,125.1447192,25.00265635,86.22043227
1.223412914,86.32030075,125.0530857,-33.05174314,0.02833219648,37846.3804,125.0530857,56.66439295,86.32030075
1.224229126,86.42235164,125.0184128,-46.01902189,0.04268670866,32112.00112,125.0184128,85.37341732,86.42235164
1.225045339,86.5244047,125.0595621,-60.30990136,0.05425291035,24254.66485,125.0595621,108.5058207,86.5244047
1.225861551,86.62652188,125.173341,-72.23565411,0.06226363536,14783.99763,125.173341,124.5272707,86.62652188
1.226555904,86.71348274,125.3112728,-78.17520603,0.06587329214,5926.951818,125.3112728,131.7465843,86.71348274
1.227135477,86.78614663,125.439275,-79.25724506,0.06648754452,-1698.386961,125.439275,132.975089,86.78614663
1.227715049,86.85888442,125.5639141,-76.63937933,0.06489529764,-9258.212955,125.5639141,129.7905953,86.85888442
1.228294622,86.93169011,125.6714477,-70.67250774,0.06115279944,-16496.97807,125.6714477,122.3055989,86.93169011
1.228910734,87.00914522,125.7542207,-61.54953953,0.0549614626,-23570.62641,125.7542207,109.9229252,87.00914522
1.229571823,87.09229684,125.7969651,-50.10303487,0.04604913822,-30158.27475,125.7969651,92.09827645,87.09229684
1.230232911,87.17545988,125.7888975,-38.84806086,0.03516805645,-35441.93246,125.7888975,70.33611291,87.17545988
1.230894,87.25860201,125.7352994,-29.69202191,0.0227864934,-39206.39509,125.7352994,45.5729868,87.25860201
1.231555089,87.34169705,125.6491448,-24.18251365,0.009433546266,-41299.47558,125.6491448,18.86709253,87.34169705
1.232216178,87.42472936,125.5488958,-23.25053339,-0.004322230401,-41635.04631,125.5488958,-8.644460802,87.42472936
1.232906567,87.51137236,125.4517223,-27.32680596,-0.01848318095,-40091.10107,125.4517223,-36.96636191,87.51137236
1.233830816,87.62727795,125.3712671,-39.43398714,-0.03598382202,-35114.94831,125.3712671,-71.96764404,87.62727795
1.23445093,87.70501852,125.3661387,-50.03253926,-0.0461236779,-30082.30812,125.3661387,-92.2473558,87.70501852
1.235189024,87.7975659,125.4181695,-62.73785563,-0.05589069975,-22607.40048,125.4181695,-111.7813995,87.7975659
1.235927118,87.89017355,125.5274362,-72.9928776,-0.06265823062,-13900.76807,125.5274362,-125.3164612,87.89017355
1.236665212,87.98287779,125.6760222,-78.61854158,-0.06605764725,-4438.637269,125.6760222,-132.1152945,87.98287779
1.237245008,88.0557811,125.8033487,-78.97209838,-0.06623978949,3184.331768,125.8033487,-132.479579,88.0557811
1.237824804,88.12875715,125.9245464,-75.66590997,-0.06422261306,10691.334,125.9245464,-128.4452261,88.12875715
1.238423053,88.20412403,126.0289954,-68.89008479,-0.05991122148,18047.50725,126.0289954,-119.822443,88.20412403
1.23905144,88.28334453,126.1034572,-59.13783384,-0.05311555113,25066.86186,126.1034572,-106.2311023,88.28334453
1.239729207,88.36882678,126.1342117,-47.30960942,-0.04349006496,31523.47558,126.1342117,-86.98012992,88.36882678
1.240406975,88.45431183,126.1123025,-36.18573151,-0.03191162813,36551.22491,126.1123025,-63.82325625,88.45431183
1.241084742,88.53976617,126.045666,-27.74460595,-0.01890275417,39935.5322,126.045666,-37.80550833,88.53976617
1.241762509,88.6251645,125.9501705,-23.48431011,-0.00504682805,41532.34817,125.9501705,-10.0936561,88.6251645
1.242440276,88.71049417,125.8467925,-24.16168148,0.0090363575,41271.31385,125.8467925,18.072715,88.71049417
1.243183548,88.80399491,125.7508541,-30.41677169,0.02399368321,38858.49159,125.7508541,47.98736641,88.80399491
1.244087339,88.91761561,125.6940589,-43.81017079,0.04036394169,33103.22175,125.6940589,80.72788338,88.91761561
1.244762474,89.00247851,125.710045,-55.60860784,0.05055132033,27024.85248,125.710045,101.1026407,89.00247851
1.245493175,89.09435916,125.7857443,-67.43532954,0.05900950254,19069.65021,125.7857443,118.0190051,89.09435916
1.246223877,89.18631439,125.9113644,-75.88802621,0.06436124042,10095.8803,125.9113644,128.7224808,89.18631439
1.246858911,89.26631405,126.0447657,-79.10028828,0.06626315703,1844.532695,126.0447657,132.5263141,89.26631405
1.247430396,89.33838237,126.1687004,-78.23003258,0.06571812637,-5647.571186,126.1687004,131.4362527,89.33838237
1.248001881,89.41051919,126.2822899,-73.90406735,0.06305413189,-12945.98949,126.2822899,126.1082638,89.41051919
1.248604094,89.48659822,126.37741,-66.2286173,0.0580537632,-20165.18937,126.37741,116.1075264,89.48659822
1.249239688,89.56694482,126.4389144,-55.8582708,0.05053683218,-26981.34921,126.4389144,101.0736644,89.56694482
1.249915015,89.65234034,126.4536201,-44.09241383,0.04036653003,-33030.53877,126.4536201,80.73306005,89.65234034
1.250590341,89.7377283,126.4174947,-33.59985634,0.02839754489,-37597.20312,126.4174947,56.79508979,89.7377283
1.251265668,89.82307733,126.3407453,-26.23203008,0.01516499519,-40488.29832,126.3407453,30.32999039,89.82307733
1.251940995,89.90836556,126.2407278,-23.28712065,0.001257393749,-41581.15711,126.2407278,2.514787499,89.90836556
1.252616321,89.99358436,126.1388873,-25.2855409,-0.01270762311,-40826.38411,126.1388873,-25.41524622,89.99358436
1.253416004,90.09441516,126.0456245,-33.51264856,-0.02846638998,-37584.4175,126.0456245,-56.93277996,90.09441516
1.254229721,90.1969611,126.0093494,-46.36538333,-0.04267124396,-31859.21098,126.0093494,-85.34248792,90.1969611
1.255043438,90.2995075,126.0478277,-60.46974439,-0.05410616399,-24040.48256,126.0478277,-108.212328,90.2995075
1.255857154,90.40211514,126.1576742,-72.20705653,-0.06201731113,-14632.48572,126.1576742,-124.0346223,90.40211514
1.256549364,90.4894874,126.2914383,-78.0354313,-0.06557465161,-5842.026201,126.2914383,-131.1493032,90.4894874
1.257126728,90.56243922,126.4155594,-79.08235588,-0.06617147232,1717.67131,126.4155594,-132.3429446,90.56243922
1.257704092,90.6354624,126.5363254,-76.49269698,-0.06458923806,9211.971739,126.5363254,-129.1784761,90.6354624
1.258281456,90.70855106,126.6402808,-70.61069143,-0.06088333268,16389.56047,126.6402808,-121.7666654,90.70855106
1.258895116,90.78629136,126.7198197,-61.62213495,-0.05475865189,23406.15977,126.7198197,-109.5173038,90.78629136
1.259553349,90.86971853,126.7599381,-50.33888432,-0.04594735608,29945.82951,126.7599381,-91.89471216,90.86971853
1.260211583,90.95315564,126.7501445,-39.22061381,-0.0351883108,35202.05639,126.7501445,-70.3766216,90.95315564
1.260869816,91.03657104,126.6954902,-30.13556085,-0.02294051083,38962.41238,126.6954902,-45.88102165,91.03657104
1.26152805,91.11993897,126.6085431,-24.60640574,-0.00972283294,41076.04224,126.6085431,-19.44566588,91.11993897
1.262186284,91.20324387,126.5072701,-23.55967649,0.003906758552,41456.69634,126.5072701,7.813517104,91.20324387
1.262872822,91.29006103,126.4083793,-27.42643962,0.01793949218,39987.3223,126.4083793,35.87898436,91.29006103
1.263879088,91.41720935,126.3197239,-40.58017824,0.0368440305,34531.78421,126.3197239,73.68806099,91.41720935
1.264527373,91.49909717,126.3173881,-51.66131931,0.04720026792,29143.99995,126.3173881,94.40053584,91.49909717
1.26529828,91.59649496,126.3773266,-64.60567444,0.05694537197,21168.72175,126.3773266,113.8907439,91.59649496
1.265937176,91.67726547,126.4728731,-73.11259653,0.06251510086,13582.97034,126.4728731,125.0302017,91.67726547
1.266594643,91.76045819,126.6011546,-78.21524975,0.06561384583,5201.995771,126.6011546,131.2276917,91.76045819
1.267154131,91.83132334,126.7206682,-78.9844699,0.06604634551,-2116.927675,126.7206682,132.092691,91.83132334
1.267713619,91.90225487,126.8363427,-76.35253656,0.06443636471,-9361.855764,126.8363427,128.8727294,91.90225487
1.268277126,91.97375733,126.9366368,-70.59732436,0.06080389274,-16352.9801,126.9366368,121.6077855,91.97375733
1.268877801,92.05002998,127.0140167,-61.84889879,0.05484305283,-23220.68055,127.0140167,109.6861057,92.05002998
1.269524078,92.13213179,127.0540117,-50.82453874,0.04626817613,-29667.17106,127.0540117,92.53635226,92.13213179
1.270170356,92.2142439,127.0459799,-39.88501881,0.03580209754,-34887.40422,127.0459799,71.60419509,92.2142439
1.270816633,92.29633628,126.9943157,-30.80353269,0.02387544322,-38677.81001,126.9943157,47.75088644,92.29633628
1.271462911,92.3783841,126.9104663,-25.04828648,0.01097551351,-40891.76012,126.9104663,21.95102701,92.3783841
1.272109189,92.4603717,126.8110697,-23.54937414,-0.00237260503,-41442.40861,126.8110697,-4.74521006,92.4603717
1.2727792,92.5453026,126.7120688,-26.74289096,-0.01610358178,-40231.27043,126.7120688,-32.20716355,92.5453026
1.273668826,92.65798379,126.6213814,-37.39811126,-0.03314840864,-35907.18178,126.6213814,-66.29681727,92.65798379
1.274373131,92.74715456,126.6039393,-49.05251444,-0.04488496082,-30474.14624,126.6039393,-89.76992164,92.74715456
1.2751065,92.84001358,126.6459546,-61.6166933,-0.05477433566,-23222.66113,126.6459546,-109.5486713,92.84001358
1.275839869,92.93292494,126.7448846,-72.02273576,-0.06176278976,-14722.43972,126.7448846,-123.5255795,92.93292494
1.276573237,93.02592504,126.8843728,-78.08745442,-0.06547448059,-5431.60137,126.8843728,-130.9489612,93.02592504
1.277154017,93.0996525,127.0073496,-78.93145393,-0.06595161299,2153.607889,127.0073496,-131.903226,93.0996525
1.277734797,93.17345086,127.126131,-76.1244522,-0.06423155444,9657.944288,127.126131,-128.4631089,93.17345086
1.278315577,93.24731366,127.2271904,-70.04336257,-0.06037497429,16827.02976,127.2271904,-120.7499486,93.24731366
1.278933233,93.32592156,127.302772,-60.89644168,-0.05407896259,23815.70713,127.302772,-108.1579252,93.32592156
1.279595848,93.4102887,127.3378621,-49.55043708,-0.04508210908,30297.19711,127.3378621,-90.16421817,93.4102887
1.280258463,93.49466238,127.3227615,-38.51546541,-0.03414897914,35464.09243,127.3227615,-68.29795827,93.49466238
1.280921078,93.57901078,127.2632331,-29.66965684,-0.0217518328,39104.92821,127.2632331,-43.50366561,93.57901078
1.281583693,93.66330853,127.1725813,-24.51498871,-0.008422599098,41071.58007,127.1725813,-16.8451982,93.66330853
1.282246308,93.74754093,127.069383,-23.92688006,0.005268646879,41282.33057,127.069383,10.53729376,93.74754093
1.282945127,93.83630338,126.969781,-28.35516779,0.01945396423,39589.01574,126.969781,38.90792845,93.83630338
1.283862515,93.95274153,126.8897922,-40.53227098,0.03656734149,34510.30173,126.8897922,73.13468297,93.95274153
1.284475511,94.0305206,126.8842675,-50.92323432,0.04640514937,29483.93315,126.8842675,92.81029873,94.0305206
1.285210446,94.12378692,126.9342692,-63.32559284,0.05591119071,22020.32587,126.9342692,111.8223814,94.12378692
1.285945381,94.21711108,127.0395725,-73.20708406,0.06244265556,13367.25207,127.0395725,124.8853111,94.21711108
1.286680316,94.31052775,127.1822356,-78.48575006,0.06564687503,3994.141336,127.1822356,131.2937501,94.31052775
1.287200862,94.37676056,127.2919388,-78.78679233,0.06580239482,-2800.843063,127.2919388,131.6047896,94.37676056
1.287721409,94.44304979,127.397302,-76.16723096,0.06419609253,-9513.123677,127.397302,128.3921851,94.44304979
1.288270609,94.51304366,127.4930626,-70.55416914,0.06064231762,-16303.53678,127.4930626,121.2846352,94.51304366
1.288848426,94.58673403,127.5664974,-62.2210081,0.05496233332,-22906.23781,127.5664974,109.9246666,94.58673403
1.28947853,94.66712905,127.6061238,-51.56803506,0.04672275837,-29226.93023,127.6061238,93.44551674,94.66712905
1.290112369,94.74801129,127.6001332,-40.82928568,0.03660289604,-34425.40811,127.6001332,73.20579208,94.74801129
1.290746208,94.82887593,127.5517776,-31.73997112,0.02504622841,-38265.96176,127.5517776,50.09245682,94.82887593
1.291380047,94.90969904,127.4712678,-25.71451791,0.01250718844,-40605.59487,127.4712678,25.01437688,94.90969904
1.292013886,94.99046484,127.3738073,-23.69001605,-0.0005231224342,-41356.26871,127.3738073,-1.046244868,94.99046484
1.292666826,95.07359933,127.2745243,-26.117128,-0.01392111644,-40435.72536,127.2745243,-27.84223287,95.07359933
1.29347473,95.17638422,127.1815445,-34.80063102,-0.02963967404,-36970.32181,127.1815445,-59.27934808,95.17638422
1.294282635,95.27911655,127.1481171,-47.66112447,-0.04346890716,-31128.51516,127.1481171,-86.93781431,95.27911655
1.295090539,95.38185118,127.1880527,-61.45841198,-0.05451621554,-23269.08963,127.1880527,-109.0324311,95.38185118
1.295898443,95.48464675,127.2966142,-72.70127401,-0.0620633742,-13892.98065,127.2966142,-124.1267484,95.48464675
1.296583226,95.57186022,127.4262922,-78.0759127,-0.06534675626,-5211.432415,127.4262922,-130.6935125,95.57186022
1.297149055,95.643995,127.5443373,-78.84220766,-0.06577942064,2159.952125,127.5443373,-131.5588413,95.643995
1.297714884,95.71619606,127.6583984,-76.15949638,-0.06413185491,9454.49179,127.6583984,-128.2637098,95.71619606
1.2982835,95.78881358,127.7564282,-70.33470239,-0.06043629361,16470.70428,127.7564282,-120.8725872,95.78881358
1.298888897,95.86618134,127.8307695,-61.52524808,-0.05439185604,23343.08296,127.8307695,-108.7837121,95.86618134
1.29953951,95.949364,127.8669493,-50.4879795,-0.04572251343,29768.79902,127.8669493,-91.44502687,95.949364
1.300190122,96.03255445,127.8548801,-39.60521493,-0.03515923394,34948.33109,127.8548801,-70.31846788,96.03255445
1.300840734,96.11572244,127.7993247,-30.66405374,-0.02314223521,38676.98633,127.7993247,-46.28447043,96.11572244
1.301491347,96.1988432,127.7121684,-25.1291602,-0.01016892053,40808.46478,127.7121684,-20.33784105,96.1988432
1.302141959,96.2819015,127.6104622,-23.90710691,0.003225620404,41257.77667,127.6104622,6.451240808,96.2819015
1.302820213,96.36841879,127.509921,-27.43470111,0.01704119336,39912.91353,127.509921,34.08238672,96.36841879
1.303743506,96.48610025,127.4187195,-38.86222409,0.03450480443,35213.16294,127.4187195,69.00960887,96.48610025
1.304426639,96.57313654,127.4052483,-50.23303021,0.04565126919,29800.42174,127.4052483,91.30253839,96.57313654
1.305172283,96.66814876,127.4510237,-62.81109459,0.05541280835,22321.60662,127.4510237,110.8256167,96.66814876
1.305917928,96.76321721,127.553967,-72.91935905,0.0621407323,13602.01318,127.553967,124.2814646,96.76321721
1.306585813,96.8484494,127.6799714,-78.06109983,0.0652810433,5135.811321,127.6799714,130.5620866,96.8484494
1.307146302,96.92004511,127.7960732,-78.80203226,0.06569936325,-2157.242706,127.7960732,131.3987265,96.92004511
1.307706792,96.9917054,127.9082753,-76.16640901,0.06407897625,-9375.040121,127.9082753,128.1579525,96.9917054
1.308271577,97.0639745,128.005126,-70.43029747,0.060438068,-16340.93669,128.005126,120.876136,97.0639745
1.308872748,97.14095129,128.0788277,-61.74238135,0.05448163557,-23170.76126,128.0788277,108.9632711,97.14095129
1.309519292,97.22377428,128.1151737,-50.81845451,0.04592622062,-29575.20369,128.1151737,91.85244124,97.22377428
1.310165891,97.30661229,128.1039591,-39.99670688,0.03549097184,-34757.0995,128.1039591,70.98194368,97.30661229
1.31081249,97.38942867,128.0496164,-31.03367483,0.02360614832,-38513.48023,128.0496164,47.21229664,97.38942867
1.311459089,97.47219888,127.9635621,-25.37988547,0.01075772952,-40698.73809,127.9635621,21.51545905,97.47219888
1.312105688,97.55490755,127.8623344,-23.95012518,-0.002530808269,-41226.91856,127.8623344,-5.061616539,97.55490755
1.312777559,97.64077991,127.7614545,-27.18234144,-0.01622403923,-39995.06008,127.7614545,-32.44807847,97.64077991
1.313659901,97.75346381,127.6691636,-37.68802372,-0.03303082352,-35707.92148,127.6691636,-66.06164705,97.75346381
1.314367081,97.84373863,127.6492134,-49.28007438,-0.04474436664,-30271.72758,127.6492134,-89.48873327,97.84373863
1.315098234,97.93708021,127.6880227,-61.67549186,-0.05453857194,-23070.9871,127.6880227,-109.0771439,97.93708021
1.315829386,98.03047127,127.7828019,-71.93685198,-0.06146222295,-14637.23796,127.7828019,-122.9244459,98.03047127
1.316560539,98.1239475,127.9174741,-77.92418712,-0.06514522737,-5422.177837,127.9174741,-130.2904547,98.1239475
1.317140134,98.19812225,128.0365903,-78.77011132,-0.06562654706,2108.677122,128.0365903,-131.2530941,98.19812225
1.31771973,98.27236553,128.1516346,-76.01566688,-0.0639306706,9560.800913,128.1516346,-127.8613412,98.27236553
1.318299325,98.34667106,128.2492888,-70.02897364,-0.06011710103,16682.68766,128.2492888,-120.2342021,98.34667106
1.318915184,98.42567871,128.321739,-61.01896651,-0.05389146617,23623.82981,128.321739,-107.7829323,98.42567871
1.319575623,98.51044086,128.3542573,-49.82927494,-0.04499440843,30066.49371,128.3542573,-89.98881687,98.51044086
1.320236062,98.5952081,128.3373885,-38.91875451,-0.0341772285,35213.32346,128.3373885,-68.354457,98.5952081
1.320896501,98.67994919,128.2766586,-30.13236691,-0.02190407538,38854.86314,128.2766586,-43.80815077,98.67994919
1.32155694,98.76463907,128.1849922,-24.95248504,-0.008698107609,40843.7878,128.1849922,-17.39621522,98.76463907
1.322217379,98.8492631,128.0805236,-24.25326456,0.004879560841,41097.97654,128.0805236,9.759121683,98.8492631
1.322912684,98.93828174,127.9790094,-28.48010269,0.01894110898,39476.11624,127.9790094,37.88221796,98.93828174
1.32383109,99.05577385,127.8943603,-40.4206577,0.03604242066,34487.91769,127.8943603,72.08484131,99.05577385
1.324468145,99.13724438,127.8855551,-51.09756431,0.04623720225,29307.91146,127.8855551,92.4744045,99.13724438
1.325206796,99.23172093,127.9328448,-63.43171264,0.05572443932,21833.50496,127.9328448,111.4488786,99.23172093
1.325945448,99.32625358,128.0353309,-73.22068769,0.06221759827,13167.92907,128.0353309,124.4351965,99.32625358
1.326607981,99.41112117,128.1594852,-78.10512058,0.06519973209,4770.933874,128.1594852,130.3994642,99.41112117
1.327161199,99.48205252,128.2726099,-78.69158554,0.0655266338,-2412.344125,128.2726099,131.0532676,99.48205252
1.327714417,99.55304583,128.3815158,-76.00738568,0.06387267166,-9514.527761,128.3815158,127.7453433,99.55304583
1.328278825,99.62553316,128.4763033,-70.23953813,0.0601990099,-16450.28855,128.4763033,120.3980198,99.62553316
1.328876846,99.70238779,128.5475304,-61.59840498,0.05425079403,-23215.98183,128.5475304,108.5015881,99.70238779
1.329522193,99.78535917,128.5817974,-50.73328623,0.04570332542,-29579.5183,128.5817974,91.40665084,99.78535917
1.330167541,99.8683374,128.5689062,-39.99247543,0.03529295532,-34724.78581,128.5689062,70.58591065,99.8683374
1.330812888,99.95129311,128.5133338,-31.11175718,0.02344655197,-38451.57217,128.5133338,46.89310394,99.95129311
1.331458235,100.0342021,128.4264381,-25.52286435,0.01064660515,-40615.90897,128.4264381,21.2932103,100.0342021
1.332103582,100.1170492,128.3246175,-24.12671817,-0.002587410244,-41132.92166,128.3246175,-5.174820488,100.1170492
1.332775282,100.2032099,128.2230269,-27.36338671,-0.01624470437,-39896.7475,128.2230269,-32.48940874,100.2032099
1.333653125,100.3157242,128.1300134,-37.77367482,-0.03292787728,-35639.50565,128.1300134,-65.85575456,100.3157242
1.334361632,100.4064944,128.1087288,-49.33299094,-0.04464009881,-30208.11741,128.1087288,-89.28019763,100.4064944
1.335091259,100.4999759,128.1458512,-61.64949148,-0.05439653739,-23041.0325,128.1458512,-108.7930748,100.4999759
1.335820886,100.5935054,128.2384994,-71.85680534,-0.06130204103,-14647.71539,128.2384994,-122.6040821,100.5935054
1.336550513,100.6871182,128.3708047,-77.83500239,-0.06498902933,-5475.748087,128.3708047,-129.9780587,100.6871182
1.337130321,100.7615826,128.4883587,-78.70839942,-0.0654882304,2040.476459,128.4883587,-130.9764608,100.7615826
1.337710129,100.8361146,128.6019736,-75.99363894,-0.06381333944,9480.35418,128.6019736,-127.6266789,100.8361146
1.338289937,100.9107081,128.6983639,-70.0537254,-0.06002315197,16592.62399,128.6983639,-120.0463039,100.9107081
1.338905497,100.9899534,128.7696211,-61.10324534,-0.05383034532,23521.00945,128.7696211,-107.6606906,100.9899534
1.339565413,101.0749438,128.8011482,-49.97606551,-0.04497608629,29953.6455,128.8011482,-89.95217258,101.0749438
1.34022533,101.1599386,128.7835716,-39.11077142,-0.03420539723,35097.41857,128.7835716,-68.41079446,101.1599386
1.340885247,101.244907,128.7223119,-30.34182854,-0.02197968903,38743.23969,128.7223119,-43.95937807,101.244907
1.341545164,101.3298238,128.6301477,-25.14641673,-0.008819275713,40743.78209,128.6301477,-17.63855143,101.3298238
1.342205081,101.4146745,128.5250546,-24.40000346,0.004717543924,41016.56841,128.5250546,9.435087849,101.4146745
1.34289922,101.5038522,128.4226737,-28.54584871,0.01873193599,39423.30337,128.4226737,37.46387199,101.5038522
1.343899849,101.6323029,128.3321988,-41.68612593,0.03722338128,33884.71615,128.3321988,74.44676255,101.6323029
1.344546607,101.7152988,128.3278325,-52.57928221,0.04734193867,28477.57931,128.3278325,94.68387734,101.7152988
1.34531596,101.8140457,128.383815,-65.16014951,0.05681293729,20519.66927,128.383815,113.6258746,101.8140457
1.345954265,101.8960207,128.4745531,-73.31908457,0.0621758727,12973.00499,128.4745531,124.3517454,101.8960207
1.346608123,101.9800635,128.5957282,-78.06135702,0.06507476108,4698.135161,128.5957282,130.1495222,101.9800635
1.347157843,102.0507856,128.706719,-78.62314844,0.06538786587,-2424.630532,128.706719,130.7757317,102.0507856
1.347707564,102.1215681,128.8135332,-75.96908308,0.06374926789,-9467.054052,128.8135332,127.4985358,102.1215681
1.348269701,102.1940062,128.9066906,-70.26413204,0.06010948713,-16362.78265,128.9066906,120.2189743,102.1940062
1.348864937,102.2707586,128.9765862,-61.71861346,0.05422103103,-23089.85931,128.9765862,108.4420621,102.2707586
1.349507596,102.3536597,129.0100637,-50.95349359,0.04575411882,-29428.37238,129.0100637,91.50823764,102.3536597
1.350151836,102.4367714,128.9968699,-40.25897248,0.0354102236,-34575.85344,128.9968699,70.82044719,102.4367714
1.350796076,102.5198605,128.9411816,-31.38271474,0.0236303036,-38315.70287,128.9411816,47.26060721,102.5198605
1.351440317,102.6029029,128.8541428,-25.75095995,0.01089252204,-40503.88449,128.8541428,21.78504408,102.6029029
1.352084557,102.6858833,128.751926,-24.26850576,-0.002287924418,-41054.89776,128.751926,-4.575848837,102.6858833
1.35275421,102.7720674,128.6495727,-27.37623428,-0.01588508305,-39866.3906,128.6495727,-31.7701661,102.7720674
1.353614652,102.8827183,128.5555491,-37.37711707,-0.03225794515,-35783.14188,128.5555491,-64.51589029,102.8827183
1.354475095,102.9933172,128.5324502,-51.41255836,-0.04629899511,-29088.73286,128.5324502,-92.59799022,102.9933172
1.355248678,103.0927628,128.5823164,-64.1790234,-0.05607854752,-21225.48277,128.5823164,-112.157095,103.0927628
1.356022262,103.1922709,128.6913007,-74.00197829,-0.06255462953,-12092.71063,128.6913007,-125.1092591,103.1922709
1.356683877,103.277455,128.8153077,-78.30887283,-0.06517425305,-3687.696603,128.8153077,-130.3485061,103.277455
1.357238117,103.3488805,128.9266549,-78.39655264,-0.06520183256,3488.10744,128.9266549,-130.4036651,103.3488805
1.357792358,103.4203666,129.031981,-75.24658364,-0.06325160544,10549.33174,129.031981,-126.5032109,103.4203666
1.358379402,103.4961424,129.1243995,-68.81262502,-0.05909913694,17661.9032,129.1243995,-118.1982739,103.4961424
1.35898986,103.5749889,129.1882536,-59.67297849,-0.05265919245,24403.55862,129.1882536,-105.3183849,103.5749889
1.359654101,103.6608116,129.2119394,-48.44007818,-0.04347480745,30701.53577,129.2119394,-86.94961489,103.6608116
1.360318341,103.7466335,129.1863582,-37.74310565,-0.03241417108,35663.07389,129.1863582,-64.82834216,103.7466335
1.360982581,103.8324236,129.1181841,-29.41069211,-0.01995673692,39084.13947,129.1181841,-39.91347384,103.8324236
1.361646821,103.918158,129.0213566,-24.86448892,-0.006639225494,40824.51021,129.0213566,-13.27845099,103.918158
1.362311061,104.0038238,128.9146968,-24.88094879,0.00696610195,40810.82303,128.9146968,13.9322039,104.0038238
1.363024762,104.0957923,128.8125253,-29.9671099,0.02123704125,38838.15455,128.8125253,42.4740825,104.0957923
1.363927908,104.2120887,128.7359744,-42.29126473,0.03769890839,33579.35985,128.7359744,75.39781678,104.2120887
1.364548045,104.2919192,128.7321152,-52.72102258,0.04733365536,28367.54899,128.7321152,94.66731072,104.2919192
1.365276832,104.3857523,128.7826511,-64.6347889,0.05634436468,20868.51422,128.7826511,112.6887294,104.3857523
1.366005618,104.479642,128.8851301,-73.84064647,0.06240742039,12260.93474,128.8851301,124.8148408,104.479642
1.366657899,104.5637497,129.0061229,-78.20313051,0.06506717448,3992.099955,129.0061229,130.134349,104.5637497
1.367202705,104.6340627,129.1149369,-78.45614251,0.06519500127,-3054.927568,129.1149369,130.3900025,104.6340627
1.367747512,104.7044342,129.2186363,-75.57517523,0.06341171668,-10004.24835,129.2186363,126.8234334,104.7044342
1.368318773,104.7782789,129.3100654,-69.56385783,0.05955004406,-16960.31783,129.3100654,119.1000881,104.7782789
1.368916898,104.855644,129.3758851,-60.8266708,0.05346062444,-23640.68317,129.3758851,106.9212489,104.855644
1.369566989,104.9397618,129.4042111,-49.913668,0.04472239563,-29936.76916,129.4042111,89.44479127,104.9397618
1.370217079,105.0238825,129.3851636,-39.27594681,0.03413463263,-34983.02774,129.3851636,68.26926526,105.0238825
1.370867169,105.1079767,129.323935,-30.65711156,0.02213747151,-38580.32015,129.323935,44.27494302,105.1079767
1.371517259,105.1920204,129.2326157,-25.46678121,0.009226447043,-40587.49408,129.2326157,18.45289409,105.1920204
1.37216735,105.2759995,129.1282102,-24.55411085,-0.004066852313,-40924.27202,129.1282102,-8.133704626,105.2759995
1.372851344,105.3642863,129.0252531,-28.36829315,-0.01786482495,-39457.36767,129.0252531,-35.7296499,105.3642863
1.37378928,105.4852545,128.9325968,-40.17181178,-0.03534029335,-34528.99283,128.9325968,-70.68058671,105.4852545
1.374459599,105.5716733,128.9196299,-51.26465629,-0.04604945377,-29137.05722,128.9196299,-92.09890755,105.5716733
1.375210326,105.6684698,128.9648219,-63.6565912,-0.05561003385,-21563.06717,128.9648219,-111.2200677,105.6684698
1.375961053,105.7653222,129.0661765,-73.39791274,-0.06208509335,-12774.17341,129.0661765,-124.1701867,105.7653222
1.376622777,105.8507672,129.1870511,-78.05921942,-0.06493903231,-4414.72806,129.1870511,-129.8780646,105.8507672
1.377169357,105.9214079,129.295546,-78.50095431,-0.06518094917,2647.785141,129.295546,-130.3618983,105.9214079
1.377715938,105.9921073,129.3995609,-75.78558576,-0.06349965506,9624.281242,129.3995609,-126.9993101,105.9921073
1.378280157,106.0651436,129.490587,-70.01604585,-0.05980272115,16513.91106,129.490587,-119.6054423,106.0651436
1.378875035,106.1421965,129.5576913,-61.46735157,-0.05387911812,23198.26613,129.5576913,-107.7582362,106.1421965
1.379518874,106.225623,129.5883005,-50.72287873,-0.04536717922,29501.96907,129.5883005,-90.73435845,106.225623
1.380162712,106.3090542,129.572441,-40.12144697,-0.03501453518,34596.76295,129.572441,-70.02907036,106.3090542
1.38080655,106.3924613,129.5145931,-31.36827653,-0.0232435741,38285.22032,129.5145931,-46.48714819,106.3924613
1.381450388,106.4758204,129.4259759,-25.86808105,-0.01053140376,40425.37949,129.4259759,-21.06280751,106.4758204
1.382094226,106.5591169,129.3227388,-24.50356094,0.002608488724,40933.5848,129.3227388,5.216977449,106.5591169
1.382765749,106.6459246,129.2194719,-27.71759712,0.01619553429,39700.60696,129.2194719,32.39106859,106.6459246
1.383631217,106.7577147,129.1248032,-37.85396817,0.03257617314,35539.82803,129.1248032,65.15234629,106.7577147
1.384345749,106.8499663,129.1000727,-49.37999421,0.04435304342,30108.38586,129.1000727,88.70608684,106.8499663
1.385071,106.9436047,129.133151,-61.51548582,0.05403084561,23033.17303,129.133151,108.0616912,106.9436047
1.385796251,107.0372875,129.2207214,-71.61781699,0.06091119281,14746.89891,129.2207214,121.8223856,107.0372875
1.386521502,107.1310491,129.3475038,-77.61362313,0.06463222218,5685.941967,129.3475038,129.2644444,107.1310491
1.387102863,107.2062799,129.4618629,-78.58990398,0.06519668338,-1812.20152,129.4618629,130.3933668,107.2062799
1.387684225,107.2815768,129.5727046,-75.98971142,0.06358534956,-9241.651927,129.5727046,127.1706991,107.2815768
1.388265587,107.3569339,129.6667252,-70.16246897,0.05985508616,-16350.16095,129.6667252,119.7101723,107.3569339
1.388881236,107.4367862,129.7357141,-61.3420456,0.05373848652,-23264.01938,129.7357141,107.476973,107.4367862
1.389540589,107.5223402,129.7653551,-50.34299682,0.04497865859,-29685.96655,129.7653551,89.95731719,107.5223402
1.390199941,107.6078977,129.7464128,-39.56133377,0.03430529811,-34832.85216,129.7464128,68.61059623,107.6078977
1.390859294,107.6934279,129.6840665,-30.81438054,0.02217484879,-38495.61987,129.6840665,44.34969757,107.6934279
1.391518646,107.7789059,129.5907954,-25.57324715,0.009102696025,-40526.38041,129.5907954,18.20539205,107.7789059
1.392177999,107.864317,129.4842726,-24.71972803,-0.004357545703,-40841.54539,129.4842726,-8.715091407,107.864317
1.392869995,107.9538824,129.3799748,-28.69234426,-0.01827819573,-39309.7079,129.3799748,-36.55639146,107.9538824
1.393818942,108.0766072,129.2874682,-40.7734515,-0.03585640071,-34235.16785,129.2874682,-71.71280141,108.0766072
1.394487687,108.163061,129.2760242,-51.8514617,-0.04643369866,-28795.99766,129.2760242,-92.86739732,108.163061
1.395242121,108.260605,129.3229767,-64.19753568,-0.05589592302,-21133.59165,129.3229767,-111.791846,108.260605
1.395996555,108.3582065,129.4257885,-73.75676879,-0.06222607494,-12268.70829,129.4257885,-124.4521499,108.3582065
1.396654784,108.4434366,129.5457866,-78.13702182,-0.06490412689,-3947.207357,129.5457866,-129.8082538,108.4434366
1.397202441,108.5144128,129.653403,-78.3658412,-0.06501783407,3117.806069,129.653403,-130.0356681,108.5144128
1.397750098,108.5854469,129.7557641,-75.4463339,-0.06320582617,10082.32726,129.7557641,-126.4116523,108.5854469
1.398324624,108.6600218,129.8455722,-69.3843921,-0.05929754946,17051.78438,129.8455722,-118.5950989,108.6600218
1.398925316,108.7380399,129.9092618,-60.61370229,-0.0531550004,23727.46593,129.9092618,-106.3100008,108.7380399
1.399578035,108.8228452,129.935003,-49.69873475,-0.04435569432,30005.73381,129.935003,-88.71138864,108.8228452
1.400230754,108.9076517,129.913279,-39.10666743,-0.03370720693,35021.67417,129.913279,-67.41441385,108.9076517
1.400883473,108.9924297,129.8495279,-30.58731338,-0.02165562429,38575.73728,129.8495279,-43.31124857,108.9924297
1.401536192,109.0771557,129.756116,-25.54515018,-0.00870264541,40527.24909,129.756116,-17.40529082,109.0771557
1.402188911,109.1618156,129.6502934,-24.81184879,0.004614138612,40797.34542,129.6502934,9.228277224,109.1618156
1.402878385,109.2511692,129.5463752,-28.84224328,0.01846415698,39241.24775,129.5463752,36.92831397,109.2511692
1.403835605,109.375123,129.4537617,-41.09926535,0.03614328386,34076.87888,129.4537617,72.28656772,109.375123
1.404495783,109.4605793,129.4430643,-52.03921874,0.04653900927,28682.11513,129.4430643,93.07801855,109.4605793
1.405252448,109.5585384,129.4904702,-64.37935676,0.05597913644,20982.59509,129.4904702,111.9582729,109.5585384
1.406009113,109.6565553,129.59374,-73.88043032,0.06226402261,12082.14986,129.59374,124.5280452,109.6565553
1.406666206,109.7417487,129.7132886,-78.15756552,0.06487819122,3774.527565,129.7132886,129.7563824,109.7417487
1.407215999,109.8130936,129.820789,-78.30335242,0.06494174864,-3312.287213,129.820789,129.8834973,109.8130936
1.407765791,109.8844967,129.9226795,-75.28634695,0.06306695678,-10291.94155,129.9226795,126.1339136,109.8844967
1.408345938,109.9598979,130.0119827,-69.07837091,0.05905257037,-17307.32855,130.0119827,118.1051407,109.9598979
1.408950401,110.038506,130.0740802,-60.18788238,0.05279296216,-23988.24652,130.0740802,105.5859243,110.038506
1.409607936,110.1240446,130.0973813,-49.18573997,0.04384399087,-30255.89631,130.0973813,87.68798175,110.1240446
1.410265471,110.2095826,130.0726874,-38.60043315,0.03304034019,-35232.53706,130.0726874,66.08068038,110.2095826
1.410923006,110.29509,130.0059502,-30.20591729,0.02084107639,-38717.35414,130.0059502,41.68215278,110.29509
1.411580541,110.3805431,129.9101532,-25.40623468,0.007761393272,-40570.31292,129.9101532,15.52278654,110.3805431
1.412238076,110.4659285,129.8031345,-25.00481402,-0.005647889432,-40715.15048,129.8031345,-11.29577886,110.4659285
1.412937749,110.5567106,129.6990348,-29.47285304,-0.01964471965,-38983.30227,129.6990348,-39.28943931,110.5567106
1.41385021,110.6750111,129.6132104,-41.39059854,-0.03639344032,-33934.12101,129.6132104,-72.78688065,110.6750111
1.414485873,110.7573958,129.6027868,-51.91877173,-0.04638615354,-28735.01739,129.6027868,-92.77230708,110.7573958
1.415222455,110.8528715,129.6469455,-63.95365604,-0.05563793531,-21278.57352,129.6469455,-111.2758706,110.8528715
1.415959037,110.9484001,129.7445207,-73.38971115,-0.06191755657,-12667.80172,129.7445207,-123.8351131,110.9484001
1.416616155,111.0336952,129.8620685,-77.96985475,-0.06473027578,-4392.434496,129.8620685,-129.4605516,111.0336952
1.417160929,111.1044695,129.9680108,-78.40870654,-0.06497168355,2623.365616,129.9680108,-129.9433671,111.1044695
1.417705703,111.1753008,130.069558,-75.73128035,-0.06330882463,9554.611769,130.069558,-126.6176493,111.1753008
1.418268116,111.2484796,130.158318,-70.03582411,-0.05964929765,16402.67894,130.158318,-119.2985953,111.2484796
1.418860972,111.3256657,130.223473,-61.59026132,-0.05378457485,23049.72366,130.223473,-107.5691497,111.3256657
1.419502455,111.4092136,130.2525923,-50.96259513,-0.04535654168,29323.94654,130.2525923,-90.71308335,111.4092136
1.42014645,111.4930927,130.2357164,-40.41202886,-0.03505824215,34422.66446,130.2357164,-70.11648431,111.4930927
1.420790445,111.5769469,130.1769931,-31.67599812,-0.02333896929,38121.46926,130.1769931,-46.67793859,111.5769469
1.42143444,111.6607527,130.0874937,-26.15720714,-0.01067396411,40277.84342,130.0874937,-21.34792822,111.6607527
1.422078436,111.7444951,129.9832243,-24.74184209,0.002424941213,40807.43142,129.9832243,4.849882425,111.7444951
1.422749519,111.8316889,129.878681,-27.87271392,0.01596538147,39603.2521,129.878681,31.93076294,111.8316889
1.42360173,111.9423279,129.7826866,-37.69214908,0.0320775151,35569.47675,129.7826866,64.15503019,111.9423279
1.42445394,112.0529129,129.7555066,-51.42347518,0.04591548414,28989.3645,129.7555066,91.83096828,112.0529129
1.42530615,112.1635089,129.8084077,-65.22343972,0.05648454712,20316.76186,129.8084077,112.9690942,112.1635089
1.426041249,112.2589656,129.9103274,-74.18695221,0.06238158689,11626.41564,129.9103274,124.7631738,112.2589656
1.426689108,112.3431663,130.0278714,-78.19572368,0.06482906254,3432.319893,130.0278714,129.6581251,112.3431663
1.427239844,112.4148068,130.1345346,-78.18513871,0.06479810316,-3655.595068,130.1345346,129.5962063,112.4148068
1.427790581,112.4865049,130.2350154,-75.01976373,0.06282663728,-10625.56675,130.2350154,125.6532746,112.4865049
1.428376116,112.562789,130.3228213,-68.6269618,0.05867259621,-17669.59561,130.3228213,117.3451924,112.562789
1.428984119,112.6420455,130.3822079,-59.60292859,0.05226808193,-24334.56876,130.3822079,104.5361639,112.6420455
1.429646325,112.7283948,130.4018639,-48.52838916,0.04314594283,-30566.44916,130.4018639,86.29188567,112.7283948
1.430308532,112.8147408,130.37314,-37.99440945,0.03217288237,-35476.39757,130.37314,64.34576473,112.8147408
1.430970739,112.9010535,130.3026216,-29.79080914,0.01982152371,-38863.57345,130.3026216,39.64304742,112.9010535
1.431632946,112.9873092,130.2039821,-25.308938,0.006620710621,-40589.8204,130.2039821,13.24142124,112.9873092
1.432295153,113.0734953,130.0956593,-25.3098552,-0.006865777291,-40582.70451,130.0956593,-13.73155458,113.0734953
1.433007062,113.1660729,129.991343,-30.2979353,-0.02102409541,-38638.25874,129.991343,-42.04819082,113.1660729
1.433911279,113.2835714,129.9108959,-42.47164428,-0.03742364408,-33418.55937,129.9108959,-74.84728817,113.2835714
1.434531117,113.3640908,129.9038594,-52.77472224,-0.04701002714,-28247.31379,129.9038594,-94.02005428,113.3640908
1.435261391,113.4589696,129.9501983,-64.58541817,-0.05600153141,-20782.87193,129.9501983,-112.0030628,113.4589696
1.435991665,113.5539019,130.0481644,-73.71714817,-0.06205203783,-12210.06834,130.0481644,-124.1040757,113.5539019
1.436643289,113.6386813,130.1645725,-78.03763954,-0.06470172306,-3997.84577,130.1645725,-129.4034461,113.6386813
1.437186333,113.7093948,130.2692737,-78.30429774,-0.06483926044,2986.318536,130.2692737,-129.6785209,113.7093948
1.437729378,113.7801644,130.369034,-75.49074823,-0.06308860923,9875.735405,130.369034,-126.1772185,113.7801644
1.438297936,113.8543128,130.4566375,-69.60730871,-0.05929138542,16765.61483,130.4566375,-118.5827708,113.8543128
1.438893287,113.9320005,130.5192034,-61.03789055,-0.05329686319,23390.11138,130.5192034,-106.5937264,113.9320005
1.439539901,114.016407,130.5449694,-50.31467726,-0.04469435285,29640.75122,130.5449694,-89.3887057,114.016407
1.440186516,114.100815,130.5243561,-39.81986902,-0.03426283507,34667.23003,130.5243561,-68.52567014,114.100815
1.44083313,114.1851959,130.46223,-31.25558931,-0.02243131741,38273.08725,130.46223,-44.86263481,114.1851959
1.441479745,114.2695261,130.3701773,-26.00792565,-0.009683310526,40318.19825,130.3701773,-19.36662105,114.2695261
1.44212636,114.3537915,130.2646221,-24.92648162,0.003461878097,40721.6519,130.2646221,6.923756195,114.3537915
1.442805129,114.4421746,130.1596413,-28.45805882,0.01710230335,39358.59155,130.1596413,34.20460669,114.4421746
1.443692233,114.5575927,130.0643941,-39.14258763,0.03368219298,34916.01971,130.0643941,67.36438596,114.5575927
1.444389228,114.6482362,130.0424772,-50.41789534,0.04495226283,29500.91873,130.0424772,89.90452567,114.6482362
1.445123093,114.7436791,130.0775168,-62.5103879,0.05449222744,22263.31015,130.0775168,108.9844549,114.7436791
1.445856958,114.8391684,130.1669174,-72.33736822,0.06114363739,13827.14345,130.1669174,122.2872748,114.8391684
1.446590824,114.9347384,130.2940777,-77.83458188,0.06454840807,4647.805475,130.2940777,129.0968161,114.9347384
1.447159675,115.0088873,130.4031558,-78.34254173,0.06483156353,-2661.131005,130.4031558,129.6631271,115.0088873
1.447728526,115.0830975,130.5073912,-75.47097014,0.06304348119,-9876.7944,130.5073912,126.0869624,115.0830975
1.448308397,115.1588018,130.596016,-69.44947856,0.05915150329,-16893.67675,130.596016,118.3030066,115.1588018
1.448919602,115.2386436,130.6586229,-60.60110627,0.05293463288,-23664.79196,130.6586229,105.8692658,115.2386436
1.449578124,115.3246955,130.6819888,-49.66504864,0.04407333953,-29966.77426,130.6819888,88.14667905,115.3246955
1.450236645,115.4107469,130.6574281,-39.07784891,0.03334184241,-34986.05527,130.6574281,66.68368481,115.4107469
1.450895167,115.4967678,130.5906124,-30.61917375,0.02119757243,-38519.32532,130.5906124,42.39514487,115.4967678
1.451553689,115.582734,130.4943034,-25.70808008,0.008154986296,-40424.11759,130.4943034,16.30997259,115.582734
1.452212211,115.6686319,130.386205,-25.16909076,-0.005235000715,-40621.87737,130.386205,-10.47000143,115.6686319
1.452909903,115.7595632,130.280705,-29.45943057,-0.01917083443,-38956.55281,130.280705,-38.34166885,115.7595632
1.453882683,115.8862461,130.1883391,-42.12453288,-0.03694578741,-33561.43601,130.1883391,-73.89157482,115.8862461
1.454536324,115.9713371,130.1795824,-52.94342868,-0.04706346783,-28134.18389,130.1795824,-94.12693567,115.9713371
1.455297431,116.0704324,130.228784,-65.15902065,-0.05632859701,-20322.58391,130.228784,-112.657194,116.0704324
1.456058538,116.1695872,130.3330523,-74.34745938,-0.06238152002,-11334.20309,130.3330523,-124.76304,116.1695872
1.456709792,116.2545044,130.4502154,-78.21003333,-0.06474037978,-3103.146537,130.4502154,-129.4807596,116.2545044
1.457266583,116.3271676,130.556621,-78.03340586,-0.06460851359,4046.980075,130.556621,-129.2170272,116.3271676
1.457823374,116.3998886,130.6560704,-74.65795022,-0.06249938952,11064.45736,130.6560704,-124.998779,116.3998886
1.458412737,116.4769188,130.7413698,-68.06641883,-0.0581886534,18106.29828,130.7413698,-116.3773068,116.4769188
1.459026414,116.557171,130.7973315,-58.86582452,-0.05159097002,24762.31066,130.7973315,-103.18194,116.557171
1.459693132,116.6443837,130.8122706,-47.73569078,-0.04227317645,30934.17888,130.8122706,-84.54635291,116.6443837
1.460359851,116.73159,130.7785999,-37.29843343,-0.0311173752,35751.05509,130.7785999,-62.2347504,116.73159
1.461026569,116.8187594,130.703654,-29.3509295,-0.01861027961,39013.31813,130.703654,-37.22055922,116.8187594
1.461693287,116.905869,130.6018611,-25.25923661,-0.005294483713,40585.93195,130.6018611,-10.58896743,116.905869
1.462360006,116.992907,130.4922604,-25.72790692,0.008253606249,40401.52058,130.4922604,16.5072125,116.992907
1.463088078,117.0878751,130.3876153,-31.33694176,0.0226226577,38198.33428,130.3876153,45.24531541,117.0878751
1.463979489,117.2040655,130.3135365,-43.71623461,0.03855210732,32811.63638,130.3135365,77.10421464,117.2040655
1.464614349,117.2867931,130.3109413,-54.29365046,0.04813618849,27371.09968,130.3109413,96.27237698,117.2867931
1.465339189,117.3812629,130.3620975,-65.7830562,0.05672688217,19827.7317,130.3620975,113.4537643,117.3812629
1.466064029,117.4757883,130.4624066,-74.39747064,0.06238199913,11242.48585,130.4624066,124.7639983,117.4757883
1.466705747,117.5595445,130.5774474,-78.18629621,0.06469655571,3135.704747,130.5774474,129.3931114,117.5595445
1.467257729,117.6316499,130.682531,-78.04103703,0.06458395889,-3948.556543,130.682531,129.1679178,117.6316499
1.467809711,117.7038121,130.7809423,-74.75236071,0.06252875579,-10905.49479,130.7809423,125.0575116,117.7038121
1.46839521,117.7804104,130.865901,-68.27719451,0.05829869705,-17909.30058,130.865901,116.5973941,117.7804104
1.469004555,117.8601718,130.9222019,-59.20479775,0.05181219651,-24538.43861,130.9222019,103.624393,117.8601718
1.469667503,117.9469745,130.9383431,-48.16040166,0.04262152346,-30712.90358,130.9383431,85.24304691,117.9469745
1.47033045,118.0337717,130.9063632,-37.73133723,0.03159837884,-35556.80765,130.9063632,63.19675768,118.0337717
1.470993398,118.1205334,130.8331579,-29.69328282,0.0192184071,-38871.5757,130.8331579,38.43681421,118.1205334
1.471656346,118.2072367,130.7326301,-25.41253587,0.006012740516,-40521.58293,130.7326301,12.02548103,118.2072367
1.472319293,118.2938693,130.6233233,-25.61783812,-0.007453395921,-40437.1878,130.6233233,-14.90679184,118.2938693
1.473037236,118.3876101,130.518245,-30.84489163,-0.02166174373,-38389.8625,130.518245,-43.32348747,118.3876101
1.473936313,118.5049151,130.4394001,-43.07151902,-0.0378400026,-33106.3812,130.4394001,-75.6800052,118.5049151
1.474560773,118.5863651,130.4332745,-53.42872992,-0.04738675358,-27847.10302,130.4332745,-94.77350716,118.5863651
1.475288862,118.6813458,130.4803283,-65.07228917,-0.05620124023,-20363.31841,130.4803283,-112.4024805,118.6813458
1.476016951,118.77638,130.5778461,-73.96572564,-0.06208179497,-11800.00324,130.5778461,-124.1635899,118.77638
1.476664279,118.8609429,130.6923086,-78.0555351,-0.06459050462,-3648.168008,130.6923086,-129.1810092,118.8609429
1.4772106,118.932371,130.7959544,-78.15976739,-0.06462980808,3360.160465,130.7959544,-129.2596162,118.932371
1.47775692,119.0038549,130.8940119,-75.17170042,-0.06276454023,10261.48052,130.8940119,-125.5290805,119.0038549
1.478335732,119.0796439,130.979935,-69.031571,-0.05877552925,17226.98944,130.979935,-117.5510585,119.0796439
1.478937565,119.1584914,131.0388576,-60.26518323,-0.05257644054,23849.27699,131.0388576,-105.1528811,119.1584914
1.47959288,119.2443726,131.0595173,-49.40404291,-0.04371074577,30073.45529,131.0595173,-87.42149154,119.2443726
1.480248196,119.3302517,131.0329362,-38.93947464,-0.033008223,35023.28824,131.0329362,-66.016446,119.3302517
1.480903512,119.4160993,130.9648835,-30.61352312,-0.02092052601,38500.23254,130.9648835,-41.84105202,119.4160993
1.481558827,119.501892,130.8680205,-25.80959851,-0.007954688569,40365.38693,130.8680205,-15.90937714,119.501892
1.482214143,119.5876165,130.7597907,-25.32660617,0.005346933814,40542.47628,130.7597907,10.69386763,119.5876165
1.482910716,119.6786622,130.6539171,-29.63100663,0.0192309623,38868.40736,130.6539171,38.4619246,119.6786622
1.483878163,119.8050115,130.5610648,-42.19683116,0.03687174481,33505.16212,130.5610648,73.74348961,119.8050115
1.484531531,119.8903101,130.551297,-52.97175463,0.04696894372,28091.50937,130.551297,93.93788744,119.8903101
1.485290901,119.9894611,130.5989213,-65.1202297,0.05620315131,20315.06371,130.5989213,112.4063026,119.9894611
1.486050272,120.0886699,130.7012262,-74.27443022,0.06224707503,11367.64414,130.7012262,124.4941501,120.0886699
1.486701226,120.1737872,130.8168229,-78.15022994,0.06461916839,3157.41461,130.8168229,129.2383368,120.1737872
1.487256684,120.2464797,130.9217696,-78.00571693,0.06450687795,-3962.94331,130.9217696,129.0137559,120.2464797
1.487812142,120.3192291,131.0199453,-74.68644736,0.06242991071,-10953.99377,131.0199453,124.8598214,120.3192291
1.488400428,120.3963324,131.1042488,-68.16626577,0.05816241114,-17977.37347,131.1042488,116.3248223,120.3963324
1.489012495,120.4765957,131.15951,-59.04817923,0.05162432982,-24616.47326,131.15951,103.2486596,120.4765957
1.489677845,120.5638703,131.1741559,-47.98393749,0.04237508009,-30784.83755,131.1741559,84.75016018,120.5638703
1.490343195,120.6511384,131.1405065,-37.57461892,0.03129078888,-35610.18672,131.1405065,62.58157776,120.6511384
1.491008545,120.7383698,131.0656826,-29.60511363,0.01885310341,-38893.27871,131.0656826,37.70620682,120.7383698
1.491673895,120.8255414,130.9638539,-25.43977037,0.005599428769,-40498.74788,130.9638539,11.19885754,120.8255414
1.492339245,120.9126415,130.8538098,-25.7929008,-0.007898859632,-40358.17888,130.8538098,-15.79771926,120.9126415
1.493062962,121.0073029,130.7483567,-31.22100904,-0.02217831347,-38225.7539,130.7483567,-44.35662693,121.0073029
1.493957826,121.1242649,130.6713223,-43.50269878,-0.03819406798,-32889.94221,130.6713223,-76.38813595,121.1242649
1.494588119,121.2066222,130.6664261,-53.95423915,-0.04774722477,-27536.25287,130.6664261,-95.49444955,121.2066222
1.495314564,121.3015584,130.7148059,-65.48054565,-0.05642358737,-20027.02007,130.7148059,-112.8471747,121.3015584
1.496041009,121.3965486,130.8127877,-74.19101174,-0.06216752728,-11460.8399,130.8127877,-124.3350546,121.3965486
1.496684867,121.4808092,130.9264247,-78.09431519,-0.06455970832,-3349.760418,130.9264247,-129.1194166,121.4808092
1.497234129,121.5527505,131.0298648,-78.05714029,-0.0645130162,3687.960231,131.0298648,-129.0260324,121.5527505
1.49778339,121.6247474,131.1271318,-74.91041295,-0.06254488014,10607.61611,131.1271318,-125.0897603,121.6247474
1.498367182,121.7013243,131.211721,-68.58418193,-0.05841623512,17599.05564,131.211721,-116.8324702,121.7013243
1.498973376,121.7808829,131.2682207,-59.66448591,-0.05205962725,24216.21187,131.2682207,-104.1192545,121.7808829
1.499633626,121.8675611,131.2853951,-48.71744795,-0.04301057368,30407.56472,131.2853951,-86.02114737,121.8675611
1.500293876,121.9542348,131.2548748,-38.29369285,-0.03212706556,35291.84397,131.2548748,-64.25413111,121.9542348
1.500954127,122.0408741,131.1830821,-30.15398755,-0.01987505181,38670.29598,131.1830821,-39.75010362,122.0408741
1.501614377,122.127456,131.0833995,-25.67089967,-0.006776016958,40405.81958,131.0833995,-13.55203392,122.127456
1.502274627,122.2139677,130.973909,-25.60137165,0.00661389897,40425.99696,130.973909,13.22779794,122.2139677
1.50298358,122.3067831,130.8679198,-30.44187788,0.02066635317,38533.22014,130.8679198,41.33270634,122.3067831
1.503888681,122.425188,130.7837248,-42.44802374,0.03704838584,33375.51349,130.7837248,74.09677168,122.425188
1.504519681,122.5077072,130.7738429,-52.83846694,0.04678616011,28149.01872,130.7738429,93.57232023,122.5077072
1.505252323,122.60353,130.8172665,-64.58986112,0.05577270235,20694.28522,130.8172665,111.5454047,122.60353
1.505984966,122.6994044,130.912218,-73.66742214,0.06181176921,12128.86402,130.912218,123.6235384,122.6994044
1.506636043,122.7846742,131.0253287,-77.93440162,0.06443931711,3957.2223,131.0253287,128.8786342,122.7846742
1.507178529,122.8557813,131.1271465,-78.18909758,0.06457065003,-2990.316162,131.1271465,129.1413001,122.8557813
1.507721016,122.9269427,131.2240498,-75.39574383,0.06282566585,-9843.393676,131.2240498,125.6513317,122.9269427
1.508289232,123.0015315,131.3088545,-69.56130655,0.05904469316,-16700.04268,131.3088545,118.0893863,123.0015315
1.508883722,123.0796127,131.3687259,-61.07427531,0.05308392067,-23287.83121,131.3687259,106.1678413,123.0796127
1.509529268,123.1644273,131.3920399,-50.45681917,0.04453433723,-29504.63303,131.3920399,89.06867447,123.1644273
1.510174814,123.2492421,131.3695064,-40.06050846,0.03416813896,-34507.17913,131.3695064,68.33627793,123.2492421
1.510820361,123.3340287,131.3059039,-31.56594604,0.02241017487,-38100.47032,131.3059039,44.82034974,123.3340287
1.511465907,123.4187638,131.2126388,-26.34351715,0.009739336146,-40145.2196,131.2126388,19.47867229,123.4187638
1.512111454,123.5034334,131.1058984,-25.23609353,-0.003329919027,-40560.73674,131.1058984,-6.659838054,123.5034334
1.512789269,123.5922621,130.9994099,-28.69089547,-0.01690053777,-39222.71292,130.9994099,-33.80107555,123.5922621
1.513659767,123.7062503,130.9025925,-39.00011163,-0.03313937603,-34929.80765,130.9025925,-66.27875207,123.7062503
1.514366089,123.7986973,130.8767231,-50.29452071,-0.0445651977,-29508.04137,130.8767231,-89.13039541,123.7986973
1.515094109,123.8939858,130.907367,-62.21944769,-0.05405292333,-22389.8579,130.907367,-108.1058467,123.8939858
1.515822129,123.9893167,130.9914021,-71.99633183,-0.06072124569,-14085.50429,130.9914021,-121.4424914,123.9893167
1.516550149,124.0847237,131.1130511,-77.60353686,-0.06421684073,-5035.853033,131.1130511,-128.4336815,124.0847237
1.517121506,124.1596665,131.2196968,-78.29310786,-0.06461233389,2273.669432,131.2196968,-129.2246678,124.1596665
1.517692863,124.2346696,131.3221624,-75.59320227,-0.06292550341,9502.078251,131.3221624,-125.8510068,124.2346696
1.518266937,124.310084,131.4084513,-69.8201527,-0.05919125965,16444.32454,131.4084513,-118.3825193,124.310084
1.518875393,124.3900608,131.4702191,-61.19167849,-0.05314192909,23200.48335,131.4702191,-106.2838582,124.3900608
1.519528111,124.475884,131.4937503,-50.47223259,-0.04451350172,29489.34726,131.4937503,-89.02700344,124.475884
1.520181551,124.5618022,131.4704199,-39.96749111,-0.03401638976,34542.42157,131.4704199,-68.03277952,124.5618022
1.520834991,124.6476909,131.40517,-31.4280684,-0.02209970096,38150.34307,131.40517,-44.19940192,124.6476909
1.521488431,124.7335264,131.3099228,-26.26500134,-0.009260646996,40169.79819,131.3099228,-18.52129399,124.7335264
1.522141871,124.8192943,131.2015534,-25.33188692,0.003966721366,40519.02245,131.2015534,7.933442733,124.8192943
1.522828617,124.9093587,131.0943889,-29.07203199,0.01768355557,39067.29096,131.0943889,35.36711113,124.9093587
1.523724566,125.0267646,130.9983846,-40.00394605,0.03426634121,34477.05115,130.9983846,68.53268242,125.0267646
1.524416901,125.1174491,130.9771258,-51.1772855,0.04530313949,29034.43435,130.9771258,90.60627897,125.1174491
1.525154338,125.2140458,131.0123531,-63.15977114,0.0547030005,21720.32857,131.0123531,109.406001,125.2140458
1.525891774,125.310689,131.101328,-72.74276085,0.06117508044,13225.5082,131.101328,122.3501609,125.310689
1.526552975,125.397409,131.2128114,-77.6078735,0.06419612598,4984.211916,131.2128114,128.392252,125.397409
1.527107803,125.4702381,131.3160581,-78.30253804,0.06459561522,-2110.647137,131.3160581,129.1912304,125.4702381
1.527662631,125.543124,131.4156342,-75.79936446,0.0630316976,-9134.084881,131.4156342,126.0633952,125.543124
1.528222062,125.6166668,131.5007983,-70.34929292,0.05951789517,-15923.11889,131.5007983,119.0357903,125.6166668
1.528816371,125.6948391,131.5636905,-62.09664151,0.0537803037,-22579.21166,131.5636905,107.5606074,125.6948391
1.529454438,125.7787967,131.5909683,-51.69972591,0.04555135758,-28832.91554,131.5909683,91.10271515,125.7787967
1.530104608,125.8643497,131.5727018,-41.14053405,0.03530099639,-34010.1885,131.5727018,70.60199278,125.8643497
1.530754778,125.9498766,131.5120154,-32.33720447,0.02359192788,-37777.68519,131.5120154,47.18385577,125.9498766
1.531404948,126.0353532,131.4199179,-26.73025734,0.01090811691,-39987.26608,131.4199179,21.81623383,126.0353532
1.532055118,126.1207639,131.3125532,-25.23728892,-0.002227994087,-40550.78072,131.3125532,-4.455988174,126.1207639
1.532730122,126.2093632,131.2049118,-28.29715035,-0.01576467469,-39367.24499,131.2049118,-31.52934939,126.2093632
1.533568794,126.3193561,131.106282,-37.76505039,-0.03154516821,-35460.8715,131.106282,-63.09033641,126.3193561
1.534407467,126.4292923,131.0730566,-51.04945285,-0.04516028136,-29096.06395,131.0730566,-90.32056273,126.4292923
1.53524614,126.5392326,131.116468,-64.54758079,-0.05566225418,-20697.61367,131.116468,-111.3245084,126.5392326
1.535980261,126.6355196,131.2102934,-73.62852623,-0.06171451119,-12130.40005,131.2102934,-123.4290224,126.6355196
1.536631559,126.7210122,131.3222767,-77.89363563,-0.06434509319,-3968.736196,131.3222767,-128.6901864,126.7210122
1.537173606,126.7922222,131.4230536,-78.1561893,-0.06448159314,2963.018457,131.4230536,-128.9631863,126.7922222
1.537715652,126.8634861,131.518975,-75.38382713,-0.06274745422,9801.345798,131.518975,-125.4949084,126.8634861
1.53828298,126.9381253,131.6028155,-69.58746274,-0.05898701648,16639.5177,131.6028155,-117.974033,126.9381253
1.538876666,127.0162753,131.6619085,-61.14703291,-0.05305444837,23213.30855,131.6619085,-106.1088967,127.0162753
1.539521138,127.1011374,131.6846442,-50.58146367,-0.04454514717,29418.69366,131.6846442,-89.09029433,127.1011374
1.540165609,127.1859994,131.6618055,-40.22204603,-0.03422474197,34417.3949,131.6618055,-68.44948394,127.1859994
1.54081008,127.270833,131.5980724,-31.73793602,-0.02251480222,38015.15254,131.5980724,-45.02960444,127.270833
1.541454551,127.3556153,131.5047029,-26.49336906,-0.009890689045,40072.93529,131.5047029,-19.78137809,127.3556153
1.542099022,127.4403321,131.3977168,-25.33202521,0.00313673247,40509.81968,131.3977168,6.273464941,127.4403321
1.542775216,127.5291453,131.2907242,-28.70085705,0.01666280703,39203.99802,131.2907242,33.32561406,127.5291453
1.543635439,127.6420385,131.1931594,-38.76194114,0.03272277551,35018.68299,131.1931594,65.44555102,127.6420385
1.544348594,127.7355863,131.1649143,-50.09487574,0.04429127967,29593.51046,131.1649143,88.58255934,127.7355863
1.545072744,127.8305761,131.1931633,-61.94521443,0.05377351624,22554.07526,131.1931633,107.5470325,127.8305761
1.545796894,127.9256061,131.2743642,-71.73369264,0.06048084502,14332.48506,131.2743642,120.96169,127.9256061
1.546521043,128.0207098,131.3932962,-77.45742375,0.06406162247,5360.387426,131.3932962,128.1232449,128.0207098
1.547096368,128.096334,131.4995923,-78.29459375,0.06454795593,-1987.539008,131.4995923,129.0959119,128.096334
1.547671692,128.172019,131.6021688,-75.70007194,0.06292512062,-9262.858126,131.6021688,125.8502412,128.172019
1.548247017,128.2477588,131.6884082,-70.01474727,0.05924899069,-16223.87337,131.6884082,118.4979814,128.2477588
1.548856819,128.3280833,131.7503616,-61.44536818,0.05324973289,-23005.43938,131.7503616,106.4994658,128.3280833
1.549509645,128.4141037,131.7741737,-50.76979042,0.04468060716,-29313.49606,131.7741737,89.36121432,128.4141037
1.550166401,128.5006422,131.7509899,-40.21732613,0.03417994338,-34414.14925,131.7509899,68.35988676,128.5006422
1.550823158,128.5871511,131.6854202,-31.61396191,0.0222383101,-38060.30512,131.6854202,44.4766202,128.5871511
1.551479915,128.6736061,131.5894342,-26.39561003,0.009359037842,-40105.62674,131.5894342,18.71807568,128.6736061
1.552136672,128.7599926,131.4800744,-25.43368127,-0.003916710042,-40466.47333,131.4800744,-7.833420083,128.7599926
1.552825429,128.8505123,131.3720605,-29.16607112,-0.01765608161,-39015.98689,131.3720605,-35.31216322,128.8505123
1.553717209,128.9676193,131.2755502,-40.00484201,-0.03414552962,-34460.88244,131.2755502,-68.29105923,128.9676193
1.554413797,129.0590535,131.2532521,-51.2118032,-0.04524138258,-28997.51038,131.2532521,-90.48276515,129.0590535
1.555149993,129.1556906,131.2874263,-63.14402371,-0.05461600681,-21707.07576,131.2874263,-109.2320136,129.1556906
1.555886188,129.2523732,131.3750543,-72.69567571,-0.06107744353,-13240.62743,131.3750543,-122.1548871,129.2523732
1.556547081,129.3392333,131.4853544,-77.56329092,-0.0641048474,-5015.973582,131.4853544,-128.2096948,129.3392333
1.557102201,129.4122518,131.5877438,-78.27302051,-0.06451422323,2072.881869,131.5877438,-129.0284465,129.4122518
1.557657321,129.4853266,131.6865273,-75.78946648,-0.06296066267,9091.482144,131.6865273,-125.9213253,129.4853266
1.55821621,129.5589494,131.7708549,-70.37163522,-0.05946412465,15866.93359,131.7708549,-118.9282493,129.5589494
1.558810197,129.6372396,131.8330523,-62.15556828,-0.05374768637,22514.37467,131.8330523,-107.4953727,129.6372396
1.55944752,129.7212706,131.859764,-51.80225754,-0.04555062077,28758.79679,131.859764,-91.10124154,129.7212706
1.560098228,129.8070692,131.8410638,-41.25636083,-0.03531503447,33941.46604,131.8410638,-70.63006894,129.8070692
1.560748936,129.8928415,131.7799445,-32.45567133,-0.02361767444,37714.89962,131.7799445,-47.23534887,129.8928415
1.561399644,129.9785629,131.6873817,-26.84265126,-0.01094281689,39930.4428,131.6873817,-21.88563377,129.9785629
1.562050352,130.0642182,131.5795006,-25.33742007,0.002186603257,40499.54634,131.5795006,4.373206513,130.0642182
1.562725676,130.1530396,131.4712984,-28.37874684,0.01571337125,39321.86768,131.4712984,31.4267425,130.1530396
1.563561538,130.2628864,131.3721279,-37.77224811,0.03142708682,35443.09647,131.3721279,62.85417363,130.2628864
1.5643974,130.3726758,131.3376619,-50.96463024,0.04499808098,29123.60309,131.3376619,89.99616196,130.3726758
1.565233262,130.4824681,131.3791336,-64.40165683,0.05548801432,20782.24524,131.3791336,110.9760286,130.4824681
1.565967216,130.5789253,131.4712909,-73.50926083,0.06157477127,12240.47369,131.4712909,123.1495425,130.5789253
1.566619277,130.6646878,131.5821356,-77.83030779,0.06424549452,4085.047033,131.5821356,128.490989,130.6646878
1.567159345,130.735778,131.6816946,-78.15055939,0.06441762773,-2812.380526,131.6816946,128.8352555,130.735778
1.567699413,130.8069212,131.7766763,-75.46231089,0.06273457498,-9621.551845,131.7766763,125.46915,130.8069212
1.568262228,130.8811114,131.8596432,-69.79915239,0.05906213192,-16408.76456,131.8596432,118.1242638,130.8811114
1.568852607,130.9589776,131.9187236,-61.48926454,0.05323430707,-22961.0572,131.9187236,106.4686141,130.9589776
1.569492644,131.0434204,131.9421993,-51.04661537,0.04486666336,-29155.70504,131.9421993,89.73332672,131.0434204
1.570137101,131.1284469,131.9204978,-40.67163767,0.03462405491,-34200.51497,131.9204978,69.24810981,131.1284469
1.570781558,131.2134457,131.8576853,-32.10471393,0.02297564585,-37852.97304,131.8576853,45.95129169,131.2134457
1.571426016,131.2983937,131.7647572,-26.72341011,0.01039435654,-39971.9184,131.7647572,20.78871308,131.2983937
1.572070473,131.3832761,131.6575477,-25.39331737,-0.002610675397,-40474.13036,131.6575477,-5.221350794,131.3832761
1.572743946,131.471907,131.5499179,-28.5586599,-0.01608319825,-39247.15647,131.5499179,-32.16639649,131.471907
1.57358627,131.5826692,131.4512248,-38.15745988,-0.03186742011,-35270.35787,131.4512248,-63.73484023,131.5826692
1.574428594,131.6933747,131.4188073,-51.51051473,-0.04544508849,-28826.6201,131.4188073,-90.89017698,131.6933747
1.575270918,131.8040854,131.4634443,-64.96517912,-0.05586266726,-20350.24993,131.4634443,-111.7253345,131.8040854
1.576003936,131.9004823,131.5574326,-73.85953463,-0.06177673395,-11776.88579,131.5574326,-123.5534679,131.9004823
1.576651766,131.9857442,131.6682346,-77.9287742,-0.06428544282,-3659.216517,131.6682346,-128.5708856,131.9857442
1.577197042,132.057567,131.7685201,-78.04702387,-0.06433409852,3302.26099,131.7685201,-128.668197,132.057567
1.577742318,132.1294436,131.8633597,-75.11260367,-0.06249432373,10159.11678,131.8633597,-124.9886475,132.1294436
1.578319138,132.2055299,131.946089,-69.0749355,-0.05855630329,17072.28933,131.946089,-117.1126066,132.2055299
1.578918956,132.2846922,132.0022854,-60.44100217,-0.05243121528,23650.81543,132.0022854,-104.8624306,132.2846922
1.579571722,132.3708673,132.0207447,-49.72915227,-0.04367112121,29839.2687,132.0207447,-87.34224241,132.3708673
1.580224488,132.4570393,131.9927353,-39.37672917,-0.03308983644,34773.2366,131.9927353,-66.17967287,132.4570393
1.580877253,132.5431791,131.9237681,-31.09392614,-0.02113041475,38256.17493,131.9237681,-42.2608295,132.5431791
1.581530019,132.6292637,131.8261097,-26.24653445,-0.008290629551,40149.90869,131.8261097,-16.5812591,132.6292637
1.582182785,132.7152797,131.7167553,-25.63458421,0.004896590016,40377.60971,131.7167553,9.793180032,132.7152797
1.582875149,132.8064373,131.6090798,-29.71789689,0.01865288832,38784.8617,131.6090798,37.30577664,132.8064373
1.583797665,132.9277992,131.513813,-41.31877886,0.03552370399,33852.62133,131.513813,71.04740798,132.9277992
1.584470819,133.0163198,131.4967954,-52.23860128,0.04604443268,28427.71999,131.4967954,92.08886536,133.0163198
1.585216762,133.1144196,131.535732,-64.18498224,0.05529178742,20928.90742,131.535732,110.5835748,133.1144196
1.585962704,133.2125693,131.6281979,-73.46983709,0.06151115721,12266.01108,131.6281979,123.0223144,133.2125693
1.586617781,133.2988312,131.7389146,-77.81241571,0.06419769918,4080.05397,131.7389146,128.3953984,133.2988312
1.587159152,133.3701777,131.8382096,-78.12835275,0.06436736222,-2828.669484,131.8382096,128.7347244,133.3701777
1.587700523,133.4415771,131.9328836,-75.42635968,0.06267439558,-9648.268338,131.9328836,125.3487912,133.4415771
1.58826457,133.5160178,132.0154096,-69.74367858,0.05898529873,-16442.63252,132.0154096,117.9705975,133.5160178
1.588856028,133.5941182,132.0738711,-61.41655428,0.05313646932,-22996.63043,132.0738711,106.2729386,133.5941182
1.589497145,133.6788027,132.0965438,-50.96586694,0.04474374346,-29187.76506,132.0965438,89.48748693,133.6788027
1.590142084,133.763992,132.0740007,-40.60855466,0.03448512684,-34219.77407,132.0740007,68.97025368,133.763992
1.590787022,133.8491531,132.0104296,-32.07526276,0.02282423518,-37856.69731,132.0104296,45.64847036,133.8491531
1.591431961,133.9342629,131.9168964,-26.74016566,0.01023516904,-39957.74107,131.9168964,20.47033808,133.9342629
1.5920769,134.0193068,131.8092883,-25.46273179,-0.002771871043,-40440.2139,131.8092883,-5.543742087,134.0193068
1.592751649,134.1082077,131.701375,-28.68740143,-0.0162544996,-39188.96169,131.701375,-32.50899921,134.1082077
1.59359734,134.2195407,131.6026187,-38.3787175,-0.03206779468,-35165.02008,131.6026187,-64.13558936,134.2195407
1.594443031,134.330817,131.570874,-51.798316,-0.04564289881,-28661.61528,131.570874,-91.28579762,134.330817
1.595288722,134.4420993,131.6166759,-65.24637173,-0.05601874674,-20120.88952,131.6166759,-112.0374935,134.4420993
1.596021191,134.5385364,131.7111154,-74.02159128,-0.06184216549,-11537.77199,131.7111154,-123.684331,134.5385364
1.59666673,134.6235958,131.8214282,-77.96028755,-0.06426869197,-3446.053668,131.8214282,-128.5373839,134.6235958
1.597214248,134.6957979,131.9216336,-77.97785407,-0.0642558488,3538.713927,131.9216336,-128.5116976,134.6957979
1.597761766,134.7680537,132.015973,-74.92844765,-0.06234147245,10410.89778,132.015973,-124.6829449,134.7680537
1.598344205,134.84497,132.0980299,-68.73007216,-0.0582851173,17366.70239,132.0980299,-116.5702346,134.84497
1.598947987,134.9247467,132.1524636,-59.96491747,-0.0520297217,23948.12112,132.1524636,-104.0594434,134.9247467
1.599605799,135.0116859,132.168242,-49.16144539,-0.04310581246,30121.39164,132.168242,-86.21162492,135.0116859
1.60026361,135.09862,132.1370161,-38.82139618,-0.0323566341,35009.39476,132.1370161,-64.7132682,135.09862
1.600921422,135.1855195,132.0648572,-30.67877861,-0.02023902179,38414.50388,132.0648572,-40.47804358,135.1855195
1.601579234,135.2723614,131.9646912,-26.09676557,-0.007264981182,40199.46546,131.9646912,-14.52996236,135.2723614
1.602237046,135.359133,131.8541306,-25.8433944,0.006018694883,40290.43398,131.8541306,12.03738977,135.359133
1.602940327,135.4518243,131.7463194,-30.39759008,0.01992909593,38506.22051,131.7463194,39.85819187,135.4518243
1.603907889,135.5792455,131.6535323,-43.08371775,0.03736755864,33028.45953,131.6535323,74.73511728,135.5792455
1.604559056,135.6649683,131.6438259,-53.75049687,0.04726941392,27582.03545,131.6438259,94.53882784,135.6649683
1.605317843,135.7648718,131.6906034,-65.67383245,0.05629779096,19782.29662,131.6906034,112.5955819,135.7648718
1.60607663,135.864832,131.7906348,-74.51548379,0.06213566567,10844.09264,131.7906348,124.2713313,135.864832
1.606722168,135.9499431,131.9020592,-78.09791797,0.06433378563,2729.453365,131.9020592,128.6675713,135.9499431
1.607280403,136.023604,132.0038753,-77.75763068,0.06410170763,-4387.049155,132.0038753,128.2034153,136.023604
1.607838639,136.0973202,132.098188,-74.25889295,0.06189816344,-11359.94634,132.098188,123.7963269,136.0973202
1.608427936,136.1751899,132.1774516,-67.62075831,0.0575119368,-18325.1495,132.1774516,115.0238736,136.1751899
1.609042738,136.2564701,132.2271974,-58.44346762,0.05084616011,-24906.3439,132.2271974,101.6923202,136.2564701
1.609709683,136.3446639,132.2356621,-47.45067962,0.04149341885,-30980.0712,132.2356621,82.98683769,136.3446639
1.610376628,136.4328473,132.1963217,-37.23073759,0.03033519713,-35696.91542,132.1963217,60.67039427,136.4328473
1.611043574,136.5209904,132.1167899,-29.54401546,0.0178583516,-38861.14351,132.1167899,35.71670321,136.5209904
1.611710519,136.6090709,132.0115946,-25.7127569,0.004604371611,-40341.4285,132.0115946,9.208743222,136.6090709
1.612377464,136.6970779,131.8996772,-26.39753398,-0.008852637569,-40073.93148,131.8996772,-17.70527514,136.6970779
1.613111718,136.7938846,131.7926764,-32.21453563,-0.02320496588,-37767.65469,131.7926764,-46.40993176,136.7938846
1.614079189,136.9213454,131.71486,-45.84295946,-0.04013966523,-31706.18107,131.71486,-80.27933046,136.9213454
1.614723468,137.0062048,131.7169989,-56.4843209,-0.04946616875,-25996.8535,131.7169989,-98.9323375,137.0062048
1.615476724,137.10544,131.7757288,-67.86851235,-0.05778615238,-17974.56013,131.7757288,-115.5723048,137.10544
1.61622998,137.2047389,131.8833873,-75.73175102,-0.06287735776,-8932.843071,131.8833873,-125.7547155,137.2047389
1.616855637,137.2872867,131.9940018,-78.30539143,-0.06443872111,-1017.490452,131.9940018,-128.8774422,137.2872867
1.617481293,137.3699052,132.1065863,-76.83663809,-0.06351050174,6931.04034,132.1065863,-127.0210035,137.3699052
1.61810695,137.4525903,132.204563,-71.55506697,-0.06013152975,14599.50362,132.204563,-120.2630595,137.4525903
1.618752166,137.5379157,132.2751803,-62.98011726,-0.05422346712,21899.10043,132.2751803,-108.4469342,137.5379157
1.619434272,137.6281542,132.3046201,-52.00227257,-0.04557514014,28620.15149,132.3046201,-91.15028028,137.6281542
1.620130662,137.7202851,132.2823507,-40.79701367,-0.03460794682,34122.82166,132.2823507,-69.21589365,137.7202851
1.620827052,137.8123833,132.2123199,-31.68317925,-0.02200079215,38004.34142,132.2123199,-44.0015843,137.8123833
1.621523442,137.9044199,132.1085707,-26.36814709,-0.008350898294,40089.49915,132.1085707,-16.70179659,137.9044199
1.622219832,137.9963784,131.9914594,-25.84833335,0.005697172984,40282.19196,131.9914594,11.39434597,137.9963784
1.62294532,138.0920947,131.8798912,-30.50542107,0.02003996257,38456.34118,131.8798912,40.07992513,138.0920947
1.623900243,138.2179795,131.7878677,-43.01518226,0.03724102591,33052.92305,131.7878677,74.48205183,138.2179795
1.624578508,138.3073603,131.777943,-54.11177865,0.04752600735,27369.37611,131.777943,95.05201471,138.3073603
1.625335368,138.4071121,131.8256918,-65.94185992,0.05644829725,19558.66542,131.8256918,112.8965945,138.4071121
1.626092229,138.506921,131.9259676,-74.64981181,0.06218760904,10628.03363,131.9259676,124.3752181,138.506921
1.62673526,138.5917884,132.0368286,-78.11458429,0.06431225552,2543.353448,132.0368286,128.624511,138.5917884
1.62729491,138.6657113,132.1384151,-77.68540562,0.06402563121,-4585.56253,132.1384151,128.0512624,138.6657113
1.62785456,138.7396895,132.2321357,-74.09306799,0.0617600105,-11563.93065,132.2321357,123.520021,138.7396895
1.628444712,138.8177508,132.3102909,-67.37470566,0.05730854439,-18518.85951,132.3102909,114.6170888,138.8177508
1.629061243,138.8993411,132.3585995,-58.1321561,0.05056575002,-25088.75724,132.3585995,101.1315,138.8993411
1.629729283,138.9877669,132.3652016,-47.1307115,0.04114174622,-31130.56337,132.3652016,82.28349243,138.9877669
1.630397323,139.076181,132.3240224,-36.9628624,0.02992176455,-35804.83218,132.3240224,59.8435291,139.076181
1.631065364,139.1645536,132.242955,-29.38554466,0.01739683968,-38916.99379,132.242955,34.79367935,139.1645536
1.631733404,139.2528626,132.1367763,-25.70641607,0.004112255831,-40337.38739,132.1367763,8.224511662,139.2528626
1.632401444,139.3410976,132.0245966,-26.56205117,-0.009354673474,-40004.34234,132.0245966,-18.70934695,139.3410976
1.633141653,139.4387819,131.9176176,-32.60692468,-0.02378046595,-37600.51351,131.9176176,-47.56093189,139.4387819
1.634088367,139.563628,131.8428762,-46.0379364,-0.04028197936,-31603.35791,131.8428762,-80.56395872,139.563628
1.634738792,139.6493803,131.8456591,-56.76846412,-0.04965209057,-25817.8465,131.8456591,-99.30418114,139.6493803
1.635485021,139.7477858,131.9043649,-67.99355855,-0.05783745543,-17853.34152,131.9043649,-115.6749109,139.7477858
1.63623125,139.846254,132.0108245,-75.73850545,-0.06285090657,-8895.01408,132.0108245,-125.7018131,139.846254
1.636854807,139.9286039,132.1206337,-78.29070139,-0.06440000014,-1010.584942,132.1206337,-128.8000003,139.9286039
1.637478363,140.0110238,132.2323846,-76.83209843,-0.06347766762,6906.560241,132.2323846,-126.9553352,140.0110238
1.63810192,140.0935097,132.3296829,-71.58915077,-0.06012223021,14546.50663,132.3296829,-120.2444604,140.0935097
1.638745331,140.1786767,132.3999441,-63.0663992,-0.05425103219,21826.80913,132.3999441,-108.5020644,140.1786767
1.639425443,140.2687362,132.4293804,-52.14322736,-0.04565497526,28535.46069,132.4293804,-91.30995051,140.2687362
1.640121275,140.3608802,132.4073694,-40.94830938,-0.03472460685,34047.35081,132.4073694,-69.44921371,140.3608802
1.640817108,140.4529918,132.3376169,-31.81619384,-0.02215131962,37944.16076,132.3376169,-44.30263925,140.4529918
1.64151294,140.5450419,132.2340215,-26.45501589,-0.008529809213,40050.25536,132.2340215,-17.05961843,140.5450419
1.642208772,140.637014,132.1168087,-25.86823695,0.005497720551,40268.76859,132.1168087,10.9954411,140.637014
1.642932659,140.7326097,132.0049094,-30.43692026,0.01981002831,38477.76637,132.0049094,39.62005662,140.7326097
1.643879655,140.8575677,131.9119769,-42.74115546,0.03690012809,33173.95547,131.9119769,73.80025618,140.8575677
1.644561916,140.9475591,131.9003722,-53.87232434,0.04728861443,27496.3014,131.9003722,94.57722886,140.9475591
1.645316616,141.047118,131.9462611,-65.69512222,0.05624397628,19741.81298,131.9462611,112.4879526,141.047118
1.646071316,141.1467323,132.0446856,-74.47170414,0.06204608608,10863.34678,132.0446856,124.0921722,141.1467323
1.646715948,141.2318871,132.1549294,-78.0598946,0.06425101707,2771.540293,132.1549294,128.5020341,141.2318871
1.64727293,141.3055232,132.255694,-77.74536317,0.06403463897,-4320.446424,132.255694,128.0692779,141.3055232
1.647829912,141.3792139,132.3491082,-74.2920083,0.06185769871,-11271.61625,132.3491082,123.7153974,141.3792139
1.648418162,141.4570926,132.4277121,-67.71105973,0.05750758197,-18221.83108,132.4277121,115.0151639,141.4570926
1.64903153,141.5383366,132.4770551,-58.5983724,0.05089120186,-24790.24493,132.4770551,101.7824037,141.5383366
1.649697301,141.6265415,132.4854514,-47.65361082,0.04159398774,-30863.05243,132.4854514,83.18797548,141.6265415
1.650363073,141.714736,132.4462734,-37.44965541,0.03049316489,-35588.75803,132.4462734,60.98632978,141.714736
1.651028844,141.8028904,132.3669565,-29.73808541,0.01807141757,-38771.88721,132.3669565,36.14283515,141.8028904
1.651694615,141.8909825,132.261818,-25.84084486,0.004865978202,-40280.78503,132.261818,9.731956405,141.8909825
1.652360386,141.9790011,132.1496014,-26.42750955,-0.008553155102,-40050.69408,132.1496014,-17.1063102,141.9790011
1.65309083,142.0754879,132.0420089,-32.0925192,-0.0228329664,-37805.18802,132.0420089,-45.6659328,142.0754879
1.654066993,142.2043358,131.9614216,-45.73514221,-0.0399408303,-31744.36493,131.9614216,-79.8816606,142.2043358
1.65470866,142.2890088,131.9621212,-56.30650921,-0.04924962276,-26085.26912,131.9621212,-98.49924552,142.2890088
1.655465117,142.3888505,132.0193805,-67.74417148,-0.05763769328,-18056.61712,132.0193805,-115.2753866,142.3888505
1.656221573,142.4887553,132.1260782,-75.66663321,-0.06277818784,-8995.213989,132.1260782,-125.5563757,142.4887553
1.656848495,142.5716218,132.235931,-78.27221477,-0.0643615812,-1075.005037,132.235931,-128.7231624,142.5716218
1.657475416,142.6545588,132.3478821,-76.82942819,-0.06344840888,6880.864842,132.3478821,-126.8968178,142.6545588
1.658102337,142.7375621,132.4452871,-71.56468178,-0.06007704206,14557.60536,132.4452871,-120.1540841,142.7375621
1.658748388,142.8231531,132.5152716,-63.00521198,-0.05417440003,21860.09223,132.5152716,-108.3488001,142.8231531
1.659431055,142.9136297,132.5440476,-52.04521636,-0.04553235169,28580.62499,132.5440476,-91.06470337,142.9136297
1.660128603,143.0060806,132.5210976,-40.84714161,-0.03456006056,34086.46287,132.5210976,-69.12012113,143.0060806
1.660826152,143.0984982,132.4503485,-31.74369754,-0.02194457484,37967.57854,132.4503485,-43.88914968,143.0984982
1.6615237,143.1908537,132.3458915,-26.44591674,-0.00828547374,40048.15603,132.3458915,-16.57094748,143.1908537
1.662221249,143.2831304,132.2281504,-25.95028664,0.005770112579,40231.94261,132.2281504,11.54022516,143.2831304
1.662948053,143.3791923,132.1160607,-30.63648857,0.02011827528,38392.14678,132.1160607,40.23655057,143.3791923
1.663900429,143.5049662,132.0238724,-43.10861812,0.03724370233,32995.95762,132.0238724,74.48740466,143.5049662
1.664579933,143.5946706,132.0135285,-54.20299113,0.04752640605,27301.91174,132.0135285,95.0528121,143.5946706
1.66533603,143.6944997,132.0606583,-65.98595462,0.0564159881,19501.78211,132.0606583,112.8319762,143.6944997
1.666092126,143.7943851,132.1600294,-74.65029434,0.06213090129,10587.24593,132.1600294,124.2618026,143.7943851
1.666734481,143.8793133,132.2699468,-78.09097635,0.06424287503,2519.460972,132.2699468,128.4857501,143.8793133
1.667293942,143.9533414,132.3707227,-77.65373639,0.06395113976,-4598.819654,132.3707227,127.9022795,143.9533414
1.667853403,144.0274243,132.4636256,-74.06321344,0.06168409919,-11566.3008,132.4636256,123.3681984,144.0274243
1.668443283,144.1055861,132.5409471,-67.35775938,0.05723577084,-18509.22416,132.5409471,114.4715417,144.1055861
1.669059528,144.1872804,132.5884755,-58.13759698,0.05050087851,-25067.66459,132.5884755,101.001757,144.1872804
1.669727289,144.2758225,132.5943715,-47.1647767,0.04108961189,-31099.32309,132.5943715,82.17922377,144.2758225
1.670395051,144.3643525,132.5526353,-37.0241014,0.02988608776,-35766.0363,132.5526353,59.77217552,144.3643525
1.671062812,144.4528406,132.4711356,-29.46635827,0.01738019128,-38873.67776,132.4711356,34.76038256,144.4528406
1.671730573,144.5412651,132.3645985,-25.79477574,0.00411591615,-40292.85242,132.3645985,8.231832301,144.5412651
1.672398335,144.6296152,132.2520678,-26.6441344,-0.009330787213,-39961.9783,132.2520678,-18.66157443,144.6296152
1.67313804,144.7274012,132.1446498,-32.66529843,-0.02373227725,-37565.29695,132.1446498,-47.46455451,144.7274012
1.674084556,144.8524357,132.0690717,-46.05790655,-0.04021643088,-31580.43495,132.0690717,-80.43286176,144.8524357
1.674734948,144.9383305,132.0711329,-56.76439493,-0.04958010901,-25804.36416,132.0711329,-99.16021802,144.9383305
1.675481236,145.0369117,132.1289092,-67.97060422,-0.05776305266,-17850.42589,132.1289092,-115.5261053,145.0369117
1.676227524,145.1355549,132.234379,-75.70780434,-0.06277779516,-8902.680867,132.234379,-125.5555903,145.1355549
1.676851059,145.2180412,132.343344,-78.26309932,-0.06433069653,-1027.589992,132.343344,-128.6613931,145.2180412
1.677474595,145.3005969,132.454285,-76.81670134,-0.0634150633,6880.939874,132.454285,-126.8301266,145.3005969
1.678098131,145.3832182,132.5508423,-71.59311006,-0.06006893,14513.37021,132.5508423,-120.13786,145.3832182
1.678741382,145.4685059,132.6204256,-63.09664575,-0.05421116061,21785.91153,132.6204256,-108.4223212,145.4685059
1.679421138,145.5586682,132.6492834,-52.20493947,-0.04563485087,28487.11426,132.6492834,-91.26970173,145.5586682
1.680117373,145.6510183,132.6267933,-41.024528,-0.03471478349,34000.3397,132.6267933,-69.42956698,145.6510183
1.680813607,145.7433357,132.5565879,-31.90030371,-0.02215030217,37898.89161,132.5565879,-44.30060435,145.7433357
1.681509841,145.8355913,132.4525444,-26.54088403,-0.008536362233,40006.81849,132.4525444,-17.07272447,145.8355913
1.682206076,145.9277685,132.3348733,-25.95057405,0.005484452415,40227.03983,132.3348733,10.96890483,145.9277685
1.682930231,146.0235575,132.222497,-30.50941871,0.01978734046,38438.15476,132.222497,39.57468091,146.0235575
1.683872984,146.1481605,132.129119,-42.72122639,0.03678967327,33171.24957,132.129119,73.57934653,146.1481605
1.684557277,146.2385683,132.1166356,-53.85840892,0.04720776502,27489.83507,132.1166356,94.41553005,146.2385683
1.685310754,146.3381284,132.1614453,-65.64498739,0.05615096324,19761.41427,132.1614453,112.3019265,146.3381284
1.686064232,146.4377429,132.2585907,-74.41266759,0.06195641531,10911.54389,132.2585907,123.9128306,146.4377429
1.686708908,146.5230413,132.3679253,-78.02393198,0.0641787208,2829.808805,132.3679253,128.3574416,146.5230413
1.687264848,146.5966578,132.4678129,-77.74126576,0.06398182873,-4241.81039,132.4678129,127.9636575,146.5966578
1.687820789,146.6703284,132.5605145,-74.33537084,0.06183331566,-11175.63913,132.5605145,123.6666313,146.6703284
1.688408214,146.748222,132.6386458,-67.80961453,0.05751913919,-18115.41665,132.6386458,115.0382784,146.748222
1.689020323,146.8294282,132.6877487,-58.75682016,0.05095049279,-24674.75269,132.6877487,101.9009856,146.8294282
1.689685062,146.9176364,132.6962138,-47.85399949,0.04170599043,-30749.57992,132.6962138,83.41198087,146.9176364
1.6903498,147.0058343,132.6572968,-37.6600763,0.03065851936,-35486.30411,132.6572968,61.31703872,147.0058343
1.691014539,147.0939924,132.578262,-29.91961734,0.0182869945,-38689.54381,132.578262,36.573989,147.0939924
1.691679278,147.1820883,132.4732313,-25.95548691,0.005124849521,-40227.21926,132.4732313,10.24969904,147.1820883
1.692344017,147.2701109,132.3607694,-26.44662489,-0.008261539636,-40033.62871,132.3607694,-16.52307927,147.2701109
1.693070925,147.3662841,132.252665,-31.9678358,-0.02247593717,-37845.85976,132.252665,-44.95187434,147.3662841
1.694052534,147.4960563,132.1695806,-45.57805768,-0.03970677505,-31808.9135,132.1695806,-79.41355009,147.4960563
1.694692804,147.5806779,132.1688124,-56.10223741,-0.04902266723,-26191.97801,132.1688124,-98.04533446,147.5806779
1.695451503,147.6809717,132.2245139,-67.58868875,-0.05747761861,-18169.08858,132.2245139,-114.9552372,147.6809717
1.696210203,147.7813279,132.3301159,-75.58071154,-0.06267507775,-9100.875416,132.3301159,-125.3501555,147.7813279
1.696838626,147.864521,132.4393283,-78.24059959,-0.06429430128,-1172.420363,132.4393283,-128.5886026,147.864521
1.697467049,147.9477842,132.5508548,-76.84215893,-0.0634076907,6795.809596,132.5508548,-126.8153814,147.9477842
1.698095471,148.0311139,132.6479546,-71.60593142,-0.06005272893,14487.01743,132.6479546,-120.1054579,148.0311139
1.698742517,148.1169677,132.7175972,-63.06697689,-0.05416237909,21798.57846,132.7175972,-108.3247582,148.1169677
1.699425788,148.2076623,132.7460093,-52.1239769,-0.04553281583,28524.45626,132.7460093,-91.06563165,148.2076623
1.70012482,148.3004509,132.7226384,-40.92044382,-0.03455467016,34041.93641,132.7226384,-69.10934033,148.3004509
1.700823851,148.3932058,132.6513394,-31.81142187,-0.02192655288,37929.96173,132.6513394,-43.85310576,148.3932058
1.701522883,148.485898,132.5462539,-26.5161829,-0.008251180777,40011.62162,132.5462539,-16.50236155,148.485898
1.702221915,148.5785108,132.427898,-26.03494705,0.005820799657,40190.17716,132.427898,11.64159931,148.5785108
1.702950074,148.674897,132.3153169,-30.7443754,0.02017862118,38339.14836,132.3153169,40.35724237,148.674897
1.703900134,148.8005542,132.2229751,-43.18040419,0.03723840347,32951.31031,132.2229751,74.47680693,148.8005542
1.704581077,148.8905841,132.2122503,-54.27893256,0.0475258133,27245.66119,132.2122503,95.0516266,148.8905841
1.705336511,148.9904756,132.2588512,-66.02214365,0.05638793424,19454.77587,132.2588512,112.7758685,148.9904756
1.706091945,149.0904229,132.3574525,-74.65012058,0.06208258393,10554.12183,132.3574525,124.1651679,149.0904229
1.706733737,149.1754031,132.4665747,-78.07120872,0.06418430966,2500.516725,132.4665747,128.3686193,149.1754031
1.707293025,149.2495181,132.5666657,-77.62778373,0.06388863277,-4608.645664,132.5666657,127.7772655,149.2495181
1.707852313,149.3236875,132.6588803,-74.03948148,0.06162084381,-11566.84638,132.6588803,123.2416876,149.3236875
1.708441955,149.4019326,132.7355038,-67.34553823,0.05717565566,-18499.6667,132.7355038,114.3513113,149.4019326
1.709057944,149.4837126,132.7823823,-58.14478817,0.05044802453,-25048.48404,132.7823823,100.8960491,149.4837126
1.709725459,149.5723513,132.7876941,-47.19624602,0.04104808136,-31071.77674,132.7876941,82.09616271,149.5723513
1.710392974,149.6609776,132.7454995,-37.07817086,0.02985896574,-35732.40158,132.7454995,59.71793147,149.6609776
1.711060489,149.7495617,132.6636448,-29.53617064,0.01736955649,-38836.59983,132.6636448,34.73911298,149.7495617
1.711728004,149.838082,132.5568113,-25.86983292,0.004122724097,-40255.18971,132.5568113,8.245448193,149.838082
1.712395519,149.9265278,132.4439848,-26.71259859,-0.009306761507,-39926.64838,132.4439848,-18.61352301,149.9265278
1.713134754,150.0243933,132.3361945,-32.71201134,-0.02368714614,-37536.7518,132.3361945,-47.37429228,150.0243933
1.714080991,150.1495718,132.2598929,-46.06931582,-0.04015561913,-31563.92366,132.2598929,-80.31123826,150.1495718
1.714731404,150.2355933,132.2613224,-56.75633691,-0.04951555058,-25795.97459,132.2613224,-99.03110116,150.2355933
1.715477714,150.334319,132.3182893,-67.94722117,-0.05769741076,-17851.75766,132.3182893,-115.3948215,150.334319
1.716224024,150.4331061,132.422903,-75.6796726,-0.06271459938,-8913.609957,132.422903,-125.4291988,150.4331061
1.716847582,150.5157127,132.5311577,-78.23985369,-0.06427214449,-1045.987143,132.5311577,-128.544289,150.5157127
1.71747114,150.5983883,132.641426,-76.80554471,-0.06336328156,6855.847913,132.641426,-126.7265631,150.5983883
1.718094698,150.6811291,132.7373737,-71.59935154,-0.06002576451,14482.61069,132.7373737,-120.051529,150.6811291
1.718737841,150.7665223,132.8064011,-63.1255353,-0.05417987371,21749.19413,132.8064011,-108.3597474,150.7665223
1.719417313,150.856773,132.8347867,-52.26038741,-0.04562069093,28444.61534,132.8347867,-91.24138186,150.856773
1.720113924,150.9493022,132.8119035,-41.09134137,-0.03470921474,33959.64763,132.8119035,-69.41842947,150.9493022
1.720810535,151.0417983,132.74132,-31.97267565,-0.02215175706,37860.22543,132.74132,-44.30351412,151.0417983
1.721507146,151.1342324,132.6368957,-26.61380041,-0.008543575699,39970.08615,132.6368957,-17.0871514,151.1342324
1.722203757,151.2265877,132.5188312,-26.02001446,0.005472326106,40191.94041,132.5188312,10.94465221,151.2265877
1.722928158,151.3225422,132.406048,-30.57042184,0.01976766078,38404.90348,132.406048,39.53532156,151.3225422
1.723867453,151.4468606,132.3122913,-42.70629756,0.03669813944,33168.24104,132.3122913,73.39627889,151.4468606
1.724553449,151.5376188,132.2990702,-53.84836445,0.04714077752,27483.60717,132.2990702,94.28155504,151.5376188
1.725305928,151.637184,132.3429824,-65.60470317,0.05607370907,19776.61264,132.3429824,112.1474181,151.637184
1.726058408,151.7368028,132.4390642,-74.36443243,0.06188159151,10950.27953,132.4390642,123.763183,151.7368028
1.726703111,151.8222208,132.5476334,-77.99409773,0.06411790791,2877.113044,132.5476334,128.2358158,151.8222208
1.727258188,151.8958225,132.646785,-77.73728118,0.06393685025,-4177.52516,132.646785,127.8737005,151.8958225
1.727813264,151.9694778,132.7388845,-74.37027307,0.06181160102,-11096.83946,132.7388845,123.623202,151.9694778
1.728400012,152.0473861,132.8166107,-67.88995992,0.05752690423,-18027.84051,132.8166107,115.0538085,152.0473861
1.729011085,152.1285635,132.8654992,-58.88670422,0.05099746404,-24579.48072,132.8654992,101.9949281,152.1285635
1.729674947,152.2167733,132.8740046,-48.01947262,0.04179679232,-30655.48154,132.8740046,83.59358465,152.2167733
1.730338808,152.3049729,132.8352929,-37.8349977,0.03079390228,-35400.90087,132.8352929,61.58780456,152.3049729
1.73100267,152.3931329,132.7564875,-30.07174252,0.01846455008,-38620.46598,132.7564875,36.92910016,152.3931329
1.731666532,152.481231,132.6515476,-26.05303592,0.005338975011,-40181.76996,132.6515476,10.67795002,152.481231
1.732330393,152.5692558,132.5388877,-26.46533765,-0.008019503768,-40018.34624,132.5388877,-16.03900754,152.5692558
1.733054428,152.6651776,132.430362,-31.86839161,-0.02218026947,-37877.91792,132.430362,-44.36053893,152.6651776
1.734037402,152.7953041,132.3453132,-45.39959205,-0.03946240262,-31885.69996,132.3453132,-78.92480524,152.7953041
1.734677609,152.8800294,132.3431448,-55.9007814,-0.04880688511,-26298.9923,132.3431448,-97.61377022,152.8800294
1.735437269,152.9805821,132.3972844,-67.42076419,-0.0573170613,-18294.83267,132.3972844,-114.6341226,152.9805821
1.736196929,153.0811961,132.5016575,-75.48082322,-0.06257084751,-9235.459565,132.5016575,-125.141695,153.0811961
1.736826858,153.1646963,132.610303,-78.20992861,-0.0642351308,-1298.273977,132.610303,-128.4702616,153.1646963
1.737456787,153.2482668,132.7215409,-76.86992034,-0.06338393942,6683.971645,132.7215409,-126.7678788,153.2482668
1.738086716,153.3319036,132.8185252,-71.67323113,-0.06005350811,14392.37968,132.8185252,-120.1070162,153.3319036
1.738734746,153.4179985,132.8880581,-63.16130876,-0.05418284428,21716.64139,132.8880581,-108.3656886,153.4179985
1.739418507,153.5088747,132.9163678,-52.23734653,-0.04557358724,28451.69928,132.9163678,-91.14717447,153.5088747
1.740119188,153.6020016,132.8928241,-41.01897875,-0.03459162955,33987.85762,132.8928241,-69.1832591,153.6020016
1.74081987,153.6950945,132.821155,-31.89039388,-0.02195010053,37889.47565,132.821155,-43.90020105,153.6950945
1.741520552,153.7881243,132.7155427,-26.58258842,-0.008255199988,39978.16041,132.7155427,-16.51039998,153.7881243
1.742221233,153.881074,132.596604,-26.10284081,0.005838429087,40156.37895,132.596604,11.67685817,153.881074
1.742950618,153.9777453,132.4835559,-30.82405706,0.02020709427,38299.06066,132.4835559,40.41418853,153.9777453
1.743898255,154.1032416,132.3910134,-43.21559293,0.03720704032,32925.6437,132.3910134,74.41408064,154.1032416
1.744580947,154.1936171,132.3798557,-54.32492114,0.04751031256,27208.56398,132.3798557,95.02062513,154.1936171
1.745335728,154.2935486,132.4259156,-66.03608961,0.05635267538,19428.47911,132.4259156,112.7053508,154.2935486
1.746090508,154.3935353,132.5237859,-74.63936789,0.06203507664,10542.04397,132.5237859,124.0701533,154.3935353
1.746731949,154.4785755,132.632232,-78.05233264,0.06413351309,2499.332695,132.632232,128.2670262,154.4785755
1.747290939,154.5527435,132.7317234,-77.61099539,0.06383899837,-4600.305668,132.7317234,127.6779967,154.5527435
1.747849929,154.6269654,132.8233672,-74.03294439,0.06157603215,-11549.45004,132.8233672,123.1520643,154.6269654
1.748439262,154.7052664,132.8994574,-67.35659816,0.05713956926,-18473.8667,132.8994574,114.2791385,154.7052664
1.749054852,154.7870942,132.9458771,-58.17927616,0.05042549171,-25014.89029,132.9458771,100.8509834,154.7870942
1.749722034,154.8757977,132.9508283,-47.25351436,0.04104231936,-31033.40254,132.9508283,82.08463872,154.8757977
1.750389217,154.9644884,132.9083856,-37.15122784,0.02987196024,-35692.30651,132.9083856,59.74392048,154.9644884
1.751056399,155.0531371,132.8263497,-29.61359236,0.0174019841,-38798.07962,132.8263497,34.8039682,155.0531371
1.751723582,155.1417217,132.7193381,-25.93818207,0.004173878223,-40221.58716,132.7193381,8.347756447,155.1417217
1.752390764,155.2302317,132.6062688,-26.75938891,-0.009238970757,-39901.16429,132.6062688,-18.47794151,155.2302317
1.753129025,155.328088,132.4981395,-32.71830755,-0.02359359184,-37526.37766,132.4981395,-47.18718367,155.328088
1.754076563,155.4535918,132.4209113,-46.0562653,-0.04008193969,-31561.22675,132.4209113,-80.16387938,155.4535918
1.754726546,155.5396609,132.4216904,-56.71936223,-0.04943701663,-25807.16324,132.4216904,-98.87403326,155.5396609
1.75547342,155.6385807,132.4778967,-67.91032579,-0.05763026385,-17867.98783,132.4778967,-115.2605277,155.6385807
1.756220294,155.7375614,132.5818096,-75.65059285,-0.06265786778,-8932.485576,132.5818096,-125.3157356,155.7375614
1.756844099,155.8202997,132.6894933,-78.21995773,-0.06422250933,-1068.495103,132.6894933,-128.4450187,155.8202997
1.757467905,155.9031066,132.7992382,-76.79809606,-0.0633207481,6830.660333,132.7992382,-126.6414962,155.9031066
1.75809171,155.9859784,132.8947136,-71.60583303,-0.05999007492,14455.56692,132.8947136,-119.9801498,155.9859784
1.758734941,156.0714844,132.9632915,-63.14876798,-0.05415258306,21719.15997,132.9632915,-108.3051661,156.0714844
1.759414341,156.161832,132.9912733,-52.3030729,-0.04560515421,28411.06993,132.9912733,-91.21030841,156.161832
1.760111393,156.2545288,132.9680305,-41.14213385,-0.03469813751,33927.91888,132.9680305,-69.39627502,156.2545288
1.760808445,156.3471921,132.8970886,-32.028452,-0.02214354039,37829.8146,132.8970886,-44.28708079,156.3471921
1.761505497,156.4397932,132.7923044,-26.67264351,-0.008537228774,39940.1869,132.7923044,-17.07445755,156.4397932
1.762202549,156.5323152,132.6738846,-26.08070845,0.005477073243,40161.58356,132.6738846,10.95414649,156.5323152
1.76292733,156.6284323,132.5607566,-30.63079721,0.01976870902,38373.34256,132.5607566,39.53741804,156.6284323
1.763864211,156.7525761,132.4667307,-42.71597281,0.03664456929,33155.42997,132.4667307,73.28913858,156.7525761
1.764551423,156.843601,132.4529871,-53.85990727,0.04710081627,27467.2011,132.4529871,94.20163254,156.843601
1.7653032,156.9431887,132.4962514,-65.58993885,0.05602184238,19774.55165,132.4962514,112.0436848,156.9431887
1.766054977,157.0428295,132.5915371,-74.33681164,0.06182659965,10964.77117,132.5915371,123.6531993,157.0428295
1.766699569,157.1283309,132.6994722,-77.97234605,0.06406855414,2899.863857,132.6994722,128.1371083,157.1283309
1.767254108,157.2019453,132.7980345,-77.72885821,0.06389566232,-4142.804558,132.7980345,127.7913246,157.2019453
1.767808646,157.2756128,132.8896206,-74.38468225,0.06178361071,-11051.52469,132.8896206,123.5672214,157.2756128
1.768394949,157.3535503,132.9669429,-67.9332184,0.05751661224,-17975.03384,132.9669429,115.0332245,157.3535503
1.769005365,157.4347322,133.0155488,-58.96308471,0.05101142661,-24519.91453,133.0155488,102.0228532,157.4347322
1.769668646,157.5229643,133.0239331,-48.12256631,0.04183894847,-30594.38052,133.0239331,83.67789693,157.5229643
1.770331927,157.6111861,132.9852284,-37.9494173,0.03086552822,-35343.20322,132.9852284,61.73105644,157.6111861
1.770995207,157.6993684,132.9064714,-30.17719514,0.01856483216,-38571.27671,132.9064714,37.12966431,157.6993684
1.771658488,157.7874889,132.8015164,-26.12848629,0.005464955298,-40146.06766,132.8015164,10.9299106,157.7874889
1.772321768,157.875536,132.6886761,-26.49366704,-0.007872865745,-40000.68863,132.6886761,-15.74573149,157.875536
1.773044064,157.9713356,132.5798211,-31.82376561,-0.02199813108,-37889.04018,132.5798211,-43.99626216,157.9713356
1.774025401,158.1013915,132.4935511,-45.26222667,-0.03926819271,-31944.04726,132.4935511,-78.53638543,158.1013915
1.774666402,158.1863166,132.490283,-55.75764553,-0.04864567813,-26373.31151,132.490283,-97.29135626,158.1863166
1.775425949,158.2869655,132.5431269,-67.28819509,-0.05718743704,-18392.76255,132.5431269,-114.3748741,158.2869655
1.776185496,158.3876748,132.6463469,-75.39424374,-0.06248129318,-9351.666657,132.6463469,-124.9625864,158.3876748
1.776816498,158.4714085,132.7544687,-78.18296055,-0.06418447849,-1409.804463,132.7544687,-128.368957,158.4714085
1.7774475,158.5552122,132.8654288,-76.89620156,-0.06336565316,6581.799013,132.8654288,-126.7313063,158.5552122
1.778078502,158.6390822,132.9623079,-71.73874708,-0.06005986647,14302.76324,132.9623079,-120.1197329,158.6390822
1.778727208,158.7253602,133.0317815,-63.25537389,-0.05421057185,21637.05104,133.0317815,-108.4211437,158.7253602
1.779411176,158.8163621,133.0600743,-52.35252224,-0.04562471856,28379.66502,133.0600743,-91.24943712,158.8163621
1.780113215,158.9097703,133.0364751,-41.12048407,-0.03464350919,33933.93239,133.0364751,-69.28701837,158.9097703
1.780815254,159.0031443,132.9645712,-31.97047604,-0.02199376616,37849.91564,132.9645712,-43.98753232,159.0031443
1.781517293,159.0964549,132.858563,-26.64419777,-0.008284434178,39947.85035,132.858563,-16.56886836,159.0964549
1.782219332,159.189685,132.7391404,-26.15630273,0.005826620761,40129.39319,132.7391404,11.65324152,159.189685
1.782949552,159.2865709,132.6256818,-30.87637133,0.02020185533,38271.2996,132.6256818,40.40371065,159.2865709
1.783894632,159.4118628,132.5328724,-43.2136513,0.0371470333,32918.92445,132.5328724,74.29406661,159.4118628
1.784579136,159.5025752,132.5212033,-54.33577671,0.04747408734,27193.25572,132.5212033,94.94817468,159.5025752
1.785333241,159.6025234,132.5666629,-66.02245518,0.05630520863,19426.68834,132.5666629,112.6104173,159.6025234
1.786087345,159.7025264,132.6637944,-74.6140968,0.06198474497,10555.8557,132.6637944,123.9694899,159.7025264
1.786728684,159.7876427,132.771662,-78.03287549,0.06408850234,2520.671598,132.771662,128.1770047,159.7876427
1.787287193,159.8618246,132.8706144,-77.60428432,0.06380172929,-4568.171024,132.8706144,127.6034586,159.8618246
1.787845702,159.9360602,132.9617912,-74.04748793,0.06155104658,-11507.82315,132.9617912,123.1020932,159.9360602
1.788434613,160.0143865,133.0375144,-67.39786556,0.05713109174,-18425.3309,133.0375144,114.2621835,160.0143865
1.789049593,160.0962179,133.0836813,-58.25095111,0.05043962661,-24960.26097,133.0836813,100.8792532,160.0962179
1.789716301,160.1849502,133.0885269,-47.34803515,0.04108156606,-30978.11033,133.0885269,82.16313211,160.1849502
1.790383008,160.2736697,133.0460845,-37.25429651,0.02993709711,-35640.67019,133.0460845,59.87419423,160.2736697
1.791049716,160.3623471,132.9640754,-29.70701991,0.01749198062,-38754.51066,132.9640754,34.98396124,160.3623471
1.791716424,160.4509605,132.8570245,-26.00363001,0.004285867452,-40190.33956,132.8570245,8.571734904,160.4509605
1.792383132,160.5394993,132.7437623,-26.78243501,-0.009109620701,-39886.08423,132.7437623,-18.2192414,160.5394993
1.793119709,160.6372336,132.6353113,-32.67381688,-0.02343060097,-37538.17571,132.6353113,-46.86120194,160.6372336
1.794070594,160.7633104,132.556821,-46.00954163,-0.03998453098,-31576.53786,132.556821,-79.96906195,160.7633104
1.794719566,160.8493336,132.5568709,-56.64154717,-0.04933355593,-25844.66028,132.5568709,-98.66711185,160.8493336
1.795467721,160.9485239,132.6123092,-67.85204034,-0.05755505101,-17905.33344,132.6123092,-115.110102,160.9485239
1.796215876,161.0477747,132.7156538,-75.61705578,-0.0626043354,-8964.188937,132.7156538,-125.2086708,161.0477747
1.79684024,161.1306706,132.8228968,-78.20243791,-0.0641801623,-1099.189203,132.8228968,-128.3603246,161.1306706
1.797464605,161.213635,132.9322683,-76.79504327,-0.06328683855,6802.282197,132.9322683,-126.5736771,161.213635
1.79808897,161.2966641,133.0274117,-71.61383118,-0.05996157966,14430.17182,133.0274117,-119.9231593,161.2966641
1.798732552,161.382302,133.0956436,-63.16763604,-0.05412897922,21694.43866,133.0956436,-108.2579584,161.382302
1.799412145,161.4727651,133.1232818,-52.3340608,-0.04558767116,28385.56611,133.1232818,-91.17534232,161.4727651
1.80010977,161.56563,133.0996981,-41.17740311,-0.03468016416,33904.64722,133.0996981,-69.36032831,161.56563
1.800807394,161.6584612,133.0283964,-32.06796328,-0.02212319385,37807.27169,133.0283964,-44.2463877,161.6584612
1.801505019,161.7512298,132.9232499,-26.71833503,-0.008513706172,39916.52489,132.9232499,-17.02741234,161.7512298
1.802202643,161.8439191,132.8044929,-26.13500751,0.005503372614,40134.82728,132.8044929,11.00674523,161.8439191
1.802928014,161.940209,132.6910708,-30.69503646,0.01979605195,38341.41214,132.6910708,39.5921039,161.940209
1.803863508,162.0642907,132.5968942,-42.75559244,0.03663304627,33130.02162,132.5968942,73.26609253,162.0642907
1.804551454,162.1555025,132.5828544,-53.89838517,0.04709099941,27437.23199,132.5828544,94.18199882,162.1555025
1.805302821,162.2551334,132.6257259,-65.60479216,0.0559971191,19751.53176,132.6257259,111.9942382,162.2551334
1.806054189,162.3548169,132.7204804,-74.33195566,0.06179178201,10951.21925,132.7204804,123.583564,162.3548169
1.806698497,162.4403636,132.827897,-77.95880292,0.06402972624,2894.764028,132.827897,128.0594525,162.4403636
1.807252855,162.5140251,132.9260066,-77.71465264,0.06385640722,-4141.191365,132.9260066,127.7128144,162.5140251
1.807807213,162.5877395,133.0171518,-74.37567261,0.06174640459,-11043.36894,133.0171518,123.4928092,162.5877395
1.808393314,162.6657247,133.0940459,-67.93518118,0.05748423432,-17960.40261,133.0940459,114.9684686,162.6657247
1.809003484,162.7469513,133.1422701,-58.98073656,0.0509871024,-24499.21617,133.1422701,101.9742048,162.7469513
1.809666517,162.8352344,133.1503334,-48.15759988,0.04182572519,-30569.01972,133.1503334,83.65145038,162.8352344
1.810329551,162.9235072,133.1113967,-37.99823753,0.03086528012,-35315.28928,133.1113967,61.73056024,162.9235072
1.810992585,163.0117402,133.0324696,-30.23258679,0.01857851621,-38543.14828,133.0324696,37.15703241,163.0117402
1.811655619,163.0999114,132.927364,-26.1811575,0.00549253755,-40120.15629,132.927364,10.9850751,163.0999114
1.812318653,163.1880092,132.814344,-26.53429328,-0.007832430654,-39979.38198,132.814344,-15.66486131,163.1880092
1.813040422,163.2838295,132.7052419,-31.84046419,-0.02194115107,-37876.35152,132.7052419,-43.88230214,163.2838295
1.814019094,163.4136548,132.618459,-45.20775633,-0.03916523777,-31963.55864,132.618459,-78.33047555,163.4136548
1.814661035,163.4987843,132.6145376,-55.70397009,-0.04856345558,-26396.60806,132.6145376,-97.12691116,163.4987843
1.815419936,163.5994417,132.6665438,-67.22389117,-0.05711041408,-18435.20028,132.6665438,-114.2208282,163.5994417
1.816178837,163.7001588,132.768892,-75.34335692,-0.06241943477,-9412.59914,132.768892,-124.8388695,163.7001588
1.816810238,163.7840225,132.8765326,-78.16293498,-0.06414325046,-1472.279749,132.8765326,-128.2865009,163.7840225
1.81737832,163.8595358,132.9764131,-77.21675983,-0.06353738634,5725.728291,132.9764131,-127.0747727,163.8595358
1.817946401,163.9351035,133.0662941,-73.08661866,-0.06090876028,12731.9207,133.0662941,-121.8175206,163.9351035
1.818542833,164.0144912,133.137752,-65.90468112,-0.05606806462,19635.03298,133.137752,-112.1361292,164.0144912
1.819170246,164.0980381,133.1772538,-56.29633375,-0.04886495487,26136.75419,133.1772538,-97.72990974,164.0980381
1.819843358,164.1876825,133.1727371,-45.30794116,-0.03904990973,31971.35104,133.1727371,-78.09981946,164.1876825
1.820516469,164.2773076,133.1209641,-35.50433492,-0.02750459547,36382.50367,133.1209641,-55.00919094,164.2773076
1.821189581,164.3668845,133.0313979,-28.60425422,-0.01474126789,39183.91221,133.0313979,-29.48253579,164.3668845
1.821862692,164.4563927,132.9201225,-25.81654473,-0.001323650445,40256.61096,132.9201225,-2.647300889,164.4563927
1.822538255,164.5461498,132.8066377,-27.64677521,0.01220474327,39546.22026,132.8066377,24.40948654,164.5461498
1.823315982,164.6493931,132.7001741,-35.04158489,0.02707366707,36547.47379,132.7001741,54.14733414,164.6493931
1.824160055,164.7613721,132.6417241,-47.48603553,0.04137808695,30839.79772,132.6417241,82.75617389,164.7613721
1.824843756,164.8520591,132.6495591,-58.66440417,0.05089062612,24596.2968,132.6495591,101.7812522,164.8520591
1.825553757,164.9462588,132.7092871,-68.97028745,0.0582877398,16901.48178,132.7092871,116.5754796,164.9462588
1.826263758,165.0405165,132.8103205,-75.94968722,0.06278969233,8354.715204,132.8103205,125.5793847,165.0405165
1.826872593,165.1214076,132.9152525,-78.21912739,0.06416844919,676.2766078,132.9152525,128.3368984,165.1214076
1.827481428,165.2023637,133.0213661,-76.68902394,0.06319952613,-7021.010213,133.0213661,126.3990523,165.2023637
1.828090264,165.2833809,133.1135317,-71.58548038,0.05992108331,-14450.01368,133.1135317,119.8421666,165.2833809
1.828721506,165.3674307,133.1804084,-63.32133982,0.05421651182,-21577.09511,133.1804084,108.4330236,165.3674307
1.82938928,165.4563771,133.2084478,-52.70712173,0.04587957057,-28176.38157,133.2084478,91.75914114,165.4563771
1.830078633,165.5482002,133.1868261,-41.65306925,0.03517686973,-33683.45564,133.1868261,70.35373947,165.5482002
1.830767985,165.6399917,133.1182308,-32.51340283,0.02284029145,-37621.88615,133.1182308,45.68058289,165.6399917
1.831457338,165.7317231,133.0156646,-26.96660201,0.009442667614,-39817.34403,133.0156646,18.88533523,165.7317231
1.83214669,165.8233776,132.8983669,-26.03184378,-0.004395979289,-40170.91915,132.8983669,-8.791958578,165.8233776
1.832860039,165.9181388,132.7848518,-30.09865167,-0.01849835141,-38576.72276,132.7848518,-36.99670282,165.9181388
1.833762987,166.0379874,132.6872336,-41.25755296,-0.03495106401,-33817.31771,132.6872336,-69.90212803,166.0379874
1.834468082,166.1315338,132.6657124,-52.55004282,-0.0459254123,-28182.65055,132.6657124,-91.8508246,166.1315338
1.83520961,166.2299187,132.7009709,-64.28070288,-0.0550399348,-20757.25298,132.7009709,-110.0798696,166.2299187
1.835951139,166.32835,132.7884707,-73.39453863,-0.06117621954,-12190.96727,132.7884707,-122.3524391,166.32835
1.836603957,166.4150702,132.8944287,-77.67749933,-0.06384109281,-4079.759534,132.8944287,-127.6821856,166.4150702
1.837142937,166.4867233,132.9895983,-78.00455435,-0.06401929847,2759.603445,132.9895983,-128.0385969,166.4867233
1.837681917,166.5584269,133.0803232,-75.37212698,-0.06236146504,9512.918148,133.0803232,-124.7229301,166.5584269
1.838242813,166.6330942,133.1590991,-69.82014388,-0.05874092037,16237.86988,133.1590991,-117.4818407,166.6330942
1.838831085,166.7114458,133.214406,-61.66404743,-0.05299271807,22733.98948,133.214406,-105.9854361,166.7114458
1.839468172,166.7963238,133.2346598,-51.40776747,-0.04474464296,28877.64432,133.2346598,-89.48928592,166.7963238
1.840114212,166.8823932,133.2103556,-41.12021694,-0.0345665045,33924.49987,133.2103556,-69.13300901,166.8823932
1.840760252,166.9684334,133.145148,-32.60401,-0.02297767089,37583.63607,133.145148,-45.95534178,166.9684334
1.841406293,167.054421,133.0498973,-27.23528043,-0.01045091337,39712.77251,133.0498973,-20.90182674,167.054421
1.842052333,167.1403415,132.9403168,-25.88193044,0.002504361959,40227.78547,132.9403168,5.008723918,167.1403415
1.842727086,167.2300054,132.8301065,-28.98713231,0.01592206971,39017.45983,132.8301065,31.84413942,167.2300054
1.843557272,167.3402334,132.7289732,-38.27651971,0.03140346607,35151.56475,132.7289732,62.80693215,167.3402334
1.844387457,167.4504024,132.6911252,-51.22927718,0.04477316996,28897.46311,132.6911252,89.54633992,167.4504024
1.845217643,167.5605706,132.7272665,-64.4020849,0.05511920589,20664.33507,132.7272665,110.2384118,167.5605706
1.845949682,167.6577612,132.8137778,-73.38149862,0.06116154815,12203.91818,132.8137778,122.3230963,167.6577612
1.846600315,167.7442076,132.919227,-77.66331582,0.06382644689,4121.970301,132.919227,127.6528938,167.7442076
1.847137494,167.8156343,133.0139934,-78.01292264,0.06401862024,-2693.620069,133.0139934,128.0372405,167.8156343
1.847674672,167.8871113,133.1044471,-75.42203821,0.06238698606,-9425.659279,133.1044471,124.7739721,167.8871113
1.848232958,167.9614445,133.183089,-69.93501325,0.05881143501,-16124.63489,133.183089,117.62287,167.9614445
1.848819141,168.0395321,133.2387039,-61.84375933,0.05311873809,-22609.19465,133.2387039,106.2374762,168.0395321
1.849453686,168.1240869,133.259688,-51.64535691,0.04494417091,-28748.81469,133.259688,89.88834182,168.1240869
1.85009945,168.2101361,133.2363149,-41.34356043,0.03480792267,-33821.72127,133.2363149,69.61584534,168.2101361
1.850745214,168.2961565,133.1719103,-32.77607035,0.02325230533,-37512.09868,133.1719103,46.50461066,168.2961565
1.851390979,168.3821249,133.0771845,-27.32617506,0.01074838388,-39676.57626,133.0771845,21.49676775,168.3821249
1.852036743,168.4680263,132.9677417,-25.87411032,-0.002195778745,-40229.77623,132.9677417,-4.391557489,168.4680263
1.85270975,168.5574767,132.8574299,-28.86326923,-0.01558690849,-39065.27564,132.8574299,-31.17381698,168.5574767
1.853532501,168.66674,132.7558413,-37.94120967,-0.03096812313,-35297.36386,132.7558413,-61.93624627,168.66674
1.854355251,168.7759436,132.7158328,-50.70691481,-0.04430416062,-29174.44714,132.7158328,-88.60832123,168.7759436
1.855178002,168.8851442,132.7484583,-63.8265141,-0.05470170555,-21089.47134,132.7484583,-109.4034111,168.8851442
1.855910746,168.9824429,132.8326097,-73.00391198,-0.06091392083,-12670.03131,132.8326097,-121.8278417,168.9824429
1.856565449,169.0694421,132.9375574,-77.53640908,-0.06374393529,-4558.778862,132.9375574,-127.4878706,169.0694421
1.857111058,169.1420002,133.0336444,-78.06241287,-0.064044291,2361.453238,133.0336444,-128.088582,169.1420002
1.857656667,169.2146101,133.1258138,-75.55030054,-0.06246244842,9205.477337,133.1258138,-124.9248968,169.2146101
1.858214222,169.2888581,133.2049427,-70.15524439,-0.0589526443,15907.99288,133.2049427,-117.9052886,169.2888581
1.858803222,169.3673341,133.2616756,-62.08345195,-0.05328905869,22442.42064,133.2616756,-106.5781174,169.3673341
1.85943756,169.4518762,133.2836558,-51.90987764,-0.04516659579,28604.93948,133.2836558,-90.33319158,169.4518762
1.860086565,169.5383731,133.2610893,-41.53932221,-0.03501727467,33731.26296,133.2610893,-70.03454934,169.5383731
1.86073557,169.6248414,133.196945,-32.88885803,-0.02342569935,37464.75895,133.196945,-46.85139871,169.6248414
1.861384575,169.7112573,133.1019877,-27.36906173,-0.01086917837,39658.92362,133.1019877,-21.73835675,169.7112573
1.86203358,169.7976058,132.9920049,-25.88028676,0.002136960275,40226.37358,132.9920049,4.273920551,169.7976058
1.862708449,169.8873199,132.8813091,-28.86370244,0.01556464305,39064.03251,132.8813091,31.12928611,169.8873199
1.863531892,169.9966947,132.7795346,-37.94265264,0.03095830371,35295.5635,132.7795346,61.91660742,169.9966947
1.864355334,170.1060096,132.7394192,-50.71590966,0.04430403101,29168.2819,132.7394192,88.60806201,170.1060096
1.865178776,170.2153214,132.7720417,-63.84215026,0.05470636735,21076.0748,132.7720417,109.4127347,170.2153214
1.865911597,170.3126476,132.8561748,-73.01330451,0.06091408312,12655.40583,132.8561748,121.8281662,170.3126476
1.866566187,170.3996471,132.9610474,-77.53765483,0.06373908483,4545.907306,132.9610474,127.4781697,170.3996471
1.867111542,170.4721842,133.0570177,-78.05849692,0.06403632174,-2370.376415,133.0570177,128.0726435,170.4721842
1.867656898,170.5447732,133.1490603,-75.54485673,0.06245334365,-9210.260343,133.1490603,124.9066873,170.5447732
1.868214448,170.6190334,133.228099,-70.1488745,0.0589424002,-15911.61954,133.228099,117.8848004,170.6190334
1.868803338,170.6975083,133.2847289,-62.07899655,0.05327916345,-22443.63627,133.2847289,106.5583269,170.6975083
1.869437636,170.7820598,133.306618,-51.9078562,0.04515706691,-28604.56074,133.306618,90.31413382,170.7820598
1.870086575,170.8685627,133.2839758,-41.54101734,0.03500918698,-33729.23983,133.2839758,70.01837396,170.8685627
1.870735513,170.955037,133.2197764,-32.89414569,0.02341967578,-37461.46896,133.2197764,46.83935156,170.955037
1.871384451,171.0414588,133.124781,-27.37694661,0.01086565709,-39654.82099,133.124781,21.73131418,171.0414588
1.87203339,171.1278132,133.0147699,-25.88917075,-0.002137749893,-40221.9598,133.0147699,-4.275499786,171.1278132
1.872708234,171.2175393,132.9040382,-28.87204497,-0.01556343915,-39059.71254,132.9040382,-31.1268783,171.2175393
1.873531497,171.326909,132.8022244,-37.94665906,-0.03095222549,-35292.69198,132.8022244,-61.90445099,171.326909
1.87435476,171.4362188,132.7620266,-50.71378567,-0.04429437993,-29168.07625,132.7620266,-88.58875985,171.4362188
1.875178024,171.5455253,132.7945197,-63.83513557,-0.05469507486,-21079.40748,132.7945197,-109.3901497,171.5455253
1.875910824,171.6428652,132.8785311,-73.00661237,-0.06090417651,-12660.56369,132.8785311,-121.808353,171.6428652
1.87656544,171.7298829,132.9833081,-77.53338848,-0.06373113075,-4551.917629,132.9833081,-127.4622615,171.7298829
1.877110893,171.8024451,133.079222,-78.05682098,-0.06403000293,2364.8143,133.079222,-128.0600059,171.8024451
1.877656346,171.8750591,133.1712162,-75.54526174,-0.06244818136,9205.291432,133.1712162,-124.8963627,171.8750591
1.878213853,171.9493259,133.250192,-70.15242135,-0.05893903666,15905.66,133.250192,-117.8780733,171.9493259
1.878802745,172.0278142,133.3067744,-62.08541511,-0.05327757003,22437.42578,133.3067744,-106.5551401,172.0278142
1.879436989,172.1123724,133.3286239,-51.91777375,-0.0451582419,28597.80374,133.3286239,-90.3164838,172.1123724
1.880085995,172.1988986,133.3059498,-41.55151507,-0.03501136886,33723.25562,133.3059498,-70.02273772,172.1988986
1.880735001,172.2853961,133.2417148,-32.90434566,-0.02342246817,37456.21495,133.2417148,-46.84493634,172.2853961
1.881384008,172.3718412,133.1466782,-27.38631157,-0.01086873781,39650.19252,133.1466782,-21.73747561,172.3718412
1.882033014,172.4582189,133.0366204,-25.89748705,0.002134607579,40217.80806,133.0366204,4.269215158,172.4582189
1.882707901,172.5479654,132.9258399,-28.87907112,0.01555981759,39055.95642,132.9258399,31.11963518,172.5479654
1.883530994,172.6573304,132.8239806,-37.94877862,0.03094420919,35290.69443,132.8239806,61.88841837,172.6573304
1.884354088,172.7666356,132.7836933,-50.70974742,0.04428335133,29168.94407,132.7836933,88.56670266,172.7666356
1.885177182,172.8759374,132.8160521,-63.82665372,0.05468298875,21083.89678,132.8160521,109.3659775,172.8759374
1.88590997,172.9732914,132.8999405,-72.99909136,0.06089396977,12666.8622,132.8999405,121.7879395,172.9732914
1.886564625,173.0603283,133.0046249,-77.52892753,0.06372328078,4558.932215,133.0046249,127.4465616,173.0603283
1.887110195,173.1329177,133.1004886,-78.05535718,0.06402403627,-2358.526982,133.1004886,128.0480725,173.1329177
1.887655765,173.2055588,133.1924414,-75.54602682,0.0624434718,-9199.892523,133.1924414,124.8869436,173.2055588
1.888213229,173.2798317,133.2713587,-70.15645729,0.05893623806,-15899.32743,133.2713587,117.8724761,173.2798317
1.888802132,173.3583339,133.327899,-62.09225567,0.05327655084,-22430.99913,133.327899,106.5531017,173.3583339
1.889436323,173.4428984,133.3497135,-51.92803129,0.04516002151,-28590.92241,133.3497135,90.32004303,173.4428984
1.890085403,173.5294482,133.3270114,-41.56212941,0.03501407819,-33717.26885,133.3270114,70.02815637,173.5294482
1.890734484,173.6159692,133.2627432,-32.91443236,0.02342566157,-37451.05309,133.2627432,46.85132315,173.6159692
1.891383564,173.7024378,133.1676666,-27.39539121,0.01087205832,-39645.71745,133.1676666,21.74411663,173.7024378
1.892032644,173.7888389,133.0575626,-25.90544887,-0.002131404932,-40213.83355,133.0575626,-4.262809864,173.7888389
1.892707577,173.8786057,132.9467345,-28.88577167,-0.01555625869,-39052.371,132.9467345,-31.11251738,173.8786057
1.893530511,173.9879667,132.8448312,-37.95078381,-0.03093648982,-35288.79311,132.8448312,-61.87297964,173.9879667
1.894353444,174.0972677,132.804458,-50.70588664,-0.04427278647,-29169.77285,132.804458,-88.54557293,174.0972677
1.895176378,174.2065653,132.8366882,-63.81856865,-0.0546714337,-21088.16905,132.8366882,-109.3428674,174.2065653
1.895909154,174.3039328,132.920459,-72.99191517,-0.0608842059,-12672.8616,132.920459,-121.7684118,174.3039328
1.896563847,174.3909881,133.0250546,-77.52466387,-0.06371576297,-4565.619076,133.0250546,-127.4315259,174.3909881
1.897109528,174.4636034,133.1208701,-78.05395197,-0.06401831522,2352.527752,133.1208701,-128.0366304,174.4636034
1.89765521,174.5362705,133.2127831,-75.54675243,-0.06243895238,9194.734909,133.2127831,-124.8779048,174.5362705
1.898212632,174.6105492,133.2916442,-70.16031018,-0.058933545,15893.27461,133.2916442,-117.86709,174.6105492
1.898801546,174.6890647,133.348144,-62.09879687,-0.05327556243,22424.85103,133.348144,-106.5511249,174.6890647
1.899435686,174.7736353,133.3699251,-51.9378455,-0.04516171178,28584.33687,133.3699251,-90.32342355,174.7736353
1.900084837,174.8602075,133.347196,-41.57229309,-0.03501666339,33711.53605,133.347196,-70.03332679,174.8602075
1.900733988,174.9467511,133.282896,-32.92409732,-0.02342871666,37446.10775,133.282896,-46.85743331,174.9467511
1.901383138,175.0332422,133.1877812,-27.40409478,-0.0108752424,39641.42893,133.1877812,-21.7504848,175.0332422
1.902032289,175.1196657,133.0776329,-25.91308015,0.00212832626,40210.02521,133.0776329,4.25665252,175.1196657
1.902707266,175.2094519,132.9667592,-28.8921896,0.01555283497,39048.93743,132.9667592,31.10566993,175.2094519
1.903530047,175.318809,132.8648136,-37.95270104,0.03092908286,35286.9744,132.8648136,61.85816572,175.318809
1.904352827,175.4281061,132.8243581,-50.70218422,0.04426265595,29170.57026,132.8243581,88.5253119,175.4281061
1.905175608,175.5373996,132.8564651,-63.81082001,0.05466035646,21092.26538,132.8564651,109.3207129,175.5373996
1.905908373,175.6347801,132.9401233,-72.98503835,0.0608748467,12678.61216,132.9401233,121.7496934,175.6347801
1.906563101,175.721853,133.0446338,-77.52057816,0.0637085569,4572.028885,133.0446338,127.4171138,175.721853
1.907108889,175.7944932,133.140403,-78.0526071,0.06401283233,-2346.775036,133.140403,128.0256647,175.7944932
1.907654677,175.8671851,133.2322778,-75.54745264,0.06243462316,-9189.787128,133.2322778,124.8692463,175.8671851
1.90821206,175.9414694,133.311085,-70.1640095,0.05893096778,-15887.46839,133.311085,117.8619356,175.9414694
1.908800983,176.0199976,133.3675461,-62.10507413,0.05327462053,-22418.95395,133.3675461,106.5492411,176.0199976
1.909435075,176.104574,133.3892951,-51.94726135,0.04516333955,-28578.02045,133.3892951,90.3266791,176.104574
1.910084293,176.1911678,133.3665402,-41.58204237,0.03501914937,-33706.03861,133.3665402,70.03829873,176.1911678
1.910733512,176.277733,133.3022098,-32.93336607,0.02343165268,-37441.36658,133.3022098,46.86330535,176.277733
1.91138273,176.3642456,133.2070582,-27.41243933,0.01087830114,-39637.31856,133.2070582,21.75660227,176.3642456
1.912031949,176.4506907,133.0968675,-25.9203947,-0.002125369927,-40206.37601,133.0968675,-4.250739854,176.4506907
1.912706968,176.5404954,132.9859501,-28.898339,-0.015549547,-39045.6484,132.9859501,-31.099094,176.5404954
1.913529602,176.6498488,132.883964,-37.95454148,-0.03092198512,-35285.23146,132.883964,-61.84397024,176.6498488
1.914352236,176.7591421,132.8434296,-50.69864636,-0.04425295333,-29171.33067,132.8434296,-88.50590666,176.7591421
1.91517487,176.8684319,132.8754187,-63.80340877,-0.05464974814,-21096.18194,132.8754187,-109.2994963,176.8684319
1.915907624,176.9658248,132.958969,-72.97845842,-0.06086588191,-12684.11194,132.958969,-121.7317638,176.9658248
1.916562387,177.0529145,133.0633979,-77.51666644,-0.06370165179,-4578.161492,133.0633979,-127.4033036,177.0529145
1.917108277,177.1255785,133.1591227,-78.05131857,-0.06400757683,2341.26819,133.1591227,-128.0151537,177.1255785
1.917654166,177.1982942,133.2509608,-75.54812406,-0.06243047348,9185.047739,133.2509608,-124.860947,177.1982942
1.918211512,177.2725839,133.3297164,-70.16755388,-0.05892849645,15881.90598,133.3297164,-117.8569929,177.2725839
1.918800444,177.3511242,133.3861404,-62.1110916,-0.05327371823,22413.30209,133.3861404,-106.5474365,177.3511242
1.919434489,177.4357062,133.4078586,-51.95628906,-0.045164902,28571.96534,133.4078586,-90.32980401,177.4357062
1.920083772,177.5223207,133.3850791,-41.59139549,-0.03502154145,33700.76623,133.3850791,-70.04308291,177.5223207
1.920733055,177.6089065,133.3207195,-32.9422609,-0.02343448443,37436.81863,133.3207195,-46.86896887,177.6089065
1.921382338,177.6954397,133.2255329,-27.42044513,-0.01088125917,39633.37679,133.2255329,-21.76251834,177.6954397
1.922031621,177.7819053,133.1153016,-25.92740415,0.002122502002,40202.87987,133.1153016,4.245004003,177.7819053
1.92270668,177.8717278,133.0043422,-28.90421722,0.01554635421,39042.50326,133.0043422,31.09270842,177.8717278
1.923529173,177.9810775,132.9023172,-37.95627018,0.03091513539,35283.57771,132.9023172,61.83027078,177.9810775
1.924351666,178.0903672,132.8617071,-50.69520533,0.044243607,29172.08778,132.8617071,88.487214,178.0903672
1.925174159,178.1996532,132.8935829,-63.79625243,0.05463954038,21099.97635,132.8935829,109.2790808,178.1996532
1.925906904,178.2970581,132.9770295,-72.97211672,0.06085726559,12689.42769,132.9770295,121.7145312,178.2970581
1.926561699,178.384164,133.0813802,-77.51290563,0.06369502565,4584.081029,133.0813802,127.3900513,178.384164
1.927107687,178.4568509,133.1770625,-78.05008974,0.06400254297,-2335.956831,133.1770625,128.0050859,178.4568509
1.927653675,178.5295895,133.2688656,-75.54878346,0.06242650581,-9180.481284,133.2688656,124.8530116,178.5295895
1.928210984,178.6038843,133.3475718,-70.17097692,0.05892614484,-15876.55056,133.3475718,117.8522897,178.6038843
1.928799925,178.6824363,133.4039603,-62.11688748,0.05327287418,-22407.86625,133.4039603,106.5457484,178.6824363
1.929433925,178.7670236,133.4256493,-51.96497352,0.0451664269,-28566.14511,133.4256493,90.33285381,178.7670236
1.930083271,178.8536579,133.4028461,-41.60038443,0.03502386101,-33695.7024,133.4028461,70.04772202,178.8536579
1.930732616,178.9402635,133.3384587,-32.95080085,0.02343722222,-37432.45439,133.3384587,46.87444443,178.9402635
1.931381961,179.0268166,133.2432384,-27.42812399,0.01088411278,-39629.59743,133.2432384,21.76822556,179.0268166
1.932031306,179.113302,133.1329681,-25.93412224,-0.002119741239,-40199.52993,133.1329681,-4.239482477,179.113302
1.932706404,179.2031415,133.0219686,-28.90984853,-0.01554328592,-39039.49081,133.0219686,-31.08657183,179.2031415
1.933528762,179.3124877,132.9199063,-37.95792806,-0.03090856974,-35281.99347,132.9199063,-61.81713948,179.3124877
1.93435112,179.421774,132.8792235,-50.69191528,-0.044234654,-29172.81072,132.8792235,-88.46930799,179.421774
1.935173478,179.5310564,132.9109909,-63.7894061,-0.05462976382,-21103.60531,132.9109909,-109.2595276,179.5310564
1.935906213,179.6284728,132.9943382,-72.96604703,-0.0608490114,-12694.51369,132.9943382,-121.6980228,179.6284728
1.936561041,179.7155942,133.098614,-77.50930427,-0.06368867593,-4589.746671,133.098614,-127.3773519,179.7155942
1.937107123,179.788303,133.1942554,-78.04891262,-0.06399771812,2330.869966,133.1942554,-127.9954362,179.788303
1.937653205,179.8610634,133.2860249,-75.54941725,-0.06242270372,9176.104321,133.2860249,-124.8454074,179.8610634
1.938210479,179.9353631,133.3646838,-70.17425961,-0.05892389193,15871.41695,133.3646838,-117.8477839,179.9353631
1.938799428,180.0139263,133.4210383,-62.12244728,-0.05327206849,22402.65376,133.4210383,-106.544137,180.0139263
1.939433385,180.0985187,133.4426991,-51.97330362,-0.04516789379,28560.56365,133.4426991,-90.33578759,180.0985187
1.940082789,180.185172,133.4198734,-41.60900788,-0.03502609269,33690.84593,133.4198734,-70.05218538,180.185172
1.940732194,180.2717966,133.3554593,-32.95899346,-0.02343985802,37428.2691,133.3554593,-46.87971604,180.2717966
1.941381599,180.3583686,133.2602068,-27.43548841,-0.01088686266,39625.97409,133.2602068,-21.77372532,180.3583686
1.942031004,180.4448729,133.1498992,-25.94056075,0.002117077772,40196.32017,133.1498992,4.234155544,180.4448729
1.942706138,180.5347287,133.0388612,-28.91523875,0.01554032582,39036.60723,133.0388612,31.08065165,180.5347287
1.943528367,180.6440717,132.9367631,-37.95950363,0.03090225815,35280.48208,132.9367631,61.80451631,180.6440717
1.944350596,180.7533546,132.8960107,-50.68874517,0.04422605618,29173.51394,132.8960107,88.45211235,180.7533546
1.945172824,180.8626336,132.927674,-63.78282791,0.05462037994,21107.09685,132.927674,109.2407599,180.8626336
1.945905551,180.9600609,133.0109261,-72.96021926,0.06084109237,12699.40222,133.0109261,121.6821847,180.9600609
1.946560408,181.0471972,133.11513,-77.50584964,0.06368258754,4595.189062,133.11513,127.3651751,181.0471972
1.947106581,181.1199271,133.2107324,-78.04778693,0.06399309483,-2325.984865,133.2107324,127.9861897,181.1199271
1.947652753,181.1927085,133.3024697,-75.55003017,0.0624190627,-9171.902506,133.3024697,124.8381254,181.1927085
1.948209993,181.2670129,133.3810832,-70.17741407,0.05892173786,-15866.48971,133.3810832,117.8434757,181.2670129
1.948798951,181.3455868,133.4374051,-62.127786,0.05327130343,-22397.65169,133.4374051,106.5426069,181.3455868
1.949432866,181.430184,133.4590391,-51.98129867,0.04516930912,-28555.20854,133.4590391,90.33861824,181.430184
1.950082328,181.5168555,133.4361918,-41.61728439,0.035028244,-33686.18661,133.4361918,70.056488,181.5168555
1.950731789,181.6034983,133.3717522,-32.96685507,0.02344239935,-37424.2545,133.3717522,46.8847987,181.6034983
1.951381251,181.6900885,133.2764689,-27.44255206,0.01088951555,-39622.49998,133.2764689,21.7790311,181.6900885
1.952030713,181.7766109,133.1661255,-25.94673115,-0.002114506157,-40193.24476,133.1661255,-4.229012315,181.7766109
1.952705882,181.8664823,133.0550506,-28.92039723,-0.01553746786,-39033.84735,133.0550506,-31.07493573,181.8664823
1.953527987,181.9758221,132.9529181,-37.96100069,-0.03089619073,-35279.04023,132.9529181,-61.79238146,181.9758221
1.954350092,182.0851018,132.9120989,-50.68569241,-0.04421780107,-29174.19688,132.9120989,-88.43560215,182.0851018
1.955172197,182.1943776,132.9436624,-63.77651063,-0.05461137538,-21110.4537,132.9436624,-109.2227508,182.1943776
1.955904914,182.2918154,133.0268232,-72.95462526,-0.06083349589,-12704.09908,133.0268232,-121.6669918,182.2918154
1.956559801,182.378966,133.1309582,-77.50253584,-0.06367674983,-4600.416601,133.1309582,-127.3534997,182.378966
1.95710606,182.451716,133.2265231,-78.04671048,-0.06398866476,2321.292691,133.2265231,-127.9773295,182.451716
1.957652319,182.5245177,133.3182296,-75.55062398,-0.06241557668,9167.866817,133.3182296,-124.8311534,182.5245177
1.958209528,182.5988265,133.3967997,-70.1804469,-0.0589196794,15861.75892,133.3967997,-117.8393588,182.5988265
1.958798493,182.6774107,133.4530905,-62.13291404,-0.05327057824,22392.8504,133.4530905,-106.5411565,182.6774107
1.959432368,182.7620125,133.4746987,-51.98897381,-0.04517067612,28550.06967,133.4746987,-90.34135225,182.7620125
1.960081884,182.8487015,133.4518308,-41.62522892,-0.03503031892,33681.71595,133.4518308,-70.06063785,182.8487015
1.960731401,182.9353617,133.3873668,-32.97439937,-0.02344485013,37420.40347,133.3873668,-46.88970025,182.9353617
1.961380917,183.0219693,133.2920539,-27.44932718,-0.0108920747,39619.16895,133.2920539,-21.7841494,183.0219693
1.962030433,183.1085091,133.1816763,-25.95264463,0.002112024136,40190.29804,133.1816763,4.224048271,183.1085091
1.962705636,183.1983954,133.070566,-28.92533394,0.01553470884,39031.20582,133.070566,31.06941769,183.1983954
1.963527622,183.3077322,132.9684005,-37.96242081,0.03089035529,35277.66572,132.9684005,61.78071058,183.3077322
1.964349608,183.4170087,132.9275173,-50.68274727,0.0442098703,29174.86283,132.9275173,88.41974061,183.4170087
1.965171594,183.5262813,132.9589851,-63.77043658,0.05460272964,21113.68637,132.9589851,109.2054593,183.5262813
1.965904303,183.6237293,133.0420583,-72.94925172,0.06082620638,12708.61651,133.0420583,121.6524128,183.6237293
1.966559219,183.7108936,133.1461273,-77.499356,0.06367115182,4605.441381,133.1461273,127.3423036,183.7108936
1.967105561,183.7836629,133.2416563,-78.04568144,0.06398442006,-2316.783456,133.2416563,127.9688401,183.7836629
1.967651903,183.8564839,133.3333332,-75.55119979,0.06241223946,-9163.989599,133.3333332,124.8244789,183.8564839
1.96820908,183.9307971,133.4118617,-70.18336386,0.0589177131,-15857.21564,133.4118617,117.8354262,183.9307971
1.968798053,184.0093911,133.4681227,-62.1378407,0.0532698917,-22388.24112,133.4681227,106.5397834,184.0093911
1.96943189,184.0939973,133.4897063,-51.99634302,0.04517199745,-28545.13766,133.4897063,90.34399489,184.0939973
1.970081459,184.1807031,133.4668187,-41.63285329,0.03503231849,-33677.42698,133.4668187,70.06463698,184.1807031
1.970731027,184.26738,133.4023312,-32.98163616,0.02344720854,-37416.71055,133.4023312,46.89441709,184.26738
1.971380596,184.3540043,133.3069901,-27.4558231,0.01089453474,-39615.97602,133.3069901,21.78906948,184.3540043
1.972030165,184.4405608,133.1965797,-25.95831245,-0.0021096408,-40187.47438,133.1965797,-4.219281601,184.4405608
1.9727054,184.5304615,133.0854354,-28.93006528,-0.015532063,-39028.67485,133.0854354,-31.06412601,184.5304615
1.973527272,184.6397953,132.9832383,-37.9637869,-0.03088476746,-35276.34702,132.9832383,-61.76953492,184.6397953
1.974349145,184.7490689,132.9422936,-50.67993676,-0.04420227849,-29175.49572,132.9422936,-88.40455699,184.7490689
1.975171017,184.8583385,132.9736699,-63.76463113,-0.05459445339,-21116.77389,132.9736699,-109.1889068,184.8583385
1.975903719,184.9557962,133.0566592,-72.94411179,-0.06081922548,-12712.9347,133.0566592,-121.638451,184.9557962
1.976558661,185.0429736,133.1606649,-77.49631205,-0.06366578816,-4610.246804,133.1606649,-127.3315763,185.0429736
1.977105082,185.1157615,133.2561594,-78.04469509,-0.06398035132,2312.468107,133.2561594,-127.9607026,185.1157615
1.977651504,185.188601,133.347808,-75.55175144,-0.06240904051,9160.275919,133.347808,-124.818081,185.188601
1.978208652,185.2629182,133.4262966,-70.18615874,-0.05891582777,15852.86283,133.4262966,-117.8316555,185.2629182
1.978797631,185.3415217,133.4825289,-62.14256304,-0.05326923388,22383.82365,133.4825289,-106.5384678,185.3415217
1.979431432,185.4261321,133.504089,-52.00340761,-0.0451732651,28540.41006,133.504089,-90.34653021,185.4261321
1.980081051,185.5128539,133.4811825,-41.64016479,-0.03503423913,33673.31486,133.4811825,-70.06847827,185.5128539
1.980730669,185.5995468,133.4166727,-32.98857702,-0.0234494765,37413.16962,133.4166727,-46.89895301,185.5995468
1.981380288,185.6861871,133.3213045,-27.46205246,-0.01089690358,39612.91503,133.3213045,-21.79380717,185.6861871
1.982029907,185.7727596,133.2108626,-25.96374429,0.002107342274,40184.76882,133.2108626,4.214684548,185.7727596
1.982705173,185.862674,133.0996858,-28.9345933,0.01552950932,39026.25234,133.0996858,31.05901864,185.862674
1.983526936,185.972005,132.9974583,-37.96508299,0.03087939384,35275.08974,132.9974583,61.75878769,185.972005
1.984348699,186.0812758,132.9564548,-50.67722585,0.04419498554,29176.11245,132.9564548,88.38997109,186.0812758
1.985170463,186.1905425,132.9877431,-63.75904977,0.05458650747,21119.74668,132.9877431,109.1730149,186.1905425
1.985903157,186.2880095,133.070652,-72.93917508,0.06081252718,12717.08702,133.070652,121.6250544,186.2880095
1.986558125,186.3751995,133.174597,-77.49339103,0.06366064473,4614.866117,133.174597,127.3212895,186.3751995
1.987104623,186.4480051,133.2700585,-78.04375213,0.06397645287,-2308.320818,133.2700585,127.9529057,186.4480051
1.987651121,186.5208624,133.36168,-75.55228628,0.06240597814,-9156.707965,133.36168,124.8119563,186.5208624
1.98820824,186.5951835,133.4401304,-70.18884717,0.05891402714,-15848.68214,133.4401304,117.8280543,186.5951835
1.988797226,186.6737961,133.4963353,-62.14710064,0.0532686118,-22379.58229,133.4963353,106.5372236,186.6737961
1.989430992,186.7584105,133.5178729,-52.01019267,0.04517449216,-28535.87161,133.5178729,90.34898432,186.7584105
1.990080659,186.8451476,133.4949483,-41.64718549,0.03503609432,-33669.36806,133.4949483,70.07218864,186.8451476
1.990730325,186.9318559,133.4304171,-32.99523927,0.02345166622,-37409.77227,133.4304171,46.90333244,186.9318559
1.991379992,187.0185115,133.3350229,-27.46802794,0.01089919093,-39609.97981,133.3350229,21.79838186,187.0185115
1.992029659,187.1050993,133.2245509,-25.96894976,-0.002105122111,-40182.17648,133.2245509,-4.210244222,187.1050993
1.992704954,187.1950269,133.1133429,-28.93892666,-0.01552704453,-39023.93365,133.1133429,-31.05408905,187.1950269
1.993526613,187.3043552,133.0110864,-37.96631196,-0.03087422561,-35273.89126,133.0110864,-61.74845123,187.3043552
1.994348271,187.4136232,132.9700263,-50.67460994,-0.04418797874,-29176.71384,132.9700263,-88.37595749,187.4136232
1.99516993,187.5228871,133.0012303,-63.75368242,-0.05457887772,-21122.60999,133.0012303,-109.1577554,187.5228871
1.995902617,187.620363,133.084062,-72.9344318,-0.06080609895,-12721.08193,133.084062,-121.6121979,187.620363
1.99655761,187.7075651,133.1879488,-77.49058793,-0.06365571249,-4619.306504,133.1879488,-127.311425,187.7075651
1.997104182,187.7803878,133.2833788,-78.04285054,-0.06397271751,2304.335804,133.2833788,-127.945435,187.7803878
1.997650753,187.8532622,133.3749742,-75.55280388,-0.06240304599,9153.281475,133.3749742,-124.806092,187.8532622
1.998207845,187.9275871,133.4533881,-70.19143135,-0.05891230623,15844.66854,133.4533881,-117.8246125,187.9275871
1.998796838,188.0062083,133.5095668,-62.15145813,-0.05326802175,22375.5118,133.5095668,-106.5360435,188.0062083
1.99943057,188.0908266,133.5310828,-52.01670442,-0.04517567564,28531.51736,133.5310828,-90.35135128,188.0908266
2,188.1668598,133.5133785,-42.8745653,-0.03637803956,33103.01802,133.5133785,-72.75607913,188.1668598
