time,openTank2.H_ref,openTank2.H_sim,openTank2.H_relerr
0,29.315,293.15,1.71028
0.0003,29.46522186,293.2454845,1.70992
0.0006,29.61526362,293.3399484,1.70956
0.0009,29.76512551,293.4334068,1.7092
0.0012,29.91480794,293.5258826,1.70883
0.0015,30.06431107,293.6173863,1.70845
0.0018,30.2136348,293.7079269,1.70807
0.0021,30.36277998,293.7975186,1.70768
0.0024,30.51174746,293.8861817,1.70729
0.0027,30.66053652,293.973942,1.7069
0.003,30.80914716,294.0607969,1.7065
0.0033,30.95757937,294.1467767,1.70609
0.0036,31.10583317,294.2318942,1.70568
0.0039,31.25390855,294.3161494,1.70527
0.0042,31.40180878,294.3995468,1.70485
0.0045,31.54953178,294.4820957,1.70443
0.0048,31.6970773,294.5638101,1.704
0.0051,31.84444535,294.6447087,1.70357
0.0054,31.99163593,294.7248149,1.70313
0.0057,32.13864904,294.8041567,1.7027
0.006,32.28548644,294.882767,1.70225
0.0063,32.43215009,294.9605688,1.70181
0.0066,32.57863758,295.0376329,1.70136
0.0069,32.72494893,295.1139715,1.7009
0.0072,32.87108412,295.1895813,1.70045
0.0075,33.01704315,295.2644626,1.69999
0.0078,33.16282604,295.3386193,1.69952
0.0081,33.30843702,295.4120587,1.69905
0.0084,33.45387385,295.4847919,1.69858
0.0087,33.59913589,295.5568334,1.69811
0.009,33.74422313,295.6282012,1.69763
0.0093,33.88913556,295.6989173,1.69715
0.0096,34.0338732,295.7690067,1.69667
0.0099,34.17843695,295.8384983,1.69618
0.0102,34.32282877,295.90735,1.69569
0.0105,34.46704729,295.9755241,1.6952
0.0108,34.61109269,296.0431146,1.6947
0.0111,34.75496516,296.1101141,1.6942
0.0114,34.89866489,296.1765175,1.6937
0.0117,35.04219208,296.2423224,1.6932
0.012,35.1855469,296.3075289,1.69269
0.0123,35.32872956,296.3721396,1.69218
0.0126,35.47174024,296.4361597,1.69167
0.0129,35.61457913,296.4995967,1.69115
0.0132,35.75724641,296.562461,1.69064
0.0135,35.89974229,296.6247653,1.69012
0.0138,36.04206718,296.6865247,1.68959
0.0141,36.1842219,296.7477572,1.68907
0.0144,36.32620605,296.808483,1.68854
0.0147,36.46801983,296.868725,1.68801
0.015,36.60966345,296.9285086,1.68748
0.0153,36.75113712,296.9878616,1.68695
0.0156,36.89244107,297.0465398,1.68642
0.0159,37.03357548,297.1047587,1.68588
0.0162,37.17454059,297.1625209,1.68534
0.0165,37.3153366,297.2198196,1.6848
0.0168,37.45596371,297.2766498,1.68425
0.0171,37.59642215,297.3330081,1.68371
0.0174,37.73671213,297.3888929,1.68316
0.0177,37.87683382,297.4443041,1.68261
0.018,38.01678735,297.4992437,1.68206
0.0183,38.156573,297.5537149,1.68151
0.0186,38.296191,297.6077229,1.68095
0.0189,38.43564155,297.6612746,1.6804
0.0192,38.57492487,297.7143784,1.67984
0.0195,38.71404115,297.7670446,1.67928
0.0198,38.85299062,297.819285,1.67872
0.0201,38.99177347,297.8711133,1.67815
0.0204,39.13038992,297.9225447,1.67759
0.0207,39.26884018,297.9735964,1.67702
0.021,39.40712445,298.0242868,1.67645
0.0213,39.54524294,298.0746365,1.67588
0.0216,39.68319582,298.1246674,1.67531
0.0219,39.82098272,298.1742116,1.67474
0.0222,39.95860432,298.2232937,1.67417
0.0225,40.09606083,298.2720356,1.67359
0.0228,40.23335243,298.3204307,1.67302
0.0231,40.37047933,298.3684735,1.67244
0.0234,40.50744174,298.4161596,1.67186
0.0237,40.64423984,298.4634855,1.67128
0.024,40.78087383,298.5104488,1.6707
0.0243,40.91734392,298.5570485,1.67012
0.0246,41.0536503,298.6032841,1.66953
0.0249,41.18979317,298.6491566,1.66895
0.0252,41.32577273,298.6946678,1.66836
0.0255,41.46158919,298.7398209,1.66777
0.0258,41.59724272,298.7846197,1.66718
0.0261,41.73273355,298.8290694,1.66659
0.0264,41.86806185,298.8731762,1.666
0.0267,42.00322784,298.9169473,1.66541
0.027,42.13823171,298.9603911,1.66482
0.0273,42.27307366,299.0035167,1.66422
0.0276,42.40775389,299.0463347,1.66363
0.0279,42.5422726,299.0888566,1.66303
0.0282,42.67662998,299.1310949,1.66243
0.0285,42.81082623,299.1730632,1.66184
0.0288,42.94486156,299.2147761,1.66124
0.0291,43.07873616,299.2562494,1.66064
0.0294,43.21245023,299.2975,1.66004
0.0297,43.3460037,299.3384033,1.65944
0.03,43.47939699,299.3788553,1.65884
0.0303,43.6126303,299.4190607,1.65823
0.0306,43.74570384,299.4590143,1.65763
0.0309,43.8786178,299.4987114,1.65703
0.0312,44.01137238,299.5381481,1.65642
0.0315,44.14396777,299.5773208,1.65581
0.0318,44.27640418,299.6162268,1.65521
0.0321,44.4086818,299.654864,1.6546
0.0324,44.54080083,299.6932308,1.65399
0.0327,44.67276146,299.7313264,1.65339
0.033,44.80456389,299.7691506,1.65278
0.0333,44.93620833,299.8067037,1.65217
0.0336,45.06769495,299.8439867,1.65156
0.0339,45.19902397,299.8810012,1.65094
0.0342,45.33019558,299.9177497,1.65033
0.0345,45.46120997,299.9542349,1.64972
0.0348,45.59206735,299.9904605,1.64911
0.0351,45.72276791,300.0264306,1.64849
0.0354,45.85331184,300.0621499,1.64788
0.0357,45.98369935,300.0976241,1.64726
0.036,46.11393064,300.132859,1.64665
0.0363,46.24400519,300.1678615,1.64603
0.0366,46.37392326,300.2026388,1.64541
0.0369,46.50368553,300.237199,1.6448
0.0372,46.63329219,300.2715506,1.64418
0.0375,46.76274343,300.3057029,1.64356
0.0378,46.89203944,300.3396657,1.64294
0.0381,47.02118041,300.3734495,1.64232
0.0384,47.15016653,300.4070655,1.64171
0.0387,47.27899799,300.4405254,1.64109
0.039,47.40767499,300.4738416,1.64047
0.0393,47.5361977,300.5066919,1.63985
0.0396,47.66456633,300.5393229,1.63923
0.0399,47.79278107,300.5717769,1.63861
0.0402,47.9208421,300.6040501,1.63799
0.0405,48.04874961,300.6361394,1.63737
0.0408,48.1765038,300.6680419,1.63674
0.0411,48.30410485,300.699755,1.63612
0.0414,48.43155297,300.7312765,1.6355
0.0417,48.55884832,300.7626046,1.63488
0.042,48.68599112,300.7937377,1.63426
0.0423,48.81298154,300.8246749,1.63363
0.0426,48.93981978,300.8554152,1.63301
0.0429,49.06650582,300.8859583,1.63239
0.0432,49.1930392,300.9163041,1.63176
0.0435,49.31942082,300.9464529,1.63114
0.0438,49.44565088,300.9764053,1.63052
0.0441,49.57172956,301.0061624,1.62989
0.0444,49.69765705,301.0357255,1.62927
0.0447,49.82343352,301.0650962,1.62864
0.045,49.94905917,301.0942767,1.62802
0.0453,50.07453418,301.1232694,1.62739
0.0456,50.19985873,301.1520771,1.62677
0.0459,50.32503301,301.1807028,1.62614
0.0462,50.4500572,301.20915,1.62551
0.0465,50.57493149,301.2374227,1.62489
0.0468,50.69965607,301.2655249,1.62426
0.0471,50.8242311,301.2934613,1.62364
0.0474,50.94865679,301.3212367,1.62301
0.0477,51.07293332,301.3488564,1.62238
0.048,51.19706086,301.3763259,1.62176
0.0483,51.32103962,301.4036514,1.62113
0.0486,51.44486976,301.4308389,1.6205
0.0489,51.56855147,301.4578954,1.61988
0.0492,51.69208495,301.4848277,1.61925
0.0495,51.81547036,301.5116432,1.61862
0.0498,51.93870718,301.5383497,1.618
0.0501,52.06179608,301.5649553,1.61737
0.0504,52.18473736,301.5914503,1.61675
0.0507,52.30753119,301.6175094,1.61612
0.051,52.43017777,301.6434472,1.61549
0.0513,52.55267726,301.6692613,1.61487
0.0516,52.67502985,301.6949492,1.61424
0.0519,52.79723573,301.7205087,1.61361
0.0522,52.91929505,301.7459379,1.61299
0.0525,53.04120802,301.7712349,1.61236
0.0528,53.16297481,301.7963982,1.61173
0.0531,53.28459559,301.8214262,1.61111
0.0534,53.40607055,301.8463178,1.61048
0.0537,53.52739986,301.8710719,1.60986
0.054,53.64858372,301.8956876,1.60923
0.0543,53.76962229,301.9201642,1.6086
0.0546,53.89051575,301.9445014,1.60798
0.0549,54.0112643,301.9686987,1.60735
0.0552,54.13186809,301.9927561,1.60673
0.0555,54.25232733,302.0166736,1.6061
0.0558,54.37264218,302.0404515,1.60548
0.0561,54.49281282,302.0640904,1.60485
0.0564,54.61283905,302.0875907,1.60422
0.0567,54.73272095,302.1109534,1.6036
0.057,54.85245906,302.1341795,1.60297
0.0573,54.97205358,302.1572702,1.60235
0.0576,55.09150467,302.1802269,1.60172
0.0579,55.2108125,302.2030512,1.6011
0.0582,55.32997727,302.2257449,1.60047
0.0585,55.44899913,302.2483099,1.59985
0.0588,55.56787826,302.2707484,1.59922
0.0591,55.68661484,302.2930628,1.5986
0.0594,55.80520905,302.3152556,1.59797
0.0597,55.92366106,302.3373295,1.59735
0.06,56.04197104,302.3592875,1.59672
0.0603,56.16013917,302.3811326,1.5961
0.0606,56.27816563,302.4028681,1.59547
0.0609,56.39605058,302.4244976,1.59485
0.0612,56.51379421,302.4460247,1.59422
0.0615,56.63139669,302.4674532,1.5936
0.0618,56.7488582,302.4887872,1.59298
0.0621,56.86617891,302.5100309,1.59236
0.0624,56.98335899,302.5311888,1.59173
0.0627,57.10039862,302.5522655,1.59111
0.063,57.21729791,302.5732658,1.59049
0.0633,57.33405657,302.5941947,1.58987
0.0636,57.45067521,302.6150573,1.58925
0.0639,57.567154,302.6358591,1.58863
0.0642,57.6834931,302.6563211,1.58801
0.0645,57.79969268,302.6766595,1.58738
0.0648,57.91575292,302.6969133,1.58676
0.0651,58.03167398,302.7170811,1.58614
0.0654,58.14745602,302.7371614,1.58552
0.0657,58.26309921,302.757153,1.5849
0.066,58.37860373,302.7770546,1.58428
0.0663,58.49396973,302.7968651,1.58366
0.0666,58.60919739,302.8165835,1.58304
0.0669,58.72428686,302.8362089,1.58242
0.0672,58.83923833,302.8557405,1.58181
0.0675,58.95405194,302.8751775,1.58119
0.0678,59.06872787,302.8945192,1.58057
0.0681,59.18326629,302.9137652,1.57995
0.0684,59.29766735,302.932915,1.57933
0.0687,59.41193123,302.9519682,1.57872
0.069,59.52605808,302.9709246,1.5781
0.0693,59.64004809,302.9897841,1.57748
0.0696,59.75390139,303.0085465,1.57687
0.0699,59.86761817,303.0272119,1.57625
0.0702,59.98119859,303.0457804,1.57564
0.0705,60.09464281,303.0642522,1.57502
0.0708,60.20795099,303.0826277,1.5744
0.0711,60.32112331,303.1009073,1.57379
0.0714,60.43415991,303.1190914,1.57317
0.0717,60.54706097,303.1371807,1.57256
0.072,60.65982665,303.1551759,1.57195
0.0723,60.7724571,303.1730777,1.57133
0.0726,60.8849525,303.1908872,1.57072
0.0729,60.99731301,303.2086051,1.5701
0.0732,61.10953879,303.2262327,1.56949
0.0735,61.22162999,303.2437711,1.56888
0.0738,61.33358679,303.2612215,1.56827
0.0741,61.44540934,303.2785854,1.56765
0.0744,61.55709781,303.2958641,1.56704
0.0747,61.66865236,303.3130593,1.56643
0.075,61.78007314,303.3301727,1.56582
0.0753,61.89136032,303.3472058,1.56521
0.0756,62.00251406,303.3641607,1.5646
0.0759,62.11353452,303.3810392,1.56399
0.0762,62.22442186,303.3978433,1.56338
0.0765,62.33517618,303.4145753,1.56277
0.0768,62.44579759,303.4312373,1.56216
0.0771,62.55628635,303.4478316,1.56155
0.0774,62.66664261,303.4643606,1.56094
0.0777,62.77686653,303.4808269,1.56033
0.078,62.88695827,303.4972331,1.55973
0.0783,62.99691799,303.5135819,1.55912
0.0786,63.10674584,303.529876,1.55851
0.0789,63.21644199,303.5461184,1.55791
0.0792,63.32600659,303.5623121,1.5573
0.0795,63.4354398,303.57846,1.5567
0.0798,63.54474178,303.5945655,1.55609
0.0801,63.65391268,303.6106318,1.55549
0.0804,63.76295266,303.626425,1.55488
0.0807,63.87186187,303.6421223,1.55428
0.081,63.98064048,303.6577626,1.55368
0.0813,64.08928864,303.6733448,1.55307
0.0816,64.1978065,303.6888681,1.55247
0.0819,64.30619422,303.7043318,1.55187
0.0822,64.41445196,303.7197352,1.55127
0.0825,64.52257987,303.7350775,1.55066
0.0828,64.6305781,303.7503581,1.55006
0.0831,64.73844682,303.7655764,1.54946
0.0834,64.84618617,303.7807319,1.54886
0.0837,64.95379631,303.7958241,1.54826
0.084,65.0612774,303.8108525,1.54766
0.0843,65.16862959,303.8258167,1.54707
0.0846,65.27585303,303.8407164,1.54647
0.0849,65.38294787,303.8555511,1.54587
0.0852,65.48991427,303.8703207,1.54527
0.0855,65.59675239,303.8850249,1.54467
0.0858,65.70346237,303.8996636,1.54408
0.0861,65.81004437,303.9142365,1.54348
0.0864,65.91649855,303.9287436,1.54288
0.0867,66.02282504,303.9431849,1.54229
0.087,66.12902401,303.9575604,1.54169
0.0873,66.23509561,303.97187,1.5411
0.0876,66.34103999,303.9861139,1.5405
0.0879,66.4468573,304.0002922,1.53991
0.0882,66.55254769,304.0144052,1.53932
0.0885,66.65811132,304.0284529,1.53872
0.0888,66.76354833,304.0424358,1.53813
0.0891,66.86885887,304.0563541,1.53754
0.0894,66.9740431,304.0702082,1.53695
0.0897,67.07910117,304.0839985,1.53635
0.09,67.18403341,304.0977254,1.53576
0.0903,67.28883991,304.1113894,1.53517
0.0906,67.39352073,304.1249912,1.53458
0.0909,67.498076,304.1385313,1.53399
0.0912,67.60250589,304.1520102,1.5334
0.0915,67.70681054,304.1654288,1.53281
0.0918,67.8109901,304.1787877,1.53222
0.0921,67.91504472,304.1920878,1.53164
0.0924,68.01897455,304.2053297,1.53105
0.0927,68.12277975,304.2185145,1.53046
0.093,68.22646045,304.2316429,1.52987
0.0933,68.33001681,304.244716,1.52929
0.0936,68.43344898,304.2577348,1.5287
0.0939,68.5367571,304.2707003,1.52812
0.0942,68.63994133,304.2836136,1.52753
0.0945,68.74300181,304.2964758,1.52695
0.0948,68.84593869,304.3092882,1.52636
0.0951,68.94875212,304.3220519,1.52578
0.0954,69.05144224,304.3347683,1.52519
0.0957,69.15400921,304.3474386,1.52461
0.096,69.25645317,304.3600643,1.52403
0.0963,69.35877426,304.3726466,1.52345
0.0966,69.46097264,304.3851872,1.52287
0.0969,69.56304844,304.3976875,1.52229
0.0972,69.66500183,304.410149,1.52171
0.0975,69.76683293,304.4225733,1.52113
0.0978,69.86854191,304.4349621,1.52055
0.0981,69.9701289,304.4473171,1.51997
0.0984,70.07159405,304.45964,1.51939
0.0987,70.1729375,304.4719326,1.51881
0.099,70.27415941,304.4841966,1.51824
0.0993,70.37525991,304.4964341,1.51766
0.0996,70.47623916,304.508614,1.51709
0.0999,70.57709728,304.5205741,1.51651
0.1002,70.67783444,304.5324964,1.51593
0.1005,70.77845078,304.5443803,1.51536
0.1008,70.87894643,304.5562255,1.51478
0.1011,70.97932154,304.5680314,1.51421
0.1014,71.07957626,304.5797976,1.51364
0.1017,71.17971073,304.5915237,1.51306
0.102,71.27972509,304.6032095,1.51249
0.1023,71.37961949,304.6148544,1.51192
0.1026,71.47939407,304.6264582,1.51135
0.1029,71.57904897,304.6380205,1.51078
0.1032,71.67858433,304.6495411,1.5102
0.1035,71.77800057,304.6610196,1.50963
0.1038,71.8772976,304.6724559,1.50907
0.1041,71.97647554,304.6838496,1.5085
0.1044,72.07553454,304.6952006,1.50793
0.1047,72.17447474,304.7065087,1.50736
0.105,72.27329628,304.7177736,1.50679
0.1053,72.37199931,304.7289954,1.50622
0.1056,72.47058397,304.7401737,1.50566
0.1059,72.56905039,304.7513085,1.50509
0.1062,72.66739872,304.7623997,1.50453
0.1065,72.7656291,304.7734473,1.50396
0.1068,72.86374168,304.7844511,1.5034
0.1071,72.96173658,304.7954112,1.50283
0.1074,73.05961397,304.8063276,1.50227
0.1077,73.15737396,304.8172002,1.50171
0.108,73.25501671,304.828029,1.50114
0.1083,73.35254236,304.8388143,1.50058
0.1086,73.44995104,304.8495559,1.50002
0.1089,73.5472429,304.860254,1.49946
0.1092,73.64441808,304.8709088,1.4989
0.1095,73.7414767,304.8815203,1.49834
0.1098,73.83841893,304.8920887,1.49778
0.1101,73.93524488,304.9026142,1.49722
0.1104,74.03195471,304.913097,1.49666
0.1107,74.12854855,304.9235373,1.4961
0.111,74.22502654,304.9339353,1.49554
0.1113,74.32138882,304.9442913,1.49498
0.1116,74.41763552,304.9546056,1.49443
0.1119,74.51376679,304.9648784,1.49387
0.1122,74.60978277,304.9751101,1.49331
0.1125,74.70568358,304.9853011,1.49276
0.1128,74.80146937,304.9954516,1.4922
0.1131,74.89714028,305.0055621,1.49165
0.1134,74.99269644,305.0156329,1.49109
0.1137,75.08813799,305.0256646,1.49054
0.114,75.18346506,305.0356575,1.48999
0.1143,75.2786778,305.045612,1.48944
0.1146,75.37377634,305.0555288,1.48888
0.1149,75.46876082,305.0654082,1.48833
0.1152,75.56363137,305.0752508,1.48778
0.1155,75.65838812,305.0850572,1.48723
0.1158,75.75303123,305.0948279,1.48668
0.1161,75.84756081,305.1045635,1.48613
0.1164,75.941977,305.1142646,1.48558
0.1167,76.03628,305.1239319,1.48503
0.117,76.13047007,305.1335659,1.48448
0.1173,76.22454718,305.1431674,1.48394
0.1176,76.31851146,305.152737,1.48339
0.1179,76.41236305,305.1622755,1.48284
0.1182,76.5061021,305.1717835,1.4823
0.1185,76.59972872,305.1812619,1.48175
0.1188,76.69324305,305.1907114,1.48121
0.1191,76.78664524,305.2001328,1.48066
0.1194,76.8799354,305.2095268,1.48012
0.1197,76.97311369,305.2188944,1.47957
0.12,77.06618023,305.2282364,1.47903
0.1203,77.15913515,305.2375537,1.47849
0.1206,77.2519786,305.2468471,1.47795
0.1209,77.3447107,305.2561176,1.47741
0.1212,77.43733158,305.2653661,1.47687
0.1215,77.52984138,305.2745936,1.47633
0.1218,77.62224024,305.283801,1.47579
0.1221,77.71452828,305.2929893,1.47525
0.1224,77.80670564,305.3021596,1.47471
0.1227,77.89877245,305.3113129,1.47417
0.123,77.99072884,305.3204008,1.47364
0.1233,78.08257495,305.3293432,1.4731
0.1236,78.17431091,305.3382606,1.47256
0.1239,78.26593684,305.3471526,1.47203
0.1242,78.35745289,305.356019,1.47149
0.1245,78.44885918,305.3648597,1.47095
0.1248,78.54015584,305.3736744,1.47042
0.1251,78.63134301,305.3824629,1.46989
0.1254,78.72242081,305.391225,1.46935
0.1257,78.81338937,305.3999605,1.46882
0.126,78.90424884,305.4086693,1.46829
0.1263,78.99499933,305.4173512,1.46775
0.1266,79.08564098,305.426006,1.46722
0.1269,79.17617392,305.4346336,1.46669
0.1272,79.26659827,305.4432338,1.46616
0.1275,79.35691418,305.4518065,1.46563
0.1278,79.44712176,305.4603516,1.4651
0.1281,79.53722114,305.4688689,1.46457
0.1284,79.62721247,305.4773584,1.46405
0.1287,79.71709586,305.48582,1.46352
0.129,79.80687144,305.4942535,1.46299
0.1293,79.89653934,305.5026589,1.46246
0.1296,79.9860997,305.5110361,1.46194
0.1299,80.07555263,305.5193851,1.46141
0.1302,80.16489836,305.5277057,1.46089
0.1305,80.25413703,305.535998,1.46036
0.1308,80.34326868,305.544262,1.45984
0.1311,80.43229343,305.5524974,1.45931
0.1314,80.52121142,305.5607045,1.45879
0.1317,80.61002277,305.5688831,1.45827
0.132,80.69872761,305.5770332,1.45775
0.1323,80.78732608,305.5851549,1.45722
0.1326,80.87581829,305.5932482,1.4567
0.1329,80.96420437,305.601313,1.45618
0.1332,81.05248445,305.6093494,1.45566
0.1335,81.14065866,305.6173575,1.45514
0.1338,81.22872712,305.6253374,1.45462
0.1341,81.31668997,305.6332889,1.4541
0.1344,81.40454732,305.6412123,1.45359
0.1347,81.49229931,305.6491076,1.45307
0.135,81.57994606,305.6569749,1.45255
0.1353,81.66748769,305.6648143,1.45203
0.1356,81.75492433,305.6726258,1.45152
0.1359,81.84225612,305.6804097,1.451
0.1362,81.92948316,305.6881659,1.45049
0.1365,82.01660559,305.6958947,1.44997
0.1368,82.10362354,305.7035961,1.44946
0.1371,82.19053713,305.7112704,1.44895
0.1374,82.27734648,305.7189176,1.44843
0.1377,82.36405171,305.7265379,1.44792
0.138,82.45065296,305.7341316,1.44741
0.1383,82.53715035,305.7416987,1.4469
0.1386,82.623544,305.7492394,1.44638
0.1389,82.70983403,305.7567541,1.44587
0.1392,82.79602058,305.7642427,1.44536
0.1395,82.88210375,305.7717057,1.44485
0.1398,82.96808368,305.7791432,1.44434
0.1401,83.0539605,305.7865553,1.44384
0.1404,83.13973431,305.7939425,1.44333
0.1407,83.22540525,305.8013048,1.44282
0.141,83.31097344,305.8086427,1.44231
0.1413,83.39643901,305.8159562,1.44181
0.1416,83.48180206,305.8232458,1.4413
0.1419,83.56706274,305.8305117,1.44079
0.1422,83.65222115,305.8377541,1.44029
0.1425,83.73727742,305.8449734,1.43979
0.1428,83.82223168,305.8521699,1.43928
0.1431,83.90708404,305.8593439,1.43878
0.1434,83.99183463,305.8664958,1.43827
0.1437,84.07648367,305.8736258,1.43777
0.144,84.16103122,305.8807343,1.43727
0.1443,84.24547738,305.8878217,1.43677
0.1446,84.32982226,305.8948883,1.43627
0.1449,84.41406599,305.9019345,1.43577
0.1452,84.49820868,305.9089607,1.43527
0.1455,84.58225046,305.9159672,1.43477
0.1458,84.66619146,305.9229544,1.43427
0.1461,84.75003178,305.9299228,1.43377
0.1464,84.83377156,305.9368728,1.43327
0.1467,84.91741091,305.9438048,1.43278
0.147,85.00094995,305.9507192,1.43228
0.1473,85.0843888,305.9576164,1.43178
0.1476,85.16772758,305.9644969,1.43129
0.1479,85.25096642,305.9713612,1.43079
0.1482,85.33410543,305.9782097,1.4303
0.1485,85.41714474,305.9850429,1.4298
0.1488,85.50008445,305.9918612,1.42931
0.1491,85.58292469,305.9986653,1.42882
0.1494,85.66566559,306.0054554,1.42832
0.1497,85.74830725,306.0122323,1.42783
0.15,85.83084981,306.0189963,1.42734
0.1503,85.91329337,306.0257481,1.42685
0.1506,85.99563805,306.0324881,1.42636
0.1509,86.07788398,306.0392168,1.42587
0.1512,86.16003128,306.0459349,1.42538
0.1515,86.24208005,306.0525133,1.42489
0.1518,86.32403042,306.0590733,1.4244
0.1521,86.40588251,306.0656168,1.42392
0.1524,86.48763643,306.0721437,1.42343
0.1527,86.56929231,306.078654,1.42294
0.153,86.65085025,306.0851475,1.42246
0.1533,86.73231038,306.0916242,1.42197
0.1536,86.81367282,306.0980838,1.42148
0.1539,86.89493768,306.1045265,1.421
0.1542,86.97610507,306.110952,1.42051
0.1545,87.05717512,306.1173604,1.42003
0.1548,87.13814795,306.1237514,1.41955
0.1551,87.21902366,306.1301251,1.41906
0.1554,87.29980237,306.1364814,1.41858
0.1557,87.38048421,306.1428202,1.4181
0.156,87.46106928,306.1491415,1.41762
0.1563,87.5415577,306.1554451,1.41714
0.1566,87.6219496,306.1617311,1.41666
0.1569,87.70224508,306.1679994,1.41618
0.1572,87.78244429,306.1742499,1.4157
0.1575,87.86254731,306.1804826,1.41522
0.1578,87.94255427,306.1866974,1.41474
0.1581,88.02246528,306.1928944,1.41426
0.1584,88.10228045,306.1990734,1.41378
0.1587,88.1819999,306.2052344,1.41331
0.159,88.26162375,306.2113775,1.41283
0.1593,88.3411521,306.2175025,1.41236
0.1596,88.42058507,306.2236095,1.41188
0.1599,88.49992278,306.2296985,1.41141
0.1602,88.57916535,306.2357693,1.41093
0.1605,88.65831287,306.2418221,1.41046
0.1608,88.73736548,306.2478568,1.40998
0.1611,88.81632328,306.2538734,1.40951
0.1614,88.89518639,306.2598718,1.40904
0.1617,88.97395492,306.2658522,1.40857
0.162,89.05262898,306.2718145,1.4081
0.1623,89.13120869,306.2777587,1.40763
0.1626,89.20969416,306.2836848,1.40715
0.1629,89.2880855,306.2895928,1.40668
0.1632,89.36638284,306.2954828,1.40622
0.1635,89.44458627,306.3013548,1.40575
0.1638,89.52269591,306.3072087,1.40528
0.1641,89.60071187,306.3130447,1.40481
0.1644,89.67863428,306.3188628,1.40434
0.1647,89.75646323,306.324663,1.40388
0.165,89.83419885,306.3304452,1.40341
0.1653,89.91184123,306.3362097,1.40294
0.1656,89.98939051,306.3419564,1.40248
0.1659,90.06684678,306.3476853,1.40201
0.1662,90.14421016,306.3533966,1.40155
0.1665,90.22148075,306.3590902,1.40108
0.1668,90.29865868,306.3647663,1.40062
0.1671,90.37574406,306.3704249,1.40016
0.1674,90.45273698,306.376066,1.3997
0.1677,90.52963757,306.3816897,1.39923
0.168,90.60644594,306.3872962,1.39877
0.1683,90.68316219,306.3928854,1.39831
0.1686,90.75978644,306.3984575,1.39785
0.1689,90.8363188,306.4040125,1.39739
0.1692,90.91275937,306.4095506,1.39693
0.1695,90.98910827,306.4150717,1.39647
0.1698,91.06536561,306.4205761,1.39601
0.1701,91.1415315,306.4260638,1.39555
0.1704,91.21760604,306.4315348,1.3951
0.1707,91.29358935,306.4369894,1.39464
0.171,91.36948154,306.4424275,1.39418
0.1713,91.44528271,306.4478494,1.39373
0.1716,91.52099298,306.4532551,1.39327
0.1719,91.59661246,306.4586447,1.39282
0.1722,91.67214124,306.4640184,1.39236
0.1725,91.74757945,306.4693763,1.39191
0.1728,91.82292719,306.4747185,1.39145
0.1731,91.89818457,306.4800452,1.391
0.1734,91.97335169,306.4853564,1.39055
0.1737,92.04842868,306.4906523,1.39009
0.174,92.12341563,306.4959331,1.38964
0.1743,92.19831265,306.5011988,1.38919
0.1746,92.27311985,306.5064497,1.38874
0.1749,92.34783734,306.5116859,1.38829
0.1752,92.42246523,306.5169075,1.38784
0.1755,92.49700362,306.5221147,1.38739
0.1758,92.57145262,306.5273077,1.38694
0.1761,92.64581234,306.5324865,1.38649
0.1764,92.72008289,306.5376515,1.38605
0.1767,92.79426437,306.5428027,1.3856
0.177,92.86835689,306.5479404,1.38515
0.1773,92.94236056,306.5530646,1.3847
0.1776,93.01627549,306.5581756,1.38426
0.1779,93.09010177,306.5632736,1.38381
0.1782,93.16383952,306.5683588,1.38337
0.1785,93.23748884,306.5734313,1.38292
0.1788,93.31104985,306.5784913,1.38248
0.1791,93.38452264,306.5835391,1.38204
0.1794,93.45790732,306.5885747,1.38159
0.1797,93.531204,306.5935986,1.38115
0.18,93.60441278,306.5986107,1.38071
0.1803,93.67753377,306.6036114,1.38027
0.1806,93.75056708,306.6086009,1.37983
0.1809,93.82351281,306.6135794,1.37938
0.1812,93.89637106,306.6185471,1.37894
0.1815,93.96914194,306.6235042,1.37851
0.1818,94.04182556,306.6284509,1.37807
0.1821,94.11442202,306.6333875,1.37763
0.1824,94.18693142,306.6383143,1.37719
0.1827,94.25935388,306.6432314,1.37675
0.183,94.33168948,306.6481391,1.37631
0.1833,94.40393835,306.6530377,1.37588
0.1836,94.47610058,306.6579273,1.37544
0.1839,94.54817617,306.6628082,1.37501
0.1842,94.62016524,306.6676808,1.37457
0.1845,94.69206797,306.6725452,1.37414
0.1848,94.76388447,306.6774017,1.3737
0.1851,94.83561484,306.6822506,1.37327
0.1854,94.90725919,306.6870921,1.37284
0.1857,94.97881761,306.6919266,1.3724
0.186,95.05029021,306.6966821,1.37197
0.1863,95.1216771,306.7014067,1.37154
0.1866,95.19297837,306.7061207,1.37111
0.1869,95.26419413,306.7108241,1.37068
0.1872,95.33532448,306.7155169,1.37025
0.1875,95.40636952,306.720199,1.36982
0.1878,95.47732936,306.7248703,1.36939
0.1881,95.5482041,306.7295309,1.36896
0.1884,95.61899384,306.7341808,1.36853
0.1887,95.68969867,306.7388198,1.3681
0.189,95.76031872,306.7434479,1.36767
0.1893,95.83085406,306.7480652,1.36724
0.1896,95.90130481,306.7526715,1.36682
0.1899,95.97167107,306.7572669,1.36639
0.1902,96.04195294,306.7618514,1.36597
0.1905,96.11215052,306.7664248,1.36554
0.1908,96.18226391,306.7709872,1.36511
0.1911,96.25229322,306.7755386,1.36469
0.1914,96.32223853,306.780079,1.36427
0.1917,96.39209996,306.7846082,1.36384
0.192,96.46187761,306.7891264,1.36342
0.1923,96.53157156,306.7936334,1.363
0.1926,96.60118194,306.7981293,1.36258
0.1929,96.67070882,306.802614,1.36215
0.1932,96.74015232,306.8070876,1.36173
0.1935,96.80951254,306.8115499,1.36131
0.1938,96.87878957,306.8160011,1.36089
0.1941,96.94798352,306.8204411,1.36047
0.1944,97.01709448,306.8248698,1.36005
0.1947,97.08612255,306.8292874,1.35963
0.195,97.15506783,306.8336937,1.35922
0.1953,97.22393043,306.8380887,1.3588
0.1956,97.29271044,306.8424725,1.35838
0.1959,97.36140796,306.8468451,1.35796
0.1962,97.43002308,306.8512064,1.35755
0.1965,97.49855592,306.8555565,1.35713
0.1968,97.56700656,306.8598953,1.35671
0.1971,97.6353751,306.8642228,1.3563
0.1974,97.70366165,306.8685391,1.35588
0.1977,97.7718663,306.8728441,1.35547
0.198,97.83998914,306.8771379,1.35506
0.1983,97.90803029,306.8814205,1.35464
0.1986,97.97598983,306.8856918,1.35423
0.1989,98.04386786,306.8899519,1.35382
0.1992,98.11166448,306.8942008,1.35341
0.1995,98.17937979,306.8984384,1.353
0.1998,98.24701389,306.9026649,1.35258
0.2001,98.31456687,306.9068802,1.35217
0.2004,98.38203882,306.9110843,1.35176
0.2007,98.44942986,306.9152772,1.35135
0.201,98.51674007,306.9194591,1.35094
0.2013,98.58396955,306.9236298,1.35054
0.2016,98.6511184,306.9277894,1.35013
0.2019,98.71818671,306.9319379,1.34972
0.2022,98.78517458,306.9360753,1.34931
0.2025,98.85208211,306.9402017,1.34891
0.2028,98.91890939,306.9443171,1.3485
0.2031,98.98565653,306.9484215,1.34809
0.2034,99.0523236,306.9525149,1.34769
0.2037,99.11891072,306.9565974,1.34728
0.204,99.18541798,306.960669,1.34688
0.2043,99.25184546,306.9647296,1.34647
0.2046,99.31819328,306.9687795,1.34607
0.2049,99.38446152,306.9728185,1.34567
0.2052,99.45065028,306.9768467,1.34526
0.2055,99.51675965,306.9808642,1.34486
0.2058,99.58278973,306.9848709,1.34446
0.2061,99.64874062,306.988867,1.34406
0.2064,99.7146124,306.9928524,1.34366
0.2067,99.78040518,306.9968272,1.34325
0.207,99.84611905,307.0007914,1.34285
0.2073,99.9117541,307.0047451,1.34245
0.2076,99.97731043,307.0086883,1.34205
0.2079,100.0427881,307.0126211,1.34166
0.2082,100.1081873,307.0165435,1.34126
0.2085,100.173508,307.0204555,1.34086
0.2088,100.2387504,307.0243572,1.34046
0.2091,100.3039145,307.0282487,1.34006
0.2094,100.3690005,307.0321299,1.33967
0.2097,100.4340084,307.036001,1.33927
0.21,100.4989383,307.039862,1.33888
0.2103,100.5637904,307.0437129,1.33848
0.2106,100.6285647,307.0475539,1.33809
0.2109,100.6932614,307.0513849,1.33769
0.2112,100.7578805,307.055206,1.3373
0.2115,100.8224221,307.0590173,1.3369
0.2118,100.8868863,307.0628188,1.33651
0.2121,100.9512732,307.0666106,1.33612
0.2124,101.0155828,307.0703927,1.33572
0.2127,101.0798154,307.0741653,1.33533
0.213,101.1439709,307.0779283,1.33494
0.2133,101.2080494,307.0816819,1.33455
0.2136,101.2720511,307.0854261,1.33416
0.2139,101.3359761,307.089161,1.33377
0.2142,101.3998244,307.0928866,1.33338
0.2145,101.4635961,307.096603,1.33299
0.2148,101.5272913,307.1003104,1.3326
0.2151,101.5909101,307.1040086,1.33221
0.2154,101.6544527,307.1076979,1.33182
0.2157,101.717919,307.1113783,1.33144
0.216,101.7813092,307.1150499,1.33105
0.2163,101.8446234,307.1187127,1.33066
0.2166,101.9078617,307.1223669,1.33028
0.2169,101.9710241,307.1260125,1.32989
0.2172,102.0341107,307.1296496,1.32951
0.2175,102.0971217,307.1332782,1.32912
0.2178,102.1600572,307.1368985,1.32874
0.2181,102.2229171,307.1405105,1.32835
0.2184,102.2857017,307.1441144,1.32797
0.2187,102.348411,307.1477102,1.32759
0.219,102.411045,307.151298,1.3272
0.2193,102.473604,307.1548779,1.32682
0.2196,102.5360879,307.1584499,1.32644
0.2199,102.5984969,307.1620142,1.32606
0.2202,102.660831,307.1655709,1.32568
0.2205,102.7230904,307.16912,1.3253
0.2208,102.7852751,307.1726617,1.32492
0.2211,102.8473852,307.1761961,1.32454
0.2214,102.9094209,307.1797231,1.32416
0.2217,102.9713821,307.183243,1.32378
0.222,103.0332691,307.1867559,1.3234
0.2223,103.0950818,307.1902618,1.32302
0.2226,103.1568204,307.1937608,1.32264
0.2229,103.2184849,307.1972531,1.32227
0.2232,103.2800755,307.2007387,1.32189
0.2235,103.3415923,307.2042178,1.32151
0.2238,103.4030352,307.2076904,1.32114
0.2241,103.4644045,307.2111567,1.32076
0.2244,103.5257002,307.2146168,1.32039
0.2247,103.5869223,307.2180708,1.32001
0.225,103.6480711,307.2215187,1.31964
0.2253,103.7091465,307.2249608,1.31927
0.2256,103.7701487,307.2283971,1.31889
0.2259,103.8310777,307.2318277,1.31852
0.2262,103.8919336,307.2352528,1.31815
0.2265,103.9527166,307.2386725,1.31778
0.2268,104.0134267,307.2420869,1.3174
0.2271,104.0740639,307.245496,1.31703
0.2274,104.1346285,307.2489001,1.31666
0.2277,104.1951204,307.2522993,1.31629
0.228,104.2555398,307.2556936,1.31592
0.2283,104.3158867,307.2590832,1.31555
0.2286,104.3761613,307.262441,1.31518
0.2289,104.4363635,307.2657581,1.31482
0.2292,104.4964936,307.2690686,1.31445
0.2295,104.5565516,307.2723725,1.31408
0.2298,104.6165375,307.2756696,1.31371
0.2301,104.6764515,307.2789601,1.31335
0.2304,104.7362937,307.2822439,1.31298
0.2307,104.7960641,307.285521,1.31261
0.231,104.8557628,307.2887913,1.31225
0.2313,104.91539,307.292055,1.31188
0.2316,104.9749456,307.2953119,1.31152
0.2319,105.0344299,307.298562,1.31115
0.2322,105.0938427,307.3018054,1.31079
0.2325,105.1531844,307.3050421,1.31042
0.2328,105.2124549,307.308272,1.31006
0.2331,105.2716543,307.3114951,1.3097
0.2334,105.3307827,307.3147114,1.30934
0.2337,105.3898402,307.3179209,1.30897
0.234,105.448827,307.3211237,1.30861
0.2343,105.5077429,307.3243196,1.30825
0.2346,105.5665883,307.3275088,1.30789
0.2349,105.625363,307.3306911,1.30753
0.2352,105.6840673,307.3338666,1.30717
0.2355,105.7427012,307.3370353,1.30681
0.2358,105.8012648,307.3401972,1.30645
0.2361,105.8597582,307.3433523,1.30609
0.2364,105.9181814,307.3465005,1.30573
0.2367,105.9765346,307.3496419,1.30538
0.237,106.0348178,307.3527765,1.30502
0.2373,106.0930311,307.3559042,1.30466
0.2376,106.1511745,307.3590251,1.3043
0.2379,106.209248,307.3621392,1.30395
0.2382,106.2672518,307.3652464,1.30359
0.2385,106.3251861,307.3683468,1.30324
0.2388,106.3830509,307.3714403,1.30288
0.2391,106.4408463,307.374527,1.30253
0.2394,106.4985723,307.3776069,1.30217
0.2397,106.5562292,307.3806799,1.30182
0.24,106.6138169,307.3837461,1.30147
0.2403,106.6713355,307.3868055,1.30111
0.2406,106.7287852,307.389858,1.30076
0.2409,106.786166,307.3929037,1.30041
0.2412,106.8434779,307.3959426,1.30006
0.2415,106.9007211,307.3989746,1.2997
0.2418,106.9578957,307.4019999,1.29935
0.2421,107.0150017,307.4050183,1.299
0.2424,107.0720392,307.4080299,1.29865
0.2427,107.1290083,307.4110347,1.2983
0.243,107.1859091,307.4140327,1.29795
0.2433,107.2427416,307.4170239,1.2976
0.2436,107.299506,307.4200083,1.29726
0.2439,107.3562023,307.4229859,1.29691
0.2442,107.4128306,307.4259568,1.29656
0.2445,107.469391,307.4289208,1.29621
0.2448,107.5258836,307.4318781,1.29587
0.2451,107.5823084,307.4348287,1.29552
0.2454,107.6386655,307.4377725,1.29517
0.2457,107.6949551,307.4407096,1.29483
0.246,107.7511771,307.4436399,1.29448
0.2463,107.8073317,307.4465635,1.29414
0.2466,107.863419,307.4494804,1.29379
0.2469,107.919439,307.4523906,1.29345
0.2472,107.9753919,307.4552941,1.2931
0.2475,108.0312776,307.458191,1.29276
0.2478,108.0870963,307.4610811,1.29242
0.2481,108.1428481,307.4639646,1.29207
0.2484,108.198533,307.4668414,1.29173
0.2487,108.2541511,307.4697116,1.29139
0.249,108.3097026,307.4725752,1.29105
0.2493,108.3651874,307.4754322,1.29071
0.2496,108.4206056,307.4782826,1.29037
0.2499,108.4759574,307.4811264,1.29003
0.2502,108.5312428,307.4839636,1.28969
0.2505,108.586462,307.4867943,1.28935
0.2508,108.6416149,307.4896184,1.28901
0.2511,108.6967016,307.492436,1.28867
0.2514,108.7517223,307.4952471,1.28833
0.2517,108.806677,307.4980517,1.28799
0.252,108.8615658,307.5008498,1.28765
0.2523,108.9163888,307.5036414,1.28732
0.2526,108.9711461,307.5064266,1.28698
0.2529,109.0258376,307.5092054,1.28664
0.2532,109.0804636,307.5119778,1.28631
0.2535,109.1350241,307.5147437,1.28597
0.2538,109.1895191,307.5175033,1.28564
0.2541,109.2439488,307.5202566,1.2853
0.2544,109.2983133,307.5230035,1.28497
0.2547,109.3526125,307.5257441,1.28463
0.255,109.4068466,307.5284784,1.2843
0.2553,109.4610156,307.5312064,1.28397
0.2556,109.5151198,307.5339281,1.28363
0.2559,109.569159,307.5366436,1.2833
0.2562,109.6231334,307.5393529,1.28297
0.2565,109.6770431,307.542056,1.28264
0.2568,109.7308881,307.544753,1.2823
0.2571,109.7846686,307.5474437,1.28197
0.2574,109.8383846,307.5501284,1.28164
0.2577,109.8920361,307.552807,1.28131
0.258,109.9456234,307.5554794,1.28098
0.2583,109.9991463,307.5581458,1.28065
0.2586,110.0526051,307.5608062,1.28032
0.2589,110.1059998,307.5634606,1.27999
0.2592,110.1593304,307.566109,1.27966
0.2595,110.2125971,307.5687514,1.27934
0.2598,110.2657999,307.571388,1.27901
0.2601,110.3189389,307.5740186,1.27868
0.2604,110.3720142,307.5766433,1.27835
0.2607,110.4250259,307.5792621,1.27803
0.261,110.477974,307.5818752,1.2777
0.2613,110.5308585,307.5844824,1.27738
0.2616,110.5836797,307.5870839,1.27705
0.2619,110.6364375,307.5896796,1.27672
0.2622,110.6891321,307.5922697,1.2764
0.2625,110.7417635,307.594854,1.27608
0.2628,110.7943317,307.5974327,1.27575
0.2631,110.8468369,307.6000057,1.27543
0.2634,110.8992792,307.6025732,1.2751
0.2637,110.9516586,307.6051351,1.27478
0.264,111.0039751,307.6076915,1.27446
0.2643,111.0562289,307.6102423,1.27414
0.2646,111.1084199,307.6127877,1.27381
0.2649,111.1605483,307.6153277,1.27349
0.2652,111.2126142,307.6178622,1.27317
0.2655,111.2646177,307.6203914,1.27285
0.2658,111.3165587,307.6229152,1.27253
0.2661,111.3684375,307.6254337,1.27221
0.2664,111.4202541,307.627947,1.27189
0.2667,111.4720085,307.630455,1.27157
0.267,111.5237009,307.6329578,1.27125
0.2673,111.5753313,307.6354554,1.27094
0.2676,111.6268997,307.6379479,1.27062
0.2679,111.6784063,307.6404353,1.2703
0.2682,111.7298511,307.6429177,1.26998
0.2685,111.7812343,307.645395,1.26966
0.2688,111.8325558,307.6478673,1.26935
0.2691,111.8838157,307.6503347,1.26903
0.2694,111.9350142,307.6527971,1.26872
0.2697,111.9861513,307.6552547,1.2684
0.27,112.0372271,307.6577074,1.26809
0.2703,112.0882416,307.6601554,1.26777
0.2706,112.1391949,307.6625985,1.26746
0.2709,112.1900871,307.665037,1.26714
0.2712,112.2409183,307.6674707,1.26683
0.2715,112.2916886,307.6698998,1.26651
0.2718,112.3423979,307.6723244,1.2662
0.2721,112.3930464,307.6747443,1.26589
0.2724,112.4436342,307.6771597,1.26558
0.2727,112.4941613,307.6795707,1.26526
0.273,112.5446279,307.6819772,1.26495
0.2733,112.5950339,307.6843793,1.26464
0.2736,112.6453794,307.6867771,1.26433
0.2739,112.6956646,307.6891705,1.26402
0.2742,112.7458895,307.6915597,1.26371
0.2745,112.7960541,307.6939447,1.2634
0.2748,112.8461586,307.6963255,1.26309
0.2751,112.896203,307.6987021,1.26278
0.2754,112.9461873,307.7010747,1.26247
0.2757,112.9961118,307.7034432,1.26217
0.276,113.0459763,307.7058077,1.26186
0.2763,113.0957811,307.7081683,1.26155
0.2766,113.1455261,307.710525,1.26124
0.2769,113.1952115,307.7128778,1.26094
0.2772,113.2448372,307.7152268,1.26063
0.2775,113.2944035,307.717572,1.26032
0.2778,113.3439103,307.7199135,1.26002
0.2781,113.3933578,307.7222513,1.25971
0.2784,113.442746,307.7245855,1.25941
0.2787,113.4920749,307.7269162,1.2591
0.279,113.5413447,307.7292433,1.2588
0.2793,113.5905554,307.7315669,1.25849
0.2796,113.639707,307.7338872,1.25819
0.2799,113.6887998,307.736204,1.25789
0.2802,113.7378336,307.7385175,1.25759
0.2805,113.7868087,307.7408278,1.25728
0.2808,113.835725,307.7431348,1.25698
0.2811,113.8845827,307.7454387,1.25668
0.2814,113.9333817,307.7477394,1.25638
0.2817,113.9821223,307.7500371,1.25608
0.282,114.0308044,307.7523297,1.25578
0.2823,114.0794281,307.7545826,1.25547
0.2826,114.1279935,307.7568313,1.25517
0.2829,114.1765006,307.7590761,1.25487
0.2832,114.2249496,307.7613167,1.25458
0.2835,114.2733405,307.7635532,1.25428
0.2838,114.3216734,307.7657857,1.25398
0.2841,114.3699483,307.7680141,1.25368
0.2844,114.4181653,307.7702384,1.25338
0.2847,114.4663245,307.7724586,1.25308
0.285,114.5144259,307.7746747,1.25279
0.2853,114.5624697,307.7768868,1.25249
0.2856,114.6104558,307.7790947,1.25219
0.2859,114.6583844,307.7812986,1.25189
0.2862,114.7062555,307.7834984,1.2516
0.2865,114.7540692,307.7856941,1.2513
0.2868,114.8018256,307.7878857,1.25101
0.2871,114.8495247,307.7900732,1.25071
0.2874,114.8971666,307.7922567,1.25042
0.2877,114.9447514,307.7944361,1.25012
0.288,114.9922791,307.7966114,1.24983
0.2883,115.0397498,307.7987826,1.24954
0.2886,115.0871636,307.8009497,1.24924
0.2889,115.1345205,307.8031128,1.24895
0.2892,115.1818207,307.8052717,1.24866
0.2895,115.2290641,307.8074266,1.24836
0.2898,115.2762509,307.8095775,1.24807
0.2901,115.3233811,307.8117242,1.24778
0.2904,115.3704548,307.8138669,1.24749
0.2907,115.417472,307.8160055,1.2472
0.291,115.4644328,307.81814,1.24691
0.2913,115.5113373,307.8202705,1.24662
0.2916,115.5581854,307.8223969,1.24633
0.2919,115.6049774,307.8245192,1.24604
0.2922,115.6517132,307.8266375,1.24575
0.2925,115.698393,307.8287517,1.24546
0.2928,115.7450168,307.8308619,1.24517
0.2931,115.7915847,307.832968,1.24488
0.2934,115.8380967,307.83507,1.2446
0.2937,115.884553,307.837168,1.24431
0.294,115.9309535,307.839262,1.24402
0.2943,115.9772984,307.8413519,1.24373
0.2946,116.0235878,307.8434378,1.24345
0.2949,116.0698216,307.8455196,1.24316
0.2952,116.1159999,307.8475974,1.24288
0.2955,116.1621229,307.8496711,1.24259
0.2958,116.2081906,307.8517408,1.24231
0.2961,116.254203,307.8538065,1.24202
0.2964,116.3001602,307.8558682,1.24174
0.2967,116.3460623,307.8579259,1.24145
0.297,116.3919094,307.8599795,1.24117
0.2973,116.4377015,307.8620291,1.24088
0.2976,116.4834387,307.8640747,1.2406
0.2979,116.529121,307.8661163,1.24032
0.2982,116.5747485,307.8681539,1.24004
0.2985,116.6203213,307.8701875,1.23975
0.2988,116.6658395,307.8722171,1.23947
0.2991,116.7113031,307.8742428,1.23919
0.2994,116.7567121,307.8762644,1.23891
0.2997,116.8020667,307.8782821,1.23863
0.3,116.8473669,307.8802957,1.23835
0.3003,116.8926128,307.8823054,1.23807
0.3006,116.9378044,307.8843112,1.23779
0.3009,116.9829418,307.8863129,1.23751
0.3012,117.028025,307.8883108,1.23723
0.3015,117.0730543,307.8903046,1.23695
0.3018,117.1180295,307.8922945,1.23667
0.3021,117.1629507,307.8942805,1.23639
0.3024,117.2078181,307.8962625,1.23611
0.3027,117.2526317,307.8982406,1.23584
0.303,117.2973916,307.9002148,1.23556
0.3033,117.3420977,307.902185,1.23528
0.3036,117.3867503,307.9041514,1.23501
0.3039,117.4313493,307.9061138,1.23473
0.3042,117.4758948,307.9080723,1.23445
0.3045,117.5203869,307.9100269,1.23418
0.3048,117.5648257,307.9119777,1.2339
0.3051,117.6092111,307.9139245,1.23363
0.3054,117.6535433,307.9158675,1.23335
0.3057,117.6978224,307.9178065,1.23308
0.306,117.7420483,307.9197418,1.2328
0.3063,117.7862212,307.9216731,1.23253
0.3066,117.8303412,307.9236006,1.23226
0.3069,117.8744082,307.9255243,1.23198
0.3072,117.9184224,307.9274441,1.23171
0.3075,117.9623838,307.92936,1.23144
0.3078,118.0062925,307.9312722,1.23116
0.3081,118.0501485,307.9331805,1.23089
0.3084,118.0939519,307.935085,1.23062
0.3087,118.1377028,307.9369857,1.23035
0.309,118.1814012,307.9388826,1.23008
0.3093,118.2250472,307.9407757,1.22981
0.3096,118.2686409,307.9426651,1.22954
0.3099,118.3121823,307.9445506,1.22927
0.3102,118.3556715,307.9464324,1.229
0.3105,118.3991085,307.9483104,1.22873
0.3108,118.4424935,307.9501847,1.22846
0.3111,118.4858264,307.9520552,1.22819
0.3114,118.5291073,307.9539219,1.22792
0.3117,118.5723364,307.955785,1.22765
0.312,118.6155136,307.9576443,1.22739
0.3123,118.658639,307.9594999,1.22712
0.3126,118.7017127,307.9613518,1.22685
0.3129,118.7447348,307.9632,1.22658
0.3132,118.7877052,307.9650446,1.22632
0.3135,118.8306242,307.9668854,1.22605
0.3138,118.8734916,307.9687226,1.22579
0.3141,118.9163077,307.9705561,1.22552
0.3144,118.9590724,307.9723859,1.22526
0.3147,119.0017858,307.9742121,1.22499
0.315,119.044448,307.9760347,1.22473
0.3153,119.0870591,307.9778537,1.22446
0.3156,119.129619,307.979669,1.2242
0.3159,119.1721279,307.9814807,1.22393
0.3162,119.2145859,307.9832889,1.22367
0.3165,119.2569929,307.9850934,1.22341
0.3168,119.2993491,307.9868944,1.22314
0.3171,119.3416545,307.9886918,1.22288
0.3174,119.3839091,307.9904856,1.22262
0.3177,119.4261131,307.9922759,1.22236
0.318,119.4682664,307.9940626,1.22209
0.3183,119.5103691,307.9958458,1.22183
0.3186,119.5524213,307.9976256,1.22157
0.3189,119.594423,307.9994018,1.22131
0.3192,119.6363744,308.0011745,1.22105
0.3195,119.6782755,308.0029437,1.22079
0.3198,119.7201263,308.0047094,1.22053
0.3201,119.761927,308.0064717,1.22027
0.3204,119.8036775,308.0082305,1.22001
0.3207,119.8453779,308.0099859,1.21975
0.321,119.8870283,308.0117378,1.21949
0.3213,119.9286288,308.0134863,1.21924
0.3216,119.9701794,308.0152314,1.21898
0.3219,120.0116801,308.0169732,1.21872
0.3222,120.0531311,308.0187115,1.21846
0.3225,120.0945324,308.0204464,1.21821
0.3228,120.135884,308.022178,1.21795
0.3231,120.177186,308.0239063,1.21769
0.3234,120.2184385,308.0256311,1.21744
0.3237,120.2596415,308.0273527,1.21718
0.324,120.3007951,308.029071,1.21692
0.3243,120.3418993,308.0307859,1.21667
0.3246,120.3829543,308.0324975,1.21641
0.3249,120.42396,308.0342059,1.21616
0.3252,120.4649165,308.035911,1.21591
0.3255,120.5058239,308.0376129,1.21565
0.3258,120.5466823,308.0393115,1.2154
0.3261,120.5874916,308.0410068,1.21514
0.3264,120.6282521,308.042699,1.21489
0.3267,120.6689636,308.0443879,1.21464
0.327,120.7096263,308.0460737,1.21438
0.3273,120.7502402,308.0477563,1.21413
0.3276,120.7908055,308.0494357,1.21388
0.3279,120.831322,308.0511119,1.21363
0.3282,120.87179,308.0527851,1.21338
0.3285,120.9122095,308.054455,1.21313
0.3288,120.9525805,308.0561219,1.21288
0.3291,120.992903,308.0577857,1.21262
0.3294,121.0331773,308.0594464,1.21237
0.3297,121.0734032,308.061104,1.21212
0.33,121.1135808,308.0627586,1.21187
0.3303,121.1537103,308.0644101,1.21163
0.3306,121.1937917,308.0660586,1.21138
0.3309,121.233825,308.0677041,1.21113
0.3312,121.2738103,308.0693465,1.21088
0.3315,121.3137476,308.070986,1.21063
0.3318,121.353637,308.0726225,1.21038
0.3321,121.3934786,308.0742561,1.21013
0.3324,121.4332724,308.0758867,1.20989
0.3327,121.4730185,308.0775144,1.20964
0.333,121.512717,308.0791391,1.20939
0.3333,121.5523678,308.080761,1.20915
0.3336,121.591971,308.08238,1.2089
0.3339,121.6315268,308.0839961,1.20865
0.3342,121.6710352,308.0856094,1.20841
0.3345,121.7104961,308.0872198,1.20816
0.3348,121.7499098,308.0888274,1.20792
0.3351,121.7892761,308.0904322,1.20767
0.3354,121.8285953,308.0920342,1.20743
0.3357,121.8678673,308.0936334,1.20719
0.336,121.9070922,308.0952298,1.20694
0.3363,121.9462701,308.0968235,1.2067
0.3366,121.9854009,308.0984145,1.20645
0.3369,122.0244849,308.1000028,1.20621
0.3372,122.063522,308.1015883,1.20597
0.3375,122.1025123,308.1031712,1.20573
0.3378,122.1414558,308.1047514,1.20548
0.3381,122.1803526,308.106329,1.20524
0.3384,122.2192028,308.107904,1.205
0.3387,122.2580064,308.1094763,1.20476
0.339,122.2967634,308.111046,1.20452
0.3393,122.335474,308.1126131,1.20428
0.3396,122.3741381,308.1141777,1.20404
0.3399,122.4127559,308.1157397,1.2038
0.3402,122.4513274,308.1172992,1.20356
0.3405,122.4898526,308.1188562,1.20332
0.3408,122.5283316,308.1204107,1.20308
0.3411,122.5667645,308.1219627,1.20284
0.3414,122.6051513,308.1235122,1.2026
0.3417,122.643492,308.1250593,1.20236
0.342,122.6817868,308.126604,1.20212
0.3423,122.7200357,308.1281463,1.20188
0.3426,122.7582387,308.1296861,1.20165
0.3429,122.7963958,308.1312236,1.20141
0.3432,122.8345073,308.1327587,1.20117
0.3435,122.872573,308.1342915,1.20094
0.3438,122.9105931,308.135822,1.2007
0.3441,122.9485675,308.1373502,1.20046
0.3444,122.9864965,308.1388761,1.20023
0.3447,123.02438,308.1403997,1.19999
0.345,123.0622179,308.1419211,1.19976
0.3453,123.1000104,308.1434402,1.19952
0.3456,123.1377576,308.1449572,1.19929
0.3459,123.1754595,308.1464719,1.19905
0.3462,123.2131162,308.1479845,1.19882
0.3465,123.2507278,308.1494949,1.19858
0.3468,123.2882942,308.1510032,1.19835
0.3471,123.3258156,308.1525094,1.19812
0.3474,123.363292,308.1540135,1.19788
0.3477,123.4007234,308.1555155,1.19765
0.348,123.43811,308.1570155,1.19742
0.3483,123.4754517,308.1585134,1.19718
0.3486,123.5127486,308.1600093,1.19695
0.3489,123.5500008,308.1615032,1.19672
0.3492,123.5872084,308.1629951,1.19649
0.3495,123.6243713,308.1644851,1.19626
0.3498,123.6614896,308.1659731,1.19603
0.3501,123.6985634,308.1674592,1.1958
0.3504,123.7355928,308.1689351,1.19557
0.3507,123.7725777,308.1703956,1.19534
0.351,123.8095183,308.1718536,1.19511
0.3513,123.8464146,308.1733092,1.19488
0.3516,123.8832666,308.1747624,1.19465
0.3519,123.9200745,308.1762132,1.19442
0.3522,123.9568382,308.1776616,1.19419
0.3525,123.9935578,308.1791076,1.19396
0.3528,124.0302334,308.1805512,1.19373
0.3531,124.066865,308.1819924,1.1935
0.3534,124.1034526,308.1834312,1.19328
0.3537,124.1399964,308.1848677,1.19305
0.354,124.1764963,308.1863017,1.19282
0.3543,124.2129525,308.1877334,1.19259
0.3546,124.249365,308.1891627,1.19237
0.3549,124.2857338,308.1905896,1.19214
0.3552,124.3220589,308.1920141,1.19191
0.3555,124.3583405,308.1934362,1.19169
0.3558,124.3945786,308.194856,1.19146
0.3561,124.4307733,308.1962734,1.19124
0.3564,124.4669245,308.1976884,1.19101
0.3567,124.5030324,308.1991011,1.19079
0.357,124.539097,308.2005114,1.19056
0.3573,124.5751183,308.2019193,1.19034
0.3576,124.6110964,308.2033249,1.19011
0.3579,124.6470314,308.2047281,1.18989
0.3582,124.6829233,308.206129,1.18967
0.3585,124.7187721,308.2075274,1.18944
0.3588,124.754578,308.2089236,1.18922
0.3591,124.7903409,308.2103174,1.189
0.3594,124.8260609,308.2117088,1.18877
0.3597,124.8617381,308.2130979,1.18855
0.36,124.8973725,308.2144847,1.18833
0.3603,124.9329641,308.2158691,1.18811
0.3606,124.9685131,308.2172512,1.18789
0.3609,125.0040194,308.2186309,1.18767
0.3612,125.0394832,308.2200083,1.18744
0.3615,125.0749044,308.2213834,1.18722
0.3618,125.1102832,308.2227561,1.187
0.3621,125.1456195,308.2241265,1.18678
0.3624,125.1809135,308.2254946,1.18656
0.3627,125.2161651,308.2268603,1.18634
0.363,125.2513745,308.2282238,1.18612
0.3633,125.2865416,308.2295849,1.18591
0.3636,125.3216666,308.2309437,1.18569
0.3639,125.3567494,308.2323002,1.18547
0.3642,125.3917902,308.2336544,1.18525
0.3645,125.4267889,308.2350063,1.18503
0.3648,125.4617457,308.2363559,1.18481
0.3651,125.4966605,308.2377031,1.1846
0.3654,125.5315335,308.2390481,1.18438
0.3657,125.5663647,308.2403908,1.18416
0.366,125.6011541,308.2417311,1.18394
0.3663,125.6359018,308.2430692,1.18373
0.3666,125.6706078,308.244405,1.18351
0.3669,125.7052722,308.2457385,1.1833
0.3672,125.739895,308.2470698,1.18308
0.3675,125.7744763,308.2483987,1.18286
0.3678,125.8090161,308.2497254,1.18265
0.3681,125.8435145,308.2510498,1.18243
0.3684,125.8779716,308.2523719,1.18222
0.3687,125.9123873,308.2536918,1.182
0.369,125.9467618,308.2550093,1.18179
0.3693,125.981095,308.2563247,1.18158
0.3696,126.0153871,308.2576377,1.18136
0.3699,126.049638,308.2589485,1.18115
0.3702,126.0838479,308.2602571,1.18094
0.3705,126.1180168,308.2615633,1.18072
0.3708,126.1521446,308.2628674,1.18051
0.3711,126.1862316,308.2641692,1.1803
0.3714,126.2202777,308.2654687,1.18009
0.3717,126.2542829,308.266766,1.17987
0.372,126.2882472,308.2680611,1.17966
0.3723,126.3221708,308.2693539,1.17945
0.3726,126.3560538,308.2706445,1.17924
0.3729,126.389896,308.2719329,1.17903
0.3732,126.4236978,308.2732191,1.17882
0.3735,126.4574589,308.274503,1.17861
0.3738,126.4911796,308.2757847,1.1784
0.3741,126.5248598,308.2770642,1.17819
0.3744,126.5584997,308.2783415,1.17798
0.3747,126.5920992,308.2796165,1.17777
0.375,126.6256584,308.2808894,1.17756
0.3753,126.6591773,308.28216,1.17735
0.3756,126.6926561,308.2834285,1.17714
0.3759,126.7260947,308.2846947,1.17693
0.3762,126.7594932,308.2859588,1.17672
0.3765,126.7928517,308.2872206,1.17651
0.3768,126.8261701,308.2884803,1.17631
0.3771,126.8594486,308.2897378,1.1761
0.3774,126.8926872,308.2909931,1.17589
0.3777,126.9258859,308.2922463,1.17568
0.378,126.9590448,308.2934972,1.17548
0.3783,126.9921639,308.294746,1.17527
0.3786,127.0252433,308.2959926,1.17506
0.3789,127.0582831,308.2972371,1.17486
0.3792,127.0912832,308.2984794,1.17465
0.3795,127.1242437,308.2997195,1.17445
0.3798,127.1571647,308.3009575,1.17424
0.3801,127.1900463,308.3021933,1.17404
0.3804,127.2228884,308.303427,1.17383
0.3807,127.2556911,308.3046585,1.17363
0.381,127.2884544,308.3058879,1.17342
0.3813,127.3211785,308.3071152,1.17322
0.3816,127.3538634,308.3083403,1.17301
0.3819,127.386509,308.3095633,1.17281
0.3822,127.4191155,308.3107841,1.17261
0.3825,127.4516829,308.3120029,1.1724
0.3828,127.4842112,308.3132195,1.1722
0.3831,127.5167005,308.314434,1.172
0.3834,127.5491509,308.3156464,1.1718
0.3837,127.5815623,308.3168567,1.17159
0.384,127.6139349,308.3180648,1.17139
0.3843,127.6462686,308.3192709,1.17119
0.3846,127.6785636,308.3204749,1.17099
0.3849,127.7108198,308.3216768,1.17079
0.3852,127.7430374,308.3228766,1.17059
0.3855,127.7752163,308.3240743,1.17039
0.3858,127.8073566,308.3252699,1.17018
0.3861,127.8394584,308.3264635,1.16998
0.3864,127.8715217,308.3276549,1.16978
0.3867,127.9035465,308.3288443,1.16958
0.387,127.9355329,308.3300316,1.16938
0.3873,127.967481,308.3312169,1.16919
0.3876,127.9993908,308.3324001,1.16899
0.3879,128.0312623,308.3335813,1.16879
0.3882,128.0630955,308.3347604,1.16859
0.3885,128.0948906,308.3359374,1.16839
0.3888,128.1266476,308.3371124,1.16819
0.3891,128.1583665,308.3382854,1.16799
0.3894,128.1900473,308.3394563,1.1678
0.3897,128.2216902,308.3406252,1.1676
0.39,128.2532951,308.3417921,1.1674
0.3903,128.2848621,308.3429569,1.1672
0.3906,128.3163912,308.3441197,1.16701
0.3909,128.3478825,308.3452805,1.16681
0.3912,128.3793361,308.3464393,1.16661
0.3915,128.410752,308.3475961,1.16642
0.3918,128.4421302,308.3487509,1.16622
0.3921,128.4734707,308.3499037,1.16603
0.3924,128.5047737,308.3510544,1.16583
0.3927,128.5360391,308.3522032,1.16564
0.393,128.567267,308.35335,1.16544
0.3933,128.5984575,308.3544948,1.16525
0.3936,128.6296106,308.3556377,1.16505
0.3939,128.6607263,308.3567785,1.16486
0.3942,128.6918048,308.3579174,1.16466
0.3945,128.7228459,308.3590544,1.16447
0.3948,128.7538498,308.3601893,1.16428
0.3951,128.7848166,308.3613223,1.16408
0.3954,128.8157462,308.3624534,1.16389
0.3957,128.8466387,308.3635825,1.1637
0.396,128.8774942,308.3647096,1.1635
0.3963,128.9083127,308.3658349,1.16331
0.3966,128.9390942,308.3669581,1.16312
0.3969,128.9698388,308.3680795,1.16293
0.3972,129.0005465,308.3691989,1.16273
0.3975,129.0312174,308.3703164,1.16254
0.3978,129.0618516,308.371432,1.16235
0.3981,129.092449,308.3725456,1.16216
0.3984,129.1230097,308.3736574,1.16197
0.3987,129.1535337,308.3747672,1.16178
0.399,129.184021,308.3758752,1.16159
0.3993,129.2144718,308.3769812,1.1614
0.3996,129.2448861,308.3780854,1.16121
0.3999,129.2752639,308.3791876,1.16102
0.4002,129.3056052,308.380288,1.16083
0.4005,129.3359102,308.3813865,1.16064
0.4008,129.3661788,308.3824832,1.16045
0.4011,129.3964112,308.3835779,1.16026
0.4014,129.4266072,308.3846708,1.16007
0.4017,129.4567671,308.3857619,1.15988
0.402,129.4868908,308.386851,1.1597
0.4023,129.5169783,308.3879384,1.15951
0.4026,129.5470298,308.3890239,1.15932
0.4029,129.5770453,308.3901075,1.15913
0.4032,129.6070247,308.3911893,1.15895
0.4035,129.6369682,308.3922693,1.15876
0.4038,129.6668758,308.3933474,1.15857
0.4041,129.6967475,308.3944238,1.15839
0.4044,129.7265834,308.3954983,1.1582
0.4047,129.7563835,308.396571,1.15801
0.405,129.7861478,308.3976419,1.15783
0.4053,129.8158765,308.398711,1.15764
0.4056,129.8455695,308.3997783,1.15746
0.4059,129.8752269,308.4008438,1.15727
0.4062,129.9048488,308.4019075,1.15708
0.4065,129.9344351,308.4029694,1.1569
0.4068,129.9639859,308.4040295,1.15672
0.4071,129.9935013,308.4050879,1.15653
0.4074,130.0229813,308.4061445,1.15635
0.4077,130.0524259,308.4071994,1.15616
0.408,130.0818353,308.4082524,1.15598
0.4083,130.1112093,308.4093038,1.15579
0.4086,130.1405481,308.4103534,1.15561
0.4089,130.1698518,308.4114012,1.15543
0.4092,130.1991203,308.4124473,1.15525
0.4095,130.2283537,308.4134917,1.15506
0.4098,130.257552,308.4145343,1.15488
0.4101,130.2867154,308.4155752,1.1547
0.4104,130.3158437,308.4166144,1.15452
0.4107,130.3449372,308.4176519,1.15433
0.411,130.3739957,308.4186877,1.15415
0.4113,130.4030194,308.4197218,1.15397
0.4116,130.4320082,308.4207541,1.15379
0.4119,130.4609624,308.4217848,1.15361
0.4122,130.4898817,308.4228138,1.15343
0.4125,130.5187664,308.4238412,1.15325
0.4128,130.5476165,308.4248668,1.15307
0.4131,130.576432,308.4258908,1.15289
0.4134,130.6052129,308.4269131,1.15271
0.4137,130.6339593,308.4279337,1.15253
0.414,130.6626712,308.4289527,1.15235
0.4143,130.6913487,308.4299701,1.15217
0.4146,130.7199918,308.4309858,1.15199
0.4149,130.7486006,308.4319998,1.15181
0.4152,130.777175,308.4330122,1.15163
0.4155,130.8057152,308.434023,1.15145
0.4158,130.8342211,308.4350322,1.15127
0.4161,130.8626929,308.4360398,1.1511
0.4164,130.8911305,308.4370457,1.15092
0.4167,130.919534,308.4380501,1.15074
0.417,130.9479035,308.4390528,1.15056
0.4173,130.9762389,308.440054,1.15039
0.4176,131.0045403,308.4410535,1.15021
0.4179,131.0328079,308.4420515,1.15003
0.4182,131.0610415,308.4430479,1.14986
0.4185,131.0892412,308.4440427,1.14968
0.4188,131.1174072,308.445036,1.1495
0.4191,131.1455393,308.4460277,1.14933
0.4194,131.1736378,308.4470178,1.14915
0.4197,131.2017025,308.4480064,1.14898
0.42,131.2297336,308.4489934,1.1488
0.4203,131.257731,308.4499789,1.14863
0.4206,131.2856949,308.4509629,1.14845
0.4209,131.3136253,308.4519454,1.14828
0.4212,131.3415221,308.4529263,1.1481
0.4215,131.3693855,308.4539057,1.14793
0.4218,131.3972155,308.4548836,1.14775
0.4221,131.4250121,308.45586,1.14758
0.4224,131.4527754,308.4568349,1.14741
0.4227,131.4805054,308.4578083,1.14723
0.423,131.5082022,308.4587802,1.14706
0.4233,131.5358657,308.4597506,1.14689
0.4236,131.5634961,308.4607196,1.14671
0.4239,131.5910933,308.4616871,1.14654
0.4242,131.6186574,308.4626531,1.14637
0.4245,131.6461885,308.4636177,1.1462
0.4248,131.6736865,308.4645808,1.14602
0.4251,131.7011516,308.4655425,1.14585
0.4254,131.7285837,308.4665027,1.14568
0.4257,131.7559829,308.4674615,1.14551
0.426,131.7833492,308.4684189,1.14534
0.4263,131.8106827,308.4693748,1.14517
0.4266,131.8379834,308.4703294,1.145
0.4269,131.8652514,308.4712825,1.14483
0.4272,131.8924866,308.4722342,1.14466
0.4275,131.9196892,308.4731846,1.14449
0.4278,131.9468592,308.4741335,1.14432
0.4281,131.9739966,308.4750811,1.14415
0.4284,132.0011014,308.4760272,1.14398
0.4287,132.0281738,308.476972,1.14381
0.429,132.0552136,308.4779155,1.14364
0.4293,132.0822211,308.4788575,1.14347
0.4296,132.1091961,308.4797983,1.1433
0.4299,132.1361388,308.4807376,1.14313
0.4302,132.1630492,308.4816757,1.14296
0.4305,132.1899273,308.4826124,1.1428
0.4308,132.2167732,308.4835477,1.14263
0.4311,132.2435869,308.4844818,1.14246
0.4314,132.2703684,308.4854145,1.14229
0.4317,132.2971179,308.4863459,1.14212
0.432,132.3238352,308.487276,1.14196
0.4323,132.3505205,308.4882049,1.14179
0.4326,132.3771738,308.4891324,1.14162
0.4329,132.4037951,308.4900586,1.14146
0.4332,132.4303845,308.4909836,1.14129
0.4335,132.456942,308.4919073,1.14112
0.4338,132.4834676,308.4928297,1.14096
0.4341,132.5099615,308.4937509,1.14079
0.4344,132.5364236,308.4946708,1.14063
0.4347,132.5628539,308.4955895,1.14046
0.435,132.5892525,308.4965069,1.1403
0.4353,132.6156195,308.4974231,1.14013
0.4356,132.6419549,308.4983381,1.13997
0.4359,132.6682587,308.4992519,1.1398
0.4362,132.6945309,308.5001644,1.13964
0.4365,132.7207716,308.5010758,1.13947
0.4368,132.7469809,308.5019859,1.13931
0.4371,132.7731587,308.5028948,1.13915
0.4374,132.7993051,308.5038026,1.13898
0.4377,132.8254202,308.5047092,1.13882
0.438,132.851504,308.5056146,1.13866
0.4383,132.8775564,308.5065188,1.13849
0.4386,132.9035777,308.5074219,1.13833
0.4389,132.9295677,308.5083238,1.13817
0.4392,132.9555265,308.5092246,1.138
0.4395,132.9814543,308.5101173,1.13784
0.4398,133.0073509,308.5110054,1.13768
0.4401,133.0332165,308.5118922,1.13752
0.4404,133.059051,308.5127777,1.13736
0.4407,133.0848546,308.5136618,1.1372
0.441,133.1106272,308.5145446,1.13703
0.4413,133.1363689,308.5154261,1.13687
0.4416,133.1620798,308.5163062,1.13671
0.4419,133.1877598,308.517185,1.13655
0.4422,133.213409,308.5180625,1.13639
0.4425,133.2390275,308.5189386,1.13623
0.4428,133.2646152,308.5198134,1.13607
0.4431,133.2901723,308.5206869,1.13591
0.4434,133.3156987,308.5215591,1.13575
0.4437,133.3411945,308.5224299,1.13559
0.444,133.3666597,308.5232994,1.13543
0.4443,133.3920943,308.5241677,1.13527
0.4446,133.4174985,308.5250345,1.13511
0.4449,133.4428722,308.5259001,1.13495
0.4452,133.4682155,308.5267644,1.13479
0.4455,133.4935284,308.5276273,1.13464
0.4458,133.5188109,308.528489,1.13448
0.4461,133.5440632,308.5293493,1.13432
0.4464,133.5692851,308.5302083,1.13416
0.4467,133.5944768,308.5310661,1.134
0.447,133.6196383,308.5319225,1.13385
0.4473,133.6447696,308.5327776,1.13369
0.4476,133.6698707,308.5336314,1.13353
0.4479,133.6949418,308.5344839,1.13338
0.4482,133.7199828,308.5353352,1.13322
0.4485,133.7449938,308.5361851,1.13306
0.4488,133.7699748,308.5370337,1.13291
0.4491,133.7949258,308.5378811,1.13275
0.4494,133.8198469,308.5387271,1.13259
0.4497,133.8447381,308.5395719,1.13244
0.45,133.8695995,308.5404154,1.13228
0.4503,133.894431,308.5412576,1.13213
0.4506,133.9192328,308.5420985,1.13197
0.4509,133.9440048,308.5429382,1.13182
0.4512,133.9687472,308.5437765,1.13166
0.4515,133.9934598,308.5446136,1.13151
0.4518,134.0181429,308.5454494,1.13135
0.4521,134.0427963,308.5462839,1.1312
0.4524,134.0674201,308.5471172,1.13104
0.4527,134.0920143,308.5479492,1.13089
0.453,134.1165791,308.5487799,1.13073
0.4533,134.1411144,308.5496093,1.13058
0.4536,134.1656203,308.5504375,1.13043
0.4539,134.1900967,308.5512645,1.13027
0.4542,134.2145439,308.5520901,1.13012
0.4545,134.2389617,308.5529145,1.12997
0.4548,134.2633502,308.5537377,1.12982
0.4551,134.2877095,308.5545595,1.12966
0.4554,134.3120395,308.5553802,1.12951
0.4557,134.3363404,308.5561995,1.12936
0.456,134.3606122,308.5570177,1.12921
0.4563,134.3848548,308.5578345,1.12905
0.4566,134.4090684,308.5586502,1.1289
0.4569,134.4332529,308.5594645,1.12875
0.4572,134.4574084,308.5602777,1.1286
0.4575,134.4815349,308.5610896,1.12845
0.4578,134.5056325,308.5619002,1.1283
0.4581,134.5297013,308.5627096,1.12815
0.4584,134.5537411,308.5635178,1.128
0.4587,134.5777521,308.5643247,1.12785
0.459,134.6017343,308.5651304,1.1277
0.4593,134.6256878,308.5659349,1.12755
0.4596,134.6496125,308.5667381,1.1274
0.4599,134.6735086,308.5675401,1.12725
0.4602,134.6973759,308.5683409,1.1271
0.4605,134.7212147,308.5691404,1.12695
0.4608,134.7450249,308.5699387,1.1268
0.4611,134.7688065,308.5707359,1.12665
0.4614,134.7925596,308.5715317,1.1265
0.4617,134.8162842,308.5723264,1.12635
0.462,134.8399803,308.5731198,1.1262
0.4623,134.863648,308.5739121,1.12605
0.4626,134.8872874,308.5747031,1.12591
0.4629,134.9108984,308.5754929,1.12576
0.4632,134.9344811,308.5762815,1.12561
0.4635,134.9580355,308.5770688,1.12546
0.4638,134.9815616,308.577855,1.12532
0.4641,135.0050596,308.57864,1.12517
0.4644,135.0285293,308.5794238,1.12502
0.4647,135.051971,308.5802063,1.12487
0.465,135.0753845,308.5809877,1.12473
0.4653,135.0987699,308.5817678,1.12458
0.4656,135.1221273,308.5825468,1.12444
0.4659,135.1454566,308.5833246,1.12429
0.4662,135.168758,308.5841012,1.12414
0.4665,135.1920315,308.5848766,1.124
0.4668,135.215277,308.5856507,1.12385
0.4671,135.2384946,308.5864238,1.12371
0.4674,135.2616845,308.5871956,1.12356
0.4677,135.2848465,308.5879662,1.12342
0.468,135.3079807,308.5887357,1.12327
0.4683,135.3310872,308.5895039,1.12313
0.4686,135.3541659,308.590271,1.12298
0.4689,135.377217,308.591037,1.12284
0.4692,135.4002405,308.5918017,1.12269
0.4695,135.4232363,308.5925653,1.12255
0.4698,135.4462046,308.5933277,1.1224
0.4701,135.4691453,308.5940889,1.12226
0.4704,135.4920585,308.5948489,1.12212
0.4707,135.5149442,308.5956078,1.12197
0.471,135.5378025,308.5963656,1.12183
0.4713,135.5606334,308.5971221,1.12169
0.4716,135.5834369,308.5978775,1.12154
0.4719,135.606213,308.5986317,1.1214
0.4722,135.6289619,308.5993848,1.12126
0.4725,135.6516834,308.6001368,1.12112
0.4728,135.6743777,308.6008875,1.12097
0.4731,135.6970448,308.6016371,1.12083
0.4734,135.7196847,308.6023856,1.12069
0.4737,135.7422975,308.6031329,1.12055
0.474,135.7648831,308.6038791,1.12041
0.4743,135.7874417,308.6046241,1.12027
0.4746,135.8099732,308.605368,1.12012
0.4749,135.8324777,308.6061107,1.11998
0.4752,135.8549552,308.6068523,1.11984
0.4755,135.8774057,308.6075928,1.1197
0.4758,135.8998294,308.6083321,1.11956
0.4761,135.9222261,308.6090702,1.11942
0.4764,135.944596,308.6098073,1.11928
0.4767,135.966939,308.6105432,1.11914
0.477,135.9892553,308.611278,1.119
0.4773,136.0115448,308.6120117,1.11886
0.4776,136.0338075,308.6127442,1.11872
0.4779,136.0560436,308.6134756,1.11858
0.4782,136.078253,308.6142059,1.11844
0.4785,136.1004358,308.614935,1.1183
0.4788,136.122592,308.6156631,1.11816
0.4791,136.1447215,308.61639,1.11803
0.4794,136.1668245,308.6171158,1.11789
0.4797,136.188901,308.6178405,1.11775
0.48,136.210951,308.6185641,1.11761
0.4803,136.2329746,308.6192866,1.11747
0.4806,136.2549717,308.6200079,1.11733
0.4809,136.2769425,308.6207282,1.1172
0.4812,136.2988869,308.6214473,1.11706
0.4815,136.320805,308.6221654,1.11692
0.4818,136.3426968,308.6228823,1.11678
0.4821,136.3645624,308.6235982,1.11665
0.4824,136.3864017,308.6243129,1.11651
0.4827,136.4082149,308.6250266,1.11637
0.483,136.4300019,308.6257391,1.11624
0.4833,136.4517627,308.6264506,1.1161
0.4836,136.4734975,308.627161,1.11596
0.4839,136.4952062,308.6278702,1.11583
0.4842,136.5168888,308.6285784,1.11569
0.4845,136.5385455,308.6292856,1.11556
0.4848,136.5601762,308.6299916,1.11542
0.4851,136.5817809,308.6306965,1.11529
0.4854,136.6033597,308.6314004,1.11515
0.4857,136.6249127,308.6321032,1.11501
0.486,136.6464398,308.6328049,1.11488
0.4863,136.6679411,308.6335055,1.11475
0.4866,136.6894166,308.6342051,1.11461
0.4869,136.7108663,308.6349036,1.11448
0.4872,136.7322903,308.635601,1.11434
0.4875,136.7536887,308.6362974,1.11421
0.4878,136.7750613,308.6369927,1.11407
0.4881,136.7964084,308.6376869,1.11394
0.4884,136.8177298,308.6383801,1.11381
0.4887,136.8390257,308.6390722,1.11367
0.489,136.860296,308.6397632,1.11354
0.4893,136.8815408,308.6404532,1.11341
0.4896,136.9027601,308.6411421,1.11327
0.4899,136.923954,308.64183,1.11314
0.4902,136.9451225,308.6425168,1.11301
0.4905,136.9662656,308.6432026,1.11287
0.4908,136.9873833,308.6438874,1.11274
0.4911,137.0084757,308.644571,1.11261
0.4914,137.0295428,308.6452537,1.11248
0.4917,137.0505846,308.6459353,1.11235
0.492,137.0716013,308.6466159,1.11221
0.4923,137.0925927,308.6472954,1.11208
0.4926,137.1135589,308.6479739,1.11195
0.4929,137.1345,308.6486513,1.11182
0.4932,137.1554159,308.6493277,1.11169
0.4935,137.1763068,308.6500031,1.11156
0.4938,137.1971727,308.6506775,1.11143
0.4941,137.2180135,308.6513508,1.1113
0.4944,137.2388293,308.6520231,1.11116
0.4947,137.2596201,308.6526944,1.11103
0.495,137.2803861,308.6533647,1.1109
0.4953,137.3011271,308.6540339,1.11077
0.4956,137.3218432,308.6547021,1.11064
0.4959,137.3425345,308.6553693,1.11051
0.4962,137.363201,308.6560355,1.11038
0.4965,137.3838427,308.6567007,1.11025
0.4968,137.4044597,308.6573648,1.11013
0.4971,137.4250519,308.658028,1.11
0.4974,137.4456194,308.6586901,1.10987
0.4977,137.4661623,308.6593513,1.10974
0.498,137.4866805,308.6600114,1.10961
0.4983,137.5071742,308.6606706,1.10948
0.4986,137.5276432,308.6613287,1.10935
0.4989,137.5480877,308.6619858,1.10922
0.4992,137.5685077,308.662642,1.1091
0.4995,137.5889032,308.6632971,1.10897
0.4998,137.6092742,308.6639513,1.10884
0.5001,137.6296209,308.6646045,1.10871
0.5004,137.6499431,308.6652566,1.10859
0.5007,137.6702409,308.6659078,1.10846
0.501,137.6905144,308.666558,1.10833
0.5013,137.7107636,308.6672072,1.1082
0.5016,137.7309885,308.6678555,1.10808
0.5019,137.7511892,308.6685027,1.10795
0.5022,137.7713656,308.669149,1.10782
0.5025,137.7915178,308.6697943,1.1077
0.5028,137.8116459,308.6704386,1.10757
0.5031,137.8317498,308.671082,1.10744
0.5034,137.8518297,308.6717244,1.10732
0.5037,137.8718854,308.6723658,1.10719
0.504,137.8919171,308.6730063,1.10707
0.5043,137.9119248,308.6736457,1.10694
0.5046,137.9319085,308.6742843,1.10682
0.5049,137.9518682,308.6749218,1.10669
0.5052,137.971804,308.6755584,1.10657
0.5055,137.9917159,308.6761941,1.10644
0.5058,138.0116038,308.6768288,1.10632
0.5061,138.0314679,308.6774625,1.10619
0.5064,138.0513082,308.6780953,1.10607
0.5067,138.0711247,308.6787271,1.10594
0.507,138.0909174,308.679358,1.10582
0.5073,138.1106863,308.6799879,1.10569
0.5076,138.1304316,308.6806169,1.10557
0.5079,138.1501531,308.681245,1.10545
0.5082,138.1698511,308.6818721,1.10532
0.5085,138.1895254,308.6824983,1.1052
0.5088,138.2091761,308.6831235,1.10508
0.5091,138.2288032,308.6837478,1.10495
0.5094,138.2484068,308.6843712,1.10483
0.5097,138.2679869,308.6849936,1.10471
0.51,138.2875435,308.6856151,1.10458
0.5103,138.3070766,308.6862357,1.10446
0.5106,138.3265864,308.6868554,1.10434
0.5109,138.3460727,308.6874741,1.10422
0.5112,138.3655356,308.6880919,1.10409
0.5115,138.3849753,308.6887088,1.10397
0.5118,138.4043916,308.6893248,1.10385
0.5121,138.4237846,308.6899398,1.10373
0.5124,138.4431543,308.6905539,1.10361
0.5127,138.4625009,308.6911672,1.10349
0.513,138.4818242,308.6917795,1.10336
0.5133,138.5011243,308.6923909,1.10324
0.5136,138.5204013,308.6930014,1.10312
0.5139,138.5396552,308.693611,1.103
0.5142,138.558886,308.6942197,1.10288
0.5145,138.5780938,308.6948275,1.10276
0.5148,138.5972785,308.6954343,1.10264
0.5151,138.6164402,308.6960403,1.10252
0.5154,138.6355789,308.6966454,1.1024
0.5157,138.6546946,308.6972496,1.10228
0.516,138.6737875,308.697853,1.10216
0.5163,138.6928574,308.6984554,1.10204
0.5166,138.7119045,308.6990569,1.10192
0.5169,138.7309287,308.6996576,1.1018
0.5172,138.7499301,308.7002573,1.10168
0.5175,138.7689087,308.7008562,1.10156
0.5178,138.7878646,308.7014542,1.10144
0.5181,138.8067977,308.7020513,1.10132
0.5184,138.8257081,308.7026476,1.10121
0.5187,138.8445959,308.7032429,1.10109
0.519,138.863461,308.7038374,1.10097
0.5193,138.8823034,308.7044311,1.10085
0.5196,138.9011233,308.7050238,1.10073
0.5199,138.9199206,308.7056157,1.10061
0.5202,138.9386954,308.7062067,1.1005
0.5205,138.9574476,308.7067969,1.10038
0.5208,138.9761774,308.7073862,1.10026
0.5211,138.9948847,308.7079746,1.10014
0.5214,139.0135695,308.7085622,1.10003
0.5217,139.032232,308.7091489,1.09991
0.522,139.0508721,308.7097348,1.09979
0.5223,139.0694898,308.7103198,1.09968
0.5226,139.0880852,308.710904,1.09956
0.5229,139.1066583,308.7114873,1.09944
0.5232,139.1252091,308.7120698,1.09933
0.5235,139.1437377,308.7126514,1.09921
0.5238,139.162244,308.7132322,1.09909
0.5241,139.1807282,308.7138122,1.09898
0.5244,139.1991902,308.7143913,1.09886
0.5247,139.21763,308.7149696,1.09875
0.525,139.2360477,308.715547,1.09863
0.5253,139.2544434,308.7161236,1.09851
0.5256,139.272817,308.7166994,1.0984
0.5259,139.2911685,308.7172743,1.09828
0.5262,139.3094981,308.7178484,1.09817
0.5265,139.3278057,308.7184217,1.09805
0.5268,139.3460913,308.7189942,1.09794
0.5271,139.364355,308.7195659,1.09782
0.5274,139.3825968,308.7201367,1.09771
0.5277,139.4008167,308.7207067,1.09759
0.528,139.4190147,308.7212759,1.09748
0.5283,139.437191,308.7218443,1.09737
0.5286,139.4553454,308.7224119,1.09725
0.5289,139.4734781,308.7229786,1.09714
0.5292,139.491589,308.7235446,1.09702
0.5295,139.5096782,308.7241097,1.09691
0.5298,139.5277457,308.7246741,1.0968
0.5301,139.5457916,308.7252376,1.09668
0.5304,139.5638158,308.7258004,1.09657
0.5307,139.5818184,308.7263623,1.09646
0.531,139.5997994,308.7269235,1.09635
0.5313,139.6177589,308.7274838,1.09623
0.5316,139.6356968,308.7280434,1.09612
0.5319,139.6536132,308.7286022,1.09601
0.5322,139.6715081,308.7291601,1.09589
0.5325,139.6893816,308.7297173,1.09578
0.5328,139.7072336,308.7302738,1.09567
0.5331,139.7250641,308.7308294,1.09556
0.5334,139.7428733,308.7313842,1.09545
0.5337,139.7606611,308.7319383,1.09534
0.534,139.7784276,308.7324916,1.09522
0.5343,139.7961727,308.7330441,1.09511
0.5346,139.8138966,308.7335959,1.095
0.5349,139.8315993,308.7341469,1.09489
0.5352,139.8492807,308.7346971,1.09478
0.5355,139.8669409,308.7352465,1.09467
0.5358,139.8845799,308.7357952,1.09456
0.5361,139.9021978,308.7363431,1.09445
0.5364,139.9197945,308.7368903,1.09434
0.5367,139.9373701,308.7374366,1.09423
0.537,139.9549247,308.7379823,1.09411
0.5373,139.9724582,308.7385272,1.094
0.5376,139.9899707,308.7390713,1.09389
0.5379,140.0074621,308.7396147,1.09378
0.5382,140.0249326,308.7401573,1.09368
0.5385,140.0423822,308.7406992,1.09357
0.5388,140.0598108,308.7412403,1.09346
0.5391,140.0772185,308.7417807,1.09335
0.5394,140.0946053,308.7423204,1.09324
0.5397,140.1119713,308.7428593,1.09313
0.54,140.1293165,308.7433974,1.09302
0.5403,140.1466409,308.7439349,1.09291
0.5406,140.1639444,308.7444716,1.0928
0.5409,140.1812273,308.7450076,1.09269
0.5412,140.1984894,308.7455428,1.09259
0.5415,140.2157308,308.7460773,1.09248
0.5418,140.2329515,308.7466111,1.09237
0.5421,140.2501516,308.7471442,1.09226
0.5424,140.267331,308.7476765,1.09215
0.5427,140.2844898,308.7482081,1.09204
0.543,140.3016281,308.748739,1.09194
0.5433,140.3187458,308.7492692,1.09183
0.5436,140.335843,308.7497987,1.09172
0.5439,140.3529197,308.7503275,1.09161
0.5442,140.3699759,308.7508555,1.09151
0.5445,140.3870116,308.7513829,1.0914
0.5448,140.4040269,308.7519095,1.09129
0.5451,140.4210218,308.7524354,1.09119
0.5454,140.4379964,308.7529607,1.09108
0.5457,140.4549505,308.7534852,1.09097
0.546,140.4718844,308.754009,1.09087
0.5463,140.4887979,308.7545322,1.09076
0.5466,140.5056911,308.7550546,1.09066
0.5469,140.5225641,308.7555764,1.09055
0.5472,140.5394169,308.7560974,1.09044
0.5475,140.5562494,308.7566178,1.09034
0.5478,140.5730618,308.7571375,1.09023
0.5481,140.589854,308.7576565,1.09013
0.5484,140.606626,308.7581748,1.09002
0.5487,140.623378,308.7586925,1.08992
0.549,140.6401098,308.7592094,1.08981
0.5493,140.6568216,308.7597257,1.08971
0.5496,140.6735133,308.7602413,1.0896
0.5499,140.6901851,308.7607563,1.0895
0.5502,140.7068368,308.7612706,1.08939
0.5505,140.7234686,308.7617842,1.08929
0.5508,140.7400804,308.7622971,1.08918
0.5511,140.7566723,308.7628094,1.08908
0.5514,140.7732443,308.763321,1.08897
0.5517,140.7897964,308.7638319,1.08887
0.552,140.8063287,308.7643422,1.08877
0.5523,140.8228411,308.7648519,1.08866
0.5526,140.8393338,308.76536,1.08856
0.5529,140.8558067,308.7658651,1.08846
0.5532,140.8722598,308.7663694,1.08835
0.5535,140.8886932,308.7668731,1.08825
0.5538,140.9051069,308.767376,1.08815
0.5541,140.9215009,308.7678783,1.08804
0.5544,140.9378752,308.7683798,1.08794
0.5547,140.9542299,308.7688806,1.08784
0.555,140.970565,308.7693807,1.08773
0.5553,140.9868805,308.7698802,1.08763
0.5556,141.0031764,308.7703789,1.08753
0.5559,141.0194528,308.7708769,1.08743
0.5562,141.0357097,308.7713742,1.08733
0.5565,141.0519471,308.7718709,1.08722
0.5568,141.068165,308.7723668,1.08712
0.5571,141.0843634,308.7728621,1.08702
0.5574,141.1005425,308.7733566,1.08692
0.5577,141.1167021,308.7738505,1.08682
0.558,141.1328424,308.7743436,1.08671
0.5583,141.1489633,308.7748361,1.08661
0.5586,141.1650649,308.7753279,1.08651
0.5589,141.1811471,308.775819,1.08641
0.5592,141.1972101,308.7763094,1.08631
0.5595,141.2132538,308.7767991,1.08621
0.5598,141.2292782,308.7772881,1.08611
0.5601,141.2452834,308.7777765,1.08601
0.5604,141.2612694,308.7782641,1.08591
0.5607,141.2772363,308.7787511,1.08581
0.561,141.293184,308.7792374,1.08571
0.5613,141.3091125,308.779723,1.08561
0.5616,141.325022,308.7802079,1.08551
0.5619,141.3409124,308.7806922,1.08541
0.5622,141.3567837,308.7811758,1.08531
0.5625,141.372636,308.7816587,1.08521
0.5628,141.3884693,308.7821409,1.08511
0.5631,141.4042836,308.7826224,1.08501
0.5634,141.4200789,308.7831033,1.08491
0.5637,141.4358553,308.7835835,1.08481
0.564,141.4516127,308.784063,1.08471
0.5643,141.4673513,308.7845419,1.08461
0.5646,141.483071,308.7850201,1.08451
0.5649,141.4987718,308.7854976,1.08442
0.5652,141.5144538,308.7859744,1.08432
0.5655,141.530117,308.7864506,1.08422
0.5658,141.5457614,308.7869261,1.08412
0.5661,141.5613871,308.7874009,1.08402
0.5664,141.576994,308.7878751,1.08392
0.5667,141.5925822,308.7883486,1.08383
0.567,141.6081517,308.7888215,1.08373
0.5673,141.6237025,308.7892936,1.08363
0.5676,141.6392347,308.7897652,1.08353
0.5679,141.6547482,308.790236,1.08343
0.5682,141.6702432,308.7907062,1.08334
0.5685,141.6857196,308.7911758,1.08324
0.5688,141.7011774,308.7916447,1.08314
0.5691,141.7166166,308.7921129,1.08305
0.5694,141.7320374,308.7925805,1.08295
0.5697,141.7474396,308.7930474,1.08285
0.57,141.7628234,308.7935136,1.08276
0.5703,141.7781887,308.7939792,1.08266
0.5706,141.7935357,308.7944442,1.08256
0.5709,141.8088642,308.7949085,1.08247
0.5712,141.8241743,308.7953722,1.08237
0.5715,141.839466,308.7958352,1.08227
0.5718,141.8547395,308.7962975,1.08218
0.5721,141.8699946,308.7967592,1.08208
0.5724,141.8852314,308.7972203,1.08199
0.5727,141.9004499,308.7976807,1.08189
0.573,141.9156502,308.7981405,1.08179
0.5733,141.9308322,308.7985996,1.0817
0.5736,141.9459961,308.7990581,1.0816
0.5739,141.9611418,308.7995159,1.08151
0.5742,141.9762693,308.7999731,1.08141
0.5745,141.9913786,308.8004297,1.08132
0.5748,142.0064699,308.8008856,1.08122
0.5751,142.021543,308.8013409,1.08113
0.5754,142.0365981,308.8017956,1.08103
0.5757,142.0516351,308.8022496,1.08094
0.576,142.066654,308.8027029,1.08085
0.5763,142.081655,308.8031557,1.08075
0.5766,142.096638,308.8036078,1.08066
0.5769,142.111603,308.8040593,1.08056
0.5772,142.1265501,308.8045101,1.08047
0.5775,142.1414792,308.8049603,1.08038
0.5778,142.1563904,308.8054099,1.08028
0.5781,142.1712838,308.8058588,1.08019
0.5784,142.1861593,308.8063071,1.08009
0.5787,142.2010169,308.8067548,1.08
0.579,142.2158568,308.8072019,1.07991
0.5793,142.2306788,308.8076483,1.07981
0.5796,142.2454831,308.8080942,1.07972
0.5799,142.2602696,308.8085394,1.07963
0.5802,142.2750383,308.8089839,1.07954
0.5805,142.2897894,308.8094279,1.07944
0.5808,142.3045228,308.8098712,1.07935
0.5811,142.3192385,308.8103139,1.07926
0.5814,142.3339366,308.810756,1.07917
0.5817,142.348617,308.8111975,1.07907
0.582,142.3632798,308.8116383,1.07898
0.5823,142.3779251,308.8120785,1.07889
0.5826,142.3925528,308.8125182,1.0788
0.5829,142.4071629,308.8129572,1.0787
0.5832,142.4217555,308.8133956,1.07861
0.5835,142.4363307,308.8138333,1.07852
0.5838,142.4508883,308.8142705,1.07843
0.5841,142.4654285,308.814707,1.07834
0.5844,142.4799513,308.815143,1.07825
0.5847,142.4944566,308.8155783,1.07816
0.585,142.5089446,308.816013,1.07806
0.5853,142.5234151,308.8164472,1.07797
0.5856,142.5378684,308.8168807,1.07788
0.5859,142.5523043,308.8173136,1.07779
0.5862,142.5667228,308.8177459,1.0777
0.5865,142.5811241,308.8181776,1.07761
0.5868,142.5955081,308.8186086,1.07752
0.5871,142.6098748,308.8190391,1.07743
0.5874,142.6242243,308.819469,1.07734
0.5877,142.6385565,308.8198983,1.07725
0.588,142.6528716,308.820327,1.07716
0.5883,142.6671695,308.8207551,1.07707
0.5886,142.6814503,308.8211826,1.07698
0.5889,142.695714,308.8216095,1.07689
0.5892,142.7099605,308.8220358,1.0768
0.5895,142.72419,308.8224614,1.07671
0.5898,142.7384024,308.8228866,1.07662
0.5901,142.7525977,308.8233111,1.07653
0.5904,142.766776,308.823735,1.07644
0.5907,142.7809373,308.8241583,1.07635
0.591,142.7950817,308.824581,1.07627
0.5913,142.8092091,308.8250032,1.07618
0.5916,142.8233195,308.8254247,1.07609
0.5919,142.837413,308.8258457,1.076
0.5922,142.8514896,308.8262661,1.07591
0.5925,142.8655493,308.8266859,1.07582
0.5928,142.8795922,308.8271051,1.07573
0.5931,142.8936182,308.8275237,1.07565
0.5934,142.9076274,308.8279418,1.07556
0.5937,142.9216198,308.8283592,1.07547
0.594,142.9355954,308.8287761,1.07538
0.5943,142.9495543,308.8291924,1.07529
0.5946,142.9634964,308.8296081,1.07521
0.5949,142.9774218,308.8300232,1.07512
0.5952,142.9913305,308.8304378,1.07503
0.5955,143.0052225,308.8308518,1.07494
0.5958,143.0190978,308.8312651,1.07486
0.5961,143.0329566,308.831678,1.07477
0.5964,143.0467987,308.8320902,1.07468
0.5967,143.0606241,308.8325019,1.0746
0.597,143.0744331,308.832913,1.07451
0.5973,143.0882254,308.8333235,1.07442
0.5976,143.1020012,308.8337335,1.07434
0.5979,143.1157605,308.8341428,1.07425
0.5982,143.1295033,308.8345517,1.07416
0.5985,143.1432296,308.8349599,1.07408
0.5988,143.1569395,308.8353676,1.07399
0.5991,143.1706329,308.8357747,1.0739
0.5994,143.1843098,308.8361812,1.07382
0.5997,143.1979704,308.8365872,1.07373
0.6,143.2116146,308.8369926,1.07365
0.6003,143.2252425,308.8373974,1.07356
0.6006,143.238854,308.8378017,1.07347
0.6009,143.2524491,308.8382054,1.07339
0.6012,143.266028,308.8386086,1.0733
0.6015,143.2795906,308.8390112,1.07322
0.6018,143.2931369,308.8394132,1.07313
0.6021,143.306667,308.8398147,1.07305
0.6024,143.3201808,308.8402156,1.07296
0.6027,143.3336784,308.840616,1.07288
0.603,143.3471599,308.8410158,1.07279
0.6033,143.3606252,308.841415,1.07271
0.6036,143.3740743,308.8418137,1.07262
0.6039,143.3875073,308.8422118,1.07254
0.6042,143.4009242,308.8426094,1.07245
0.6045,143.414325,308.8430065,1.07237
0.6048,143.4277098,308.8434029,1.07229
0.6051,143.4410785,308.8437989,1.0722
0.6054,143.4544311,308.8441942,1.07212
0.6057,143.4677678,308.8445891,1.07203
0.606,143.4810884,308.8449834,1.07195
0.6063,143.4943931,308.8453771,1.07187
0.6066,143.5076818,308.8457703,1.07178
0.6069,143.5209546,308.8461629,1.0717
0.6072,143.5342115,308.846555,1.07162
0.6075,143.5474524,308.8469466,1.07153
0.6078,143.5606775,308.8473376,1.07145
0.6081,143.5738867,308.847728,1.07137
0.6084,143.5870801,308.848118,1.07128
0.6087,143.6002577,308.8485073,1.0712
0.609,143.6134195,308.8488962,1.07112
0.6093,143.6265655,308.8492845,1.07104
0.6096,143.6396957,308.8496723,1.07095
0.6099,143.6528102,308.8500595,1.07087
0.6102,143.6659089,308.8504462,1.07079
0.6105,143.6789919,308.8508323,1.07071
0.6108,143.6920593,308.851218,1.07062
0.6111,143.705111,308.851603,1.07054
0.6114,143.718147,308.8519876,1.07046
0.6117,143.7311674,308.8523716,1.07038
0.612,143.7441722,308.8527551,1.0703
0.6123,143.7571614,308.8531381,1.07021
0.6126,143.770135,308.8535205,1.07013
0.6129,143.7830931,308.8539024,1.07005
0.6132,143.7960356,308.8542837,1.06997
0.6135,143.8089625,308.8546646,1.06989
0.6138,143.821874,308.8550449,1.06981
0.6141,143.8347699,308.8554247,1.06973
0.6144,143.8476504,308.855804,1.06964
0.6147,143.8605155,308.8561827,1.06956
0.615,143.8733651,308.8565609,1.06948
0.6153,143.8861993,308.8569386,1.0694
0.6156,143.8990182,308.8573158,1.06932
0.6159,143.9118216,308.8576924,1.06924
0.6162,143.9246097,308.8580685,1.06916
0.6165,143.9373824,308.8584442,1.06908
0.6168,143.9501399,308.8588192,1.069
0.6171,143.962882,308.8591938,1.06892
0.6174,143.9756089,308.8595679,1.06884
0.6177,143.9883205,308.8599414,1.06876
0.618,144.0010168,308.8603144,1.06868
0.6183,144.0136979,308.8606869,1.0686
0.6186,144.0263639,308.8610589,1.06852
0.6189,144.0390146,308.8614304,1.06844
0.6192,144.0516501,308.8618014,1.06836
0.6195,144.0642705,308.8621718,1.06828
0.6198,144.0768758,308.8625418,1.0682
0.6201,144.0894659,308.8629112,1.06812
0.6204,144.102041,308.8632801,1.06804
0.6207,144.1146009,308.8636486,1.06796
0.621,144.1271459,308.8640165,1.06789
0.6213,144.1396757,308.8643839,1.06781
0.6216,144.1521905,308.8647508,1.06773
0.6219,144.1646904,308.8651172,1.06765
0.6222,144.1771752,308.865483,1.06757
0.6225,144.1896451,308.8658484,1.06749
0.6228,144.2021,308.8662133,1.06741
0.6231,144.2145399,308.8665777,1.06734
0.6234,144.226965,308.8669416,1.06726
0.6237,144.2393751,308.8673049,1.06718
0.624,144.2517704,308.8676678,1.0671
0.6243,144.2641508,308.8680302,1.06702
0.6246,144.2765163,308.8683921,1.06695
0.6249,144.2888671,308.8687534,1.06687
0.6252,144.301203,308.8691143,1.06679
0.6255,144.3135241,308.8694747,1.06671
0.6258,144.3258304,308.8698346,1.06664
0.6261,144.338122,308.870194,1.06656
0.6264,144.3503988,308.8705529,1.06648
0.6267,144.362661,308.8709113,1.0664
0.627,144.3749084,308.8712693,1.06633
0.6273,144.3871411,308.8716267,1.06625
0.6276,144.3993592,308.8719836,1.06617
0.6279,144.4115626,308.8723401,1.0661
0.6282,144.4237513,308.872696,1.06602
0.6285,144.4359255,308.8730515,1.06594
0.6288,144.448085,308.8734065,1.06587
0.6291,144.46023,308.873761,1.06579
0.6294,144.4723604,308.874115,1.06571
0.6297,144.4844763,308.8744685,1.06564
0.63,144.4965776,308.8748216,1.06556
0.6303,144.5086644,308.8751741,1.06549
0.6306,144.5207367,308.8755262,1.06541
0.6309,144.5327946,308.8758778,1.06533
0.6312,144.5448379,308.8762289,1.06526
0.6315,144.5568669,308.8765796,1.06518
0.6318,144.5688814,308.8769297,1.06511
0.6321,144.5808815,308.8772794,1.06503
0.6324,144.5928672,308.8776286,1.06496
0.6327,144.6048386,308.8779773,1.06488
0.633,144.6167956,308.8783256,1.0648
0.6333,144.6287382,308.8786733,1.06473
0.6336,144.6406665,308.8790206,1.06465
0.6339,144.6525805,308.8793674,1.06458
0.6342,144.6644803,308.8797138,1.0645
0.6345,144.6763657,308.8800597,1.06443
0.6348,144.688237,308.8804051,1.06436
0.6351,144.7000939,308.88075,1.06428
0.6354,144.7119367,308.8810944,1.06421
0.6357,144.7237652,308.8814384,1.06413
0.636,144.7355796,308.881782,1.06406
0.6363,144.7473798,308.882125,1.06398
0.6366,144.7591659,308.8824676,1.06391
0.6369,144.7709378,308.8828097,1.06383
0.6372,144.7826956,308.8831514,1.06376
0.6375,144.7944393,308.8834925,1.06369
0.6378,144.8061689,308.8838333,1.06361
0.6381,144.8178845,308.8841735,1.06354
0.6384,144.829586,308.8845133,1.06347
0.6387,144.8412734,308.8848527,1.06339
0.639,144.8529469,308.8851915,1.06332
0.6393,144.8646064,308.8855299,1.06324
0.6396,144.8762519,308.8858679,1.06317
0.6399,144.8878834,308.8862054,1.0631
0.6402,144.8995009,308.8865424,1.06303
0.6405,144.9111045,308.886879,1.06295
0.6408,144.9226942,308.8872151,1.06288
0.6411,144.9342699,308.8875508,1.06281
0.6414,144.9458318,308.887886,1.06273
0.6417,144.9573799,308.8882207,1.06266
0.642,144.9689141,308.888555,1.06259
0.6423,144.9804344,308.8888889,1.06252
0.6426,144.9919409,308.8892223,1.06244
0.6429,145.0034337,308.8895552,1.06237
0.6432,145.0149126,308.8898877,1.0623
0.6435,145.0263778,308.8902197,1.06223
0.6438,145.0378292,308.8905513,1.06215
0.6441,145.0492669,308.8908825,1.06208
0.6444,145.0606909,308.8912131,1.06201
0.6447,145.0721012,308.8915434,1.06194
0.645,145.0834978,308.8918732,1.06187
0.6453,145.0948807,308.8922025,1.0618
0.6456,145.10625,308.8925314,1.06172
0.6459,145.1176056,308.8928599,1.06165
0.6462,145.1289477,308.8931879,1.06158
0.6465,145.1402761,308.8935155,1.06151
0.6468,145.1515909,308.8938426,1.06144
0.6471,145.1628922,308.8941693,1.06137
0.6474,145.1741799,308.8944956,1.0613
0.6477,145.1854541,308.8948214,1.06123
0.648,145.1967147,308.8951467,1.06115
0.6483,145.2079619,308.8954717,1.06108
0.6486,145.2191955,308.8957962,1.06101
0.6489,145.2304157,308.8961202,1.06094
0.6492,145.2416224,308.8964438,1.06087
0.6495,145.2528157,308.896767,1.0608
0.6498,145.2639956,308.8970898,1.06073
0.6501,145.2751621,308.8974121,1.06066
0.6504,145.2863151,308.897734,1.06059
0.6507,145.2974548,308.8980554,1.06052
0.651,145.3085812,308.8983764,1.06045
0.6513,145.3196942,308.898697,1.06038
0.6516,145.3307938,308.8990171,1.06031
0.6519,145.3418802,308.8993369,1.06024
0.6522,145.3529532,308.8996562,1.06017
0.6525,145.364013,308.899975,1.0601
0.6528,145.3750595,308.9002935,1.06003
0.6531,145.3860928,308.9006115,1.05996
0.6534,145.3971128,308.900929,1.05989
0.6537,145.4081197,308.9012462,1.05982
0.654,145.4191133,308.9015629,1.05975
0.6543,145.4300937,308.9018792,1.05969
0.6546,145.441061,308.9021951,1.05962
0.6549,145.4520151,308.9025106,1.05955
0.6552,145.4629561,308.9028256,1.05948
0.6555,145.4738839,308.9031402,1.05941
0.6558,145.4847987,308.9034544,1.05934
0.6561,145.4957003,308.9037682,1.05927
0.6564,145.5065889,308.9040815,1.0592
0.6567,145.5174645,308.9043945,1.05914
0.657,145.528327,308.904707,1.05907
0.6573,145.5391764,308.9050191,1.059
0.6576,145.5500129,308.9053308,1.05893
0.6579,145.5608363,308.905642,1.05886
0.6582,145.5716468,308.9059529,1.05879
0.6585,145.5824443,308.9062633,1.05873
0.6588,145.5932289,308.9065733,1.05866
0.6591,145.6040005,308.9068829,1.05859
0.6594,145.6147592,308.9071921,1.05852
0.6597,145.625505,308.9075009,1.05845
0.66,145.636238,308.9078093,1.05839
0.6603,145.646958,308.9081172,1.05832
0.6606,145.6576652,308.9084248,1.05825
0.6609,145.6683596,308.9087319,1.05819
0.6612,145.6790411,308.9090387,1.05812
0.6615,145.6897098,308.909345,1.05805
0.6618,145.7003658,308.9096509,1.05798
0.6621,145.7110089,308.9099564,1.05792
0.6624,145.7216393,308.9102615,1.05785
0.6627,145.7322569,308.9105662,1.05778
0.663,145.7428618,308.9108705,1.05772
0.6633,145.753454,308.9111744,1.05765
0.6636,145.7640335,308.9114779,1.05758
0.6639,145.7746003,308.911781,1.05752
0.6642,145.7851545,308.9120837,1.05745
0.6645,145.7956959,308.912386,1.05738
0.6648,145.8062248,308.9126878,1.05732
0.6651,145.816741,308.9129893,1.05725
0.6654,145.8272446,308.9132904,1.05718
0.6657,145.8377356,308.9135911,1.05712
0.666,145.848214,308.9138914,1.05705
0.6663,145.8586799,308.9141913,1.05699
0.6666,145.8691332,308.9144908,1.05692
0.6669,145.8795739,308.9147899,1.05686
0.6672,145.8900022,308.9150886,1.05679
0.6675,145.9004179,308.9153869,1.05672
0.6678,145.9108211,308.9156848,1.05666
0.6681,145.9212118,308.9159823,1.05659
0.6684,145.9315901,308.9162794,1.05653
0.6687,145.9419559,308.9165762,1.05646
0.669,145.9523093,308.9168725,1.0564
0.6693,145.9626503,308.9171685,1.05633
0.6696,145.9729789,308.9174641,1.05627
0.6699,145.9832951,308.9177592,1.0562
0.6702,145.9935989,308.918054,1.05614
0.6705,146.0038904,308.9183484,1.05607
0.6708,146.0141695,308.9186425,1.05601
0.6711,146.0244363,308.9189361,1.05594
0.6714,146.0346908,308.9192293,1.05588
0.6717,146.044933,308.9195222,1.05581
0.672,146.0551629,308.9198147,1.05575
0.6723,146.0653805,308.9201068,1.05569
0.6726,146.0755859,308.9203985,1.05562
0.6729,146.0857791,308.9206898,1.05556
0.6732,146.09596,308.9209807,1.05549
0.6735,146.1061287,308.9212713,1.05543
0.6738,146.1162852,308.9215615,1.05536
0.6741,146.1264295,308.9218513,1.0553
0.6744,146.1365617,308.9221407,1.05524
0.6747,146.1466817,308.9224297,1.05517
0.675,146.1567896,308.9227184,1.05511
0.6753,146.1668853,308.9230067,1.05505
0.6756,146.176969,308.9232946,1.05498
0.6759,146.1870405,308.9235822,1.05492
0.6762,146.1971,308.9238693,1.05486
0.6765,146.2071474,308.9241561,1.05479
0.6768,146.2171828,308.9244425,1.05473
0.6771,146.2272061,308.9247286,1.05467
0.6774,146.2372174,308.9250142,1.0546
0.6777,146.2472167,308.9252995,1.05454
0.678,146.257204,308.9255844,1.05448
0.6783,146.2671794,308.925869,1.05441
0.6786,146.2771427,308.9261532,1.05435
0.6789,146.2870942,308.926437,1.05429
0.6792,146.2970336,308.9267204,1.05423
0.6795,146.3069612,308.9270035,1.05416
0.6798,146.3168769,308.9272862,1.0541
0.6801,146.3267806,308.9275685,1.05404
0.6804,146.3366725,308.9278499,1.05398
0.6807,146.3465526,308.928131,1.05391
0.681,146.3564207,308.9284117,1.05385
0.6813,146.3662771,308.928692,1.05379
0.6816,146.3761216,308.928972,1.05373
0.6819,146.3859543,308.9292516,1.05367
0.6822,146.3957753,308.9295308,1.0536
0.6825,146.4055844,308.9298096,1.05354
0.6828,146.4153818,308.9300881,1.05348
0.6831,146.4251674,308.9303662,1.05342
0.6834,146.4349413,308.930644,1.05336
0.6837,146.4447035,308.9309214,1.0533
0.684,146.454454,308.9311984,1.05324
0.6843,146.4641928,308.931475,1.05317
0.6846,146.4739199,308.9317513,1.05311
0.6849,146.4836353,308.9320272,1.05305
0.6852,146.4933391,308.9323028,1.05299
0.6855,146.5030312,308.932578,1.05293
0.6858,146.5127118,308.9328528,1.05287
0.6861,146.5223807,308.9331273,1.05281
0.6864,146.532038,308.9334014,1.05275
0.6867,146.5416837,308.9336751,1.05269
0.687,146.5513179,308.9339485,1.05262
0.6873,146.5609405,308.9342215,1.05256
0.6876,146.5705516,308.9344942,1.0525
0.6879,146.5801512,308.9347664,1.05244
0.6882,146.5897392,308.9350384,1.05238
0.6885,146.5993158,308.93531,1.05232
0.6888,146.6088808,308.9355812,1.05226
0.6891,146.6184344,308.935852,1.0522
0.6894,146.6279765,308.9361225,1.05214
0.6897,146.6375072,308.9363927,1.05208
0.69,146.6470265,308.9366625,1.05202
0.6903,146.6565344,308.9369319,1.05196
0.6906,146.6660308,308.937201,1.0519
0.6909,146.6755159,308.9374697,1.05184
0.6912,146.6849895,308.9377381,1.05178
0.6915,146.6944519,308.9380061,1.05172
0.6918,146.7039028,308.9382737,1.05166
0.6921,146.7133425,308.938541,1.0516
0.6924,146.7227708,308.938808,1.05155
0.6927,146.7321878,308.9390746,1.05149
0.693,146.7415936,308.9393408,1.05143
0.6933,146.750988,308.9396067,1.05137
0.6936,146.7603712,308.9398723,1.05131
0.6939,146.7697431,308.9401375,1.05125
0.6942,146.7791037,308.9404023,1.05119
0.6945,146.7884532,308.9406668,1.05113
0.6948,146.7977914,308.9409309,1.05107
0.6951,146.8071184,308.9411947,1.05101
0.6954,146.8164342,308.9414582,1.05096
0.6957,146.8257389,308.9417213,1.0509
0.696,146.8350324,308.941984,1.05084
0.6963,146.8443148,308.9422464,1.05078
0.6966,146.853586,308.9425085,1.05072
0.6969,146.8628461,308.9427702,1.05066
0.6972,146.8720951,308.9430316,1.0506
0.6975,146.881333,308.9432926,1.05055
0.6978,146.8905598,308.9435533,1.05049
0.6981,146.8997756,308.9438136,1.05043
0.6984,146.9089803,308.9440736,1.05037
0.6987,146.918174,308.9443333,1.05031
0.699,146.9273566,308.9445926,1.05026
0.6993,146.9365283,308.9448516,1.0502
0.6996,146.9456889,308.9451102,1.05014
0.6999,146.9548385,308.9453685,1.05008
0.7002,146.9639772,308.9456264,1.05003
0.7005,146.9731049,308.945884,1.04997
0.7008,146.9822217,308.9461413,1.04991
0.7011,146.9913275,308.9463982,1.04985
0.7014,147.0004225,308.9466548,1.0498
0.7017,147.0095065,308.946911,1.04974
0.702,147.0185796,308.947167,1.04968
0.7023,147.0276418,308.9474225,1.04962
0.7026,147.0366932,308.9476778,1.04957
0.7029,147.0457337,308.9479327,1.04951
0.7032,147.0547633,308.9481872,1.04945
0.7035,147.0637822,308.9484415,1.0494
0.7038,147.0727902,308.9486954,1.04934
0.7041,147.0817874,308.9489489,1.04928
0.7044,147.0907739,308.9492022,1.04923
0.7047,147.0997495,308.949455,1.04917
0.705,147.1087144,308.9497076,1.04911
0.7053,147.1176685,308.9499598,1.04906
0.7056,147.1266119,308.9502117,1.049
0.7059,147.1355446,308.9504633,1.04894
0.7062,147.1444666,308.9507145,1.04889
0.7065,147.1533778,308.9509654,1.04883
0.7068,147.1622784,308.951216,1.04878
0.7071,147.1711683,308.9514663,1.04872
0.7074,147.1800475,308.9517162,1.04866
0.7077,147.1889161,308.9519657,1.04861
0.708,147.1977741,308.952215,1.04855
0.7083,147.2066214,308.9524639,1.0485
0.7086,147.2154581,308.9527125,1.04844
0.7089,147.2242843,308.9529608,1.04839
0.7092,147.2330998,308.9532088,1.04833
0.7095,147.2419048,308.9534564,1.04827
0.7098,147.2506992,308.9537037,1.04822
0.7101,147.259483,308.9539506,1.04816
0.7104,147.2682564,308.9541973,1.04811
0.7107,147.2770192,308.9544436,1.04805
0.711,147.2857715,308.9546896,1.048
0.7113,147.2945133,308.9549353,1.04794
0.7116,147.3032446,308.9551806,1.04789
0.7119,147.3119654,308.9554257,1.04783
0.7122,147.3206758,308.9556704,1.04778
0.7125,147.3293758,308.9559147,1.04772
0.7128,147.3380653,308.9561588,1.04767
0.7131,147.3467444,308.9564025,1.04761
0.7134,147.355413,308.956646,1.04756
0.7137,147.3640713,308.9568891,1.04751
0.714,147.3727192,308.9571319,1.04745
0.7143,147.3813568,308.9573743,1.0474
0.7146,147.3899839,308.9576165,1.04734
0.7149,147.3986008,308.9578583,1.04729
0.7152,147.4072073,308.9580998,1.04723
0.7155,147.4158034,308.958341,1.04718
0.7158,147.4243893,308.9585819,1.04713
0.7161,147.4329649,308.9588224,1.04707
0.7164,147.4415302,308.9590627,1.04702
0.7167,147.4500852,308.9593026,1.04696
0.717,147.4586299,308.9595422,1.04691
0.7173,147.4671644,308.9597815,1.04686
0.7176,147.4756887,308.9600205,1.0468
0.7179,147.4842028,308.9602592,1.04675
0.7182,147.4927066,308.9604975,1.04669
0.7185,147.5012003,308.9607356,1.04664
0.7188,147.5096837,308.9609733,1.04659
0.7191,147.518157,308.9612107,1.04653
0.7194,147.5266201,308.9614478,1.04648
0.7197,147.5350731,308.9616846,1.04643
0.72,147.543516,308.9619211,1.04637
0.7203,147.5519487,308.9621573,1.04632
0.7206,147.5603713,308.9623931,1.04627
0.7209,147.5687837,308.9626287,1.04622
0.7212,147.5771861,308.962864,1.04616
0.7215,147.5855784,308.9630989,1.04611
0.7218,147.5939607,308.9633335,1.04606
0.7221,147.6023329,308.9635678,1.046
0.7224,147.610695,308.9638019,1.04595
0.7227,147.6190472,308.9640356,1.0459
0.723,147.6273893,308.964269,1.04585
0.7233,147.6357214,308.9645021,1.04579
0.7236,147.6440435,308.9647349,1.04574
0.7239,147.6523556,308.9649674,1.04569
0.7242,147.6606578,308.9651995,1.04564
0.7245,147.66895,308.9654314,1.04558
0.7248,147.6772322,308.965663,1.04553
0.7251,147.6855045,308.9658943,1.04548
0.7254,147.693767,308.9661252,1.04543
0.7257,147.7020195,308.9663559,1.04538
0.726,147.7102621,308.9665863,1.04532
0.7263,147.7184948,308.9668163,1.04527
0.7266,147.7267176,308.9670461,1.04522
0.7269,147.7349306,308.9672755,1.04517
0.7272,147.7431337,308.9675047,1.04512
0.7275,147.751327,308.9677336,1.04507
0.7278,147.7595105,308.9679621,1.04501
0.7281,147.7676841,308.9681904,1.04496
0.7284,147.775848,308.9684183,1.04491
0.7287,147.784002,308.968646,1.04486
0.729,147.7921463,308.9688734,1.04481
0.7293,147.8002808,308.9691004,1.04476
0.7296,147.8084056,308.9693272,1.04471
0.7299,147.8165206,308.9695537,1.04465
0.7302,147.8246259,308.9697799,1.0446
0.7305,147.8327214,308.9700057,1.04455
0.7308,147.8408073,308.9702313,1.0445
0.7311,147.8488834,308.9704566,1.04445
0.7314,147.8569499,308.9706816,1.0444
0.7317,147.8650067,308.9709063,1.04435
0.732,147.8730538,308.9711307,1.0443
0.7323,147.8810913,308.9713548,1.04425
0.7326,147.8891192,308.9715787,1.0442
0.7329,147.8971374,308.9718022,1.04415
0.7332,147.905146,308.9720254,1.0441
0.7335,147.913145,308.9722484,1.04405
0.7338,147.9211344,308.972471,1.044
0.7341,147.9291142,308.9726934,1.04394
0.7344,147.9370844,308.9729155,1.04389
0.7347,147.9450451,308.9731373,1.04384
0.735,147.9529963,308.9733588,1.04379
0.7353,147.9609379,308.97358,1.04374
0.7356,147.96887,308.9738009,1.04369
0.7359,147.9767926,308.9740215,1.04364
0.7362,147.9847056,308.9742418,1.04359
0.7365,147.9926092,308.9744619,1.04354
0.7368,148.0005033,308.9746817,1.04349
0.7371,148.008388,308.9749011,1.04345
0.7374,148.0162631,308.9751203,1.0434
0.7377,148.0241289,308.9753392,1.04335
0.738,148.0319852,308.9755579,1.0433
0.7383,148.0398321,308.9757762,1.04325
0.7386,148.0476695,308.9759942,1.0432
0.7389,148.0554976,308.976212,1.04315
0.7392,148.0633163,308.9764295,1.0431
0.7395,148.0711256,308.9766467,1.04305
0.7398,148.0789256,308.9768636,1.043
0.7401,148.0867162,308.9770802,1.04295
0.7404,148.0944974,308.9772966,1.0429
0.7407,148.1022693,308.9775126,1.04285
0.741,148.1100319,308.9777284,1.0428
0.7413,148.1177852,308.9779439,1.04276
0.7416,148.1255292,308.9781592,1.04271
0.7419,148.1332639,308.9783741,1.04266
0.7422,148.1409894,308.9785888,1.04261
0.7425,148.1487055,308.9788031,1.04256
0.7428,148.1564124,308.9790172,1.04251
0.7431,148.1641101,308.9792311,1.04246
0.7434,148.1717985,308.9794446,1.04242
0.7437,148.1794778,308.9796579,1.04237
0.744,148.1871478,308.9798709,1.04232
0.7443,148.1948086,308.9800836,1.04227
0.7446,148.2024602,308.980296,1.04222
0.7449,148.2101027,308.9805082,1.04217
0.7452,148.217736,308.9807201,1.04213
0.7455,148.2253601,308.9809317,1.04208
0.7458,148.2329751,308.981143,1.04203
0.7461,148.2405809,308.9813541,1.04198
0.7464,148.2481777,308.9815648,1.04193
0.7467,148.2557653,308.9817753,1.04189
0.747,148.2633438,308.9819856,1.04184
0.7473,148.2709133,308.9821955,1.04179
0.7476,148.2784736,308.9824052,1.04174
0.7479,148.2860249,308.9826146,1.0417
0.7482,148.2935671,308.9828238,1.04165
0.7485,148.3011003,308.9830327,1.0416
0.7488,148.3086244,308.9832413,1.04155
0.7491,148.3161395,308.9834496,1.04151
0.7494,148.3236456,308.9836576,1.04146
0.7497,148.3311427,308.9838654,1.04141
0.75,148.3386309,308.9840729,1.04136
0.7503,148.34611,308.9842802,1.04132
0.7506,148.3535801,308.9844872,1.04127
0.7509,148.3610413,308.9846939,1.04122
0.7512,148.3684936,308.9849003,1.04118
0.7515,148.3759369,308.9851065,1.04113
0.7518,148.3833713,308.9853124,1.04108
0.7521,148.3907968,308.985518,1.04104
0.7524,148.3982133,308.9857234,1.04099
0.7527,148.405621,308.9859285,1.04094
0.753,148.4130198,308.9861333,1.04089
0.7533,148.4204097,308.9863379,1.04085
0.7536,148.4277907,308.9865422,1.0408
0.7539,148.4351629,308.9867462,1.04076
0.7542,148.4425263,308.98695,1.04071
0.7545,148.4498808,308.9871535,1.04066
0.7548,148.4572265,308.9873568,1.04062
0.7551,148.4645634,308.9875598,1.04057
0.7554,148.4718915,308.9877625,1.04052
0.7557,148.4792108,308.9879649,1.04048
0.756,148.4865214,308.9881671,1.04043
0.7563,148.4938231,308.9883691,1.04039
0.7566,148.5011161,308.9885707,1.04034
0.7569,148.5084004,308.9887721,1.04029
0.7572,148.5156759,308.9889733,1.04025
0.7575,148.5229427,308.9891742,1.0402
0.7578,148.5302008,308.9893748,1.04016
0.7581,148.5374502,308.9895752,1.04011
0.7584,148.5446909,308.9897753,1.04007
0.7587,148.5519229,308.9899751,1.04002
0.759,148.5591462,308.9901747,1.03997
0.7593,148.5663609,308.990374,1.03993
0.7596,148.5735669,308.9905731,1.03988
0.7599,148.5807643,308.9907719,1.03984
0.7602,148.587953,308.9909705,1.03979
0.7605,148.5951331,308.9911688,1.03975
0.7608,148.6023047,308.9913668,1.0397
0.7611,148.6094676,308.9915646,1.03966
0.7614,148.6166219,308.9917621,1.03961
0.7617,148.6237676,308.9919594,1.03957
0.762,148.6309048,308.9921564,1.03952
0.7623,148.6380334,308.9923532,1.03948
0.7626,148.6451535,308.9925497,1.03943
0.7629,148.652265,308.9927459,1.03939
0.7632,148.659368,308.9929419,1.03934
0.7635,148.6664625,308.9931377,1.0393
0.7638,148.6735484,308.9933332,1.03925
0.7641,148.6806259,308.9935284,1.03921
0.7644,148.6876949,308.9937234,1.03916
0.7647,148.6947554,308.9939181,1.03912
0.765,148.7018074,308.9941126,1.03907
0.7653,148.708851,308.9943069,1.03903
0.7656,148.7158862,308.9945008,1.03899
0.7659,148.7229129,308.9946946,1.03894
0.7662,148.7299311,308.994888,1.0389
0.7665,148.736941,308.9950813,1.03885
0.7668,148.7439424,308.9952743,1.03881
0.7671,148.7509355,308.995467,1.03876
0.7674,148.7579202,308.9956595,1.03872
0.7677,148.7648964,308.9958517,1.03868
0.768,148.7718644,308.9960437,1.03863
0.7683,148.7788239,308.9962354,1.03859
0.7686,148.7857752,308.9964269,1.03855
0.7689,148.7927181,308.9966181,1.0385
0.7692,148.7996526,308.9968091,1.03846
0.7695,148.8065789,308.9969999,1.03841
0.7698,148.8134968,308.9971904,1.03837
0.7701,148.8204064,308.9973806,1.03833
0.7704,148.8273078,308.9975707,1.03828
0.7707,148.8342009,308.9977604,1.03824
0.771,148.8410857,308.9979499,1.0382
0.7713,148.8479623,308.9981392,1.03815
0.7716,148.8548306,308.9983282,1.03811
0.7719,148.8616907,308.998517,1.03807
0.7722,148.8685425,308.9987056,1.03802
0.7725,148.8753861,308.9988939,1.03798
0.7728,148.8822216,308.9990819,1.03794
0.7731,148.8890488,308.9992697,1.03789
0.7734,148.8958679,308.9994573,1.03785
0.7737,148.9026787,308.9996447,1.03781
0.774,148.9094814,308.9998317,1.03777
0.7743,148.916276,309.0000186,1.03772
0.7746,148.9230623,309.0002052,1.03768
0.7749,148.9298406,309.0003916,1.03764
0.7752,148.9366107,309.0005777,1.03759
0.7755,148.9433727,309.0007636,1.03755
0.7758,148.9501265,309.0009492,1.03751
0.7761,148.9568723,309.0011346,1.03747
0.7764,148.96361,309.0013198,1.03742
0.7767,148.9703396,309.0015047,1.03738
0.777,148.9770611,309.0016894,1.03734
0.7773,148.9837746,309.0018739,1.0373
0.7776,148.99048,309.0020581,1.03725
0.7779,148.9971774,309.0022421,1.03721
0.7782,149.0038668,309.0024258,1.03717
0.7785,149.0105481,309.0026093,1.03713
0.7788,149.0172214,309.0027926,1.03709
0.7791,149.0238867,309.0029756,1.03704
0.7794,149.030544,309.0031584,1.037
0.7797,149.0371933,309.003341,1.03696
0.78,149.0438347,309.0035233,1.03692
0.7803,149.0504681,309.0037054,1.03688
0.7806,149.0570935,309.0038873,1.03683
0.7809,149.063711,309.0040689,1.03679
0.7812,149.0703206,309.0042503,1.03675
0.7815,149.0769222,309.0044314,1.03671
0.7818,149.0835159,309.0046124,1.03667
0.7821,149.0901017,309.0047931,1.03663
0.7824,149.0966796,309.0049735,1.03659
0.7827,149.1032496,309.0051537,1.03654
0.783,149.1098118,309.0053337,1.0365
0.7833,149.1163661,309.0055135,1.03646
0.7836,149.1229125,309.005693,1.03642
0.7839,149.129451,309.0058723,1.03638
0.7842,149.1359817,309.0060514,1.03634
0.7845,149.1425046,309.0062303,1.0363
0.7848,149.1490197,309.0064089,1.03626
0.7851,149.1555269,309.0065873,1.03621
0.7854,149.1620264,309.0067654,1.03617
0.7857,149.168518,309.0069433,1.03613
0.786,149.1750019,309.007121,1.03609
0.7863,149.181478,309.0072985,1.03605
0.7866,149.1879463,309.0074757,1.03601
0.7869,149.1944068,309.0076527,1.03597
0.7872,149.2008597,309.0078295,1.03593
0.7875,149.2073047,309.0080061,1.03589
0.7878,149.2137421,309.0081824,1.03585
0.7881,149.2201717,309.0083585,1.03581
0.7884,149.2265936,309.0085344,1.03577
0.7887,149.2330078,309.0087101,1.03573
0.789,149.2394144,309.0088855,1.03569
0.7893,149.2458132,309.0090607,1.03565
0.7896,149.2522044,309.0092357,1.0356
0.7899,149.2585879,309.0094104,1.03556
0.7902,149.2649637,309.0095849,1.03552
0.7905,149.2713319,309.0097592,1.03548
0.7908,149.2776925,309.0099333,1.03544
0.7911,149.2840454,309.0101072,1.0354
0.7914,149.2903907,309.0102808,1.03536
0.7917,149.2967285,309.0104542,1.03532
0.792,149.3030586,309.0106274,1.03528
0.7923,149.3093811,309.0108004,1.03524
0.7926,149.315696,309.0109731,1.0352
0.7929,149.3220034,309.0111456,1.03516
0.7932,149.3283032,309.011318,1.03513
0.7935,149.3345954,309.01149,1.03509
0.7938,149.3408801,309.0116619,1.03505
0.7941,149.3471573,309.0118335,1.03501
0.7944,149.3534269,309.012005,1.03497
0.7947,149.359689,309.0121762,1.03493
0.795,149.3659436,309.0123471,1.03489
0.7953,149.3721907,309.0125179,1.03485
0.7956,149.3784303,309.0126884,1.03481
0.7959,149.3846625,309.0128588,1.03477
0.7962,149.3908871,309.0130289,1.03473
0.7965,149.3971043,309.0131988,1.03469
0.7968,149.4033141,309.0133684,1.03465
0.7971,149.4095163,309.0135379,1.03461
0.7974,149.4157112,309.0137071,1.03457
0.7977,149.4218986,309.0138761,1.03453
0.798,149.4280786,309.0140449,1.0345
0.7983,149.4342512,309.0142135,1.03446
0.7986,149.4404164,309.0143819,1.03442
0.7989,149.4465742,309.01455,1.03438
0.7992,149.4527246,309.014718,1.03434
0.7995,149.4588677,309.0148857,1.0343
0.7998,149.4650033,309.0150532,1.03426
0.8001,149.4711317,309.0152205,1.03422
0.8004,149.4772526,309.0153876,1.03419
0.8007,149.4833662,309.0155545,1.03415
0.801,149.4894725,309.0157211,1.03411
0.8013,149.4955715,309.0158876,1.03407
0.8016,149.5016631,309.0160538,1.03403
0.8019,149.5077475,309.0162198,1.03399
0.8022,149.5138245,309.0163856,1.03396
0.8025,149.5198942,309.0165512,1.03392
0.8028,149.5259567,309.0167166,1.03388
0.8031,149.5320119,309.0168817,1.03384
0.8034,149.5380598,309.0170467,1.0338
0.8037,149.5441005,309.0172114,1.03376
0.804,149.550134,309.017376,1.03373
0.8043,149.5561602,309.0175403,1.03369
0.8046,149.5621791,309.0177044,1.03365
0.8049,149.5681909,309.0178683,1.03361
0.8052,149.5741954,309.018032,1.03357
0.8055,149.5801928,309.0181955,1.03354
0.8058,149.5861829,309.0183587,1.0335
0.8061,149.5921659,309.0185218,1.03346
0.8064,149.5981417,309.0186847,1.03342
0.8067,149.6041103,309.0188473,1.03339
0.807,149.6100718,309.0190097,1.03335
0.8073,149.6160261,309.019172,1.03331
0.8076,149.6219733,309.019334,1.03327
0.8079,149.6279133,309.0194958,1.03324
0.8082,149.6338462,309.0196574,1.0332
0.8085,149.639772,309.0198188,1.03316
0.8088,149.6456907,309.01998,1.03312
0.8091,149.6516023,309.020141,1.03309
0.8094,149.6575069,309.0203018,1.03305
0.8097,149.6634043,309.0204624,1.03301
0.81,149.6692946,309.0206227,1.03297
0.8103,149.6751779,309.0207829,1.03294
0.8106,149.6810542,309.0209429,1.0329
0.8109,149.6869234,309.0211026,1.03286
0.8112,149.6927855,309.0212622,1.03283
0.8115,149.6986406,309.0214215,1.03279
0.8118,149.7044887,309.0215807,1.03275
0.8121,149.7103298,309.0217396,1.03272
0.8124,149.7161639,309.0218984,1.03268
0.8127,149.721991,309.0220569,1.03264
0.813,149.7278111,309.0222153,1.03261
0.8133,149.7336242,309.0223734,1.03257
0.8136,149.7394304,309.0225313,1.03253
0.8139,149.7452295,309.022689,1.0325
0.8142,149.7510218,309.0228466,1.03246
0.8145,149.756807,309.0230039,1.03242
0.8148,149.7625854,309.023161,1.03239
0.8151,149.7683568,309.0233179,1.03235
0.8154,149.7741213,309.0234747,1.03231
0.8157,149.7798789,309.0236312,1.03228
0.816,149.7856295,309.0237875,1.03224
0.8163,149.7913733,309.0239436,1.03221
0.8166,149.7971102,309.0240996,1.03217
0.8169,149.8028402,309.0242553,1.03213
0.8172,149.8085634,309.0244108,1.0321
0.8175,149.8142796,309.0245661,1.03206
0.8178,149.8199891,309.0247213,1.03202
0.8181,149.8256916,309.0248762,1.03199
0.8184,149.8313874,309.0250309,1.03195
0.8187,149.8370763,309.0251855,1.03192
0.819,149.8427583,309.0253398,1.03188
0.8193,149.8484336,309.0254939,1.03185
0.8196,149.8541021,309.0256479,1.03181
0.8199,149.8597637,309.0258016,1.03177
0.8202,149.8654186,309.0259552,1.03174
0.8205,149.8710667,309.0261085,1.0317
0.8208,149.876708,309.0262617,1.03167
0.8211,149.8823426,309.0264146,1.03163
0.8214,149.8879704,309.0265674,1.0316
0.8217,149.8935914,309.02672,1.03156
0.822,149.8992057,309.0268723,1.03153
0.8223,149.9048133,309.0270245,1.03149
0.8226,149.9104142,309.0271765,1.03145
0.8229,149.9160083,309.0273283,1.03142
0.8232,149.9215957,309.0274799,1.03138
0.8235,149.9271764,309.0276313,1.03135
0.8238,149.9327505,309.0277825,1.03131
0.8241,149.9383178,309.0279335,1.03128
0.8244,149.9438785,309.0280843,1.03124
0.8247,149.9494325,309.0282349,1.03121
0.825,149.9549799,309.0283854,1.03117
0.8253,149.9605205,309.0285356,1.03114
0.8256,149.9660546,309.0286857,1.0311
0.8259,149.971582,309.0288355,1.03107
0.8262,149.9771028,309.0289852,1.03103
0.8265,149.982617,309.0291347,1.031
0.8268,149.9881245,309.029284,1.03096
0.8271,149.9936254,309.0294331,1.03093
0.8274,149.9991198,309.029582,1.03089
0.8277,150.0046076,309.0297308,1.03086
0.828,150.0100887,309.0298793,1.03083
0.8283,150.0155633,309.0300277,1.03079
0.8286,150.0210313,309.0301758,1.03076
0.8289,150.0264928,309.0303238,1.03072
0.8292,150.0319477,309.0304716,1.03069
0.8295,150.037396,309.0306192,1.03065
0.8298,150.0428379,309.0307666,1.03062
0.8301,150.0482732,309.0309138,1.03058
0.8304,150.0537019,309.0310609,1.03055
0.8307,150.0591242,309.0312077,1.03052
0.831,150.06454,309.0313544,1.03048
0.8313,150.0699492,309.0315009,1.03045
0.8316,150.075352,309.0316472,1.03041
0.8319,150.0807483,309.0317933,1.03038
0.8322,150.0861381,309.0319392,1.03035
0.8325,150.0915215,309.032085,1.03031
0.8328,150.0968984,309.0322305,1.03028
0.8331,150.1022689,309.0323759,1.03024
0.8334,150.1076329,309.0325211,1.03021
0.8337,150.1129905,309.0326661,1.03018
0.834,150.1183416,309.0328109,1.03014
0.8343,150.1236864,309.0329556,1.03011
0.8346,150.1290247,309.0331,1.03008
0.8349,150.1343566,309.0332443,1.03004
0.8352,150.1396822,309.0333884,1.03001
0.8355,150.1450013,309.0335323,1.02997
0.8358,150.1503141,309.033676,1.02994
0.8361,150.1556205,309.0338196,1.02991
0.8364,150.1609205,309.0339629,1.02987
0.8367,150.1662141,309.0341061,1.02984
0.837,150.1715015,309.0342491,1.02981
0.8373,150.1767824,309.0343919,1.02977
0.8376,150.1820571,309.0345346,1.02974
0.8379,150.1873254,309.034677,1.02971
0.8382,150.1925874,309.0348193,1.02967
0.8385,150.1978431,309.0349614,1.02964
0.8388,150.2030925,309.0351033,1.02961
0.8391,150.2083355,309.035245,1.02958
0.8394,150.2135723,309.0353866,1.02954
0.8397,150.2188029,309.035528,1.02951
0.84,150.2240271,309.0356692,1.02948
0.8403,150.2292451,309.0358102,1.02944
0.8406,150.2344568,309.035951,1.02941
0.8409,150.2396623,309.0360917,1.02938
0.8412,150.2448615,309.0362322,1.02935
0.8415,150.2500545,309.0363725,1.02931
0.8418,150.2552412,309.0365126,1.02928
0.8421,150.2604217,309.0366526,1.02925
0.8424,150.2655961,309.0367924,1.02921
0.8427,150.2707642,309.036932,1.02918
0.843,150.2759261,309.0370714,1.02915
0.8433,150.2810818,309.0372106,1.02912
0.8436,150.2862314,309.0373497,1.02908
0.8439,150.2913747,309.0374886,1.02905
0.8442,150.2965119,309.0376273,1.02902
0.8445,150.3016429,309.0377659,1.02899
0.8448,150.3067678,309.0379042,1.02895
0.8451,150.3118865,309.0380424,1.02892
0.8454,150.3169991,309.0381804,1.02889
0.8457,150.3221056,309.0383183,1.02886
0.846,150.3272059,309.0384559,1.02883
0.8463,150.3323001,309.0385934,1.02879
0.8466,150.3373882,309.0387308,1.02876
0.8469,150.3424702,309.0388679,1.02873
0.8472,150.3475461,309.0390049,1.0287
0.8475,150.3526159,309.0391417,1.02867
0.8478,150.3576797,309.0392783,1.02863
0.8481,150.3627373,309.0394148,1.0286
0.8484,150.3677889,309.0395511,1.02857
0.8487,150.3728344,309.0396872,1.02854
0.849,150.3778739,309.0398231,1.02851
0.8493,150.3829074,309.0399589,1.02847
0.8496,150.3879347,309.0400945,1.02844
0.8499,150.3929561,309.0402299,1.02841
0.8502,150.3979715,309.0403651,1.02838
0.8505,150.4029808,309.0405002,1.02835
0.8508,150.4079841,309.0406351,1.02832
0.8511,150.4129814,309.0407699,1.02828
0.8514,150.4179727,309.0409044,1.02825
0.8517,150.4229581,309.0410388,1.02822
0.852,150.4279374,309.0411731,1.02819
0.8523,150.4329108,309.0413071,1.02816
0.8526,150.4378782,309.041441,1.02813
0.8529,150.4428397,309.0415747,1.0281
0.8532,150.4477952,309.0417083,1.02807
0.8535,150.4527447,309.0418417,1.02803
0.8538,150.4576883,309.0419749,1.028
0.8541,150.462626,309.0421079,1.02797
0.8544,150.4675578,309.0422408,1.02794
0.8547,150.4724837,309.0423735,1.02791
0.855,150.4774036,309.0425061,1.02788
0.8553,150.4823176,309.0426384,1.02785
0.8556,150.4872258,309.0427707,1.02782
0.8559,150.492128,309.0429027,1.02779
0.8562,150.4970244,309.0430346,1.02775
0.8565,150.5019149,309.0431663,1.02772
0.8568,150.5067996,309.0432978,1.02769
0.8571,150.5116783,309.0434292,1.02766
0.8574,150.5165513,309.0435604,1.02763
0.8577,150.5214183,309.0436915,1.0276
0.858,150.5262796,309.0438223,1.02757
0.8583,150.531135,309.043953,1.02754
0.8586,150.5359846,309.0440836,1.02751
0.8589,150.5408283,309.044214,1.02748
0.8592,150.5456663,309.0443442,1.02745
0.8595,150.5504984,309.0444743,1.02742
0.8598,150.5553248,309.0446041,1.02739
0.8601,150.5601454,309.0447339,1.02736
0.8604,150.5649601,309.0448634,1.02733
0.8607,150.5697692,309.0449928,1.0273
0.861,150.5745724,309.0451221,1.02727
0.8613,150.5793699,309.0452511,1.02724
0.8616,150.5841616,309.0453801,1.0272
0.8619,150.5889476,309.0455088,1.02717
0.8622,150.5937278,309.0456374,1.02714
0.8625,150.5985023,309.0457658,1.02711
0.8628,150.6032711,309.0458941,1.02708
0.8631,150.6080341,309.0460222,1.02705
0.8634,150.6127914,309.0461501,1.02702
0.8637,150.6175431,309.0462779,1.02699
0.864,150.622289,309.0464055,1.02696
0.8643,150.6270292,309.046533,1.02693
0.8646,150.6317638,309.0466603,1.0269
0.8649,150.6364926,309.0467874,1.02687
0.8652,150.6412158,309.0469144,1.02684
0.8655,150.6459334,309.0470412,1.02682
0.8658,150.6506452,309.0471678,1.02679
0.8661,150.6553514,309.0472943,1.02676
0.8664,150.660052,309.0474206,1.02673
0.8667,150.6647469,309.0475468,1.0267
0.867,150.6694362,309.0476728,1.02667
0.8673,150.6741199,309.0477987,1.02664
0.8676,150.678798,309.0479244,1.02661
0.8679,150.6834704,309.0480499,1.02658
0.8682,150.6881372,309.0481753,1.02655
0.8685,150.6927985,309.0483005,1.02652
0.8688,150.6974541,309.0484256,1.02649
0.8691,150.7021042,309.0485505,1.02646
0.8694,150.7067487,309.0486753,1.02643
0.8697,150.7113876,309.0487999,1.0264
0.87,150.7160209,309.0489243,1.02637
0.8703,150.7206487,309.0490486,1.02634
0.8706,150.7252709,309.0491727,1.02631
0.8709,150.7298876,309.0492967,1.02629
0.8712,150.7344988,309.0494205,1.02626
0.8715,150.7391044,309.0495441,1.02623
0.8718,150.7437045,309.0496676,1.0262
0.8721,150.7482991,309.049791,1.02617
0.8724,150.7528881,309.0499142,1.02614
0.8727,150.7574717,309.0500372,1.02611
0.873,150.7620498,309.0501601,1.02608
0.8733,150.7666223,309.0502828,1.02605
0.8736,150.7711894,309.0504054,1.02603
0.8739,150.775751,309.0505278,1.026
0.8742,150.7803071,309.05065,1.02597
0.8745,150.7848578,309.0507721,1.02594
0.8748,150.789403,309.0508941,1.02591
0.8751,150.7939428,309.0510159,1.02588
0.8754,150.7984771,309.0511375,1.02585
0.8757,150.8030059,309.051259,1.02582
0.876,150.8075294,309.0513804,1.0258
0.8763,150.8120474,309.0515015,1.02577
0.8766,150.81656,309.0516226,1.02574
0.8769,150.8210671,309.0517435,1.02571
0.8772,150.8255689,309.0518642,1.02568
0.8775,150.8300653,309.0519848,1.02565
0.8778,150.8345562,309.0521052,1.02563
0.8781,150.8390418,309.0522255,1.0256
0.8784,150.843522,309.0523456,1.02557
0.8787,150.8479969,309.0524656,1.02554
0.879,150.8524663,309.0525854,1.02551
0.8793,150.8569304,309.0527051,1.02548
0.8796,150.8613892,309.0528246,1.02546
0.8799,150.8658426,309.052944,1.02543
0.8802,150.8702906,309.0530632,1.0254
0.8805,150.8747333,309.0531822,1.02537
0.8808,150.8791707,309.0533012,1.02534
0.8811,150.8836028,309.0534199,1.02532
0.8814,150.8880295,309.0535386,1.02529
0.8817,150.892451,309.053657,1.02526
0.882,150.8968671,309.0537754,1.02523
0.8823,150.9012779,309.0538935,1.0252
0.8826,150.9056835,309.0540116,1.02518
0.8829,150.9100837,309.0541294,1.02515
0.8832,150.9144787,309.0542472,1.02512
0.8835,150.9188684,309.0543647,1.02509
0.8838,150.9232528,309.0544822,1.02507
0.8841,150.927632,309.0545995,1.02504
0.8844,150.9320059,309.0547166,1.02501
0.8847,150.9363746,309.0548336,1.02498
0.885,150.940738,309.0549504,1.02496
0.8853,150.9450962,309.0550671,1.02493
0.8856,150.9494492,309.0551837,1.0249
0.8859,150.953797,309.0553001,1.02487
0.8862,150.9581395,309.0554164,1.02485
0.8865,150.9624768,309.0555325,1.02482
0.8868,150.966809,309.0556484,1.02479
0.8871,150.9711359,309.0557643,1.02476
0.8874,150.9754576,309.0558799,1.02474
0.8877,150.9797742,309.0559955,1.02471
0.888,150.9840855,309.0561109,1.02468
0.8883,150.9883918,309.0562261,1.02465
0.8886,150.9926928,309.0563412,1.02463
0.8889,150.9969887,309.0564561,1.0246
0.8892,151.0012794,309.056571,1.02457
0.8895,151.005565,309.0566856,1.02455
0.8898,151.0098454,309.0568001,1.02452
0.8901,151.0141207,309.0569145,1.02449
0.8904,151.0183909,309.0570287,1.02447
0.8907,151.0226559,309.0571428,1.02444
0.891,151.0269159,309.0572568,1.02441
0.8913,151.0311707,309.0573706,1.02438
0.8916,151.0354204,309.0574842,1.02436
0.8919,151.039665,309.0575978,1.02433
0.8922,151.0439046,309.0577111,1.0243
0.8925,151.048139,309.0578244,1.02428
0.8928,151.0523684,309.0579375,1.02425
0.8931,151.0565927,309.0580504,1.02422
0.8934,151.0608119,309.0581632,1.0242
0.8937,151.0650261,309.0582759,1.02417
0.894,151.0692352,309.0583884,1.02414
0.8943,151.0734393,309.0585008,1.02412
0.8946,151.0776383,309.058613,1.02409
0.8949,151.0818323,309.0587251,1.02407
0.8952,151.0860212,309.0588371,1.02404
0.8955,151.0902051,309.0589489,1.02401
0.8958,151.0943841,309.0590606,1.02399
0.8961,151.098558,309.0591721,1.02396
0.8964,151.1027269,309.0592836,1.02393
0.8967,151.1068907,309.0593948,1.02391
0.897,151.1110496,309.0595059,1.02388
0.8973,151.1152036,309.0596169,1.02385
0.8976,151.1193525,309.0597278,1.02383
0.8979,151.1234964,309.0598385,1.0238
0.8982,151.1276354,309.059949,1.02378
0.8985,151.1317694,309.0600595,1.02375
0.8988,151.1358985,309.0601698,1.02372
0.8991,151.1400226,309.0602799,1.0237
0.8994,151.1441418,309.0603899,1.02367
0.8997,151.148256,309.0604998,1.02365
0.9,151.1523653,309.0606095,1.02362
0.9003,151.1564696,309.0607191,1.02359
0.9006,151.1605691,309.0608286,1.02357
0.9009,151.1646636,309.0609379,1.02354
0.9012,151.1687532,309.0610471,1.02352
0.9015,151.1728379,309.0611562,1.02349
0.9018,151.1769177,309.0612651,1.02347
0.9021,151.1809926,309.0613739,1.02344
0.9024,151.1850627,309.0614825,1.02341
0.9027,151.1891278,309.061591,1.02339
0.903,151.1931881,309.0616994,1.02336
0.9033,151.1972435,309.0618076,1.02334
0.9036,151.201294,309.0619157,1.02331
0.9039,151.2053397,309.0620237,1.02329
0.9042,151.2093806,309.0621315,1.02326
0.9045,151.2134165,309.0622392,1.02324
0.9048,151.2174477,309.0623468,1.02321
0.9051,151.221474,309.0624542,1.02318
0.9054,151.2254955,309.0625615,1.02316
0.9057,151.2295122,309.0626687,1.02313
0.906,151.233524,309.0627757,1.02311
0.9063,151.237531,309.0628826,1.02308
0.9066,151.2415333,309.0629893,1.02306
0.9069,151.2455307,309.0630959,1.02303
0.9072,151.2495234,309.0632024,1.02301
0.9075,151.2535112,309.0633088,1.02298
0.9078,151.2574943,309.063415,1.02296
0.9081,151.2614726,309.0635211,1.02293
0.9084,151.2654461,309.0636271,1.02291
0.9087,151.2694149,309.0637329,1.02288
0.909,151.2733789,309.0638386,1.02286
0.9093,151.2773381,309.0639441,1.02283
0.9096,151.2812926,309.0640496,1.02281
0.9099,151.2852424,309.0641549,1.02278
0.9102,151.2891874,309.06426,1.02276
0.9105,151.2931277,309.0643651,1.02273
0.9108,151.2970633,309.06447,1.02271
0.9111,151.3009942,309.0645747,1.02268
0.9114,151.3049203,309.0646794,1.02266
0.9117,151.3088418,309.0647839,1.02263
0.912,151.3127585,309.0648883,1.02261
0.9123,151.3166705,309.0649925,1.02258
0.9126,151.3205779,309.0650966,1.02256
0.9129,151.3244806,309.0652006,1.02253
0.9132,151.3283786,309.0653045,1.02251
0.9135,151.3322719,309.0654082,1.02249
0.9138,151.3361605,309.0655118,1.02246
0.9141,151.3400445,309.0656153,1.02244
0.9144,151.3439239,309.0657186,1.02241
0.9147,151.3477986,309.0658218,1.02239
0.915,151.3516686,309.0659249,1.02236
0.9153,151.355534,309.0660279,1.02234
0.9156,151.3593948,309.0661307,1.02231
0.9159,151.363251,309.0662334,1.02229
0.9162,151.3671025,309.066336,1.02227
0.9165,151.3709494,309.0664384,1.02224
0.9168,151.3747917,309.0665407,1.02222
0.9171,151.3786294,309.0666429,1.02219
0.9174,151.3824625,309.066745,1.02217
0.9177,151.386291,309.0668469,1.02214
0.918,151.3901149,309.0669487,1.02212
0.9183,151.3939343,309.0670504,1.0221
0.9186,151.397749,309.0671519,1.02207
0.9189,151.4015592,309.0672533,1.02205
0.9192,151.4053648,309.0673546,1.02202
0.9195,151.4091659,309.0674558,1.022
0.9198,151.4129624,309.0675569,1.02198
0.9201,151.4167544,309.0676578,1.02195
0.9204,151.4205418,309.0677586,1.02193
0.9207,151.4243247,309.0678592,1.0219
0.921,151.428103,309.0679598,1.02188
0.9213,151.4318768,309.0680602,1.02186
0.9216,151.4356461,309.0681605,1.02183
0.9219,151.4394109,309.0682606,1.02181
0.9222,151.4431712,309.0683607,1.02179
0.9225,151.446927,309.0684606,1.02176
0.9228,151.4506782,309.0685604,1.02174
0.9231,151.454425,309.06866,1.02171
0.9234,151.4581673,309.0687596,1.02169
0.9237,151.4619051,309.068859,1.02167
0.924,151.4656384,309.0689583,1.02164
0.9243,151.4693673,309.0690575,1.02162
0.9246,151.4730917,309.0691565,1.0216
0.9249,151.4768116,309.0692554,1.02157
0.9252,151.4805271,309.0693542,1.02155
0.9255,151.4842381,309.0694529,1.02153
0.9258,151.4879447,309.0695515,1.0215
0.9261,151.4916469,309.0696499,1.02148
0.9264,151.4953446,309.0697482,1.02146
0.9267,151.4990379,309.0698464,1.02143
0.927,151.5027267,309.0699444,1.02141
0.9273,151.5064112,309.0700424,1.02139
0.9276,151.5100912,309.0701402,1.02136
0.9279,151.5137668,309.0702379,1.02134
0.9282,151.5174381,309.0703355,1.02132
0.9285,151.5211049,309.0704329,1.02129
0.9288,151.5247673,309.0705303,1.02127
0.9291,151.5284254,309.0706275,1.02125
0.9294,151.5320791,309.0707246,1.02122
0.9297,151.5357284,309.0708215,1.0212
0.93,151.5393731,309.0709184,1.02118
0.9303,151.5430134,309.0710151,1.02116
0.9306,151.5466493,309.0711117,1.02113
0.9309,151.5502808,309.0712082,1.02111
0.9312,151.553908,309.0713046,1.02109
0.9315,151.5575308,309.0714008,1.02106
0.9318,151.5611493,309.0714969,1.02104
0.9321,151.5647635,309.0715929,1.02102
0.9324,151.5683733,309.0716888,1.021
0.9327,151.5719788,309.0717846,1.02097
0.933,151.5755799,309.0718802,1.02095
0.9333,151.5791768,309.0719758,1.02093
0.9336,151.5827693,309.0720712,1.0209
0.9339,151.5863575,309.0721665,1.02088
0.9342,151.5899415,309.0722616,1.02086
0.9345,151.5935211,309.0723567,1.02084
0.9348,151.5970964,309.0724516,1.02081
0.9351,151.6006675,309.0725464,1.02079
0.9354,151.6042342,309.0726411,1.02077
0.9357,151.6077967,309.0727357,1.02075
0.936,151.6113549,309.0728302,1.02072
0.9363,151.6149088,309.0729245,1.0207
0.9366,151.6184585,309.0730187,1.02068
0.9369,151.6220039,309.0731128,1.02066
0.9372,151.6255451,309.0732068,1.02063
0.9375,151.629082,309.0733007,1.02061
0.9378,151.6326147,309.0733945,1.02059
0.9381,151.6361432,309.0734881,1.02057
0.9384,151.6396674,309.0735816,1.02055
0.9387,151.6431874,309.0736751,1.02052
0.939,151.6467031,309.0737683,1.0205
0.9393,151.6502147,309.0738615,1.02048
0.9396,151.653722,309.0739546,1.02046
0.9399,151.6572252,309.0740475,1.02043
0.9402,151.6607241,309.0741404,1.02041
0.9405,151.6642188,309.0742331,1.02039
0.9408,151.6677094,309.0743257,1.02037
0.9411,151.6711958,309.0744181,1.02035
0.9414,151.6746779,309.0745105,1.02032
0.9417,151.6781559,309.0746028,1.0203
0.942,151.6816298,309.0746949,1.02028
0.9423,151.6850994,309.0747869,1.02026
0.9426,151.688565,309.0748788,1.02024
0.9429,151.6920263,309.0749706,1.02022
0.9432,151.6954835,309.0750623,1.02019
0.9435,151.6989366,309.0751539,1.02017
0.9438,151.7023855,309.0752453,1.02015
0.9441,151.7058303,309.0753367,1.02013
0.9444,151.7092709,309.0754279,1.02011
0.9447,151.7127075,309.075519,1.02008
0.945,151.7161399,309.07561,1.02006
0.9453,151.7195682,309.0757009,1.02004
0.9456,151.7229923,309.0757917,1.02002
0.9459,151.7264124,309.0758823,1.02
0.9462,151.7298284,309.0759729,1.01998
0.9465,151.7332403,309.0760633,1.01996
0.9468,151.736648,309.0761536,1.01993
0.9471,151.7400517,309.0762438,1.01991
0.9474,151.7434514,309.0763339,1.01989
0.9477,151.7468469,309.0764239,1.01987
0.948,151.7502384,309.0765138,1.01985
0.9483,151.7536258,309.0766035,1.01983
0.9486,151.7570091,309.0766932,1.01981
0.9489,151.7603884,309.0767827,1.01978
0.9492,151.7637637,309.0768721,1.01976
0.9495,151.7671349,309.0769614,1.01974
0.9498,151.770502,309.0770506,1.01972
0.9501,151.7738651,309.0771397,1.0197
0.9504,151.7772242,309.0772287,1.01968
0.9507,151.7805793,309.0773176,1.01966
0.951,151.7839303,309.0774063,1.01964
0.9513,151.7872773,309.077495,1.01961
0.9516,151.7906203,309.0775835,1.01959
0.9519,151.7939593,309.077672,1.01957
0.9522,151.7972943,309.0777603,1.01955
0.9525,151.8006253,309.0778485,1.01953
0.9528,151.8039523,309.0779366,1.01951
0.9531,151.8072753,309.0780246,1.01949
0.9534,151.8105943,309.0781124,1.01947
0.9537,151.8139094,309.0782002,1.01945
0.954,151.8172204,309.0782879,1.01943
0.9543,151.8205276,309.0783754,1.0194
0.9546,151.8238307,309.0784629,1.01938
0.9549,151.8271299,309.0785502,1.01936
0.9552,151.8304251,309.0786374,1.01934
0.9555,151.8337164,309.0787245,1.01932
0.9558,151.8370037,309.0788115,1.0193
0.9561,151.8402871,309.0788984,1.01928
0.9564,151.8435666,309.0789852,1.01926
0.9567,151.8468421,309.0790719,1.01924
0.957,151.8501137,309.0791585,1.01922
0.9573,151.8533814,309.079245,1.0192
0.9576,151.8566451,309.0793313,1.01918
0.9579,151.859905,309.0794176,1.01916
0.9582,151.8631609,309.0795037,1.01914
0.9585,151.866413,309.0795897,1.01911
0.9588,151.8696611,309.0796757,1.01909
0.9591,151.8729054,309.0797615,1.01907
0.9594,151.8761457,309.0798472,1.01905
0.9597,151.8793822,309.0799328,1.01903
0.96,151.8826148,309.0800183,1.01901
0.9603,151.8858435,309.0801037,1.01899
0.9606,151.8890684,309.080189,1.01897
0.9609,151.8922894,309.0802742,1.01895
0.9612,151.8955065,309.0803593,1.01893
0.9615,151.8987198,309.0804442,1.01891
0.9618,151.9019292,309.0805291,1.01889
0.9621,151.9051348,309.0806139,1.01887
0.9624,151.9083365,309.0806985,1.01885
0.9627,151.9115344,309.0807831,1.01883
0.963,151.9147285,309.0808675,1.01881
0.9633,151.9179187,309.0809518,1.01879
0.9636,151.9211052,309.0810361,1.01877
0.9639,151.9242878,309.0811202,1.01875
0.9642,151.9274665,309.0812042,1.01873
0.9645,151.9306415,309.0812881,1.01871
0.9648,151.9338127,309.081372,1.01869
0.9651,151.9369801,309.0814557,1.01867
0.9654,151.9401437,309.0815393,1.01865
0.9657,151.9433034,309.0816228,1.01863
0.966,151.9464594,309.0817062,1.01861
0.9663,151.9496117,309.0817895,1.01859
0.9666,151.9527601,309.0818727,1.01857
0.9669,151.9559048,309.0819557,1.01855
0.9672,151.9590457,309.0820387,1.01853
0.9675,151.9621828,309.0821216,1.01851
0.9678,151.9653162,309.0822044,1.01849
0.9681,151.9684458,309.082287,1.01847
0.9684,151.9715717,309.0823696,1.01845
0.9687,151.9746939,309.0824521,1.01843
0.969,151.9778123,309.0825344,1.01841
0.9693,151.9809269,309.0826167,1.01839
0.9696,151.9840379,309.0826988,1.01837
0.9699,151.9871451,309.0827809,1.01835
0.9702,151.9902485,309.0828629,1.01833
0.9705,151.9933483,309.0829447,1.01831
0.9708,151.9964444,309.0830264,1.01829
0.9711,151.9995367,309.0831081,1.01827
0.9714,152.0026253,309.0831896,1.01825
0.9717,152.0057103,309.0832711,1.01824
0.972,152.0087915,309.0833524,1.01822
0.9723,152.0118691,309.0834337,1.0182
0.9726,152.014943,309.0835148,1.01818
0.9729,152.0180131,309.0835958,1.01816
0.9732,152.0210797,309.0836768,1.01814
0.9735,152.0241425,309.0837576,1.01812
0.9738,152.0272017,309.0838383,1.0181
0.9741,152.0302572,309.083919,1.01808
0.9744,152.033309,309.0839995,1.01806
0.9747,152.0363572,309.0840799,1.01804
0.975,152.0394018,309.0841602,1.01802
0.9753,152.0424426,309.0842405,1.018
0.9756,152.0454797,309.0843206,1.01798
0.9759,152.0485131,309.0844006,1.01797
0.9762,152.0515429,309.0844806,1.01795
0.9765,152.054569,309.0845604,1.01793
0.9768,152.0575915,309.0846401,1.01791
0.9771,152.0606105,309.0847197,1.01789
0.9774,152.0636257,309.0847993,1.01787
0.9777,152.0666374,309.0848787,1.01785
0.978,152.0696455,309.084958,1.01783
0.9783,152.0726499,309.0850373,1.01781
0.9786,152.0756507,309.0851164,1.01779
0.9789,152.078648,309.0851954,1.01778
0.9792,152.0816416,309.0852744,1.01776
0.9795,152.0846317,309.0853532,1.01774
0.9798,152.0876182,309.085432,1.01772
0.9801,152.0906011,309.0855106,1.0177
0.9804,152.0935804,309.0855892,1.01768
0.9807,152.0965562,309.0856677,1.01766
0.981,152.0995283,309.0857461,1.01764
0.9813,152.102497,309.0858244,1.01762
0.9816,152.105462,309.0859025,1.01761
0.9819,152.1084235,309.0859806,1.01759
0.9822,152.1113815,309.0860586,1.01757
0.9825,152.1143359,309.0861365,1.01755
0.9828,152.1172867,309.0862143,1.01753
0.9831,152.120234,309.086292,1.01751
0.9834,152.1231778,309.0863696,1.01749
0.9837,152.1261181,309.0864471,1.01748
0.984,152.1290548,309.0865246,1.01746
0.9843,152.131988,309.0866019,1.01744
0.9846,152.1349177,309.0866791,1.01742
0.9849,152.1378439,309.0867562,1.0174
0.9852,152.1407666,309.0868333,1.01738
0.9855,152.1436857,309.0869102,1.01736
0.9858,152.1466014,309.086987,1.01735
0.9861,152.1495136,309.0870638,1.01733
0.9864,152.1524223,309.0871405,1.01731
0.9867,152.1553275,309.087217,1.01729
0.987,152.1582292,309.0872935,1.01727
0.9873,152.1611274,309.0873699,1.01725
0.9876,152.1640221,309.0874461,1.01724
0.9879,152.1669134,309.0875223,1.01722
0.9882,152.1698012,309.0875984,1.0172
0.9885,152.1726856,309.0876744,1.01718
0.9888,152.1755665,309.0877503,1.01716
0.9891,152.1784439,309.0878261,1.01715
0.9894,152.1813179,309.0879018,1.01713
0.9897,152.1841885,309.0879774,1.01711
0.99,152.1870556,309.088053,1.01709
0.9903,152.1899192,309.0881284,1.01707
0.9906,152.1927795,309.0882038,1.01705
0.9909,152.1956363,309.088279,1.01704
0.9912,152.1984896,309.0883542,1.01702
0.9915,152.2013396,309.0884292,1.017
0.9918,152.2041861,309.0885042,1.01698
0.9921,152.2070293,309.0885791,1.01696
0.9924,152.209869,309.0886539,1.01695
0.9927,152.2127053,309.0887285,1.01693
0.993,152.2155382,309.0888031,1.01691
0.9933,152.2183677,309.0888777,1.01689
0.9936,152.2211938,309.0889521,1.01688
0.9939,152.2240166,309.0890264,1.01686
0.9942,152.2268359,309.0891006,1.01684
0.9945,152.2296519,309.0891748,1.01682
0.9948,152.2324645,309.0892488,1.0168
0.9951,152.2352737,309.0893228,1.01679
0.9954,152.2380795,309.0893967,1.01677
0.9957,152.240882,309.0894704,1.01675
0.996,152.2436812,309.0895441,1.01673
0.9963,152.2464769,309.0896177,1.01672
0.9966,152.2492694,309.0896912,1.0167
0.9969,152.2520584,309.0897646,1.01668
0.9972,152.2548442,309.089838,1.01666
0.9975,152.2576265,309.0899112,1.01665
0.9978,152.2604056,309.0899843,1.01663
0.9981,152.2631813,309.0900574,1.01661
0.9984,152.2659537,309.0901303,1.01659
0.9987,152.2687228,309.0902032,1.01658
0.999,152.2714885,309.090276,1.01656
0.9993,152.274251,309.0903487,1.01654
0.9996,152.2770101,309.0904213,1.01652
0.9999,152.2797659,309.0904938,1.01651
1.0002,152.2825184,309.0905662,1.01649
1.0005,152.2852676,309.0906386,1.01647
1.0008,152.2880135,309.0907108,1.01645
1.0011,152.2907561,309.090783,1.01644
1.0014,152.2934955,309.090855,1.01642
1.0017,152.2962315,309.090927,1.0164
1.002,152.2989643,309.0909989,1.01638
1.0023,152.3016938,309.0910707,1.01637
1.0026,152.30442,309.0911424,1.01635
1.0029,152.307143,309.091214,1.01633
1.0032,152.3098627,309.0912856,1.01632
1.0035,152.3125791,309.091357,1.0163
1.0038,152.3152923,309.0914284,1.01628
1.0041,152.3180022,309.0914997,1.01626
1.0044,152.3207088,309.0915708,1.01625
1.0047,152.3234123,309.0916419,1.01623
1.005,152.3261125,309.0917129,1.01621
1.0053,152.3288094,309.0917839,1.0162
1.0056,152.3315031,309.0918547,1.01618
1.0059,152.3341936,309.0919254,1.01616
1.0062,152.3368809,309.0919961,1.01615
1.0065,152.3395649,309.0920667,1.01613
1.0068,152.3422457,309.0921372,1.01611
1.0071,152.3449233,309.0922075,1.01609
1.0074,152.3475977,309.0922779,1.01608
1.0077,152.3502689,309.0923481,1.01606
1.008,152.3529369,309.0924182,1.01604
1.0083,152.3556017,309.0924883,1.01603
1.0086,152.3582633,309.0925582,1.01601
1.0089,152.3609217,309.0926281,1.01599
1.0092,152.363577,309.0926979,1.01598
1.0095,152.366229,309.0927676,1.01596
1.0098,152.3688779,309.0928372,1.01594
1.0101,152.3715236,309.0929068,1.01593
1.0104,152.3741661,309.0929762,1.01591
1.0107,152.3768054,309.0930456,1.01589
1.011,152.3794416,309.0931148,1.01588
1.0113,152.3820746,309.093184,1.01586
1.0116,152.3847045,309.0932531,1.01584
1.0119,152.3873312,309.0933222,1.01583
1.0122,152.3899548,309.0933911,1.01581
1.0125,152.3925752,309.0934599,1.01579
1.0128,152.3951925,309.0935287,1.01578
1.0131,152.3978066,309.0935974,1.01576
1.0134,152.4004177,309.093666,1.01574
1.0137,152.4030256,309.0937345,1.01573
1.014,152.4056303,309.0938029,1.01571
1.0143,152.408232,309.0938713,1.01569
1.0146,152.4108305,309.0939395,1.01568
1.0149,152.4134259,309.0940077,1.01566
1.0152,152.4160182,309.0940758,1.01565
1.0155,152.4186074,309.0941438,1.01563
1.0158,152.4211935,309.0942117,1.01561
1.0161,152.4237764,309.0942796,1.0156
1.0164,152.4263563,309.0943473,1.01558
1.0167,152.4289331,309.094415,1.01556
1.017,152.4315069,309.0944826,1.01555
1.0173,152.4340775,309.0945501,1.01553
1.0176,152.436645,309.0946175,1.01552
1.0179,152.4392095,309.0946848,1.0155
1.0182,152.4417709,309.0947521,1.01548
1.0185,152.4443292,309.0948193,1.01547
1.0188,152.4468845,309.0948864,1.01545
1.0191,152.4494367,309.0949534,1.01543
1.0194,152.4519859,309.0950203,1.01542
1.0197,152.454532,309.0950871,1.0154
1.02,152.457075,309.0951539,1.01539
1.0203,152.459615,309.0952206,1.01537
1.0206,152.4621519,309.0952872,1.01535
1.0209,152.4646857,309.0953537,1.01534
1.0212,152.4672165,309.0954201,1.01532
1.0215,152.4697442,309.0954865,1.01531
1.0218,152.4722689,309.0955527,1.01529
1.0221,152.4747906,309.0956189,1.01527
1.0224,152.4773093,309.095685,1.01526
1.0227,152.4798249,309.0957511,1.01524
1.023,152.4823375,309.095817,1.01523
1.0233,152.4848471,309.0958829,1.01521
1.0236,152.4873537,309.0959486,1.0152
1.0239,152.4898573,309.0960143,1.01518
1.0242,152.4923578,309.0960799,1.01516
1.0245,152.4948554,309.0961455,1.01515
1.0248,152.49735,309.0962109,1.01513
1.0251,152.4998416,309.0962763,1.01512
1.0254,152.5023302,309.0963416,1.0151
1.0257,152.5048158,309.0964068,1.01509
1.026,152.5072984,309.096472,1.01507
1.0263,152.5097781,309.096537,1.01505
1.0266,152.5122548,309.096602,1.01504
1.0269,152.5147285,309.0966669,1.01502
1.0272,152.5171993,309.0967317,1.01501
1.0275,152.5196671,309.0967964,1.01499
1.0278,152.5221319,309.0968611,1.01498
1.0281,152.5245938,309.0969257,1.01496
1.0284,152.5270527,309.0969902,1.01494
1.0287,152.5295086,309.0970546,1.01493
1.029,152.5319617,309.0971189,1.01491
1.0293,152.5344117,309.0971832,1.0149
1.0296,152.5368589,309.0972473,1.01488
1.0299,152.5393031,309.0973114,1.01487
1.0302,152.5417444,309.0973755,1.01485
1.0305,152.5441827,309.0974394,1.01484
1.0308,152.5466182,309.0975033,1.01482
1.0311,152.5490507,309.0975671,1.01481
1.0314,152.5514803,309.0976308,1.01479
1.0317,152.5539069,309.0976944,1.01478
1.032,152.5563307,309.0977579,1.01476
1.0323,152.5587516,309.0978214,1.01474
1.0326,152.5611695,309.0978848,1.01473
1.0329,152.5635846,309.0979481,1.01471
1.0332,152.5659967,309.0980113,1.0147
1.0335,152.568406,309.0980745,1.01468
1.0338,152.5708124,309.0981376,1.01467
1.0341,152.5732159,309.0982006,1.01465
1.0344,152.5756165,309.0982635,1.01464
1.0347,152.5780142,309.0983264,1.01462
1.035,152.580409,309.0983891,1.01461
1.0353,152.582801,309.0984518,1.01459
1.0356,152.5851901,309.0985144,1.01458
1.0359,152.5875764,309.098577,1.01456
1.0362,152.5899598,309.0986394,1.01455
1.0365,152.5923403,309.0987018,1.01453
1.0368,152.594718,309.0987641,1.01452
1.0371,152.5970928,309.0988264,1.0145
1.0374,152.5994648,309.0988885,1.01449
1.0377,152.6018339,309.0989506,1.01447
1.038,152.6042002,309.0990126,1.01446
1.0383,152.6065637,309.0990745,1.01444
1.0386,152.6089243,309.0991364,1.01443
1.0389,152.6112821,309.0991982,1.01441
1.0392,152.613637,309.0992599,1.0144
1.0395,152.6159891,309.0993215,1.01438
1.0398,152.6183385,309.099383,1.01437
1.0401,152.620685,309.0994445,1.01435
1.0404,152.6230286,309.0995059,1.01434
1.0407,152.6253695,309.0995672,1.01432
1.041,152.6277076,309.0996285,1.01431
1.0413,152.6300428,309.0996896,1.01429
1.0416,152.6323753,309.0997507,1.01428
1.0419,152.634705,309.0998117,1.01427
1.0422,152.6370318,309.0998727,1.01425
1.0425,152.6393559,309.0999336,1.01424
1.0428,152.6416772,309.0999943,1.01422
1.0431,152.6439957,309.1000551,1.01421
1.0434,152.6463115,309.1001157,1.01419
1.0437,152.6486244,309.1001763,1.01418
1.044,152.6509346,309.1002368,1.01416
1.0443,152.653242,309.1002972,1.01415
1.0446,152.6555466,309.1003575,1.01413
1.0449,152.6578485,309.1004178,1.01412
1.0452,152.6601476,309.100478,1.0141
1.0455,152.662444,309.1005381,1.01409
1.0458,152.6647376,309.1005982,1.01408
1.0461,152.6670285,309.1006582,1.01406
1.0464,152.6693166,309.1007181,1.01405
1.0467,152.6716019,309.1007779,1.01403
1.047,152.6738846,309.1008377,1.01402
1.0473,152.6761645,309.1008973,1.014
1.0476,152.6784416,309.100957,1.01399
1.0479,152.680716,309.1010165,1.01397
1.0482,152.6829877,309.101076,1.01396
1.0485,152.6852567,309.1011353,1.01395
1.0488,152.687523,309.1011947,1.01393
1.0491,152.6897865,309.1012539,1.01392
1.0494,152.6920473,309.1013131,1.0139
1.0497,152.6943055,309.1013722,1.01389
1.05,152.6965609,309.1014312,1.01387
1.0503,152.6988136,309.1014902,1.01386
1.0506,152.7010636,309.101549,1.01385
1.0509,152.7033109,309.1016078,1.01383
1.0512,152.7055555,309.1016666,1.01382
1.0515,152.7077974,309.1017252,1.0138
1.0518,152.7100366,309.1017838,1.01379
1.0521,152.7122732,309.1018424,1.01378
1.0524,152.714507,309.1019008,1.01376
1.0527,152.7167382,309.1019592,1.01375
1.053,152.7189667,309.1020175,1.01373
1.0533,152.7211926,309.1020757,1.01372
1.0536,152.7234158,309.1021339,1.01371
1.0539,152.7256363,309.102192,1.01369
1.0542,152.7278541,309.10225,1.01368
1.0545,152.7300693,309.1023079,1.01366
1.0548,152.7322818,309.1023658,1.01365
1.0551,152.7344917,309.1024236,1.01364
1.0554,152.7366989,309.1024814,1.01362
1.0557,152.7389035,309.102539,1.01361
1.056,152.7411055,309.1025966,1.01359
1.0563,152.7433048,309.1026541,1.01358
1.0566,152.7455014,309.1027116,1.01357
1.0569,152.7476955,309.102769,1.01355
1.0572,152.7498869,309.1028263,1.01354
1.0575,152.7520756,309.1028835,1.01352
1.0578,152.7542618,309.1029407,1.01351
1.0581,152.7564453,309.1029978,1.0135
1.0584,152.7586262,309.1030548,1.01348
1.0587,152.7608045,309.1031118,1.01347
1.059,152.7629802,309.1031687,1.01346
1.0593,152.7651533,309.1032255,1.01344
1.0596,152.7673238,309.1032822,1.01343
1.0599,152.7694916,309.1033389,1.01341
1.0602,152.7716569,309.1033955,1.0134
1.0605,152.7738196,309.1034521,1.01339
1.0608,152.7759797,309.1035086,1.01337
1.0611,152.7781372,309.103565,1.01336
1.0614,152.7802921,309.1036213,1.01335
1.0617,152.7824444,309.1036776,1.01333
1.062,152.7845942,309.1037338,1.01332
1.0623,152.7867414,309.1037899,1.01331
1.0626,152.788886,309.1038459,1.01329
1.0629,152.791028,309.1039019,1.01328
1.0632,152.7931675,309.1039578,1.01327
1.0635,152.7953044,309.1040137,1.01325
1.0638,152.7974387,309.1040695,1.01324
1.0641,152.7995705,309.1041252,1.01322
1.0644,152.8016997,309.1041808,1.01321
1.0647,152.8038264,309.1042364,1.0132
1.065,152.8059506,309.1042919,1.01318
1.0653,152.8080721,309.1043474,1.01317
1.0656,152.8101912,309.1044028,1.01316
1.0659,152.8123077,309.1044581,1.01314
1.0662,152.8144216,309.1045133,1.01313
1.0665,152.8165329,309.1045685,1.01312
1.0668,152.8186417,309.1046236,1.0131
1.0671,152.820748,309.1046786,1.01309
1.0674,152.8228517,309.1047336,1.01308
1.0677,152.824953,309.1047885,1.01306
1.068,152.8270517,309.1048433,1.01305
1.0683,152.8291478,309.1048981,1.01304
1.0686,152.8312415,309.1049528,1.01302
1.0689,152.8333327,309.1050074,1.01301
1.0692,152.8354213,309.105062,1.013
1.0695,152.8375075,309.1051165,1.01299
1.0698,152.8395911,309.1051709,1.01297
1.0701,152.8416722,309.1052253,1.01296
1.0704,152.8437509,309.1052796,1.01295
1.0707,152.845827,309.1053338,1.01293
1.071,152.8479007,309.105388,1.01292
1.0713,152.8499719,309.1054421,1.01291
1.0716,152.8520406,309.1054961,1.01289
1.0719,152.8541068,309.1055501,1.01288
1.0722,152.8561705,309.105604,1.01287
1.0725,152.8582318,309.1056578,1.01285
1.0728,152.8602905,309.1057116,1.01284
1.0731,152.8623468,309.1057653,1.01283
1.0734,152.8644007,309.1058189,1.01282
1.0737,152.8664521,309.1058725,1.0128
1.074,152.868501,309.105926,1.01279
1.0743,152.8705475,309.1059794,1.01278
1.0746,152.8725915,309.1060328,1.01276
1.0749,152.874633,309.1060861,1.01275
1.0752,152.8766721,309.1061394,1.01274
1.0755,152.8787088,309.1061925,1.01272
1.0758,152.880743,309.1062456,1.01271
1.0761,152.8827748,309.1062987,1.0127
1.0764,152.8848042,309.1063517,1.01269
1.0767,152.8868311,309.1064046,1.01267
1.077,152.8888555,309.1064575,1.01266
1.0773,152.8908776,309.1065102,1.01265
1.0776,152.8928972,309.106563,1.01264
1.0779,152.8949144,309.1066156,1.01262
1.0782,152.8969292,309.1066682,1.01261
1.0785,152.8989416,309.1067208,1.0126
1.0788,152.9009515,309.1067732,1.01258
1.0791,152.9029591,309.1068256,1.01257
1.0794,152.9049642,309.106878,1.01256
1.0797,152.9069669,309.1069302,1.01255
1.08,152.9089673,309.1069824,1.01253
1.0803,152.9109652,309.1070346,1.01252
1.0806,152.9129607,309.1070867,1.01251
1.0809,152.9149539,309.1071387,1.0125
1.0812,152.9169446,309.1071907,1.01248
1.0815,152.918933,309.1072425,1.01247
1.0818,152.9209189,309.1072944,1.01246
1.0821,152.9229025,309.1073461,1.01245
1.0824,152.9248838,309.1073978,1.01243
1.0827,152.9268626,309.1074495,1.01242
1.083,152.9288391,309.1075011,1.01241
1.0833,152.9308132,309.1075526,1.0124
1.0836,152.9327849,309.107604,1.01238
1.0839,152.9347543,309.1076554,1.01237
1.0842,152.9367213,309.1077067,1.01236
1.0845,152.9386859,309.107758,1.01235
1.0848,152.9406482,309.1078092,1.01233
1.0851,152.9426081,309.1078603,1.01232
1.0854,152.9445657,309.1079114,1.01231
1.0857,152.9465209,309.1079624,1.0123
1.086,152.9484738,309.1080133,1.01228
1.0863,152.9504244,309.1080642,1.01227
1.0866,152.9523726,309.1081151,1.01226
1.0869,152.9543185,309.1081658,1.01225
1.0872,152.956262,309.1082165,1.01224
1.0875,152.9582032,309.1082671,1.01222
1.0878,152.9601421,309.1083177,1.01221
1.0881,152.9620787,309.1083682,1.0122
1.0884,152.9640129,309.1084187,1.01219
1.0887,152.9659448,309.1084691,1.01217
1.089,152.9678744,309.1085194,1.01216
1.0893,152.9698017,309.1085697,1.01215
1.0896,152.9717267,309.1086199,1.01214
1.0899,152.9736493,309.10867,1.01213
1.0902,152.9755697,309.1087201,1.01211
1.0905,152.9774878,309.1087701,1.0121
1.0908,152.9794035,309.1088201,1.01209
1.0911,152.981317,309.10887,1.01208
1.0914,152.9832281,309.1089198,1.01207
1.0917,152.985137,309.1089696,1.01205
1.092,152.9870436,309.1090193,1.01204
1.0923,152.9889479,309.109069,1.01203
1.0926,152.9908499,309.1091186,1.01202
1.0929,152.9927497,309.1091681,1.01201
1.0932,152.9946471,309.1092176,1.01199
1.0935,152.9965423,309.109267,1.01198
1.0938,152.9984352,309.1093163,1.01197
1.0941,153.0003258,309.1093656,1.01196
1.0944,153.0022142,309.1094148,1.01195
1.0947,153.0041003,309.109464,1.01193
1.095,153.0059842,309.1095131,1.01192
1.0953,153.0078658,309.1095622,1.01191
1.0956,153.0097451,309.1096112,1.0119
1.0959,153.0116222,309.1096601,1.01189
1.0962,153.013497,309.109709,1.01187
1.0965,153.0153696,309.1097578,1.01186
1.0968,153.01724,309.1098065,1.01185
1.0971,153.0191081,309.1098552,1.01184
1.0974,153.0209739,309.1099039,1.01183
1.0977,153.0228375,309.1099524,1.01182
1.098,153.0246989,309.110001,1.0118
1.0983,153.0265581,309.1100494,1.01179
1.0986,153.028415,309.1100978,1.01178
1.0989,153.0302697,309.1101461,1.01177
1.0992,153.0321222,309.1101944,1.01176
1.0995,153.0339725,309.1102426,1.01174
1.0998,153.0358205,309.1102908,1.01173
1.1001,153.0376663,309.1103389,1.01172
1.1004,153.0395099,309.1103869,1.01171
1.1007,153.0413514,309.1104349,1.0117
1.101,153.0431906,309.1104828,1.01169
1.1013,153.0450275,309.1105307,1.01167
1.1016,153.0468623,309.1105785,1.01166
1.1019,153.0486949,309.1106263,1.01165
1.1022,153.0505253,309.110674,1.01164
1.1025,153.0523535,309.1107216,1.01163
1.1028,153.0541796,309.1107692,1.01162
1.1031,153.0560034,309.1108167,1.01161
1.1034,153.057825,309.1108641,1.01159
1.1037,153.0596445,309.1109115,1.01158
1.104,153.0614617,309.1109589,1.01157
1.1043,153.0632768,309.1110062,1.01156
1.1046,153.0650898,309.1110534,1.01155
1.1049,153.0669005,309.1111006,1.01154
1.1052,153.0687091,309.1111477,1.01153
1.1055,153.0705155,309.1111947,1.01151
1.1058,153.0723198,309.1112417,1.0115
1.1061,153.0741219,309.1112886,1.01149
1.1064,153.0759218,309.1113355,1.01148
1.1067,153.0777196,309.1113824,1.01147
1.107,153.0795152,309.1114291,1.01146
1.1073,153.0813087,309.1114758,1.01145
1.1076,153.0831,309.1115225,1.01143
1.1079,153.0848892,309.1115691,1.01142
1.1082,153.0866762,309.1116156,1.01141
1.1085,153.0884611,309.1116621,1.0114
1.1088,153.0902438,309.1117085,1.01139
1.1091,153.0920244,309.1117549,1.01138
1.1094,153.0938029,309.1118012,1.01137
1.1097,153.0955793,309.1118474,1.01136
1.11,153.0973535,309.1118936,1.01134
1.1103,153.0991256,309.1119398,1.01133
1.1106,153.1008956,309.1119859,1.01132
1.1109,153.1026634,309.1120319,1.01131
1.1112,153.1044292,309.1120779,1.0113
1.1115,153.1061928,309.1121238,1.01129
1.1118,153.1079542,309.1121697,1.01128
1.1121,153.1097135,309.1122155,1.01127
1.1124,153.1114706,309.1122612,1.01126
1.1127,153.1132257,309.1123069,1.01124
1.113,153.1149786,309.1123525,1.01123
1.1133,153.1167295,309.1123981,1.01122
1.1136,153.1184783,309.1124436,1.01121
1.1139,153.1202249,309.1124891,1.0112
1.1142,153.1219695,309.1125345,1.01119
1.1145,153.1237119,309.1125799,1.01118
1.1148,153.1254523,309.1126252,1.01117
1.1151,153.1271906,309.1126704,1.01116
1.1154,153.1289268,309.1127156,1.01115
1.1157,153.130661,309.1127608,1.01113
1.116,153.132393,309.1128058,1.01112
1.1163,153.134123,309.1128509,1.01111
1.1166,153.1358509,309.1128958,1.0111
1.1169,153.1375767,309.1129407,1.01109
1.1172,153.1393004,309.1129856,1.01108
1.1175,153.1410221,309.1130304,1.01107
1.1178,153.1427417,309.1130752,1.01106
1.1181,153.1444593,309.1131199,1.01105
1.1184,153.1461748,309.1131645,1.01104
1.1187,153.1478882,309.1132091,1.01103
1.119,153.1495996,309.1132536,1.01101
1.1193,153.1513089,309.1132981,1.011
1.1196,153.1530162,309.1133425,1.01099
1.1199,153.1547214,309.1133869,1.01098
1.1202,153.1564246,309.1134312,1.01097
1.1205,153.1581258,309.1134755,1.01096
1.1208,153.1598249,309.1135197,1.01095
1.1211,153.161522,309.1135638,1.01094
1.1214,153.163217,309.1136079,1.01093
1.1217,153.16491,309.113652,1.01092
1.122,153.1666009,309.113696,1.01091
1.1223,153.1682899,309.1137399,1.0109
1.1226,153.1699768,309.1137838,1.01089
1.1229,153.1716617,309.1138276,1.01088
1.1232,153.1733446,309.1138714,1.01086
1.1235,153.1750254,309.1139151,1.01085
1.1238,153.1767042,309.1139588,1.01084
1.1241,153.1783811,309.1140024,1.01083
1.1244,153.1800559,309.114046,1.01082
1.1247,153.1817287,309.1140895,1.01081
1.125,153.1833995,309.1141329,1.0108
1.1253,153.1850683,309.1141763,1.01079
1.1256,153.1867351,309.1142197,1.01078
1.1259,153.1883999,309.114263,1.01077
1.1262,153.1900627,309.1143062,1.01076
1.1265,153.1917235,309.1143494,1.01075
1.1268,153.1933823,309.1143926,1.01074
1.1271,153.1950391,309.1144356,1.01073
1.1274,153.1966939,309.1144787,1.01072
1.1277,153.1983468,309.1145217,1.01071
1.128,153.1999976,309.1145646,1.0107
1.1283,153.2016465,309.1146075,1.01069
1.1286,153.2032934,309.1146503,1.01068
1.1289,153.2049384,309.114693,1.01067
1.1292,153.2065813,309.1147358,1.01065
1.1295,153.2082223,309.1147784,1.01064
1.1298,153.2098614,309.114821,1.01063
1.1301,153.2114984,309.1148636,1.01062
1.1304,153.2131335,309.1149061,1.01061
1.1307,153.2147666,309.1149486,1.0106
1.131,153.2163978,309.114991,1.01059
1.1313,153.218027,309.1150333,1.01058
1.1316,153.2196543,309.1150756,1.01057
1.1319,153.2212796,309.1151179,1.01056
1.1322,153.222903,309.1151601,1.01055
1.1325,153.2245244,309.1152022,1.01054
1.1328,153.2261439,309.1152443,1.01053
1.1331,153.2277614,309.1152864,1.01052
1.1334,153.229377,309.1153283,1.01051
1.1337,153.2309907,309.1153703,1.0105
1.134,153.2326024,309.1154122,1.01049
1.1343,153.2342122,309.115454,1.01048
1.1346,153.2358201,309.1154958,1.01047
1.1349,153.237426,309.1155375,1.01046
1.1352,153.23903,309.1155792,1.01045
1.1355,153.2406321,309.1156208,1.01044
1.1358,153.2422323,309.1156624,1.01043
1.1361,153.2438305,309.1157039,1.01042
1.1364,153.2454268,309.1157454,1.01041
1.1367,153.2470213,309.1157869,1.0104
1.137,153.2486138,309.1158282,1.01039
1.1373,153.2502044,309.1158696,1.01038
1.1376,153.2517931,309.1159108,1.01037
1.1379,153.2533798,309.1159521,1.01036
1.1382,153.2549647,309.1159932,1.01035
1.1385,153.2565477,309.1160344,1.01034
1.1388,153.2581288,309.1160754,1.01033
1.1391,153.259708,309.1161164,1.01032
1.1394,153.2612853,309.1161574,1.01031
1.1397,153.2628607,309.1161983,1.0103
1.14,153.2644342,309.1162392,1.01029
1.1403,153.2660058,309.11628,1.01028
1.1406,153.2675756,309.1163208,1.01027
1.1409,153.2691434,309.1163615,1.01026
1.1412,153.2707094,309.1164022,1.01025
1.1415,153.2722735,309.1164428,1.01024
1.1418,153.2738358,309.1164834,1.01023
1.1421,153.2753961,309.1165239,1.01022
1.1424,153.2769546,309.1165644,1.01021
1.1427,153.2785113,309.1166048,1.0102
1.143,153.280066,309.1166452,1.01019
1.1433,153.2816189,309.1166855,1.01018
1.1436,153.2831699,309.1167258,1.01017
1.1439,153.2847191,309.116766,1.01016
1.1442,153.2862664,309.1168062,1.01015
1.1445,153.2878119,309.1168463,1.01014
1.1448,153.2893555,309.1168864,1.01013
1.1451,153.2908973,309.1169264,1.01012
1.1454,153.2924372,309.1169664,1.01011
1.1457,153.2939753,309.1170063,1.0101
1.146,153.2955115,309.1170462,1.01009
1.1463,153.2970459,309.117086,1.01008
1.1466,153.2985784,309.1171258,1.01007
1.1469,153.3001091,309.1171655,1.01006
1.1472,153.301638,309.1172052,1.01005
1.1475,153.3031651,309.1172448,1.01005
1.1478,153.3046903,309.1172844,1.01004
1.1481,153.3062137,309.117324,1.01003
1.1484,153.3077352,309.1173635,1.01002
1.1487,153.309255,309.1174029,1.01001
1.149,153.3107729,309.1174423,1.01
1.1493,153.312289,309.1174817,1.00999
1.1496,153.3138033,309.117521,1.00998
1.1499,153.3153158,309.1175602,1.00997
1.1502,153.3168264,309.1175995,1.00996
1.1505,153.3183353,309.1176386,1.00995
1.1508,153.3198423,309.1176777,1.00994
1.1511,153.3213475,309.1177168,1.00993
1.1514,153.322851,309.1177558,1.00992
1.1517,153.3243526,309.1177948,1.00991
1.152,153.3258524,309.1178337,1.0099
1.1523,153.3273505,309.1178726,1.00989
1.1526,153.3288467,309.1179114,1.00988
1.1529,153.3303412,309.1179502,1.00987
1.1532,153.3318338,309.117989,1.00986
1.1535,153.3333247,309.1180277,1.00985
1.1538,153.3348138,309.1180663,1.00985
1.1541,153.3363011,309.1181049,1.00984
1.1544,153.3377866,309.1181435,1.00983
1.1547,153.3392704,309.118182,1.00982
1.155,153.3407523,309.1182204,1.00981
1.1553,153.3422325,309.1182588,1.0098
1.1556,153.343711,309.1182972,1.00979
1.1559,153.3451876,309.1183355,1.00978
1.1562,153.3466625,309.1183738,1.00977
1.1565,153.3481356,309.118412,1.00976
1.1568,153.349607,309.1184502,1.00975
1.1571,153.3510764,309.1184883,1.00974
1.1574,153.3525442,309.1185264,1.00973
1.1577,153.3540101,309.1185644,1.00972
1.158,153.3554743,309.1186024,1.00971
1.1583,153.3569368,309.1186404,1.00971
1.1586,153.3583975,309.1186783,1.0097
1.1589,153.3598564,309.1187161,1.00969
1.1592,153.3613136,309.1187539,1.00968
1.1595,153.3627691,309.1187917,1.00967
1.1598,153.3642228,309.1188294,1.00966
1.1601,153.3656747,309.1188671,1.00965
1.1604,153.3671249,309.1189047,1.00964
1.1607,153.3685734,309.1189423,1.00963
1.161,153.3700201,309.1189798,1.00962
1.1613,153.3714651,309.1190173,1.00961
1.1616,153.3729084,309.1190548,1.0096
1.1619,153.37435,309.1190922,1.0096
1.1622,153.3757898,309.1191295,1.00959
1.1625,153.3772279,309.1191668,1.00958
1.1628,153.3786642,309.1192041,1.00957
1.1631,153.3800989,309.1192413,1.00956
1.1634,153.3815318,309.1192785,1.00955
1.1637,153.382963,309.1193156,1.00954
1.164,153.3843925,309.1193527,1.00953
1.1643,153.3858202,309.1193897,1.00952
1.1646,153.3872463,309.1194267,1.00951
1.1649,153.3886706,309.1194636,1.00951
1.1652,153.3900933,309.1195005,1.0095
1.1655,153.3915142,309.1195374,1.00949
1.1658,153.3929334,309.1195742,1.00948
1.1661,153.3943509,309.119611,1.00947
1.1664,153.3957668,309.1196477,1.00946
1.1667,153.3971809,309.1196844,1.00945
1.167,153.3985933,309.119721,1.00944
1.1673,153.4000041,309.1197576,1.00943
1.1676,153.4014131,309.1197941,1.00942
1.1679,153.4028205,309.1198306,1.00942
1.1682,153.4042261,309.1198671,1.00941
1.1685,153.4056301,309.1199035,1.0094
1.1688,153.4070324,309.1199399,1.00939
1.1691,153.408433,309.1199762,1.00938
1.1694,153.409832,309.1200125,1.00937
1.1697,153.4112292,309.1200487,1.00936
1.17,153.4126248,309.1200849,1.00935
1.1703,153.4140187,309.120121,1.00935
1.1706,153.415411,309.1201571,1.00934
1.1709,153.4168016,309.1201932,1.00933
1.1712,153.4181905,309.1202292,1.00932
1.1715,153.4195777,309.1202652,1.00931
1.1718,153.4209633,309.1203011,1.0093
1.1721,153.4223472,309.120337,1.00929
1.1724,153.4237294,309.1203728,1.00928
1.1727,153.42511,309.1204086,1.00928
1.173,153.426489,309.1204444,1.00927
1.1733,153.4278663,309.1204801,1.00926
1.1736,153.4292419,309.1205157,1.00925
1.1739,153.4306159,309.1205514,1.00924
1.1742,153.4319882,309.1205869,1.00923
1.1745,153.4333589,309.1206225,1.00922
1.1748,153.434728,309.120658,1.00921
1.1751,153.4360954,309.1206934,1.00921
1.1754,153.4374612,309.1207288,1.0092
1.1757,153.4388253,309.1207642,1.00919
1.176,153.4401878,309.1207995,1.00918
1.1763,153.4415486,309.1208348,1.00917
1.1766,153.4429079,309.12087,1.00916
1.1769,153.4442655,309.1209052,1.00915
1.1772,153.4456215,309.1209403,1.00915
1.1775,153.4469758,309.1209754,1.00914
1.1778,153.4483285,309.1210105,1.00913
1.1781,153.4496796,309.1210455,1.00912
1.1784,153.4510291,309.1210805,1.00911
1.1787,153.452377,309.1211154,1.0091
1.179,153.4537232,309.1211503,1.00909
1.1793,153.4550679,309.1211852,1.00909
1.1796,153.4564109,309.12122,1.00908
1.1799,153.4577523,309.1212548,1.00907
1.1802,153.4590921,309.1212895,1.00906
1.1805,153.4604303,309.1213242,1.00905
1.1808,153.4617669,309.1213588,1.00904
1.1811,153.4631019,309.1213934,1.00904
1.1814,153.4644353,309.1214279,1.00903
1.1817,153.4657671,309.1214625,1.00902
1.182,153.4670973,309.1214969,1.00901
1.1823,153.4684259,309.1215314,1.009
1.1826,153.4697529,309.1215657,1.00899
1.1829,153.4710783,309.1216001,1.00898
1.1832,153.4724021,309.1216344,1.00898
1.1835,153.4737244,309.1216686,1.00897
1.1838,153.475045,309.1217029,1.00896
1.1841,153.4763641,309.121737,1.00895
1.1844,153.4776816,309.1217712,1.00894
1.1847,153.4789975,309.1218053,1.00893
1.185,153.4803118,309.1218393,1.00893
1.1853,153.4816246,309.1218733,1.00892
1.1856,153.4829358,309.1219073,1.00891
1.1859,153.4842454,309.1219412,1.0089
1.1862,153.4855534,309.1219751,1.00889
1.1865,153.4868599,309.122009,1.00889
1.1868,153.4881648,309.1220428,1.00888
1.1871,153.4894682,309.1220765,1.00887
1.1874,153.49077,309.1221103,1.00886
1.1877,153.4920702,309.122144,1.00885
1.188,153.4933688,309.1221776,1.00884
1.1883,153.494666,309.1222112,1.00884
1.1886,153.4959615,309.1222448,1.00883
1.1889,153.4972555,309.1222783,1.00882
1.1892,153.498548,309.1223117,1.00881
1.1895,153.4998389,309.1223452,1.0088
1.1898,153.5011282,309.1223786,1.0088
1.1901,153.502416,309.1224119,1.00879
1.1904,153.5037023,309.1224453,1.00878
1.1907,153.504987,309.1224785,1.00877
1.191,153.5062702,309.1225118,1.00876
1.1913,153.5075519,309.122545,1.00875
1.1916,153.508832,309.1225781,1.00875
1.1919,153.5101105,309.1226112,1.00874
1.1922,153.5113876,309.1226443,1.00873
1.1925,153.5126631,309.1226773,1.00872
1.1928,153.5139371,309.1227103,1.00871
1.1931,153.5152096,309.1227433,1.00871
1.1934,153.5164805,309.1227762,1.0087
1.1937,153.5177499,309.1228091,1.00869
1.194,153.5190178,309.1228419,1.00868
1.1943,153.5202842,309.1228747,1.00867
1.1946,153.521549,309.1229074,1.00867
1.1949,153.5228124,309.1229401,1.00866
1.1952,153.5240742,309.1229728,1.00865
1.1955,153.5253345,309.1230055,1.00864
1.1958,153.5265933,309.123038,1.00863
1.1961,153.5278506,309.1230706,1.00863
1.1964,153.5291064,309.1231031,1.00862
1.1967,153.5303607,309.1231356,1.00861
1.197,153.5316135,309.123168,1.0086
1.1973,153.5328647,309.1232004,1.00859
1.1976,153.5341145,309.1232328,1.00859
1.1979,153.5353628,309.1232651,1.00858
1.1982,153.5366096,309.1232974,1.00857
1.1985,153.5378549,309.1233296,1.00856
1.1988,153.5390987,309.1233618,1.00856
1.1991,153.540341,309.123394,1.00855
1.1994,153.5415819,309.1234261,1.00854
1.1997,153.5428212,309.1234582,1.00853
1.2,153.5440591,309.1234902,1.00852
1.2003,153.5452954,309.1235222,1.00852
1.2006,153.5465303,309.1235542,1.00851
1.2009,153.5477637,309.1235861,1.0085
1.2012,153.5489957,309.123618,1.00849
1.2015,153.5502261,309.1236499,1.00849
1.2018,153.5514551,309.1236817,1.00848
1.2021,153.5526826,309.1237134,1.00847
1.2024,153.5539086,309.1237452,1.00846
1.2027,153.5551331,309.1237769,1.00845
1.203,153.5563562,309.1238085,1.00845
1.2033,153.5575777,309.1238401,1.00844
1.2036,153.5587978,309.1238717,1.00843
1.2039,153.5600165,309.1239033,1.00842
1.2042,153.5612337,309.1239348,1.00842
1.2045,153.5624494,309.1239662,1.00841
1.2048,153.5636637,309.1239976,1.0084
1.2051,153.5648765,309.124029,1.00839
1.2054,153.5660878,309.1240604,1.00838
1.2057,153.5672977,309.1240917,1.00838
1.206,153.5685062,309.124123,1.00837
1.2063,153.5697132,309.1241542,1.00836
1.2066,153.5709187,309.1241854,1.00835
1.2069,153.5721228,309.1242166,1.00835
1.2072,153.5733255,309.1242477,1.00834
1.2075,153.5745267,309.1242788,1.00833
1.2078,153.5757265,309.1243098,1.00832
1.2081,153.5769248,309.1243408,1.00832
1.2084,153.5781217,309.1243718,1.00831
1.2087,153.5793172,309.1244027,1.0083
1.209,153.5805112,309.1244336,1.00829
1.2093,153.5817038,309.1244645,1.00829
1.2096,153.582895,309.1244953,1.00828
1.2099,153.5840848,309.1245261,1.00827
1.2102,153.5852731,309.1245568,1.00826
1.2105,153.58646,309.1245875,1.00826
1.2108,153.5876454,309.1246182,1.00825
1.2111,153.5888295,309.1246488,1.00824
1.2114,153.5900121,309.1246794,1.00823
1.2117,153.5911933,309.12471,1.00823
1.212,153.5923731,309.1247405,1.00822
1.2123,153.5935515,309.124771,1.00821
1.2126,153.5947285,309.1248014,1.0082
1.2129,153.595904,309.1248318,1.0082
1.2132,153.5970782,309.1248622,1.00819
1.2135,153.5982509,309.1248926,1.00818
1.2138,153.5994222,309.1249229,1.00817
1.2141,153.6005921,309.1249531,1.00817
1.2144,153.6017607,309.1249833,1.00816
1.2147,153.6029278,309.1250135,1.00815
1.215,153.6040935,309.1250437,1.00814
1.2153,153.6052578,309.1250738,1.00814
1.2156,153.6064208,309.1251039,1.00813
1.2159,153.6075823,309.1251339,1.00812
1.2162,153.6087424,309.1251639,1.00812
1.2165,153.6099012,309.1251939,1.00811
1.2168,153.6110585,309.1252238,1.0081
1.2171,153.6122145,309.1252537,1.00809
1.2174,153.6133691,309.1252836,1.00809
1.2177,153.6145223,309.1253134,1.00808
1.218,153.6156741,309.1253432,1.00807
1.2183,153.6168246,309.125373,1.00806
1.2186,153.6179736,309.1254027,1.00806
1.2189,153.6191213,309.1254324,1.00805
1.2192,153.6202676,309.125462,1.00804
1.2195,153.6214125,309.1254916,1.00804
1.2198,153.6225561,309.1255212,1.00803
1.2201,153.6236983,309.1255507,1.00802
1.2204,153.6248391,309.1255802,1.00801
1.2207,153.6259785,309.1256097,1.00801
1.221,153.6271166,309.1256391,1.008
1.2213,153.6282533,309.1256685,1.00799
1.2216,153.6293887,309.1256979,1.00799
1.2219,153.6305227,309.1257272,1.00798
1.2222,153.6316553,309.1257565,1.00797
1.2225,153.6327866,309.1257857,1.00796
1.2228,153.6339165,309.1258149,1.00796
1.2231,153.6350451,309.1258441,1.00795
1.2234,153.6361723,309.1258732,1.00794
1.2237,153.6372981,309.1259024,1.00794
1.224,153.6384227,309.1259314,1.00793
1.2243,153.6395458,309.1259605,1.00792
1.2246,153.6406676,309.1259895,1.00791
1.2249,153.6417881,309.1260184,1.00791
1.2252,153.6429072,309.1260474,1.0079
1.2255,153.644025,309.1260763,1.00789
1.2258,153.6451414,309.1261051,1.00789
1.2261,153.6462566,309.126134,1.00788
1.2264,153.6473703,309.1261627,1.00787
1.2267,153.6484828,309.1261915,1.00786
1.227,153.6495939,309.1262202,1.00786
1.2273,153.6507036,309.1262489,1.00785
1.2276,153.6518121,309.1262776,1.00784
1.2279,153.6529192,309.1263062,1.00784
1.2282,153.6540249,309.1263348,1.00783
1.2285,153.6551294,309.1263633,1.00782
1.2288,153.6562325,309.1263918,1.00782
1.2291,153.6573343,309.1264203,1.00781
1.2294,153.6584348,309.1264487,1.0078
1.2297,153.659534,309.1264772,1.00779
1.23,153.6606318,309.1265055,1.00779
1.2303,153.6617284,309.1265339,1.00778
1.2306,153.6628236,309.1265622,1.00777
1.2309,153.6639175,309.1265905,1.00777
1.2312,153.6650101,309.1266187,1.00776
1.2315,153.6661014,309.1266469,1.00775
1.2318,153.6671914,309.1266751,1.00775
1.2321,153.66828,309.1267032,1.00774
1.2324,153.6693674,309.1267313,1.00773
1.2327,153.6704535,309.1267594,1.00773
1.233,153.6715382,309.1267874,1.00772
1.2333,153.6726217,309.1268154,1.00771
1.2336,153.6737038,309.1268434,1.00771
1.2339,153.6747847,309.1268713,1.0077
1.2342,153.6758643,309.1268992,1.00769
1.2345,153.6769425,309.1269271,1.00768
1.2348,153.6780195,309.1269549,1.00768
1.2351,153.6790952,309.1269827,1.00767
1.2354,153.6801696,309.1270104,1.00766
1.2357,153.6812427,309.1270382,1.00766
1.236,153.6823146,309.1270659,1.00765
1.2363,153.6833851,309.1270935,1.00764
1.2366,153.6844544,309.1271212,1.00764
1.2369,153.6855223,309.1271487,1.00763
1.2372,153.686589,309.1271763,1.00762
1.2375,153.6876544,309.1272038,1.00762
1.2378,153.6887186,309.1272313,1.00761
1.2381,153.6897815,309.1272588,1.0076
1.2384,153.690843,309.1272862,1.0076
1.2387,153.6919034,309.1273136,1.00759
1.239,153.6929624,309.127341,1.00758
1.2393,153.6940202,309.1273683,1.00758
1.2396,153.6950767,309.1273956,1.00757
1.2399,153.696132,309.1274228,1.00756
1.2402,153.6971859,309.1274501,1.00756
1.2405,153.6982387,309.1274773,1.00755
1.2408,153.6992901,309.1275044,1.00754
1.2411,153.7003403,309.1275316,1.00754
1.2414,153.7013892,309.1275587,1.00753
1.2417,153.7024369,309.1275857,1.00752
1.242,153.7034834,309.1276128,1.00752
1.2423,153.7045285,309.1276397,1.00751
1.2426,153.7055724,309.1276667,1.0075
1.2429,153.7066151,309.1276936,1.0075
1.2432,153.7076565,309.1277205,1.00749
1.2435,153.7086967,309.1277474,1.00748
1.2438,153.7097356,309.1277742,1.00748
1.2441,153.7107733,309.127801,1.00747
1.2444,153.7118097,309.1278278,1.00746
1.2447,153.7128449,309.1278546,1.00746
1.245,153.7138789,309.1278813,1.00745
1.2453,153.7149116,309.1279079,1.00745
1.2456,153.7159431,309.1279346,1.00744
1.2459,153.7169733,309.1279612,1.00743
1.2462,153.7180023,309.1279878,1.00743
1.2465,153.7190301,309.1280143,1.00742
1.2468,153.7200567,309.1280408,1.00741
1.2471,153.721082,309.1280673,1.00741
1.2474,153.7221061,309.1280937,1.0074
1.2477,153.7231289,309.1281201,1.00739
1.248,153.7241505,309.1281465,1.00739
1.2483,153.7251708,309.1281729,1.00738
1.2486,153.72619,309.1281992,1.00737
1.2489,153.7272079,309.1282255,1.00737
1.2492,153.7282246,309.1282517,1.00736
1.2495,153.7292401,309.128278,1.00735
1.2498,153.7302543,309.1283042,1.00735
1.2501,153.7312673,309.1283303,1.00734
1.2504,153.7322792,309.1283564,1.00734
1.2507,153.7332898,309.1283825,1.00733
1.251,153.7342992,309.1284086,1.00732
1.2513,153.7353074,309.1284346,1.00732
1.2516,153.7363143,309.1284606,1.00731
1.2519,153.7373201,309.1284866,1.0073
1.2522,153.7383247,309.1285125,1.0073
1.2525,153.739328,309.1285385,1.00729
1.2528,153.7403302,309.1285643,1.00728
1.2531,153.7413312,309.1285902,1.00728
1.2534,153.7423309,309.128616,1.00727
1.2537,153.7433295,309.1286418,1.00727
1.254,153.7443268,309.1286675,1.00726
1.2543,153.745323,309.1286932,1.00725
1.2546,153.7463179,309.1287189,1.00725
1.2549,153.7473117,309.1287446,1.00724
1.2552,153.7483043,309.1287702,1.00723
1.2555,153.7492957,309.1287958,1.00723
1.2558,153.7502859,309.1288214,1.00722
1.2561,153.7512749,309.1288469,1.00722
1.2564,153.7522627,309.1288724,1.00721
1.2567,153.7532494,309.1288979,1.0072
1.257,153.7542348,309.1289233,1.0072
1.2573,153.7552191,309.1289487,1.00719
1.2576,153.7562022,309.1289741,1.00718
1.2579,153.7571841,309.1289994,1.00718
1.2582,153.7581649,309.1290248,1.00717
1.2585,153.7591444,309.1290501,1.00717
1.2588,153.7601228,309.1290753,1.00716
1.2591,153.7611001,309.1291005,1.00715
1.2594,153.7620761,309.1291257,1.00715
1.2597,153.763051,309.1291509,1.00714
1.26,153.7640247,309.129176,1.00714
1.2603,153.7649972,309.1292011,1.00713
1.2606,153.7659686,309.1292262,1.00712
1.2609,153.7669388,309.1292512,1.00712
1.2612,153.7679078,309.1292763,1.00711
1.2615,153.7688757,309.1293012,1.0071
1.2618,153.7698424,309.1293262,1.0071
1.2621,153.770808,309.1293511,1.00709
1.2624,153.7717724,309.129376,1.00709
1.2627,153.7727357,309.1294009,1.00708
1.263,153.7736977,309.1294257,1.00707
1.2633,153.7746587,309.1294505,1.00707
1.2636,153.7756185,309.1294753,1.00706
1.2639,153.7765771,309.1295,1.00706
1.2642,153.7775346,309.1295247,1.00705
1.2645,153.7784909,309.1295494,1.00704
1.2648,153.7794461,309.1295741,1.00704
1.2651,153.7804002,309.1295987,1.00703
1.2654,153.7813531,309.1296233,1.00703
1.2657,153.7823048,309.1296478,1.00702
1.266,153.7832554,309.1296724,1.00701
1.2663,153.7842049,309.1296969,1.00701
1.2666,153.7851533,309.1297213,1.007
1.2669,153.7861005,309.1297458,1.007
1.2672,153.7870465,309.1297702,1.00699
1.2675,153.7879914,309.1297946,1.00698
1.2678,153.7889352,309.1298189,1.00698
1.2681,153.7898779,309.1298433,1.00697
1.2684,153.7908194,309.1298676,1.00697
1.2687,153.7917599,309.1298918,1.00696
1.269,153.7926991,309.1299161,1.00695
1.2693,153.7936373,309.1299403,1.00695
1.2696,153.7945743,309.1299644,1.00694
1.2699,153.7955102,309.1299886,1.00694
1.2702,153.796445,309.1300127,1.00693
1.2705,153.7973787,309.1300368,1.00692
1.2708,153.7983112,309.1300609,1.00692
1.2711,153.7992426,309.1300849,1.00691
1.2714,153.8001729,309.1301089,1.00691
1.2717,153.8011021,309.1301329,1.0069
1.272,153.8020302,309.1301568,1.0069
1.2723,153.8029572,309.1301807,1.00689
1.2726,153.803883,309.1302046,1.00688
1.2729,153.8048078,309.1302285,1.00688
1.2732,153.8057314,309.1302523,1.00687
1.2735,153.8066539,309.1302761,1.00687
1.2738,153.8075753,309.1302999,1.00686
1.2741,153.8084956,309.1303236,1.00685
1.2744,153.8094149,309.1303473,1.00685
1.2747,153.810333,309.130371,1.00684
1.275,153.81125,309.1303947,1.00684
1.2753,153.8121659,309.1304183,1.00683
1.2756,153.8130807,309.1304419,1.00683
1.2759,153.8139944,309.1304655,1.00682
1.2762,153.814907,309.130489,1.00681
1.2765,153.8158186,309.1305125,1.00681
1.2768,153.816729,309.130536,1.0068
1.2771,153.8176383,309.1305595,1.0068
1.2774,153.8185466,309.1305829,1.00679
1.2777,153.8194537,309.1306063,1.00678
1.278,153.8203598,309.1306297,1.00678
1.2783,153.8212648,309.130653,1.00677
1.2786,153.8221687,309.1306764,1.00677
1.2789,153.8230715,309.1306996,1.00676
1.2792,153.8239733,309.1307229,1.00676
1.2795,153.8248739,309.1307461,1.00675
1.2798,153.8257735,309.1307693,1.00675
1.2801,153.826672,309.1307925,1.00674
1.2804,153.8275694,309.1308157,1.00673
1.2807,153.8284658,309.1308388,1.00673
1.281,153.829361,309.1308619,1.00672
1.2813,153.8302552,309.1308849,1.00672
1.2816,153.8311484,309.130908,1.00671
1.2819,153.8320404,309.130931,1.00671
1.2822,153.8329314,309.130954,1.0067
1.2825,153.8338213,309.1309769,1.00669
1.2828,153.8347102,309.1309998,1.00669
1.2831,153.8355979,309.1310227,1.00668
1.2834,153.8364847,309.1310456,1.00668
1.2837,153.8373703,309.1310684,1.00667
1.284,153.8382549,309.1310912,1.00667
1.2843,153.8391385,309.131114,1.00666
1.2846,153.8400209,309.1311368,1.00666
1.2849,153.8409024,309.1311595,1.00665
1.2852,153.8417827,309.1311822,1.00664
1.2855,153.842662,309.1312049,1.00664
1.2858,153.8435403,309.1312275,1.00663
1.2861,153.8444175,309.1312502,1.00663
1.2864,153.8452936,309.1312728,1.00662
1.2867,153.8461687,309.1312953,1.00662
1.287,153.8470428,309.1313179,1.00661
1.2873,153.8479158,309.1313404,1.00661
1.2876,153.8487878,309.1313629,1.0066
1.2879,153.8496587,309.1313853,1.00659
1.2882,153.8505286,309.1314078,1.00659
1.2885,153.8513974,309.1314302,1.00658
1.2888,153.8522652,309.1314525,1.00658
1.2891,153.8531319,309.1314749,1.00657
1.2894,153.8539976,309.1314972,1.00657
1.2897,153.8548623,309.1315195,1.00656
1.29,153.8557259,309.1315418,1.00656
1.2903,153.8565885,309.131564,1.00655
1.2906,153.8574501,309.1315862,1.00655
1.2909,153.8583106,309.1316084,1.00654
1.2912,153.8591701,309.1316306,1.00653
1.2915,153.8600286,309.1316527,1.00653
1.2918,153.8608861,309.1316748,1.00652
1.2921,153.8617425,309.1316969,1.00652
1.2924,153.8625979,309.1317189,1.00651
1.2927,153.8634522,309.131741,1.00651
1.293,153.8643056,309.131763,1.0065
1.2933,153.8651579,309.1317849,1.0065
1.2936,153.8660091,309.1318069,1.00649
1.2939,153.8668594,309.1318288,1.00649
1.2942,153.8677086,309.1318507,1.00648
1.2945,153.8685568,309.1318726,1.00647
1.2948,153.8694039,309.1318944,1.00647
1.2951,153.8702501,309.1319162,1.00646
1.2954,153.8710952,309.131938,1.00646
1.2957,153.8719394,309.1319598,1.00645
1.296,153.8727825,309.1319815,1.00645
1.2963,153.8736246,309.1320032,1.00644
1.2966,153.8744657,309.1320249,1.00644
1.2969,153.8753058,309.1320466,1.00643
1.2972,153.8761449,309.1320682,1.00643
1.2975,153.876983,309.1320898,1.00642
1.2978,153.87782,309.1321114,1.00642
1.2981,153.8786561,309.1321329,1.00641
1.2984,153.8794912,309.1321544,1.00641
1.2987,153.8803252,309.1321759,1.0064
1.299,153.8811583,309.1321974,1.0064
1.2993,153.8819904,309.1322189,1.00639
1.2996,153.8828214,309.1322403,1.00638
1.2999,153.8836515,309.1322617,1.00638
1.3002,153.8844806,309.132283,1.00637
1.3005,153.8853086,309.1323044,1.00637
1.3008,153.8861357,309.1323257,1.00636
1.3011,153.8869618,309.132347,1.00636
1.3014,153.8877869,309.1323683,1.00635
1.3017,153.888611,309.1323895,1.00635
1.302,153.8894342,309.1324107,1.00634
1.3023,153.8902563,309.1324319,1.00634
1.3026,153.8910775,309.1324531,1.00633
1.3029,153.8918976,309.1324742,1.00633
1.3032,153.8927168,309.1324953,1.00632
1.3035,153.893535,309.1325164,1.00632
1.3038,153.8943522,309.1325375,1.00631
1.3041,153.8951685,309.1325585,1.00631
1.3044,153.8959837,309.1325795,1.0063
1.3047,153.896798,309.1326005,1.0063
1.305,153.8976113,309.1326215,1.00629
1.3053,153.8984236,309.1326424,1.00629
1.3056,153.899235,309.1326633,1.00628
1.3059,153.9000454,309.1326842,1.00628
1.3062,153.9008548,309.1327051,1.00627
1.3065,153.9016632,309.1327259,1.00627
1.3068,153.9024707,309.1327467,1.00626
1.3071,153.9032772,309.1327675,1.00626
1.3074,153.9040827,309.1327882,1.00625
1.3077,153.9048873,309.132809,1.00625
1.308,153.9056909,309.1328297,1.00624
1.3083,153.9064936,309.1328504,1.00624
1.3086,153.9072952,309.132871,1.00623
1.3089,153.908096,309.1328916,1.00623
1.3092,153.9088957,309.1329122,1.00622
1.3095,153.9096945,309.1329328,1.00622
1.3098,153.9104923,309.1329534,1.00621
1.3101,153.9112892,309.1329739,1.00621
1.3104,153.9120852,309.1329944,1.0062
1.3107,153.9128801,309.1330149,1.00619
1.311,153.9136741,309.1330354,1.00619
1.3113,153.9144672,309.1330558,1.00618
1.3116,153.9152593,309.1330762,1.00618
1.3119,153.9160505,309.1330966,1.00617
1.3122,153.9168407,309.1331169,1.00617
1.3125,153.91763,309.1331373,1.00616
1.3128,153.9184183,309.1331576,1.00616
1.3131,153.9192057,309.1331779,1.00616
1.3134,153.9199921,309.1331981,1.00615
1.3137,153.9207776,309.1332184,1.00615
1.314,153.9215622,309.1332386,1.00614
1.3143,153.9223458,309.1332588,1.00614
1.3146,153.9231284,309.1332789,1.00613
1.3149,153.9239102,309.1332991,1.00613
1.3152,153.924691,309.1333192,1.00612
1.3155,153.9254708,309.1333393,1.00612
1.3158,153.9262497,309.1333593,1.00611
1.3161,153.9270277,309.1333794,1.00611
1.3164,153.9278048,309.1333994,1.0061
1.3167,153.9285809,309.1334194,1.0061
1.317,153.9293561,309.1334393,1.00609
1.3173,153.9301304,309.1334593,1.00609
1.3176,153.9309037,309.1334792,1.00608
1.3179,153.9316761,309.1334991,1.00608
1.3182,153.9324476,309.133519,1.00607
1.3185,153.9332181,309.1335388,1.00607
1.3188,153.9339878,309.1335586,1.00606
1.3191,153.9347565,309.1335784,1.00606
1.3194,153.9355243,309.1335982,1.00605
1.3197,153.9362911,309.1336179,1.00605
1.32,153.9370571,309.1336377,1.00604
1.3203,153.9378221,309.1336574,1.00604
1.3206,153.9385862,309.1336771,1.00603
1.3209,153.9393494,309.1336967,1.00603
1.3212,153.9401117,309.1337163,1.00602
1.3215,153.9408731,309.1337359,1.00602
1.3218,153.9416335,309.1337555,1.00601
1.3221,153.9423931,309.1337751,1.00601
1.3224,153.9431517,309.1337946,1.006
1.3227,153.9439094,309.1338141,1.006
1.323,153.9446662,309.1338336,1.00599
1.3233,153.9454221,309.1338531,1.00599
1.3236,153.9461771,309.1338725,1.00598
1.3239,153.9469312,309.1338919,1.00598
1.3242,153.9476844,309.1339113,1.00598
1.3245,153.9484367,309.1339307,1.00597
1.3248,153.9491881,309.13395,1.00597
1.3251,153.9499386,309.1339694,1.00596
1.3254,153.9506882,309.1339887,1.00596
1.3257,153.9514369,309.1340079,1.00595
1.326,153.9521847,309.1340272,1.00595
1.3263,153.9529316,309.1340464,1.00594
1.3266,153.9536776,309.1340656,1.00594
1.3269,153.9544227,309.1340848,1.00593
1.3272,153.9551669,309.134104,1.00593
1.3275,153.9559102,309.1341231,1.00592
1.3278,153.9566526,309.1341422,1.00592
1.3281,153.9573942,309.1341613,1.00591
1.3284,153.9581348,309.1341804,1.00591
1.3287,153.9588746,309.1341994,1.0059
1.329,153.9596135,309.1342184,1.0059
1.3293,153.9603515,309.1342374,1.0059
1.3296,153.9610886,309.1342564,1.00589
1.3299,153.9618248,309.1342753,1.00589
1.3302,153.9625601,309.1342943,1.00588
1.3305,153.9632946,309.1343132,1.00588
1.3308,153.9640282,309.1343321,1.00587
1.3311,153.9647609,309.1343509,1.00587
1.3314,153.9654927,309.1343698,1.00586
1.3317,153.9662237,309.1343886,1.00586
1.332,153.9669537,309.1344074,1.00585
1.3323,153.9676829,309.1344261,1.00585
1.3326,153.9684113,309.1344449,1.00584
1.3329,153.9691387,309.1344636,1.00584
1.3332,153.9698653,309.1344823,1.00584
1.3335,153.970591,309.134501,1.00583
1.3338,153.9713158,309.1345196,1.00583
1.3341,153.9720398,309.1345383,1.00582
1.3344,153.9727629,309.1345569,1.00582
1.3347,153.9734851,309.1345755,1.00581
1.335,153.9742065,309.1345941,1.00581
1.3353,153.974927,309.1346126,1.0058
1.3356,153.9756467,309.1346311,1.0058
1.3359,153.9763655,309.1346496,1.00579
1.3362,153.9770834,309.1346681,1.00579
1.3365,153.9778004,309.1346866,1.00578
1.3368,153.9785166,309.134705,1.00578
1.3371,153.979232,309.1347234,1.00578
1.3374,153.9799465,309.1347418,1.00577
1.3377,153.9806601,309.1347602,1.00577
1.338,153.9813729,309.1347785,1.00576
1.3383,153.9820848,309.1347968,1.00576
1.3386,153.9827959,309.1348151,1.00575
1.3389,153.983506,309.1348334,1.00575
1.3392,153.9842153,309.1348517,1.00574
1.3395,153.9849238,309.1348699,1.00574
1.3398,153.9856314,309.1348881,1.00574
1.3401,153.9863382,309.1349063,1.00573
1.3404,153.9870441,309.1349245,1.00573
1.3407,153.9877492,309.1349426,1.00572
1.341,153.9884534,309.1349607,1.00572
1.3413,153.9891568,309.1349788,1.00571
1.3416,153.9898594,309.1349969,1.00571
1.3419,153.9905611,309.135015,1.0057
1.3422,153.9912619,309.135033,1.0057
1.3425,153.991962,309.135051,1.0057
1.3428,153.9926611,309.135069,1.00569
1.3431,153.9933595,309.135087,1.00569
1.3434,153.994057,309.135105,1.00568
1.3437,153.9947537,309.1351229,1.00568
1.344,153.9954495,309.1351408,1.00567
1.3443,153.9961445,309.1351587,1.00567
1.3446,153.9968386,309.1351766,1.00566
1.3449,153.997532,309.1351944,1.00566
1.3452,153.9982245,309.1352122,1.00566
1.3455,153.9989161,309.13523,1.00565
1.3458,153.999607,309.1352478,1.00565
1.3461,154.000297,309.1352656,1.00564
1.3464,154.0009862,309.1352833,1.00564
1.3467,154.0016745,309.135301,1.00563
1.347,154.0023621,309.1353187,1.00563
1.3473,154.0030488,309.1353364,1.00563
1.3476,154.0037347,309.135354,1.00562
1.3479,154.0044197,309.1353716,1.00562
1.3482,154.005104,309.1353893,1.00561
1.3485,154.0057874,309.1354068,1.00561
1.3488,154.00647,309.1354244,1.0056
1.3491,154.0071518,309.135442,1.0056
1.3494,154.0078327,309.1354595,1.0056
1.3497,154.0085129,309.135477,1.00559
1.35,154.0091922,309.1354945,1.00559
1.3503,154.0098707,309.1355119,1.00558
1.3506,154.0105484,309.1355294,1.00558
1.3509,154.0112253,309.1355468,1.00557
1.3512,154.0119014,309.1355642,1.00557
1.3515,154.0125766,309.1355815,1.00557
1.3518,154.0132511,309.1355989,1.00556
1.3521,154.0139248,309.1356162,1.00556
1.3524,154.0145976,309.1356335,1.00555
1.3527,154.0152696,309.1356508,1.00555
1.353,154.0159409,309.1356681,1.00554
1.3533,154.0166113,309.1356854,1.00554
1.3536,154.0172809,309.1357026,1.00554
1.3539,154.0179497,309.1357198,1.00553
1.3542,154.0186177,309.135737,1.00553
1.3545,154.0192849,309.1357542,1.00552
1.3548,154.0199513,309.1357713,1.00552
1.3551,154.020617,309.1357884,1.00551
1.3554,154.0212818,309.1358055,1.00551
1.3557,154.0219458,309.1358226,1.00551
1.356,154.022609,309.1358397,1.0055
1.3563,154.0232714,309.1358567,1.0055
1.3566,154.0239331,309.1358737,1.00549
1.3569,154.0245939,309.1358907,1.00549
1.3572,154.025254,309.1359077,1.00549
1.3575,154.0259132,309.1359247,1.00548
1.3578,154.0265717,309.1359416,1.00548
1.3581,154.0272293,309.1359585,1.00547
1.3584,154.0278862,309.1359754,1.00547
1.3587,154.0285423,309.1359923,1.00546
1.359,154.0291976,309.1360092,1.00546
1.3593,154.0298522,309.136026,1.00546
1.3596,154.0305059,309.1360428,1.00545
1.3599,154.0311589,309.1360596,1.00545
1.3602,154.031811,309.1360764,1.00544
1.3605,154.0324624,309.1360932,1.00544
1.3608,154.033113,309.1361099,1.00544
1.3611,154.0337629,309.1361266,1.00543
1.3614,154.0344119,309.1361433,1.00543
1.3617,154.0350602,309.13616,1.00542
1.362,154.0357077,309.1361767,1.00542
1.3623,154.0363544,309.1361933,1.00542
1.3626,154.0370004,309.1362099,1.00541
1.3629,154.0376455,309.1362265,1.00541
1.3632,154.0382899,309.1362431,1.0054
1.3635,154.0389335,309.1362596,1.0054
1.3638,154.0395764,309.1362762,1.00539
1.3641,154.0402185,309.1362927,1.00539
1.3644,154.0408598,309.1363092,1.00539
1.3647,154.0415003,309.1363257,1.00538
1.365,154.0421401,309.1363421,1.00538
1.3653,154.0427791,309.1363586,1.00537
1.3656,154.0434174,309.136375,1.00537
1.3659,154.0440548,309.1363914,1.00537
1.3662,154.0446916,309.1364077,1.00536
1.3665,154.0453275,309.1364241,1.00536
1.3668,154.0459627,309.1364404,1.00535
1.3671,154.0465971,309.1364568,1.00535
1.3674,154.0472308,309.1364731,1.00535
1.3677,154.0478637,309.1364893,1.00534
1.368,154.0484958,309.1365056,1.00534
1.3683,154.0491272,309.1365218,1.00533
1.3686,154.0497579,309.136538,1.00533
1.3689,154.0503877,309.1365542,1.00533
1.3692,154.0510169,309.1365704,1.00532
1.3695,154.0516452,309.1365866,1.00532
1.3698,154.0522728,309.1366027,1.00531
1.3701,154.0528997,309.1366188,1.00531
1.3704,154.0535258,309.136635,1.00531
1.3707,154.0541512,309.136651,1.0053
1.371,154.0547758,309.1366671,1.0053
1.3713,154.0553996,309.1366831,1.00529
1.3716,154.0560228,309.1366992,1.00529
1.3719,154.0566451,309.1367152,1.00529
1.3722,154.0572668,309.1367312,1.00528
1.3725,154.0578876,309.1367471,1.00528
1.3728,154.0585078,309.1367631,1.00528
1.3731,154.0591272,309.136779,1.00527
1.3734,154.0597458,309.1367949,1.00527
1.3737,154.0603637,309.1368108,1.00526
1.374,154.0609809,309.1368267,1.00526
1.3743,154.0615973,309.1368425,1.00526
1.3746,154.062213,309.1368584,1.00525
1.3749,154.0628279,309.1368742,1.00525
1.3752,154.0634422,309.13689,1.00524
1.3755,154.0640556,309.1369057,1.00524
1.3758,154.0646684,309.1369215,1.00524
1.3761,154.0652804,309.1369372,1.00523
1.3764,154.0658917,309.1369529,1.00523
1.3767,154.0665022,309.1369686,1.00522
1.377,154.067112,309.1369843,1.00522
1.3773,154.0677211,309.137,1.00522
1.3776,154.0683294,309.1370156,1.00521
1.3779,154.0689371,309.1370312,1.00521
1.3782,154.069544,309.1370469,1.00521
1.3785,154.0701501,309.1370624,1.0052
1.3788,154.0707556,309.137078,1.0052
1.3791,154.0713603,309.1370935,1.00519
1.3794,154.0719643,309.1371091,1.00519
1.3797,154.0725675,309.1371246,1.00519
1.38,154.0731701,309.1371401,1.00518
1.3803,154.0737719,309.1371556,1.00518
1.3806,154.074373,309.137171,1.00518
1.3809,154.0749734,309.1371864,1.00517
1.3812,154.0755731,309.1372019,1.00517
1.3815,154.076172,309.1372173,1.00516
1.3818,154.0767702,309.1372326,1.00516
1.3821,154.0773677,309.137248,1.00516
1.3824,154.0779645,309.1372633,1.00515
1.3827,154.0785606,309.1372787,1.00515
1.383,154.079156,309.137294,1.00514
1.3833,154.0797506,309.1373093,1.00514
1.3836,154.0803446,309.1373245,1.00514
1.3839,154.0809378,309.1373398,1.00513
1.3842,154.0815303,309.137355,1.00513
1.3845,154.082122,309.1373702,1.00513
1.3848,154.0827131,309.1373854,1.00512
1.3851,154.0833035,309.1374006,1.00512
1.3854,154.0838931,309.1374157,1.00511
1.3857,154.084482,309.1374309,1.00511
1.386,154.0850703,309.137446,1.00511
1.3863,154.0856578,309.1374611,1.0051
1.3866,154.0862446,309.1374762,1.0051
1.3869,154.0868307,309.1374913,1.0051
1.3872,154.0874161,309.1375063,1.00509
1.3875,154.0880009,309.1375213,1.00509
1.3878,154.0885849,309.1375364,1.00509
1.3881,154.0891682,309.1375513,1.00508
1.3884,154.0897508,309.1375663,1.00508
1.3887,154.0903327,309.1375813,1.00507
1.389,154.0909139,309.1375962,1.00507
1.3893,154.0914944,309.1376111,1.00507
1.3896,154.0920743,309.137626,1.00506
1.3899,154.0926534,309.1376409,1.00506
1.3902,154.0932318,309.1376558,1.00506
1.3905,154.0938095,309.1376707,1.00505
1.3908,154.0943866,309.1376855,1.00505
1.3911,154.0949629,309.1377003,1.00505
1.3914,154.0955386,309.1377151,1.00504
1.3917,154.0961136,309.1377299,1.00504
1.392,154.0966879,309.1377446,1.00503
1.3923,154.0972614,309.1377594,1.00503
1.3926,154.0978344,309.1377741,1.00503
1.3929,154.0984066,309.1377888,1.00502
1.3932,154.0989781,309.1378035,1.00502
1.3935,154.0995489,309.1378182,1.00502
1.3938,154.1001191,309.1378328,1.00501
1.3941,154.1006886,309.1378475,1.00501
1.3944,154.1012574,309.1378621,1.00501
1.3947,154.1018255,309.1378767,1.005
1.395,154.1023929,309.1378913,1.005
1.3953,154.1029597,309.1379058,1.00499
1.3956,154.1035257,309.1379204,1.00499
1.3959,154.1040911,309.1379349,1.00499
1.3962,154.1046559,309.1379494,1.00498
1.3965,154.1052199,309.1379639,1.00498
1.3968,154.1057832,309.1379784,1.00498
1.3971,154.1063459,309.1379929,1.00497
1.3974,154.1069079,309.1380073,1.00497
1.3977,154.1074693,309.1380217,1.00497
1.398,154.1080299,309.1380361,1.00496
1.3983,154.1085899,309.1380505,1.00496
1.3986,154.1091493,309.1380649,1.00496
1.3989,154.1097079,309.1380792,1.00495
1.3992,154.1102659,309.1380936,1.00495
1.3995,154.1108232,309.1381079,1.00494
1.3998,154.1113798,309.1381222,1.00494
1.4001,154.1119358,309.1381365,1.00494
1.4004,154.1124911,309.1381508,1.00493
1.4007,154.1130458,309.138165,1.00493
1.401,154.1135997,309.1381793,1.00493
1.4013,154.114153,309.1381935,1.00492
1.4016,154.1147057,309.1382077,1.00492
1.4019,154.1152577,309.1382219,1.00492
1.4022,154.115809,309.138236,1.00491
1.4025,154.1163597,309.1382502,1.00491
1.4028,154.1169097,309.1382643,1.00491
1.4031,154.117459,309.1382784,1.0049
1.4034,154.1180077,309.1382925,1.0049
1.4037,154.1185557,309.1383066,1.0049
1.404,154.1191031,309.1383207,1.00489
1.4043,154.1196498,309.1383347,1.00489
1.4046,154.1201959,309.1383487,1.00489
1.4049,154.1207413,309.1383628,1.00488
1.4052,154.121286,309.1383768,1.00488
1.4055,154.1218301,309.1383907,1.00488
1.4058,154.1223736,309.1384047,1.00487
1.4061,154.1229164,309.1384186,1.00487
1.4064,154.1234585,309.1384326,1.00487
1.4067,154.124,309.1384465,1.00486
1.407,154.1245408,309.1384604,1.00486
1.4073,154.125081,309.1384743,1.00485
1.4076,154.1256206,309.1384881,1.00485
1.4079,154.1261595,309.138502,1.00485
1.4082,154.1266977,309.1385158,1.00484
1.4085,154.1272353,309.1385296,1.00484
1.4088,154.1277723,309.1385434,1.00484
1.4091,154.1283086,309.1385572,1.00483
1.4094,154.1288443,309.1385709,1.00483
1.4097,154.1293793,309.1385847,1.00483
1.41,154.1299137,309.1385984,1.00482
1.4103,154.1304475,309.1386121,1.00482
1.4106,154.1309806,309.1386258,1.00482
1.4109,154.131513,309.1386395,1.00481
1.4112,154.1320449,309.1386532,1.00481
1.4115,154.1325761,309.1386668,1.00481
1.4118,154.1331066,309.1386804,1.0048
1.4121,154.1336366,309.1386941,1.0048
1.4124,154.1341659,309.1387076,1.0048
1.4127,154.1346945,309.1387212,1.00479
1.413,154.1352225,309.1387348,1.00479
1.4133,154.1357499,309.1387483,1.00479
1.4136,154.1362767,309.1387619,1.00478
1.4139,154.1368028,309.1387754,1.00478
1.4142,154.1373283,309.1387889,1.00478
1.4145,154.1378532,309.1388024,1.00477
1.4148,154.1383774,309.1388158,1.00477
1.4151,154.138901,309.1388293,1.00477
1.4154,154.139424,309.1388427,1.00476
1.4157,154.1399463,309.1388561,1.00476
1.416,154.1404681,309.1388695,1.00476
1.4163,154.1409892,309.1388829,1.00475
1.4166,154.1415096,309.1388963,1.00475
1.4169,154.1420295,309.1389096,1.00475
1.4172,154.1425487,309.138923,1.00474
1.4175,154.1430673,309.1389363,1.00474
1.4178,154.1435853,309.1389496,1.00474
1.4181,154.1441027,309.1389629,1.00473
1.4184,154.1446194,309.1389762,1.00473
1.4187,154.1451355,309.1389894,1.00473
1.419,154.1456511,309.1390027,1.00472
1.4193,154.1461659,309.1390159,1.00472
1.4196,154.1466802,309.1390291,1.00472
1.4199,154.1471939,309.1390423,1.00472
1.4202,154.1477069,309.1390555,1.00471
1.4205,154.1482193,309.1390686,1.00471
1.4208,154.1487311,309.1390818,1.00471
1.4211,154.1492423,309.1390949,1.0047
1.4214,154.1497529,309.139108,1.0047
1.4217,154.1502629,309.1391211,1.0047
1.422,154.1507723,309.1391342,1.00469
1.4223,154.151281,309.1391473,1.00469
1.4226,154.1517892,309.1391603,1.00469
1.4229,154.1522967,309.1391733,1.00468
1.4232,154.1528036,309.1391864,1.00468
1.4235,154.1533099,309.1391994,1.00468
1.4238,154.1538157,309.1392123,1.00467
1.4241,154.1543208,309.1392253,1.00467
1.4244,154.1548253,309.1392383,1.00467
1.4247,154.1553292,309.1392512,1.00466
1.425,154.1558324,309.1392641,1.00466
1.4253,154.1563351,309.1392771,1.00466
1.4256,154.1568372,309.1392899,1.00465
1.4259,154.1573387,309.1393028,1.00465
1.4262,154.1578396,309.1393157,1.00465
1.4265,154.1583399,309.1393285,1.00464
1.4268,154.1588396,309.1393414,1.00464
1.4271,154.1593387,309.1393542,1.00464
1.4274,154.1598371,309.139367,1.00464
1.4277,154.160335,309.1393798,1.00463
1.428,154.1608323,309.1393925,1.00463
1.4283,154.161329,309.1394053,1.00463
1.4286,154.1618251,309.139418,1.00462
1.4289,154.1623206,309.1394308,1.00462
1.4292,154.1628156,309.1394435,1.00462
1.4295,154.1633099,309.1394562,1.00461
1.4298,154.1638036,309.1394688,1.00461
1.4301,154.1642967,309.1394815,1.00461
1.4304,154.1647892,309.1394941,1.0046
1.4307,154.1652811,309.1395068,1.0046
1.431,154.1657725,309.1395194,1.0046
1.4313,154.1662632,309.139532,1.00459
1.4316,154.1667534,309.1395446,1.00459
1.4319,154.167243,309.1395571,1.00459
1.4322,154.1677319,309.1395697,1.00459
1.4325,154.1682203,309.1395822,1.00458
1.4328,154.1687082,309.1395948,1.00458
1.4331,154.1691954,309.1396073,1.00458
1.4334,154.169682,309.1396198,1.00457
1.4337,154.1701681,309.1396323,1.00457
1.434,154.1706536,309.1396447,1.00457
1.4343,154.1711385,309.1396572,1.00456
1.4346,154.1716228,309.1396696,1.00456
1.4349,154.1721065,309.139682,1.00456
1.4352,154.1725897,309.1396944,1.00455
1.4355,154.1730723,309.1397068,1.00455
1.4358,154.1735543,309.1397192,1.00455
1.4361,154.1740357,309.1397316,1.00455
1.4364,154.1745165,309.1397439,1.00454
1.4367,154.1749968,309.1397562,1.00454
1.437,154.1754765,309.1397686,1.00454
1.4373,154.1759556,309.1397809,1.00453
1.4376,154.1764341,309.1397931,1.00453
1.4379,154.1769121,309.1398054,1.00453
1.4382,154.1773895,309.1398177,1.00452
1.4385,154.1778663,309.1398299,1.00452
1.4388,154.1783425,309.1398421,1.00452
1.4391,154.1788182,309.1398544,1.00452
1.4394,154.1792933,309.1398666,1.00451
1.4397,154.1797679,309.1398787,1.00451
1.44,154.1802418,309.1398909,1.00451
1.4403,154.1807152,309.1399031,1.0045
1.4406,154.1811881,309.1399152,1.0045
1.4409,154.1816603,309.1399273,1.0045
1.4412,154.182132,309.1399394,1.00449
1.4415,154.1826031,309.1399515,1.00449
1.4418,154.1830737,309.1399636,1.00449
1.4421,154.1835437,309.1399757,1.00449
1.4424,154.1840132,309.1399877,1.00448
1.4427,154.184482,309.1399998,1.00448
1.443,154.1849503,309.1400118,1.00448
1.4433,154.1854181,309.1400238,1.00447
1.4436,154.1858853,309.1400358,1.00447
1.4439,154.1863519,309.1400478,1.00447
1.4442,154.186818,309.1400597,1.00446
1.4445,154.1872835,309.1400717,1.00446
1.4448,154.1877485,309.1400836,1.00446
1.4451,154.1882129,309.1400955,1.00446
1.4454,154.1886767,309.1401075,1.00445
1.4457,154.18914,309.1401193,1.00445
1.446,154.1896027,309.1401312,1.00445
1.4463,154.1900649,309.1401431,1.00444
1.4466,154.1905265,309.1401549,1.00444
1.4469,154.1909876,309.1401668,1.00444
1.4472,154.1914481,309.1401786,1.00444
1.4475,154.191908,309.1401904,1.00443
1.4478,154.1923674,309.1402022,1.00443
1.4481,154.1928263,309.140214,1.00443
1.4484,154.1932846,309.1402257,1.00442
1.4487,154.1937424,309.1402375,1.00442
1.449,154.1941996,309.1402492,1.00442
1.4493,154.1946562,309.1402609,1.00442
1.4496,154.1951123,309.1402727,1.00441
1.4499,154.1955679,309.1402844,1.00441
1.4502,154.1960229,309.140296,1.00441
1.4505,154.1964774,309.1403077,1.0044
1.4508,154.1969313,309.1403193,1.0044
1.4511,154.1973847,309.140331,1.0044
1.4514,154.1978376,309.1403426,1.0044
1.4517,154.1982899,309.1403542,1.00439
1.452,154.1987416,309.1403658,1.00439
1.4523,154.1991928,309.1403774,1.00439
1.4526,154.1996435,309.140389,1.00438
1.4529,154.2000936,309.1404005,1.00438
1.4532,154.2005432,309.1404121,1.00438
1.4535,154.2009923,309.1404236,1.00438
1.4538,154.2014408,309.1404351,1.00437
1.4541,154.2018888,309.1404466,1.00437
1.4544,154.2023362,309.1404581,1.00437
1.4547,154.2027831,309.1404696,1.00436
1.455,154.2032295,309.140481,1.00436
1.4553,154.2036753,309.1404925,1.00436
1.4556,154.2041206,309.1405039,1.00436
1.4559,154.2045654,309.1405153,1.00435
1.4562,154.2050096,309.1405267,1.00435
1.4565,154.2054533,309.1405381,1.00435
1.4568,154.2058965,309.1405495,1.00434
1.4571,154.2063391,309.1405608,1.00434
1.4574,154.2067812,309.1405722,1.00434
1.4577,154.2072228,309.1405835,1.00434
1.458,154.2076639,309.1405948,1.00433
1.4583,154.2081044,309.1406061,1.00433
1.4586,154.2085444,309.1406174,1.00433
1.4589,154.2089838,309.1406287,1.00432
1.4592,154.2094228,309.14064,1.00432
1.4595,154.2098612,309.1406512,1.00432
1.4598,154.2102991,309.1406625,1.00432
1.4601,154.2107364,309.1406737,1.00431
1.4604,154.2111733,309.1406849,1.00431
1.4607,154.2116096,309.1406961,1.00431
1.461,154.2120454,309.1407073,1.00431
1.4613,154.2124806,309.1407184,1.0043
1.4616,154.2129154,309.1407296,1.0043
1.4619,154.2133496,309.1407408,1.0043
1.4622,154.2137833,309.1407519,1.00429
1.4625,154.2142165,309.140763,1.00429
1.4628,154.2146491,309.1407741,1.00429
1.4631,154.2150813,309.1407852,1.00429
1.4634,154.2155129,309.1407963,1.00428
1.4637,154.215944,309.1408073,1.00428
1.464,154.2163746,309.1408184,1.00428
1.4643,154.2168047,309.1408294,1.00428
1.4646,154.2172343,309.1408404,1.00427
1.4649,154.2176633,309.1408515,1.00427
1.4652,154.2180918,309.1408625,1.00427
1.4655,154.2185199,309.1408734,1.00426
1.4658,154.2189474,309.1408844,1.00426
1.4661,154.2193744,309.1408954,1.00426
1.4664,154.2198008,309.1409063,1.00426
1.4667,154.2202268,309.1409172,1.00425
1.467,154.2206523,309.1409282,1.00425
1.4673,154.2210772,309.1409391,1.00425
1.4676,154.2215017,309.14095,1.00425
1.4679,154.2219256,309.1409608,1.00424
1.4682,154.222349,309.1409717,1.00424
1.4685,154.2227719,309.1409826,1.00424
1.4688,154.2231943,309.1409934,1.00424
1.4691,154.2236162,309.1410042,1.00423
1.4694,154.2240376,309.141015,1.00423
1.4697,154.2244585,309.1410258,1.00423
1.47,154.2248789,309.1410366,1.00422
1.4703,154.2252988,309.1410474,1.00422
1.4706,154.2257182,309.1410582,1.00422
1.4709,154.2261371,309.1410689,1.00422
1.4712,154.2265555,309.1410796,1.00421
1.4715,154.2269733,309.1410904,1.00421
1.4718,154.2273907,309.1411011,1.00421
1.4721,154.2278076,309.1411118,1.00421
1.4724,154.228224,309.1411225,1.0042
1.4727,154.2286398,309.1411331,1.0042
1.473,154.2290552,309.1411438,1.0042
1.4733,154.2294701,309.1411544,1.0042
1.4736,154.2298845,309.1411651,1.00419
1.4739,154.2302984,309.1411757,1.00419
1.4742,154.2307118,309.1411863,1.00419
1.4745,154.2311247,309.1411969,1.00419
1.4748,154.2315371,309.1412075,1.00418
1.4751,154.231949,309.141218,1.00418
1.4754,154.2323604,309.1412286,1.00418
1.4757,154.2327713,309.1412391,1.00417
1.476,154.2331817,309.1412497,1.00417
1.4763,154.2335916,309.1412602,1.00417
1.4766,154.234001,309.1412707,1.00417
1.4769,154.23441,309.1412812,1.00416
1.4772,154.2348184,309.1412917,1.00416
1.4775,154.2352264,309.1413021,1.00416
1.4778,154.2356338,309.1413126,1.00416
1.4781,154.2360408,309.141323,1.00415
1.4784,154.2364473,309.1413334,1.00415
1.4787,154.2368533,309.1413439,1.00415
1.479,154.2372589,309.1413543,1.00415
1.4793,154.2376639,309.1413647,1.00414
1.4796,154.2380684,309.141375,1.00414
1.4799,154.2384725,309.1413854,1.00414
1.4802,154.2388761,309.1413958,1.00414
1.4805,154.2392792,309.1414061,1.00413
1.4808,154.2396818,309.1414164,1.00413
1.4811,154.2400839,309.1414267,1.00413
1.4814,154.2404856,309.141437,1.00413
1.4817,154.2408867,309.1414473,1.00412
1.482,154.2412874,309.1414576,1.00412
1.4823,154.2416876,309.1414679,1.00412
1.4826,154.2420874,309.1414781,1.00412
1.4829,154.2424866,309.1414884,1.00411
1.4832,154.2428854,309.1414986,1.00411
1.4835,154.2432837,309.1415088,1.00411
1.4838,154.2436815,309.141519,1.00411
1.4841,154.2440788,309.1415292,1.0041
1.4844,154.2444757,309.1415394,1.0041
1.4847,154.2448721,309.1415496,1.0041
1.485,154.245268,309.1415597,1.0041
1.4853,154.2456634,309.1415699,1.00409
1.4856,154.2460584,309.14158,1.00409
1.4859,154.2464528,309.1415901,1.00409
1.4862,154.2468469,309.1416002,1.00409
1.4865,154.2472404,309.1416103,1.00408
1.4868,154.2476335,309.1416204,1.00408
1.4871,154.2480261,309.1416305,1.00408
1.4874,154.2484182,309.1416405,1.00408
1.4877,154.2488099,309.1416506,1.00407
1.488,154.2492011,309.1416606,1.00407
1.4883,154.2495918,309.1416706,1.00407
1.4886,154.249982,309.1416807,1.00407
1.4889,154.2503718,309.1416907,1.00406
1.4892,154.2507611,309.1417006,1.00406
1.4895,154.25115,309.1417106,1.00406
1.4898,154.2515384,309.1417206,1.00406
1.4901,154.2519263,309.1417305,1.00405
1.4904,154.2523137,309.1417405,1.00405
1.4907,154.2527007,309.1417504,1.00405
1.491,154.2530873,309.1417603,1.00405
1.4913,154.2534733,309.1417702,1.00404
1.4916,154.2538589,309.1417801,1.00404
1.4919,154.2542441,309.14179,1.00404
1.4922,154.2546288,309.1417998,1.00404
1.4925,154.255013,309.1418097,1.00403
1.4928,154.2553967,309.1418195,1.00403
1.4931,154.25578,309.1418294,1.00403
1.4934,154.2561629,309.1418392,1.00403
1.4937,154.2565452,309.141849,1.00402
1.494,154.2569272,309.1418588,1.00402
1.4943,154.2573086,309.1418686,1.00402
1.4946,154.2576896,309.1418783,1.00402
1.4949,154.2580702,309.1418881,1.00401
1.4952,154.2584503,309.1418979,1.00401
1.4955,154.2588299,309.1419076,1.00401
1.4958,154.2592091,309.1419173,1.00401
1.4961,154.2595878,309.141927,1.00401
1.4964,154.2599661,309.1419367,1.004
1.4967,154.2603439,309.1419464,1.004
1.497,154.2607213,309.1419561,1.004
1.4973,154.2610982,309.1419658,1.004
1.4976,154.2614747,309.1419754,1.00399
1.4979,154.2618507,309.1419851,1.00399
1.4982,154.2622263,309.1419947,1.00399
1.4985,154.2626014,309.1420043,1.00399
1.4988,154.2629761,309.1420139,1.00398
1.4991,154.2633503,309.1420235,1.00398
1.4994,154.2637241,309.1420331,1.00398
1.4997,154.2640974,309.1420427,1.00398
1.5,154.2644703,309.1420522,1.00397
1.5,154.2644703,309.1420522,1.00397
