time,addA.opAmp.v_out_ref,addA.opAmp.v_out_sim,addA.opAmp.v_out_relerr,addB.y_ref,addB.y_sim,addB.y_relerr
0,0,0,0,0,0,0
0.0005,1.680633641e-27,0,1.52778e-28,0,0,0
0.001,1.654304116e-27,0,1.50385e-28,0,0,0
0.0015,4.087651081e-27,0,3.71589e-28,0,0,0
0.002,6.64424632e-27,0,6.03997e-28,0,0,0
0.0025,7.454109138e-27,0,6.77618e-28,0,0,0
0.003,8.080613303e-27,0,7.3457e-28,0,0,0
0.0035,8.707117469e-27,0,7.91523e-28,0,0,0
0.004,9.333621634e-27,0,8.48475e-28,0,0,0
0.0045,9.792598402e-27,0,8.90198e-28,0,0,0
0.005,1.021202296e-26,0,9.28326e-28,0,0,0
0.0055,1.063144753e-26,0,9.66454e-28,0,0,0
0.006,1.105087209e-26,0,1.00458e-27,0,0,0
0.0065,1.147029665e-26,0,1.04271e-27,0,0,0
0.007,1.188972122e-26,0,1.08084e-27,0,0,0
0.0075,1.230914578e-26,0,1.11897e-27,0,0,0
0.008,1.272857034e-26,0,1.15709e-27,0,0,0
0.0085,1.30601263e-26,0,1.18723e-27,0,0,0
0.009,1.333713822e-26,0,1.21242e-27,0,0,0
0.0095,1.361415013e-26,0,1.2376e-27,0,0,0
0.01,1.389116204e-26,0,1.26278e-27,0,0,0
0.0105,1.416817396e-26,0,1.28796e-27,0,0,0
0.011,1.444518587e-26,0,1.31314e-27,0,0,0
0.0115,1.472219779e-26,0,1.33832e-27,0,0,0
0.012,1.49992097e-26,0,1.36351e-27,0,0,0
0.0125,1.527622161e-26,0,1.38869e-27,0,0,0
0.013,1.555323353e-26,0,1.41387e-27,0,0,0
0.0135,1.583024544e-26,0,1.43905e-27,0,0,0
0.014,1.610725736e-26,0,1.46423e-27,0,0,0
0.0145,1.638426927e-26,0,1.48942e-27,0,0,0
0.015,1.666128118e-26,0,1.5146e-27,0,0,0
0.0155,1.69382931e-26,0,1.53978e-27,0,0,0
0.016,1.721530501e-26,0,1.56496e-27,0,0,0
0.0165,1.749028804e-26,0,1.58996e-27,0,0,0
0.017,1.775859229e-26,0,1.61435e-27,0,0,0
0.0175,1.802689654e-26,0,1.63874e-27,0,0,0
0.018,1.829520079e-26,0,1.66313e-27,0,0,0
0.0185,1.856350503e-26,0,1.68752e-27,0,0,0
0.019,1.883180928e-26,0,1.71191e-27,0,0,0
0.0195,1.910011353e-26,0,1.7363e-27,0,0,0
0.02,1.936841778e-26,0,1.76069e-27,0,0,0
0.0205,1.963672203e-26,0,1.78508e-27,0,0,0
0.021,1.990502628e-26,0,1.80947e-27,0,0,0
0.0215,2.017333052e-26,0,1.83386e-27,0,0,0
0.022,2.044163477e-26,0,1.85825e-27,0,0,0
0.0225,2.070993902e-26,0,1.88264e-27,0,0,0
0.023,2.097824327e-26,0,1.90703e-27,0,0,0
0.0235,2.124654752e-26,0,1.93142e-27,0,0,0
0.024,2.151485177e-26,0,1.95581e-27,0,0,0
0.0245,2.178315601e-26,0,1.9802e-27,0,0,0
0.025,2.205146026e-26,0,2.00459e-27,0,0,0
0.0255,2.231976451e-26,0,2.02898e-27,0,0,0
0.026,2.258806876e-26,0,2.05337e-27,0,0,0
0.0265,2.285637301e-26,0,2.07776e-27,0,0,0
0.027,2.312467726e-26,0,2.10215e-27,0,0,0
0.0275,2.339298151e-26,0,2.12654e-27,0,0,0
0.028,2.366128575e-26,0,2.15093e-27,0,0,0
0.0285,2.392959e-26,0,2.17533e-27,0,0,0
0.029,2.419789425e-26,0,2.19972e-27,0,0,0
0.0295,2.44661985e-26,0,2.22411e-27,0,0,0
0.03,2.473450275e-26,0,2.2485e-27,0,0,0
0.0305,2.5002807e-26,0,2.27289e-27,0,0,0
0.031,2.527111124e-26,0,2.29728e-27,0,0,0
0.0315,2.553941549e-26,0,2.32167e-27,0,0,0
0.032,2.580771974e-26,0,2.34606e-27,0,0,0
0.0325,2.607602399e-26,0,2.37045e-27,0,0,0
0.033,2.615075853e-26,0,2.37724e-27,0,0,0
0.0335,2.600278384e-26,0,2.36379e-27,0,0,0
0.034,2.585480916e-26,0,2.35034e-27,0,0,0
0.0345,2.570683447e-26,0,2.33689e-27,0,0,0
0.035,2.555885978e-26,0,2.32343e-27,0,0,0
0.0355,2.541088509e-26,0,2.30998e-27,0,0,0
0.036,2.52629104e-26,0,2.29653e-27,0,0,0
0.0365,2.511493571e-26,0,2.28308e-27,0,0,0
0.037,2.496696102e-26,0,2.26963e-27,0,0,0
0.0375,2.481898634e-26,0,2.25618e-27,0,0,0
0.038,2.467101165e-26,0,2.24272e-27,0,0,0
0.0385,2.452303696e-26,0,2.22927e-27,0,0,0
0.039,2.437506227e-26,0,2.21582e-27,0,0,0
0.0395,2.422708758e-26,0,2.20237e-27,0,0,0
0.04,2.407911289e-26,0,2.18892e-27,0,0,0
0.0405,2.39311382e-26,0,2.17547e-27,0,0,0
0.041,2.378316352e-26,0,2.16201e-27,0,0,0
0.0415,2.363518883e-26,0,2.14856e-27,0,0,0
0.042,2.348721414e-26,0,2.13511e-27,0,0,0
0.0425,2.333923945e-26,0,2.12166e-27,0,0,0
0.043,2.319126476e-26,0,2.10821e-27,0,0,0
0.0435,2.304329007e-26,0,2.09476e-27,0,0,0
0.044,2.289531538e-26,0,2.0813e-27,0,0,0
0.0445,2.27473407e-26,0,2.06785e-27,0,0,0
0.045,2.259936601e-26,0,2.0544e-27,0,0,0
0.0455,2.245139132e-26,0,2.04095e-27,0,0,0
0.046,2.230341663e-26,0,2.0275e-27,0,0,0
0.0465,2.215544194e-26,0,2.01405e-27,0,0,0
0.047,2.200746725e-26,0,2.00059e-27,0,0,0
0.0475,2.185949256e-26,0,1.98714e-27,0,0,0
0.048,2.171151788e-26,0,1.97369e-27,0,0,0
0.0485,2.156354319e-26,0,1.96024e-27,0,0,0
0.049,2.14155685e-26,0,1.94679e-27,0,0,0
0.0495,2.126759381e-26,0,1.93334e-27,0,0,0
0.05,2.111961912e-26,0,1.91988e-27,0,0,0
0.0505,2.097164443e-26,0,1.90643e-27,0,0,0
0.051,2.082366974e-26,0,1.89298e-27,0,0,0
0.0515,2.067569506e-26,0,1.87953e-27,0,0,0
0.052,2.052772037e-26,0,1.86608e-27,0,0,0
0.0525,2.037974568e-26,0,1.85263e-27,0,0,0
0.053,2.023177099e-26,0,1.83917e-27,0,0,0
0.0535,2.00837963e-26,0,1.82572e-27,0,0,0
0.054,1.993582161e-26,0,1.81227e-27,0,0,0
0.0545,1.978784692e-26,0,1.79882e-27,0,0,0
0.055,1.963987223e-26,0,1.78537e-27,0,0,0
0.0555,1.949189755e-26,0,1.77192e-27,0,0,0
0.056,1.934392286e-26,0,1.75846e-27,0,0,0
0.0565,1.919594817e-26,0,1.74501e-27,0,0,0
0.057,1.904797348e-26,0,1.73156e-27,0,0,0
0.0575,1.889999879e-26,0,1.71811e-27,0,0,0
0.058,1.87520241e-26,0,1.70466e-27,0,0,0
0.0585,1.860404941e-26,0,1.69121e-27,0,0,0
0.059,1.845607473e-26,0,1.67775e-27,0,0,0
0.0595,1.830810004e-26,0,1.6643e-27,0,0,0
0.06,1.816012535e-26,0,1.65085e-27,0,0,0
0.0605,1.801215066e-26,0,1.6374e-27,0,0,0
0.061,1.786417597e-26,0,1.62395e-27,0,0,0
0.0615,1.771620128e-26,0,1.6105e-27,0,0,0
0.062,1.756822659e-26,0,1.59704e-27,0,0,0
0.0625,1.742025191e-26,0,1.58359e-27,0,0,0
0.063,1.727227722e-26,0,1.57014e-27,0,0,0
0.0635,1.712430253e-26,0,1.55669e-27,0,0,0
0.064,1.697632784e-26,0,1.54324e-27,0,0,0
0.0645,1.682835315e-26,0,1.52979e-27,0,0,0
0.065,1.668037846e-26,0,1.51633e-27,0,0,0
0.0655,1.653240377e-26,0,1.50288e-27,0,0,0
0.066,1.666153715e-26,0,1.51462e-27,0,0,0
0.0665,1.681184886e-26,0,1.52829e-27,0,0,0
0.067,1.696216058e-26,0,1.54195e-27,0,0,0
0.0675,1.711247229e-26,0,1.55561e-27,0,0,0
0.068,1.7262784e-26,0,1.56928e-27,0,0,0
0.0685,1.741309571e-26,0,1.58294e-27,0,0,0
0.069,1.756340742e-26,0,1.59661e-27,0,0,0
0.0695,1.771371914e-26,0,1.61027e-27,0,0,0
0.07,1.786403085e-26,0,1.62393e-27,0,0,0
0.0705,1.801434256e-26,0,1.6376e-27,0,0,0
0.071,1.816465427e-26,0,1.65126e-27,0,0,0
0.0715,1.831496598e-26,0,1.66493e-27,0,0,0
0.072,1.846527769e-26,0,1.67859e-27,0,0,0
0.0725,1.861558941e-26,0,1.69225e-27,0,0,0
0.073,1.876590112e-26,0,1.70592e-27,0,0,0
0.0735,1.891621283e-26,0,1.71958e-27,0,0,0
0.074,1.906652454e-26,0,1.73325e-27,0,0,0
0.0745,1.921683625e-26,0,1.74691e-27,0,0,0
0.075,1.936714797e-26,0,1.76058e-27,0,0,0
0.0755,1.951745968e-26,0,1.77424e-27,0,0,0
0.076,1.966777139e-26,0,1.7879e-27,0,0,0
0.0765,1.98180831e-26,0,1.80157e-27,0,0,0
0.077,1.996839481e-26,0,1.81523e-27,0,0,0
0.0775,2.011870653e-26,0,1.8289e-27,0,0,0
0.078,2.026901824e-26,0,1.84256e-27,0,0,0
0.0785,2.041932995e-26,0,1.85622e-27,0,0,0
0.079,2.056964166e-26,0,1.86989e-27,0,0,0
0.0795,2.071995337e-26,0,1.88355e-27,0,0,0
0.08,2.087026509e-26,0,1.89722e-27,0,0,0
0.0805,2.10205768e-26,0,1.91088e-27,0,0,0
0.081,2.117088851e-26,0,1.92454e-27,0,0,0
0.0815,2.132120022e-26,0,1.93821e-27,0,0,0
0.082,2.147151193e-26,0,1.95187e-27,0,0,0
0.0825,2.162182364e-26,0,1.96554e-27,0,0,0
0.083,2.177213536e-26,0,1.9792e-27,0,0,0
0.0835,2.192244707e-26,0,1.99287e-27,0,0,0
0.084,2.207275878e-26,0,2.00653e-27,0,0,0
0.0845,2.222307049e-26,0,2.02019e-27,0,0,0
0.085,2.23733822e-26,0,2.03386e-27,0,0,0
0.0855,2.252369392e-26,0,2.04752e-27,0,0,0
0.086,2.267400563e-26,0,2.06119e-27,0,0,0
0.0865,2.282431734e-26,0,2.07485e-27,0,0,0
0.087,2.297462905e-26,0,2.08851e-27,0,0,0
0.0875,2.312494076e-26,0,2.10218e-27,0,0,0
0.088,2.327525248e-26,0,2.11584e-27,0,0,0
0.0885,2.342556419e-26,0,2.12951e-27,0,0,0
0.089,2.35758759e-26,0,2.14317e-27,0,0,0
0.0895,2.372618761e-26,0,2.15683e-27,0,0,0
0.09,2.387649932e-26,0,2.1705e-27,0,0,0
0.0905,2.402681104e-26,0,2.18416e-27,0,0,0
0.091,2.417712275e-26,0,2.19783e-27,0,0,0
0.0915,2.432743446e-26,0,2.21149e-27,0,0,0
0.092,2.447774617e-26,0,2.22516e-27,0,0,0
0.0925,2.462805788e-26,0,2.23882e-27,0,0,0
0.093,2.47783696e-26,0,2.25248e-27,0,0,0
0.0935,2.492868131e-26,0,2.26615e-27,0,0,0
0.094,2.507899302e-26,0,2.27981e-27,0,0,0
0.0945,2.522930473e-26,0,2.29348e-27,0,0,0
0.095,2.537961644e-26,0,2.30714e-27,0,0,0
0.0955,2.552992815e-26,0,2.3208e-27,0,0,0
0.096,2.568023987e-26,0,2.33447e-27,0,0,0
0.0965,2.583055158e-26,0,2.34813e-27,0,0,0
0.097,2.598086329e-26,0,2.3618e-27,0,0,0
0.0975,2.6131175e-26,0,2.37546e-27,0,0,0
0.098,2.628148671e-26,0,2.38912e-27,0,0,0
0.0985,2.643179843e-26,0,2.40279e-27,0,0,0
0.099,2.658211014e-26,0,2.41645e-27,0,0,0
0.0995,2.673242185e-26,0,2.43012e-27,0,0,0
0.1,2.688273356e-26,-5.855656616e-06,5.3231e-07,0,5.858508175e-06,5.32592e-07
0.1,2.688273356e-26,-5.855656616e-06,5.3231e-07,0,5.858508175e-06,5.32592e-07
0.1005,-0.249823014,-0.2498274308,4.01514e-07,0.2499485365,0.2499529556,4.01731e-07
0.101,-0.4993417364,-0.4993460989,3.96575e-07,0.4995936645,0.4995980292,3.96791e-07
0.1015,-0.7482668621,-0.7482711974,3.941e-07,0.7486457259,0.7486500634,3.94315e-07
0.102,-0.9963240367,-0.9963283615,3.93146e-07,0.9968300281,0.9968343551,3.93361e-07
0.1025,-1.243253337,-1.243257663,3.93227e-07,1.243886324,1.243890652,3.93441e-07
0.103,-1.488808864,-1.488813221,3.96071e-07,1.489568406,1.489572766,3.96286e-07
0.1035,-1.732758439,-1.732762846,4.00679e-07,1.733643801,1.733648211,4.00895e-07
0.104,-1.974883144,-1.974887604,4.05378e-07,1.975893312,1.975897773,4.05595e-07
0.1045,-2.214976971,-2.214981458,4.07806e-07,2.216110662,2.21611515,4.08024e-07
0.105,-2.452846423,-2.452850958,4.12254e-07,2.454102104,2.454106641,4.12476e-07
0.1055,-2.688310178,-2.688314708,4.11745e-07,2.68968608,2.689690611,4.11967e-07
0.106,-2.921198678,-2.921203162,4.07612e-07,2.922692805,2.922697291,4.07833e-07
0.1065,-3.151353737,-3.151358143,4.00543e-07,3.152963885,3.152968293,4.00761e-07
0.107,-3.378628218,-3.378632592,3.97648e-07,3.380351984,3.380356361,3.97865e-07
0.1075,-3.602885688,-3.602889996,3.91642e-07,3.604720487,3.604724798,3.91856e-07
0.108,-3.824000058,-3.824004318,3.87274e-07,3.825943134,3.825947396,3.87491e-07
0.1085,-4.041855215,-4.041859363,3.77019e-07,4.043903653,4.043907803,3.77236e-07
0.109,-4.25634468,-4.256348788,3.73494e-07,4.258495418,4.258499529,3.73721e-07
0.1095,-4.467371279,-4.467375323,3.67642e-07,4.469621124,4.46962517,3.67875e-07
0.11,-4.674846786,-4.674850678,3.5383e-07,4.67719242,4.677196315,3.5406e-07
0.1105,-4.878691574,-4.878695368,3.44929e-07,4.88112957,4.881133367,3.4515e-07
0.111,-5.078834349,-5.078837987,3.30759e-07,5.081361181,5.081364821,3.30952e-07
0.1115,-5.275211835,-5.27521542,3.25881e-07,5.277823887,5.277827474,3.2605e-07
0.112,-5.467768401,-5.467771936,3.21384e-07,5.470461979,5.470465516,3.21527e-07
0.1125,-5.656455786,-5.656459176,3.0813e-07,5.65922713,5.659230521,3.08237e-07
0.113,-5.841232805,-5.841236129,3.02183e-07,5.844078095,5.84408142,3.0227e-07
0.1135,-6.022065051,-6.022068158,2.82402e-07,6.024980419,6.024983526,2.82454e-07
0.114,-6.198924589,-6.198927578,2.71726e-07,6.201906128,6.201909118,2.71759e-07
0.1145,-6.371789702,-6.371792669,2.69683e-07,6.374833476,6.374836443,2.69709e-07
0.115,-6.540644581,-6.540647475,2.63043e-07,6.54374663,6.543749524,2.63055e-07
0.1155,-6.705479096,-6.705481802,2.45999e-07,6.708635449,6.708638155,2.45985e-07
0.116,-6.866288487,-6.866291133,2.40499e-07,6.869495165,6.86949781,2.40471e-07
0.1165,-7.023073156,-7.023075561,2.1864e-07,7.026326184,7.026328588,2.18572e-07
0.117,-7.175838365,-7.175840654,2.0813e-07,7.179133775,7.179136064,2.08037e-07
0.1175,-7.324594042,-7.324596324,2.07458e-07,7.327927885,7.327930166,2.07356e-07
0.118,-7.46935449,-7.469356729,2.03539e-07,7.472722837,7.472725075,2.03424e-07
0.1185,-7.610138212,-7.610140272,1.87222e-07,7.613537165,7.613539222,1.87076e-07
0.119,-7.746967622,-7.746969622,1.81754e-07,7.750393316,7.750395313,1.81597e-07
0.1195,-7.879868893,-7.879870676,1.62015e-07,7.883317504,7.883319284,1.61826e-07
0.12,-8.008871672,-8.008873291,1.47142e-07,8.012339422,8.012341038,1.46926e-07
0.1205,-8.134008947,-8.134010534,1.4428e-07,8.137492109,8.137493694,1.44057e-07
0.121,-8.25531677,-8.255318361,1.4466e-07,8.258811672,8.258813261,1.44434e-07
0.1215,-8.372834138,-8.372835617,1.34435e-07,8.376337168,8.376338645,1.34189e-07
0.122,-8.486602727,-8.486604035,1.18908e-07,8.490110338,8.490111643,1.18635e-07
0.1225,-8.596666787,-8.596668029,1.12858e-07,8.600175499,8.600176737,1.12573e-07
0.123,-8.703072884,-8.70307394,9.59455e-08,8.706579288,8.70658034,9.56323e-08
0.1235,-8.805869809,-8.805870774,8.76772e-08,8.809370572,8.809371532,8.73489e-08
0.124,-8.905108333,-8.905109302,8.80863e-08,8.908600197,8.908601162,8.77593e-08
0.1245,-9.000841123,-9.000842052,8.44214e-08,9.004320913,9.004321838,8.40886e-08
0.125,-9.093122512,-9.093123312,7.27522e-08,9.096587135,9.096587932,7.24005e-08
0.1255,-9.182008426,-9.182009184,6.88433e-08,9.185454876,9.18545563,6.84849e-08
0.126,-9.267556163,-9.267556772,5.5367e-08,9.270981519,9.270982124,5.4987e-08
0.1265,-9.349824332,-9.349824761,3.90669e-08,9.353225763,9.353226188,3.86588e-08
0.127,-9.428872638,-9.428873027,3.53443e-08,9.432247404,9.432247789,3.49333e-08
0.1275,-9.504761842,-9.50476226,3.80644e-08,9.508107294,9.508107708,3.76585e-08
0.128,-9.577553544,-9.577553967,3.842e-08,9.580867128,9.580867547,3.80195e-08
0.1285,-9.64731016,-9.647310468,2.80519e-08,9.650589415,9.650589719,2.76347e-08
0.129,-9.714094715,-9.714094932,1.97323e-08,9.717337275,9.717337487,1.93028e-08
0.1295,-9.777970824,-9.777970983,1.44598e-08,9.781174419,9.781174573,1.40231e-08
0.13,-9.839002502,-9.839002506,3.86618e-10,9.842164957,9.842164956,7.22231e-11
0.1305,-9.897254147,-9.89725407,6.95675e-09,9.900373384,9.900373302,7.42477e-09
0.131,-9.952790364,-9.952790311,4.78201e-09,9.955864402,9.955864344,5.24453e-09
0.1315,-10.00567596,-10.00567593,2.20474e-09,10.00870291,10.00870288,2.6597e-09
0.132,-10.05597575,-10.0559757,5.03295e-09,10.05895383,10.05895377,5.48827e-09
0.1325,-10.10375462,-10.10375445,1.55201e-08,10.10668212,10.10668195,1.59933e-08
0.133,-10.14907727,-10.1490771,1.54613e-08,10.15195261,10.15195243,1.59294e-08
0.1335,-10.19200832,-10.19200805,2.50589e-08,10.19482999,10.19482971,2.55411e-08
0.134,-10.2326121,-10.23261172,3.47545e-08,10.23537868,10.23537829,3.52508e-08
0.1345,-10.27095266,-10.27095225,3.78887e-08,10.27366283,10.27366241,3.83836e-08
0.135,-10.30709367,-10.30709329,3.43177e-08,10.30974621,10.30974582,3.48008e-08
0.1355,-10.34109839,-10.34109804,3.16384e-08,10.34369216,10.34369181,3.21118e-08
0.136,-10.37302958,-10.37302921,3.35429e-08,10.37556353,10.37556316,3.40151e-08
0.1365,-10.40294949,-10.40294904,4.14022e-08,10.40542266,10.4054222,4.18835e-08
0.137,-10.43091975,-10.4309193,4.14956e-08,10.43333128,10.43333081,4.19747e-08
0.1375,-10.4570014,-10.45700088,4.72178e-08,10.45935049,10.45934996,4.76986e-08
0.138,-10.48125476,-10.48125418,5.34921e-08,10.4835407,10.48354011,5.39778e-08
0.1385,-10.50373948,-10.50373887,5.58958e-08,10.50596166,10.50596104,5.63833e-08
0.139,-10.52451441,-10.52451383,5.34173e-08,10.52667228,10.52667169,5.38993e-08
0.1395,-10.54363766,-10.5436371,5.0857e-08,10.54573076,10.54573019,5.13378e-08
0.14,-10.56116648,-10.56116592,5.04511e-08,10.56319441,10.56319385,5.09372e-08
0.1405,-10.57715729,-10.57715669,5.44632e-08,10.57911975,10.57911915,5.49684e-08
0.141,-10.59166561,-10.59166499,5.64772e-08,10.59356237,10.59356174,5.69943e-08
0.1415,-10.60474611,-10.60474547,5.76121e-08,10.60657699,10.60657635,5.81441e-08
0.142,-10.61645246,-10.61645179,6.05917e-08,10.61821736,10.61821669,6.11347e-08
0.1425,-10.62683745,-10.62683676,6.2518e-08,10.62853635,10.62853565,6.3069e-08
0.143,-10.63595287,-10.63595219,6.15639e-08,10.63758579,10.63758511,6.2116e-08
0.1435,-10.64384954,-10.64384888,5.99301e-08,10.64541658,10.64541592,6.04815e-08
0.144,-10.65057729,-10.65057665,5.8279e-08,10.65207861,10.65207796,5.88298e-08
0.1445,-10.65618494,-10.65618429,5.87652e-08,10.65762076,10.65762011,5.93164e-08
0.145,-10.66072029,-10.66071963,6.00866e-08,10.66209088,10.66209021,6.0639e-08
0.1455,-10.66423012,-10.66422945,6.08813e-08,10.66553581,10.66553513,6.14396e-08
0.146,-10.66676018,-10.66675951,6.05753e-08,10.66800135,10.66800067,6.11324e-08
0.1465,-10.66835518,-10.66835451,6.04202e-08,10.66953226,10.66953159,6.09744e-08
0.147,-10.66905877,-10.66905811,5.97319e-08,10.67017225,10.67017158,6.02837e-08
0.1475,-10.6689136,-10.66891295,5.94062e-08,10.669964,10.66996334,5.99597e-08
0.148,-10.66796123,-10.66796058,5.86823e-08,10.66894912,10.66894847,5.92314e-08
0.1485,-10.6662422,-10.66624157,5.81662e-08,10.6671682,10.66716755,5.87113e-08
0.149,-10.66379601,-10.66379538,5.71052e-08,10.66466076,10.66466013,5.76462e-08
0.1495,-10.6606611,-10.66066048,5.6397e-08,10.66146531,10.66146468,5.69307e-08
0.15,-10.65687488,-10.65687425,5.7444e-08,10.65761928,10.65761864,5.79785e-08
0.1505,-10.65247374,-10.65247313,5.52725e-08,10.65315909,10.65315848,5.57955e-08
0.151,-10.64749304,-10.64749247,5.21413e-08,10.64812014,10.64811956,5.26518e-08
0.1515,-10.64196712,-10.64196656,5.07938e-08,10.64253679,10.64253623,5.12955e-08
0.152,-10.63592931,-10.63592875,5.08919e-08,10.63644241,10.63644184,5.13918e-08
0.1525,-10.62941193,-10.62941136,5.185e-08,10.62986934,10.62986876,5.23469e-08
0.153,-10.62244631,-10.62244574,5.1762e-08,10.62284894,10.62284837,5.22543e-08
0.1535,-10.61506281,-10.61506226,5.01533e-08,10.6154116,10.61541104,5.0636e-08
0.154,-10.60729081,-10.60729029,4.72703e-08,10.60758671,10.60758618,4.77379e-08
0.1545,-10.59915874,-10.59915818,5.00385e-08,10.59940271,10.59940215,5.05087e-08
0.155,-10.59069405,-10.59069353,4.72279e-08,10.59088709,10.59088657,4.76828e-08
0.1555,-10.5819233,-10.58192285,4.08995e-08,10.58206641,10.58206596,4.13308e-08
0.156,-10.57287209,-10.57287169,3.65989e-08,10.5729663,10.5729659,3.70133e-08
0.1565,-10.56356515,-10.56356475,3.63335e-08,10.56361149,10.56361109,3.67417e-08
0.157,-10.55402627,-10.55402584,3.88512e-08,10.55402579,10.55402536,3.9258e-08
0.1575,-10.54427841,-10.54427795,4.18491e-08,10.54423217,10.5442317,4.22583e-08
0.158,-10.53434363,-10.53434316,4.25624e-08,10.53425268,10.53425221,4.29667e-08
0.1585,-10.52424315,-10.52424271,3.98234e-08,10.52410858,10.52410814,4.02135e-08
0.159,-10.51399737,-10.51399698,3.48847e-08,10.51382025,10.51381986,3.52555e-08
0.1595,-10.50362585,-10.50362543,3.90211e-08,10.50340726,10.50340683,3.93944e-08
0.16,-10.49314738,-10.49314697,3.75581e-08,10.49288841,10.49288799,3.79218e-08
0.1605,-10.48257993,-10.48257962,2.79449e-08,10.48228166,10.48228135,2.82758e-08
0.161,-10.47194072,-10.4719405,1.98171e-08,10.47160424,10.47160402,2.01215e-08
0.1615,-10.46124622,-10.46124603,1.74001e-08,10.46087262,10.46087243,1.76905e-08
0.162,-10.45051215,-10.45051192,2.07419e-08,10.45010252,10.45010229,2.10321e-08
0.1625,-10.43975353,-10.43975323,2.72657e-08,10.43930895,10.43930865,2.75658e-08
0.163,-10.42898467,-10.4289843,3.3308e-08,10.42850622,10.42850585,3.36141e-08
0.1635,-10.41821918,-10.41821879,3.5446e-08,10.41770793,10.41770754,3.57468e-08
0.164,-10.40747001,-10.40746966,3.21957e-08,10.40692704,10.40692668,3.24781e-08
0.1645,-10.39674947,-10.39674919,2.5414e-08,10.39617583,10.39617555,2.56705e-08
0.165,-10.38606921,-10.38606886,3.23342e-08,10.38546596,10.3854656,3.25973e-08
0.1655,-10.3754403,-10.3754399,3.63683e-08,10.37480849,10.37480808,3.66323e-08
0.166,-10.36487318,-10.36487294,2.17045e-08,10.36421383,10.36421359,2.19233e-08
0.1665,-10.35437771,-10.35437766,4.12988e-09,10.35369186,10.35369181,4.29876e-09
0.167,-10.34396317,-10.34396326,7.76968e-09,10.34325184,10.34325192,7.63865e-09
0.1675,-10.33363832,-10.33363844,1.09169e-08,10.33290251,10.33290263,1.08036e-08
0.168,-10.32341137,-10.32341143,6.02335e-09,10.32265206,10.32265213,5.90865e-09
0.1685,-10.31328999,-10.31328995,3.67295e-09,10.31250818,10.31250814,3.80454e-09
0.169,-10.30328137,-10.30328124,1.22133e-08,10.30247802,10.30247788,1.23543e-08
0.1695,-10.29339221,-10.29339204,1.57508e-08,10.29256826,10.29256809,1.5891e-08
0.17,-10.28362874,-10.28362861,1.1814e-08,10.28278514,10.28278501,1.19376e-08
0.1705,-10.27399671,-10.27399671,5.64151e-10,10.27313439,10.27313438,6.55422e-10
0.171,-10.26450146,-10.26450162,1.46093e-08,10.26362131,10.26362147,1.45625e-08
0.1715,-10.25514787,-10.25514803,1.40498e-08,10.25425079,10.25425095,1.40127e-08
0.172,-10.24594045,-10.2459406,1.33043e-08,10.24502733,10.24502747,1.32724e-08
0.1725,-10.23688328,-10.23688359,2.79473e-08,10.23595496,10.23595527,2.79546e-08
0.173,-10.22798006,-10.22798056,4.51005e-08,10.22703739,10.22703789,4.51545e-08
0.1735,-10.21923414,-10.21923477,5.67807e-08,10.21827795,10.21827858,5.68661e-08
0.174,-10.21064851,-10.21064917,5.98951e-08,10.20967961,10.20968027,5.9993e-08
0.1745,-10.20222579,-10.20222642,5.76197e-08,10.20124497,10.2012456,5.77209e-08
0.175,-10.19396831,-10.19396887,5.15243e-08,10.19297634,10.19297691,5.16228e-08
0.1755,-10.18587807,-10.18587857,4.49108e-08,10.18487572,10.18487621,4.50008e-08
0.176,-10.17795678,-10.17795725,4.19578e-08,10.17694478,10.17694524,4.20471e-08
0.1765,-10.17020584,-10.17020635,4.65288e-08,10.1691849,10.16918542,4.66362e-08
0.177,-10.16262638,-10.16262701,5.70255e-08,10.16159722,10.16159785,5.71602e-08
0.1775,-10.1552193,-10.15522006,6.87974e-08,10.1541826,10.15418335,6.89624e-08
0.178,-10.14798518,-10.14798595,6.97292e-08,10.1469416,10.14694237,6.99036e-08
0.1785,-10.14092442,-10.1409252,7.09338e-08,10.13987461,10.13987539,7.11177e-08
0.179,-10.13403717,-10.13403807,8.24179e-08,10.13298175,10.13298266,8.26295e-08
0.1795,-10.12732336,-10.12732439,9.41371e-08,10.12626295,10.12626399,9.43732e-08
0.18,-10.12078268,-10.12078382,1.03638e-07,10.11971788,10.11971902,1.03897e-07
0.1805,-10.11441468,-10.11441586,1.07233e-07,10.11334606,10.11334725,1.07505e-07
0.181,-10.10821871,-10.10821987,1.04729e-07,10.10714683,10.10714798,1.05002e-07
0.1815,-10.10219392,-10.10219501,9.93657e-08,10.1011193,10.1011204,9.96329e-08
0.182,-10.09633927,-10.09634032,9.51377e-08,10.09526246,10.0952635,9.54034e-08
0.1825,-10.09065363,-10.09065466,9.32743e-08,10.08957511,10.08957614,9.35393e-08
0.183,-10.08513569,-10.08513673,9.4471e-08,10.08405595,10.084057,9.47399e-08
0.1835,-10.07978396,-10.07978508,1.01814e-07,10.07870347,10.0787046,1.021e-07
0.184,-10.07459687,-10.07459809,1.11078e-07,10.07351608,10.07351731,1.11383e-07
0.1845,-10.06957272,-10.06957394,1.11147e-07,10.06849207,10.06849329,1.11459e-07
0.185,-10.06470968,-10.06471089,1.09913e-07,10.06362958,10.06363079,1.10227e-07
0.1855,-10.0600058,-10.0600071,1.17807e-07,10.05892665,10.05892795,1.18134e-07
0.186,-10.05545906,-10.05546045,1.2646e-07,10.05438124,10.05438264,1.26801e-07
0.1865,-10.05106735,-10.05106879,1.31349e-07,10.04999123,10.04999268,1.31696e-07
0.187,-10.04682844,-10.0468299,1.32705e-07,10.04575437,10.04575584,1.33056e-07
0.1875,-10.04274003,-10.04274148,1.31245e-07,10.04166836,10.0416698,1.31596e-07
0.188,-10.03879979,-10.03880119,1.27114e-07,10.03773082,10.03773222,1.27461e-07
0.1885,-10.0350053,-10.03500663,1.21437e-07,10.03393934,10.03394068,1.21776e-07
0.189,-10.03135403,-10.03135534,1.19096e-07,10.03029137,10.03029269,1.19434e-07
0.1895,-10.02784347,-10.02784479,1.19617e-07,10.02678439,10.02678571,1.19956e-07
0.19,-10.02447105,-10.02447239,1.225e-07,10.0234158,10.02341715,1.22842e-07
0.1905,-10.02123412,-10.02123551,1.26679e-07,10.02018295,10.02018435,1.27023e-07
0.191,-10.01813001,-10.01813142,1.28772e-07,10.01708315,10.01708457,1.29121e-07
0.1915,-10.01515603,-10.01515742,1.26085e-07,10.01411371,10.0141151,1.26432e-07
0.192,-10.01230948,-10.01231089,1.28039e-07,10.01127189,10.01127331,1.28384e-07
0.1925,-10.00958758,-10.00958903,1.32132e-07,10.00855492,10.00855638,1.32476e-07
0.193,-10.00698757,-10.00698906,1.35425e-07,10.00596002,10.00596152,1.35769e-07
0.1935,-10.00450669,-10.00450819,1.3589e-07,10.00348442,10.00348592,1.3623e-07
0.194,-10.00214216,-10.00214362,1.33071e-07,10.00112531,10.00112678,1.33407e-07
0.1945,-9.999891148,-9.999892577,1.29908e-07,9.998879874,9.998881307,1.30239e-07
0.195,-9.997750884,-9.99775227,1.26037e-07,9.996745314,9.996746704,1.26364e-07
0.1955,-9.995718578,-9.99571992,1.22015e-07,9.994718832,9.994720178,1.22338e-07
0.196,-9.993791434,-9.993792748,1.19443e-07,9.992797623,9.99279894,1.19758e-07
0.1965,-9.991966662,-9.991967978,1.19626e-07,9.990978883,9.990980202,1.19936e-07
0.197,-9.990241502,-9.990242835,1.21095e-07,9.989259845,9.98926118,1.214e-07
0.1975,-9.988613207,-9.988614546,1.21734e-07,9.987637749,9.987639092,1.22034e-07
0.198,-9.987079013,-9.987080324,1.19199e-07,9.986109825,9.986111139,1.19501e-07
0.1985,-9.98563621,-9.985637512,1.18408e-07,9.984673351,9.984674656,1.18703e-07
0.199,-9.984282103,-9.98428341,1.18822e-07,9.983325624,9.983326934,1.19107e-07
0.1995,-9.983014018,-9.983015324,1.18684e-07,9.982063961,9.982065269,1.18958e-07
0.2,-9.981829288,-9.981830592,1.18581e-07,9.980885686,9.980886993,1.18845e-07
0.2005,-9.980725301,-9.98072659,1.17138e-07,9.979788181,9.979789472,1.17395e-07
0.201,-9.979699471,-9.979700725,1.13993e-07,9.978768849,9.978770106,1.14245e-07
0.2015,-9.978749226,-9.97875044,1.10369e-07,9.977825112,9.977826329,1.10615e-07
0.202,-9.977872033,-9.977873211,1.07083e-07,9.976954431,9.976955612,1.07325e-07
0.2025,-9.977065406,-9.977066549,1.03929e-07,9.976154312,9.976155458,1.04167e-07
0.203,-9.976326891,-9.976328001,1.0084e-07,9.975422295,9.975423406,1.01071e-07
0.2035,-9.975654049,-9.975655144,9.9574e-08,9.974755932,9.97475703,9.9795e-08
0.204,-9.975044505,-9.975045594,9.89972e-08,9.974152844,9.974153936,9.92088e-08
0.2045,-9.974495918,-9.974496998,9.81332e-08,9.973610685,9.973611767,9.83332e-08
0.205,-9.974005983,-9.974007035,9.5631e-08,9.973127142,9.973128197,9.58321e-08
0.2055,-9.973572426,-9.973573458,9.38779e-08,9.972699938,9.972700972,9.40718e-08
0.206,-9.973193032,-9.973194047,9.22659e-08,9.972326852,9.972327869,9.24437e-08
0.2065,-9.972865627,-9.972866619,9.0112e-08,9.972005704,9.972006697,9.02727e-08
0.207,-9.972588065,-9.972589034,8.8085e-08,9.971734345,9.971735316,8.82337e-08
0.2075,-9.972358254,-9.9723592,8.60471e-08,9.971510678,9.971511626,8.61854e-08
0.208,-9.972174149,-9.972175068,8.36016e-08,9.971332654,9.971333575,8.37354e-08
0.2085,-9.972033747,-9.972034633,8.06232e-08,9.971198266,9.971199154,8.07521e-08
0.209,-9.971935077,-9.971935937,7.81786e-08,9.971105539,9.971106401,7.83073e-08
0.2095,-9.97187623,-9.971877063,7.57381e-08,9.971052562,9.971053397,7.58648e-08
0.21,-9.971855338,-9.971856142,7.31237e-08,9.971037463,9.971038269,7.32468e-08
0.2105,-9.971870573,-9.971871349,7.06078e-08,9.971058411,9.971059188,7.07225e-08
0.211,-9.971920149,-9.971920903,6.85891e-08,9.971113617,9.971114372,6.86926e-08
0.2115,-9.972002336,-9.972003069,6.66138e-08,9.971201348,9.971202082,6.67019e-08
0.212,-9.972115446,-9.972116154,6.43832e-08,9.971319914,9.971320623,6.44595e-08
0.2125,-9.972257825,-9.972258525,6.36334e-08,9.97146766,9.97146836,6.37168e-08
0.213,-9.972427875,-9.97242855,6.13829e-08,9.971642984,9.97164366,6.14579e-08
0.2135,-9.97262404,-9.972624681,5.82397e-08,9.97184433,9.971844971,5.8296e-08
0.214,-9.97284481,-9.972845413,5.47827e-08,9.972070185,9.972070788,5.48212e-08
0.2145,-9.973088709,-9.97308928,5.19371e-08,9.972319071,9.972319643,5.19608e-08
0.215,-9.973354315,-9.97335486,4.95376e-08,9.972589567,9.972590112,4.9552e-08
0.2155,-9.973640247,-9.97364077,4.74646e-08,9.97288029,9.972880812,4.74759e-08
0.216,-9.973945164,-9.973945669,4.58624e-08,9.973189897,9.973190401,4.58719e-08
0.2165,-9.974267767,-9.974268258,4.46614e-08,9.973517087,9.973517579,4.46751e-08
0.217,-9.974606801,-9.974607279,4.3419e-08,9.973860608,9.973861086,4.34346e-08
0.2175,-9.974961054,-9.974961514,4.17745e-08,9.974219245,9.974219705,4.17902e-08
0.218,-9.975329348,-9.975329788,4.00183e-08,9.974591819,9.974592259,4.00303e-08
0.2185,-9.97571055,-9.975710966,3.78254e-08,9.974977199,9.974977615,3.78303e-08
0.219,-9.976103568,-9.976103956,3.52023e-08,9.975374291,9.975374678,3.51956e-08
0.2195,-9.976507347,-9.976507704,3.24673e-08,9.97578204,9.975782397,3.24476e-08
0.22,-9.976920867,-9.976921211,3.12696e-08,9.976199426,9.97619977,3.1246e-08
0.2205,-9.97734315,-9.977343505,3.22356e-08,9.976625473,9.976625827,3.22204e-08
0.221,-9.977773256,-9.977773584,2.97795e-08,9.977059239,9.977059566,2.97563e-08
0.2215,-9.978210278,-9.978210562,2.58187e-08,9.977499818,9.977500101,2.57782e-08
0.222,-9.978653345,-9.978653582,2.16011e-08,9.97794634,9.977946577,2.15425e-08
0.2225,-9.979101624,-9.97910182,1.78655e-08,9.978397972,9.978398168,1.77896e-08
0.223,-9.979554314,-9.979554479,1.50202e-08,9.978853915,9.978854079,1.49361e-08
0.2235,-9.980010647,-9.980010795,1.34005e-08,9.9793134,9.979313546,1.33121e-08
0.224,-9.980469891,-9.980470032,1.28078e-08,9.979775696,9.979775836,1.27204e-08
0.2245,-9.980931344,-9.980931486,1.2941e-08,9.980240102,9.980240243,1.28601e-08
0.225,-9.981394335,-9.981394483,1.34525e-08,9.980705949,9.980706096,1.33795e-08
0.2255,-9.981858226,-9.98185838,1.3979e-08,9.981172599,9.981172752,1.39146e-08
0.226,-9.982322407,-9.982322562,1.40674e-08,9.981639443,9.981639597,1.40069e-08
0.2265,-9.982786299,-9.982786446,1.33771e-08,9.982105904,9.98210605,1.33175e-08
0.227,-9.983249349,-9.983249479,1.1807e-08,9.98257143,9.982571559,1.17443e-08
0.2275,-9.983711036,-9.98371114,9.39558e-09,9.9830355,9.983035603,9.32613e-09
0.228,-9.984170864,-9.984170935,6.47609e-09,9.98349762,9.98349769,6.39431e-09
0.2285,-9.984628361,-9.984628402,3.73471e-09,9.983957321,9.983957361,3.64196e-09
0.229,-9.985083086,-9.985083164,7.11825e-09,9.98441416,9.984414238,7.03755e-09
0.2295,-9.985534618,-9.985534738,1.09584e-08,9.984867721,9.98486784,1.08926e-08
0.23,-9.985982563,-9.985982662,8.99741e-09,9.985317609,9.985317707,8.92587e-09
0.2305,-9.986426551,-9.986426593,3.78353e-09,9.985763456,9.985763497,3.69593e-09
0.231,-9.986866233,-9.986866203,2.71685e-09,9.986204916,9.986204885,2.8259e-09
0.2315,-9.987301284,-9.987301185,9.05162e-09,9.986641663,9.986641562,9.18114e-09
0.232,-9.9877314,-9.987731243,1.42296e-08,9.987073396,9.987073238,1.43742e-08
0.2325,-9.988156298,-9.988156102,1.78006e-08,9.987499833,9.987499636,1.79573e-08
0.233,-9.988575714,-9.988575499,1.95137e-08,9.987920714,9.987920498,1.96747e-08
0.2335,-9.988989406,-9.988989192,1.94408e-08,9.988335796,9.98833558,1.96023e-08
0.234,-9.98939715,-9.989396953,1.78799e-08,9.988744856,9.988744658,1.80357e-08
0.2345,-9.989798738,-9.98979857,1.5275e-08,9.98914769,9.98914752,1.54268e-08
0.235,-9.990193982,-9.990193848,1.21776e-08,9.98954411,9.989543975,1.23215e-08
0.2355,-9.990582709,-9.990582608,9.15648e-09,9.989933946,9.989933844,9.29632e-09
0.236,-9.990964766,-9.99096469,6.94628e-09,9.990317047,9.990316969,7.08878e-09
0.2365,-9.991340013,-9.991339947,6.03509e-09,9.990693272,9.990693204,6.18365e-09
0.237,-9.991708324,-9.99170825,6.73497e-09,9.991062498,9.991062422,6.89682e-09
0.2375,-9.992069587,-9.992069486,9.19883e-09,9.991424616,9.991424513,9.38099e-09
0.238,-9.992423706,-9.99242356,1.33139e-08,9.99177953,9.991779381,1.35197e-08
0.2385,-9.992770596,-9.992770391,1.86338e-08,9.992127157,9.992126949,1.88654e-08
0.239,-9.993110183,-9.993109915,2.4323e-08,9.992467425,9.992467155,2.4578e-08
0.2395,-9.993442419,-9.993442087,3.02055e-08,9.992800288,9.992799953,3.0483e-08
0.24,-9.993767266,-9.99376689,3.41782e-08,9.993125709,9.993125329,3.44854e-08
0.2405,-9.994084679,-9.994084307,3.38318e-08,9.993443644,9.993443268,3.41557e-08
0.241,-9.994394633,-9.994394219,3.76582e-08,9.993754071,9.993753653,3.8007e-08
0.2415,-9.994697112,-9.99469663,4.38245e-08,9.994056976,9.99405649,4.42003e-08
0.242,-9.994992111,-9.994991552,5.0808e-08,9.994352353,9.99435179,5.12115e-08
0.2425,-9.995279631,-9.995279001,5.73501e-08,9.994640207,9.994639572,5.77749e-08
0.243,-9.995559691,-9.995558996,6.31104e-08,9.994920556,9.994919857,6.35516e-08
0.2435,-9.995832335,-9.995831566,6.98316e-08,9.995193449,9.995192676,7.02984e-08
0.244,-9.996097575,-9.996096744,7.55774e-08,9.995458898,9.995458061,7.60693e-08
0.2445,-9.996355448,-9.996354566,8.01823e-08,9.995716941,9.995716053,8.06965e-08
0.245,-9.996605997,-9.996605078,8.35485e-08,9.995967621,9.995966696,8.40811e-08
0.2455,-9.996849269,-9.996848328,8.5598e-08,9.99621099,9.996210042,8.61421e-08
0.246,-9.997085319,-9.99708437,8.62187e-08,9.996447101,9.996446146,8.67664e-08
0.2465,-9.997314204,-9.997313267,8.52167e-08,9.996676014,9.996675071,8.57578e-08
0.247,-9.997536045,-9.997535082,8.7504e-08,9.996897852,9.996896884,8.80557e-08
0.2475,-9.997750884,-9.997749889,9.04209e-08,9.997112658,9.997111657,9.09851e-08
0.248,-9.997958798,-9.997957764,9.40208e-08,9.99732051,9.997319469,9.4595e-08
0.2485,-9.99815987,-9.99815879,9.82288e-08,9.997521491,9.997520404,9.88155e-08
0.249,-9.998354185,-9.998353054,1.02774e-07,9.99771569,9.997714552,1.03369e-07
0.2495,-9.99854183,-9.998540652,1.07129e-07,9.997903193,9.997902008,1.07728e-07
0.25,-9.998722897,-9.998721681,1.10473e-07,9.998084094,9.998082872,1.11071e-07
0.2505,-9.998897519,-9.998896248,1.15486e-07,9.998258527,9.99825725,1.16089e-07
0.251,-9.999065792,-9.999064463,1.20861e-07,9.998426591,9.998425255,1.21474e-07
0.2515,-9.99922781,-9.999226463,1.22424e-07,9.998588379,9.998587025,1.23045e-07
0.252,-9.999383678,-9.9993823,1.25272e-07,9.998743997,9.998742612,1.25897e-07
0.2525,-9.999533502,-9.999532085,1.28822e-07,9.998893554,9.99889213,1.29447e-07
0.253,-9.999677392,-9.999675939,1.321e-07,9.999037158,9.999035699,1.32719e-07
0.2535,-9.999815456,-9.99981398,1.34188e-07,9.999174921,9.999173439,1.34796e-07
0.254,-9.999947826,-9.999946327,1.36316e-07,9.999306976,9.99930547,1.36914e-07
0.2545,-10.00007464,-10.0000731,1.39761e-07,9.999433456,9.999431912,1.40357e-07
0.255,-10.00019598,-10.00019442,1.42588e-07,9.99955446,9.999552885,1.43182e-07
0.2555,-10.00031199,-10.00031039,1.44635e-07,9.999670107,9.999668509,1.45226e-07
0.256,-10.00042276,-10.00042115,1.45738e-07,9.999780513,9.999778904,1.46325e-07
0.2565,-10.00052842,-10.00052682,1.45712e-07,9.999885797,9.999884188,1.46291e-07
0.257,-10.00062908,-10.0006275,1.44314e-07,9.999986076,9.999984483,1.44882e-07
0.2575,-10.00072488,-10.00072332,1.42055e-07,10.00008148,10.00007991,1.42609e-07
0.258,-10.00081595,-10.00081439,1.42006e-07,10.00017215,10.00017058,1.42555e-07
0.2585,-10.00090241,-10.00090084,1.42075e-07,10.00025819,10.00025662,1.42619e-07
0.259,-10.00098435,-10.00098279,1.42273e-07,10.00033972,10.00033815,1.42813e-07
0.2595,-10.00106192,-10.00106035,1.42531e-07,10.00041686,10.00041529,1.43062e-07
0.26,-10.00113521,-10.00113364,1.42655e-07,10.00048973,10.00048815,1.43177e-07
0.2605,-10.00120435,-10.00120278,1.42331e-07,10.00055844,10.00055687,1.42837e-07
0.261,-10.00126944,-10.00126789,1.41078e-07,10.0006231,10.00062154,1.41565e-07
0.2615,-10.00133066,-10.00132909,1.42284e-07,10.00068388,10.00068231,1.42761e-07
0.262,-10.00138808,-10.0013865,1.43567e-07,10.00074086,10.00073927,1.44032e-07
0.2625,-10.00144182,-10.00144023,1.44305e-07,10.00079415,10.00079256,1.44762e-07
0.263,-10.00149199,-10.00149041,1.43746e-07,10.00084389,10.0008423,1.442e-07
0.2635,-10.00153871,-10.00153713,1.43164e-07,10.00089016,10.00088858,1.43606e-07
0.264,-10.00158207,-10.00158051,1.42116e-07,10.00093308,10.00093152,1.42542e-07
0.2645,-10.0016222,-10.00162066,1.40134e-07,10.00097277,10.00097122,1.40535e-07
0.265,-10.00165921,-10.00165768,1.39111e-07,10.00100934,10.00100781,1.39494e-07
0.2655,-10.00169322,-10.0016917,1.38755e-07,10.00104291,10.00104138,1.39118e-07
0.266,-10.00172432,-10.0017228,1.38209e-07,10.00107357,10.00107204,1.38553e-07
0.2665,-10.00175261,-10.0017511,1.3735e-07,10.00110142,10.00109991,1.37679e-07
0.267,-10.0017782,-10.0017767,1.36035e-07,10.00112657,10.00112507,1.36347e-07
0.2675,-10.00180118,-10.0017997,1.34074e-07,10.00114912,10.00114764,1.34371e-07
0.268,-10.00182164,-10.0018202,1.31233e-07,10.00116916,10.00116771,1.31515e-07
0.2685,-10.0018397,-10.00183829,1.28394e-07,10.0011868,10.00118538,1.28662e-07
0.269,-10.00185547,-10.00185407,1.26558e-07,10.00120214,10.00120074,1.26814e-07
0.2695,-10.00186901,-10.00186764,1.24656e-07,10.00121526,10.00121389,1.24903e-07
0.27,-10.00188043,-10.00187908,1.22654e-07,10.00122627,10.00122492,1.2289e-07
0.2705,-10.00188981,-10.00188848,1.20478e-07,10.00123524,10.00123391,1.207e-07
0.271,-10.00189723,-10.00189594,1.18005e-07,10.00124227,10.00124097,1.18216e-07
0.2715,-10.00190279,-10.00190153,1.15075e-07,10.00124743,10.00124616,1.15271e-07
0.272,-10.00190657,-10.00190534,1.11833e-07,10.00125081,10.00124958,1.12011e-07
0.2725,-10.00190866,-10.00190746,1.09792e-07,10.00125252,10.00125131,1.09954e-07
0.273,-10.00190914,-10.00190796,1.07817e-07,10.00125262,10.00125143,1.0796e-07
0.2735,-10.00190808,-10.00190692,1.05845e-07,10.00125118,10.00125002,1.0597e-07
0.274,-10.00190556,-10.00190442,1.03784e-07,10.00124829,10.00124715,1.0389e-07
0.2745,-10.00190164,-10.00190053,1.015e-07,10.00124402,10.0012429,1.01589e-07
0.275,-10.00189641,-10.00189532,9.93393e-08,10.00123843,10.00123734,9.94217e-08
0.2755,-10.00188993,-10.00188887,9.64532e-08,10.0012316,10.00123054,9.65259e-08
0.276,-10.00188229,-10.00188125,9.40044e-08,10.00122361,10.00122258,9.40632e-08
0.2765,-10.00187353,-10.00187253,9.13361e-08,10.00121452,10.00121352,9.13767e-08
0.277,-10.00186373,-10.00186276,8.84716e-08,10.00120439,10.00120342,8.84943e-08
0.2775,-10.00185295,-10.00185201,8.54734e-08,10.00119329,10.00119235,8.54757e-08
0.278,-10.00184125,-10.00184034,8.23551e-08,10.00118127,10.00118037,8.2338e-08
0.2785,-10.00182868,-10.00182781,7.90892e-08,10.0011684,10.00116753,7.90539e-08
0.279,-10.00181531,-10.00181448,7.56022e-08,10.00115472,10.00115389,7.55506e-08
0.2795,-10.00180119,-10.00180039,7.26005e-08,10.00114031,10.00113951,7.25335e-08
0.28,-10.00178638,-10.00178561,7.00589e-08,10.00112521,10.00112444,6.99802e-08
0.2805,-10.00177093,-10.00177018,6.76759e-08,10.00110948,10.00110874,6.75863e-08
0.281,-10.00175488,-10.00175416,6.54022e-08,10.00109316,10.00109244,6.53062e-08
0.2815,-10.00173829,-10.0017376,6.31734e-08,10.00107631,10.00107561,6.30714e-08
0.282,-10.0017212,-10.00172053,6.0899e-08,10.00105896,10.00105829,6.0791e-08
0.2825,-10.00170366,-10.00170302,5.84637e-08,10.00104116,10.00104052,5.83518e-08
0.283,-10.00168571,-10.00168509,5.60771e-08,10.00102296,10.00102235,5.59607e-08
0.2835,-10.00166739,-10.0016668,5.4031e-08,10.00100441,10.00100382,5.39102e-08
0.284,-10.00164875,-10.00164818,5.1946e-08,10.00098554,10.00098497,5.182e-08
0.2845,-10.00162982,-10.00162927,4.97773e-08,10.00096638,10.00096583,4.96443e-08
0.285,-10.00161064,-10.00161011,4.74796e-08,10.00094698,10.00094646,4.73378e-08
0.2855,-10.00159124,-10.00159074,4.50056e-08,10.00092737,10.00092688,4.48571e-08
0.286,-10.00157166,-10.00157119,4.23221e-08,10.00090759,10.00090712,4.2162e-08
0.2865,-10.00155193,-10.00155149,3.94687e-08,10.00088766,10.00088723,3.92986e-08
0.287,-10.00153208,-10.00153167,3.68846e-08,10.00086762,10.00086722,3.67033e-08
0.2875,-10.00151215,-10.00151177,3.43476e-08,10.0008475,10.00084713,3.41541e-08
0.288,-10.00149216,-10.00149181,3.1936e-08,10.00082733,10.00082699,3.17324e-08
0.2885,-10.00147213,-10.00147179,3.08994e-08,10.00080714,10.0008068,3.06921e-08
0.289,-10.0014521,-10.00145177,3.04896e-08,10.00078695,10.00078661,3.02868e-08
0.2895,-10.00143209,-10.00143178,2.89264e-08,10.00076677,10.00076646,2.87195e-08
0.29,-10.00141212,-10.00141183,2.64835e-08,10.00074665,10.00074636,2.62703e-08
0.2905,-10.00139222,-10.00139196,2.36528e-08,10.0007266,10.00072634,2.34328e-08
0.291,-10.0013724,-10.00137218,2.05383e-08,10.00070664,10.00070642,2.03073e-08
0.2915,-10.00135269,-10.0013525,1.73018e-08,10.0006868,10.00068661,1.70595e-08
0.292,-10.00133311,-10.00133295,1.40884e-08,10.00066708,10.00066693,1.38355e-08
0.2925,-10.00131366,-10.00131354,1.10112e-08,10.00064751,10.00064739,1.0748e-08
0.293,-10.00129438,-10.00129429,8.14939e-09,10.00062811,10.00062802,7.87837e-09
0.2935,-10.00127527,-10.00127521,5.55521e-09,10.00060888,10.00060882,5.27966e-09
0.294,-10.00125635,-10.00125631,3.31478e-09,10.00058985,10.00058982,3.03457e-09
0.2945,-10.00123763,-10.00123761,1.44377e-09,10.00057103,10.00057102,1.16097e-09
0.295,-10.00121913,-10.00121913,8.10939e-11,10.00055243,10.00055244,3.64186e-10
0.2955,-10.00120086,-10.00120087,1.27596e-09,10.00053407,10.00053409,1.55864e-09
0.296,-10.00118283,-10.00118285,2.17168e-09,10.00051595,10.00051597,2.45288e-09
0.2965,-10.00116504,-10.00116507,2.80896e-09,10.00049808,10.00049811,3.08733e-09
0.297,-10.00114752,-10.00114756,3.23836e-09,10.00048048,10.00048052,3.50952e-09
0.2975,-10.00113027,-10.0011303,3.5203e-09,10.00046315,10.00046319,3.78611e-09
0.298,-10.00111329,-10.00111333,3.73232e-09,10.0004461,10.00044614,3.99236e-09
0.2985,-10.00109659,-10.00109663,3.91577e-09,10.00042933,10.00042938,4.17044e-09
0.299,-10.00108018,-10.00108023,4.12431e-09,10.00041287,10.00041291,4.37524e-09
0.2995,-10.00106407,-10.00106412,4.40931e-09,10.0003967,10.00039675,4.65568e-09
0.3,-10.00104826,-10.00104832,4.81023e-09,10.00038083,10.00038089,5.05189e-09
0.3005,-10.00103276,-10.00103282,5.35454e-09,10.00036528,10.00036534,5.59251e-09
0.301,-10.00101757,-10.00101763,6.07476e-09,10.00035004,10.00035011,6.30832e-09
0.3015,-10.00100268,-10.00100276,7.07622e-09,10.00033511,10.00033519,7.30823e-09
0.302,-10.00098812,-10.00098821,8.29002e-09,10.0003205,10.0003206,8.52174e-09
0.3025,-10.00097387,-10.00097397,9.69102e-09,10.00030622,10.00030633,9.9254e-09
0.303,-10.00095994,-10.00096006,1.12373e-08,10.00029226,10.00029238,1.14735e-08
0.3035,-10.00094633,-10.00094647,1.2858e-08,10.00027862,10.00027876,1.30955e-08
0.304,-10.00093305,-10.00093321,1.44535e-08,10.00026531,10.00026547,1.46935e-08
0.3045,-10.00092009,-10.00092026,1.58999e-08,10.00025232,10.0002525,1.61396e-08
0.305,-10.00090745,-10.00090764,1.72044e-08,10.00023966,10.00023985,1.74463e-08
0.3055,-10.00089513,-10.00089532,1.73639e-08,10.00022733,10.00022752,1.76037e-08
0.306,-10.00088314,-10.00088333,1.72872e-08,10.00021531,10.00021551,1.75255e-08
0.3065,-10.00087146,-10.00087166,1.76712e-08,10.00020363,10.00020382,1.79067e-08
0.307,-10.00086011,-10.00086031,1.83622e-08,10.00019226,10.00019246,1.85964e-08
0.3075,-10.00084907,-10.00084928,1.92302e-08,10.00018121,10.00018143,1.946e-08
0.308,-10.00083835,-10.00083857,2.0151e-08,10.00017048,10.00017071,2.03775e-08
0.3085,-10.00082794,-10.00082817,2.11548e-08,10.00016007,10.00016031,2.13781e-08
0.309,-10.00081784,-10.00081808,2.21859e-08,10.00014997,10.00015022,2.24064e-08
0.3095,-10.00080805,-10.0008083,2.31345e-08,10.00014018,10.00014043,2.33498e-08
0.31,-10.00079856,-10.00079883,2.39504e-08,10.00013069,10.00013096,2.41633e-08
0.3105,-10.00078938,-10.00078965,2.46018e-08,10.00012151,10.00012178,2.48101e-08
0.311,-10.00078049,-10.00078077,2.50558e-08,10.00011263,10.00011291,2.52601e-08
0.3115,-10.0007719,-10.00077218,2.52885e-08,10.00010404,10.00010432,2.54874e-08
0.312,-10.0007636,-10.00076388,2.53548e-08,10.00009575,10.00009603,2.55486e-08
0.3125,-10.00075558,-10.00075586,2.53644e-08,10.00008774,10.00008802,2.55542e-08
0.313,-10.00074785,-10.00074812,2.52349e-08,10.00008002,10.0000803,2.54204e-08
0.3135,-10.00074039,-10.00074066,2.49795e-08,10.00007257,10.00007285,2.51599e-08
0.314,-10.00073321,-10.00073348,2.46082e-08,10.0000654,10.00006567,2.47852e-08
0.3145,-10.00072629,-10.00072656,2.4135e-08,10.0000585,10.00005877,2.43077e-08
0.315,-10.00071964,-10.0007199,2.3568e-08,10.00005187,10.00005213,2.37351e-08
0.3155,-10.00071325,-10.0007135,2.29312e-08,10.00004549,10.00004575,2.30953e-08
0.316,-10.00070711,-10.00070736,2.24272e-08,10.00003938,10.00003962,2.25855e-08
0.3165,-10.00070123,-10.00070147,2.19545e-08,10.00003351,10.00003375,2.21081e-08
0.317,-10.00069558,-10.00069582,2.15296e-08,10.00002788,10.00002812,2.16796e-08
0.3175,-10.00069018,-10.00069041,2.11655e-08,10.0000225,10.00002273,2.13103e-08
0.318,-10.00068501,-10.00068524,2.08624e-08,10.00001735,10.00001758,2.10032e-08
0.3185,-10.00068007,-10.0006803,2.06167e-08,10.00001243,10.00001266,2.07524e-08
0.319,-10.00067536,-10.00067558,2.04097e-08,10.00000774,10.00000797,2.0542e-08
0.3195,-10.00067086,-10.00067108,2.03984e-08,10.00000327,10.00000349,2.05264e-08
0.32,-10.00066657,-10.0006668,2.0499e-08,9.999999005,9.999999232,2.06227e-08
0.3205,-10.0006625,-10.00066273,2.06706e-08,9.999994954,9.999995182,2.07904e-08
0.321,-10.00065863,-10.00065886,2.08831e-08,9.999991106,9.999991337,2.09981e-08
0.3215,-10.00065495,-10.00065519,2.10913e-08,9.999987457,9.99998769,2.12028e-08
0.322,-10.00065147,-10.00065171,2.12415e-08,9.999984002,9.999984236,2.13487e-08
0.3225,-10.00064818,-10.00064842,2.12622e-08,9.999980735,9.99998097,2.13664e-08
0.323,-10.00064507,-10.0006453,2.10429e-08,9.99997765,9.999977883,2.11435e-08
0.3235,-10.00064214,-10.00064237,2.07311e-08,9.999974743,9.999974972,2.08313e-08
0.324,-10.00063938,-10.0006396,2.04711e-08,9.999972008,9.999972234,2.05689e-08
0.3245,-10.00063678,-10.00063701,2.02389e-08,9.99996944,9.999969664,2.03327e-08
0.325,-10.00063435,-10.00063457,2.00102e-08,9.999967036,9.999967257,2.01e-08
0.3255,-10.00063208,-10.0006323,1.97635e-08,9.999964789,9.999965007,1.98485e-08
0.326,-10.00062996,-10.00063017,1.94768e-08,9.999962694,9.999962909,1.95551e-08
0.3265,-10.00062799,-10.0006282,1.91743e-08,9.999960748,9.99996096,1.92462e-08
0.327,-10.00062616,-10.00062636,1.89239e-08,9.999958943,9.999959152,1.89905e-08
0.3275,-10.00062446,-10.00062467,1.86574e-08,9.999957277,9.999957483,1.87164e-08
0.328,-10.0006229,-10.00062311,1.83627e-08,9.999955744,9.999955946,1.84183e-08
0.3285,-10.00062147,-10.00062167,1.80394e-08,9.999954339,9.999954538,1.80897e-08
0.329,-10.00062017,-10.00062036,1.76776e-08,9.999953059,9.999953254,1.77231e-08
0.3295,-10.00061898,-10.00061917,1.72673e-08,9.999951899,9.99995209,1.73092e-08
0.33,-10.00061791,-10.0006181,1.68176e-08,9.999950855,9.99995104,1.68536e-08
0.3305,-10.00061695,-10.00061713,1.64857e-08,9.99994992,9.999950101,1.65193e-08
0.331,-10.0006161,-10.00061628,1.61814e-08,9.999949091,9.999949269,1.62126e-08
0.3315,-10.00061535,-10.00061552,1.59138e-08,9.999948364,9.999948539,1.59438e-08
0.332,-10.00061469,-10.00061487,1.56944e-08,9.999947734,9.999947907,1.57233e-08
0.3325,-10.00061413,-10.0006143,1.55348e-08,9.999947199,9.99994737,1.55617e-08
0.333,-10.00061366,-10.00061383,1.54414e-08,9.999946752,9.999946923,1.54688e-08
0.3335,-10.00061328,-10.00061345,1.5428e-08,9.999946392,9.999946562,1.54536e-08
0.334,-10.00061298,-10.00061315,1.54987e-08,9.999946113,9.999946284,1.55245e-08
0.3345,-10.00061275,-10.00061293,1.56623e-08,9.999945913,9.999946085,1.56883e-08
0.335,-10.0006126,-10.00061278,1.59227e-08,9.999945787,9.999945962,1.59503e-08
0.3355,-10.00061253,-10.00061271,1.62863e-08,9.999945731,9.999945911,1.63141e-08
0.336,-10.00061252,-10.0006127,1.67544e-08,9.999945743,9.999945928,1.67811e-08
0.3365,-10.00061257,-10.00061276,1.73236e-08,9.99994582,9.99994601,1.73503e-08
0.337,-10.00061269,-10.00061289,1.79903e-08,9.999945957,9.999946155,1.80182e-08
0.3375,-10.00061286,-10.00061307,1.87268e-08,9.999946152,9.999946358,1.8754e-08
0.338,-10.00061309,-10.00061331,1.95196e-08,9.999946402,9.999946617,1.9544e-08
0.3385,-10.00061337,-10.0006136,2.03627e-08,9.999946704,9.999946928,2.03861e-08
0.339,-10.0006137,-10.00061394,2.12403e-08,9.999947055,9.999947289,2.12603e-08
0.3395,-10.00061408,-10.00061433,2.21243e-08,9.999947453,9.999947697,2.21424e-08
0.34,-10.00061451,-10.00061476,2.29867e-08,9.999947895,9.999948148,2.30036e-08
0.3405,-10.00061497,-10.00061523,2.37969e-08,9.999948379,9.999948641,2.381e-08
0.341,-10.00061548,-10.00061575,2.45123e-08,9.999948903,9.999949173,2.45228e-08
0.3415,-10.00061602,-10.0006163,2.50925e-08,9.999949465,9.999949741,2.50976e-08
0.342,-10.0006166,-10.00061688,2.55063e-08,9.999950062,9.999950342,2.55085e-08
0.3425,-10.00061722,-10.0006175,2.60259e-08,9.999950693,9.999950979,2.60294e-08
0.343,-10.00061786,-10.00061815,2.60682e-08,9.999951356,9.999951643,2.6071e-08
0.3435,-10.00061854,-10.00061882,2.55977e-08,9.99995205,9.999952332,2.5596e-08
0.344,-10.00061924,-10.00061952,2.53677e-08,9.999952765,9.999953044,2.53634e-08
0.3445,-10.00061996,-10.00062024,2.56003e-08,9.999953496,9.999953778,2.55921e-08
0.345,-10.00062069,-10.00062098,2.57272e-08,9.999954249,9.999954531,2.5712e-08
0.3455,-10.00062145,-10.00062173,2.57579e-08,9.99995502,9.999955303,2.57362e-08
0.346,-10.00062223,-10.00062251,2.57039e-08,9.999955809,9.999956091,2.56747e-08
0.3465,-10.00062302,-10.0006233,2.55708e-08,9.999956613,9.999956894,2.55345e-08
0.347,-10.00062382,-10.0006241,2.53611e-08,9.999957432,9.99995771,2.53192e-08
0.3475,-10.00062464,-10.00062492,2.50788e-08,9.999958263,9.999958538,2.50295e-08
0.348,-10.00062547,-10.00062574,2.472e-08,9.999959105,9.999959376,2.46631e-08
0.3485,-10.00062631,-10.00062658,2.42774e-08,9.999959957,9.999960223,2.42145e-08
0.349,-10.00062716,-10.00062742,2.37453e-08,9.999960817,9.999961078,2.36753e-08
0.3495,-10.00062802,-10.00062827,2.31078e-08,9.999961685,9.999961938,2.3034e-08
0.35,-10.00062888,-10.00062912,2.23551e-08,9.999962559,9.999962804,2.22762e-08
0.3505,-10.00062974,-10.00062998,2.16778e-08,9.999963435,9.999963672,2.15938e-08
0.351,-10.00063061,-10.00063084,2.1181e-08,9.999964311,9.999964543,2.10922e-08
0.3515,-10.00063148,-10.00063171,2.06734e-08,9.999965189,9.999965416,2.05769e-08
0.352,-10.00063235,-10.00063257,2.01468e-08,9.999966067,9.999966288,2.00469e-08
0.3525,-10.00063322,-10.00063343,1.96048e-08,9.999966945,9.999967159,1.95004e-08
0.353,-10.00063408,-10.00063429,1.90448e-08,9.99996782,9.999968028,1.89349e-08
0.3535,-10.00063495,-10.00063515,1.84612e-08,9.999968693,9.999968894,1.83473e-08
0.354,-10.00063581,-10.000636,1.7855e-08,9.999969561,9.999969756,1.77341e-08
0.3545,-10.00063666,-10.00063685,1.72142e-08,9.999970426,9.999970614,1.70913e-08
0.355,-10.00063752,-10.0006377,1.65403e-08,9.999971284,9.999971465,1.64147e-08
0.3555,-10.00063836,-10.00063854,1.58271e-08,9.999972137,9.99997231,1.57e-08
0.356,-10.0006392,-10.00063937,1.50697e-08,9.999972983,9.999973147,1.49426e-08
0.3565,-10.00064003,-10.00064019,1.42699e-08,9.999973821,9.999973976,1.4138e-08
0.357,-10.00064086,-10.000641,1.34478e-08,9.99997465,9.999974797,1.33143e-08
0.3575,-10.00064167,-10.00064181,1.26328e-08,9.999975471,9.999975608,1.24981e-08
0.358,-10.00064248,-10.00064261,1.17925e-08,9.999976281,9.999976409,1.16511e-08
0.3585,-10.00064327,-10.00064339,1.09182e-08,9.999977082,9.9999772,1.07741e-08
0.359,-10.00064406,-10.00064417,1.00173e-08,9.999977871,9.99997798,9.86893e-09
0.3595,-10.00064483,-10.00064493,9.09136e-09,9.99997865,9.999978748,8.93818e-09
0.36,-10.00064559,-10.00064568,8.14383e-09,9.999979417,9.999979504,7.98568e-09
0.3605,-10.00064634,-10.00064642,7.1772e-09,9.999980171,9.999980249,7.0164e-09
0.361,-10.00064708,-10.00064715,6.2029e-09,9.999980914,9.99998098,6.03659e-09
0.3615,-10.00064781,-10.00064786,5.22182e-09,9.999981643,9.999981699,5.05393e-09
0.362,-10.00064852,-10.00064857,4.24862e-09,9.99998236,9.999982404,4.07761e-09
0.3625,-10.00064922,-10.00064926,3.2923e-09,9.999983063,9.999983097,3.11847e-09
0.363,-10.00064991,-10.00064993,2.36346e-09,9.999983752,9.999983776,2.18906e-09
0.3635,-10.00065058,-10.00065059,1.44527e-09,9.999984427,9.999984441,1.26749e-09
0.364,-10.00065124,-10.00065124,4.95866e-10,9.99998509,9.999985093,3.1858e-10
0.3645,-10.00065188,-10.00065188,4.06307e-10,9.999985738,9.999985732,5.89038e-10
0.365,-10.00065252,-10.0006525,1.25628e-09,9.999986372,9.999986357,1.44047e-09
0.3655,-10.00065313,-10.00065311,1.93871e-09,9.999986992,9.999986969,2.1273e-09
0.366,-10.00065374,-10.00065371,2.30248e-09,9.999987598,9.999987571,2.49076e-09
0.3665,-10.00065433,-10.0006543,2.74049e-09,9.999988189,9.999988157,2.93219e-09
0.367,-10.0006549,-10.00065487,3.2406e-09,9.999988766,9.999988728,3.43312e-09
0.3675,-10.00065546,-10.00065542,3.78571e-09,9.999989329,9.999989285,3.97685e-09
0.368,-10.00065601,-10.00065596,4.35619e-09,9.999989877,9.999989827,4.54833e-09
0.3685,-10.00065654,-10.00065649,4.94443e-09,9.99999041,9.999990354,5.13407e-09
0.369,-10.00065706,-10.000657,5.53301e-09,9.999990929,9.999990866,5.72203e-09
0.3695,-10.00065757,-10.0006575,6.11897e-09,9.999991434,9.999991365,6.30156e-09
0.37,-10.00065806,-10.00065798,6.68711e-09,9.999991925,9.999991849,6.87e-09
0.3705,-10.00065853,-10.00065845,7.25363e-09,9.999992402,9.99999232,7.4331e-09
0.371,-10.00065899,-10.00065891,7.79343e-09,9.999992864,9.999992777,7.97148e-09
0.3715,-10.00065944,-10.00065935,8.30312e-09,9.999993313,9.99999322,8.48028e-09
0.372,-10.00065988,-10.00065978,8.78165e-09,9.999993748,9.99999365,8.95568e-09
0.3725,-10.0006603,-10.0006602,9.22298e-09,9.99999417,9.999994067,9.39477e-09
0.373,-10.00066071,-10.0006606,9.62584e-09,9.999994578,9.99999447,9.79544e-09
0.3735,-10.0006611,-10.00066099,9.98885e-09,9.999994973,9.999994861,1.01563e-08
0.374,-10.00066149,-10.00066137,1.03129e-08,9.999995355,9.99999524,1.04767e-08
0.3745,-10.00066186,-10.00066174,1.05941e-08,9.999995724,9.999995605,1.07564e-08
0.375,-10.00066221,-10.00066209,1.0838e-08,9.99999608,9.999995959,1.09958e-08
0.3755,-10.00066256,-10.00066243,1.10402e-08,9.999996424,9.9999963,1.11954e-08
0.376,-10.00066289,-10.00066276,1.12063e-08,9.999996755,9.99999663,1.13562e-08
0.3765,-10.00066321,-10.00066308,1.13342e-08,9.999997074,9.999996948,1.14829e-08
0.377,-10.00066352,-10.00066339,1.14461e-08,9.999997382,9.999997254,1.15881e-08
0.3775,-10.00066381,-10.00066369,1.15202e-08,9.999997677,9.999997549,1.16637e-08
0.378,-10.0006641,-10.00066397,1.15714e-08,9.999997962,9.999997833,1.17118e-08
0.3785,-10.00066437,-10.00066424,1.15972e-08,9.999998235,9.999998106,1.17343e-08
0.379,-10.00066464,-10.00066451,1.15974e-08,9.999998497,9.999998368,1.17329e-08
0.3795,-10.00066489,-10.00066476,1.15768e-08,9.999998748,9.999998619,1.17091e-08
0.38,-10.00066513,-10.000665,1.15327e-08,9.999998989,9.99999886,1.16639e-08
0.3805,-10.00066536,-10.00066523,1.14693e-08,9.999999219,9.999999091,1.1598e-08
0.381,-10.00066558,-10.00066546,1.13864e-08,9.999999439,9.999999312,1.15113e-08
0.3815,-10.00066579,-10.00066567,1.12807e-08,9.999999649,9.999999523,1.14035e-08
0.382,-10.00066599,-10.00066587,1.11566e-08,9.999999849,9.999999725,1.12731e-08
0.3825,-10.00066619,-10.00066606,1.10009e-08,10.00000004,9.999999917,1.11181e-08
0.383,-10.00066637,-10.00066625,1.0842e-08,10.00000022,10.0000001,1.09569e-08
0.3835,-10.00066654,-10.00066642,1.07732e-08,10.00000039,10.00000027,1.08872e-08
0.384,-10.00066671,-10.00066659,1.07134e-08,10.00000056,10.00000044,1.08259e-08
0.3845,-10.00066687,-10.00066675,1.0664e-08,10.00000071,10.00000059,1.07736e-08
0.385,-10.00066701,-10.0006669,1.06234e-08,10.00000086,10.00000074,1.07305e-08
0.3855,-10.00066716,-10.00066704,1.05904e-08,10.000001,10.00000088,1.06958e-08
0.386,-10.00066729,-10.00066717,1.05658e-08,10.00000113,10.00000101,1.0668e-08
0.3865,-10.00066741,-10.0006673,1.0543e-08,10.00000126,10.00000114,1.06448e-08
0.387,-10.00066753,-10.00066742,1.05229e-08,10.00000137,10.00000125,1.06228e-08
0.3875,-10.00066764,-10.00066753,1.05035e-08,10.00000148,10.00000136,1.05976e-08
0.388,-10.00066774,-10.00066763,1.04684e-08,10.00000158,10.00000147,1.05638e-08
0.3885,-10.00066784,-10.00066773,1.04227e-08,10.00000168,10.00000156,1.05148e-08
0.389,-10.00066793,-10.00066782,1.03571e-08,10.00000176,10.00000165,1.04427e-08
0.3895,-10.00066801,-10.0006679,1.02742e-08,10.00000184,10.00000173,1.03601e-08
0.39,-10.00066809,-10.00066798,1.03459e-08,10.00000192,10.00000181,1.04306e-08
0.3905,-10.00066816,-10.00066805,1.04342e-08,10.00000199,10.00000188,1.05148e-08
0.391,-10.00066823,-10.00066811,1.05317e-08,10.00000206,10.00000194,1.06099e-08
0.3915,-10.00066829,-10.00066817,1.06356e-08,10.00000211,10.000002,1.07124e-08
0.392,-10.00066834,-10.00066822,1.07433e-08,10.00000217,10.00000205,1.0818e-08
0.3925,-10.00066839,-10.00066827,1.08494e-08,10.00000222,10.0000021,1.09217e-08
0.393,-10.00066844,-10.00066832,1.09485e-08,10.00000226,10.00000214,1.10176e-08
0.3935,-10.00066848,-10.00066835,1.10327e-08,10.0000023,10.00000218,1.10993e-08
0.394,-10.00066851,-10.00066839,1.10915e-08,10.00000233,10.00000221,1.11591e-08
0.3945,-10.00066854,-10.00066842,1.11265e-08,10.00000236,10.00000224,1.11886e-08
0.395,-10.00066857,-10.00066844,1.11223e-08,10.00000238,10.00000226,1.11783e-08
0.3955,-10.00066859,-10.00066847,1.10655e-08,10.0000024,10.00000228,1.11181e-08
0.396,-10.0006686,-10.00066848,1.0955e-08,10.00000242,10.0000023,1.10042e-08
0.3965,-10.00066862,-10.0006685,1.09186e-08,10.00000243,10.00000231,1.09678e-08
0.397,-10.00066863,-10.00066851,1.08557e-08,10.00000244,10.00000232,1.09026e-08
0.3975,-10.00066864,-10.00066852,1.07649e-08,10.00000245,10.00000233,1.08112e-08
0.398,-10.00066864,-10.00066852,1.06561e-08,10.00000245,10.00000233,1.06954e-08
0.3985,-10.00066864,-10.00066853,1.05152e-08,10.00000245,10.00000233,1.05567e-08
0.399,-10.00066864,-10.00066853,1.03598e-08,10.00000245,10.00000233,1.03966e-08
0.3995,-10.00066863,-10.00066852,1.01812e-08,10.00000244,10.00000233,1.0216e-08
0.4,-10.00066863,-10.00066852,9.98047e-09,10.00000243,10.00000232,1.00159e-08
0.4005,-10.00066862,-10.00066851,9.76854e-09,10.00000242,10.00000231,9.79658e-09
0.401,-10.0006686,-10.0006685,9.53241e-09,10.00000241,10.0000023,9.55841e-09
0.4015,-10.00066859,-10.00066848,9.27622e-09,10.00000239,10.00000229,9.30128e-09
0.402,-10.00066857,-10.00066847,9.00434e-09,10.00000237,10.00000227,9.02476e-09
0.4025,-10.00066855,-10.00066845,8.71162e-09,10.00000235,10.00000225,8.72811e-09
0.403,-10.00066853,-10.00066843,8.45613e-09,10.00000233,10.00000223,8.47285e-09
0.4035,-10.0006685,-10.00066841,8.20409e-09,10.0000023,10.00000221,8.21506e-09
0.404,-10.00066848,-10.00066839,7.94617e-09,10.00000228,10.00000219,7.9559e-09
0.4045,-10.00066845,-10.00066837,7.69017e-09,10.00000225,10.00000216,7.6965e-09
0.405,-10.00066842,-10.00066834,7.43446e-09,10.00000222,10.00000214,7.43787e-09
0.4055,-10.00066839,-10.00066832,7.18e-09,10.00000219,10.00000211,7.18088e-09
0.406,-10.00066836,-10.00066829,6.9304e-09,10.00000216,10.00000208,6.92623e-09
0.4065,-10.00066833,-10.00066826,6.67979e-09,10.00000212,10.00000205,6.67449e-09
0.407,-10.0006683,-10.00066823,6.42978e-09,10.00000209,10.00000202,6.42607e-09
0.4075,-10.00066827,-10.0006682,6.18702e-09,10.00000206,10.00000199,6.1812e-09
0.408,-10.00066823,-10.00066817,5.94869e-09,10.00000202,10.00000196,5.93995e-09
0.4085,-10.0006682,-10.00066813,5.70976e-09,10.00000198,10.00000192,5.70223e-09
0.409,-10.00066816,-10.0006681,5.47752e-09,10.00000195,10.00000189,5.46777e-09
0.4095,-10.00066812,-10.00066806,5.27157e-09,10.00000191,10.00000185,5.2593e-09
0.41,-10.00066809,-10.00066803,5.07541e-09,10.00000187,10.00000182,5.06223e-09
0.4105,-10.00066805,-10.00066799,4.88969e-09,10.00000183,10.00000178,4.87562e-09
0.411,-10.00066801,-10.00066796,4.71526e-09,10.0000018,10.00000174,4.69979e-09
0.4115,-10.00066797,-10.00066792,4.55319e-09,10.00000176,10.00000171,4.53496e-09
0.412,-10.00066793,-10.00066789,4.3975e-09,10.00000172,10.00000167,4.38127e-09
0.4125,-10.00066789,-10.00066785,4.25937e-09,10.00000168,10.00000163,4.23874e-09
0.413,-10.00066786,-10.00066781,4.12354e-09,10.00000164,10.00000159,4.10732e-09
0.4135,-10.00066782,-10.00066777,4.00888e-09,10.0000016,10.00000156,3.98684e-09
0.414,-10.00066778,-10.00066774,3.90055e-09,10.00000156,10.00000152,3.87705e-09
0.4145,-10.00066774,-10.0006677,3.79845e-09,10.00000152,10.00000148,3.77758e-09
0.415,-10.0006677,-10.00066766,3.70997e-09,10.00000148,10.00000144,3.68799e-09
0.4155,-10.00066766,-10.00066762,3.63302e-09,10.00000144,10.0000014,3.60771e-09
0.416,-10.00066763,-10.00066759,3.56328e-09,10.00000141,10.00000137,3.53609e-09
0.4165,-10.00066759,-10.00066755,3.49908e-09,10.00000137,10.00000133,3.47236e-09
0.417,-10.00066755,-10.00066751,3.4438e-09,10.00000133,10.00000129,3.41567e-09
0.4175,-10.00066751,-10.00066748,3.39618e-09,10.00000129,10.00000125,3.36502e-09
0.418,-10.00066748,-10.00066744,3.35516e-09,10.00000125,10.00000122,3.31936e-09
0.4185,-10.00066744,-10.0006674,3.31024e-09,10.00000122,10.00000118,3.27749e-09
0.419,-10.0006674,-10.00066737,3.27288e-09,10.00000118,10.00000114,3.23813e-09
0.4195,-10.00066737,-10.00066733,3.24025e-09,10.00000114,10.00000111,3.19987e-09
0.42,-10.00066733,-10.0006673,3.20003e-09,10.00000111,10.00000107,3.16121e-09
0.4205,-10.0006673,-10.00066726,3.16433e-09,10.00000107,10.00000104,3.12052e-09
0.421,-10.00066726,-10.00066723,3.11884e-09,10.00000104,10.000001,3.07607e-09
0.4215,-10.00066723,-10.00066719,3.07365e-09,10.000001,10.00000097,3.02601e-09
0.422,-10.00066719,-10.00066716,3.01971e-09,10.00000097,10.00000094,2.96839e-09
0.4225,-10.00066716,-10.00066713,3.05718e-09,10.00000094,10.0000009,3.00701e-09
0.423,-10.00066713,-10.0006671,3.12897e-09,10.00000091,10.00000087,3.078e-09
0.4235,-10.0006671,-10.00066706,3.21211e-09,10.00000087,10.00000084,3.15921e-09
0.424,-10.00066707,-10.00066703,3.30324e-09,10.00000084,10.00000081,3.25021e-09
0.4245,-10.00066704,-10.000667,3.40161e-09,10.00000081,10.00000078,3.35054e-09
0.425,-10.00066701,-10.00066697,3.51153e-09,10.00000079,10.00000075,3.45968e-09
0.4255,-10.00066698,-10.00066694,3.62784e-09,10.00000076,10.00000072,3.57711e-09
0.426,-10.00066696,-10.00066691,3.75284e-09,10.00000073,10.00000069,3.70223e-09
0.4265,-10.00066693,-10.00066689,3.88421e-09,10.0000007,10.00000066,3.83442e-09
0.427,-10.0006669,-10.00066686,4.02225e-09,10.00000068,10.00000063,3.97302e-09
0.4275,-10.00066688,-10.00066683,4.16506e-09,10.00000065,10.00000061,4.11734e-09
0.428,-10.00066685,-10.00066681,4.31336e-09,10.00000063,10.00000058,4.26664e-09
0.4285,-10.00066683,-10.00066678,4.48311e-09,10.0000006,10.00000055,4.43736e-09
0.429,-10.0006668,-10.00066675,4.68092e-09,10.00000058,10.00000053,4.63396e-09
0.4295,-10.00066678,-10.00066673,4.8583e-09,10.00000055,10.0000005,4.81589e-09
0.43,-10.00066676,-10.0006667,5.02112e-09,10.00000053,10.00000048,4.9817e-09
0.4305,-10.00066674,-10.00066668,5.17041e-09,10.00000051,10.00000045,5.12968e-09
0.431,-10.00066671,-10.00066666,5.29509e-09,10.00000049,10.00000043,5.25787e-09
0.4315,-10.00066669,-10.00066663,5.39858e-09,10.00000047,10.00000041,5.36405e-09
0.432,-10.00066667,-10.00066661,5.47704e-09,10.00000045,10.00000039,5.44573e-09
0.4325,-10.00066665,-10.00066659,5.53389e-09,10.00000042,10.00000036,5.50019e-09
0.433,-10.00066663,-10.00066657,5.55316e-09,10.0000004,10.00000034,5.52443e-09
0.4335,-10.00066661,-10.00066655,5.53826e-09,10.00000038,10.00000032,5.5152e-09
0.434,-10.00066659,-10.00066653,5.49016e-09,10.00000036,10.0000003,5.469e-09
0.4345,-10.00066657,-10.00066651,5.40013e-09,10.00000034,10.00000029,5.38207e-09
0.435,-10.00066655,-10.00066649,5.26429e-09,10.00000032,10.00000027,5.25038e-09
0.4355,-10.00066654,-10.00066648,5.38151e-09,10.00000031,10.00000025,5.36716e-09
0.436,-10.00066652,-10.00066646,5.61953e-09,10.00000029,10.00000023,5.6126e-09
0.4365,-10.00066651,-10.00066644,5.86785e-09,10.00000028,10.00000022,5.86559e-09
0.437,-10.00066649,-10.00066643,6.12498e-09,10.00000027,10.0000002,6.12523e-09
0.4375,-10.00066648,-10.00066641,6.38699e-09,10.00000025,10.00000018,6.39052e-09
0.438,-10.00066647,-10.0006664,6.65238e-09,10.00000024,10.00000017,6.66026e-09
0.4385,-10.00066646,-10.00066638,6.92204e-09,10.00000023,10.00000016,6.93313e-09
0.439,-10.00066645,-10.00066637,7.19203e-09,10.00000022,10.00000014,7.20768e-09
0.4395,-10.00066644,-10.00066635,7.46082e-09,10.00000021,10.00000013,7.48227e-09
0.44,-10.00066643,-10.00066634,7.73412e-09,10.0000002,10.00000011,7.75514e-09
0.4405,-10.00066642,-10.00066633,7.99587e-09,10.00000019,10.0000001,8.02438e-09
0.441,-10.00066641,-10.00066632,8.25661e-09,10.00000018,10.00000009,8.28793e-09
0.4415,-10.0006664,-10.00066631,8.50752e-09,10.00000017,10.00000008,8.54358e-09
0.442,-10.00066639,-10.00066629,8.75186e-09,10.00000016,10.00000007,8.78897e-09
0.4425,-10.00066638,-10.00066628,8.9808e-09,10.00000016,10.00000006,9.02159e-09
0.443,-10.00066637,-10.00066627,9.2e-09,10.00000015,10.00000005,9.2388e-09
0.4435,-10.00066637,-10.00066626,9.39335e-09,10.00000014,10.00000004,9.4378e-09
0.444,-10.00066636,-10.00066625,9.56893e-09,10.00000013,10.00000003,9.61564e-09
0.4445,-10.00066635,-10.00066625,9.72271e-09,10.00000013,10.00000002,9.76922e-09
0.445,-10.00066635,-10.00066624,9.84581e-09,10.00000012,10.00000001,9.8953e-09
0.4455,-10.00066634,-10.00066623,9.94144e-09,10.00000011,10,9.9905e-09
0.446,-10.00066633,-10.00066622,1.00007e-08,10.00000011,9.999999995,1.00513e-08
0.4465,-10.00066632,-10.00066621,1.00268e-08,10.0000001,9.999999987,1.00739e-08
0.447,-10.00066632,-10.00066621,1.0006e-08,10.00000009,9.99999998,1.00546e-08
0.4475,-10.00066631,-10.0006662,9.94387e-09,10.00000008,9.999999974,9.98942e-09
0.448,-10.0006663,-10.00066619,9.83151e-09,10.00000008,9.999999967,9.87415e-09
0.4485,-10.0006663,-10.00066619,9.84164e-09,10.00000007,9.999999961,9.88097e-09
0.449,-10.00066629,-10.00066618,9.95562e-09,10.00000007,9.999999956,9.99978e-09
0.4495,-10.00066629,-10.00066618,1.00652e-08,10.00000006,9.99999995,1.01112e-08
0.45,-10.00066628,-10.00066617,1.01663e-08,10.00000006,9.999999945,1.02147e-08
0.4505,-10.00066628,-10.00066617,1.02595e-08,10.00000005,9.99999994,1.031e-08
0.451,-10.00066627,-10.00066616,1.03433e-08,10.00000005,9.999999936,1.03966e-08
0.4515,-10.00066627,-10.00066616,1.04206e-08,10.00000005,9.999999932,1.0474e-08
0.452,-10.00066627,-10.00066615,1.04875e-08,10.00000004,9.999999928,1.0542e-08
0.4525,-10.00066627,-10.00066615,1.05445e-08,10.00000004,9.999999924,1.05999e-08
0.453,-10.00066626,-10.00066615,1.05899e-08,10.00000004,9.999999921,1.06473e-08
0.4535,-10.00066626,-10.00066614,1.06269e-08,10.00000004,9.999999917,1.06839e-08
0.454,-10.00066626,-10.00066614,1.06487e-08,10.00000003,9.999999915,1.0709e-08
0.4545,-10.00066625,-10.00066614,1.06634e-08,10.00000003,9.999999912,1.07223e-08
0.455,-10.00066625,-10.00066613,1.06644e-08,10.00000003,9.999999909,1.07232e-08
0.4555,-10.00066625,-10.00066613,1.06522e-08,10.00000003,9.999999907,1.07112e-08
0.456,-10.00066625,-10.00066613,1.06251e-08,10.00000002,9.999999905,1.06859e-08
0.4565,-10.00066624,-10.00066613,1.05886e-08,10.00000002,9.999999903,1.06467e-08
0.457,-10.00066624,-10.00066613,1.05336e-08,10.00000002,9.999999902,1.05931e-08
0.4575,-10.00066624,-10.00066612,1.0468e-08,10.00000002,9.9999999,1.05245e-08
0.458,-10.00066624,-10.00066612,1.03851e-08,10.00000001,9.999999899,1.04405e-08
0.4585,-10.00066624,-10.00066612,1.02879e-08,10.00000001,9.999999898,1.03406e-08
0.459,-10.00066623,-10.00066612,1.01698e-08,10.00000001,9.999999897,1.0224e-08
0.4595,-10.00066623,-10.00066612,1.00411e-08,10.00000001,9.999999897,1.00904e-08
0.46,-10.00066623,-10.00066612,9.89014e-09,10.00000001,9.999999896,9.93905e-09
0.4605,-10.00066623,-10.00066612,9.72483e-09,10,9.999999896,9.76947e-09
0.461,-10.00066622,-10.00066612,9.54087e-09,10,9.999999896,9.58105e-09
0.4615,-10.00066622,-10.00066612,9.3461e-09,9.999999999,9.999999896,9.38454e-09
0.462,-10.00066622,-10.00066612,9.15315e-09,9.999999997,9.999999896,9.19053e-09
0.4625,-10.00066622,-10.00066612,8.95289e-09,9.999999995,9.999999896,8.98926e-09
0.463,-10.00066622,-10.00066612,8.74826e-09,9.999999993,9.999999896,8.78125e-09
0.4635,-10.00066621,-10.00066612,8.5301e-09,9.999999991,9.999999897,8.56702e-09
0.464,-10.00066621,-10.00066612,8.31104e-09,9.999999989,9.999999897,8.34711e-09
0.4645,-10.00066621,-10.00066612,8.08673e-09,9.999999987,9.999999898,8.12201e-09
0.465,-10.00066621,-10.00066612,7.85768e-09,9.999999986,9.999999899,7.89224e-09
0.4655,-10.00066621,-10.00066612,7.62437e-09,9.999999984,9.9999999,7.65828e-09
0.466,-10.00066621,-10.00066612,7.3873e-09,9.999999982,9.999999901,7.42062e-09
0.4665,-10.0006662,-10.00066612,7.14694e-09,9.999999981,9.999999902,7.17974e-09
0.467,-10.0006662,-10.00066613,6.90618e-09,9.999999979,9.999999903,6.93612e-09
0.4675,-10.0006662,-10.00066613,6.65822e-09,9.999999978,9.999999904,6.6902e-09
0.468,-10.0006662,-10.00066613,6.40836e-09,9.999999976,9.999999905,6.44246e-09
0.4685,-10.0006662,-10.00066613,6.16188e-09,9.999999975,9.999999907,6.19333e-09
0.469,-10.0006662,-10.00066613,5.91437e-09,9.999999974,9.999999908,5.94326e-09
0.4695,-10.00066619,-10.00066613,5.66386e-09,9.999999972,9.99999991,5.69268e-09
0.47,-10.00066619,-10.00066613,5.41319e-09,9.999999971,9.999999911,5.442e-09
0.4705,-10.00066619,-10.00066614,5.16518e-09,9.99999997,9.999999913,5.19166e-09
0.471,-10.00066619,-10.00066614,4.91299e-09,9.999999969,9.999999915,4.94204e-09
0.4715,-10.00066619,-10.00066614,4.6667e-09,9.999999968,9.999999916,4.69356e-09
0.472,-10.00066619,-10.00066614,4.41945e-09,9.999999967,9.999999918,4.44661e-09
0.4725,-10.00066619,-10.00066614,4.17403e-09,9.999999966,9.99999992,4.20157e-09
0.473,-10.00066619,-10.00066614,3.9284e-09,9.999999965,9.999999921,3.95881e-09
0.4735,-10.00066619,-10.00066615,3.6902e-09,9.999999964,9.999999923,3.7187e-09
0.474,-10.00066619,-10.00066615,3.45253e-09,9.999999963,9.999999925,3.48162e-09
0.4745,-10.00066618,-10.00066615,3.22058e-09,9.999999963,9.999999927,3.24789e-09
0.475,-10.00066618,-10.00066615,2.98986e-09,9.999999962,9.999999929,3.01788e-09
0.4755,-10.00066618,-10.00066615,2.76312e-09,9.999999961,9.999999931,2.79192e-09
0.476,-10.00066618,-10.00066615,2.54556e-09,9.999999961,9.999999932,2.57034e-09
0.4765,-10.00066618,-10.00066616,2.32537e-09,9.99999996,9.999999934,2.35345e-09
0.477,-10.00066618,-10.00066616,2.11014e-09,9.99999996,9.999999936,2.14158e-09
0.4775,-10.00066618,-10.00066616,1.90503e-09,9.999999959,9.999999938,1.93502e-09
0.478,-10.00066618,-10.00066616,1.70548e-09,9.999999959,9.99999994,1.73408e-09
0.4785,-10.00066618,-10.00066616,1.51181e-09,9.999999959,9.999999942,1.53904e-09
0.479,-10.00066618,-10.00066617,1.32186e-09,9.999999958,9.999999944,1.35019e-09
0.4795,-10.00066618,-10.00066617,1.13835e-09,9.999999958,9.999999945,1.16779e-09
0.48,-10.00066618,-10.00066617,9.66374e-10,9.999999958,9.999999947,9.92119e-10
0.4805,-10.00066618,-10.00066617,7.96522e-10,9.999999958,9.999999949,8.23431e-10
0.481,-10.00066618,-10.00066617,6.36312e-10,9.999999958,9.999999951,6.61974e-10
0.4815,-10.00066618,-10.00066617,4.78725e-10,9.999999958,9.999999952,5.07993e-10
0.482,-10.00066618,-10.00066618,3.33691e-10,9.999999958,9.999999954,3.6172e-10
0.4825,-10.00066618,-10.00066618,1.94174e-10,9.999999958,9.999999956,2.23383e-10
0.483,-10.00066618,-10.00066618,6.52454e-11,9.999999958,9.999999957,9.31983e-11
0.4835,-10.00066618,-10.00066618,4.43344e-11,9.999999958,9.999999959,1.77834e-11
0.484,-10.00066618,-10.00066618,1.47953e-10,9.999999959,9.99999996,1.20399e-10
0.4845,-10.00066618,-10.00066618,2.42604e-10,9.999999959,9.999999961,2.16464e-10
0.485,-10.00066618,-10.00066618,3.3307e-10,9.999999959,9.999999963,3.05921e-10
0.4855,-10.00066618,-10.00066619,4.14454e-10,9.99999996,9.999999964,3.88716e-10
0.486,-10.00066618,-10.00066619,4.91546e-10,9.99999996,9.999999965,4.648e-10
0.4865,-10.00066618,-10.00066619,5.59455e-10,9.999999961,9.999999967,5.34125e-10
0.487,-10.00066618,-10.00066619,6.20556e-10,9.999999961,9.999999968,5.96647e-10
0.4875,-10.00066618,-10.00066619,6.67542e-10,9.999999962,9.999999969,6.44832e-10
0.488,-10.00066618,-10.00066619,6.8342e-10,9.999999963,9.99999997,6.61842e-10
0.4885,-10.00066619,-10.00066619,6.99644e-10,9.999999964,9.999999972,6.76724e-10
0.489,-10.00066619,-10.00066619,7.11337e-10,9.999999965,9.999999973,6.89447e-10
0.4895,-10.00066619,-10.0006662,7.20894e-10,9.999999966,9.999999974,6.99987e-10
0.49,-10.00066619,-10.0006662,7.28292e-10,9.999999967,9.999999975,7.08319e-10
0.4905,-10.00066619,-10.0006662,7.33509e-10,9.999999968,9.999999976,7.14425e-10
0.491,-10.00066619,-10.0006662,7.36527e-10,9.999999969,9.999999977,7.1829e-10
0.4915,-10.00066619,-10.0006662,7.37335e-10,9.99999997,9.999999978,7.199e-10
0.492,-10.00066619,-10.0006662,7.3592e-10,9.999999971,9.999999979,7.19248e-10
0.4925,-10.00066619,-10.0006662,7.34699e-10,9.999999972,9.99999998,7.16327e-10
0.493,-10.0006662,-10.0006662,7.26401e-10,9.999999973,9.999999981,7.11137e-10
0.4935,-10.0006662,-10.0006662,7.18294e-10,9.999999975,9.999999982,7.03677e-10
0.494,-10.0006662,-10.00066621,7.1038e-10,9.999999976,9.999999983,6.93954e-10
0.4945,-10.0006662,-10.00066621,6.97823e-10,9.999999977,9.999999984,6.81976e-10
0.495,-10.0006662,-10.00066621,6.83055e-10,9.999999978,9.999999985,6.67755e-10
0.4955,-10.0006662,-10.00066621,6.68512e-10,9.999999979,9.999999986,6.51306e-10
0.496,-10.0006662,-10.00066621,6.44525e-10,9.99999998,9.999999987,6.32648e-10
0.4965,-10.0006662,-10.00066621,6.28068e-10,9.999999981,9.999999987,6.11805e-10
0.497,-10.0006662,-10.00066621,6.02195e-10,9.999999982,9.999999988,5.88784e-10
0.4975,-10.0006662,-10.00066621,5.79035e-10,9.999999983,9.999999989,5.63604e-10
0.498,-10.00066621,-10.00066621,5.51338e-10,9.999999984,9.99999999,5.36285e-10
0.4985,-10.00066621,-10.00066621,5.19123e-10,9.999999985,9.99999999,5.06851e-10
0.499,-10.00066621,-10.00066621,4.87263e-10,9.999999986,9.999999991,4.75325e-10
0.4995,-10.00066621,-10.00066621,4.55782e-10,9.999999987,9.999999992,4.41733e-10
0.5,-10.00066621,-10.56888557,0.0516541,9.999999988,10.99999999,0.0909091
0.5,-11.00046625,-10.56888557,0.0392329,10.99999999,10.99999999,4.06168e-10
0.5005,-10.99985305,-10.99985207,8.90842e-08,10.99938631,10.99938533,8.91583e-08
0.501,-10.99805273,-10.99805039,2.12447e-07,10.9975846,10.99758226,2.12607e-07
0.5015,-10.99512387,-10.99512134,2.29889e-07,10.99465347,10.99465094,2.3007e-07
0.502,-10.99112585,-10.99112348,2.15049e-07,10.99065233,10.99064996,2.1523e-07
0.5025,-10.98611609,-10.98611382,2.06504e-07,10.98563865,10.98563638,2.06683e-07
0.503,-10.98015014,-10.98014781,2.11493e-07,10.97966801,10.97966568,2.11679e-07
0.5035,-10.97328171,-10.97327938,2.1243e-07,10.97279417,10.97279184,2.12614e-07
0.504,-10.96556321,-10.9655609,2.09987e-07,10.96506957,10.96506726,2.10173e-07
0.5045,-10.95704551,-10.95704326,2.0446e-07,10.95654512,10.95654287,2.04643e-07
0.505,-10.94777797,-10.94777581,1.96912e-07,10.94727023,10.94726806,1.97082e-07
0.5055,-10.93780848,-10.93780642,1.87439e-07,10.9372928,10.93729074,1.87589e-07
0.506,-10.92718345,-10.92718147,1.79626e-07,10.92665931,10.92665733,1.79743e-07
0.5065,-10.91594782,-10.91594589,1.75622e-07,10.91541473,10.9154128,1.75718e-07
0.507,-10.90414509,-10.90414316,1.75127e-07,10.90360258,10.90360065,1.75203e-07
0.5075,-10.89181725,-10.89181532,1.75259e-07,10.89126491,10.89126298,1.75319e-07
0.508,-10.87900498,-10.87900302,1.7808e-07,10.87844241,10.87844045,1.78126e-07
0.5085,-10.86574746,-10.86574549,1.79357e-07,10.86517432,10.86517235,1.79397e-07
0.509,-10.85208261,-10.85208059,1.83701e-07,10.85149859,10.85149657,1.83734e-07
0.5095,-10.83804691,-10.83804486,1.86435e-07,10.83745172,10.83744967,1.86464e-07
0.51,-10.82367559,-10.8236735,1.90316e-07,10.82306898,10.82306688,1.90341e-07
0.5105,-10.80900249,-10.80900037,1.92487e-07,10.80838424,10.80838212,1.92512e-07
0.511,-10.79406025,-10.79405809,1.9659e-07,10.79343018,10.79342802,1.96613e-07
0.5115,-10.77888016,-10.778878,1.96561e-07,10.77823812,10.77823596,1.96587e-07
0.512,-10.76349236,-10.76349017,1.99848e-07,10.76283822,10.76283602,1.99879e-07
0.5125,-10.74792573,-10.74792347,2.04853e-07,10.74725939,10.74725714,2.04892e-07
0.513,-10.73220793,-10.73220564,2.0866e-07,10.73152933,10.73152703,2.08714e-07
0.5135,-10.71636549,-10.71636319,2.08463e-07,10.71567458,10.71567228,2.08542e-07
0.514,-10.70042381,-10.70042151,2.08913e-07,10.69972058,10.69971828,2.09023e-07
0.5145,-10.68440714,-10.68440482,2.10913e-07,10.6836916,10.68368928,2.11059e-07
0.515,-10.66833866,-10.6683364,2.05395e-07,10.66761084,10.66760857,2.05567e-07
0.5155,-10.65224047,-10.65223827,2.00415e-07,10.65150042,10.65149821,2.00606e-07
0.516,-10.63613365,-10.63613146,1.98895e-07,10.63538145,10.63537926,1.99117e-07
0.5165,-10.62003823,-10.62003605,1.98515e-07,10.61927398,10.61927179,1.98761e-07
0.517,-10.60397328,-10.60397112,1.96106e-07,10.60319709,10.60319493,1.96358e-07
0.5175,-10.58795688,-10.58795479,1.90187e-07,10.5871689,10.5871668,1.90453e-07
0.518,-10.57200619,-10.57200419,1.81775e-07,10.57120657,10.57120456,1.82049e-07
0.5185,-10.55613744,-10.55613543,1.82445e-07,10.55532634,10.55532433,1.82725e-07
0.519,-10.54036596,-10.54036407,1.72395e-07,10.53954359,10.53954169,1.72668e-07
0.5195,-10.52470624,-10.5247045,1.58251e-07,10.52387278,10.52387104,1.58519e-07
0.52,-10.5091719,-10.50917027,1.48415e-07,10.50832758,10.50832595,1.48681e-07
0.5205,-10.49377576,-10.49377416,1.44993e-07,10.49292081,10.49291921,1.45251e-07
0.521,-10.47852983,-10.47852823,1.45328e-07,10.47766449,10.47766289,1.4559e-07
0.5215,-10.46344536,-10.46344376,1.45392e-07,10.46256989,10.46256828,1.45656e-07
0.522,-10.44853287,-10.44853131,1.4162e-07,10.44764752,10.44764596,1.41882e-07
0.5225,-10.43380213,-10.43380067,1.3259e-07,10.43290718,10.43290572,1.32846e-07
0.523,-10.41926222,-10.4192609,1.2014e-07,10.41835796,10.41835663,1.20392e-07
0.5235,-10.40492155,-10.40492024,1.19148e-07,10.40400826,10.40400695,1.19406e-07
0.524,-10.39078789,-10.39078669,1.0939e-07,10.38986588,10.38986467,1.09636e-07
0.5245,-10.37686835,-10.37686731,9.45157e-08,10.37593792,10.37593688,9.47482e-08
0.525,-10.36316945,-10.36316854,8.26046e-08,10.3622309,10.36222999,8.28257e-08
0.5255,-10.34969712,-10.34969627,7.72558e-08,10.34875078,10.34874993,7.74725e-08
0.526,-10.33645675,-10.33645589,7.75893e-08,10.33550293,10.33550207,7.78017e-08
0.5265,-10.32345311,-10.32345226,7.69057e-08,10.32249214,10.32249129,7.71164e-08
0.527,-10.31069052,-10.31068972,7.34341e-08,10.30972272,10.30972191,7.36385e-08
0.5275,-10.2981728,-10.29817207,6.60636e-08,10.2971985,10.29719777,6.62532e-08
0.528,-10.28590324,-10.28590263,5.4896e-08,10.28492276,10.28492216,5.50692e-08
0.5285,-10.27388466,-10.27388412,4.94344e-08,10.27289834,10.2728978,4.95985e-08
0.529,-10.26211949,-10.262119,4.49819e-08,10.26112767,10.26112717,4.51372e-08
0.5295,-10.25060973,-10.25060936,3.33405e-08,10.24961272,10.24961235,3.34746e-08
0.53,-10.23935688,-10.23935666,2.04577e-08,10.23835503,10.2383548,2.05729e-08
0.5305,-10.22836217,-10.22836203,1.28241e-08,10.22735579,10.22735565,1.29289e-08
0.531,-10.2176264,-10.21762627,1.15456e-08,10.21661583,10.2166157,1.1646e-08
0.5315,-10.20715001,-10.20714987,1.33953e-08,10.20613557,10.20613542,1.34931e-08
0.532,-10.19693311,-10.19693297,1.29541e-08,10.19591512,10.19591498,1.30498e-08
0.5325,-10.1869755,-10.18697539,9.3957e-09,10.18595428,10.18595418,9.48474e-09
0.533,-10.17727668,-10.17727665,3.13914e-09,10.17625255,10.17625252,3.21501e-09
0.5335,-10.16783581,-10.1678359,7.68063e-09,10.16680908,10.16680917,7.62135e-09
0.534,-10.15865183,-10.15865194,9.70752e-09,10.15762281,10.15762292,9.65285e-09
0.5345,-10.14972342,-10.14972358,1.48312e-08,10.14869241,10.14869257,1.4788e-08
0.535,-10.14104898,-10.14104925,2.45919e-08,10.14001627,10.14001654,2.45688e-08
0.5355,-10.13262666,-10.13262705,3.47536e-08,10.13159256,10.13159294,3.47496e-08
0.536,-10.12445446,-10.1244549,4.00536e-08,10.12341925,10.12341969,4.00616e-08
0.5365,-10.11653015,-10.11653059,3.92715e-08,10.11549411,10.11549454,3.92842e-08
0.537,-10.10885126,-10.10885168,3.76933e-08,10.10781466,10.10781508,3.77067e-08
0.5375,-10.10141518,-10.10141559,3.71313e-08,10.1003783,10.10037871,3.7147e-08
0.538,-10.09421915,-10.09421957,3.84728e-08,10.09318224,10.09318267,3.84939e-08
0.5385,-10.08726022,-10.08726069,4.23893e-08,10.08622356,10.08622402,4.24202e-08
0.539,-10.08053529,-10.08053584,5.06351e-08,10.07949911,10.07949966,5.06817e-08
0.5395,-10.07404114,-10.07404172,5.29194e-08,10.07300569,10.07300628,5.29721e-08
0.54,-10.06777446,-10.06777505,5.36388e-08,10.06673998,10.06674057,5.36955e-08
0.5405,-10.06173176,-10.06173242,6.07516e-08,10.06069847,10.06069914,6.08234e-08
0.541,-10.05590947,-10.05591022,6.8484e-08,10.05487761,10.05487836,6.85727e-08
0.5415,-10.05030396,-10.05030475,7.2452e-08,10.04927373,10.04927453,7.25496e-08
0.542,-10.04491148,-10.04491227,7.15482e-08,10.0438831,10.04388389,7.16477e-08
0.5425,-10.03972819,-10.03972897,7.04028e-08,10.03870185,10.03870262,7.05031e-08
0.543,-10.03475022,-10.03475097,6.85781e-08,10.03372611,10.03372687,6.86776e-08
0.5435,-10.02997362,-10.02997436,6.69121e-08,10.02895194,10.02895268,6.70116e-08
0.544,-10.02539439,-10.02539514,6.81101e-08,10.02437531,10.02437606,6.82157e-08
0.5445,-10.02100847,-10.02100927,7.29314e-08,10.01999215,10.01999296,7.30458e-08
0.545,-10.01681178,-10.01681263,7.75301e-08,10.0157984,10.01579925,7.76549e-08
0.5455,-10.01280022,-10.01280104,7.43422e-08,10.01178993,10.01179075,7.44635e-08
0.546,-10.00896962,-10.00897047,7.74336e-08,10.00796257,10.00796342,7.75641e-08
0.5465,-10.00531583,-10.00531673,8.23122e-08,10.00431216,10.00431306,8.24529e-08
0.547,-10.00183469,-10.00183563,8.51673e-08,10.00083453,10.00083547,8.5315e-08
0.5475,-9.998522018,-9.99852296,8.5601e-08,9.997525497,9.99752644,8.57493e-08
0.548,-9.995373614,-9.995374549,8.50756e-08,9.994380849,9.994381787,8.5226e-08
0.5485,-9.992385317,-9.992386229,8.28566e-08,9.991396423,9.991397336,8.30049e-08
0.549,-9.989552973,-9.989553843,7.91125e-08,9.988568053,9.988568924,7.92568e-08
0.5495,-9.986872391,-9.986873251,7.81736e-08,9.985891542,9.985892404,7.83181e-08
0.55,-9.984339453,-9.984340321,7.89608e-08,9.983362767,9.983363637,7.91079e-08
0.5505,-9.981950051,-9.981950937,8.05892e-08,9.980977612,9.980978501,8.07416e-08
0.551,-9.979700093,-9.979700995,8.19579e-08,9.978731979,9.978732882,8.21127e-08
0.5515,-9.977585501,-9.977586388,8.06878e-08,9.976621782,9.976622672,8.08428e-08
0.552,-9.975602263,-9.975603158,8.1358e-08,9.974643005,9.974643902,8.15153e-08
0.5525,-9.9737464,-9.973747302,8.20442e-08,9.97279166,9.972792564,8.22021e-08
0.553,-9.972013935,-9.972014851,8.32679e-08,9.971063765,9.971064683,8.34285e-08
0.5535,-9.97040097,-9.970401889,8.35713e-08,9.969455416,9.969456337,8.37314e-08
0.554,-9.968903648,-9.968904552,8.21289e-08,9.96796275,9.967963655,8.22897e-08
0.5545,-9.967518155,-9.967519027,7.92703e-08,9.966581947,9.96658282,7.94262e-08
0.555,-9.966240705,-9.966241555,7.7263e-08,9.965309216,9.965310067,7.74171e-08
0.5555,-9.965067599,-9.965068429,7.54529e-08,9.964140851,9.964141683,7.56059e-08
0.556,-9.963995182,-9.963995993,7.3656e-08,9.963073194,9.963074006,7.3804e-08
0.5565,-9.963019838,-9.963020644,7.32914e-08,9.962102621,9.962103429,7.34379e-08
0.557,-9.962138018,-9.962138831,7.38843e-08,9.961225581,9.961226395,7.40319e-08
0.5575,-9.961346246,-9.961347054,7.34298e-08,9.96043859,9.9604394,7.35786e-08
0.558,-9.960641095,-9.960641882,7.14974e-08,9.959738219,9.959739007,7.16434e-08
0.5585,-9.960019184,-9.960019966,7.10901e-08,9.95912108,9.959121864,7.1234e-08
0.559,-9.95947722,-9.959477996,7.06197e-08,9.958583877,9.958584656,7.07585e-08
0.5595,-9.959011969,-9.959012732,6.93334e-08,9.958123372,9.958124137,6.94707e-08
0.56,-9.958620249,-9.958620996,6.78919e-08,9.957736379,9.957737127,6.80262e-08
0.5605,-9.958298947,-9.95829968,6.66045e-08,9.957419779,9.957420513,6.67384e-08
0.561,-9.958045027,-9.958045741,6.49008e-08,9.957170534,9.957171249,6.50317e-08
0.5615,-9.957855516,-9.957856204,6.25776e-08,9.956985666,9.956986356,6.27039e-08
0.562,-9.957727488,-9.95772816,6.11029e-08,9.956862247,9.95686292,6.12272e-08
0.5625,-9.957658108,-9.957658765,5.97446e-08,9.956797438,9.956798097,5.98667e-08
0.563,-9.957644605,-9.957645245,5.82061e-08,9.956788465,9.956789106,5.83239e-08
0.5635,-9.957684265,-9.95768489,5.68129e-08,9.95683261,9.956833236,5.69266e-08
0.564,-9.957774441,-9.957775056,5.59091e-08,9.956927225,9.956927841,5.60224e-08
0.5645,-9.957912567,-9.957913179,5.56269e-08,9.957069738,9.957070351,5.57391e-08
0.565,-9.958096138,-9.958096727,5.35133e-08,9.957257645,9.957258235,5.36195e-08
0.5655,-9.958322702,-9.958323268,5.1409e-08,9.95748849,9.957489056,5.15093e-08
0.566,-9.958589894,-9.958590436,4.92839e-08,9.957759904,9.957760447,4.93772e-08
0.5665,-9.958895407,-9.958895926,4.72445e-08,9.95806958,9.958070101,4.7332e-08
0.567,-9.959236999,-9.9592375,4.55426e-08,9.958415274,9.958415776,4.56263e-08
0.5675,-9.959612488,-9.959612979,4.46052e-08,9.958794802,9.958795294,4.46877e-08
0.568,-9.96001977,-9.960020252,4.38327e-08,9.959206056,9.959206539,4.39154e-08
0.5685,-9.960456798,-9.960457268,4.27593e-08,9.95964699,9.959647461,4.28422e-08
0.569,-9.960921583,-9.960922043,4.1818e-08,9.960115612,9.960116073,4.18987e-08
0.5695,-9.961412206,-9.961412653,4.05562e-08,9.960610004,9.960610451,4.06328e-08
0.57,-9.961926813,-9.96192724,3.87394e-08,9.961128307,9.961128734,3.88111e-08
0.5705,-9.962463606,-9.962464008,3.65287e-08,9.961668723,9.961669126,3.65929e-08
0.571,-9.963020845,-9.963021227,3.47394e-08,9.962229512,9.962229895,3.47998e-08
0.5715,-9.963596855,-9.963597251,3.59737e-08,9.962808999,9.962809395,3.60397e-08
0.572,-9.964190023,-9.964190404,3.46424e-08,9.963405567,9.963405949,3.47055e-08
0.5725,-9.964798783,-9.964799129,3.14671e-08,9.964017652,9.964017999,3.15197e-08
0.573,-9.965421635,-9.965421942,2.79058e-08,9.964643753,9.96464406,2.79492e-08
0.5735,-9.966057134,-9.966057406,2.47751e-08,9.965282423,9.965282696,2.4811e-08
0.574,-9.966703889,-9.966704137,2.25338e-08,9.965932272,9.96593252,2.25635e-08
0.5745,-9.967360559,-9.967360797,2.15831e-08,9.966591959,9.966592197,2.16106e-08
0.575,-9.968025864,-9.968026101,2.15545e-08,9.967260202,9.967260439,2.15827e-08
0.5755,-9.968698571,-9.968698813,2.20004e-08,9.96793577,9.967936012,2.20309e-08
0.576,-9.969377499,-9.969377747,2.25873e-08,9.96861748,9.968617729,2.26191e-08
0.5765,-9.970061517,-9.970061768,2.28662e-08,9.969304203,9.969304454,2.28988e-08
0.577,-9.970749543,-9.970749789,2.23596e-08,9.969994856,9.969995102,2.23919e-08
0.5775,-9.971440546,-9.971440775,2.08401e-08,9.970688407,9.970688636,2.08689e-08
0.578,-9.972133534,-9.972133738,1.85629e-08,9.971383867,9.971384072,1.85858e-08
0.5785,-9.972827569,-9.972827744,1.59146e-08,9.972080297,9.972080472,1.59289e-08
0.579,-9.973521754,-9.973521906,1.38249e-08,9.972776799,9.972776951,1.38358e-08
0.5795,-9.974215235,-9.974215445,1.91156e-08,9.973472522,9.973472732,1.91399e-08
0.58,-9.974907201,-9.974907403,1.83348e-08,9.974166654,9.974166856,1.83566e-08
0.5805,-9.975596884,-9.975597039,1.40446e-08,9.974858428,9.974858583,1.40558e-08
0.581,-9.976283554,-9.976283648,8.52842e-09,9.975547115,9.975547209,8.52491e-09
0.5815,-9.976966522,-9.976966559,3.40871e-09,9.976232026,9.976232063,3.39156e-09
0.582,-9.977645135,-9.977645131,3.58431e-10,9.97691251,9.976912505,3.84123e-10
0.5825,-9.97831878,-9.978318754,2.30618e-09,9.977587953,9.977587927,2.33675e-09
0.583,-9.978986877,-9.978986851,2.39649e-09,9.978257777,9.978257751,2.42563e-09
0.5835,-9.979648885,-9.979648875,9.08692e-10,9.978921442,9.978921431,9.34264e-10
0.584,-9.980304291,-9.98030431,1.66713e-09,9.979578436,9.979578454,1.64714e-09
0.5845,-9.980952621,-9.980952673,4.71246e-09,9.980228285,9.980228337,4.70036e-09
0.585,-9.981593429,-9.981593512,7.49246e-09,9.980870546,9.980870628,7.48882e-09
0.5855,-9.982226302,-9.982226405,9.42002e-09,9.981504804,9.981504908,9.4214e-09
0.586,-9.982850854,-9.982850965,1.00388e-08,9.982130678,9.982130788,1.00418e-08
0.5865,-9.983466732,-9.983466832,9.05697e-09,9.982747812,9.982747912,9.05678e-09
0.587,-9.98407361,-9.98407368,6.38394e-09,9.983355884,9.983355954,6.37751e-09
0.5875,-9.984671187,-9.984671215,2.52479e-09,9.983954593,9.983954621,2.50908e-09
0.588,-9.98525919,-9.985259172,1.58672e-09,9.984543668,9.98454365,1.61501e-09
0.5885,-9.985837369,-9.985837338,2.78282e-09,9.985122859,9.985122828,2.81465e-09
0.589,-9.9864055,-9.986405501,1.41576e-10,9.985691944,9.985691946,1.12752e-10
0.5895,-9.98696338,-9.986963355,2.32048e-09,9.986250723,9.986250697,2.35936e-09
0.59,-9.987510831,-9.987510746,7.78512e-09,9.986799016,9.98679893,7.83832e-09
0.5905,-9.988047696,-9.988047536,1.45418e-08,9.987336668,9.987336507,1.46155e-08
0.591,-9.988573834,-9.988573601,2.1195e-08,9.987863541,9.987863307,2.12871e-08
0.5915,-9.989089128,-9.989088833,2.6836e-08,9.988379518,9.988379222,2.69432e-08
0.592,-9.989593476,-9.989593136,3.08756e-08,9.988884498,9.988884157,3.09948e-08
0.5925,-9.990086793,-9.990086431,3.29575e-08,9.989378399,9.989378035,3.30841e-08
0.593,-9.990569013,-9.990568651,3.28656e-08,9.989861154,9.989860791,3.29944e-08
0.5935,-9.991040115,-9.991039747,3.34528e-08,9.990332745,9.990332375,3.35858e-08
0.594,-9.991500055,-9.991499682,3.39266e-08,9.990793129,9.990792754,3.40659e-08
0.5945,-9.991948814,-9.991948434,3.45047e-08,9.991242287,9.991241906,3.46513e-08
0.595,-9.992386388,-9.992385997,3.55136e-08,9.991680218,9.991679825,3.5665e-08
0.5955,-9.992812786,-9.992812378,3.71029e-08,9.992106932,9.992106522,3.72614e-08
0.596,-9.99322803,-9.993227599,3.91803e-08,9.992522451,9.992522018,3.93453e-08
0.5965,-9.99363217,-9.993631698,4.29709e-08,9.992926827,9.992926353,4.31446e-08
0.597,-9.994025265,-9.994024724,4.91283e-08,9.993320121,9.993319578,4.93175e-08
0.5975,-9.994407361,-9.994406745,5.59468e-08,9.993702379,9.993701762,5.61543e-08
0.598,-9.994778527,-9.994777841,6.23432e-08,9.994073673,9.994072985,6.25676e-08
0.5985,-9.995138842,-9.995138128,6.49214e-08,9.994434082,9.994433365,6.51534e-08
0.599,-9.99548839,-9.995487668,6.56342e-08,9.994783691,9.994782966,6.58712e-08
0.5995,-9.995827269,-9.995826523,6.78526e-08,9.9951226,9.995121851,6.80914e-08
0.6,-9.996155622,-9.996154813,7.34761e-08,9.995450952,9.995450141,7.37267e-08
0.6005,-9.996473538,-9.996472665,7.93678e-08,9.995768839,9.995767963,7.96313e-08
0.601,-9.996781137,-9.996780205,8.47327e-08,9.996076381,9.996075446,8.50046e-08
0.6015,-9.997078546,-9.997077568,8.89353e-08,9.996373706,9.996372724,8.92153e-08
0.602,-9.997365894,-9.997364888,9.14535e-08,9.996660944,9.996659935,9.17395e-08
0.6025,-9.997643316,-9.997642306,9.18132e-08,9.996938233,9.99693722,9.20977e-08
0.603,-9.997910986,-9.997909967,9.26112e-08,9.997205745,9.997204723,9.28981e-08
0.6035,-9.998169048,-9.998168017,9.37021e-08,9.997463628,9.997462594,9.39914e-08
0.604,-9.998417647,-9.998416608,9.44506e-08,9.997712027,9.997710985,9.47444e-08
0.6045,-9.998656941,-9.998655897,9.49598e-08,9.9979511,9.997950052,9.52557e-08
0.605,-9.998887088,-9.998886041,9.52162e-08,9.998181007,9.998179957,9.55115e-08
0.6055,-9.999108249,-9.999107203,9.50387e-08,9.99840191,9.998400862,9.53327e-08
0.606,-9.999320599,-9.999319552,9.52388e-08,9.998613986,9.998612935,9.5528e-08
0.6065,-9.999524332,-9.999523256,9.78218e-08,9.998817428,9.998816349,9.81177e-08
0.607,-9.999719602,-9.999718491,1.00961e-07,9.999012392,9.999011278,1.01259e-07
0.6075,-9.999906581,-9.999905435,1.04187e-07,9.999199051,9.999197901,1.04489e-07
0.608,-10.00008544,-10.00008427,1.0675e-07,9.99937758,9.999376403,1.07058e-07
0.6085,-10.00025637,-10.0002552,1.06353e-07,9.999548155,9.999546982,1.0666e-07
0.609,-10.00041952,-10.00041836,1.04963e-07,9.99971095,9.999709792,1.05266e-07
0.6095,-10.00057512,-10.00057394,1.06593e-07,9.999866179,9.999865003,1.06894e-07
0.61,-10.00072332,-10.00072212,1.08866e-07,10.000014,10.0000128,1.09168e-07
0.6105,-10.00086431,-10.00086308,1.11123e-07,10.0001546,10.00015338,1.11425e-07
0.611,-10.00099825,-10.00099701,1.12893e-07,10.00028816,10.00028691,1.13191e-07
0.6115,-10.00112534,-10.00112409,1.13724e-07,10.00041484,10.00041358,1.14019e-07
0.612,-10.00124574,-10.00124449,1.13164e-07,10.00053483,10.00053358,1.13454e-07
0.6125,-10.00135965,-10.00135841,1.12516e-07,10.00064832,10.00064708,1.12802e-07
0.613,-10.00146724,-10.00146601,1.12512e-07,10.00075549,10.00075425,1.12796e-07
0.6135,-10.0015687,-10.00156747,1.12146e-07,10.00085652,10.00085529,1.12428e-07
0.614,-10.00166419,-10.00166296,1.11394e-07,10.00095158,10.00095035,1.11672e-07
0.6145,-10.00175388,-10.00175267,1.10171e-07,10.00104084,10.00103962,1.10447e-07
0.615,-10.00183795,-10.00183676,1.08317e-07,10.00112447,10.00112327,1.08588e-07
0.6155,-10.00191656,-10.00191539,1.05978e-07,10.00120264,10.00120147,1.06241e-07
0.616,-10.00198991,-10.00198875,1.05386e-07,10.00127555,10.00127439,1.05647e-07
0.6165,-10.00205816,-10.002057,1.05084e-07,10.00134335,10.00134219,1.05339e-07
0.617,-10.00212145,-10.0021203,1.04968e-07,10.00140621,10.00140505,1.05218e-07
0.6175,-10.00217997,-10.00217882,1.04831e-07,10.00146428,10.00146312,1.05074e-07
0.618,-10.00223387,-10.00223272,1.04331e-07,10.00151773,10.00151658,1.04566e-07
0.6185,-10.0022833,-10.00228216,1.0298e-07,10.00156672,10.00156558,1.03207e-07
0.619,-10.00232843,-10.00232731,1.01856e-07,10.00161141,10.00161029,1.0208e-07
0.6195,-10.00236943,-10.00236832,1.00918e-07,10.00165197,10.00165086,1.01138e-07
0.62,-10.00240643,-10.00240533,1.00011e-07,10.00168853,10.00168743,1.00225e-07
0.6205,-10.00243959,-10.0024385,9.89621e-08,10.00172125,10.00172016,9.91676e-08
0.621,-10.00246905,-10.00246797,9.75759e-08,10.00175028,10.0017492,9.77711e-08
0.6215,-10.00249495,-10.00249389,9.56183e-08,10.00177575,10.00177469,9.58e-08
0.622,-10.00251743,-10.0025164,9.3487e-08,10.00179781,10.00179678,9.3659e-08
0.6225,-10.00253666,-10.00253565,9.21124e-08,10.00181661,10.00181559,9.2275e-08
0.623,-10.00255275,-10.00255175,9.06635e-08,10.00183228,10.00183128,9.08182e-08
0.6235,-10.00256583,-10.00256486,8.90795e-08,10.00184495,10.00184397,8.92283e-08
0.624,-10.00257605,-10.00257509,8.72678e-08,10.00185476,10.00185379,8.74108e-08
0.6245,-10.00258351,-10.00258258,8.5092e-08,10.00186182,10.00186088,8.52283e-08
0.625,-10.00258835,-10.00258745,8.23597e-08,10.00186625,10.00186535,8.24916e-08
0.6255,-10.00259071,-10.00258982,8.05737e-08,10.00186821,10.00186733,8.06987e-08
0.626,-10.00259068,-10.00258982,7.88218e-08,10.0018678,10.00186693,7.89417e-08
0.6265,-10.00258839,-10.00258755,7.70537e-08,10.00186513,10.00186428,7.71697e-08
0.627,-10.00258396,-10.00258313,7.52018e-08,10.00186031,10.00185948,7.53121e-08
0.6275,-10.00257748,-10.00257667,7.31623e-08,10.00185346,10.00185265,7.32639e-08
0.628,-10.00256906,-10.00256828,7.0787e-08,10.00184468,10.0018439,7.08805e-08
0.6285,-10.00255882,-10.00255807,6.86353e-08,10.00183408,10.00183332,6.87193e-08
0.629,-10.00254686,-10.00254612,6.68953e-08,10.00182176,10.00182102,6.69703e-08
0.6295,-10.00253327,-10.00253255,6.51809e-08,10.00180782,10.00180711,6.52466e-08
0.63,-10.00251815,-10.00251745,6.345e-08,10.00179236,10.00179166,6.35069e-08
0.6305,-10.00250159,-10.0025009,6.24871e-08,10.00177547,10.00177478,6.2544e-08
0.631,-10.00248368,-10.00248301,6.07561e-08,10.00175723,10.00175656,6.08085e-08
0.6315,-10.00246451,-10.00246387,5.82702e-08,10.00173774,10.0017371,5.83136e-08
0.632,-10.00244417,-10.00244355,5.59229e-08,10.00171709,10.00171647,5.59569e-08
0.6325,-10.00242273,-10.00242214,5.34101e-08,10.00169534,10.00169476,5.34325e-08
0.633,-10.00240028,-10.00239972,5.08431e-08,10.0016726,10.00167204,5.08534e-08
0.6335,-10.0023769,-10.00237636,4.82837e-08,10.00164892,10.00164839,4.82821e-08
0.634,-10.00235264,-10.00235214,4.57417e-08,10.00162438,10.00162388,4.57316e-08
0.6345,-10.0023276,-10.00232713,4.31846e-08,10.00159906,10.00159858,4.31653e-08
0.635,-10.00230184,-10.00230138,4.1097e-08,10.00157302,10.00157257,4.1072e-08
0.6355,-10.00227542,-10.00227499,3.93302e-08,10.00154634,10.00154591,3.92997e-08
0.636,-10.00224841,-10.002248,3.77514e-08,10.00151908,10.00151866,3.77178e-08
0.6365,-10.00222087,-10.00222047,3.63043e-08,10.00149129,10.00149089,3.62676e-08
0.637,-10.00219286,-10.00219248,3.49068e-08,10.00146304,10.00146265,3.48689e-08
0.6375,-10.00216444,-10.00216407,3.34617e-08,10.00143438,10.00143401,3.34223e-08
0.638,-10.00213566,-10.0021353,3.20277e-08,10.00140537,10.00140501,3.19854e-08
0.6385,-10.00210657,-10.00210623,3.07376e-08,10.00137606,10.00137572,3.06942e-08
0.639,-10.00207723,-10.00207691,2.9367e-08,10.0013465,10.00134618,2.93231e-08
0.6395,-10.00204768,-10.00204738,2.78719e-08,10.00131674,10.00131644,2.78229e-08
0.64,-10.00201797,-10.00201768,2.62051e-08,10.00128683,10.00128655,2.6152e-08
0.6405,-10.00198815,-10.00198788,2.43372e-08,10.00125681,10.00125654,2.42796e-08
0.641,-10.00195824,-10.001958,2.22597e-08,10.00122672,10.00122648,2.21959e-08
0.6415,-10.00192831,-10.00192808,2.02634e-08,10.0011966,10.00119638,2.01923e-08
0.642,-10.00189837,-10.00189817,1.82672e-08,10.00116649,10.00116629,1.81895e-08
0.6425,-10.00186848,-10.0018683,1.63779e-08,10.00113643,10.00113625,1.62931e-08
0.643,-10.00183866,-10.00183849,1.53214e-08,10.00110645,10.00110628,1.52343e-08
0.6435,-10.00180895,-10.00180877,1.63945e-08,10.00107658,10.0010764,1.63113e-08
0.644,-10.00177938,-10.0017792,1.59096e-08,10.00104685,10.00104668,1.58268e-08
0.6445,-10.00174997,-10.00174981,1.43511e-08,10.0010173,10.00101715,1.42656e-08
0.645,-10.00172076,-10.00172062,1.20922e-08,10.00098795,10.00098782,1.19994e-08
0.6455,-10.00169176,-10.00169166,9.39486e-09,10.00095883,10.00095873,9.29413e-09
0.646,-10.00166302,-10.00166295,6.50422e-09,10.00092995,10.00092988,6.3971e-09
0.6465,-10.00163454,-10.0016345,3.62201e-09,10.00090136,10.00090132,3.50617e-09
0.647,-10.00160636,-10.00160635,8.96825e-10,10.00087305,10.00087304,7.74024e-10
0.6475,-10.00157848,-10.0015785,1.55407e-09,10.00084507,10.00084508,1.68291e-09
0.648,-10.00155093,-10.00155097,3.63747e-09,10.00081741,10.00081745,3.77136e-09
0.6485,-10.00152373,-10.00152379,5.31812e-09,10.00079011,10.00079017,5.45522e-09
0.649,-10.00149689,-10.00149697,6.57514e-09,10.00076318,10.00076325,6.71566e-09
0.6495,-10.00147043,-10.00147052,7.41899e-09,10.00073663,10.00073671,7.55735e-09
0.65,-10.00144437,-10.00144445,7.8672e-09,10.00071048,10.00071056,8.00422e-09
0.6505,-10.0014187,-10.00141879,7.95896e-09,10.00068473,10.00068482,8.09526e-09
0.651,-10.00139346,-10.00139354,7.80596e-09,10.00065941,10.0006595,7.93734e-09
0.6515,-10.00136863,-10.00136872,7.45432e-09,10.00063451,10.0006346,7.58077e-09
0.652,-10.00134425,-10.00134433,6.96693e-09,10.00061006,10.00061014,7.09085e-09
0.6525,-10.00132031,-10.00132038,6.42109e-09,10.00058606,10.00058613,6.54052e-09
0.653,-10.00129682,-10.00129688,5.88421e-09,10.00056251,10.00056258,5.99901e-09
0.6535,-10.00127379,-10.00127385,5.41629e-09,10.00053943,10.00053949,5.52778e-09
0.654,-10.00125122,-10.00125128,5.12075e-09,10.00051681,10.00051687,5.2285e-09
0.6545,-10.00122913,-10.00122918,5.096e-09,10.00049466,10.00049472,5.2012e-09
0.655,-10.0012075,-10.00120756,5.33616e-09,10.000473,10.00047306,5.44013e-09
0.6555,-10.00118635,-10.00118642,5.86178e-09,10.00045181,10.00045188,5.96385e-09
0.656,-10.00116569,-10.00116576,6.66422e-09,10.0004311,10.00043118,6.76723e-09
0.6565,-10.0011455,-10.00114558,7.71286e-09,10.00041088,10.00041097,7.81768e-09
0.657,-10.00112579,-10.00112589,8.95511e-09,10.00039115,10.00039125,9.05987e-09
0.6575,-10.00110657,-10.00110668,1.04448e-08,10.0003719,10.00037201,1.05549e-08
0.658,-10.00108783,-10.00108796,1.19982e-08,10.00035313,10.00035327,1.211e-08
0.6585,-10.00106957,-10.00106971,1.3463e-08,10.00033485,10.000335,1.35796e-08
0.659,-10.00105179,-10.00105195,1.46598e-08,10.00031705,10.00031722,1.47777e-08
0.6595,-10.00103449,-10.00103465,1.45836e-08,10.00029974,10.0002999,1.47026e-08
0.66,-10.00101766,-10.00101782,1.41106e-08,10.0002829,10.00028306,1.42259e-08
0.6605,-10.00100131,-10.00100147,1.42936e-08,10.00026654,10.0002667,1.44095e-08
0.661,-10.00098543,-10.00098559,1.49943e-08,10.00025065,10.00025082,1.51105e-08
0.6615,-10.00097001,-10.00097019,1.60223e-08,10.00023523,10.00023541,1.61377e-08
0.662,-10.00095506,-10.00095525,1.72732e-08,10.00022027,10.00022046,1.7391e-08
0.6625,-10.00094056,-10.00094076,1.86734e-08,10.00020577,10.00020598,1.87928e-08
0.663,-10.00092651,-10.00092673,2.01624e-08,10.00019173,10.00019195,2.02854e-08
0.6635,-10.00091291,-10.00091315,2.17006e-08,10.00017813,10.00017837,2.18281e-08
0.664,-10.00089976,-10.00090001,2.32643e-08,10.00016498,10.00016524,2.33946e-08
0.6645,-10.00088703,-10.00088731,2.4836e-08,10.00015227,10.00015254,2.49702e-08
0.665,-10.00087474,-10.00087503,2.64091e-08,10.00013998,10.00014028,2.65491e-08
0.6655,-10.00086288,-10.00086318,2.79835e-08,10.00012813,10.00012844,2.81315e-08
0.666,-10.00085143,-10.00085175,2.9565e-08,10.00011669,10.00011702,2.97211e-08
0.6665,-10.00084039,-10.00084073,3.11586e-08,10.00010566,10.00010601,3.13223e-08
0.667,-10.00082975,-10.00083011,3.28575e-08,10.00009504,10.00009541,3.30307e-08
0.6675,-10.00081951,-10.0008199,3.46187e-08,10.00008482,10.00008521,3.48029e-08
0.668,-10.00080967,-10.00081007,3.64339e-08,10.00007499,10.0000754,3.66281e-08
0.6685,-10.00080021,-10.00080063,3.82918e-08,10.00006555,10.00006597,3.84964e-08
0.669,-10.00079112,-10.00079156,4.01701e-08,10.00005649,10.00005693,4.03854e-08
0.6695,-10.00078241,-10.00078287,4.20333e-08,10.00004779,10.00004826,4.22587e-08
0.67,-10.00077406,-10.00077454,4.3828e-08,10.00003947,10.00003995,4.40622e-08
0.6705,-10.00076607,-10.00076657,4.54804e-08,10.0000315,10.000032,4.57221e-08
0.671,-10.00075843,-10.00075894,4.68936e-08,10.00002388,10.0000244,4.7142e-08
0.6715,-10.00075113,-10.00075166,4.79505e-08,10.00001661,10.00001714,4.82e-08
0.672,-10.00074418,-10.00074471,4.84989e-08,10.00000968,10.00001022,4.87465e-08
0.6725,-10.00073755,-10.00073809,4.94174e-08,10.00000307,10.00000362,4.96657e-08
0.673,-10.00073121,-10.00073178,5.18985e-08,9.999996767,9.999997341,5.21536e-08
0.6735,-10.00072519,-10.00072579,5.44813e-08,9.999990771,9.999991373,5.47418e-08
0.674,-10.00071947,-10.0007201,5.71037e-08,9.999985076,9.999985707,5.73701e-08
0.6745,-10.00071404,-10.0007147,5.96859e-08,9.999979677,9.999980336,5.99595e-08
0.675,-10.0007089,-10.00070958,6.21322e-08,9.999974564,9.999975251,6.24106e-08
0.6755,-10.00070404,-10.00070475,6.43194e-08,9.999969732,9.999970443,6.46018e-08
0.676,-10.00069945,-10.00070018,6.58656e-08,9.999965173,9.999965901,6.61547e-08
0.6765,-10.00069513,-10.00069587,6.71655e-08,9.99996088,9.999961622,6.74577e-08
0.677,-10.00069107,-10.00069182,6.81664e-08,9.999956847,9.9999576,6.84588e-08
0.6775,-10.00068726,-10.00068802,6.87454e-08,9.999953066,9.999953826,6.90352e-08
0.678,-10.0006837,-10.00068445,6.87736e-08,9.999949533,9.999950293,6.90544e-08
0.6785,-10.00068035,-10.00068112,6.99831e-08,9.99994622,9.999946992,7.02621e-08
0.679,-10.00067723,-10.00067802,7.13484e-08,9.99994313,9.999943918,7.1625e-08
0.6795,-10.00067433,-10.00067513,7.26175e-08,9.99994026,9.999941062,7.28897e-08
0.68,-10.00067165,-10.00067246,7.37577e-08,9.999937602,9.999938416,7.40251e-08
0.6805,-10.00066917,-10.00066999,7.47321e-08,9.99993515,9.999935975,7.49962e-08
0.681,-10.00066688,-10.00066771,7.55053e-08,9.999932897,9.999933731,7.57634e-08
0.6815,-10.00066479,-10.00066563,7.60281e-08,9.999930837,9.999931676,7.6281e-08
0.682,-10.00066289,-10.00066373,7.62501e-08,9.999928963,9.999929805,7.64961e-08
0.6825,-10.00066117,-10.00066201,7.61095e-08,9.99992727,9.99992811,7.63475e-08
0.683,-10.00065962,-10.00066045,7.55339e-08,9.999925752,9.999926586,7.57649e-08
0.6835,-10.00065824,-10.00065906,7.44444e-08,9.999924403,9.999925225,7.4667e-08
0.684,-10.00065702,-10.00065783,7.34001e-08,9.999923211,9.999924021,7.36141e-08
0.6845,-10.00065594,-10.00065675,7.32133e-08,9.999922161,9.999922969,7.34191e-08
0.685,-10.00065501,-10.00065581,7.29506e-08,9.999921257,9.999922061,7.31489e-08
0.6855,-10.00065422,-10.00065502,7.26054e-08,9.999920493,9.999921293,7.27981e-08
0.686,-10.00065356,-10.00065436,7.21716e-08,9.999919863,9.999920659,7.23567e-08
0.6865,-10.00065304,-10.00065382,7.16323e-08,9.999919362,9.999920152,7.18097e-08
0.687,-10.00065263,-10.00065341,7.09645e-08,9.999918985,9.999919767,7.11362e-08
0.6875,-10.00065235,-10.00065312,7.01461e-08,9.999918726,9.999919499,7.03086e-08
0.688,-10.00065217,-10.00065293,6.91365e-08,9.99991858,9.999919342,6.9292e-08
0.6885,-10.00065211,-10.00065286,6.78988e-08,9.999918543,9.999919292,6.80439e-08
0.689,-10.00065215,-10.00065288,6.63753e-08,9.999918611,9.999919342,6.65126e-08
0.6895,-10.0006523,-10.00065301,6.4514e-08,9.999918778,9.999919489,6.46377e-08
0.69,-10.00065252,-10.00065322,6.34051e-08,9.999919028,9.999919727,6.35229e-08
0.6905,-10.00065283,-10.00065352,6.24562e-08,9.999919363,9.999920051,6.25632e-08
0.691,-10.00065323,-10.0006539,6.14998e-08,9.999919779,9.999920457,6.1597e-08
0.6915,-10.0006537,-10.00065436,6.05271e-08,9.999920274,9.99992094,6.06156e-08
0.692,-10.00065424,-10.0006549,5.953e-08,9.999920841,9.999921497,5.96066e-08
0.6925,-10.00065486,-10.0006555,5.84849e-08,9.999921478,9.999922122,5.8553e-08
0.693,-10.00065554,-10.00065617,5.73736e-08,9.99992218,9.999922811,5.7433e-08
0.6935,-10.00065628,-10.0006569,5.61698e-08,9.999922943,9.999923561,5.62194e-08
0.694,-10.00065708,-10.00065769,5.50511e-08,9.999923765,9.999924371,5.50925e-08
0.6945,-10.00065794,-10.00065853,5.38672e-08,9.999924641,9.999925234,5.39057e-08
0.695,-10.00065884,-10.00065942,5.23018e-08,9.999925568,9.999926144,5.2333e-08
0.6955,-10.0006598,-10.00066035,5.06563e-08,9.999926541,9.999927098,5.06791e-08
0.696,-10.00066079,-10.00066133,4.93891e-08,9.99992755,9.999928094,4.94048e-08
0.6965,-10.00066182,-10.00066235,4.80521e-08,9.999928599,9.999929128,4.80603e-08
0.697,-10.00066288,-10.0006634,4.66666e-08,9.999929683,9.999930196,4.66663e-08
0.6975,-10.00066398,-10.00066448,4.52485e-08,9.9999308,9.999931298,4.52374e-08
0.698,-10.00066511,-10.00066559,4.38012e-08,9.999931947,9.999932429,4.37821e-08
0.6985,-10.00066627,-10.00066674,4.23299e-08,9.999933122,9.999933587,4.23027e-08
0.699,-10.00066745,-10.0006679,4.08297e-08,9.999934321,9.99993477,4.0795e-08
0.6995,-10.00066866,-10.00066909,3.92903e-08,9.999935543,9.999935974,3.92482e-08
0.7,-10.00066989,-10.0006703,3.76936e-08,9.999936784,9.999937198,3.76452e-08
0.7005,-10.00067113,-10.00067153,3.60162e-08,9.999938044,9.99993844,3.5962e-08
0.701,-10.00067239,-10.00067277,3.42294e-08,9.99993932,9.999939696,3.41676e-08
0.7015,-10.00067366,-10.00067402,3.29045e-08,9.999940604,9.999940965,3.28375e-08
0.702,-10.00067494,-10.00067529,3.17382e-08,9.999941896,9.999942244,3.16669e-08
0.7025,-10.00067623,-10.00067657,3.06371e-08,9.999943196,9.999943532,3.0559e-08
0.703,-10.00067752,-10.00067785,2.9585e-08,9.999944502,9.999944827,2.95057e-08
0.7035,-10.00067882,-10.00067913,2.85796e-08,9.999945812,9.999946126,2.8496e-08
0.704,-10.00068012,-10.00068043,2.76037e-08,9.999947125,9.999947427,2.7516e-08
0.7045,-10.00068142,-10.00068172,2.6642e-08,9.999948438,9.99994873,2.65493e-08
0.705,-10.00068273,-10.00068301,2.56665e-08,9.999949751,9.999950032,2.55766e-08
0.7055,-10.00068403,-10.0006843,2.46704e-08,9.999951062,9.999951332,2.45763e-08
0.706,-10.00068532,-10.00068558,2.36201e-08,9.999952369,9.999952628,2.35241e-08
0.7065,-10.00068662,-10.00068686,2.24908e-08,9.999953672,9.999953918,2.23932e-08
0.707,-10.0006879,-10.00068814,2.13881e-08,9.999954968,9.999955202,2.12857e-08
0.7075,-10.00068918,-10.00068941,2.04924e-08,9.999956254,9.999956478,2.0388e-08
0.708,-10.00069045,-10.00069066,1.95861e-08,9.999957531,9.999957745,1.94821e-08
0.7085,-10.00069171,-10.00069191,1.86692e-08,9.999958797,9.999959001,1.85605e-08
0.709,-10.00069295,-10.00069315,1.77267e-08,9.999960052,9.999960246,1.7616e-08
0.7095,-10.00069419,-10.00069437,1.67574e-08,9.999961295,9.999961478,1.66421e-08
0.71,-10.00069541,-10.00069559,1.57502e-08,9.999962525,9.999962697,1.56329e-08
0.7105,-10.00069662,-10.00069678,1.4703e-08,9.999963741,9.999963901,1.45836e-08
0.711,-10.00069782,-10.00069797,1.36134e-08,9.999964942,9.99996509,1.34905e-08
0.7115,-10.000699,-10.00069913,1.24781e-08,9.999966128,9.999966264,1.23513e-08
0.712,-10.00070016,-10.00070028,1.12937e-08,9.999967298,9.99996742,1.11648e-08
0.7125,-10.00070131,-10.00070142,1.00634e-08,9.999968451,9.99996856,9.93166e-09
0.713,-10.00070244,-10.00070254,8.87706e-09,9.999969586,9.999969682,8.74418e-09
0.7135,-10.00070355,-10.00070364,7.71021e-09,9.999970703,9.999970787,7.57053e-09
0.714,-10.00070465,-10.00070472,6.55242e-09,9.999971802,9.999971873,6.40926e-09
0.7145,-10.00070572,-10.00070578,5.42426e-09,9.999972882,9.99997294,5.27664e-09
0.715,-10.00070678,-10.00070682,4.34093e-09,9.999973942,9.999973988,4.19207e-09
0.7155,-10.00070781,-10.00070785,3.50826e-09,9.999974983,9.99997502,3.35491e-09
0.716,-10.00070883,-10.00070887,3.13893e-09,9.999976004,9.999976037,2.98477e-09
0.7165,-10.00070983,-10.00070986,2.59629e-09,9.999977004,9.999977031,2.44124e-09
0.717,-10.00071081,-10.00071083,1.91706e-09,9.999977984,9.999978003,1.75962e-09
0.7175,-10.00071176,-10.00071177,1.13115e-09,9.999978943,9.999978954,9.72936e-10
0.718,-10.0007127,-10.0007127,2.68911e-10,9.999979881,9.999979882,1.12141e-10
0.7185,-10.00071361,-10.0007136,6.60604e-10,9.999980798,9.999980789,8.19592e-10
0.719,-10.00071451,-10.00071449,1.68423e-09,9.999981694,9.999981674,1.84153e-09
0.7195,-10.00071538,-10.00071535,2.72904e-09,9.999982569,9.999982537,2.88908e-09
0.72,-10.00071623,-10.00071619,3.7846e-09,9.999983423,9.99998338,3.9435e-09
0.7205,-10.00071706,-10.00071701,4.8279e-09,9.999984256,9.999984201,4.98769e-09
0.721,-10.00071787,-10.00071781,5.84518e-09,9.999985067,9.999985001,6.00601e-09
0.7215,-10.00071866,-10.00071859,6.82462e-09,9.999985857,9.99998578,6.98416e-09
0.722,-10.00071943,-10.00071934,7.7491e-09,9.999986626,9.999986539,7.90897e-09
0.7225,-10.00072018,-10.00072008,8.6107e-09,9.999987373,9.999987277,8.76824e-09
0.723,-10.0007209,-10.0007208,9.39382e-09,9.9999881,9.999987995,9.55056e-09
0.7235,-10.00072161,-10.0007215,1.0092e-08,9.999988805,9.999988692,1.02452e-08
0.724,-10.00072229,-10.00072217,1.06912e-08,9.999989489,9.99998937,1.08418e-08
0.7245,-10.00072295,-10.00072283,1.12906e-08,9.999990154,9.999990028,1.14406e-08
0.725,-10.0007236,-10.00072347,1.18437e-08,9.999990799,9.999990667,1.19901e-08
0.7255,-10.00072422,-10.00072409,1.23203e-08,9.999991423,9.999991286,1.24689e-08
0.726,-10.00072483,-10.00072469,1.27313e-08,9.999992027,9.999991886,1.28766e-08
0.7265,-10.00072541,-10.00072527,1.30697e-08,9.999992612,9.999992467,1.3213e-08
0.727,-10.00072598,-10.00072583,1.33381e-08,9.999993177,9.999993029,1.34782e-08
0.7275,-10.00072652,-10.00072638,1.35336e-08,9.999993723,9.999993573,1.36725e-08
0.728,-10.00072705,-10.0007269,1.36601e-08,9.99999425,9.999994098,1.37965e-08
0.7285,-10.00072756,-10.00072741,1.37164e-08,9.999994758,9.999994606,1.38504e-08
0.729,-10.00072805,-10.0007279,1.37031e-08,9.999995248,9.999995096,1.38343e-08
0.7295,-10.00072852,-10.00072837,1.36226e-08,9.999995719,9.999995568,1.37481e-08
0.73,-10.00072898,-10.00072883,1.34989e-08,9.999996173,9.999996023,1.36238e-08
0.7305,-10.00072942,-10.00072927,1.34015e-08,9.999996609,9.999996461,1.35242e-08
0.731,-10.00072984,-10.00072969,1.32758e-08,9.999997029,9.999996882,1.3395e-08
0.7315,-10.00073024,-10.0007301,1.31249e-08,9.999997432,9.999997286,1.32408e-08
0.732,-10.00073063,-10.00073049,1.29516e-08,9.999997818,9.999997674,1.30661e-08
0.7325,-10.000731,-10.00073086,1.27629e-08,9.999998188,9.999998047,1.28748e-08
0.733,-10.00073136,-10.00073122,1.25605e-08,9.999998543,9.999998403,1.26703e-08
0.7335,-10.0007317,-10.00073156,1.23481e-08,9.999998882,9.999998745,1.24553e-08
0.734,-10.00073202,-10.00073189,1.21266e-08,9.999999205,9.999999071,1.22318e-08
0.7345,-10.00073233,-10.0007322,1.18987e-08,9.999999514,9.999999382,1.20009e-08
0.735,-10.00073263,-10.0007325,1.16643e-08,9.999999808,9.999999678,1.17628e-08
0.7355,-10.00073291,-10.00073278,1.1418e-08,10.00000009,9.999999961,1.15164e-08
0.736,-10.00073318,-10.00073305,1.12483e-08,10.00000035,10.00000023,1.13422e-08
0.7365,-10.00073343,-10.00073331,1.11151e-08,10.00000061,10.00000048,1.12075e-08
0.737,-10.00073367,-10.00073355,1.10067e-08,10.00000085,10.00000073,1.10976e-08
0.7375,-10.0007339,-10.00073378,1.09254e-08,10.00000108,10.00000095,1.10136e-08
0.738,-10.00073412,-10.000734,1.08684e-08,10.00000129,10.00000117,1.09551e-08
0.7385,-10.00073432,-10.0007342,1.08373e-08,10.00000149,10.00000137,1.09211e-08
0.739,-10.00073452,-10.0007344,1.0828e-08,10.00000169,10.00000157,1.09091e-08
0.7395,-10.0007347,-10.00073458,1.08365e-08,10.00000187,10.00000175,1.09157e-08
0.74,-10.00073487,-10.00073475,1.08579e-08,10.00000203,10.00000191,1.0936e-08
0.7405,-10.00073503,-10.00073491,1.08894e-08,10.00000219,10.00000207,1.09635e-08
0.741,-10.00073518,-10.00073506,1.09206e-08,10.00000234,10.00000222,1.09907e-08
0.7415,-10.00073532,-10.0007352,1.0984e-08,10.00000248,10.00000236,1.10546e-08
0.742,-10.00073545,-10.00073533,1.11772e-08,10.00000261,10.00000248,1.12427e-08
0.7425,-10.00073557,-10.00073545,1.13962e-08,10.00000273,10.0000026,1.14633e-08
0.743,-10.00073568,-10.00073556,1.16481e-08,10.00000284,10.00000271,1.17136e-08
0.7435,-10.00073579,-10.00073566,1.19273e-08,10.00000294,10.00000281,1.19893e-08
0.744,-10.00073589,-10.00073575,1.2223e-08,10.00000304,10.0000029,1.22858e-08
0.7445,-10.00073597,-10.00073584,1.25382e-08,10.00000312,10.00000298,1.25972e-08
0.745,-10.00073606,-10.00073591,1.28564e-08,10.0000032,10.00000306,1.29167e-08
0.7455,-10.00073613,-10.00073598,1.31597e-08,10.00000328,10.00000313,1.32193e-08
0.746,-10.0007362,-10.00073605,1.34365e-08,10.00000334,10.00000319,1.34947e-08
0.7465,-10.00073626,-10.00073611,1.37351e-08,10.0000034,10.00000325,1.37937e-08
0.747,-10.00073631,-10.00073616,1.4062e-08,10.00000345,10.0000033,1.41205e-08
0.7475,-10.00073636,-10.0007362,1.44193e-08,10.0000035,10.00000334,1.44791e-08
0.748,-10.0007364,-10.00073624,1.48143e-08,10.00000354,10.00000338,1.4873e-08
0.7485,-10.00073644,-10.00073627,1.52449e-08,10.00000358,10.00000341,1.53053e-08
0.749,-10.00073647,-10.0007363,1.57193e-08,10.00000361,10.00000343,1.57788e-08
0.7495,-10.0007365,-10.00073632,1.62362e-08,10.00000363,10.00000345,1.62954e-08
0.75,-10.00073652,-10.00073634,1.6797e-08,10.00000365,10.00000347,1.68567e-08
0.7505,-10.00073654,-10.00073635,1.74014e-08,10.00000367,10.00000348,1.74637e-08
0.751,-10.00073656,-10.00073636,1.80541e-08,10.00000368,10.00000348,1.81167e-08
0.7515,-10.00073657,-10.00073636,1.87528e-08,10.00000369,10.00000349,1.88154e-08
0.752,-10.00073657,-10.00073636,1.94935e-08,10.0000037,10.00000348,1.95586e-08
0.7525,-10.00073658,-10.00073635,2.02771e-08,10.0000037,10.00000348,2.03444e-08
0.753,-10.00073657,-10.00073634,2.09888e-08,10.0000037,10.00000346,2.10586e-08
0.7535,-10.00073656,-10.00073633,2.14341e-08,10.00000369,10.00000345,2.15057e-08
0.754,-10.00073655,-10.00073631,2.18648e-08,10.00000367,10.00000343,2.19407e-08
0.7545,-10.00073654,-10.00073629,2.22835e-08,10.00000366,10.00000341,2.236e-08
0.755,-10.00073652,-10.00073627,2.26784e-08,10.00000363,10.00000338,2.27601e-08
0.7555,-10.00073649,-10.00073624,2.30529e-08,10.00000361,10.00000336,2.31371e-08
0.756,-10.00073647,-10.00073621,2.34011e-08,10.00000358,10.00000333,2.34867e-08
0.7565,-10.00073644,-10.00073618,2.37124e-08,10.00000355,10.00000329,2.38045e-08
0.757,-10.00073641,-10.00073615,2.39914e-08,10.00000352,10.00000326,2.40859e-08
0.7575,-10.00073638,-10.00073611,2.42283e-08,10.00000349,10.00000322,2.43259e-08
0.758,-10.00073634,-10.00073607,2.44212e-08,10.00000345,10.00000318,2.45192e-08
0.7585,-10.0007363,-10.00073603,2.45585e-08,10.00000341,10.00000314,2.46603e-08
0.759,-10.00073626,-10.00073599,2.46368e-08,10.00000337,10.00000309,2.47436e-08
0.7595,-10.00073621,-10.00073594,2.46549e-08,10.00000332,10.00000305,2.47629e-08
0.76,-10.00073617,-10.0007359,2.46004e-08,10.00000327,10.000003,2.47121e-08
0.7605,-10.00073612,-10.00073585,2.44706e-08,10.00000322,10.00000295,2.45846e-08
0.761,-10.00073607,-10.0007358,2.42585e-08,10.00000317,10.0000029,2.43736e-08
0.7615,-10.00073601,-10.00073575,2.39576e-08,10.00000312,10.00000285,2.4072e-08
0.762,-10.00073596,-10.0007357,2.3559e-08,10.00000306,10.0000028,2.36726e-08
0.7625,-10.0007359,-10.00073565,2.30569e-08,10.000003,10.00000275,2.31678e-08
0.763,-10.00073584,-10.00073559,2.24434e-08,10.00000294,10.00000269,2.25496e-08
0.7635,-10.00073578,-10.00073554,2.18418e-08,10.00000288,10.00000264,2.19492e-08
0.764,-10.00073572,-10.00073549,2.1286e-08,10.00000282,10.00000258,2.13905e-08
0.7645,-10.00073566,-10.00073543,2.06894e-08,10.00000276,10.00000253,2.07924e-08
0.765,-10.0007356,-10.00073538,2.006e-08,10.0000027,10.00000247,2.01594e-08
0.7655,-10.00073554,-10.00073532,1.93968e-08,10.00000263,10.00000242,1.9496e-08
0.766,-10.00073547,-10.00073527,1.87134e-08,10.00000257,10.00000236,1.88073e-08
0.7665,-10.00073541,-10.00073521,1.8007e-08,10.0000025,10.0000023,1.80987e-08
0.767,-10.00073534,-10.00073515,1.72849e-08,10.00000244,10.00000225,1.7376e-08
0.7675,-10.00073528,-10.0007351,1.65595e-08,10.00000238,10.00000219,1.66455e-08
0.768,-10.00073522,-10.00073504,1.58315e-08,10.00000231,10.00000214,1.59137e-08
0.7685,-10.00073515,-10.00073499,1.51093e-08,10.00000225,10.00000208,1.51875e-08
0.769,-10.00073509,-10.00073493,1.43993e-08,10.00000218,10.00000202,1.44743e-08
0.7695,-10.00073503,-10.00073488,1.37082e-08,10.00000212,10.00000197,1.37819e-08
0.77,-10.00073497,-10.00073482,1.30479e-08,10.00000206,10.00000191,1.31183e-08
0.7705,-10.00073491,-10.00073477,1.24259e-08,10.000002,10.00000186,1.2492e-08
0.771,-10.00073484,-10.00073471,1.185e-08,10.00000194,10.0000018,1.19119e-08
0.7715,-10.00073479,-10.00073466,1.13286e-08,10.00000188,10.00000175,1.13873e-08
0.772,-10.00073473,-10.00073461,1.08701e-08,10.00000182,10.0000017,1.09278e-08
0.7725,-10.00073467,-10.00073456,1.04886e-08,10.00000176,10.00000164,1.05434e-08
0.773,-10.00073462,-10.0007345,1.01909e-08,10.0000017,10.00000159,1.02446e-08
0.7735,-10.00073456,-10.00073445,9.994e-09,10.00000165,10.00000154,1.00421e-08
0.774,-10.0007345,-10.0007344,9.15486e-09,10.00000159,10.00000149,9.20115e-09
0.7745,-10.00073444,-10.00073435,8.20957e-09,10.00000153,10.00000144,8.24883e-09
0.775,-10.00073438,-10.0007343,7.2611e-09,10.00000147,10.00000139,7.29953e-09
0.7755,-10.00073432,-10.00073425,6.38082e-09,10.00000141,10.00000134,6.41489e-09
0.776,-10.00073427,-10.0007342,5.58276e-09,10.00000135,10.00000129,5.61139e-09
0.7765,-10.00073421,-10.00073416,4.76708e-09,10.00000129,10.00000124,4.79469e-09
0.777,-10.00073415,-10.00073411,3.94942e-09,10.00000124,10.00000119,3.97332e-09
0.7775,-10.0007341,-10.00073406,3.13812e-09,10.00000118,10.00000115,3.15583e-09
0.778,-10.00073404,-10.00073402,2.33671e-09,10.00000113,10.0000011,2.35074e-09
0.7785,-10.00073399,-10.00073397,1.55353e-09,10.00000108,10.00000106,1.56661e-09
0.779,-10.00073394,-10.00073393,8.01779e-10,10.00000102,10.00000101,8.11947e-10
0.7795,-10.00073389,-10.00073389,8.73856e-11,10.00000097,10.00000097,9.52886e-11
0.78,-10.00073384,-10.00073385,5.76461e-10,10.00000093,10.00000093,5.74842e-10
0.7805,-10.00073379,-10.00073381,1.19111e-09,10.00000088,10.00000089,1.18992e-09
0.781,-10.00073375,-10.00073377,1.74336e-09,10.00000083,10.00000085,1.74144e-09
0.7815,-10.00073371,-10.00073373,2.22005e-09,10.00000079,10.00000081,2.22087e-09
0.782,-10.00073366,-10.00073369,2.62253e-09,10.00000075,10.00000078,2.6197e-09
0.7825,-10.00073362,-10.00073366,2.93034e-09,10.00000071,10.00000074,2.92943e-09
0.783,-10.00073359,-10.00073362,3.14001e-09,10.00000067,10.0000007,3.14155e-09
0.7835,-10.00073355,-10.00073359,3.25047e-09,10.00000063,10.00000067,3.24755e-09
0.784,-10.00073352,-10.00073355,3.35513e-09,10.0000006,10.00000064,3.35273e-09
0.7845,-10.00073348,-10.00073352,4.02699e-09,10.00000056,10.0000006,4.02581e-09
0.785,-10.00073344,-10.00073349,4.68125e-09,10.00000052,10.00000057,4.67951e-09
0.7855,-10.0007334,-10.00073346,5.3096e-09,10.00000048,10.00000054,5.31049e-09
0.786,-10.00073336,-10.00073343,5.91825e-09,10.00000045,10.00000051,5.91538e-09
0.7865,-10.00073333,-10.0007334,6.49404e-09,10.00000041,10.00000048,6.49084e-09
0.787,-10.00073329,-10.00073337,7.03836e-09,10.00000037,10.00000045,7.03351e-09
0.7875,-10.00073326,-10.00073334,7.54289e-09,10.00000034,10.00000042,7.54005e-09
0.788,-10.00073323,-10.00073331,8.01144e-09,10.00000031,10.0000004,8.00711e-09
0.7885,-10.0007332,-10.00073329,8.43329e-09,10.00000028,10.00000037,8.43136e-09
0.789,-10.00073317,-10.00073326,8.81466e-09,10.00000025,10.00000035,8.80945e-09
0.7895,-10.00073314,-10.00073324,9.14485e-09,10.00000022,10.00000032,9.13805e-09
0.79,-10.00073311,-10.00073322,9.42524e-09,10.00000019,10.0000003,9.41382e-09
0.7905,-10.00073309,-10.00073319,9.64271e-09,10.00000017,10.00000028,9.63345e-09
0.791,-10.00073306,-10.00073317,9.80348e-09,10.00000015,10.00000025,9.7936e-09
0.7915,-10.00073304,-10.00073315,9.90412e-09,10.00000012,10.00000023,9.89094e-09
0.792,-10.00073302,-10.00073313,9.93635e-09,10.0000001,10.00000021,9.92217e-09
0.7925,-10.000733,-10.00073311,9.90157e-09,10.00000008,10.00000019,9.88395e-09
0.793,-10.00073298,-10.00073309,9.78907e-09,10.00000006,10.00000017,9.77299e-09
0.7935,-10.00073296,-10.00073307,9.60755e-09,10.00000005,10.00000015,9.58596e-09
0.794,-10.00073295,-10.00073305,9.33903e-09,10.00000003,10.00000013,9.31956e-09
0.7945,-10.00073293,-10.00073303,9.23685e-09,10.00000002,10.00000012,9.21345e-09
0.795,-10.00073291,-10.00073302,9.40415e-09,9.999999997,10.0000001,9.37855e-09
0.7955,-10.0007329,-10.000733,9.54684e-09,9.99999998,10.00000008,9.5251e-09
0.796,-10.00073288,-10.00073299,9.67363e-09,9.999999963,10.00000007,9.65209e-09
0.7965,-10.00073286,-10.00073297,9.77624e-09,9.999999947,10.00000005,9.75851e-09
0.797,-10.00073285,-10.00073296,9.86096e-09,9.999999932,10.00000004,9.84334e-09
0.7975,-10.00073283,-10.00073294,9.92194e-09,9.999999917,10.00000003,9.90559e-09
0.798,-10.00073282,-10.00073293,9.95578e-09,9.999999904,10.00000001,9.94423e-09
0.7985,-10.00073281,-10.00073292,9.97119e-09,9.999999891,10,9.95828e-09
0.799,-10.0007328,-10.0007329,9.95991e-09,9.999999879,9.999999989,9.94672e-09
0.7995,-10.00073278,-10.00073289,9.92096e-09,9.999999868,9.999999977,9.90858e-09
0.8,-10.00073277,-10.00073288,9.85579e-09,9.999999858,9.999999967,9.84284e-09
0.8005,-10.00073276,-10.00073287,9.76101e-09,9.999999849,9.999999956,9.74853e-09
0.801,-10.00073276,-10.00073286,9.63322e-09,9.999999841,9.999999946,9.62465e-09
0.8015,-10.00073275,-10.00073285,9.47871e-09,9.999999833,9.999999937,9.47021e-09
0.802,-10.00073274,-10.00073284,9.29652e-09,9.999999826,9.999999928,9.28425e-09
0.8025,-10.00073274,-10.00073284,9.076e-09,9.99999982,9.99999992,9.06578e-09
0.803,-10.00073273,-10.00073283,8.82346e-09,9.999999815,9.999999912,8.81382e-09
0.8035,-10.00073273,-10.00073282,8.53792e-09,9.999999811,9.999999905,8.5274e-09
0.804,-10.00073272,-10.00073281,8.22087e-09,9.999999808,9.999999898,8.20556e-09
0.8045,-10.00073272,-10.00073281,7.86165e-09,9.999999805,9.999999892,7.84731e-09
0.805,-10.00073271,-10.0007328,7.86141e-09,9.999999799,9.999999886,7.84593e-09
0.8055,-10.00073271,-10.00073279,8.00845e-09,9.999999792,9.99999988,7.99606e-09
0.806,-10.0007327,-10.00073279,8.1662e-09,9.999999785,9.999999875,8.15732e-09
0.8065,-10.00073269,-10.00073278,8.3337e-09,9.999999778,9.99999987,8.32877e-09
0.807,-10.00073269,-10.00073278,8.51487e-09,9.999999772,9.999999866,8.50944e-09
0.8075,-10.00073268,-10.00073278,8.70149e-09,9.999999766,9.999999861,8.69839e-09
0.808,-10.00073267,-10.00073277,8.89747e-09,9.99999976,9.999999858,8.89468e-09
0.8085,-10.00073267,-10.00073277,9.09704e-09,9.999999754,9.999999855,9.09736e-09
0.809,-10.00073266,-10.00073277,9.30169e-09,9.999999749,9.999999852,9.30548e-09
0.8095,-10.00073266,-10.00073276,9.51533e-09,9.999999744,9.999999849,9.51813e-09
0.81,-10.00073265,-10.00073276,9.72978e-09,9.99999974,9.999999847,9.73435e-09
0.8105,-10.00073265,-10.00073276,9.94652e-09,9.999999735,9.999999845,9.95322e-09
0.811,-10.00073264,-10.00073276,1.01646e-08,9.999999731,9.999999843,1.01738e-08
0.8115,-10.00073264,-10.00073276,1.03857e-08,9.999999727,9.999999842,1.03952e-08
0.812,-10.00073264,-10.00073275,1.06038e-08,9.999999724,9.999999841,1.06165e-08
0.8125,-10.00073263,-10.00073275,1.0823e-08,9.999999721,9.99999984,1.08367e-08
0.813,-10.00073263,-10.00073275,1.10399e-08,9.999999718,9.999999839,1.10549e-08
0.8135,-10.00073263,-10.00073275,1.12536e-08,9.999999715,9.999999839,1.12703e-08
0.814,-10.00073263,-10.00073275,1.14633e-08,9.999999713,9.999999839,1.14819e-08
0.8145,-10.00073262,-10.00073275,1.16703e-08,9.999999711,9.999999839,1.16888e-08
0.815,-10.00073262,-10.00073275,1.18715e-08,9.999999709,9.99999984,1.18901e-08
0.8155,-10.00073262,-10.00073275,1.20635e-08,9.999999707,9.99999984,1.20849e-08
0.816,-10.00073262,-10.00073275,1.22526e-08,9.999999706,9.999999841,1.22722e-08
0.8165,-10.00073262,-10.00073275,1.24332e-08,9.999999705,9.999999842,1.24513e-08
0.817,-10.00073262,-10.00073276,1.26018e-08,9.999999705,9.999999843,1.26213e-08
0.8175,-10.00073262,-10.00073276,1.27577e-08,9.999999704,9.999999845,1.27811e-08
0.818,-10.00073262,-10.00073276,1.2912e-08,9.999999704,9.999999846,1.293e-08
0.8185,-10.00073262,-10.00073276,1.3047e-08,9.999999704,9.999999848,1.3067e-08
0.819,-10.00073262,-10.00073276,1.31689e-08,9.999999705,9.99999985,1.31913e-08
0.8195,-10.00073262,-10.00073276,1.32818e-08,9.999999706,9.999999852,1.3302e-08
0.82,-10.00073262,-10.00073277,1.33776e-08,9.999999707,9.999999854,1.33982e-08
0.8205,-10.00073262,-10.00073277,1.34601e-08,9.999999708,9.999999856,1.34791e-08
0.821,-10.00073262,-10.00073277,1.35262e-08,9.99999971,9.999999859,1.35437e-08
0.8215,-10.00073262,-10.00073277,1.35724e-08,9.999999712,9.999999861,1.35913e-08
0.822,-10.00073263,-10.00073278,1.36053e-08,9.999999714,9.999999864,1.36209e-08
0.8225,-10.00073263,-10.00073278,1.36167e-08,9.999999717,9.999999867,1.36316e-08
0.823,-10.00073263,-10.00073278,1.36057e-08,9.999999719,9.999999869,1.36228e-08
0.8235,-10.00073263,-10.00073278,1.35836e-08,9.999999723,9.999999872,1.35934e-08
0.824,-10.00073264,-10.00073279,1.35326e-08,9.999999726,9.999999875,1.35426e-08
0.8245,-10.00073264,-10.00073279,1.3459e-08,9.99999973,9.999999878,1.34696e-08
0.825,-10.00073265,-10.00073279,1.3367e-08,9.999999734,9.999999881,1.33735e-08
0.8255,-10.00073265,-10.0007328,1.3258e-08,9.999999738,9.999999884,1.32627e-08
0.826,-10.00073265,-10.0007328,1.31554e-08,9.999999742,9.999999887,1.31651e-08
0.8265,-10.00073266,-10.0007328,1.30585e-08,9.999999746,9.99999989,1.30681e-08
0.827,-10.00073266,-10.0007328,1.29615e-08,9.99999975,9.999999893,1.29709e-08
0.8275,-10.00073267,-10.00073281,1.28611e-08,9.999999754,9.999999895,1.28727e-08
0.828,-10.00073267,-10.00073281,1.27566e-08,9.999999758,9.999999898,1.27726e-08
0.8285,-10.00073267,-10.00073281,1.26519e-08,9.999999762,9.999999901,1.26698e-08
0.829,-10.00073268,-10.00073282,1.2551e-08,9.999999766,9.999999904,1.25634e-08
0.8295,-10.00073268,-10.00073282,1.24387e-08,9.99999977,9.999999907,1.24527e-08
0.83,-10.00073269,-10.00073282,1.23189e-08,9.999999774,9.99999991,1.23369e-08
0.8305,-10.00073269,-10.00073282,1.21768e-08,9.999999778,9.999999912,1.2194e-08
0.831,-10.00073269,-10.00073283,1.20265e-08,9.999999782,9.999999915,1.20451e-08
0.8315,-10.0007327,-10.00073283,1.18711e-08,9.999999786,9.999999917,1.18935e-08
0.832,-10.0007327,-10.00073283,1.17179e-08,9.99999979,9.999999919,1.17391e-08
0.8325,-10.00073271,-10.00073283,1.15644e-08,9.999999794,9.999999922,1.15819e-08
0.833,-10.00073271,-10.00073283,1.14033e-08,9.999999798,9.999999924,1.14218e-08
0.8335,-10.00073271,-10.00073284,1.1237e-08,9.999999802,9.999999926,1.12589e-08
0.834,-10.00073272,-10.00073284,1.10728e-08,9.999999806,9.999999928,1.10932e-08
0.8345,-10.00073272,-10.00073284,1.09058e-08,9.99999981,9.999999931,1.09245e-08
0.835,-10.00073273,-10.00073284,1.07337e-08,9.999999814,9.999999933,1.0753e-08
0.8355,-10.00073273,-10.00073285,1.05562e-08,9.999999818,9.999999935,1.05786e-08
0.836,-10.00073273,-10.00073285,1.03808e-08,9.999999823,9.999999937,1.04013e-08
0.8365,-10.00073274,-10.00073285,1.02026e-08,9.999999827,9.999999939,1.0221e-08
0.837,-10.00073274,-10.00073285,1.00191e-08,9.999999831,9.999999941,1.00379e-08
0.8375,-10.00073275,-10.00073285,9.83517e-09,9.999999835,9.999999943,9.85174e-09
0.838,-10.00073275,-10.00073286,9.64595e-09,9.999999839,9.999999945,9.66268e-09
0.8385,-10.00073275,-10.00073286,9.45385e-09,9.999999843,9.999999947,9.47068e-09
0.839,-10.00073276,-10.00073286,9.25644e-09,9.999999847,9.999999949,9.27571e-09
0.8395,-10.00073276,-10.00073286,9.06099e-09,9.999999851,9.999999951,9.07778e-09
0.84,-10.00073277,-10.00073286,8.86506e-09,9.999999855,9.999999952,8.87688e-09
0.8405,-10.00073277,-10.00073287,8.66139e-09,9.999999859,9.999999954,8.67302e-09
0.841,-10.00073277,-10.00073287,8.45481e-09,9.999999863,9.999999956,8.46618e-09
0.8415,-10.00073278,-10.00073287,8.24532e-09,9.999999867,9.999999958,8.25636e-09
0.842,-10.00073278,-10.00073287,8.03292e-09,9.999999871,9.999999959,8.04358e-09
0.8425,-10.00073279,-10.00073287,7.81761e-09,9.999999875,9.999999961,7.82781e-09
0.843,-10.00073279,-10.00073287,7.6018e-09,9.999999879,9.999999963,7.60907e-09
0.8435,-10.00073279,-10.00073288,7.38065e-09,9.999999883,9.999999964,7.38736e-09
0.844,-10.0007328,-10.00073288,7.15901e-09,9.999999887,9.999999966,7.16268e-09
0.8445,-10.0007328,-10.00073288,6.93204e-09,9.999999891,9.999999967,6.93504e-09
0.845,-10.00073281,-10.00073288,6.70458e-09,9.999999895,9.999999969,6.70443e-09
0.8455,-10.00073281,-10.00073288,6.47179e-09,9.999999899,9.99999997,6.47087e-09
0.846,-10.00073281,-10.00073288,6.2361e-09,9.999999903,9.999999972,6.23435e-09
0.8465,-10.00073282,-10.00073288,6.18645e-09,9.999999905,9.999999973,6.18299e-09
0.847,-10.00073282,-10.00073289,6.15812e-09,9.999999907,9.999999975,6.15395e-09
0.8475,-10.00073282,-10.00073289,6.12207e-09,9.999999909,9.999999976,6.12198e-09
0.848,-10.00073282,-10.00073289,6.08799e-09,9.99999991,9.999999977,6.0871e-09
0.8485,-10.00073282,-10.00073289,6.0462e-09,9.999999912,9.999999979,6.0493e-09
0.849,-10.00073282,-10.00073289,6.00639e-09,9.999999914,9.99999998,6.00862e-09
0.8495,-10.00073283,-10.00073289,5.96374e-09,9.999999915,9.999999981,5.96505e-09
0.85,-10.00073283,-10.00073289,5.91826e-09,9.999999917,9.999999982,5.91861e-09
0.8505,-10.00073283,-10.00073289,5.86995e-09,9.999999919,9.999999983,5.86931e-09
0.851,-10.00073283,-10.0007329,5.81884e-09,9.99999992,9.999999984,5.81718e-09
0.8515,-10.00073283,-10.0007329,5.7625e-09,9.999999922,9.999999985,5.76221e-09
0.852,-10.00073283,-10.0007329,5.70824e-09,9.999999924,9.999999987,5.70444e-09
0.8525,-10.00073284,-10.0007329,5.64636e-09,9.999999925,9.999999988,5.64387e-09
0.853,-10.00073284,-10.0007329,5.58416e-09,9.999999927,9.999999989,5.58053e-09
0.8535,-10.00073284,-10.0007329,5.51439e-09,9.999999929,9.99999999,5.51444e-09
0.854,-10.00073284,-10.0007329,5.44675e-09,9.999999931,9.99999999,5.44561e-09
0.8545,-10.00073284,-10.0007329,5.37642e-09,9.999999932,9.999999991,5.37407e-09
0.855,-10.00073284,-10.0007329,5.30342e-09,9.999999934,9.999999992,5.29983e-09
0.8555,-10.00073285,-10.0007329,5.22535e-09,9.999999936,9.999999993,5.22292e-09
0.856,-10.00073285,-10.0007329,5.1495e-09,9.999999937,9.999999994,5.14337e-09
0.8565,-10.00073285,-10.00073291,5.0662e-09,9.999999939,9.999999995,5.0612e-09
0.857,-10.00073285,-10.00073291,4.98032e-09,9.999999941,9.999999995,4.97642e-09
0.8575,-10.00073285,-10.00073291,4.8943e-09,9.999999942,9.999999996,4.88908e-09
0.858,-10.00073285,-10.00073291,4.80576e-09,9.999999944,9.999999997,4.79919e-09
0.8585,-10.00073286,-10.00073291,4.71229e-09,9.999999946,9.999999998,4.70678e-09
0.859,-10.00073286,-10.00073291,4.61635e-09,9.999999947,9.999999998,4.61188e-09
0.8595,-10.00073286,-10.00073291,4.51796e-09,9.999999949,9.999999999,4.51453e-09
0.86,-10.00073286,-10.00073291,4.422e-09,9.999999951,9.999999999,4.41474e-09
0.8605,-10.00073286,-10.00073291,4.3188e-09,9.999999953,10,4.31256e-09
0.861,-10.00073286,-10.00073291,4.21809e-09,9.999999954,10,4.20801e-09
0.8615,-10.00073287,-10.00073291,4.11021e-09,9.999999956,10,4.10113e-09
0.862,-10.00073287,-10.00073291,4.00247e-09,9.999999958,10,3.99195e-09
0.8625,-10.00073287,-10.00073291,3.89004e-09,9.999999959,10,3.88051e-09
0.863,-10.00073287,-10.00073291,3.77781e-09,9.999999961,10,3.76683e-09
0.8635,-10.00073287,-10.00073291,3.66097e-09,9.999999963,10,3.65096e-09
0.864,-10.00073287,-10.00073291,3.54683e-09,9.999999964,10,3.53294e-09
0.8645,-10.00073288,-10.00073291,3.4233e-09,9.999999966,10,3.41279e-09
0.865,-10.00073288,-10.00073291,3.30496e-09,9.999999968,10,3.29057e-09
0.8655,-10.00073288,-10.00073292,3.17974e-09,9.999999969,10,3.16631e-09
0.866,-10.00073288,-10.00073292,3.05252e-09,9.999999971,10,3.04005e-09
0.8665,-10.00073288,-10.00073292,2.92577e-09,9.999999973,10,2.91183e-09
0.867,-10.00073288,-10.00073292,2.85524e-09,9.999999974,10.00000001,2.83856e-09
0.8675,-10.00073288,-10.00073292,2.84581e-09,9.999999974,10.00000001,2.83079e-09
0.868,-10.00073289,-10.00073292,2.83697e-09,9.999999975,10.00000001,2.82119e-09
0.8685,-10.00073289,-10.00073292,2.82635e-09,9.999999975,10.00000001,2.8098e-09
0.869,-10.00073289,-10.00073292,2.81156e-09,9.999999975,10.00000001,2.79668e-09
0.8695,-10.00073289,-10.00073292,2.79751e-09,9.999999975,10.00000001,2.78187e-09
0.87,-10.00073289,-10.00073292,2.7818e-09,9.999999976,10.00000001,2.76542e-09
0.8705,-10.00073289,-10.00073292,2.7645e-09,9.999999976,10.00000001,2.74737e-09
0.871,-10.00073289,-10.00073292,2.74323e-09,9.999999976,10.00000001,2.72777e-09
0.8715,-10.00073289,-10.00073292,2.72288e-09,9.999999977,10.00000001,2.70668e-09
0.872,-10.00073289,-10.00073292,2.70349e-09,9.999999977,10.00000001,2.68414e-09
0.8725,-10.00073289,-10.00073292,2.67787e-09,9.999999977,10.00000001,2.66021e-09
0.873,-10.00073289,-10.00073292,2.65332e-09,9.999999978,10.00000001,2.63494e-09
0.8735,-10.00073289,-10.00073292,2.62506e-09,9.999999978,10.00000001,2.60838e-09
0.874,-10.00073289,-10.00073292,2.6004e-09,9.999999978,10.00000001,2.58058e-09
0.8745,-10.00073289,-10.00073292,2.56971e-09,9.999999979,10.00000001,2.55162e-09
0.875,-10.00073289,-10.00073292,2.54032e-09,9.999999979,10.00000001,2.52152e-09
0.8755,-10.00073289,-10.00073292,2.50743e-09,9.999999979,10.00000001,2.49037e-09
0.876,-10.00073289,-10.00073292,2.47837e-09,9.99999998,10.00000001,2.45821e-09
0.8765,-10.00073289,-10.00073292,2.44351e-09,9.99999998,10.00000001,2.42509e-09
0.877,-10.00073289,-10.00073292,2.41018e-09,9.99999998,10.00000001,2.39109e-09
0.8775,-10.00073289,-10.00073292,2.37601e-09,9.999999981,10.00000001,2.35627e-09
0.878,-10.00073289,-10.00073292,2.33864e-09,9.999999981,10.00000001,2.32067e-09
0.8785,-10.00073289,-10.00073292,2.30541e-09,9.999999981,10.00000001,2.28437e-09
0.879,-10.00073289,-10.00073292,2.26668e-09,9.999999982,10.00000001,2.24743e-09
0.8795,-10.00073289,-10.00073292,2.22979e-09,9.999999982,10.00000001,2.2099e-09
0.88,-10.00073289,-10.00073292,2.18995e-09,9.999999982,10.00000001,2.17187e-09
0.8805,-10.00073289,-10.00073292,2.1545e-09,9.999999983,10.00000001,2.13339e-09
0.881,-10.00073289,-10.00073292,2.11139e-09,9.999999983,10.00000001,2.09452e-09
0.8815,-10.00073289,-10.00073292,2.07523e-09,9.999999983,10.00000001,2.05534e-09
0.882,-10.00073289,-10.00073292,2.03397e-09,9.999999984,10.00000001,2.01592e-09
0.8825,-10.00073289,-10.00073292,1.99737e-09,9.999999984,10.00000001,1.97631e-09
0.883,-10.00073289,-10.00073292,1.95581e-09,9.999999984,10.00000001,1.9366e-09
0.8835,-10.0007329,-10.00073292,1.91662e-09,9.999999985,10.00000001,1.89686e-09
0.884,-10.0007329,-10.00073292,1.87505e-09,9.999999985,10.00000001,1.85714e-09
0.8845,-10.0007329,-10.00073292,1.83599e-09,9.999999985,10.00000001,1.81754e-09
0.885,-10.0007329,-10.00073292,1.79492e-09,9.999999985,10.00000001,1.77835e-09
0.8855,-10.0007329,-10.00073292,1.75677e-09,9.999999986,10,1.73967e-09
0.886,-10.0007329,-10.00073292,1.72112e-09,9.999999986,10,1.70108e-09
0.8865,-10.0007329,-10.00073292,1.68312e-09,9.999999986,10,1.66257e-09
0.887,-10.0007329,-10.00073292,1.64278e-09,9.999999987,10,1.62415e-09
0.8875,-10.0007329,-10.00073292,1.60494e-09,9.999999987,10,1.58581e-09
0.888,-10.0007329,-10.00073292,1.56717e-09,9.999999987,10,1.54755e-09
0.8885,-10.0007329,-10.00073292,1.52949e-09,9.999999988,10,1.50938e-09
0.889,-10.0007329,-10.00073292,1.48704e-09,9.999999988,10,1.47129e-09
0.8895,-10.0007329,-10.00073292,1.45194e-09,9.999999988,10,1.43329e-09
0.89,-10.0007329,-10.00073292,1.41207e-09,9.999999989,10,1.39538e-09
0.8905,-10.0007329,-10.00073291,1.37714e-09,9.999999989,10,1.35755e-09
0.891,-10.0007329,-10.00073291,1.33743e-09,9.999999989,10,1.31981e-09
0.8915,-10.0007329,-10.00073291,1.30024e-09,9.99999999,10,1.28215e-09
0.892,-10.0007329,-10.00073291,1.26312e-09,9.99999999,10,1.24459e-09
0.8925,-10.0007329,-10.00073291,1.22609e-09,9.99999999,10,1.20711e-09
0.893,-10.0007329,-10.00073291,1.18914e-09,9.999999991,10,1.16972e-09
0.8935,-10.0007329,-10.00073291,1.14985e-09,9.999999991,10,1.13242e-09
0.894,-10.0007329,-10.00073291,1.11549e-09,9.999999991,10,1.09521e-09
0.8945,-10.0007329,-10.00073291,1.0788e-09,9.999999992,10,1.05808e-09
0.895,-10.0007329,-10.00073291,1.03976e-09,9.999999992,10,1.02105e-09
0.8955,-10.0007329,-10.00073291,1.00082e-09,9.999999992,10,9.84105e-10
0.896,-10.0007329,-10.00073291,9.66798e-10,9.999999993,10,9.47251e-10
0.8965,-10.0007329,-10.00073291,9.28021e-10,9.999999993,10,9.10488e-10
0.897,-10.0007329,-10.00073291,8.94175e-10,9.999999993,10,8.73814e-10
0.8975,-10.0007329,-10.00073291,8.53148e-10,9.999999994,10,8.37232e-10
0.898,-10.0007329,-10.00073291,8.19475e-10,9.999999994,10,8.0074e-10
0.8985,-10.00073291,-10.00073291,7.81044e-10,9.999999994,10,7.64338e-10
0.899,-10.00073291,-10.00073291,7.45123e-10,9.999999995,10,7.28028e-10
0.8995,-10.00073291,-10.00073291,7.09289e-10,9.999999995,10,6.9181e-10
0.9,-10.00073291,-10.00073291,6.73543e-10,9.999999995,10,6.55682e-10
0.9005,-10.00073291,-10.00073291,6.37885e-10,9.999999996,10,6.19646e-10
0.901,-10.00073291,-10.00073291,6.02314e-10,9.999999996,10,5.83702e-10
0.9015,-10.00073291,-10.00073291,5.6441e-10,9.999999996,10,5.47849e-10
0.902,-10.00073291,-10.00073291,5.29016e-10,9.999999996,10,5.12088e-10
0.9025,-10.00073291,-10.00073291,4.93711e-10,9.999999997,10,4.76419e-10
0.903,-10.00073291,-10.00073291,4.58493e-10,9.999999997,10,4.40841e-10
0.9035,-10.00073291,-10.00073291,4.20943e-10,9.999999997,10,4.05356e-10
0.904,-10.00073291,-10.00073291,3.85903e-10,9.999999998,10,3.69962e-10
0.9045,-10.00073291,-10.00073291,3.50953e-10,9.999999998,10,3.3466e-10
0.905,-10.00073291,-10.00073291,3.16091e-10,9.999999998,10,2.9945e-10
0.9055,-10.00073291,-10.00073291,2.76474e-10,9.999999999,10,2.64332e-10
0.906,-10.00073291,-10.00073291,2.44212e-10,9.999999999,10,2.29305e-10
0.9065,-10.00073291,-10.00073291,2.09617e-10,9.999999999,10,1.94371e-10
0.907,-10.00073291,-10.00073291,1.77533e-10,10,10,1.59528e-10
0.9075,-10.00073291,-10.00073291,1.3585e-10,10,10,1.24777e-10
0.908,-10.00073291,-10.00073291,1.03944e-10,10,10,9.0117e-11
0.9085,-10.00073291,-10.00073291,8.42382e-11,10,10,7.31759e-11
0.909,-10.00073291,-10.00073291,7.91545e-11,10,10,6.76018e-11
0.9095,-10.00073291,-10.00073291,7.6582e-11,10,10,6.21187e-11
0.91,-10.00073291,-10.00073291,7.16759e-11,10,10,5.6727e-11
0.9105,-10.00073291,-10.00073291,6.68583e-11,10,10,5.14259e-11
0.911,-10.00073291,-10.00073291,5.72851e-11,10,10,4.62155e-11
0.9115,-10.00073291,-10.00073291,5.50667e-11,10,10,4.10955e-11
0.912,-10.00073291,-10.00073291,5.05144e-11,10,10,3.6066e-11
0.9125,-10.00073291,-10.00073291,4.60503e-11,10,10,3.11265e-11
0.913,-10.00073291,-10.00073291,3.68297e-11,10,10,2.62768e-11
0.9135,-10.00073291,-10.00073291,3.25413e-11,10,10,2.15167e-11
0.914,-10.00073291,-10.00073291,3.31848e-11,10,10,1.68462e-11
0.9145,-10.00073291,-10.00073291,2.66492e-11,10,10,1.22645e-11
0.915,-10.00073291,-10.00073291,2.02007e-11,10,10,7.77188e-12
0.9155,-10.00073291,-10.00073291,1.62614e-11,10,10,3.36765e-12
0.916,-10.00073291,-10.00073291,9.98625e-12,10,10,9.48413e-13
0.9165,-10.00073291,-10.00073291,8.64209e-12,10,10,5.17679e-12
0.917,-10.00073291,-10.00073291,4.96196e-12,10,10,9.31715e-12
0.9175,-10.00073291,-10.00073291,1.05479e-12,10,10,1.33705e-11
0.918,-10.00073291,-10.00073291,6.98595e-12,10,10,1.73371e-11
0.9185,-10.00073291,-10.00073291,7.98745e-12,10,10,2.12171e-11
0.919,-10.00073291,-10.00073291,1.13265e-11,10,10,2.50113e-11
0.9195,-10.00073291,-10.00073291,1.4581e-11,10,10,2.87198e-11
0.92,-10.00073291,-10.00073291,2.25956e-11,10,10,3.23428e-11
0.9205,-10.00073291,-10.00073291,2.56823e-11,10,10,3.58811e-11
0.921,-10.00073291,-10.00073291,2.38413e-11,10,10,3.9335e-11
0.9215,-10.00073291,-10.00073291,2.91838e-11,10,10,4.27052e-11
0.922,-10.00073291,-10.00073291,3.44439e-11,10,10,4.59918e-11
0.9225,-10.00073291,-10.00073291,3.71997e-11,10,10,4.91956e-11
0.923,-10.00073291,-10.00073291,3.74518e-11,10,10,5.23168e-11
0.9235,-10.00073291,-10.00073291,4.2467e-11,10,10,5.53563e-11
0.924,-10.00073291,-10.00073291,4.74015e-11,10,10,5.83141e-11
0.9245,-10.00073291,-10.00073291,4.98339e-11,10,10,6.11913e-11
0.925,-10.00073291,-10.00073291,5.46087e-11,10,10,6.39881e-11
0.9255,-10.00073291,-10.00073291,5.446e-11,10,10,6.67051e-11
0.926,-10.00073291,-10.00073291,5.6655e-11,10,10,6.9343e-11
0.9265,-10.00073291,-10.00073291,6.1194e-11,10,10,7.19026e-11
0.927,-10.00073291,-10.00073291,6.56557e-11,10,10,7.43838e-11
0.9275,-10.00073291,-10.00073291,6.51962e-11,10,10,7.6788e-11
0.928,-10.00073291,-10.00073291,6.46604e-11,10,10,7.91155e-11
0.9285,-10.00073291,-10.00073291,7.13153e-11,10,10,8.1367e-11
0.929,-10.00073291,-10.00073291,7.3051e-11,10,10,8.3543e-11
0.9295,-10.00073291,-10.00073291,7.47123e-11,10,10,8.56445e-11
0.93,-10.00073291,-10.00073291,7.38775e-11,10,10,8.76718e-11
0.9305,-10.00073291,-10.00073291,7.78142e-11,10,10,8.96259e-11
0.931,-10.00073291,-10.00073291,8.16784e-11,10,10,9.15076e-11
0.9315,-10.00073291,-10.00073291,8.30489e-11,10,10,9.33172e-11
0.932,-10.00073291,-10.00073291,8.43482e-11,10,10,9.50558e-11
0.9325,-10.00073291,-10.00073291,8.79996e-11,10,10,9.67241e-11
0.933,-10.00073291,-10.00073291,8.91593e-11,10,10,9.83228e-11
0.9335,-10.00073291,-10.00073291,9.02501e-11,10,10,9.98529e-11
0.934,-10.00073291,-10.00073291,9.36953e-11,10,10,1.01315e-10
0.9345,-10.00073291,-10.00073291,8.98067e-11,10,10,1.0271e-10
0.935,-10.00073291,-10.00073291,9.31182e-11,10,10,1.04038e-10
0.9355,-10.00073291,-10.00073291,9.63642e-11,10,10,1.05301e-10
0.936,-10.00073291,-10.00073291,9.95456e-11,10,10,1.065e-10
0.9365,-10.00073291,-10.00073291,1.00241e-10,10,10,1.07635e-10
0.937,-10.00073291,-10.00073291,9.60282e-11,10,10,1.08706e-10
0.9375,-10.00073291,-10.00073291,1.01443e-10,10,10,1.09716e-10
0.938,-10.00073291,-10.00073291,1.01951e-10,10,10,1.10665e-10
0.9385,-10.00073291,-10.00073291,1.02399e-10,10,10,1.11554e-10
0.939,-10.00073291,-10.00073291,1.02788e-10,10,10,1.12383e-10
0.9395,-10.00073291,-10.00073291,1.05541e-10,10,10,1.13155e-10
0.94,-10.00073291,-10.00073291,1.03391e-10,10,10,1.13868e-10
0.9405,-10.00073291,-10.00073291,1.06029e-10,10,10,1.14526e-10
0.941,-10.00073291,-10.00073291,1.06189e-10,10,10,1.15128e-10
0.9415,-10.00073291,-10.00073291,1.06295e-10,10,10,1.15677e-10
0.942,-10.00073291,-10.00073291,1.06347e-10,10,10,1.16171e-10
0.9425,-10.00073291,-10.00073291,1.08768e-10,10,10,1.16614e-10
0.943,-10.00073291,-10.00073291,1.11138e-10,10,10,1.17005e-10
0.9435,-10.00073291,-10.00073291,1.08612e-10,10,10,1.17346e-10
0.944,-10.00073291,-10.00073291,1.0846e-10,10,10,1.17638e-10
0.9445,-10.00073291,-10.00073291,1.10681e-10,10,10,1.17882e-10
0.945,-10.00073291,-10.00073291,1.10432e-10,10,10,1.1808e-10
0.9455,-10.00073291,-10.00073291,1.07715e-10,10,10,1.18231e-10
0.946,-10.00073291,-10.00073291,1.09798e-10,10,10,1.18338e-10
0.9465,-10.00073291,-10.00073291,1.11836e-10,10,10,1.18401e-10
0.947,-10.00073291,-10.00073291,1.11409e-10,10,10,1.18423e-10
0.9475,-10.00073291,-10.00073291,1.1094e-10,10,10,1.18402e-10
0.948,-10.00073291,-10.00073291,1.10431e-10,10,10,1.18342e-10
0.9485,-10.00073291,-10.00073291,1.09883e-10,10,10,1.18243e-10
0.949,-10.00073291,-10.00073291,1.09296e-10,10,10,1.18107e-10
0.9495,-10.00073291,-10.00073291,1.11094e-10,10,10,1.17934e-10
0.95,-10.00073291,-10.00073291,1.10435e-10,10,10,1.17726e-10
0.9505,-10.00073291,-10.00073291,1.12163e-10,10,10,1.17485e-10
0.951,-10.00073291,-10.00073291,1.09014e-10,10,10,1.1721e-10
0.9515,-10.00073291,-10.00073291,1.10677e-10,10,10,1.16904e-10
0.952,-10.00073291,-10.00073291,1.09887e-10,10,10,1.16569e-10
0.9525,-10.00073291,-10.00073291,1.09068e-10,10,10,1.16204e-10
0.953,-10.00073291,-10.00073291,1.08221e-10,10,10,1.15813e-10
0.9535,-10.00073291,-10.00073291,1.09769e-10,10,10,1.15395e-10
0.954,-10.00073291,-10.00073291,1.0887e-10,10,10,1.14953e-10
0.9545,-10.00073291,-10.00073291,1.05524e-10,10,10,1.14487e-10
0.955,-10.00073291,-10.00073291,1.09423e-10,10,10,1.13999e-10
0.9555,-10.00073291,-10.00073291,1.06034e-10,10,10,1.1349e-10
0.956,-10.00073291,-10.00073291,1.05047e-10,10,10,1.12963e-10
0.9565,-10.00073291,-10.00073291,1.04041e-10,10,10,1.12417e-10
0.957,-10.00073291,-10.00073291,1.07863e-10,10,10,1.11856e-10
0.9575,-10.00073291,-10.00073291,1.04403e-10,10,10,1.11279e-10
0.958,-10.00073291,-10.00073291,1.03351e-10,10,10,1.10689e-10
0.9585,-10.00073291,-10.00073291,1.04708e-10,10,10,1.10087e-10
0.959,-10.00073291,-10.00073291,1.06055e-10,10,10,1.09475e-10
0.9595,-10.00073291,-10.00073291,1.02547e-10,10,10,1.08853e-10
0.96,-10.00073291,-10.00073291,1.01454e-10,10,10,1.08224e-10
0.9605,-10.00073291,-10.00073291,1.02776e-10,10,10,1.07589e-10
0.961,-10.00073291,-10.00073291,9.92484e-11,10,10,1.0695e-10
0.9615,-10.00073291,-10.00073291,1.00562e-10,10,10,1.06308e-10
0.962,-10.00073291,-10.00073291,1.01874e-10,10,10,1.05665e-10
0.9625,-10.00073291,-10.00073291,9.83408e-11,10,10,1.05022e-10
0.963,-10.00073291,-10.00073291,9.72314e-11,10,10,1.0438e-10
0.9635,-10.00073291,-10.00073291,9.8547e-11,10,10,1.03743e-10
0.964,-10.00073291,-10.00073291,9.98672e-11,10,10,1.0311e-10
0.9645,-10.00073291,-10.00073291,9.87716e-11,10,10,1.02484e-10
0.965,-10.00073291,-10.00073291,9.52615e-11,10,10,1.01867e-10
0.9655,-10.00073291,-10.00073291,9.66052e-11,10,10,1.01259e-10
0.966,-10.00073291,-10.00073291,9.79603e-11,10,10,1.00664e-10
0.9665,-10.00073291,-10.00073291,9.4484e-11,10,10,1.00081e-10
0.967,-10.00073291,-10.00073291,9.34444e-11,10,10,9.95144e-11
0.9675,-10.00073291,-10.00073291,9.48436e-11,10,10,9.89641e-11
0.968,-10.00073291,-10.00073291,9.38385e-11,10,10,9.84325e-11
0.9685,-10.00073291,-10.00073291,9.28535e-11,10,10,9.7921e-11
0.969,-10.00073291,-10.00073291,9.43123e-11,10,10,9.74317e-11
0.9695,-10.00073291,-10.00073291,9.33723e-11,10,10,9.69663e-11
0.97,-10.00073291,-10.00073291,9.00355e-11,10,10,9.65264e-11
0.9705,-10.00073291,-10.00073291,9.15701e-11,10,10,9.6114e-11
0.971,-10.00073291,-10.00073291,9.31335e-11,10,10,9.57308e-11
0.9715,-10.00073291,-10.00073291,8.74614e-11,10,10,9.53787e-11
0.972,-10.00073291,-10.00073291,8.90883e-11,10,10,9.50596e-11
0.9725,-10.00073291,-10.00073291,9.07497e-11,10,10,9.47751e-11
0.973,-10.00073291,-10.00073291,9.24479e-11,10,10,9.45275e-11
0.9735,-10.00073291,-10.00073291,8.93395e-11,10,10,9.43181e-11
0.974,-10.00073291,-10.00073291,8.86939e-11,10,10,9.41492e-11
0.9745,-10.00073291,-10.00073291,9.05124e-11,10,10,9.40226e-11
0.975,-10.00073291,-10.00073291,8.75308e-11,10,10,9.39402e-11
0.9755,-10.00073291,-10.00073291,8.94397e-11,10,10,9.3904e-11
0.976,-10.00073291,-10.00073291,9.13966e-11,10,10,9.39161e-11
0.9765,-10.00073291,-10.00073291,9.34035e-11,10,10,9.3978e-11
0.977,-10.00073291,-10.00073291,8.81959e-11,10,10,9.4092e-11
0.9775,-10.00073291,-10.00073291,9.03091e-11,10,10,9.42601e-11
0.978,-10.00073291,-10.00073291,9.24784e-11,10,10,9.44843e-11
0.9785,-10.00073291,-10.00073291,8.98613e-11,10,10,9.47665e-11
0.979,-10.00073291,-10.00073291,8.97268e-11,10,10,9.51087e-11
0.9795,-10.00073291,-10.00073291,9.25318e-11,10,10,9.59657e-11
0.98,-10.00073291,-10.00073291,9.53385e-11,10,10,9.68242e-11
0.9805,-10.00073291,-10.00073291,9.32982e-11,10,10,9.76798e-11
0.981,-10.00073291,-10.00073291,9.12552e-11,10,10,9.85326e-11
0.9815,-10.00073291,-10.00073291,9.64758e-11,10,10,9.9382e-11
0.982,-10.00073291,-10.00073291,9.68485e-11,10,10,1.00228e-10
0.9825,-10.00073291,-10.00073291,9.72177e-11,10,10,1.0107e-10
0.983,-10.00073291,-10.00073291,9.75833e-11,10,10,1.01908e-10
0.9835,-10.00073291,-10.00073291,1.00367e-10,10,10,1.02742e-10
0.984,-10.00073291,-10.00073291,9.8302e-11,10,10,1.03572e-10
0.9845,-10.00073291,-10.00073291,1.01077e-10,10,10,1.04397e-10
0.985,-10.00073291,-10.00073291,1.03847e-10,10,10,1.05217e-10
0.9855,-10.00073291,-10.00073291,1.01769e-10,10,10,1.06032e-10
0.986,-10.00073291,-10.00073291,1.02107e-10,10,10,1.06842e-10
0.9865,-10.00073291,-10.00073291,1.04863e-10,10,10,1.07647e-10
0.987,-10.00073291,-10.00073291,1.07613e-10,10,10,1.08446e-10
0.9875,-10.00073291,-10.00073291,1.07936e-10,10,10,1.0924e-10
0.988,-10.00073291,-10.00073291,1.05831e-10,10,10,1.10028e-10
0.9885,-10.00073291,-10.00073291,1.08564e-10,10,10,1.10811e-10
0.989,-10.00073291,-10.00073291,1.0887e-10,10,10,1.11587e-10
0.9895,-10.00073291,-10.00073291,1.0917e-10,10,10,1.12357e-10
0.99,-10.00073291,-10.00073291,1.09463e-10,10,10,1.13121e-10
0.9905,-10.00073291,-10.00073291,1.12173e-10,10,10,1.13879e-10
0.991,-10.00073291,-10.00073291,1.10033e-10,10,10,1.14631e-10
0.9915,-10.00073291,-10.00073291,1.10308e-10,10,10,1.14058e-10
0.992,-10.00073291,-10.00073291,1.10577e-10,10,10,1.13355e-10
0.9925,-10.00073291,-10.00073291,1.1084e-10,10,10,1.12645e-10
0.993,-10.00073291,-10.00073291,1.08675e-10,10,10,1.11929e-10
0.9935,-10.00073291,-10.00073291,1.08925e-10,10,10,1.11207e-10
0.994,-10.00073291,-10.00073291,1.06747e-10,10,10,1.10478e-10
0.9945,-10.00073291,-10.00073291,1.06984e-10,10,10,1.09743e-10
0.995,-10.00073291,-10.00073291,1.07216e-10,10,10,1.09001e-10
0.9955,-10.00073291,-10.00073291,1.05019e-10,10,10,1.08253e-10
0.996,-10.00073291,-10.00073291,1.05237e-10,10,10,1.07498e-10
0.9965,-10.00073291,-10.00073291,1.0545e-10,10,10,1.06737e-10
0.997,-10.00073291,-10.00073291,1.05656e-10,10,10,1.0597e-10
0.9975,-10.00073291,-10.00073291,1.05857e-10,10,10,1.05197e-10
0.998,-10.00073291,-10.00073291,1.01207e-10,10,10,1.04417e-10
0.9985,-10.00073291,-10.00073291,1.03817e-10,10,10,1.03632e-10
0.999,-10.00073291,-10.00073291,1.01577e-10,10,10,1.02841e-10
0.9995,-10.00073291,-10.00073291,1.01754e-10,10,10,1.02043e-10
1,-10.00073291,-10.00073291,1.01925e-10,10,10,1.0124e-10
1,-10.00073291,-10.00073291,1.01925e-10,10,10,1.0124e-10
