time,spring.w_rel_ref,spring.w_rel_sim,spring.w_rel_relerr
0,0,-0,0
0.0008,0,1.357064434e-18,3.02291e-16
0.0016,0,2.865291377e-18,6.38253e-16
0.0024,0,4.454118557e-18,9.9217e-16
0.0032,0,6.035226777e-18,1.34437e-15
0.004,0,7.530312552e-18,1.6774e-15
0.0048,0,8.871088111e-18,1.97606e-15
0.0056,0,9.999281394e-18,2.22737e-15
0.0064,0,1.086663605e-17,2.42058e-15
0.0072,0,1.143491145e-17,2.54716e-15
0.008,0,1.167588266e-17,2.60084e-15
0.0088,0,1.157134048e-17,2.57755e-15
0.0096,0,1.111309141e-17,2.47548e-15
0.0104,0,1.030295765e-17,2.29502e-15
0.0112,0,9.152777131e-18,2.03881e-15
0.012,0,7.684403494e-18,1.71173e-15
0.0128,0,5.929706085e-18,1.32086e-15
0.0136,0,3.930569966e-18,8.75548e-16
0.0144,0,1.73889591e-18,3.87345e-16
0.0152,0,-5.833995989e-19,1.29954e-16
0.016,0,-2.964384362e-18,6.60327e-16
0.0168,0,-5.322110469e-18,1.18552e-15
0.0176,0,-7.5646143e-18,1.68504e-15
0.0184,0,-9.589916521e-18,2.13619e-15
0.0192,0,-1.128602208e-17,2.514e-15
0.02,0,-1.253092023e-17,2.7913e-15
0.0208,0,-1.31925845e-17,2.93869e-15
0.0216,0,-1.31289727e-17,2.92452e-15
0.0224,0,-1.218802693e-17,2.71492e-15
0.0232,0,-1.02076736e-17,2.27379e-15
0.024,0,-7.01582338e-18,1.5628e-15
0.0248,0,-2.430371244e-18,5.41373e-16
0.0256,0,-1.272081139e-18,2.8336e-16
0.0264,0,-3.074649622e-19,6.84888e-17
0.0272,0,6.233036685e-19,1.38843e-16
0.028,0,1.520787589e-18,3.38761e-16
0.0288,0,2.385545697e-18,5.31388e-16
0.0296,0,3.218132948e-18,7.1685e-16
0.0304,0,4.019100359e-18,8.95268e-16
0.0312,0,4.78899501e-18,1.06676e-15
0.032,0,5.528360038e-18,1.23146e-15
0.0328,0,6.237734642e-18,1.38948e-15
0.0336,0,6.917654081e-18,1.54093e-15
0.0344,0,7.568649676e-18,1.68594e-15
0.0352,0,8.191248806e-18,1.82463e-15
0.036,0,8.785974913e-18,1.95711e-15
0.0368,0,9.353347498e-18,2.08349e-15
0.0376,0,9.893882122e-18,2.2039e-15
0.0384,0,1.040809041e-17,2.31844e-15
0.0392,0,1.089648004e-17,2.42723e-15
0.04,0,1.135955476e-17,2.53038e-15
0.0408,0,1.179781437e-17,2.628e-15
0.0416,0,1.221175473e-17,2.72021e-15
0.0424,0,1.260186778e-17,2.80711e-15
0.0432,0,1.296864149e-17,2.88881e-15
0.044,0,1.331255991e-17,2.96542e-15
0.0448,0,1.363410315e-17,3.03704e-15
0.0456,0,1.393374737e-17,3.10379e-15
0.0464,0,1.421196481e-17,3.16576e-15
0.0472,0,1.446922374e-17,3.22307e-15
0.048,0,1.470598852e-17,3.27581e-15
0.0488,0,1.492271956e-17,3.32409e-15
0.0496,0,1.511987332e-17,3.368e-15
0.0504,0,1.529790233e-17,3.40766e-15
0.0512,0,1.545725519e-17,3.44316e-15
0.052,0,1.559837654e-17,3.47459e-15
0.0528,0,1.57217071e-17,3.50206e-15
0.0536,0,1.582768363e-17,3.52567e-15
0.0544,0,1.591673898e-17,3.54551e-15
0.0552,0,1.598930202e-17,3.56167e-15
0.056,0,1.604579772e-17,3.57426e-15
0.0568,0,1.608664709e-17,3.58335e-15
0.0576,0,1.61122672e-17,3.58906e-15
0.0584,0,1.612307118e-17,3.59147e-15
0.0592,0,1.611946823e-17,3.59067e-15
0.06,0,1.610186361e-17,3.58674e-15
0.0608,0,1.607065864e-17,3.57979e-15
0.0616,0,1.602625068e-17,3.5699e-15
0.0624,0,1.596903317e-17,3.55716e-15
0.0632,0,1.589939562e-17,3.54164e-15
0.064,0,1.581772358e-17,3.52345e-15
0.0648,0,1.572439867e-17,3.50266e-15
0.0656,0,1.561979856e-17,3.47936e-15
0.0664,0,1.5504297e-17,3.45363e-15
0.0672,0,1.537826379e-17,3.42556e-15
0.068,0,1.524206478e-17,3.39522e-15
0.0688,0,1.50960619e-17,3.3627e-15
0.0696,0,1.494061313e-17,3.32807e-15
0.0704,0,1.477607251e-17,3.29142e-15
0.0712,0,1.460279014e-17,3.25282e-15
0.072,0,1.442111218e-17,3.21235e-15
0.0728,0,1.423138087e-17,3.17009e-15
0.0736,0,1.403393447e-17,3.12611e-15
0.0744,0,1.382910734e-17,3.08048e-15
0.0752,0,1.361722988e-17,3.03328e-15
0.076,0,1.339862855e-17,2.98459e-15
0.0768,0,1.317362588e-17,2.93447e-15
0.0776,0,1.294254046e-17,2.88299e-15
0.0784,0,1.270568693e-17,2.83023e-15
0.0792,0,1.246337601e-17,2.77626e-15
0.08,0,1.221591445e-17,2.72114e-15
0.0808,0,1.196360508e-17,2.66493e-15
0.0816,0,1.17067468e-17,2.60772e-15
0.0824,0,1.144563455e-17,2.54955e-15
0.0832,0,1.118055935e-17,2.49051e-15
0.084,0,1.091180825e-17,2.43064e-15
0.0848,0,1.06396644e-17,2.37002e-15
0.0856,0,1.036440698e-17,2.30871e-15
0.0864,0,1.008631125e-17,2.24676e-15
0.0872,0,9.805648512e-18,2.18424e-15
0.088,0,9.522686143e-18,2.12121e-15
0.0888,0,9.237687576e-18,2.05773e-15
0.0896,0,8.950912303e-18,1.99385e-15
0.0904,0,8.662615879e-18,1.92963e-15
0.0912,0,8.373049917e-18,1.86512e-15
0.092,0,8.082462094e-18,1.8004e-15
0.0928,0,7.791096142e-18,1.73549e-15
0.0936,0,7.49919186e-18,1.67047e-15
0.0944,0,7.206985101e-18,1.60538e-15
0.0952,0,6.914707785e-18,1.54027e-15
0.096,0,6.622587886e-18,1.4752e-15
0.0968,0,6.330849444e-18,1.41022e-15
0.0976,0,6.039712556e-18,1.34537e-15
0.0984,0,5.74939338e-18,1.2807e-15
0.0992,0,5.460104137e-18,1.21626e-15
0.1,0,5.172053105e-18,1.15209e-15
0.1008,0,4.885444625e-18,1.08825e-15
0.1016,0,4.600479097e-18,1.02477e-15
0.1024,0,4.317352982e-18,9.61705e-16
0.1032,0,4.036258801e-18,8.9909e-16
0.104,0,3.757385137e-18,8.3697e-16
0.1048,0,3.480916633e-18,7.75386e-16
0.1056,0,3.20703399e-18,7.14378e-16
0.1064,0,2.935913974e-18,6.53985e-16
0.1072,0,2.667729406e-18,5.94246e-16
0.108,0,2.402649173e-18,5.35198e-16
0.1088,0,2.140838219e-18,4.76879e-16
0.1096,0,1.882457548e-18,4.19324e-16
0.1104,0,1.627664228e-18,3.62568e-16
0.1112,0,1.376611385e-18,3.06645e-16
0.112,0,1.129448205e-18,2.51588e-16
0.1128,0,8.863199353e-19,1.97431e-16
0.1136,0,6.473678844e-19,1.44203e-16
0.1144,0,4.127294203e-19,9.19369e-17
0.1152,0,1.825379718e-19,4.06609e-17
0.116,0,-4.307697186e-20,9.59554e-18
0.1168,0,-2.639898608e-19,5.88046e-17
0.1176,0,-4.800790849e-19,1.06939e-16
0.1184,0,-6.912269734e-19,1.53973e-16
0.1192,0,-8.973197951e-19,1.99881e-16
0.12,0,-1.098247758e-18,2.44638e-16
0.1208,0,-1.293905011e-18,2.88222e-16
0.1216,0,-1.48418964e-18,3.30608e-16
0.1224,0,-1.669003672e-18,3.71776e-16
0.1232,0,-1.848253075e-18,4.11705e-16
0.124,0,-2.021847753e-18,4.50373e-16
0.1248,0,-2.189701552e-18,4.87763e-16
0.1256,0,-2.351732258e-18,5.23856e-16
0.1264,0,-2.507861593e-18,5.58635e-16
0.1272,0,-2.658015224e-18,5.92082e-16
0.128,0,-2.802122752e-18,6.24182e-16
0.1288,0,-2.940117721e-18,6.54921e-16
0.1296,0,-3.071937613e-18,6.84284e-16
0.1304,0,-3.19752385e-18,7.12259e-16
0.1312,0,-3.316821795e-18,7.38833e-16
0.132,0,-3.429780747e-18,7.63995e-16
0.1328,0,-3.536353948e-18,7.87735e-16
0.1336,0,-3.636498577e-18,8.10042e-16
0.1344,0,-3.730175755e-18,8.30909e-16
0.1352,0,-3.817350539e-18,8.50328e-16
0.136,0,-3.89799193e-18,8.68291e-16
0.1368,0,-3.972072864e-18,8.84793e-16
0.1376,0,-4.03957022e-18,8.99828e-16
0.1384,0,-4.100464814e-18,9.13392e-16
0.1392,0,-4.154741404e-18,9.25483e-16
0.14,0,-4.202388686e-18,9.36096e-16
0.1408,0,-4.243399295e-18,9.45231e-16
0.1416,0,-4.277769806e-18,9.52888e-16
0.1424,0,-4.305500734e-18,9.59065e-16
0.1432,0,-4.326596534e-18,9.63764e-16
0.144,0,-4.3410656e-18,9.66987e-16
0.1448,0,-4.348920264e-18,9.68737e-16
0.1456,0,-4.350176799e-18,9.69016e-16
0.1464,0,-4.344855418e-18,9.67831e-16
0.1472,0,-4.332980272e-18,9.65186e-16
0.148,0,-4.314579453e-18,9.61087e-16
0.1488,0,-4.289684992e-18,9.55542e-16
0.1496,0,-4.258332859e-18,9.48558e-16
0.1504,0,-4.220562964e-18,9.40145e-16
0.1512,0,-4.176419156e-18,9.30311e-16
0.152,0,-4.125949224e-18,9.19069e-16
0.1528,0,-4.069204897e-18,9.06429e-16
0.1536,0,-4.006241843e-18,8.92404e-16
0.1544,0,-3.937119669e-18,8.77007e-16
0.1552,0,-3.861901921e-18,8.60252e-16
0.156,0,-3.780656088e-18,8.42154e-16
0.1568,0,-3.693453594e-18,8.22729e-16
0.1576,0,-3.600369805e-18,8.01994e-16
0.1584,0,-3.501484027e-18,7.79967e-16
0.1592,0,-3.396879503e-18,7.56666e-16
0.16,0,-3.286643418e-18,7.32111e-16
0.1608,0,-3.170866895e-18,7.06321e-16
0.1616,0,-3.049644998e-18,6.79319e-16
0.1624,0,-2.923076729e-18,6.51125e-16
0.1632,0,-2.79126503e-18,6.21764e-16
0.164,0,-2.654316783e-18,5.91258e-16
0.1648,0,-2.512342809e-18,5.59633e-16
0.1656,0,-2.365457869e-18,5.26914e-16
0.1664,0,-2.213780663e-18,4.93127e-16
0.1672,0,-2.05743383e-18,4.583e-16
0.168,0,-1.89654395e-18,4.22462e-16
0.1688,0,-1.731241542e-18,3.8564e-16
0.1696,0,-1.561661064e-18,3.47865e-16
0.1704,0,-1.387940914e-18,3.09168e-16
0.1712,0,-1.210223428e-18,2.69581e-16
0.172,0,-1.028654884e-18,2.29136e-16
0.1728,0,-8.433854982e-19,1.87867e-16
0.1736,0,-6.545694263e-19,1.45808e-16
0.1744,0,-4.623647637e-19,1.02993e-16
0.1752,0,-2.669335451e-19,5.94603e-17
0.176,0,-6.844174509e-20,1.52456e-17
0.1768,0,1.329407226e-19,2.9613e-17
0.1776,0,3.370400044e-19,7.50768e-17
0.1784,0,5.436783075e-19,1.21106e-16
0.1792,0,7.526738995e-19,1.67661e-16
0.18,0,9.638411083e-19,2.14699e-16
0.1808,0,1.176990323e-18,2.62179e-16
0.1816,0,1.391927991e-18,3.10057e-16
0.1824,0,1.608456624e-18,3.58289e-16
0.1832,0,1.82637479e-18,4.06831e-16
0.184,0,2.045477121e-18,4.55637e-16
0.1848,0,2.265554307e-18,5.0466e-16
0.1856,0,2.4863931e-18,5.53852e-16
0.1864,0,2.707776311e-18,6.03166e-16
0.1872,0,2.929482814e-18,6.52552e-16
0.188,0,3.15128754e-18,7.0196e-16
0.1888,0,3.372961484e-18,7.51338e-16
0.1896,0,3.594271699e-18,8.00636e-16
0.1904,0,3.814981299e-18,8.498e-16
0.1912,0,4.03484946e-18,8.98776e-16
0.192,0,4.253631417e-18,9.47511e-16
0.1928,0,4.471078465e-18,9.95948e-16
0.1936,0,4.68693796e-18,1.04403e-15
0.1944,0,4.900953321e-18,1.0917e-15
0.1952,0,5.112864022e-18,1.13891e-15
0.196,0,5.322405604e-18,1.18558e-15
0.1968,0,5.529309663e-18,1.23167e-15
0.1976,0,5.733303858e-18,1.27711e-15
0.1984,0,5.93411191e-18,1.32184e-15
0.1992,0,6.131453596e-18,1.3658e-15
0.2,0,6.325044758e-18,1.40892e-15
0.2008,0,6.514597296e-18,1.45115e-15
0.2016,0,6.699819171e-18,1.49241e-15
0.2024,0,6.880414404e-18,1.53264e-15
0.2032,0,7.056083079e-18,1.57177e-15
0.204,0,7.226521337e-18,1.60973e-15
0.2048,0,7.391421382e-18,1.64646e-15
0.2056,0,7.550471477e-18,1.68189e-15
0.2064,0,7.703355946e-18,1.71595e-15
0.2072,0,7.849755174e-18,1.74856e-15
0.208,0,7.989345605e-18,1.77965e-15
0.2088,0,8.121799746e-18,1.80916e-15
0.2096,0,8.246786161e-18,1.837e-15
0.2104,0,8.363969478e-18,1.8631e-15
0.2112,0,8.473010384e-18,1.88739e-15
0.212,0,8.573565626e-18,1.90979e-15
0.2128,0,8.665288011e-18,1.93022e-15
0.2136,0,8.747826409e-18,1.94861e-15
0.2144,0,8.820825748e-18,1.96487e-15
0.2152,0,8.883927017e-18,1.97892e-15
0.216,0,8.936767267e-18,1.99069e-15
0.2168,0,8.978979607e-18,2.0001e-15
0.2176,0,9.010193209e-18,2.00705e-15
0.2184,0,9.030033303e-18,2.01147e-15
0.2192,0,9.038121183e-18,2.01327e-15
0.22,0,9.034074199e-18,2.01237e-15
0.2208,0,9.017505764e-18,2.00868e-15
0.2216,0,8.988025353e-18,2.00211e-15
0.2224,0,8.945238498e-18,1.99258e-15
0.2232,0,8.888746794e-18,1.98e-15
0.224,0,8.818147896e-18,1.96427e-15
0.2248,0,8.733035518e-18,1.94531e-15
0.2256,0,8.632999436e-18,1.92303e-15
0.2264,0,8.517625487e-18,1.89733e-15
0.2272,0,8.386495567e-18,1.86812e-15
0.228,0,8.239187634e-18,1.83531e-15
0.2288,0,8.075275704e-18,1.79879e-15
0.2296,0,7.894329856e-18,1.75849e-15
0.2304,0,7.695916229e-18,1.71429e-15
0.2312,0,7.479597021e-18,1.66611e-15
0.232,0,7.244930492e-18,1.61383e-15
0.2328,0,6.991470963e-18,1.55737e-15
0.2336,0,6.718768813e-18,1.49663e-15
0.2344,0,6.426370483e-18,1.4315e-15
0.2352,0,6.113818476e-18,1.36187e-15
0.236,0,5.780651353e-18,1.28766e-15
0.2368,0,5.426403737e-18,1.20875e-15
0.2376,0,5.05060631e-18,1.12504e-15
0.2384,0,4.652785816e-18,1.03642e-15
0.2392,0,4.232465058e-18,9.42796e-16
0.24,0,3.789162902e-18,8.44049e-16
0.2408,0,3.322394272e-18,7.40074e-16
0.2416,0,2.831670153e-18,6.30764e-16
0.2424,0,2.316497592e-18,5.16008e-16
0.2432,0,1.776379694e-18,3.95695e-16
0.244,0,1.210815627e-18,2.69713e-16
0.2448,0,6.19300617e-19,1.37951e-16
0.2456,0,1.325952764e-21,2.9536e-19
0.2464,0,-6.436210178e-19,1.43369e-16
0.2472,0,-1.316056886e-18,2.93156e-16
0.248,0,-2.016502182e-18,4.49183e-16
0.2488,0,-2.745481377e-18,6.11565e-16
0.2496,0,-3.50352288e-18,7.80421e-16
0.2504,0,-4.291159041e-18,9.5587e-16
0.2512,0,-5.108926149e-18,1.13803e-15
0.252,0,-5.957364431e-18,1.32702e-15
0.2528,0,-6.837018056e-18,1.52297e-15
0.2536,0,-7.748435131e-18,1.72599e-15
0.2544,0,-8.692167703e-18,1.93621e-15
0.2552,0,-9.668771758e-18,2.15375e-15
0.256,0,-1.067880722e-17,2.37874e-15
0.2568,0,-1.172283796e-17,2.6113e-15
0.2576,0,-1.280143178e-17,2.85156e-15
0.2584,0,-1.391516042e-17,3.09965e-15
0.2592,0,-1.506459958e-17,3.35569e-15
0.26,0,-1.625032886e-17,3.61982e-15
0.2608,0,-1.747293184e-17,3.89215e-15
0.2616,0,-1.873299601e-17,4.17284e-15
0.2624,0,-2.003111282e-17,4.462e-15
0.2632,0,-2.136787766e-17,4.75977e-15
0.264,0,-2.274388983e-17,5.06628e-15
0.2648,0,-2.415975261e-17,5.38167e-15
0.2656,0,-2.561607319e-17,5.70607e-15
0.2664,0,-2.711346272e-17,6.03961e-15
0.2672,0,-2.865253626e-17,6.38245e-15
0.268,0,-3.023391285e-17,6.73471e-15
0.2688,0,-3.185821543e-17,7.09652e-15
0.2696,0,-3.352607091e-17,7.46804e-15
0.2704,0,-3.523811012e-17,7.84941e-15
0.2712,0,-3.699496784e-17,8.24075e-15
0.272,0,-3.879728279e-17,8.64222e-15
0.2728,0,-3.798381353e-17,8.46102e-15
0.2736,0,-3.669793944e-17,8.17459e-15
0.2744,0,-3.541398214e-17,7.88858e-15
0.2752,0,-3.4132888e-17,7.60321e-15
0.276,0,-3.285558463e-17,7.31869e-15
0.2768,0,-3.158298082e-17,7.03521e-15
0.2776,0,-3.031596661e-17,6.75298e-15
0.2784,0,-2.905541324e-17,6.47219e-15
0.2792,0,-2.780217319e-17,6.19303e-15
0.28,0,-2.655708015e-17,5.91568e-15
0.2808,0,-2.532094902e-17,5.64033e-15
0.2816,0,-2.409457593e-17,5.36715e-15
0.2824,0,-2.287873823e-17,5.09632e-15
0.2832,0,-2.167419448e-17,4.828e-15
0.284,0,-2.048168448e-17,4.56236e-15
0.2848,0,-1.930192922e-17,4.29957e-15
0.2856,0,-1.813563093e-17,4.03977e-15
0.2864,0,-1.698347306e-17,3.78313e-15
0.2872,0,-1.584612027e-17,3.52978e-15
0.288,0,-1.472421845e-17,3.27987e-15
0.2888,0,-1.361839469e-17,3.03354e-15
0.2896,0,-1.252925732e-17,2.79093e-15
0.2904,0,-1.145739588e-17,2.55217e-15
0.2912,0,-1.040338114e-17,2.31739e-15
0.292,0,-9.367765065e-18,2.0867e-15
0.2928,0,-8.351080868e-18,1.86023e-15
0.2936,0,-7.353842965e-18,1.63809e-15
0.2944,0,-6.376546995e-18,1.4204e-15
0.2952,0,-5.419669817e-18,1.20725e-15
0.296,0,-4.48366951e-18,9.98752e-16
0.2968,0,-3.568985371e-18,7.95003e-16
0.2976,0,-2.676037917e-18,5.96096e-16
0.2984,0,-1.805228885e-18,4.02121e-16
0.2992,0,-9.56941232e-19,2.13162e-16
0.3,0,-1.315391328e-19,2.93008e-17
0.3008,0,6.706320173e-19,1.49386e-16
0.3016,0,1.449245604e-18,3.22824e-16
0.3024,0,2.203993792e-18,4.90947e-16
0.3032,0,2.934587529e-18,6.53689e-16
0.304,0,3.640756541e-18,8.10991e-16
0.3048,0,4.322249336e-18,9.62795e-16
0.3056,0,4.978833202e-18,1.10905e-15
0.3064,0,5.610294208e-18,1.24971e-15
0.3072,0,6.216437202e-18,1.38473e-15
0.308,0,6.797085814e-18,1.51407e-15
0.3088,0,7.352082454e-18,1.6377e-15
0.3096,0,7.881288313e-18,1.75558e-15
0.3104,0,8.384583361e-18,1.86769e-15
0.3112,0,8.861866351e-18,1.97401e-15
0.312,0,9.313054814e-18,2.07451e-15
0.3128,0,9.738085064e-18,2.16919e-15
0.3136,0,1.013691219e-17,2.25803e-15
0.3144,0,1.050951008e-17,2.34103e-15
0.3152,0,1.085587137e-17,2.41818e-15
0.316,0,1.11760075e-17,2.48949e-15
0.3168,0,1.146994869e-17,2.55497e-15
0.3176,0,1.173774393e-17,2.61462e-15
0.3184,0,1.197946101e-17,2.66847e-15
0.3192,0,1.219518647e-17,2.71652e-15
0.32,0,1.238502565e-17,2.75881e-15
0.3208,0,1.254910268e-17,2.79535e-15
0.3216,0,1.268756044e-17,2.8262e-15
0.3224,0,1.280056063e-17,2.85137e-15
0.3232,0,1.288828369e-17,2.87091e-15
0.324,0,1.295092888e-17,2.88486e-15
0.3248,0,1.29887142e-17,2.89328e-15
0.3256,0,1.300187646e-17,2.89621e-15
0.3264,0,1.299067125e-17,2.89372e-15
0.3272,0,1.295537292e-17,2.88585e-15
0.328,0,1.289627461e-17,2.87269e-15
0.3288,0,1.281368826e-17,2.85429e-15
0.3296,0,1.270794456e-17,2.83074e-15
0.3304,0,1.2579393e-17,2.8021e-15
0.3312,0,1.242840184e-17,2.76847e-15
0.332,0,1.225535813e-17,2.72992e-15
0.3328,0,1.206066769e-17,2.68655e-15
0.3336,0,1.184475513e-17,2.63846e-15
0.3344,0,1.160806384e-17,2.58574e-15
0.3352,0,1.135105599e-17,2.52849e-15
0.336,0,1.107421251e-17,2.46682e-15
0.3368,0,1.077803315e-17,2.40084e-15
0.3376,0,1.04630364e-17,2.33068e-15
0.3384,0,1.012975956e-17,2.25644e-15
0.3392,0,9.778758705e-18,2.17825e-15
0.34,0,9.410608676e-18,2.09624e-15
0.3408,0,9.025903107e-18,2.01055e-15
0.3416,0,8.625254409e-18,1.9213e-15
0.3424,0,8.209293775e-18,1.82865e-15
0.3432,0,7.778671177e-18,1.73273e-15
0.344,0,7.334055368e-18,1.63369e-15
0.3448,0,6.876133882e-18,1.53168e-15
0.3456,0,6.405613034e-18,1.42687e-15
0.3464,0,5.923217917e-18,1.31942e-15
0.3472,0,5.429692407e-18,1.20948e-15
0.348,0,4.925799159e-18,1.09724e-15
0.3488,0,4.41231961e-18,9.82859e-16
0.3496,0,3.890053977e-18,8.66523e-16
0.3504,0,3.359821257e-18,7.48411e-16
0.3512,0,2.822459227e-18,6.28712e-16
0.352,0,2.278824446e-18,5.07616e-16
0.3528,0,1.729792254e-18,3.85317e-16
0.3536,0,1.176256768e-18,2.62015e-16
0.3544,0,6.191308892e-19,1.37913e-16
0.3552,0,5.934629803e-20,1.32196e-17
0.356,0,-5.021465447e-19,1.11855e-16
0.3568,0,-1.064378398e-18,2.37094e-16
0.3576,0,-1.626361239e-18,3.62277e-16
0.3584,0,-2.187088265e-18,4.87181e-16
0.3592,0,-2.745533895e-18,6.11577e-16
0.36,0,-3.300653763e-18,7.35232e-16
0.3608,0,-3.851384726e-18,8.57909e-16
0.3616,0,-4.39664486e-18,9.79367e-16
0.3624,0,-4.935333459e-18,1.09936e-15
0.3632,0,-5.466331037e-18,1.21764e-15
0.364,0,-5.988499329e-18,1.33396e-15
0.3648,0,-6.500681288e-18,1.44805e-15
0.3656,0,-7.001701086e-18,1.55965e-15
0.3664,0,-7.490364116e-18,1.6685e-15
0.3672,0,-7.96545699e-18,1.77433e-15
0.368,0,-8.425747538e-18,1.87686e-15
0.3688,0,-8.869984812e-18,1.97582e-15
0.3696,0,-9.296899082e-18,2.07092e-15
0.3704,0,-9.705201836e-18,2.16187e-15
0.3712,0,-1.009358579e-17,2.24838e-15
0.372,0,-1.046072486e-17,2.33016e-15
0.3728,0,-1.08052742e-17,2.40691e-15
0.3736,0,-1.112587018e-17,2.47832e-15
0.3744,0,-1.142113039e-17,2.54409e-15
0.3752,0,-1.168965363e-17,2.60391e-15
0.376,0,-1.193001993e-17,2.65745e-15
0.3768,0,-1.214079053e-17,2.7044e-15
0.3776,0,-1.23205079e-17,2.74443e-15
0.3784,0,-1.246769572e-17,2.77722e-15
0.3792,0,-1.25808589e-17,2.80243e-15
0.38,0,-1.265848356e-17,2.81972e-15
0.3808,0,-1.269903705e-17,2.82875e-15
0.3816,0,-1.270096791e-17,2.82918e-15
0.3824,0,-1.266270595e-17,2.82066e-15
0.3832,0,-1.258266216e-17,2.80283e-15
0.384,0,-1.245922875e-17,2.77533e-15
0.3848,0,-1.229077917e-17,2.73781e-15
0.3856,0,-1.207566809e-17,2.6899e-15
0.3864,0,-1.181223137e-17,2.63121e-15
0.3872,0,-1.149878611e-17,2.56139e-15
0.388,0,-1.113363065e-17,2.48005e-15
0.3888,0,-1.07150445e-17,2.38681e-15
0.3896,0,-1.024128844e-17,2.28128e-15
0.3904,0,-9.710604432e-18,2.16307e-15
0.3912,0,-9.121215677e-18,2.03178e-15
0.392,0,-8.47132659e-18,1.88702e-15
0.3928,0,-7.759122806e-18,1.72837e-15
0.3936,0,-6.98277118e-18,1.55544e-15
0.3944,0,-4.277133791e-18,9.52746e-16
0.3952,0,-1.655091867e-18,3.68677e-16
0.396,0,6.674819649e-19,1.48684e-16
0.3968,0,2.710175415e-18,6.03701e-16
0.3976,0,4.492024765e-18,1.00061e-15
0.3984,0,6.031514872e-18,1.34354e-15
0.3992,0,7.346579161e-18,1.63648e-15
0.4,0,8.454599631e-18,1.88329e-15
0.4008,0,9.372406854e-18,2.08773e-15
0.4016,0,1.011627997e-17,2.25344e-15
0.4024,0,1.07019467e-17,2.38389e-15
0.4032,0,1.114458333e-17,2.48249e-15
0.404,0,1.145881471e-17,2.55249e-15
0.4048,0,1.165871429e-17,2.59702e-15
0.4056,0,1.175780405e-17,2.61909e-15
0.4064,0,1.176905458e-17,2.6216e-15
0.4072,0,1.170488503e-17,2.6073e-15
0.408,0,1.157716311e-17,2.57885e-15
0.4088,0,1.139720512e-17,2.53877e-15
0.4096,0,1.117577593e-17,2.48944e-15
0.4104,0,1.092308895e-17,2.43315e-15
0.4112,0,1.064880621e-17,2.37206e-15
0.412,0,1.036203829e-17,2.30818e-15
0.4128,0,1.007134433e-17,2.24343e-15
0.4136,0,9.78473207e-18,2.17958e-15
0.4144,0,9.509657792e-18,2.11831e-15
0.4152,0,9.253026371e-18,2.06114e-15
0.416,0,9.021191245e-18,2.0095e-15
0.4168,0,8.819954429e-18,1.96467e-15
0.4176,0,8.654566506e-18,1.92783e-15
0.4184,0,8.529726634e-18,1.90003e-15
0.4192,0,8.449582541e-18,1.88217e-15
0.42,0,8.417730528e-18,1.87508e-15
0.4208,0,8.437215468e-18,1.87942e-15
0.4216,0,8.510530807e-18,1.89575e-15
0.4224,0,8.63961856e-18,1.9245e-15
0.4232,0,8.825869317e-18,1.96599e-15
0.424,0,9.070122241e-18,2.0204e-15
0.4248,0,9.372665063e-18,2.08779e-15
0.4256,0,9.73323409e-18,2.16811e-15
0.4264,0,1.01510142e-17,2.26117e-15
0.4272,0,1.062463884e-17,2.36667e-15
0.428,0,1.115219003e-17,2.48419e-15
0.4288,0,1.173119837e-17,2.61316e-15
0.4296,0,1.235864303e-17,2.75293e-15
0.4304,0,1.303095173e-17,2.90269e-15
0.4312,0,1.374400079e-17,3.06152e-15
0.432,0,1.44931151e-17,3.22839e-15
0.4328,0,1.52730681e-17,3.40213e-15
0.4336,0,1.607808183e-17,3.58145e-15
0.4344,0,1.690182688e-17,3.76494e-15
0.4352,0,1.773742242e-17,3.95107e-15
0.436,0,1.857743619e-17,4.13819e-15
0.4368,0,1.941388451e-17,4.32451e-15
0.4376,0,2.023823227e-17,4.50813e-15
0.4384,0,2.104139292e-17,4.68704e-15
0.4392,0,2.18137285e-17,4.85908e-15
0.44,0,2.25450496e-17,5.02199e-15
0.4408,0,2.322461541e-17,5.17336e-15
0.4416,0,2.384113366e-17,5.31069e-15
0.4424,0,2.438276069e-17,5.43134e-15
0.4432,0,2.483710137e-17,5.53255e-15
0.444,0,2.519120918e-17,5.61143e-15
0.4448,0,2.543158614e-17,5.66497e-15
0.4456,0,2.554418287e-17,5.69005e-15
0.4464,0,2.551439855e-17,5.68342e-15
0.4472,0,2.532708092e-17,5.64169e-15
0.448,0,2.496652631e-17,5.56138e-15
0.4488,0,2.441647962e-17,5.43885e-15
0.4496,0,2.366013431e-17,5.27037e-15
0.4504,0,2.268013242e-17,5.05208e-15
0.4512,0,2.145856457e-17,4.77997e-15
0.452,0,1.997696994e-17,4.44994e-15
0.4528,0,1.821633629e-17,4.05775e-15
0.4536,0,1.615709994e-17,3.59905e-15
0.4544,0,1.377914579e-17,3.06935e-15
0.4552,0,1.106180732e-17,2.46405e-15
0.456,0,7.983866564e-18,1.77843e-15
0.4568,0,4.52355415e-18,1.00764e-15
0.4576,0,6.585492611e-19,1.46694e-16
0.4584,0,-3.634020341e-18,8.0949e-16
0.4592,0,-8.377578325e-18,1.86613e-15
0.46,0,-1.359609978e-17,3.02858e-15
0.4608,0,-1.931411124e-17,4.30228e-15
0.4616,0,-2.426641973e-17,5.40543e-15
0.4624,0,-2.86054367e-17,6.37196e-15
0.4632,0,-3.237326441e-17,7.21125e-15
0.464,0,-3.558693296e-17,7.92711e-15
0.4648,0,-3.826407597e-17,8.52345e-15
0.4656,0,-4.042293059e-17,9.00434e-15
0.4664,0,-4.208233752e-17,9.37398e-15
0.4672,0,-4.326174099e-17,9.6367e-15
0.468,0,-4.398118877e-17,9.79696e-15
0.4688,0,-4.426133216e-17,9.85936e-15
0.4696,0,-4.412342599e-17,9.82864e-15
0.4704,0,-4.358932864e-17,9.70967e-15
0.4712,0,-4.268150203e-17,9.50745e-15
0.472,0,-4.142301158e-17,9.22711e-15
0.4728,0,-3.98375263e-17,8.87394e-15
0.4736,0,-3.794931869e-17,8.45334e-15
0.4744,0,-3.57832648e-17,7.97084e-15
0.4752,0,-3.336484424e-17,7.43213e-15
0.476,0,-3.072014011e-17,6.84301e-15
0.4768,0,-2.787583909e-17,6.20944e-15
0.4776,0,-2.485923136e-17,5.53748e-15
0.4784,0,-2.169821067e-17,4.83335e-15
0.4792,0,-1.842127428e-17,4.1034e-15
0.48,0,-1.505752299e-17,3.35411e-15
0.4808,0,-1.163666115e-17,2.59211e-15
0.4816,0,-8.188996633e-18,1.82413e-15
0.4824,0,-4.745440847e-18,1.05706e-15
0.4832,0,-1.337508744e-18,2.97935e-16
0.484,0,2.002681193e-18,4.46104e-16
0.4848,0,5.242406945e-18,1.16776e-15
0.4856,0,8.348342955e-18,1.85962e-15
0.4864,0,1.128656013e-17,2.51412e-15
0.4872,0,1.402252585e-17,3.12356e-15
0.488,0,1.652110394e-17,3.68013e-15
0.4888,0,1.874655471e-17,4.17586e-15
0.4896,0,2.066253493e-17,4.60265e-15
0.4904,0,2.223209781e-17,4.95227e-15
0.4912,0,2.341769306e-17,5.21637e-15
0.492,0,2.418116682e-17,5.38644e-15
0.4928,0,2.448376173e-17,5.45384e-15
0.4936,0,2.428611687e-17,5.40981e-15
0.4944,0,2.354826779e-17,5.24546e-15
0.4952,0,2.22296465e-17,4.95173e-15
0.496,0,2.028908147e-17,4.51946e-15
0.4968,0,1.768479766e-17,3.93935e-15
0.4976,0,1.437441646e-17,3.20195e-15
0.4984,0,1.031495575e-17,2.29769e-15
0.4992,0,5.542609743e-18,1.23463e-15
0.5,0,-1.703107495e-08,3.79373e-06
0.5,0,-1.703107495e-08,3.79373e-06
0.5008,-2.98578869e-05,-3.12966872e-05,0.000320498
0.5016,-0.0001123977264,-0.0001149439883,0.000567188
0.5024,-0.0002375915875,-0.0002408935255,0.000735518
0.5032,-0.0003964566533,-0.0004003596006,0.000869395
0.504,-0.0005813058204,-0.0005857110986,0.00098129
0.5048,-0.0007855540931,-0.0007903324058,0.00106439
0.5056,-0.001003498909,-0.00100852353,0.00111925
0.5064,-0.001230239794,-0.001235406992,0.00115101
0.5072,-0.001461590066,-0.001466807883,0.00116229
0.508,-0.001694006868,-0.001699205722,0.00115806
0.5088,-0.00192452068,-0.00192963923,0.00114017
0.5096,-0.002150665962,-0.002155653603,0.00111101
0.5104,-0.002370415469,-0.002375210928,0.0010682
0.5112,-0.00258210893,-0.002586683052,0.0010189
0.512,-0.002784450674,-0.002788754429,0.000958676
0.5128,-0.002976405427,-0.00298043499,0.000897599
0.5136,-0.003157220261,-0.003160961753,0.00083343
0.5144,-0.003326338184,-0.00332978636,0.000768093
0.5152,-0.003483415361,-0.003486576592,0.000704175
0.516,-0.003628260341,-0.003631131032,0.000639456
0.5168,-0.003760826087,-0.003763417894,0.000577334
0.5176,-0.003881181706,-0.003883511136,0.000518888
0.5184,-0.003989492055,-0.003991565986,0.000461975
0.5192,-0.004086003564,-0.004087818945,0.000404382
0.52,-0.004171024367,-0.004172591157,0.000349008
0.5208,-0.004244920167,-0.004246245538,0.000295231
0.5216,-0.004308090433,-0.004309181327,0.000243
0.5224,-0.004360976322,-0.004361848766,0.00019434
0.5232,-0.004404031993,-0.004404707784,0.000150535
0.524,-0.004437738584,-0.004438227999,0.000109019
0.5248,-0.004462577362,-0.004462888717,6.93553e-05
0.5256,-0.004479042471,-0.00447917893,3.03967e-05
0.5264,-0.004487620009,-0.004487599089,4.66007e-06
0.5272,-0.004488798662,-0.004488626781,3.8287e-05
0.528,-0.004483052689,-0.004482739839,6.96885e-05
0.5288,-0.004470852995,-0.004470409741,9.87363e-05
0.5296,-0.004452651414,-0.004452092079,0.000124594
0.5304,-0.00442889247,-0.004428226557,0.000148334
0.5312,-0.004399999458,-0.004399236989,0.000169843
0.532,-0.004366384789,-0.004365531302,0.000190117
0.5328,-0.004328439413,-0.004327501537,0.000208915
0.5336,-0.004286540582,-0.004285523843,0.000226482
0.5344,-0.004241044788,-0.004239951084,0.000243626
0.5352,-0.004192295315,-0.004191137591,0.000257887
0.536,-0.004140614745,-0.00413940201,0.000270141
0.5368,-0.004086308382,-0.00408504256,0.000281966
0.5376,-0.004029663292,-0.00402834261,0.000294186
0.5384,-0.00397094881,-0.003969570677,0.000306984
0.5392,-0.003910414755,-0.00390898043,0.000319501
0.54,-0.003848292277,-0.003846810686,0.000330029
0.5408,-0.003784794864,-0.003783285412,0.000336235
0.5416,-0.003720157043,-0.003718613728,0.000343779
0.5424,-0.003654556855,-0.003652989899,0.000349045
0.5432,-0.003588172258,-0.003586593343,0.000351709
0.544,-0.003521167692,-0.003519588627,0.000351742
0.5448,-0.00345370309,-0.003452121749,0.000352249
0.5456,-0.00338591823,-0.003384335152,0.000352636
0.5464,-0.003317944198,-0.003316378409,0.000348785
0.5472,-0.003249901844,-0.003248363499,0.000342671
0.548,-0.00318190414,-0.003180395657,0.00033602
0.5488,-0.003114053398,-0.003112573375,0.00032968
0.5496,-0.003046443682,-0.0030449884,0.000324169
0.5504,-0.002979161488,-0.002977725737,0.000319818
0.5512,-0.002912280896,-0.002910863647,0.000315697
0.552,-0.002845872076,-0.002844473648,0.000311504
0.5528,-0.002779999581,-0.002778620514,0.000307192
0.5536,-0.002714720922,-0.002713362276,0.000302643
0.5544,-0.00265008481,-0.002648750222,0.000297284
0.5552,-0.002586135584,-0.002584828894,0.00029107
0.556,-0.002522914314,-0.002521636095,0.000284728
0.5568,-0.002460456604,-0.00245919783,0.000280396
0.5576,-0.002398792366,-0.002397546423,0.000277538
0.5584,-0.002337947621,-0.002336726251,0.000272064
0.5592,-0.002277946621,-0.002276754733,0.000265497
0.56,-0.002218809938,-0.002217647596,0.000258916
0.5608,-0.002160553329,-0.002159418873,0.000252704
0.5616,-0.002103188692,-0.002102080907,0.000246763
0.5624,-0.002046729392,-0.002045644345,0.000241698
0.5632,-0.00199118548,-0.001990118142,0.000237753
0.564,-0.001936563046,-0.00193550956,0.000234668
0.5648,-0.001882863032,-0.001881824168,0.00023141
0.5656,-0.001830091151,-0.001829065843,0.000228391
0.5664,-0.00177824949,-0.001777236768,0.000225587
0.5672,-0.001727337627,-0.001726337432,0.000222797
0.568,-0.001677349756,-0.001676366635,0.000218994
0.5688,-0.001628285239,-0.001627321479,0.000214681
0.5696,-0.001580140267,-0.001579197377,0.000210032
0.5704,-0.001532909752,-0.001531988047,0.000205313
0.5712,-0.001486584687,-0.001485685514,0.000200294
0.572,-0.001441159482,-0.001440277722,0.000196415
0.5728,-0.00139662654,-0.001395755286,0.000194075
0.5736,-0.001352977673,-0.001352120542,0.000190929
0.5744,-0.001310201979,-0.001309362567,0.000186982
0.5752,-0.001268290952,-0.001267470389,0.000182783
0.576,-0.001227234892,-0.001226432992,0.000178626
0.5768,-0.001187023964,-0.001186239315,0.000174783
0.5776,-0.001147645585,-0.00114687825,0.000170926
0.5784,-0.001109089962,-0.001108338646,0.000167358
0.5792,-0.001071346264,-0.001070609305,0.00016416
0.58,-0.001034403691,-0.001033678982,0.000161431
0.5808,-0.0009982491839,-0.0009975363895,0.000158777
0.5816,-0.0009628718079,-0.0009621701926,0.000156287
0.5824,-0.000928260253,-0.0009275690115,0.000153976
0.5832,-0.0008944031264,-0.0008937214207,0.000151852
0.584,-0.0008612877256,-0.0008606159494,0.00014964
0.5848,-0.0008289023882,-0.0008282410813,0.000147308
0.5856,-0.0007972356079,-0.0007965852544,0.000144868
0.5864,-0.0007662757552,-0.0007656368615,0.000142316
0.5872,-0.0007360107083,-0.0007353842496,0.000139546
0.588,-0.0007064286996,-0.0007058157206,0.000136543
0.5888,-0.0006775182864,-0.0006769195306,0.000133375
0.5896,-0.0006492679966,-0.0006486838902,0.000130112
0.5904,-0.000621666208,-0.0006210969647,0.000126801
0.5912,-0.000594701459,-0.0005941468739,0.000123536
0.592,-0.0005683626532,-0.0005678214763,0.000120549
0.5928,-0.0005426387415,-0.0005421094734,0.000117896
0.5936,-0.0005175184876,-0.0005170009336,0.000115287
0.5944,-0.0004929906608,-0.00049248498,0.000112642
0.5952,-0.0004690446309,-0.0004685508725,0.000109986
0.596,-0.0004456697049,-0.0004451880075,0.0001073
0.5968,-0.000422855338,-0.0004223859186,0.000104565
0.5976,-0.0004005911421,-0.0004001342762,0.000101768
0.5984,-0.0003788668951,-0.0003784228873,9.89042e-05
0.5992,-0.0003576725492,-0.0003572416958,9.5974e-05
0.6,-0.0003369981897,-0.0003365807827,9.29788e-05
0.6008,-0.0003168340232,-0.0003164303655,8.99161e-05
0.6016,-0.0002971706199,-0.0002967807986,8.6834e-05
0.6024,-0.0002779986788,-0.0002776225734,8.37787e-05
0.6032,-0.0002593091114,-0.000258946318,8.08134e-05
0.604,-0.0002410930498,-0.0002407427974,7.80199e-05
0.6048,-0.000223341855,-0.0002230029132,7.55004e-05
0.6056,-0.0002060471256,-0.0002057177042,7.33797e-05
0.6064,-0.0001891999928,-0.0001888783458,7.16479e-05
0.6072,-0.0001727870246,-0.0001724761503,6.92483e-05
0.608,-0.0001568031138,-0.0001565025667,6.69479e-05
0.6088,-0.0001412398989,-0.000140949181,6.47584e-05
0.6096,-0.0001260891551,-0.0001258077161,6.26915e-05
0.6104,-0.0001113427932,-0.0001110700314,6.07586e-05
0.6112,-9.699285916e-05,-9.672812342e-05,5.89708e-05
0.612,-8.303153378e-05,-8.277412545e-05,5.73386e-05
0.6128,-6.945113205e-05,-6.920030757e-05,5.5872e-05
0.6136,-5.624346015e-05,-5.599907671e-05,5.44372e-05
0.6144,-4.340136042e-05,-4.316297663e-05,5.31008e-05
0.6152,-3.091748723e-05,-3.068468793e-05,5.18568e-05
0.616,-1.878458601e-05,-1.855702802e-05,5.06893e-05
0.6168,-6.995521224e-06,-6.772951164e-06,4.95782e-05
0.6176,4.456724853e-06,4.672935434e-06,4.81616e-05
0.6184,1.557905332e-05,1.578995909e-05,4.698e-05
0.6192,2.637824986e-05,2.658478243e-05,4.60058e-05
0.62,3.686103966e-05,3.706384733e-05,4.51761e-05
0.6208,4.703397752e-05,4.72335081e-05,4.44461e-05
0.6216,5.690350543e-05,5.710003145e-05,4.37768e-05
0.6224,6.647596967e-05,6.666959655e-05,4.3131e-05
0.6232,7.575760836e-05,7.594829495e-05,4.24761e-05
0.624,8.475455271e-05,8.494213064e-05,4.17836e-05
0.6248,9.347282827e-05,9.365702005e-05,4.10293e-05
0.6256,0.0001019183562,0.000102098792,4.01927e-05
0.6264,0.0001100967321,0.0001102731878,3.93061e-05
0.6272,0.0001180135571,0.000118185861,3.83813e-05
0.628,0.0001256745301,0.0001258423779,3.73887e-05
0.6288,0.0001330851086,0.0001332482168,3.63329e-05
0.6296,0.0001402506449,0.0001404087688,3.52226e-05
0.6304,0.0001471763866,0.0001473293372,3.40703e-05
0.6312,0.0001538674778,0.0001540151379,3.28918e-05
0.632,0.0001603289601,0.0001604712989,3.17065e-05
0.6328,0.0001665659299,0.0001667028611,3.05019e-05
0.6336,0.0001725834933,0.0001727147773,2.92439e-05
0.6344,0.0001783862386,0.0001785119132,2.79944e-05
0.6352,0.0001839788697,0.0001840990465,2.67698e-05
0.636,0.0001893660006,0.0001894808677,2.5587e-05
0.6368,0.0001945521562,0.0001946619794,2.44635e-05
0.6376,0.0001995417738,0.0001996468968,2.34165e-05
0.6384,0.0002043392045,0.0002044400476,2.24631e-05
0.6392,0.0002089487991,0.0002090457717,2.1601e-05
0.64,0.0002133752025,0.0002134683215,2.07426e-05
0.6408,0.0002176222773,0.000217711862,1.99553e-05
0.6416,0.0002216941169,0.0002217804703,1.92355e-05
0.6424,0.0002255947443,0.0002256781363,1.85758e-05
0.6432,0.0002293281144,0.0002294087619,1.79645e-05
0.644,0.0002328981151,0.0002329761618,1.73852e-05
0.6448,0.0002363085696,0.0002363840629,1.68164e-05
0.6456,0.000239563238,0.0002396361047,1.62313e-05
0.6464,0.0002426656011,0.0002427343791,1.53205e-05
0.6472,0.0002456194013,0.0002456836617,1.43142e-05
0.648,0.0002484281956,0.000248488934,1.35297e-05
0.6488,0.0002510954789,0.0002511534803,1.292e-05
0.6496,0.0002536246887,0.0002536805402,1.24411e-05
0.6504,0.0002560192064,0.0002560733077,1.20512e-05
0.6512,0.0002582823588,0.0002583349319,1.17108e-05
0.652,0.0002604174201,0.0002604685166,1.13819e-05
0.6528,0.0002624271304,0.0002624771206,1.11355e-05
0.6536,0.0002643147376,0.0002643637573,1.09193e-05
0.6544,0.0002660833877,0.0002661313951,1.06938e-05
0.6552,0.0002677360723,0.0002677829572,1.04438e-05
0.656,0.0002692757275,0.0002693213216,1.01562e-05
0.6568,0.0002707052352,0.0002707493212,9.8203e-06
0.6576,0.0002720274241,0.0002720697436,9.42679e-06
0.6584,0.0002732450709,0.0002732853313,8.96814e-06
0.6592,0.0002743607397,0.0002743987817,8.47399e-06
0.66,0.0002753770472,0.000275412747,7.95224e-06
0.6608,0.0002762966684,0.0002763298341,7.38777e-06
0.6616,0.0002771221425,0.0002771526049,6.7856e-06
0.6624,0.000277855957,0.0002778835761,6.15223e-06
0.6632,0.0002785005487,0.0002785252191,5.49541e-06
0.664,0.0002790583043,0.0002790799604,4.82396e-06
0.6648,0.0002795315613,0.000279550181,4.14761e-06
0.6656,0.0002799226436,0.000279938217,3.46904e-06
0.6664,0.0002802338402,0.0002802463592,2.78865e-06
0.6672,0.0002804673184,0.0002804768533,2.12392e-06
0.668,0.0002806252397,0.0002806318997,1.48352e-06
0.6688,0.0002807097223,0.0002807136537,8.75732e-07
0.6696,0.0002807228417,0.0002807242257,3.08284e-07
0.6704,0.0002806666315,0.0002806656804,2.11856e-07
0.6712,0.0002805430846,0.0002805400378,6.78686e-07
0.672,0.0002803541623,0.0002803492724,1.08923e-06
0.6728,0.0002801018131,0.0002800953139,1.44773e-06
0.6736,0.0002797878948,0.0002797800465,1.74824e-06
0.6744,0.0002794142516,0.0002794053093,1.99194e-06
0.6752,0.0002789826925,0.0002789728963,2.18215e-06
0.676,0.0002784949917,0.0002784845563,2.32451e-06
0.6768,0.0002779528896,0.0002779419931,2.42723e-06
0.6776,0.0002773580938,0.000277346865,2.50125e-06
0.6784,0.0002767122764,0.0002767007854,2.55967e-06
0.6792,0.0002760168959,0.0002760053223,2.57805e-06
0.68,0.0002752736592,0.0002752619989,2.59737e-06
0.6808,0.0002744841283,0.0002744722928,2.63638e-06
0.6816,0.0002736498339,0.0002736376368,2.71694e-06
0.6824,0.0002727722764,0.0002727572172,3.35448e-06
0.6832,0.0002718529267,0.0002718351197,3.96655e-06
0.684,0.0002708932265,0.0002708734373,4.40812e-06
0.6848,0.0002698945899,0.0002698734302,4.71339e-06
0.6856,0.0002688582227,0.0002688363402,4.87439e-06
0.6864,0.0002677855269,0.0002677633909,4.93087e-06
0.6872,0.0002666778375,0.0002666557871,4.91179e-06
0.688,0.0002655364327,0.0002655147155,4.83757e-06
0.6888,0.0002643625626,0.0002643413441,4.72649e-06
0.6896,0.0002631574502,0.0002631368227,4.59485e-06
0.6904,0.0002619222913,0.0002619022824,4.45707e-06
0.6912,0.0002606582558,0.000260638836,4.32581e-06
0.692,0.000259366443,0.0002593475781,4.20222e-06
0.6928,0.0002580479616,0.0002580295844,4.09357e-06
0.6936,0.0002567039164,0.0002566859126,4.0104e-06
0.6944,0.0002553353676,0.0002553176017,3.95742e-06
0.6952,0.000253943351,0.0002539256723,3.93798e-06
0.696,0.0002525288779,0.0002525111266,3.95415e-06
0.6968,0.0002510929363,0.0002510749485,4.00684e-06
0.6976,0.000249636491,0.0002496181033,4.09592e-06
0.6984,0.0002481604878,0.0002481415379,4.22117e-06
0.6992,0.0002466658509,0.0002466461807,4.3816e-06
0.7,0.0002451534762,0.0002451329418,4.57411e-06
0.7008,0.0002436242427,0.0002436027129,4.79585e-06
0.7016,0.0002420790086,0.000242056367,5.0435e-06
0.7024,0.0002405186123,0.0002404947589,5.31342e-06
0.7032,0.000238943873,0.000238918725,5.60179e-06
0.704,0.0002373555908,0.0002373290832,5.90466e-06
0.7048,0.0002357545384,0.0002357266327,6.21608e-06
0.7056,0.0002341414501,0.0002341121548,6.52564e-06
0.7064,0.0002325170885,0.0002324864118,6.83333e-06
0.7072,0.0002308821781,0.0002308501481,7.13479e-06
0.708,0.0002292374264,0.0002292040892,7.42597e-06
0.7088,0.0002275835244,0.0002275489425,7.70325e-06
0.7096,0.0002259211473,0.0002258853967,7.96357e-06
0.7104,0.0002242509546,0.0002242141224,8.2045e-06
0.7112,0.0002225735854,0.0002225357714,8.4232e-06
0.712,0.0002208895726,0.0002208509774,8.59723e-06
0.7128,0.0002191995805,0.0002191603553,8.73754e-06
0.7136,0.0002175041981,0.0002174645019,8.84246e-06
0.7144,0.0002158039999,0.0002157639955,8.91112e-06
0.7152,0.0002140995459,0.0002140593958,8.94357e-06
0.716,0.0002123913818,0.0002123512441,8.94081e-06
0.7168,0.0002106800402,0.0002106400635,8.90494e-06
0.7176,0.00020896604,0.0002089263584,8.83921e-06
0.7184,0.000207249815,0.0002072106149,8.73195e-06
0.7192,0.0002055318809,0.0002054933007,8.59388e-06
0.72,0.0002038127173,0.0002037748648,8.43176e-06
0.7208,0.0002020927822,0.0002020557382,8.25167e-06
0.7216,0.0002003725212,0.0002003363331,8.06102e-06
0.7224,0.0001986523673,0.0001986170434,7.86851e-06
0.7232,0.0001969327415,0.0001968982447,7.68429e-06
0.724,0.000195214053,0.0001951802938,7.51997e-06
0.7248,0.0001934966688,0.0001934635295,7.38187e-06
0.7256,0.0001917809719,0.00019174816,7.30896e-06
0.7264,0.0001900673435,0.0001900319097,7.893e-06
0.7272,0.0001883561422,0.0001883188136,8.31506e-06
0.728,0.0001866477157,0.0001866091343,8.59414e-06
0.7288,0.0001849424009,0.0001849031293,8.74787e-06
0.7296,0.0001832405241,0.0001832010517,8.79261e-06
0.7304,0.0001815424017,0.0001815031499,8.74347e-06
0.7312,0.0001798483399,0.0001798096674,8.61442e-06
0.732,0.0001781586354,0.0001781208434,8.41831e-06
0.7328,0.0001764735755,0.000176436912,8.16692e-06
0.7336,0.0001747934384,0.000174758103,7.87108e-06
0.7344,0.0001731184934,0.0001730846413,7.54067e-06
0.7352,0.0001714490014,0.0001714167472,7.18473e-06
0.736,0.0001697852149,0.0001697546363,6.81147e-06
0.7368,0.0001681273783,0.0001680985196,6.42836e-06
0.7376,0.0001664757213,0.0001664486033,6.04064e-06
0.7384,0.0001648304588,0.0001648050889,5.65122e-06
0.7392,0.0001631918257,0.0001631681735,5.2686e-06
0.74,0.0001615600357,0.0001615380492,4.89756e-06
0.7408,0.0001599352959,0.0001599149036,4.54244e-06
0.7416,0.0001583178066,0.0001582989196,4.20716e-06
0.7424,0.0001567077623,0.0001566902753,3.89528e-06
0.7432,0.0001551053511,0.0001550891444,3.6101e-06
0.744,0.0001535107556,0.0001534956956,3.35466e-06
0.7448,0.0001519241528,0.0001519100931,3.13185e-06
0.7456,0.0001503457149,0.0001503324965,2.94444e-06
0.7464,0.0001487756087,0.0001487630605,2.79515e-06
0.7472,0.0001472139967,0.0001472019354,2.68671e-06
0.748,0.000145661037,0.0001456492665,2.62192e-06
0.7488,0.0001441168834,0.0001441051947,2.60371e-06
0.7496,0.0001425816862,0.0001425698561,2.63519e-06
0.7504,0.0001410555917,0.0001410433821,2.71971e-06
0.7512,0.0001395380773,0.0001395258996,2.71263e-06
0.752,0.0001380296939,0.0001380175306,2.70942e-06
0.7528,0.0001365306064,0.0001365183925,2.72069e-06
0.7536,0.0001350409198,0.0001350285981,2.7447e-06
0.7544,0.0001335607344,0.0001335482554,2.77975e-06
0.7552,0.0001320901466,0.0001320774678,2.82424e-06
0.756,0.0001306292484,0.0001306163341,2.87672e-06
0.7568,0.0001291781283,0.0001291649482,2.93592e-06
0.7576,0.000127736871,0.0001277233996,3.00079e-06
0.7584,0.0001263055575,0.0001262917729,3.07057e-06
0.7592,0.000124884266,0.0001248701481,3.1448e-06
0.76,0.0001234730712,0.0001234586006,3.22338e-06
0.7608,0.0001220720454,0.000122057201,3.30662e-06
0.7616,0.0001206812577,0.0001206660154,3.39527e-06
0.7624,0.0001193007751,0.0001192851049,3.49058e-06
0.7632,0.0001179306622,0.0001179145263,3.59431e-06
0.764,0.0001165706664,0.0001165543315,3.63865e-06
0.7648,0.0001152207626,0.0001152045678,3.60746e-06
0.7656,0.0001138812359,0.0001138652777,3.55475e-06
0.7664,0.0001125521219,0.0001125364993,3.48e-06
0.7672,0.0001112334533,0.0001112182657,3.38311e-06
0.768,0.0001099252604,0.0001099106055,3.26444e-06
0.7688,0.0001086275708,0.0001086135427,3.12482e-06
0.7696,0.0001073404099,0.0001073270964,2.96564e-06
0.7704,0.0001060638009,0.0001060512812,2.78881e-06
0.7712,0.0001047977649,0.000104786107,2.59684e-06
0.772,0.0001035423212,0.0001035315789,2.39287e-06
0.7728,0.0001022974873,0.0001022876976,2.1807e-06
0.7736,0.0001010632792,0.0001010544587,1.96479e-06
0.7744,9.983971149e-05,9.983185358e-05,1.75038e-06
0.7752,9.86267974e-05,9.861986862e-05,1.54341e-06
0.776,9.74245491e-05,9.741848566e-05,1.35065e-06
0.7768,9.623289012e-05,9.622768185e-05,1.16016e-06
0.7776,9.505131039e-05,9.504742963e-05,8.64452e-07
0.7784,9.388025363e-05,9.387769681e-05,5.69541e-07
0.7792,9.271970742e-05,9.271844649e-05,2.80877e-07
0.78,9.156965754e-05,9.15696371e-05,4.55202e-09
0.7808,9.043008807e-05,9.043122242e-05,2.5268e-07
0.7816,8.930098152e-05,8.930315151e-05,4.83373e-07
0.7824,8.818231894e-05,8.81853688e-05,6.79367e-07
0.7832,8.707408001e-05,8.707713605e-05,6.80745e-07
0.784,8.597624316e-05,8.597856819e-05,5.17907e-07
0.7848,8.488878572e-05,8.489057704e-05,3.99023e-07
0.7856,8.381168395e-05,8.381310784e-05,3.17177e-07
0.7864,8.274491322e-05,8.274610568e-05,2.65625e-07
0.7872,8.168844809e-05,8.168951553e-05,2.37775e-07
0.788,8.064226243e-05,8.06432822e-05,2.27157e-07
0.7888,7.960632953e-05,7.96073504e-05,2.27403e-07
0.7896,7.858062218e-05,7.858166468e-05,2.32219e-07
0.7904,7.756479726e-05,7.756616947e-05,3.05666e-07
0.7912,7.655894959e-05,7.656080908e-05,4.14207e-07
0.792,7.556312523e-05,7.556552765e-05,5.35146e-07
0.7928,7.457728192e-05,7.458026921e-05,6.65431e-07
0.7936,7.360137652e-05,7.360497768e-05,8.02169e-07
0.7944,7.263536516e-05,7.263959679e-05,9.4261e-07
0.7952,7.167920327e-05,7.168407019e-05,1.08412e-06
0.796,7.073284567e-05,7.073834137e-05,1.22419e-06
0.7968,6.97962467e-05,6.98023537e-05,1.36035e-06
0.7976,6.886936024e-05,6.887605039e-05,1.49025e-06
0.7984,6.795213985e-05,6.795937455e-05,1.61155e-06
0.7992,6.704453882e-05,6.705226915e-05,1.72196e-06
0.8,6.614651027e-05,6.6154677e-05,1.81917e-06
0.8008,6.525800722e-05,6.526654082e-05,1.90089e-06
0.8016,6.437898268e-05,6.438780315e-05,1.96479e-06
0.8024,6.350938977e-05,6.351840644e-05,2.00849e-06
0.8032,6.264907045e-05,6.265829297e-05,2.05435e-06
0.804,6.179785257e-05,6.180740492e-05,2.12782e-06
0.8048,6.095584202e-05,6.096568431e-05,2.1924e-06
0.8056,6.012298265e-05,6.013307305e-05,2.24767e-06
0.8064,5.929921811e-05,5.930951289e-05,2.2932e-06
0.8072,5.848449193e-05,5.849494546e-05,2.32856e-06
0.808,5.767874759e-05,5.768931228e-05,2.35332e-06
0.8088,5.688192856e-05,5.689255469e-05,2.36701e-06
0.8096,5.609397839e-05,5.610461394e-05,2.3691e-06
0.8104,5.531484079e-05,5.532543112e-05,2.35903e-06
0.8112,5.454445963e-05,5.455494719e-05,2.33614e-06
0.812,5.378277909e-05,5.3793103e-05,2.29969e-06
0.8128,5.302974364e-05,5.303983923e-05,2.24883e-06
0.8136,5.228529817e-05,5.229509645e-05,2.1826e-06
0.8144,5.154938804e-05,5.155881511e-05,2.09991e-06
0.8152,5.082195912e-05,5.083093549e-05,1.99952e-06
0.816,5.010295786e-05,5.011139776e-05,1.88002e-06
0.8168,4.93919969e-05,4.940014196e-05,1.81434e-06
0.8176,4.868927075e-05,4.869710799e-05,1.74577e-06
0.8184,4.79947194e-05,4.800223561e-05,1.67426e-06
0.8192,4.730828085e-05,4.731546446e-05,1.60017e-06
0.82,4.66298933e-05,4.663673404e-05,1.5238e-06
0.8208,4.595949517e-05,4.596598371e-05,1.44534e-06
0.8216,4.529702514e-05,4.530315271e-05,1.36494e-06
0.8224,4.464242219e-05,4.464818014e-05,1.2826e-06
0.8232,4.399562566e-05,4.400100497e-05,1.19826e-06
0.824,4.335657529e-05,4.336156604e-05,1.11171e-06
0.8248,4.272521126e-05,4.272980204e-05,1.02261e-06
0.8256,4.210147422e-05,4.210565154e-05,9.30511e-07
0.8264,4.148530538e-05,4.148905298e-05,8.34791e-07
0.8272,4.087664649e-05,4.087994466e-05,7.34679e-07
0.828,4.027543994e-05,4.027826475e-05,6.29237e-07
0.8288,3.968162877e-05,3.968395129e-05,5.17349e-07
0.8296,3.909498969e-05,3.909694217e-05,4.34923e-07
0.8304,3.851546991e-05,3.851717518e-05,3.79853e-07
0.8312,3.794310031e-05,3.794458793e-05,3.31373e-07
0.832,3.737781746e-05,3.737911794e-05,2.89687e-07
0.8328,3.681955821e-05,3.682070258e-05,2.54913e-07
0.8336,3.62682597e-05,3.626927908e-05,2.27072e-07
0.8344,3.572385936e-05,3.572478455e-05,2.06089e-07
0.8352,3.518629499e-05,3.518715596e-05,1.91783e-07
0.836,3.465550473e-05,3.465633014e-05,1.83863e-07
0.8368,3.413142711e-05,3.413224379e-05,1.81919e-07
0.8376,3.361400109e-05,3.36148335e-05,1.85422e-07
0.8384,3.310316607e-05,3.310403569e-05,1.9371e-07
0.8392,3.259886192e-05,3.259978667e-05,2.05991e-07
0.84,3.210102902e-05,3.210202262e-05,2.21328e-07
0.8408,3.160960823e-05,3.161067956e-05,2.38642e-07
0.8416,3.112454102e-05,3.112569341e-05,2.56699e-07
0.8424,3.064573653e-05,3.064699994e-05,2.81429e-07
0.8432,3.017303351e-05,3.017453478e-05,3.34414e-07
0.844,2.97064699e-05,2.970823345e-05,3.92837e-07
0.8448,2.92459844e-05,2.924803131e-05,4.55956e-07
0.8456,2.879151606e-05,2.87938636e-05,5.22923e-07
0.8464,2.834300427e-05,2.834566543e-05,5.92783e-07
0.8472,2.79003888e-05,2.790337177e-05,6.64466e-07
0.848,2.746360981e-05,2.746691746e-05,7.3679e-07
0.8488,2.703260787e-05,2.703623721e-05,8.08448e-07
0.8496,2.660732394e-05,2.661126559e-05,8.78014e-07
0.8504,2.618769947e-05,2.619193703e-05,9.43932e-07
0.8512,2.577367631e-05,2.577818586e-05,1.00452e-06
0.852,2.536519682e-05,2.536994624e-05,1.05795e-06
0.8528,2.496220384e-05,2.496715221e-05,1.10227e-06
0.8536,2.456464069e-05,2.456973768e-05,1.13537e-06
0.8544,2.417245124e-05,2.417758965e-05,1.1446e-06
0.8552,2.378557988e-05,2.379069071e-05,1.13845e-06
0.856,2.340390876e-05,2.340902355e-05,1.13934e-06
0.8568,2.302741671e-05,2.303253234e-05,1.13952e-06
0.8576,2.265605792e-05,2.266116164e-05,1.13687e-06
0.8584,2.228977656e-05,2.229485638e-05,1.13155e-06
0.8592,2.192851722e-05,2.193356182e-05,1.1237e-06
0.86,2.157222498e-05,2.15772236e-05,1.11346e-06
0.8608,2.12208454e-05,2.122578773e-05,1.10092e-06
0.8616,2.087432451e-05,2.087920057e-05,1.08616e-06
0.8624,2.053260886e-05,2.053740883e-05,1.06921e-06
0.8632,2.019564551e-05,2.020035961e-05,1.05008e-06
0.864,1.986338206e-05,1.986800036e-05,1.02874e-06
0.8648,1.953576662e-05,1.954027886e-05,1.00512e-06
0.8656,1.921274787e-05,1.921714331e-05,9.79098e-07
0.8664,1.889427507e-05,1.889854223e-05,9.50524e-07
0.8672,1.858029801e-05,1.858442451e-05,9.1919e-07
0.868,1.827076711e-05,1.82747394e-05,8.84841e-07
0.8688,1.796560239e-05,1.796943652e-05,8.54066e-07
0.8696,1.766473679e-05,1.766846586e-05,8.30661e-07
0.8704,1.736815272e-05,1.737177774e-05,8.07485e-07
0.8712,1.707580066e-05,1.707932287e-05,7.84583e-07
0.872,1.678763159e-05,1.67910523e-05,7.61975e-07
0.8728,1.6503597e-05,1.650691747e-05,7.39647e-07
0.8736,1.622364886e-05,1.622687016e-05,7.17556e-07
0.8744,1.594773967e-05,1.595086251e-05,6.95623e-07
0.8752,1.567582246e-05,1.567884704e-05,6.73736e-07
0.876,1.540785076e-05,1.54107766e-05,6.51742e-07
0.8768,1.514377865e-05,1.514660444e-05,6.29454e-07
0.8776,1.488356077e-05,1.488628415e-05,6.06641e-07
0.8784,1.462715229e-05,1.462976967e-05,5.83031e-07
0.8792,1.437450894e-05,1.437701533e-05,5.58308e-07
0.88,1.412558702e-05,1.412797581e-05,5.32111e-07
0.8808,1.38803434e-05,1.388260614e-05,5.04031e-07
0.8816,1.363873039e-05,1.364086172e-05,4.74761e-07
0.8824,1.340063561e-05,1.340269831e-05,4.59475e-07
0.8832,1.31660729e-05,1.316807205e-05,4.45317e-07
0.884,1.293499896e-05,1.293693941e-05,4.3224e-07
0.8848,1.270737095e-05,1.270925723e-05,4.20177e-07
0.8856,1.248314644e-05,1.248498274e-05,4.09043e-07
0.8864,1.226228347e-05,1.22640735e-05,3.98734e-07
0.8872,1.204474053e-05,1.204648743e-05,3.89128e-07
0.888,1.183047657e-05,1.183218284e-05,3.80079e-07
0.8888,1.161945096e-05,1.162111838e-05,3.71424e-07
0.8896,1.141162356e-05,1.141325306e-05,3.62977e-07
0.8904,1.120695469e-05,1.120854626e-05,3.54528e-07
0.8912,1.100540512e-05,1.100695773e-05,3.45847e-07
0.892,1.08069361e-05,1.080844755e-05,3.36681e-07
0.8928,1.061150933e-05,1.06129762e-05,3.26749e-07
0.8936,1.0419087e-05,1.042050449e-05,3.15751e-07
0.8944,1.022963176e-05,1.023099362e-05,3.03358e-07
0.8952,1.004307411e-05,1.004440513e-05,2.96488e-07
0.896,9.859385258e-06,9.860700922e-06,2.93069e-07
0.8968,9.678540742e-06,9.679843276e-06,2.90144e-07
0.8976,9.500503506e-06,9.501794819e-06,2.87644e-07
0.8984,9.325236871e-06,9.326518545e-06,2.85497e-07
0.8992,9.152704538e-06,9.153977809e-06,2.83625e-07
0.9,8.982870587e-06,8.984136327e-06,2.81948e-07
0.9008,8.81569948e-06,8.816958177e-06,2.80379e-07
0.9016,8.651156056e-06,8.652407798e-06,2.7883e-07
0.9024,8.489205535e-06,8.490449991e-06,2.77207e-07
0.9032,8.329813516e-06,8.331049919e-06,2.75413e-07
0.904,8.172945973e-06,8.174173105e-06,2.73348e-07
0.9048,8.018569263e-06,8.019785436e-06,2.70907e-07
0.9056,7.866650117e-06,7.867853158e-06,2.67981e-07
0.9064,7.717155646e-06,7.718342881e-06,2.6446e-07
0.9072,7.570053336e-06,7.571221573e-06,2.60229e-07
0.908,7.425306526e-06,7.426456569e-06,2.56176e-07
0.9088,7.282875135e-06,7.284015559e-06,2.54033e-07
0.9096,7.142736358e-06,7.143866601e-06,2.51765e-07
0.9104,7.004858661e-06,7.005978109e-06,2.49361e-07
0.9112,6.869210852e-06,6.870318863e-06,2.46813e-07
0.912,6.735762078e-06,6.736858001e-06,2.4412e-07
0.9128,6.604481824e-06,6.605565025e-06,2.41287e-07
0.9136,6.475339913e-06,6.476409798e-06,2.3832e-07
0.9144,6.348306501e-06,6.349362543e-06,2.35237e-07
0.9152,6.223352081e-06,6.224393847e-06,2.32057e-07
0.916,6.100447477e-06,6.101474657e-06,2.28808e-07
0.9168,5.979563845e-06,5.980576282e-06,2.25524e-07
0.9176,5.860672673e-06,5.861670393e-06,2.22245e-07
0.9184,5.743745774e-06,5.744729021e-06,2.19021e-07
0.9192,5.628755294e-06,5.62972456e-06,2.15907e-07
0.92,5.5156737e-06,5.516629765e-06,2.12966e-07
0.9208,5.404473788e-06,5.405417752e-06,2.10271e-07
0.9216,5.295128676e-06,5.296062001e-06,2.07901e-07
0.9224,5.187611804e-06,5.188536351e-06,2.05946e-07
0.9232,5.081896934e-06,5.082815004e-06,2.04503e-07
0.924,4.977958147e-06,4.978872521e-06,2.0368e-07
0.9248,4.875769843e-06,4.876683828e-06,2.03593e-07
0.9256,4.775306739e-06,4.776224211e-06,2.0437e-07
0.9264,4.676543868e-06,4.677469317e-06,2.06147e-07
0.9272,4.579456577e-06,4.580395156e-06,2.09072e-07
0.928,4.484020526e-06,4.484978097e-06,2.13302e-07
0.9288,4.390211688e-06,4.391194874e-06,2.19008e-07
0.9296,4.298006346e-06,4.29902258e-06,2.2637e-07
0.9304,4.207381091e-06,4.208438671e-06,2.35579e-07
0.9312,4.118312824e-06,4.119420963e-06,2.46842e-07
0.932,4.030778751e-06,4.031947635e-06,2.60373e-07
0.9328,3.944756385e-06,3.945997226e-06,2.76402e-07
0.9336,3.860223541e-06,3.861644593e-06,3.16544e-07
0.9344,3.777159818e-06,3.779030472e-06,4.16694e-07
0.9352,3.695543771e-06,3.697810758e-06,5.04979e-07
0.936,3.615352975e-06,3.617967692e-06,5.82437e-07
0.9368,3.536566487e-06,3.539483644e-06,6.49807e-07
0.9376,3.459163663e-06,3.462341115e-06,7.07788e-07
0.9384,3.383124158e-06,3.38652273e-06,7.57043e-07
0.9392,3.308427923e-06,3.312011247e-06,7.98198e-07
0.94,3.235055203e-06,3.23878955e-06,8.31838e-07
0.9408,3.16298654e-06,3.166840651e-06,8.58516e-07
0.9416,3.092202766e-06,3.096147693e-06,8.78746e-07
0.9424,3.022685005e-06,3.026693946e-06,8.93005e-07
0.9432,2.954414674e-06,2.958462809e-06,9.01736e-07
0.944,2.887373475e-06,2.891437809e-06,9.05344e-07
0.9448,2.8215434e-06,2.825602601e-06,9.04201e-07
0.9456,2.756906727e-06,2.760940971e-06,8.98641e-07
0.9464,2.693446019e-06,2.697436832e-06,8.88967e-07
0.9472,2.631144123e-06,2.635074223e-06,8.75443e-07
0.948,2.569984168e-06,2.573837317e-06,8.58302e-07
0.9488,2.509949566e-06,2.513710411e-06,8.37741e-07
0.9496,2.451024006e-06,2.454677933e-06,8.13924e-07
0.9504,2.393191459e-06,2.396724437e-06,7.86983e-07
0.9512,2.336436171e-06,2.33983461e-06,7.57014e-07
0.952,2.280742666e-06,2.283993262e-06,7.24081e-07
0.9528,2.226095741e-06,2.229185336e-06,6.88218e-07
0.9536,2.172480469e-06,2.175395901e-06,6.49422e-07
0.9544,2.119882193e-06,2.122610156e-06,6.07663e-07
0.9552,2.068286528e-06,2.070813428e-06,5.62875e-07
0.956,2.017679359e-06,2.019991172e-06,5.14964e-07
0.9568,1.968046841e-06,1.970128972e-06,4.63802e-07
0.9576,1.919375392e-06,1.921212542e-06,4.09231e-07
0.9584,1.871651701e-06,1.87322772e-06,3.51064e-07
0.9592,1.824862717e-06,1.826160479e-06,2.89081e-07
0.96,1.778995657e-06,1.779996915e-06,2.23034e-07
0.9608,1.733893104e-06,1.734723256e-06,1.84919e-07
0.9616,1.689621277e-06,1.690325857e-06,1.56948e-07
0.9624,1.646207022e-06,1.646791202e-06,1.30128e-07
0.9632,1.603636702e-06,1.604105903e-06,1.04516e-07
0.964,1.561896865e-06,1.562256701e-06,8.01546e-08
0.9648,1.52097424e-06,1.521230465e-06,5.7075e-08
0.9656,1.480855735e-06,1.481014194e-06,3.52972e-08
0.9664,1.441528437e-06,1.441595014e-06,1.48304e-08
0.9672,1.402979603e-06,1.40296018e-06,4.32652e-09
0.968,1.365196668e-06,1.365097077e-06,2.21842e-08
0.9688,1.32816723e-06,1.327993215e-06,3.87624e-08
0.9696,1.291879059e-06,1.291636236e-06,5.40895e-08
0.9704,1.256320086e-06,1.25601391e-06,6.82017e-08
0.9712,1.221478404e-06,1.221114133e-06,8.11427e-08
0.972,1.187342268e-06,1.186924933e-06,9.29629e-08
0.9728,1.153900087e-06,1.153434464e-06,1.03719e-07
0.9736,1.121140425e-06,1.120631009e-06,1.13474e-07
0.9744,1.089051997e-06,1.088502982e-06,1.22295e-07
0.9752,1.057623669e-06,1.057038922e-06,1.30254e-07
0.976,1.026844452e-06,1.026227498e-06,1.37429e-07
0.9768,9.967035016e-07,9.960575087e-07,1.43897e-07
0.9776,9.671901153e-07,9.665178792e-07,1.49743e-07
0.9784,9.382937293e-07,9.375976648e-07,1.55051e-07
0.9792,9.100039167e-07,9.092860488e-07,1.59907e-07
0.98,8.823103844e-07,8.815723428e-07,1.64401e-07
0.9808,8.552029711e-07,8.544459872e-07,1.68621e-07
0.9816,8.286716442e-07,8.27896551e-07,1.72655e-07
0.9824,8.027064978e-07,8.019137318e-07,1.76591e-07
0.9832,7.7729775e-07,7.764873553e-07,1.80518e-07
0.984,7.524357402e-07,7.516073762e-07,1.84521e-07
0.9848,7.281109271e-07,7.272638777e-07,1.88683e-07
0.9856,7.043138853e-07,7.034470713e-07,1.93086e-07
0.9864,6.810353159e-07,6.801472971e-07,1.97809e-07
0.9872,6.582789981e-07,6.573550239e-07,2.05818e-07
0.988,6.360245332e-07,6.350608491e-07,2.14664e-07
0.9888,6.142630462e-07,6.132554982e-07,2.24435e-07
0.9896,5.929857697e-07,5.91929826e-07,2.35215e-07
0.9904,5.721840416e-07,5.71074815e-07,2.47084e-07
0.9912,5.518493026e-07,5.506815769e-07,2.60115e-07
0.992,5.319730939e-07,5.307413515e-07,2.74375e-07
0.9928,5.125470543e-07,5.112455075e-07,2.89924e-07
0.9936,4.935629181e-07,4.921855418e-07,3.06815e-07
0.9944,4.750125128e-07,4.735530802e-07,3.25093e-07
0.9952,4.56887756e-07,4.553398768e-07,3.44795e-07
0.996,4.391806537e-07,4.375378142e-07,3.65948e-07
0.9968,4.218832973e-07,4.201389039e-07,3.88569e-07
0.9976,4.049878614e-07,4.031352856e-07,4.12667e-07
0.9984,3.884866011e-07,3.865192276e-07,4.38239e-07
0.9992,3.7237185e-07,3.702831266e-07,4.6527e-07
1,3.566360173e-07,3.544195085e-07,4.93735e-07
1.0008,3.412715854e-07,3.389210268e-07,5.23595e-07
1.0016,3.262711076e-07,3.237804645e-07,5.54799e-07
1.0024,3.116272057e-07,3.089907322e-07,5.87283e-07
1.0032,2.973325673e-07,2.945448697e-07,6.20969e-07
1.004,2.833799434e-07,2.804360452e-07,6.55763e-07
1.0048,2.697621461e-07,2.666575556e-07,6.91558e-07
1.0056,2.564720461e-07,2.532028258e-07,7.2823e-07
1.0064,2.4350257e-07,2.400654096e-07,7.65639e-07
1.0072,2.308466981e-07,2.272389894e-07,8.03629e-07
1.008,2.18497462e-07,2.147173762e-07,8.42027e-07
1.0088,2.064479418e-07,2.024945094e-07,8.8064e-07
1.0096,1.94691264e-07,1.905644568e-07,9.1926e-07
1.0104,1.832205987e-07,1.789214152e-07,9.57658e-07
1.0112,1.720291576e-07,1.675597095e-07,9.95585e-07
1.012,1.611101911e-07,1.56473793e-07,1.03277e-06
1.0128,1.504860457e-07,1.456582485e-07,1.07541e-06
1.0136,1.402265815e-07,1.351077861e-07,1.14023e-06
1.0144,1.302364426e-07,1.248172453e-07,1.20714e-06
1.0152,1.205100732e-07,1.147815937e-07,1.27604e-06
1.016,1.110419802e-07,1.049959279e-07,1.34678e-06
1.0168,1.018267311e-07,9.54554725e-08,1.41922e-06
1.0176,9.28589525e-08,8.615558125e-08,1.4932e-06
1.0184,8.413332779e-08,7.709173557e-08,1.56854e-06
1.0192,7.564459536e-08,6.825954646e-08,1.64504e-06
1.02,6.738754668e-08,5.965475278e-08,1.72251e-06
1.0208,5.935702435e-08,5.127322211e-08,1.80069e-06
1.0216,5.154792022e-08,4.311095054e-08,1.87936e-06
1.0224,4.395517339e-08,3.516406286e-08,1.95825e-06
1.0232,3.657376836e-08,2.742881238e-08,2.03707e-06
1.024,2.939873305e-08,1.990158056e-08,2.11552e-06
1.0248,2.24251369e-08,1.257887776e-08,2.19329e-06
1.0256,1.564808894e-08,5.4573432e-09,2.27002e-06
1.0264,9.062735857e-09,-1.466256183e-09,2.34537e-06
1.0272,2.664260091e-09,-8.195024037e-09,2.41894e-06
1.028,-3.552122121e-09,-1.47319362e-08,2.49034e-06
1.0288,-9.591162648e-09,-2.107983939e-08,2.55914e-06
1.0296,-1.54575834e-08,-2.724145229e-08,2.6249e-06
1.0304,-2.115607826e-08,-3.321936468e-08,2.68714e-06
1.0312,-2.669131498e-08,-3.90160376e-08,2.74537e-06
1.032,-3.206793715e-08,-4.46338043e-08,2.79909e-06
1.0328,-3.729056609e-08,-5.00748687e-08,2.84775e-06
1.0336,-4.23638028e-08,-5.534130665e-08,2.89078e-06
1.0344,-4.729222986e-08,-6.043506522e-08,2.92761e-06
1.0352,-5.208041337e-08,-6.535796322e-08,2.95762e-06
1.036,-5.673290488e-08,-6.992054873e-08,2.93759e-06
1.0368,-6.12542433e-08,-7.428956676e-08,2.90366e-06
1.0376,-6.564895686e-08,-7.853268826e-08,2.86989e-06
1.0384,-6.992156498e-08,-8.265180425e-08,2.8357e-06
1.0392,-7.399715174e-08,-8.664879259e-08,2.8182e-06
1.04,-7.785217337e-08,-9.052551748e-08,2.82303e-06
1.0408,-8.157548896e-08,-9.428382901e-08,2.83083e-06
1.0416,-8.517015637e-08,-9.792556455e-08,2.84131e-06
1.0424,-8.863918537e-08,-1.014525475e-07,2.85422e-06
1.0432,-9.198553889e-08,-1.048665877e-07,2.8693e-06
1.044,-9.521213421e-08,-1.081694814e-07,2.88629e-06
1.0448,-9.832184416e-08,-1.113630114e-07,2.90496e-06
1.0456,-1.013174983e-07,-1.14448947e-07,2.92507e-06
1.0464,-1.042018843e-07,-1.174290441e-07,2.94639e-06
1.0472,-1.069777487e-07,-1.203050442e-07,2.9687e-06
1.048,-1.096477988e-07,-1.230786765e-07,2.99177e-06
1.0488,-1.122147032e-07,-1.257516555e-07,3.0154e-06
1.0496,-1.146810934e-07,-1.283256829e-07,3.03938e-06
1.0504,-1.170495649e-07,-1.308024466e-07,3.0635e-06
1.0512,-1.193226784e-07,-1.331836208e-07,3.08757e-06
1.052,-1.21502961e-07,-1.354708663e-07,3.1114e-06
1.0528,-1.235929075e-07,-1.376658305e-07,3.13479e-06
1.0536,-1.255949813e-07,-1.397701467e-07,3.15757e-06
1.0544,-1.275116161e-07,-1.417854354e-07,3.17954e-06
1.0552,-1.293452167e-07,-1.43713303e-07,3.20054e-06
1.056,-1.310981603e-07,-1.455553425e-07,3.22039e-06
1.0568,-1.327727979e-07,-1.473131333e-07,3.23891e-06
1.0576,-1.343714552e-07,-1.489882415e-07,3.25594e-06
1.0584,-1.35896434e-07,-1.505822191e-07,3.27131e-06
1.0592,-1.373500135e-07,-1.520966052e-07,3.28485e-06
1.06,-1.387344513e-07,-1.535329248e-07,3.29641e-06
1.0608,-1.400519845e-07,-1.548926898e-07,3.30582e-06
1.0616,-1.413048313e-07,-1.561773979e-07,3.31291e-06
1.0624,-1.424951921e-07,-1.57388534e-07,3.31754e-06
1.0632,-1.436252502e-07,-1.585275693e-07,3.31954e-06
1.064,-1.446971737e-07,-1.595959607e-07,3.31875e-06
1.0648,-1.457131165e-07,-1.605951526e-07,3.31502e-06
1.0656,-1.466235201e-07,-1.61526575e-07,3.31971e-06
1.0664,-1.474516811e-07,-1.623916449e-07,3.32793e-06
1.0672,-1.482202107e-07,-1.631917655e-07,3.33496e-06
1.068,-1.489305939e-07,-1.639283263e-07,3.3408e-06
1.0688,-1.495842865e-07,-1.646027034e-07,3.3454e-06
1.0696,-1.501827162e-07,-1.652162596e-07,3.34877e-06
1.0704,-1.50727283e-07,-1.657703438e-07,3.35089e-06
1.0712,-1.512193603e-07,-1.662662915e-07,3.35175e-06
1.072,-1.516602961e-07,-1.667054243e-07,3.35135e-06
1.0728,-1.520514133e-07,-1.670890513e-07,3.34968e-06
1.0736,-1.523940111e-07,-1.674184664e-07,3.34675e-06
1.0744,-1.526893658e-07,-1.676949513e-07,3.34254e-06
1.0752,-1.529387315e-07,-1.679197736e-07,3.33708e-06
1.076,-1.531433413e-07,-1.680941874e-07,3.33035e-06
1.0768,-1.533044077e-07,-1.682194333e-07,3.32237e-06
1.0776,-1.534231242e-07,-1.682967382e-07,3.31315e-06
1.0784,-1.535006656e-07,-1.683273157e-07,3.30269e-06
1.0792,-1.535381891e-07,-1.683123657e-07,3.291e-06
1.08,-1.535368353e-07,-1.682530744e-07,3.27809e-06
1.0808,-1.534977291e-07,-1.681506148e-07,3.26398e-06
1.0816,-1.534219804e-07,-1.680061459e-07,3.24867e-06
1.0824,-1.533106851e-07,-1.678208135e-07,3.23218e-06
1.0832,-1.531649261e-07,-1.675957497e-07,3.21451e-06
1.084,-1.52985774e-07,-1.673320731e-07,3.19569e-06
1.0848,-1.527742883e-07,-1.670308888e-07,3.17571e-06
1.0856,-1.525315178e-07,-1.66693288e-07,3.15458e-06
1.0864,-1.522585022e-07,-1.66320349e-07,3.13232e-06
1.0872,-1.519562722e-07,-1.659131357e-07,3.10894e-06
1.088,-1.516258512e-07,-1.654726991e-07,3.08443e-06
1.0888,-1.512682555e-07,-1.650000765e-07,3.05881e-06
1.0896,-1.508844956e-07,-1.644962915e-07,3.03207e-06
1.0904,-1.50475577e-07,-1.639623544e-07,3.00422e-06
1.0912,-1.500425011e-07,-1.633992616e-07,2.97526e-06
1.092,-1.495640578e-07,-1.628079959e-07,2.95013e-06
1.0928,-1.490588165e-07,-1.621895271e-07,2.92491e-06
1.0936,-1.485291725e-07,-1.615448112e-07,2.89928e-06
1.0944,-1.479759202e-07,-1.608747902e-07,2.87327e-06
1.0952,-1.473998475e-07,-1.601803932e-07,2.84691e-06
1.096,-1.468017372e-07,-1.594625351e-07,2.82024e-06
1.0968,-1.46182367e-07,-1.587221178e-07,2.79327e-06
1.0976,-1.45542511e-07,-1.579600296e-07,2.76604e-06
1.0984,-1.4488294e-07,-1.571771446e-07,2.73858e-06
1.0992,-1.442044226e-07,-1.563743244e-07,2.71089e-06
1.1,-1.435077258e-07,-1.55552416e-07,2.683e-06
1.1008,-1.427936161e-07,-1.547122537e-07,2.65492e-06
1.1016,-1.420628598e-07,-1.538546573e-07,2.62666e-06
1.1024,-1.413162244e-07,-1.529804342e-07,2.59824e-06
1.1032,-1.40554479e-07,-1.520903772e-07,2.56966e-06
1.104,-1.397783951e-07,-1.511852664e-07,2.54092e-06
1.1048,-1.389887476e-07,-1.502658674e-07,2.51202e-06
1.1056,-1.381863156e-07,-1.493329333e-07,2.48295e-06
1.1064,-1.373718829e-07,-1.483872029e-07,2.4537e-06
1.1072,-1.365462392e-07,-1.474294015e-07,2.42426e-06
1.108,-1.357101805e-07,-1.464602414e-07,2.39461e-06
1.1088,-1.348645102e-07,-1.454804206e-07,2.36473e-06
1.1096,-1.3401004e-07,-1.444906241e-07,2.33459e-06
1.1104,-1.331475903e-07,-1.434915231e-07,2.30415e-06
1.1112,-1.322779912e-07,-1.424837752e-07,2.27337e-06
1.112,-1.314020833e-07,-1.414680245e-07,2.24222e-06
1.1128,-1.305207188e-07,-1.404449021e-07,2.21065e-06
1.1136,-1.296347616e-07,-1.394150243e-07,2.17859e-06
1.1144,-1.287450887e-07,-1.383789948e-07,2.14598e-06
1.1152,-1.27852591e-07,-1.373374039e-07,2.11277e-06
1.116,-1.269581736e-07,-1.362908275e-07,2.07888e-06
1.1168,-1.26062757e-07,-1.352398287e-07,2.04422e-06
1.1176,-1.251577719e-07,-1.341849565e-07,2.01084e-06
1.1184,-1.241997028e-07,-1.331267467e-07,1.98853e-06
1.1192,-1.232354989e-07,-1.320657216e-07,1.96696e-06
1.12,-1.222656459e-07,-1.310023896e-07,1.94614e-06
1.1208,-1.212906316e-07,-1.299372458e-07,1.92606e-06
1.1216,-1.203109463e-07,-1.288707716e-07,1.90673e-06
1.1224,-1.193270839e-07,-1.278034348e-07,1.88814e-06
1.1232,-1.183395418e-07,-1.267356901e-07,1.87027e-06
1.124,-1.173488218e-07,-1.256679781e-07,1.85312e-06
1.1248,-1.163554308e-07,-1.246007261e-07,1.83667e-06
1.1256,-1.153598809e-07,-1.235343476e-07,1.82089e-06
1.1264,-1.143626904e-07,-1.224692432e-07,1.80576e-06
1.1272,-1.133643839e-07,-1.214057991e-07,1.79125e-06
1.128,-1.123654934e-07,-1.203443884e-07,1.77733e-06
1.1288,-1.113665582e-07,-1.192853707e-07,1.76394e-06
1.1296,-1.103681261e-07,-1.182290918e-07,1.75106e-06
1.1304,-1.093707533e-07,-1.171758841e-07,1.73862e-06
1.1312,-1.083750055e-07,-1.161260665e-07,1.72657e-06
1.132,-1.073814581e-07,-1.150799439e-07,1.71486e-06
1.1328,-1.063906971e-07,-1.140378087e-07,1.70342e-06
1.1336,-1.054033192e-07,-1.129999383e-07,1.69217e-06
1.1344,-1.044199325e-07,-1.119665976e-07,1.68104e-06
1.1352,-1.034411572e-07,-1.10938038e-07,1.66996e-06
1.136,-1.024676263e-07,-1.099144962e-07,1.65882e-06
1.1368,-1.014999856e-07,-1.088961969e-07,1.64753e-06
1.1376,-1.005388945e-07,-1.078833498e-07,1.636e-06
1.1384,-9.958502698e-08,-1.068761523e-07,1.62412e-06
1.1392,-9.863907136e-08,-1.058747871e-07,1.61178e-06
1.14,-9.77017315e-08,-1.048794243e-07,1.59886e-06
1.1408,-9.677372701e-08,-1.038902201e-07,1.58522e-06
1.1416,-9.585579391e-08,-1.029073167e-07,1.57075e-06
1.1424,-9.494868517e-08,-1.019308435e-07,1.5553e-06
1.1432,-9.405317123e-08,-1.009609161e-07,1.53872e-06
1.144,-9.314040472e-08,-9.999763586e-08,1.52747e-06
1.1448,-9.21882889e-08,-9.904109151e-08,1.52648e-06
1.1456,-9.123997928e-08,-9.809135788e-08,1.52617e-06
1.1464,-9.029568212e-08,-9.714849618e-08,1.52649e-06
1.1472,-8.935560221e-08,-9.621255392e-08,1.52741e-06
1.148,-8.841994314e-08,-9.528356566e-08,1.52889e-06
1.1488,-8.748890749e-08,-9.436155182e-08,1.5309e-06
1.1496,-8.656269711e-08,-9.344651941e-08,1.53339e-06
1.1504,-8.564151328e-08,-9.253846178e-08,1.53632e-06
1.1512,-8.472555698e-08,-9.163735903e-08,1.53963e-06
1.152,-8.381502913e-08,-9.074317759e-08,1.54327e-06
1.1528,-8.291013077e-08,-8.985587012e-08,1.54719e-06
1.1536,-8.201106333e-08,-8.897537596e-08,1.55132e-06
1.1544,-8.111802887e-08,-8.810162067e-08,1.55562e-06
1.1552,-8.023123023e-08,-8.723451668e-08,1.56001e-06
1.156,-7.935087137e-08,-8.637396247e-08,1.56442e-06
1.1568,-7.847715751e-08,-8.551984294e-08,1.56878e-06
1.1576,-7.761029538e-08,-8.467202983e-08,1.57302e-06
1.1584,-7.675049348e-08,-8.383038095e-08,1.57707e-06
1.1592,-7.589796227e-08,-8.299474068e-08,1.58083e-06
1.16,-7.505291443e-08,-8.216493992e-08,1.58423e-06
1.1608,-7.421556505e-08,-8.134079552e-08,1.58717e-06
1.1616,-7.338613189e-08,-8.052211182e-08,1.58956e-06
1.1624,-7.25648356e-08,-7.97086785e-08,1.59131e-06
1.1632,-7.175189995e-08,-7.890027254e-08,1.59232e-06
1.164,-7.094755204e-08,-7.80966567e-08,1.59249e-06
1.1648,-7.015202257e-08,-7.729758043e-08,1.5917e-06
1.1656,-6.936554601e-08,-7.650278011e-08,1.58984e-06
1.1664,-6.858836088e-08,-7.571197749e-08,1.58681e-06
1.1672,-6.782070995e-08,-7.492488185e-08,1.58248e-06
1.168,-6.706284048e-08,-7.41411883e-08,1.57673e-06
1.1688,-6.631500444e-08,-7.336057868e-08,1.56943e-06
1.1696,-6.557745874e-08,-7.258272108e-08,1.56045e-06
1.1704,-6.483426061e-08,-7.180727e-08,1.55326e-06
1.1712,-6.40890831e-08,-7.103386643e-08,1.54697e-06
1.172,-6.335096041e-08,-7.026213806e-08,1.53949e-06
1.1728,-6.261987256e-08,-6.947906241e-08,1.52791e-06
1.1736,-6.189579326e-08,-6.866690212e-08,1.50829e-06
1.1744,-6.117868992e-08,-6.786203208e-08,1.48874e-06
1.1752,-6.046852363e-08,-6.706440834e-08,1.46926e-06
1.176,-5.976524919e-08,-6.627398674e-08,1.44984e-06
1.1768,-5.906881506e-08,-6.549072342e-08,1.4305e-06
1.1776,-5.837916343e-08,-6.47145745e-08,1.41123e-06
1.1784,-5.769623013e-08,-6.39454969e-08,1.39205e-06
1.1792,-5.701994473e-08,-6.318344656e-08,1.37294e-06
1.18,-5.635023046e-08,-6.242838069e-08,1.35393e-06
1.1808,-5.568700426e-08,-6.168025601e-08,1.33502e-06
1.1816,-5.503017673e-08,-6.093902956e-08,1.31622e-06
1.1824,-5.437965221e-08,-6.020465815e-08,1.29754e-06
1.1832,-5.373532868e-08,-5.947709916e-08,1.279e-06
1.184,-5.309709784e-08,-5.875630995e-08,1.26061e-06
1.1848,-5.246484508e-08,-5.804224816e-08,1.24239e-06
1.1856,-5.183844946e-08,-5.733487107e-08,1.22435e-06
1.1864,-5.121778375e-08,-5.663413694e-08,1.20651e-06
1.1872,-5.060271442e-08,-5.594000312e-08,1.1889e-06
1.188,-4.999310159e-08,-5.525242806e-08,1.17153e-06
1.1888,-4.938879911e-08,-5.457136973e-08,1.15443e-06
1.1896,-4.878965451e-08,-5.389678659e-08,1.13763e-06
1.1904,-4.8195509e-08,-5.322863705e-08,1.12115e-06
1.1912,-4.76061975e-08,-5.256687956e-08,1.10501e-06
1.192,-4.702154859e-08,-5.191147281e-08,1.08925e-06
1.1928,-4.644138458e-08,-5.126237568e-08,1.07389e-06
1.1936,-4.586552143e-08,-5.061954713e-08,1.05898e-06
1.1944,-4.529376883e-08,-4.998294614e-08,1.04453e-06
1.1952,-4.472593012e-08,-4.935253237e-08,1.03059e-06
1.196,-4.416180238e-08,-4.872826489e-08,1.01719e-06
1.1968,-4.362175896e-08,-4.811010292e-08,9.99794e-07
1.1976,-4.309092436e-08,-4.749800651e-08,9.81692e-07
1.1984,-4.25659592e-08,-4.68919354e-08,9.63626e-07
1.1992,-4.20467694e-08,-4.629184929e-08,9.45606e-07
1.2,-4.15332572e-08,-4.569770837e-08,9.27645e-07
1.2008,-4.102532112e-08,-4.510947269e-08,9.09758e-07
1.2016,-4.052285598e-08,-4.452710272e-08,8.91959e-07
1.2024,-4.002575288e-08,-4.395055866e-08,8.74264e-07
1.2032,-3.953389924e-08,-4.337980126e-08,8.56688e-07
1.204,-3.904717874e-08,-4.281479127e-08,8.39248e-07
1.2048,-3.856547139e-08,-4.225548933e-08,8.21964e-07
1.2056,-3.808865347e-08,-4.170185655e-08,8.04853e-07
1.2064,-3.761659757e-08,-4.115385384e-08,7.87936e-07
1.2072,-3.714917256e-08,-4.061144274e-08,7.71232e-07
1.208,-3.668624361e-08,-4.007458445e-08,7.54764e-07
1.2088,-3.622767219e-08,-3.954324042e-08,7.38554e-07
1.2096,-3.577331607e-08,-3.901737218e-08,7.22624e-07
1.2104,-3.532302929e-08,-3.849694199e-08,7.07e-07
1.2112,-3.48766622e-08,-3.798191122e-08,6.91705e-07
1.212,-3.443406145e-08,-3.747224211e-08,6.76765e-07
1.2128,-3.399506998e-08,-3.696789701e-08,6.62207e-07
1.2136,-3.355952701e-08,-3.646883799e-08,6.48059e-07
1.2144,-3.312726808e-08,-3.59750274e-08,6.34348e-07
1.2152,-3.269812501e-08,-3.548642793e-08,6.21104e-07
1.216,-3.22719259e-08,-3.500300245e-08,6.08356e-07
1.2168,-3.184849518e-08,-3.452471358e-08,5.96137e-07
1.2176,-3.142765355e-08,-3.405152436e-08,5.84476e-07
1.2184,-3.1009218e-08,-3.358339793e-08,5.73407e-07
1.2192,-3.059300183e-08,-3.312029762e-08,5.62964e-07
1.22,-3.017881462e-08,-3.266218656e-08,5.53179e-07
1.2208,-2.976646226e-08,-3.220902816e-08,5.4409e-07
1.2216,-2.935574693e-08,-3.176078662e-08,5.35731e-07
1.2224,-2.894945169e-08,-3.131742528e-08,5.27474e-07
1.2232,-2.85770101e-08,-3.087890779e-08,5.12755e-07
1.224,-2.82095293e-08,-3.044519881e-08,4.98003e-07
1.2248,-2.784698913e-08,-3.001626228e-08,4.83213e-07
1.2256,-2.748936953e-08,-2.959206213e-08,4.68382e-07
1.2264,-2.713665052e-08,-2.917256339e-08,4.53506e-07
1.2272,-2.67888122e-08,-2.875773024e-08,4.38583e-07
1.228,-2.644583476e-08,-2.834752753e-08,4.23608e-07
1.2288,-2.610769849e-08,-2.794191998e-08,4.08579e-07
1.2296,-2.577438375e-08,-2.754087269e-08,3.93491e-07
1.2304,-2.544587102e-08,-2.714435077e-08,3.78342e-07
1.2312,-2.512214082e-08,-2.675231938e-08,3.63128e-07
1.232,-2.480317381e-08,-2.636474408e-08,3.47845e-07
1.2328,-2.448895069e-08,-2.598158986e-08,3.3249e-07
1.2336,-2.417945228e-08,-2.560282297e-08,3.17061e-07
1.2344,-2.387465947e-08,-2.522840878e-08,3.01552e-07
1.2352,-2.357455326e-08,-2.485831336e-08,2.85962e-07
1.236,-2.327911472e-08,-2.449250278e-08,2.70286e-07
1.2368,-2.298832501e-08,-2.413094311e-08,2.54522e-07
1.2376,-2.270216537e-08,-2.377360087e-08,2.38666e-07
1.2384,-2.242061715e-08,-2.342044212e-08,2.22714e-07
1.2392,-2.214366177e-08,-2.307143383e-08,2.06664e-07
1.24,-2.187128075e-08,-2.27265426e-08,1.90512e-07
1.2408,-2.160345569e-08,-2.238573495e-08,1.74255e-07
1.2416,-2.134016828e-08,-2.20489782e-08,1.5789e-07
1.2424,-2.108140029e-08,-2.171623938e-08,1.41413e-07
1.2432,-2.082713359e-08,-2.138748556e-08,1.2482e-07
1.244,-2.057735013e-08,-2.106268449e-08,1.0811e-07
1.2448,-2.033203196e-08,-2.074180321e-08,9.12779e-08
1.2456,-2.009116121e-08,-2.042480967e-08,7.43213e-08
1.2464,-1.985472009e-08,-2.011167162e-08,5.72368e-08
1.2472,-1.962269091e-08,-1.980235691e-08,4.00212e-08
1.248,-1.939505606e-08,-1.949683366e-08,2.26713e-08
1.2488,-1.917179802e-08,-1.919507007e-08,5.18393e-09
1.2496,-1.895289936e-08,-1.889703398e-08,1.24442e-08
1.2504,-1.873834275e-08,-1.860269432e-08,3.02161e-08
1.2512,-1.852811092e-08,-1.831201972e-08,4.8135e-08
1.252,-1.83221867e-08,-1.802497858e-08,6.62041e-08
1.2528,-1.812055303e-08,-1.77415397e-08,8.44265e-08
1.2536,-1.79231929e-08,-1.746167246e-08,1.02805e-07
1.2544,-1.773008941e-08,-1.718534568e-08,1.21343e-07
1.2552,-1.754122576e-08,-1.691252871e-08,1.40044e-07
1.256,-1.735658521e-08,-1.664319083e-08,1.58911e-07
1.2568,-1.717615112e-08,-1.637730138e-08,1.77946e-07
1.2576,-1.699990695e-08,-1.611483045e-08,1.97154e-07
1.2584,-1.682783622e-08,-1.585574765e-08,2.16536e-07
1.2592,-1.665992257e-08,-1.560002252e-08,2.36096e-07
1.26,-1.649614971e-08,-1.534762548e-08,2.55838e-07
1.2608,-1.633650143e-08,-1.509852678e-08,2.75763e-07
1.2616,-1.618096163e-08,-1.485269658e-08,2.95875e-07
1.2624,-1.602951428e-08,-1.461010504e-08,3.16178e-07
1.2632,-1.588214345e-08,-1.437072319e-08,3.36674e-07
1.264,-1.573883329e-08,-1.413452155e-08,3.57366e-07
1.2648,-1.559956803e-08,-1.3901471e-08,3.78257e-07
1.2656,-1.546433202e-08,-1.367154239e-08,3.9935e-07
1.2664,-1.533310966e-08,-1.344470677e-08,4.20648e-07
1.2672,-1.520588546e-08,-1.322093572e-08,4.42154e-07
1.268,-1.508264401e-08,-1.300020065e-08,4.63871e-07
1.2688,-1.496337e-08,-1.27824725e-08,4.85802e-07
1.2696,-1.484804818e-08,-1.25677234e-08,5.0795e-07
1.2704,-1.473666342e-08,-1.235592508e-08,5.30317e-07
1.2712,-1.462920066e-08,-1.214704914e-08,5.52908e-07
1.272,-1.452564493e-08,-1.194106805e-08,5.75723e-07
1.2728,-1.442598136e-08,-1.173795372e-08,5.98767e-07
1.2736,-1.433019514e-08,-1.153767837e-08,6.22042e-07
1.2744,-1.423827158e-08,-1.134021481e-08,6.45552e-07
1.2752,-1.412688715e-08,-1.114553525e-08,6.64106e-07
1.276,-1.399879444e-08,-1.095361259e-08,6.78324e-07
1.2768,-1.387229441e-08,-1.076441958e-08,6.9229e-07
1.2776,-1.374733023e-08,-1.057792947e-08,7.05995e-07
1.2784,-1.362384507e-08,-1.039411508e-08,7.19433e-07
1.2792,-1.35017821e-08,-1.021294951e-08,7.32598e-07
1.28,-1.338108449e-08,-1.003440637e-08,7.45484e-07
1.2808,-1.326169539e-08,-9.858459382e-09,7.58082e-07
1.2816,-1.314355799e-08,-9.685081892e-09,7.70387e-07
1.2824,-1.302661544e-08,-9.51424779e-09,7.82392e-07
1.2832,-1.291081092e-08,-9.345930785e-09,7.94089e-07
1.284,-1.279608759e-08,-9.180105298e-09,8.05472e-07
1.2848,-1.268238862e-08,-9.016745128e-09,8.16534e-07
1.2856,-1.256965718e-08,-8.855824696e-09,8.27269e-07
1.2864,-1.245783644e-08,-8.697318599e-09,8.37668e-07
1.2872,-1.234686956e-08,-8.541201435e-09,8.47725e-07
1.288,-1.223669971e-08,-8.387447537e-09,8.57434e-07
1.2888,-1.212727006e-08,-8.236032301e-09,8.66786e-07
1.2896,-1.201852377e-08,-8.086930237e-09,8.75776e-07
1.2904,-1.191040402e-08,-7.940116653e-09,8.84395e-07
1.2912,-1.180285397e-08,-7.795566859e-09,8.92637e-07
1.292,-1.169581679e-08,-7.653256073e-09,9.00494e-07
1.2928,-1.158923565e-08,-7.513160138e-09,9.07959e-07
1.2936,-1.148305371e-08,-7.375254096e-09,9.15026e-07
1.2944,-1.137721415e-08,-7.239514321e-09,9.21686e-07
1.2952,-1.127166012e-08,-7.105916477e-09,9.27933e-07
1.296,-1.11663348e-08,-6.974436406e-09,9.33759e-07
1.2968,-1.106118136e-08,-6.845050748e-09,9.39157e-07
1.2976,-1.095614296e-08,-6.717735523e-09,9.44119e-07
1.2984,-1.085116277e-08,-6.592467106e-09,9.48639e-07
1.2992,-1.074618396e-08,-6.469222225e-09,9.52708e-07
1.3,-1.064114969e-08,-6.347977433e-09,9.56318e-07
1.3008,-1.053600314e-08,-6.228709992e-09,9.59464e-07
1.3016,-1.043068747e-08,-6.111396544e-09,9.62137e-07
1.3024,-1.032514585e-08,-5.996014174e-09,9.64329e-07
1.3032,-1.021932145e-08,-5.882540144e-09,9.66033e-07
1.304,-1.011315742e-08,-5.770952072e-09,9.67241e-07
1.3048,-1.000659696e-08,-5.661227398e-09,9.67946e-07
1.3056,-9.899583205e-09,-5.553343385e-09,9.68139e-07
1.3064,-9.792059343e-09,-5.447278362e-09,9.67814e-07
1.3072,-9.683968535e-09,-5.343009946e-09,9.66963e-07
1.308,-9.57525395e-09,-5.240515932e-09,9.65577e-07
1.3088,-9.465858754e-09,-5.139775183e-09,9.6365e-07
1.3096,-9.355726117e-09,-5.040765316e-09,9.61172e-07
1.3104,-9.244799204e-09,-4.943465193e-09,9.58137e-07
1.3112,-9.133021185e-09,-4.847853319e-09,9.54535e-07
1.312,-9.020335227e-09,-4.753908378e-09,9.50361e-07
1.3128,-8.906684496e-09,-4.661609232e-09,9.45605e-07
1.3136,-8.792012162e-09,-4.570934919e-09,9.40259e-07
1.3144,-8.676261392e-09,-4.481864302e-09,9.34316e-07
1.3152,-8.559375353e-09,-4.394376951e-09,9.27767e-07
1.316,-8.441297213e-09,-4.308452084e-09,9.20605e-07
1.3168,-8.321970139e-09,-4.224069272e-09,9.12821e-07
1.3176,-8.2013373e-09,-4.14120791e-09,9.04407e-07
1.3184,-8.079341862e-09,-4.059848457e-09,8.95356e-07
1.3192,-7.955926995e-09,-3.979969954e-09,8.85658e-07
1.32,-7.831035864e-09,-3.901553036e-09,8.75305e-07
1.3208,-7.704611638e-09,-3.82457781e-09,8.64291e-07
1.3216,-7.576597485e-09,-3.74902438e-09,8.52605e-07
1.3224,-7.446936573e-09,-3.674873383e-09,8.4024e-07
1.3232,-7.315572068e-09,-3.602105281e-09,8.27187e-07
1.324,-7.182447138e-09,-3.530701065e-09,8.13439e-07
1.3248,-7.047504952e-09,-3.460641018e-09,7.98986e-07
1.3256,-6.910688676e-09,-3.391906667e-09,7.8382e-07
1.3264,-6.771941479e-09,-3.324479003e-09,7.67934e-07
1.3272,-6.632266849e-09,-3.258339021e-09,7.51554e-07
1.328,-6.553318053e-09,-3.193468423e-09,7.48418e-07
1.3288,-6.475166172e-09,-3.12984838e-09,7.45181e-07
1.3296,-6.397797925e-09,-3.06746113e-09,7.41844e-07
1.3304,-6.321200028e-09,-3.006288019e-09,7.38408e-07
1.3312,-6.245359197e-09,-2.946310573e-09,7.34874e-07
1.332,-6.17026215e-09,-2.887511741e-09,7.31244e-07
1.3328,-6.095895604e-09,-2.829873225e-09,7.27517e-07
1.3336,-6.022246275e-09,-2.773377261e-09,7.23696e-07
1.3344,-5.949300881e-09,-2.71800662e-09,7.19782e-07
1.3352,-5.877046139e-09,-2.663743359e-09,7.15774e-07
1.336,-5.805468764e-09,-2.610570782e-09,7.11674e-07
1.3368,-5.734555475e-09,-2.558471479e-09,7.07483e-07
1.3376,-5.664292989e-09,-2.507428221e-09,7.03202e-07
1.3384,-5.594668021e-09,-2.457424664e-09,6.98831e-07
1.3392,-5.52566729e-09,-2.408443578e-09,6.94372e-07
1.34,-5.457277512e-09,-2.360468621e-09,6.89825e-07
1.3408,-5.389485403e-09,-2.313482916e-09,6.8519e-07
1.3416,-5.322277682e-09,-2.267470656e-09,6.80468e-07
1.3424,-5.255641064e-09,-2.222415141e-09,6.75661e-07
1.3432,-5.189562267e-09,-2.17830074e-09,6.70769e-07
1.344,-5.124028007e-09,-2.135111288e-09,6.65791e-07
1.3448,-5.059025002e-09,-2.092830798e-09,6.6073e-07
1.3456,-4.994539969e-09,-2.051443992e-09,6.55584e-07
1.3464,-4.930559624e-09,-2.010934885e-09,6.50356e-07
1.3472,-4.867070684e-09,-1.971288377e-09,6.45045e-07
1.348,-4.804059867e-09,-1.932489013e-09,6.39652e-07
1.3488,-4.741513889e-09,-1.894521873e-09,6.34177e-07
1.3496,-4.679419467e-09,-1.857371501e-09,6.28621e-07
1.3504,-4.617763318e-09,-1.821023332e-09,6.22983e-07
1.3512,-4.556532159e-09,-1.7854628e-09,6.17265e-07
1.352,-4.495712707e-09,-1.750674983e-09,6.11466e-07
1.3528,-4.435291678e-09,-1.716645492e-09,6.05588e-07
1.3536,-4.375255791e-09,-1.683360118e-09,5.99629e-07
1.3544,-4.315591761e-09,-1.650804116e-09,5.9359e-07
1.3552,-4.256286306e-09,-1.618964163e-09,5.87472e-07
1.356,-4.197326142e-09,-1.587825693e-09,5.81275e-07
1.3568,-4.138697987e-09,-1.557375562e-09,5.74998e-07
1.3576,-4.080388557e-09,-1.527599025e-09,5.68642e-07
1.3584,-4.022384569e-09,-1.498483826e-09,5.62207e-07
1.3592,-3.96467274e-09,-1.470015576e-09,5.55693e-07
1.36,-3.907239788e-09,-1.44218113e-09,5.491e-07
1.3608,-3.850072429e-09,-1.414968054e-09,5.42428e-07
1.3616,-3.79315738e-09,-1.388362669e-09,5.35676e-07
1.3624,-3.736481357e-09,-1.362352009e-09,5.28845e-07
1.3632,-3.680031079e-09,-1.336923816e-09,5.21935e-07
1.364,-3.623793261e-09,-1.312065123e-09,5.14945e-07
1.3648,-3.567754621e-09,-1.287763851e-09,5.07876e-07
1.3656,-3.511901876e-09,-1.264007032e-09,5.00726e-07
1.3664,-3.456221742e-09,-1.240782943e-09,4.93496e-07
1.3672,-3.400700936e-09,-1.218079149e-09,4.86186e-07
1.368,-3.345326176e-09,-1.195884103e-09,4.78795e-07
1.3688,-3.290084179e-09,-1.174185904e-09,4.71323e-07
1.3696,-3.23496166e-09,-1.152972473e-09,4.6377e-07
1.3704,-3.179945338e-09,-1.132232796e-09,4.56135e-07
1.3712,-3.125021929e-09,-1.11195515e-09,4.48417e-07
1.372,-3.07017815e-09,-1.092128343e-09,4.40617e-07
1.3728,-3.015400717e-09,-1.072741362e-09,4.32734e-07
1.3736,-2.960676349e-09,-1.053782839e-09,4.24767e-07
1.3744,-2.905991761e-09,-1.035242292e-09,4.16716e-07
1.3752,-2.851333672e-09,-1.017108708e-09,4.0858e-07
1.376,-2.796688796e-09,-9.993714301e-10,4.00358e-07
1.3768,-2.742043853e-09,-9.820203317e-10,3.92051e-07
1.3776,-2.687385558e-09,-9.650447552e-10,3.83657e-07
1.3784,-2.632700628e-09,-9.484345753e-10,3.75176e-07
1.3792,-2.577975781e-09,-9.321798444e-10,3.66607e-07
1.38,-2.529517855e-09,-9.162706149e-10,3.59356e-07
1.3808,-2.488257802e-09,-9.006967616e-10,3.53635e-07
1.3816,-2.447526342e-09,-8.854486921e-10,3.47958e-07
1.3824,-2.407319268e-09,-8.705173471e-10,3.42328e-07
1.3832,-2.367632376e-09,-8.558929565e-10,3.36745e-07
1.384,-2.32846146e-09,-8.415659281e-10,3.31211e-07
1.3848,-2.289802315e-09,-8.275275576e-10,3.25727e-07
1.3856,-2.251650736e-09,-8.137687857e-10,3.20293e-07
1.3864,-2.214002516e-09,-8.002805529e-10,3.14911e-07
1.3872,-2.176853451e-09,-7.870541552e-10,3.09582e-07
1.388,-2.140199336e-09,-7.740814212e-10,3.04307e-07
1.3888,-2.104035964e-09,-7.613531139e-10,2.99087e-07
1.3896,-2.068359131e-09,-7.48861595e-10,2.93922e-07
1.3904,-2.03316463e-09,-7.365983379e-10,2.88814e-07
1.3912,-1.998448258e-09,-7.245549938e-10,2.83764e-07
1.392,-1.964205808e-09,-7.12724102e-10,2.78772e-07
1.3928,-1.930433074e-09,-7.010974912e-10,2.73839e-07
1.3936,-1.897125853e-09,-6.896678784e-10,2.68965e-07
1.3944,-1.864279937e-09,-6.784274476e-10,2.64153e-07
1.3952,-1.831891122e-09,-6.67368738e-10,2.59401e-07
1.396,-1.799955203e-09,-6.564844668e-10,2.54712e-07
1.3968,-1.768467973e-09,-6.45767706e-10,2.50085e-07
1.3976,-1.737425228e-09,-6.352115278e-10,2.45522e-07
1.3984,-1.706822763e-09,-6.248084716e-10,2.41022e-07
1.3992,-1.676656371e-09,-6.145526754e-10,2.36587e-07
1.4,-1.646921847e-09,-6.044368561e-10,2.32217e-07
1.4008,-1.617614987e-09,-5.944546189e-10,2.27912e-07
1.4016,-1.588731584e-09,-5.846001017e-10,2.23674e-07
1.4024,-1.560267434e-09,-5.748661991e-10,2.19501e-07
1.4032,-1.53221833e-09,-5.652477597e-10,2.15396e-07
1.404,-1.504580068e-09,-5.557383886e-10,2.11358e-07
1.4048,-1.477348442e-09,-5.463324015e-10,2.07387e-07
1.4056,-1.450519246e-09,-5.370237588e-10,2.03484e-07
1.4064,-1.424088276e-09,-5.278076642e-10,1.9965e-07
1.4072,-1.398051326e-09,-5.186780783e-10,1.95883e-07
1.408,-1.37240419e-09,-5.096298494e-10,1.92186e-07
1.4088,-1.347142664e-09,-5.006580039e-10,1.88557e-07
1.4096,-1.322262541e-09,-4.917573904e-10,1.84998e-07
1.4104,-1.297759616e-09,-4.829232125e-10,1.81508e-07
1.4112,-1.273629685e-09,-4.741506743e-10,1.78087e-07
1.412,-1.249868541e-09,-4.654355124e-10,1.74735e-07
1.4128,-1.226471979e-09,-4.567725753e-10,1.71453e-07
1.4136,-1.203435795e-09,-4.481581328e-10,1.68241e-07
1.4144,-1.180755781e-09,-4.39587744e-10,1.65098e-07
1.4152,-1.158427734e-09,-4.310571455e-10,1.62024e-07
1.416,-1.136447447e-09,-4.225627848e-10,1.5902e-07
1.4168,-1.114810715e-09,-4.141005761e-10,1.56086e-07
1.4176,-1.093513333e-09,-4.056669667e-10,1.5322e-07
1.4184,-1.072551096e-09,-3.972580487e-10,1.50424e-07
1.4192,-1.051919798e-09,-3.888713351e-10,1.47696e-07
1.42,-1.031615233e-09,-3.805025628e-10,1.45038e-07
1.4208,-1.011633197e-09,-3.721490671e-10,1.42447e-07
1.4216,-9.91969484e-10,-3.638076507e-10,1.39925e-07
1.4224,-9.726198882e-10,-3.554758266e-10,1.37471e-07
1.4232,-9.535802046e-10,-3.47150575e-10,1.35084e-07
1.424,-9.348462277e-10,-3.38829409e-10,1.32765e-07
1.4248,-9.164137521e-10,-3.305096641e-10,1.30512e-07
1.4256,-8.982785725e-10,-3.22189031e-10,1.28326e-07
1.4264,-8.804364835e-10,-3.138653781e-10,1.26206e-07
1.4272,-8.628832797e-10,-3.055365738e-10,1.24151e-07
1.428,-8.456147556e-10,-2.972006641e-10,1.22161e-07
1.4288,-8.28626706e-10,-2.888562278e-10,1.20236e-07
1.4296,-8.119149253e-10,-2.805009558e-10,1.18374e-07
1.4304,-7.954752083e-10,-2.721339598e-10,1.16576e-07
1.4312,-7.793033496e-10,-2.637534635e-10,1.1484e-07
1.432,-7.633951437e-10,-2.553580458e-10,1.13167e-07
1.4328,-7.486888295e-10,-2.448915737e-10,1.12223e-07
1.4336,-7.343367002e-10,-2.34359554e-10,1.11372e-07
1.4344,-7.202816152e-10,-2.240694741e-10,1.10533e-07
1.4352,-7.065200507e-10,-2.140168931e-10,1.09707e-07
1.436,-6.930484834e-10,-2.041980807e-10,1.08893e-07
1.4368,-6.798633894e-10,-1.946087735e-10,1.08092e-07
1.4376,-6.669612453e-10,-1.852450637e-10,1.07304e-07
1.4384,-6.543385274e-10,-1.761032209e-10,1.06529e-07
1.4392,-6.419917121e-10,-1.671789818e-10,1.05766e-07
1.44,-6.299172758e-10,-1.584687936e-10,1.05017e-07
1.4408,-6.18111695e-10,-1.499685709e-10,1.0428e-07
1.4416,-6.06571446e-10,-1.416747608e-10,1.03557e-07
1.4424,-5.952930051e-10,-1.335838107e-10,1.02847e-07
1.4432,-5.842728489e-10,-1.256916349e-10,1.0215e-07
1.444,-5.735074537e-10,-1.179948583e-10,1.01467e-07
1.4448,-5.629932959e-10,-1.104899283e-10,1.00797e-07
1.4456,-5.527268518e-10,-1.031731145e-10,1.0014e-07
1.4464,-5.42704598e-10,-9.604121942e-11,9.94958e-08
1.4472,-5.329230107e-10,-8.909051274e-11,9.88652e-08
1.448,-5.233785664e-10,-8.231726412e-11,9.82479e-08
1.4488,-5.140677415e-10,-7.571898664e-11,9.76437e-08
1.4496,-5.049870124e-10,-6.929177232e-11,9.70526e-08
1.4504,-4.961328554e-10,-6.303224609e-11,9.64746e-08
1.4512,-4.87501747e-10,-5.69372105e-11,9.59097e-08
1.452,-4.790901636e-10,-5.100364575e-11,9.53577e-08
1.4528,-4.708945815e-10,-4.52283544e-11,9.48186e-08
1.4536,-4.629114772e-10,-3.960813899e-11,9.42922e-08
1.4544,-4.55137327e-10,-3.413997973e-11,9.37786e-08
1.4552,-4.475686073e-10,-2.882067918e-11,9.32775e-08
1.456,-4.402017946e-10,-2.364757279e-11,9.27888e-08
1.4568,-4.330333653e-10,-1.861728549e-11,9.23126e-08
1.4576,-4.260597957e-10,-1.372733038e-11,9.18484e-08
1.4584,-4.192775622e-10,-8.974865295e-12,9.13963e-08
1.4592,-4.126831412e-10,-4.356692784e-12,9.09561e-08
1.46,-4.062730092e-10,1.300293206e-13,9.05276e-08
1.4608,-4.000436424e-10,4.487432648e-12,9.01107e-08
1.4616,-3.939915174e-10,8.718714639e-12,8.97051e-08
1.4624,-3.881131105e-10,1.282636219e-11,8.93106e-08
1.4632,-3.824048981e-10,1.681303985e-11,8.89271e-08
1.464,-3.768633566e-10,2.06812345e-11,8.85544e-08
1.4648,-3.714849625e-10,2.443325542e-11,8.81921e-08
1.4656,-3.66266192e-10,2.807230004e-11,8.78402e-08
1.4664,-3.612035216e-10,3.159996709e-11,8.74983e-08
1.4672,-3.562934277e-10,3.501909873e-11,8.71662e-08
1.468,-3.515323866e-10,3.833200424e-11,8.68436e-08
1.4688,-3.469168749e-10,4.15406376e-11,8.65302e-08
1.4696,-3.424433688e-10,4.464801862e-11,8.62259e-08
1.4704,-3.381083448e-10,4.765574602e-11,8.59302e-08
1.4712,-3.339082793e-10,5.056612906e-11,8.5643e-08
1.472,-3.298396486e-10,5.338129938e-11,8.53637e-08
1.4728,-3.258989292e-10,5.61033886e-11,8.50923e-08
1.4736,-3.220825975e-10,5.873452835e-11,8.48283e-08
1.4744,-3.183871298e-10,6.127667262e-11,8.45714e-08
1.4752,-3.148090025e-10,6.373159778e-11,8.43212e-08
1.476,-3.113446921e-10,6.610143544e-11,8.40774e-08
1.4768,-3.07990675e-10,6.838796196e-11,8.38396e-08
1.4776,-3.047434275e-10,7.05929537e-11,8.36074e-08
1.4784,-3.01599426e-10,7.27185423e-11,8.33806e-08
1.4792,-2.985551469e-10,7.476632646e-11,8.31586e-08
1.48,-2.956070667e-10,7.673790492e-11,8.29411e-08
1.4808,-2.927516617e-10,7.863469875e-11,8.27276e-08
1.4816,-2.899854083e-10,8.045883959e-11,8.25177e-08
1.4824,-2.87304783e-10,8.221139325e-11,8.2311e-08
1.4832,-2.84706262e-10,8.389449135e-11,8.21071e-08
1.484,-2.821863219e-10,8.550919972e-11,8.19054e-08
1.4848,-2.797414389e-10,8.705693944e-11,8.17056e-08
1.4856,-2.773680896e-10,8.853948685e-11,8.15071e-08
1.4864,-2.750627502e-10,8.995790779e-11,8.13096e-08
1.4872,-2.728218973e-10,9.131326806e-11,8.11123e-08
1.488,-2.706420071e-10,9.260716638e-11,8.0915e-08
1.4888,-2.685195561e-10,9.383995803e-11,8.07168e-08
1.4896,-2.664510207e-10,9.501341935e-11,8.05174e-08
1.4904,-2.644328773e-10,9.612897145e-11,8.03164e-08
1.4912,-2.624616023e-10,9.718785776e-11,8.01131e-08
1.492,-2.60533672e-10,9.819149938e-11,7.99072e-08
1.4928,-2.586455629e-10,9.914167265e-11,7.96983e-08
1.4936,-2.567937513e-10,1.000392658e-10,7.94857e-08
1.4944,-2.549747137e-10,1.008858774e-10,7.92691e-08
1.4952,-2.531849265e-10,1.016827511e-10,7.9048e-08
1.496,-2.51420866e-10,1.024313079e-10,7.88218e-08
1.4968,-2.496790086e-10,1.031331465e-10,7.85901e-08
1.4976,-2.479558308e-10,1.03789155e-10,7.83524e-08
1.4984,-2.46247809e-10,1.0440111e-10,7.81082e-08
1.4992,-2.445514194e-10,1.049704323e-10,7.78572e-08
1.5,-2.428631386e-10,3.02491793e-07,6.74352e-05
1.5,-2.428631386e-10,3.02491793e-07,6.74352e-05
1.5008,2.985764516e-05,2.289796958e-05,0.00155029
1.5016,0.0001123974858,0.0001039385603,0.00188425
1.5024,0.000237591348,0.0002366366074,0.000212672
1.5032,0.0003964564151,0.0004016644149,0.0011601
1.504,0.0005813055833,0.0005914161264,0.00225216
1.5048,0.0007855538573,0.0007996833343,0.00314739
1.5056,0.001003498674,0.001020927209,0.00388226
1.5064,0.001230239561,0.001250278498,0.00446374
1.5072,0.001461589833,0.001483537529,0.00488892
1.508,0.001694006637,0.001717174204,0.00516065
1.5088,0.00192452045,0.001948328007,0.00530321
1.5096,0.002150665734,0.002174827443,0.0053821
1.5104,0.002370415241,0.002394513795,0.00536803
1.5112,0.002582108704,0.002605838838,0.00528597
1.512,0.00278445045,0.002807614676,0.00515991
1.5128,0.002976405204,0.0029988652,0.00500304
1.5136,0.003157220039,0.003178826094,0.00481282
1.5144,0.003326337963,0.003346944833,0.00459025
1.5152,0.003483415142,0.003502880683,0.00433601
1.516,0.003628260123,0.0036465047,0.00406404
1.5168,0.003760825871,0.003777937639,0.0038117
1.5176,0.003881181491,0.003896993497,0.00352218
1.5184,0.003989491841,0.004003956361,0.00322202
1.5192,0.004086003352,0.004099148596,0.00292815
1.52,0.004171024157,0.00418291575,0.00264889
1.5208,0.004244919958,0.004255626553,0.00238493
1.5216,0.004308090226,0.004317672917,0.00213458
1.5224,0.004360976116,0.004369469935,0.00189203
1.5232,0.004404031789,0.004411455882,0.00165374
1.524,0.004437738381,0.004444092216,0.00141534
1.5248,0.004462577161,0.004467863576,0.00117757
1.5256,0.004479042271,0.004483277783,0.000943474
1.5264,0.00448761981,0.004490869426,0.000723863
1.5272,0.004488798465,0.004491157494,0.000525482
1.528,0.004483052494,0.004484566572,0.000337266
1.5288,0.004470852802,0.004471571772,0.000160153
1.5296,0.004452651222,0.004452631039,4.49587e-06
1.5304,0.00442889228,0.004428185154,0.000157515
1.5312,0.004399999269,0.004398657731,0.000298832
1.532,0.004366384602,0.004364455219,0.000429777
1.5328,0.004328439228,0.004325966901,0.000550719
1.5336,0.004286540397,0.004283564894,0.000662803
1.5344,0.004241044605,0.00423760415,0.000766373
1.5352,0.004192295134,0.004188422455,0.000862652
1.536,0.004140614565,0.004136340429,0.000952078
1.5368,0.004086308203,0.004081661527,0.00103506
1.5376,0.004029663115,0.004024672037,0.00111178
1.5384,0.003970948635,0.003965641083,0.00118227
1.5392,0.003910414582,0.003904820621,0.00124607
1.54,0.003848292105,0.003842425724,0.00130676
1.5408,0.003784794693,0.003778670892,0.0013641
1.5416,0.003720156874,0.003713846308,0.0014057
1.5424,0.003654556688,0.003648118714,0.00143408
1.5432,0.003588172093,0.003581647055,0.00145347
1.544,0.003521167528,0.003514582479,0.00146684
1.5448,0.003453702927,0.003447068336,0.00147788
1.5456,0.003385918069,0.00337924018,0.00148752
1.5464,0.003317944038,0.00331122577,0.00149652
1.5472,0.003249901686,0.003243145064,0.00150506
1.548,0.003181903983,0.003175110226,0.00151333
1.5488,0.003114053243,0.003107225624,0.00152088
1.5496,0.003046443528,0.003039587826,0.00152713
1.5504,0.002979161336,0.002972285606,0.00153159
1.5512,0.002912280746,0.00290539994,0.00153272
1.552,0.002845871927,0.002839004006,0.00152985
1.5528,0.002779999434,0.002773163188,0.0015228
1.5536,0.002714720776,0.002707935071,0.00151154
1.5544,0.002650084665,0.002643369443,0.00149584
1.5552,0.002586135441,0.002579508297,0.00147622
1.556,0.002522914173,0.002516385827,0.00145421
1.5568,0.002460456464,0.002454028431,0.00143187
1.5576,0.002398792227,0.002392432112,0.00141674
1.5584,0.002337947484,0.002331631535,0.0014069
1.5592,0.002277946485,0.002271706997,0.00138987
1.56,0.002218809804,0.002212667348,0.00136825
1.5608,0.002160553196,0.002154520483,0.00134381
1.5616,0.002103188561,0.002097273331,0.00131764
1.5624,0.002046729262,0.002040931869,0.00129139
1.5632,0.001991185352,0.001985501108,0.00126618
1.564,0.001936562919,0.001930985105,0.00124248
1.5648,0.001882862906,0.001877386956,0.00121979
1.5656,0.001830091026,0.001824708796,0.00119891
1.5664,0.001778249367,0.001772951803,0.00118005
1.5672,0.001727337505,0.001722116195,0.00116306
1.568,0.001677349636,0.00167220123,0.00114682
1.5688,0.001628285119,0.001623205209,0.00113157
1.5696,0.001580140149,0.001575125472,0.00111704
1.5704,0.001532909636,0.001527958399,0.0011029
1.5712,0.001486584571,0.001481699412,0.00108819
1.572,0.001441159368,0.001436342974,0.00107287
1.5728,0.001396626427,0.001391882588,0.00105671
1.5736,0.001352977562,0.001348310799,0.00103954
1.5744,0.001310201869,0.00130561919,0.00102081
1.5752,0.001268290843,0.001263798389,0.00100071
1.576,0.001227234785,0.00122283806,0.000979385
1.5768,0.001187023857,0.001182726911,0.000957159
1.5776,0.00114764548,0.00114345269,0.000933958
1.5784,0.001109089858,0.001105002186,0.000910543
1.5792,0.001071346161,0.001067361227,0.000887657
1.58,0.00103440359,0.001030514685,0.000866267
1.5808,0.0009982490836,0.000994436852,0.000849187
1.5816,0.0009628717088,0.0009591368643,0.000831949
1.5824,0.0009282601551,0.0009246033913,0.000814556
1.5832,0.0008944030296,0.0008908239112,0.000797261
1.584,0.00086128763,0.0008577860268,0.000779994
1.5848,0.0008289022937,0.0008254774661,0.000762892
1.5856,0.0007972355146,0.0007938860816,0.000746097
1.5864,0.000766275663,0.0007629998509,0.000729698
1.5872,0.0007360106173,0.0007328068763,0.000713644
1.588,0.0007064286096,0.0007032953852,0.000697936
1.5888,0.0006775181976,0.0006744537295,0.000682621
1.5896,0.0006492679088,0.0006462703863,0.000667708
1.5904,0.0006216659682,0.0006187339573,0.000653115
1.5912,0.0005947007558,0.0005918331691,0.000638765
1.592,0.0005683611044,0.0005655568733,0.000624652
1.5928,0.0005426358047,0.0005398940463,0.000610736
1.5936,0.000517513789,0.0005148337892,0.000596979
1.5944,0.0004929841467,0.000490365328,0.000583351
1.5952,0.0004690361396,0.0004664780139,0.000569831
1.596,0.0004456592169,0.0004431613224,0.000556414
1.5968,0.0004228427254,0.0004204048543,0.000543044
1.5976,0.0004005760828,0.0003981983349,0.000529651
1.5984,0.0003788495355,0.0003765316148,0.000516325
1.5992,0.0003576532482,0.000355394669,0.000503106
1.6,0.0003369776183,0.0003347775976,0.000490062
1.6008,0.0003168132888,0.0003146706255,0.000477285
1.6016,0.0002971511617,0.0002950641025,0.000464899
1.6024,0.0002779824105,0.0002759485032,0.00045306
1.6032,0.0002592969648,0.000257314427,0.000441617
1.604,0.0002410807038,0.0002391525983,0.000429492
1.6048,0.0002233284303,0.0002214538662,0.000417565
1.6056,0.0002060312984,0.0002042092048,0.000405877
1.6064,0.0001891806221,0.000187409713,0.000394476
1.6072,0.0001727678772,0.0001710466144,0.000383417
1.608,0.0001567847039,0.0001551112578,0.000372766
1.6088,0.0001412229084,0.0001395951165,0.000362596
1.6096,0.0001260743791,0.0001244905163,0.000352811
1.6104,0.0001113287196,0.0001097894849,0.00034287
1.6112,9.697947905e-05,9.548223426e-05,0.000333516
1.612,8.301879943e-05,8.156121287e-05,0.000324682
1.6128,6.943895291e-05,6.801896602e-05,0.000316307
1.6136,5.623234121e-05,5.484813587e-05,0.000308336
1.6144,4.339149507e-05,4.204146144e-05,0.000300725
1.6152,3.090907363e-05,2.95917786e-05,0.000293432
1.616,1.877786395e-05,1.74920201e-05,0.000286426
1.6168,6.990081227e-06,5.735215534e-06,0.000279526
1.6176,-4.461050889e-06,-5.685508632e-06,0.000272752
1.6184,-1.558237235e-05,-1.677692908e-05,0.000266092
1.6192,-2.638070813e-05,-2.754572563e-05,0.000259512
1.62,-3.686277242e-05,-3.799848125e-05,0.000252983
1.6208,-4.703516996e-05,-4.814168202e-05,0.000246479
1.6216,-5.69043973e-05,-5.798171719e-05,0.000239977
1.6224,-6.647684415e-05,-6.752487915e-05,0.000233453
1.6232,-7.57583546e-05,-7.677736339e-05,0.000226988
1.624,-8.475502846e-05,-8.57452686e-05,0.000220579
1.6248,-9.347303474e-05,-9.443459656e-05,0.000214191
1.6256,-0.0001019182507,-0.0001028512522,0.000207829
1.6264,-0.0001100964412,-0.0001110010436,0.000201503
1.6272,-0.0001180132595,-0.000118889682,0.000195226
1.628,-0.0001256742477,-0.0001265227818,0.000189014
1.6288,-0.0001330848378,-0.0001339058604,0.000182886
1.6296,-0.0001402504921,-0.0001410443385,0.000176832
1.6304,-0.0001471765623,-0.0001479435398,0.000170847
1.6312,-0.0001538680683,-0.0001546086913,0.000164976
1.632,-0.0001603300526,-0.0001610449231,0.00015924
1.6328,-0.0001665674564,-0.0001672572682,0.000153658
1.6336,-0.0001725851204,-0.0001732506632,0.000148252
1.6344,-0.000178387786,-0.0001790299473,0.000143044
1.6352,-0.0001839800961,-0.0001845998634,0.000138055
1.636,-0.0001893668206,-0.000189965057,0.000133259
1.6368,-0.0001945530639,-0.0001951300772,0.000128532
1.6376,-0.00019954283,-0.0002000993759,0.000123972
1.6384,-0.000204340504,-0.0002048773083,0.000119575
1.6392,-0.0002089503935,-0.0002094681327,0.000115328
1.64,-0.00021337673,-0.0002138760107,0.000111216
1.6408,-0.0002176236712,-0.0002181050067,0.000107219
1.6416,-0.0002216953025,-0.0002221590885,0.00010331
1.6424,-0.0002255956401,-0.0002260421271,9.94565e-05
1.6432,-0.0002293286487,-0.0002297541361,9.47787e-05
1.644,-0.000232898199,-0.0002333034457,9.02701e-05
1.6448,-0.0002363081082,-0.0002366950802,8.61993e-05
1.6456,-0.0002395621309,-0.0002399325163,8.25046e-05
1.6464,-0.0002426639609,-0.0002430191852,7.91274e-05
1.6472,-0.0002456172326,-0.0002459584729,7.60124e-05
1.648,-0.0002484255235,-0.00024875372,7.31069e-05
1.6488,-0.0002510923554,-0.000251408222,7.03603e-05
1.6496,-0.0002536211967,-0.0002539252289,6.77242e-05
1.6504,-0.0002560154642,-0.0002563079456,6.51512e-05
1.6512,-0.0002582785246,-0.0002585595317,6.25953e-05
1.652,-0.0002604132681,-0.0002606831015,6.01063e-05
1.6528,-0.0002624220234,-0.0002626817238,5.78491e-05
1.6536,-0.000264308707,-0.0002645584225,5.5625e-05
1.6544,-0.0002660763702,-0.0002663161759,5.34175e-05
1.6552,-0.0002677280097,-0.0002679579171,5.12127e-05
1.656,-0.0002692665679,-0.0002694865341,4.89982e-05
1.6568,-0.0002706949348,-0.0002709048694,4.67636e-05
1.6576,-0.0002720159489,-0.0002722157203,4.44997e-05
1.6584,-0.0002732323985,-0.0002734218388,4.21984e-05
1.6592,-0.0002743470226,-0.0002745259315,3.98526e-05
1.66,-0.0002753625123,-0.00027553066,3.74555e-05
1.6608,-0.0002762815119,-0.0002764386404,3.50009e-05
1.6616,-0.0002771062263,-0.0002772524436,3.25704e-05
1.6624,-0.0002778390284,-0.0002779745951,3.01979e-05
1.6632,-0.0002784826743,-0.0002786075752,2.78221e-05
1.664,-0.000279039575,-0.000279153819,2.54482e-05
1.6648,-0.0002795120946,-0.0002796157162,2.30821e-05
1.6656,-0.0002799025522,-0.0002799956113,2.07292e-05
1.6664,-0.000280213222,-0.0002802958034,1.83953e-05
1.6672,-0.0002804463345,-0.0002805185464,1.60854e-05
1.668,-0.0002806040778,-0.0002806660489,1.38043e-05
1.6688,-0.000280688598,-0.0002807404742,1.15556e-05
1.6696,-0.0002807020005,-0.0002807439404,9.34226e-06
1.6704,-0.0002806463507,-0.0002806785203,7.16587e-06
1.6712,-0.0002805231885,-0.0002805462412,5.13506e-06
1.672,-0.0002803346161,-0.0002803490853,3.22307e-06
1.6728,-0.0002800826826,-0.0002800889897,1.40493e-06
1.6736,-0.0002797692576,-0.0002797678458,3.14483e-07
1.6744,-0.0002793961716,-0.0002793875001,1.9316e-06
1.6752,-0.0002789652163,-0.0002789497535,3.4444e-06
1.676,-0.0002784781461,-0.0002784563619,4.85251e-06
1.6768,-0.0002779366781,-0.0002779090357,6.15744e-06
1.6776,-0.0002773424934,-0.0002773094401,7.36273e-06
1.6784,-0.0002766972378,-0.0002766591951,8.47413e-06
1.6792,-0.0002760025223,-0.0002759598753,9.49977e-06
1.68,-0.0002752599244,-0.00027521301,1.04503e-05
1.6808,-0.000274471027,-0.0002744200833,1.13479e-05
1.6816,-0.0002736373188,-0.000273582534,1.22035e-05
1.6824,-0.0002727602816,-0.0002727017556,1.30369e-05
1.6832,-0.0002718413682,-0.0002717790963,1.38713e-05
1.684,-0.0002708820015,-0.000270815859,1.47335e-05
1.6848,-0.0002698835755,-0.0002698103491,1.63114e-05
1.6856,-0.0002688474562,-0.0002687659264,1.8161e-05
1.6864,-0.0002677749823,-0.0002676865801,1.96919e-05
1.6872,-0.000266667466,-0.0002665734376,2.09451e-05
1.688,-0.0002655261938,-0.0002654276104,2.19598e-05
1.6888,-0.0002643524273,-0.0002642501946,2.27727e-05
1.6896,-0.0002631473491,-0.0002630422705,2.34066e-05
1.6904,-0.0002619119281,-0.0002618049031,2.38402e-05
1.6912,-0.000260647534,-0.0002605391416,2.41448e-05
1.692,-0.0002593553156,-0.0002592460196,2.43461e-05
1.6928,-0.0002580363994,-0.0002579265553,2.44681e-05
1.6936,-0.0002566918893,-0.0002565817511,2.45336e-05
1.6944,-0.000255322868,-0.000255212594,2.45639e-05
1.6952,-0.0002539303974,-0.0002538200554,2.45791e-05
1.696,-0.0002525155196,-0.0002524050908,2.45984e-05
1.6968,-0.0002510792573,-0.0002509686406,2.46402e-05
1.6976,-0.0002496226147,-0.0002495116293,2.47224e-05
1.6984,-0.0002481465781,-0.0002480349658,2.4862e-05
1.6992,-0.0002466518085,-0.0002465395436,2.50074e-05
1.7,-0.0002451389296,-0.0002450262404,2.51019e-05
1.7008,-0.0002436092015,-0.0002434959186,2.52341e-05
1.7016,-0.000242063494,-0.0002419494247,2.54093e-05
1.7024,-0.0002405026576,-0.0002403875898,2.56317e-05
1.7032,-0.0002389275245,-0.0002388112294,2.59051e-05
1.704,-0.000237338909,-0.0002372211433,2.62327e-05
1.7048,-0.0002357376083,-0.0002356181158,2.66173e-05
1.7056,-0.0002341244023,-0.0002340029157,2.70615e-05
1.7064,-0.000232500055,-0.000232376296,2.75677e-05
1.7072,-0.0002308653146,-0.0002307389944,2.81382e-05
1.708,-0.000229220914,-0.0002290917327,2.87756e-05
1.7088,-0.0002275671858,-0.0002274352173,2.93964e-05
1.7096,-0.000225904815,-0.0002257701391,2.99995e-05
1.7104,-0.0002242346422,-0.0002240971731,3.06217e-05
1.7112,-0.000222557303,-0.000222416979,3.12577e-05
1.712,-0.0002208734167,-0.0002207302008,3.19018e-05
1.7128,-0.0002191835867,-0.0002190374669,3.25487e-05
1.7136,-0.0002174884008,-0.0002173393902,3.31926e-05
1.7144,-0.0002157884321,-0.000215636568,3.38282e-05
1.7152,-0.0002140842387,-0.0002139295818,3.44503e-05
1.716,-0.0002123763645,-0.0002122189979,3.50539e-05
1.7168,-0.0002106653396,-0.0002105053667,3.56345e-05
1.7176,-0.0002089516805,-0.0002087892231,3.61879e-05
1.7184,-0.00020723574,-0.0002070710864,3.66771e-05
1.7192,-0.0002055180753,-0.0002053514604,3.7114e-05
1.72,-0.0002037991755,-0.0002036308333,3.74988e-05
1.7208,-0.0002020794953,-0.0002019096776,3.78275e-05
1.7216,-0.0002003594768,-0.0002001884502,3.80967e-05
1.7224,-0.0001986395497,-0.0001984675927,3.8304e-05
1.7232,-0.0001969201321,-0.0001967475307,3.84475e-05
1.724,-0.0001952016303,-0.0001950286745,3.85265e-05
1.7248,-0.0001934844398,-0.0001933114189,3.8541e-05
1.7256,-0.0001917689448,-0.0001915961427,3.84923e-05
1.7264,-0.0001900555197,-0.0001898832094,3.83827e-05
1.7272,-0.0001883445228,-0.0001881729671,3.82146e-05
1.728,-0.0001866362331,-0.0001864657478,3.79762e-05
1.7288,-0.000184931046,-0.0001847618685,3.76849e-05
1.7296,-0.0001832292921,-0.00018306163,3.73473e-05
1.7304,-0.0001815312931,-0.0001813653181,3.69715e-05
1.7312,-0.0001798373615,-0.0001796732026,3.65669e-05
1.732,-0.0001781478016,-0.000177985538,3.61448e-05
1.7328,-0.0001764629094,-0.0001763025629,3.57177e-05
1.7336,-0.0001747829733,-0.0001746245005,3.53003e-05
1.7344,-0.0001731082741,-0.0001729515586,3.49089e-05
1.7352,-0.0001714390854,-0.000171283929,3.45616e-05
1.736,-0.0001697756741,-0.0001696217882,3.42786e-05
1.7368,-0.0001681182231,-0.0001679613022,3.49547e-05
1.7376,-0.0001664668174,-0.0001663062003,3.5778e-05
1.7384,-0.0001648218426,-0.0001646585524,3.63734e-05
1.7392,-0.0001631835233,-0.0001630184783,3.67643e-05
1.74,-0.0001615520773,-0.0001613860956,3.6973e-05
1.7408,-0.0001599277158,-0.0001597615194,3.70208e-05
1.7416,-0.0001583106438,-0.0001581448626,3.69283e-05
1.7424,-0.0001567010602,-0.0001565362355,3.67153e-05
1.7432,-0.0001550991585,-0.0001549357461,3.64007e-05
1.744,-0.0001535051264,-0.0001533434999,3.60029e-05
1.7448,-0.0001519191468,-0.0001517596001,3.55396e-05
1.7456,-0.0001503413974,-0.0001501841475,3.50279e-05
1.7464,-0.0001487718791,-0.0001486172405,3.44463e-05
1.7472,-0.0001472106804,-0.000147058975,3.37929e-05
1.748,-0.0001456580798,-0.0001455094446,3.3109e-05
1.7488,-0.000144114215,-0.0001439687405,3.24049e-05
1.7496,-0.0001425792184,-0.0001424369515,3.16904e-05
1.7504,-0.0001410532167,-0.0001409141639,3.09745e-05
1.7512,-0.0001395363318,-0.0001394004617,3.02655e-05
1.752,-0.0001380286801,-0.0001378959265,2.95713e-05
1.7528,-0.0001365303736,-0.0001364006375,2.88991e-05
1.7536,-0.0001350415193,-0.0001349146715,2.82558e-05
1.7544,-0.0001335622201,-0.0001334381028,2.76476e-05
1.7552,-0.0001320925745,-0.0001319710034,2.70804e-05
1.756,-0.0001306325418,-0.0001305134429,2.65297e-05
1.7568,-0.0001291822429,-0.0001290654885,2.60075e-05
1.7576,-0.0001277417934,-0.0001276272049,2.5525e-05
1.7584,-0.0001263112642,-0.0001261986546,2.50842e-05
1.7592,-0.0001248907219,-0.0001247798976,2.46865e-05
1.76,-0.0001234802288,-0.0001233709914,2.4333e-05
1.7608,-0.0001220798432,-0.0001219719912,2.40244e-05
1.7616,-0.0001206896193,-0.0001205829499,2.3761e-05
1.7624,-0.0001193096077,-0.0001192039177,2.35428e-05
1.7632,-0.0001179398554,-0.0001178349427,2.33696e-05
1.764,-0.0001165804056,-0.0001164760705,2.3241e-05
1.7648,-0.0001152312986,-0.0001151273443,2.31562e-05
1.7656,-0.0001138925201,-0.0001137888048,2.31029e-05
1.7664,-0.0001125641345,-0.0001124604905,2.3087e-05
1.7672,-0.0001112461713,-0.0001111424374,2.31071e-05
1.768,-0.0001099386552,-0.000109834679,2.3161e-05
1.7688,-0.0001086416078,-0.0001085372466,2.32468e-05
1.7696,-0.0001073550484,-0.0001072501689,2.33622e-05
1.7704,-0.0001060789932,-0.0001059734724,2.35051e-05
1.7712,-0.0001048134562,-0.000104707181,2.36732e-05
1.772,-0.0001035584491,-0.0001034513164,2.38642e-05
1.7728,-0.0001023139811,-0.0001022058977,2.4076e-05
1.7736,-0.0001010800598,-0.0001009709417,2.43064e-05
1.7744,-9.98566766e-05,-9.974646294e-05,2.45505e-05
1.7752,-9.864377032e-05,-9.853247331e-05,2.47918e-05
1.776,-9.744138982e-05,-9.732898244e-05,2.50391e-05
1.7768,-9.624953014e-05,-9.613599754e-05,2.52898e-05
1.7776,-9.506818449e-05,-9.495352341e-05,2.55411e-05
1.7784,-9.389734433e-05,-9.378156246e-05,2.57908e-05
1.7792,-9.273699949e-05,-9.262011471e-05,2.60365e-05
1.78,-9.158713832e-05,-9.146917775e-05,2.62761e-05
1.7808,-9.044774776e-05,-9.032874679e-05,2.65079e-05
1.7816,-8.931881352e-05,-8.919881466e-05,2.67301e-05
1.7824,-8.820032013e-05,-8.807937175e-05,2.69417e-05
1.7832,-8.709225113e-05,-8.697040609e-05,2.71414e-05
1.784,-8.599453292e-05,-8.587190329e-05,2.73162e-05
1.7848,-8.490708474e-05,-8.478384655e-05,2.74517e-05
1.7856,-8.382994832e-05,-8.370621669e-05,2.75616e-05
1.7864,-8.276309453e-05,-8.263899214e-05,2.76442e-05
1.7872,-8.170649296e-05,-8.15821489e-05,2.76981e-05
1.788,-8.066011194e-05,-8.05356606e-05,2.7722e-05
1.7888,-7.962391872e-05,-7.949949845e-05,2.7715e-05
1.7896,-7.859787946e-05,-7.847363127e-05,2.76767e-05
1.7904,-7.758195939e-05,-7.745802548e-05,2.76067e-05
1.7912,-7.657612288e-05,-7.645264511e-05,2.75051e-05
1.792,-7.558033349e-05,-7.545745177e-05,2.73723e-05
1.7928,-7.459455408e-05,-7.447240468e-05,2.72092e-05
1.7936,-7.36186752e-05,-7.349746068e-05,2.70009e-05
1.7944,-7.26526536e-05,-7.253257418e-05,2.67481e-05
1.7952,-7.169647941e-05,-7.157769722e-05,2.64591e-05
1.796,-7.075010566e-05,-7.06327794e-05,2.61348e-05
1.7968,-6.981348442e-05,-6.969776797e-05,2.57762e-05
1.7976,-6.888656685e-05,-6.877260776e-05,2.53848e-05
1.7984,-6.796930325e-05,-6.785724118e-05,2.49622e-05
1.7992,-6.706164313e-05,-6.695160827e-05,2.45106e-05
1.8,-6.616353528e-05,-6.605564665e-05,2.40326e-05
1.8008,-6.52749278e-05,-6.516929157e-05,2.35308e-05
1.8016,-6.439576816e-05,-6.429247586e-05,2.30087e-05
1.8024,-6.352600332e-05,-6.342512993e-05,2.24699e-05
1.8032,-6.266554281e-05,-6.256718184e-05,2.19102e-05
1.804,-6.181434847e-05,-6.171855721e-05,2.13378e-05
1.8048,-6.097236885e-05,-6.087917927e-05,2.07583e-05
1.8056,-6.013954629e-05,-6.004896888e-05,2.01764e-05
1.8064,-5.931582264e-05,-5.922784445e-05,1.95974e-05
1.8072,-5.850113925e-05,-5.841572204e-05,1.9027e-05
1.808,-5.769543708e-05,-5.761251528e-05,1.84711e-05
1.8088,-5.689865669e-05,-5.68181354e-05,1.79364e-05
1.8096,-5.611073834e-05,-5.603249126e-05,1.74298e-05
1.8104,-5.533162201e-05,-5.525548929e-05,1.69588e-05
1.8112,-5.456124745e-05,-5.448703353e-05,1.65314e-05
1.812,-5.379955159e-05,-5.3726467e-05,1.62798e-05
1.8128,-5.304643234e-05,-5.297383059e-05,1.61723e-05
1.8136,-5.230185688e-05,-5.222982949e-05,1.60443e-05
1.8144,-5.156576174e-05,-5.149439196e-05,1.58979e-05
1.8152,-5.083808324e-05,-5.076744653e-05,1.57346e-05
1.816,-5.011875748e-05,-5.004892207e-05,1.55561e-05
1.8168,-4.940772042e-05,-4.933874773e-05,1.53639e-05
1.8176,-4.87049079e-05,-4.863685297e-05,1.51595e-05
1.8184,-4.801025569e-05,-4.794316755e-05,1.49441e-05
1.8192,-4.732369951e-05,-4.725762154e-05,1.47191e-05
1.82,-4.664517511e-05,-4.658014531e-05,1.44856e-05
1.8208,-4.597461824e-05,-4.591066953e-05,1.42448e-05
1.8216,-4.531196476e-05,-4.524912517e-05,1.39977e-05
1.8224,-4.465715065e-05,-4.459544351e-05,1.37455e-05
1.8232,-4.401011204e-05,-4.394955614e-05,1.3489e-05
1.824,-4.337078526e-05,-4.331139492e-05,1.32294e-05
1.8248,-4.273910688e-05,-4.268089206e-05,1.29675e-05
1.8256,-4.211501376e-05,-4.205798003e-05,1.27045e-05
1.8264,-4.149844305e-05,-4.144259163e-05,1.24411e-05
1.8272,-4.088933228e-05,-4.083465997e-05,1.21784e-05
1.828,-4.028761936e-05,-4.023411842e-05,1.19175e-05
1.8288,-3.969324265e-05,-3.96409007e-05,1.16593e-05
1.8296,-3.910614098e-05,-3.905494081e-05,1.1405e-05
1.8304,-3.852625367e-05,-3.847617305e-05,1.11556e-05
1.8312,-3.795343956e-05,-3.790453204e-05,1.08943e-05
1.832,-3.7387616e-05,-3.733995269e-05,1.06172e-05
1.8328,-3.682878949e-05,-3.678237021e-05,1.03401e-05
1.8336,-3.627689745e-05,-3.623172012e-05,1.00634e-05
1.8344,-3.573187771e-05,-3.568793825e-05,9.78766e-06
1.8352,-3.519366858e-05,-3.515096071e-05,9.51332e-06
1.836,-3.466220889e-05,-3.462072394e-05,9.24091e-06
1.8368,-3.413743795e-05,-3.409716467e-05,8.97101e-06
1.8376,-3.361929567e-05,-3.358021992e-05,8.70425e-06
1.8384,-3.310772252e-05,-3.306982704e-05,8.44135e-06
1.8392,-3.260265963e-05,-3.256592367e-05,8.18306e-06
1.84,-3.210404874e-05,-3.206844774e-05,7.93024e-06
1.8408,-3.161183231e-05,-3.15773375e-05,7.68383e-06
1.8416,-3.112595349e-05,-3.109253151e-05,7.44486e-06
1.8424,-3.064635621e-05,-3.06139686e-05,7.21445e-06
1.8432,-3.017298515e-05,-3.014158794e-05,6.99383e-06
1.844,-2.970578581e-05,-2.967532899e-05,6.78436e-06
1.8448,-2.924470454e-05,-2.921513149e-05,6.5875e-06
1.8456,-2.878968856e-05,-2.876093552e-05,6.40484e-06
1.8464,-2.8340686e-05,-2.831268144e-05,6.23811e-06
1.8472,-2.789764592e-05,-2.787030992e-05,6.08919e-06
1.848,-2.746051835e-05,-2.743376193e-05,5.96008e-06
1.8488,-2.702925433e-05,-2.700297874e-05,5.85297e-06
1.8496,-2.660380591e-05,-2.657790194e-05,5.7702e-06
1.8504,-2.618350393e-05,-2.615847341e-05,5.57563e-06
1.8512,-2.57687737e-05,-2.574463532e-05,5.37691e-06
1.852,-2.535958559e-05,-2.533633016e-05,5.18023e-06
1.8528,-2.495588337e-05,-2.493350072e-05,4.98581e-06
1.8536,-2.45576113e-05,-2.453609011e-05,4.79392e-06
1.8544,-2.416471422e-05,-2.41440417e-05,4.60487e-06
1.8552,-2.37771375e-05,-2.37572992e-05,4.41905e-06
1.856,-2.339482709e-05,-2.337580661e-05,4.23688e-06
1.8568,-2.301772953e-05,-2.299950823e-05,4.05885e-06
1.8576,-2.264579194e-05,-2.262834868e-05,3.88555e-06
1.8584,-2.22789621e-05,-2.226227285e-05,3.71759e-06
1.8592,-2.191718838e-05,-2.190122597e-05,3.55568e-06
1.86,-2.156041985e-05,-2.154515355e-05,3.40062e-06
1.8608,-2.12086062e-05,-2.119400141e-05,3.25327e-06
1.8616,-2.086169784e-05,-2.084771567e-05,3.11458e-06
1.8624,-2.051964585e-05,-2.050624275e-05,2.98559e-06
1.8632,-2.018240205e-05,-2.016952939e-05,2.86743e-06
1.864,-1.984991898e-05,-1.983752261e-05,2.76133e-06
1.8648,-1.952214993e-05,-1.951016974e-05,2.66863e-06
1.8656,-1.919904894e-05,-1.918741843e-05,2.59074e-06
1.8664,-1.888057086e-05,-1.886921662e-05,2.5292e-06
1.8672,-1.856667131e-05,-1.855551254e-05,2.48565e-06
1.868,-1.825730672e-05,-1.824625474e-05,2.46187e-06
1.8688,-1.795221701e-05,-1.794139207e-05,2.41129e-06
1.8696,-1.765117792e-05,-1.764087368e-05,2.2953e-06
1.8704,-1.735444055e-05,-1.734464902e-05,2.18109e-06
1.8712,-1.706195518e-05,-1.705266786e-05,2.06878e-06
1.872,-1.677367255e-05,-1.676488025e-05,1.95851e-06
1.8728,-1.648954381e-05,-1.648123655e-05,1.85047e-06
1.8736,-1.620952057e-05,-1.620168744e-05,1.74486e-06
1.8744,-1.593355488e-05,-1.592618388e-05,1.64192e-06
1.8752,-1.566159925e-05,-1.565467714e-05,1.54192e-06
1.876,-1.539360665e-05,-1.538711879e-05,1.44519e-06
1.8768,-1.51295305e-05,-1.512346072e-05,1.35206e-06
1.8776,-1.486932472e-05,-1.486365511e-05,1.26293e-06
1.8784,-1.461294369e-05,-1.460765443e-05,1.1782e-06
1.8792,-1.436034229e-05,-1.435541148e-05,1.09835e-06
1.88,-1.411147588e-05,-1.410687935e-05,1.02389e-06
1.8808,-1.386630033e-05,-1.386201143e-05,9.55367e-07
1.8816,-1.362477199e-05,-1.362076141e-05,8.93371e-07
1.8824,-1.338684775e-05,-1.338308329e-05,8.38546e-07
1.8832,-1.3152485e-05,-1.314893137e-05,7.91582e-07
1.884,-1.292164165e-05,-1.291826027e-05,7.53215e-07
1.8848,-1.269427616e-05,-1.269102487e-05,7.24235e-07
1.8856,-1.24703475e-05,-1.246718041e-05,7.0548e-07
1.8864,-1.22498152e-05,-1.224668238e-05,6.97846e-07
1.8872,-1.203263932e-05,-1.202956502e-05,6.84813e-07
1.888,-1.181860168e-05,-1.181598514e-05,5.82843e-07
1.8888,-1.160777351e-05,-1.16055703e-05,4.90772e-07
1.8896,-1.140014434e-05,-1.139828399e-05,4.14398e-07
1.8904,-1.119567302e-05,-1.119408998e-05,3.52626e-07
1.8912,-1.099431881e-05,-1.099295227e-05,3.04401e-07
1.892,-1.079604139e-05,-1.07948351e-05,2.68705e-07
1.8928,-1.060080088e-05,-1.059970299e-05,2.4456e-07
1.8936,-1.040855781e-05,-1.040752066e-05,2.31029e-07
1.8944,-1.021927314e-05,-1.021825311e-05,2.27216e-07
1.8952,-1.003290828e-05,-1.003186558e-05,2.32266e-07
1.896,-9.84942506e-06,-9.848323544e-06,2.45366e-07
1.8968,-9.668785755e-06,-9.66759274e-06,2.65748e-07
1.8976,-9.490953085e-06,-9.489639141e-06,2.92685e-07
1.8984,-9.315890213e-06,-9.314428971e-06,3.25497e-07
1.8992,-9.143560754e-06,-9.141928697e-06,3.63546e-07
1.9,-8.97392877e-06,-8.972105038e-06,4.06242e-07
1.9008,-8.806958782e-06,-8.804924956e-06,4.53042e-07
1.9016,-8.642615765e-06,-8.640355658e-06,5.03446e-07
1.9024,-8.480865157e-06,-8.478364602e-06,5.57007e-07
1.9032,-8.321672859e-06,-8.31891949e-06,6.13322e-07
1.904,-8.165005238e-06,-8.161988271e-06,6.7204e-07
1.9048,-8.010829132e-06,-8.00753914e-06,7.32857e-07
1.9056,-7.859111851e-06,-7.855540539e-06,7.95522e-07
1.9064,-7.709801037e-06,-7.705961157e-06,8.55346e-07
1.9072,-7.562825925e-06,-7.55876993e-06,9.03487e-07
1.908,-7.418200722e-06,-7.413936039e-06,9.49972e-07
1.9088,-7.275893468e-06,-7.271428913e-06,9.94495e-07
1.9096,-7.135872637e-06,-7.131218226e-06,1.03679e-06
1.9104,-6.998107136e-06,-6.993273901e-06,1.07662e-06
1.9112,-6.862566309e-06,-6.857566105e-06,1.11381e-06
1.912,-6.729219937e-06,-6.724065253e-06,1.14822e-06
1.9128,-6.59803824e-06,-6.592742007e-06,1.17975e-06
1.9136,-6.468991883e-06,-6.463567274e-06,1.20835e-06
1.9144,-6.342051969e-06,-6.33651221e-06,1.234e-06
1.9152,-6.21719005e-06,-6.211548214e-06,1.25674e-06
1.916,-6.094378126e-06,-6.088646936e-06,1.27664e-06
1.9168,-5.973588643e-06,-5.967780268e-06,1.29383e-06
1.9176,-5.854794499e-06,-5.848920352e-06,1.30849e-06
1.9184,-5.737969047e-06,-5.732039576e-06,1.32081e-06
1.9192,-5.623086092e-06,-5.617110572e-06,1.33107e-06
1.92,-5.510119897e-06,-5.504106223e-06,1.33957e-06
1.9208,-5.399045183e-06,-5.392999654e-06,1.34666e-06
1.9216,-5.289837132e-06,-5.28376424e-06,1.35276e-06
1.9224,-5.182471388e-06,-5.176373601e-06,1.3583e-06
1.9232,-5.076924059e-06,-5.070801604e-06,1.3638e-06
1.924,-4.973171718e-06,-4.967022362e-06,1.36979e-06
1.9248,-4.871191409e-06,-4.865010235e-06,1.37688e-06
1.9256,-4.770846213e-06,-4.76473983e-06,1.36022e-06
1.9264,-4.6721612e-06,-4.666186001e-06,1.331e-06
1.9272,-4.575151821e-06,-4.569323846e-06,1.2982e-06
1.928,-4.479794421e-06,-4.474128713e-06,1.26206e-06
1.9288,-4.3860657e-06,-4.380576194e-06,1.22281e-06
1.9296,-4.293942717e-06,-4.288642129e-06,1.18072e-06
1.9304,-4.203402888e-06,-4.198302604e-06,1.13611e-06
1.9312,-4.114423985e-06,-4.109533951e-06,1.08927e-06
1.932,-4.026984135e-06,-4.02231275e-06,1.04057e-06
1.9328,-3.94106182e-06,-3.936615827e-06,9.9036e-07
1.9336,-3.856635878e-06,-3.852420254e-06,9.39044e-07
1.9344,-3.7736855e-06,-3.76970335e-06,8.87037e-07
1.9352,-3.69219023e-06,-3.688442681e-06,8.34779e-07
1.936,-3.612129967e-06,-3.608616058e-06,7.82735e-07
1.9368,-3.533484961e-06,-3.530201542e-06,7.31393e-07
1.9376,-3.456235815e-06,-3.453177436e-06,6.81264e-07
1.9384,-3.380363482e-06,-3.377522293e-06,6.32884e-07
1.9392,-3.305849268e-06,-3.303214912e-06,5.86812e-07
1.94,-3.232674828e-06,-3.230234336e-06,5.43628e-07
1.9408,-3.160822168e-06,-3.158559859e-06,5.03937e-07
1.9416,-3.090273642e-06,-3.088171018e-06,4.68367e-07
1.9424,-3.021011956e-06,-3.019047599e-06,4.37567e-07
1.9432,-2.95302016e-06,-2.951169632e-06,4.12211e-07
1.944,-2.886256262e-06,-2.884517395e-06,3.87339e-07
1.9448,-2.820589074e-06,-2.819071413e-06,3.38064e-07
1.9456,-2.7561141e-06,-2.754812457e-06,2.89945e-07
1.9464,-2.692813261e-06,-2.691721545e-06,2.43183e-07
1.9472,-2.630668707e-06,-2.629779942e-06,1.97976e-07
1.948,-2.569662811e-06,-2.568969157e-06,1.54514e-07
1.9488,-2.50977817e-06,-2.509270948e-06,1.12985e-07
1.9496,-2.450997596e-06,-2.450667321e-06,7.357e-08
1.9504,-2.393304122e-06,-2.393140524e-06,3.6442e-08
1.9512,-2.336680991e-06,-2.336673055e-06,1.76775e-09
1.952,-2.281111657e-06,-2.281247659e-06,3.02947e-08
1.9528,-2.226579782e-06,-2.226847325e-06,5.95959e-08
1.9536,-2.173069232e-06,-2.17345529e-06,8.59957e-08
1.9544,-2.120564074e-06,-2.121055038e-06,1.09364e-07
1.9552,-2.069048573e-06,-2.069630299e-06,1.29581e-07
1.956,-2.018507192e-06,-2.019165049e-06,1.4654e-07
1.9568,-1.968924585e-06,-1.969643513e-06,1.60144e-07
1.9576,-1.920285596e-06,-1.921050159e-06,1.70309e-07
1.9584,-1.872575257e-06,-1.873369703e-06,1.76966e-07
1.9592,-1.825778783e-06,-1.826587111e-06,1.80058e-07
1.96,-1.77988157e-06,-1.780687589e-06,1.79544e-07
1.9608,-1.734869192e-06,-1.735656596e-06,1.75397e-07
1.9616,-1.6907274e-06,-1.691479833e-06,1.67607e-07
1.9624,-1.647442116e-06,-1.64814325e-06,1.5618e-07
1.9632,-1.60499446e-06,-1.605633042e-06,1.42246e-07
1.964,-1.563371346e-06,-1.563935653e-06,1.25701e-07
1.9648,-1.522561947e-06,-1.523037771e-06,1.05991e-07
1.9656,-1.482552713e-06,-1.482926332e-06,8.32249e-08
1.9664,-1.443330242e-06,-1.443588518e-06,5.75318e-08
1.9672,-1.404881284e-06,-1.405011757e-06,2.90634e-08
1.968,-1.367192733e-06,-1.367183726e-06,2.00631e-09
1.9688,-1.330251626e-06,-1.330092346e-06,3.54801e-08
1.9696,-1.294045139e-06,-1.293725786e-06,7.11369e-08
1.9704,-1.258560585e-06,-1.258072461e-06,1.08731e-07
1.9712,-1.223785409e-06,-1.223121032e-06,1.47992e-07
1.972,-1.189707188e-06,-1.188860408e-06,1.88623e-07
1.9728,-1.156313625e-06,-1.155279744e-06,2.303e-07
1.9736,-1.123592549e-06,-1.122368441e-06,2.72674e-07
1.9744,-1.091531908e-06,-1.090116147e-06,3.15366e-07
1.9752,-1.060119769e-06,-1.058512756e-06,3.57968e-07
1.976,-1.029344316e-06,-1.027548411e-06,4.00044e-07
1.9768,-9.991938421e-07,-9.972134976e-07,4.41128e-07
1.9776,-9.696567511e-07,-9.674986515e-07,4.80724e-07
1.9784,-9.407215527e-07,-9.383947534e-07,5.18302e-07
1.9792,-9.123768593e-07,-9.098929306e-07,5.53303e-07
1.98,-8.846113835e-07,-8.819845572e-07,5.85134e-07
1.9808,-8.574139348e-07,-8.546612538e-07,6.13169e-07
1.9816,-8.307772734e-07,-8.279148879e-07,6.37606e-07
1.9824,-8.047588049e-07,-8.01737573e-07,6.7299e-07
1.9832,-7.792887525e-07,-7.761216697e-07,7.05478e-07
1.984,-7.543574565e-07,-7.510597849e-07,7.34567e-07
1.9848,-7.29955394e-07,-7.265447723e-07,7.59727e-07
1.9856,-7.060731771e-07,-7.025934032e-07,7.75131e-07
1.9864,-6.82701551e-07,-6.791868703e-07,7.82907e-07
1.9872,-6.59831392e-07,-6.562813414e-07,7.90786e-07
1.988,-6.374537058e-07,-6.338684884e-07,7.98619e-07
1.9888,-6.155596251e-07,-6.119400735e-07,8.06267e-07
1.9896,-5.941404084e-07,-5.904879496e-07,8.13597e-07
1.9904,-5.731874373e-07,-5.695040594e-07,8.20485e-07
1.9912,-5.526922153e-07,-5.48980436e-07,8.26811e-07
1.992,-5.326463654e-07,-5.28909203e-07,8.32465e-07
1.9928,-5.130416282e-07,-5.092825738e-07,8.37342e-07
1.9936,-4.938698604e-07,-4.900928525e-07,8.41341e-07
1.9944,-4.751230325e-07,-4.713324332e-07,8.44369e-07
1.9952,-4.567932268e-07,-4.529938003e-07,8.46335e-07
1.996,-4.38872636e-07,-4.350695288e-07,8.47155e-07
1.9968,-4.213535608e-07,-4.175522827e-07,8.46747e-07
1.9976,-4.04228408e-07,-4.004348181e-07,8.45035e-07
1.9984,-3.874896891e-07,-3.837099801e-07,8.41943e-07
1.9992,-3.711300175e-07,-3.673707049e-07,8.37399e-07
2,-3.551421077e-07,-3.514100175e-07,8.31336e-07
2.0008,-3.395319699e-07,-3.358210348e-07,8.26623e-07
2.0016,-3.24296151e-07,-3.205969634e-07,8.24006e-07
2.0024,-3.09415924e-07,-3.057310995e-07,8.20807e-07
2.0032,-2.948848252e-07,-2.912168304e-07,8.17058e-07
2.004,-2.80696502e-07,-2.770476335e-07,8.12798e-07
2.0048,-2.668447116e-07,-2.63217076e-07,8.08068e-07
2.0056,-2.533233196e-07,-2.497188158e-07,8.02915e-07
2.0064,-2.401262985e-07,-2.365466013e-07,7.9739e-07
2.0072,-2.272477259e-07,-2.2369427e-07,7.91544e-07
2.008,-2.146817834e-07,-2.111557512e-07,7.85435e-07
2.0088,-2.024227548e-07,-1.989250633e-07,7.79122e-07
2.0096,-1.904650246e-07,-1.869963153e-07,7.72667e-07
2.0104,-1.788030768e-07,-1.75363707e-07,7.66131e-07
2.0112,-1.674314931e-07,-1.640215272e-07,7.59581e-07
2.012,-1.563449514e-07,-1.529641564e-07,7.53083e-07
2.0128,-1.455382245e-07,-1.421860647e-07,7.46705e-07
2.0136,-1.350061783e-07,-1.316818118e-07,7.40514e-07
2.0144,-1.247437707e-07,-1.214460488e-07,7.34579e-07
2.0152,-1.147460496e-07,-1.114735165e-07,7.28968e-07
2.016,-1.050081519e-07,-1.01759046e-07,7.23749e-07
2.0168,-9.552530161e-08,-9.229755875e-08,7.18991e-07
2.0176,-8.629280852e-08,-8.308406638e-08,7.14758e-07
2.0184,-7.730606668e-08,-7.41136704e-08,7.11117e-07
2.0192,-6.856055285e-08,-6.538156363e-08,7.0813e-07
2.02,-6.003953786e-08,-5.688302807e-08,7.03123e-07
2.0208,-5.174793877e-08,-4.861343612e-08,6.98221e-07
2.0216,-4.368196698e-08,-4.056825134e-08,6.93591e-07
2.0224,-3.583720259e-08,-3.27430266e-08,6.89238e-07
2.0232,-2.820929116e-08,-2.51334054e-08,6.85164e-07
2.024,-2.079394197e-08,-1.773512111e-08,6.81363e-07
2.0248,-1.358692636e-08,-1.054399803e-08,6.77822e-07
2.0256,-6.584076036e-09,-3.555950556e-09,6.74525e-07
2.0264,2.187186786e-10,3.233017232e-09,6.71445e-07
2.0272,6.825510493e-09,9.826810654e-09,6.6855e-07
2.028,1.324029687e-08,1.622924426e-08,6.65798e-07
2.0288,1.946702174e-08,2.244404325e-08,6.63141e-07
2.0296,2.550957715e-08,2.847484186e-08,6.60523e-07
2.0304,3.137180503e-08,3.432518465e-08,6.57875e-07
2.0312,3.705749885e-08,3.99971519e-08,6.54818e-07
2.032,4.257040532e-08,4.549609169e-08,6.51706e-07
2.0328,4.791422611e-08,5.082686751e-08,6.48801e-07
2.0336,5.309261954e-08,5.599287149e-08,6.46041e-07
2.0344,5.810920228e-08,6.099745331e-08,6.43368e-07
2.0352,6.296755104e-08,6.584391592e-08,6.4072e-07
2.036,6.767120428e-08,7.053551876e-08,6.38036e-07
2.0368,7.222366393e-08,7.507547615e-08,6.35251e-07
2.0376,7.662839703e-08,7.94669571e-08,6.32299e-07
2.0384,8.088363227e-08,8.371308695e-08,6.3027e-07
2.0392,8.498796132e-08,8.781694518e-08,6.30166e-07
2.04,8.895216259e-08,9.178156724e-08,6.30259e-07
2.0408,9.277935517e-08,9.560994343e-08,6.30523e-07
2.0416,9.647262129e-08,9.930501914e-08,6.30926e-07
2.0424,1.000350078e-07,1.028696955e-07,6.31436e-07
2.0432,1.034695276e-07,1.063068293e-07,6.32018e-07
2.044,1.067791613e-07,1.096192307e-07,6.32635e-07
2.0448,1.099668585e-07,1.128096669e-07,6.33245e-07
2.0456,1.130355394e-07,1.158808594e-07,6.33805e-07
2.0464,1.159880963e-07,1.188354856e-07,6.34265e-07
2.0472,1.188273949e-07,1.216761778e-07,6.34576e-07
2.048,1.21556276e-07,1.244055236e-07,6.34679e-07
2.0488,1.24177557e-07,1.270260652e-07,6.34515e-07
2.0496,1.266940333e-07,1.29540301e-07,6.34016e-07
2.0504,1.291084797e-07,1.319506843e-07,6.33111e-07
2.0512,1.314236519e-07,1.342596233e-07,6.31722e-07
2.052,1.336422884e-07,1.364694818e-07,6.29767e-07
2.0528,1.357671112e-07,1.385825787e-07,6.27155e-07
2.0536,1.378008282e-07,1.406011881e-07,6.2379e-07
2.0544,1.397461339e-07,1.425275395e-07,6.19567e-07
2.0552,1.416057113e-07,1.443638174e-07,6.14377e-07
2.056,1.433822334e-07,1.461121617e-07,6.08101e-07
2.0568,1.450783645e-07,1.477746675e-07,6.00611e-07
2.0576,1.466692687e-07,1.493533853e-07,5.97896e-07
2.0584,1.481739667e-07,1.508503203e-07,5.96167e-07
2.0592,1.495998318e-07,1.522674335e-07,5.94217e-07
2.06,1.509489652e-07,1.536066412e-07,5.92006e-07
2.0608,1.522234416e-07,1.548698139e-07,5.89488e-07
2.0616,1.534253106e-07,1.560587787e-07,5.86614e-07
2.0624,1.545565977e-07,1.571753172e-07,5.83329e-07
2.0632,1.556193049e-07,1.582211665e-07,5.79573e-07
2.064,1.566154121e-07,6.107000366e-06,0.00132547
2.0648,1.575468776e-07,9.481195364e-06,0.00207687
2.0656,1.584156397e-07,1.463926877e-06,0.000290807
2.0664,1.592236172e-07,-1.27823172e-05,0.00288277
2.0672,1.599727107e-07,-2.81521431e-05,0.00630662
2.068,1.606648033e-07,-3.959725122e-05,0.00885621
2.0688,1.613017617e-07,-4.212643609e-05,0.00941974
2.0696,1.618854374e-07,-3.080558641e-05,0.00689811
2.0704,1.624176674e-07,-7.576849931e-07,0.000204956
2.070796327,1.626628445e-07,2.255246963e-05,0.0049874
2.070796327,1.626628445e-07,2.255246963e-05,0.0049874
2.0712,8.001549419e-06,5.283719118e-05,0.00998729
2.072,6.571045107e-05,0.000134741871,0.015377
2.0728,0.0001709945159,0.0002496620892,0.0175235
2.0736,0.0003142107459,0.0004007193377,0.0192701
2.0744,0.0004870859122,0.0005791491636,0.0205074
2.0752,0.0006824756414,0.0007781650894,0.0213151
2.076,0.0008942989822,0.0009919209727,0.0217456
2.0768,0.001117247496,0.001215338248,0.02185
2.0776,0.001346795581,0.001444105927,0.0216762
2.0784,0.001579089474,0.00167533019,0.0214379
2.0792,0.001810885885,0.001904307114,0.0208099
2.08,0.002039474204,0.002129014818,0.0199455
2.0808,0.002262620004,0.002347770544,0.0189676
2.0816,0.002478492361,0.002559084347,0.0179521
2.0824,0.002685606352,0.002761659099,0.016941
2.0832,0.002882823873,0.002954390485,0.0159417
2.084,0.003069233696,0.003136367004,0.0149542
2.0848,0.003244210042,0.00330686997,0.0139577
2.0856,0.003407280441,0.003465373511,0.0129404
2.0864,0.003558206632,0.00361154457,0.0118812
2.0872,0.003696849869,0.003745242903,0.0107797
2.088,0.003823243847,0.003866521081,0.00964015
2.0888,0.003937491287,0.003975624491,0.0084943
2.0896,0.004039816147,0.004072991331,0.00738988
2.0904,0.004130483313,0.004159716274,0.00651174
2.0912,0.004209844773,0.004233425104,0.0052526
2.092,0.004278273556,0.004295632967,0.00386687
2.0928,0.00433619939,0.004347889586,0.00260403
2.0936,0.004384065404,0.00439146884,0.00164914
2.0944,0.004422343274,0.004427368766,0.00111945
2.0952,0.004451513416,0.004456311557,0.0010688
2.096,0.004472064651,0.004478743564,0.00148775
2.0968,0.004484487913,0.004494835295,0.00230491
2.0976,0.004489270411,0.004504481415,0.0033883
2.0984,0.0044868951,0.004507300745,0.00454543
2.0992,0.004477833381,0.004502636265,0.00552493
2.1,0.0044625486,0.004489555112,0.00601579
2.1008,0.004441487053,0.004466848578,0.00564936
2.1016,0.004415084727,0.004433032113,0.00399784
2.101866144,0.004405188997,0.004418445746,0.00295299
2.101866144,0.004405188997,0.004418445746,0.00295299
2.1024,0.004376507425,0.004377376562,0.000193603
2.1032,0.004304587305,0.004288519706,0.00357911
2.104,0.00420186694,0.004170954769,0.00688579
2.1048,0.004072598882,0.004028992165,0.00971354
2.1056,0.003921097623,0.00386666909,0.0121241
2.1064,0.003751287194,0.003687749519,0.0141532
2.1072,0.003566785658,0.003495724208,0.0158292
2.108,0.003370932788,0.003293810695,0.0171792
2.1088,0.003166778994,0.003084953298,0.0182269
2.1096,0.002957072471,0.002871823116,0.0189896
2.1104,0.002744351658,0.002656568283,0.019554
2.1112,0.002530875689,0.002441666785,0.0198716
2.112,0.002318662612,0.002229382223,0.0198875
2.1128,0.002109491736,0.002021122951,0.0196844
2.1136,0.00190491081,0.001818159642,0.0193241
2.1144,0.001706246755,0.001621625282,0.0188497
2.1152,0.001514629676,0.001432515178,0.0182913
2.116,0.001330989601,0.001251686952,0.0176649
2.1168,0.001156087232,0.001079860543,0.0169797
2.1176,0.0009905122194,0.0009176182078,0.0162374
2.1184,0.0008347047009,0.0007654045186,0.0154368
2.1192,0.0006889663963,0.000623526366,0.014577
2.12,0.0005534738817,0.0004921529571,0.0136594
2.1208,0.0004282925757,0.0003713158159,0.0126918
2.1216,0.0003133892087,0.0002609087834,0.0116902
2.1224,0.0002086453239,0.0001606880176,0.0106827
2.1232,0.0001138517876,7.014277396e-05,0.00973633
2.124,2.874541154e-05,-1.097365275e-05,0.00884755
2.1248,-4.699064988e-05,-8.257301586e-05,0.00792609
2.1256,-0.0001137466077,-0.0001452015989,0.0070067
2.1264,-0.0001719219505,-0.0001993952572,0.00611977
2.1272,-0.0002219603122,-0.0002456794176,0.00528351
2.128,-0.0002643404272,-0.000284569079,0.004506
2.1288,-0.0002995340713,-0.0003165688117,0.00379455
2.1296,-0.0003280441111,-0.000342172758,0.0031472
2.1304,-0.0003503690665,-0.0003618646316,0.00256068
2.1312,-0.00036699729,-0.0003761177181,0.00203161
2.132,-0.0003784379999,-0.0003853948749,0.00154967
2.1328,-0.0003851634005,-0.000390148531,0.00111045
2.1336,-0.00038764297,-0.0003908206872,0.000707847
2.1344,-0.0003863455148,-0.0003878429159,0.000333551
2.1352,-0.0003816976129,-0.0003816363612,1.3644e-05
2.136,-0.0003741249892,-0.0003726117392,0.000337081
2.1368,-0.0003640293608,-0.0003611693374,0.00063708
2.1376,-0.0003517784742,-0.0003476990152,0.000908713
2.1384,-0.0003377381356,-0.0003325802036,0.00114895
2.1392,-0.0003222314191,-0.0003161706121,0.00135007
2.14,-0.0003055626181,-0.0002988104371,0.00150407
2.1408,-0.000288020631,-0.0002807912769,0.00161036
2.1416,-0.0002698570528,-0.0002623208523,0.00167871
2.1424,-0.000251307975,-0.0002435924012,0.00171867
2.1432,-0.0002325868001,-0.0002247846784,0.00173795
2.144,-0.0002138770101,-0.0002060619556,0.00174083
2.1448,-0.000195351772,-0.0001875740214,0.00173252
2.1456,-0.0001771548462,-0.0001694561815,0.0017149
2.1464,-0.000159412258,-0.0001518292583,0.00168914
2.1472,-0.0001422378881,-0.0001347995912,0.00165691
2.148,-0.000125721802,-0.0001184590365,0.00161781
2.1488,-0.0001099394139,-0.0001028849674,0.0015714
2.1496,-9.495032921e-05,-8.814027416e-05,0.00151696
2.1504,-8.079901547e-05,-7.427336379e-05,0.00145361
2.1512,-6.75164751e-05,-6.131816031e-05,0.0013807
2.152,-5.512053501e-05,-4.929410463e-05,0.00129786
2.1528,-4.362260252e-05,-3.820615459e-05,0.00120653
2.1536,-3.303157826e-05,-2.804478496e-05,0.00111082
2.1544,-2.333615978e-05,-1.87859874e-05,0.00101357
2.1552,-1.452288706e-05,-1.036926213e-05,0.000925234
2.156,-6.570870513e-06,-2.762124646e-06,0.000848411
2.1568,5.467492603e-07,3.966743142e-06,0.000761815
2.1576,6.85762737e-06,9.870950491e-06,0.000671228
2.1584,1.239313721e-05,1.500261247e-05,0.000581269
2.1592,1.719319932e-05,1.941234996e-05,0.000494323
2.16,2.130092276e-05,2.314928966e-05,0.00041173
2.1608,2.475242884e-05,2.626106408e-05,0.000336054
2.1616,2.758714945e-05,2.879381154e-05,0.000268788
2.1624,2.985315858e-05,3.079217619e-05,0.000209169
2.1632,3.159725295e-05,3.229930798e-05,0.000156385
2.164,3.285817564e-05,3.335686267e-05,0.000111084
2.1648,3.367655045e-05,3.400500185e-05,7.31636e-05
2.1656,3.409941406e-05,3.428239291e-05,4.07592e-05
2.1664,3.416907983e-05,3.422620907e-05,1.27257e-05
2.1672,3.392180817e-05,3.387212935e-05,1.10661e-05
2.168,3.339354032e-05,3.325433859e-05,3.10077e-05
2.1688,3.262557465e-05,3.240552744e-05,4.90163e-05
2.1696,3.165199538e-05,3.135689238e-05,6.57352e-05
2.1704,3.050224853e-05,3.013813567e-05,8.11074e-05
2.1712,2.920421499e-05,2.877746543e-05,9.50599e-05
2.172,2.779201075e-05,2.730159555e-05,0.000109242
2.1728,2.629001003e-05,2.573574577e-05,0.000123464
2.1736,2.471958744e-05,2.410364161e-05,0.000137204
2.1744,2.310029363e-05,2.242751445e-05,0.000149864
2.1752,2.145801195e-05,2.072810144e-05,0.00016259
2.176,1.980799187e-05,1.902464556e-05,0.000174493
2.1768,1.816455486e-05,1.733489562e-05,0.000184809
2.1776,1.654024701e-05,1.567510622e-05,0.000192713
2.1784,1.495182605e-05,1.406003778e-05,0.000198649
2.1792,1.340759379e-05,1.250272028e-05,0.000201564
2.18,1.191604111e-05,1.101712264e-05,0.000200237
2.1808,1.048414459e-05,9.615084945e-06,0.000193586
2.1816,9.120727001e-06,8.295849497e-06,0.000183744
2.1824,7.829579743e-06,7.058521125e-06,0.000171756
2.1832,6.614548093e-06,5.902067159e-06,0.000158708
2.184,5.478370718e-06,4.825317437e-06,0.00014547
2.1848,4.422764086e-06,3.826964303e-06,0.000132716
2.1856,3.448506892e-06,2.905562606e-06,0.000120943
2.1864,2.555524469e-06,2.059529705e-06,0.000110484
2.1872,1.742414582e-06,1.287145463e-06,0.000101413
2.188,1.004452866e-06,5.8655225e-07,9.30888e-05
2.1888,3.405225692e-07,-4.424505704e-08,8.57083e-05
2.1896,-2.529147061e-07,-6.073790747e-07,7.89581e-05
2.1904,-7.799861082e-07,-1.105119913e-06,7.24246e-05
2.1912,-1.245335059e-06,-1.539875175e-06,6.56098e-05
2.192,-1.654048776e-06,-1.914189958e-06,5.79473e-05
2.1928,-2.009649137e-06,-2.230746852e-06,4.92503e-05
2.1936,-2.305173433e-06,-2.492365941e-06,4.16978e-05
2.1944,-2.551424144e-06,-2.702004802e-06,3.35423e-05
2.1952,-2.751648043e-06,-2.862758505e-06,2.47502e-05
2.196,-2.90872002e-06,-2.977859614e-06,1.54011e-05
2.1968,-3.025040086e-06,-3.050678187e-06,5.71097e-06
2.1976,-3.102430383e-06,-3.084721774e-06,3.94465e-06
2.1984,-3.142665235e-06,-3.08363542e-06,1.31491e-05
2.1992,-3.153591617e-06,-3.051201662e-06,2.28077e-05
2.2,-3.136966607e-06,-2.991340531e-06,3.24387e-05
2.2008,-3.096324629e-06,-2.908109551e-06,4.19255e-05
2.2016,-3.035258571e-06,-2.805703741e-06,5.11341e-05
2.2024,-2.957419787e-06,-2.688455612e-06,5.99127e-05
2.2032,-2.866518097e-06,-2.560835168e-06,6.80919e-05
2.204,-2.756223901e-06,-2.420621399e-06,7.47566e-05
2.2048,-2.631993318e-06,-2.27845949e-06,7.87508e-05
2.2056,-2.49784522e-06,-2.13594914e-06,8.06136e-05
2.2064,-2.356020668e-06,-1.993728483e-06,8.07018e-05
2.2072,-2.208681059e-06,-1.852402926e-06,7.93621e-05
2.208,-2.057908127e-06,-1.712545149e-06,7.69308e-05
2.2088,-1.904852686e-06,-1.574695108e-06,7.35437e-05
2.2096,-1.750677889e-06,-1.439360031e-06,6.93471e-05
2.2104,-1.597625964e-06,-1.30701442e-06,6.47347e-05
2.2112,-1.447195712e-06,-1.178100052e-06,5.9942e-05
2.212,-1.300783593e-06,-1.053025977e-06,5.51888e-05
2.2128,-1.159683729e-06,-9.321685193e-07,5.06798e-05
2.2136,-1.024675947e-06,-8.158712756e-07,4.65119e-05
2.2144,-8.945232203e-07,-7.044451186e-07,4.23405e-05
2.2152,-7.712625972e-07,-5.981681939e-07,3.85574e-05
2.216,-6.553908946e-07,-4.972859204e-07,3.52184e-05
2.2168,-5.472678252e-07,-4.020109918e-07,3.23564e-05
2.2176,-4.47115997e-07,-3.125233748e-07,2.9981e-05
2.2184,-3.550209134e-07,-2.289703106e-07,2.80782e-05
2.2192,-2.710715512e-07,-1.514663143e-07,2.66425e-05
2.22,-1.950487945e-07,-8.009317423e-08,2.56067e-05
2.2208,-1.26631418e-07,-1.489995292e-08,2.48886e-05
2.2216,-6.538074727e-08,4.409701333e-08,2.43865e-05
2.2224,-1.07230511e-08,9.691411407e-08,2.39765e-05
2.2232,3.805045881e-08,1.436004654e-07,2.35116e-05
2.224,7.984317391e-08,1.84237909e-07,2.32543e-05
2.2248,1.142628074e-07,2.189410138e-07,2.33174e-05
2.2256,1.431561392e-07,2.478570737e-07,2.33225e-05
2.2264,1.672059883e-07,2.711661091e-07,2.31575e-05
2.2272,1.871810736e-07,2.890808672e-07,2.26985e-05
2.228,2.03936014e-07,3.018468202e-07,2.181e-05
2.2288,2.173006968e-07,3.097421676e-07,2.05916e-05
2.2296,2.234970284e-07,3.130778341e-07,1.99544e-05
2.2304,2.258243447e-07,3.121974713e-07,1.92399e-05
2.2312,2.246285836e-07,3.074774563e-07,1.84549e-05
2.232,2.202654716e-07,2.99326893e-07,1.76112e-05
2.2328,2.131005237e-07,2.881876108e-07,1.67259e-05
2.2336,2.035090437e-07,2.745341659e-07,1.58211e-05
2.2344,1.918761237e-07,2.588738401e-07,1.4924e-05
2.2352,1.785966445e-07,2.417466415e-07,1.40669e-05
2.236,1.640752755e-07,2.237253042e-07,1.32872e-05
2.2368,1.487264746e-07,2.054152892e-07,1.26276e-05
2.2376,1.326668464e-07,1.874547829e-07,1.22042e-05
2.2384,1.162667447e-07,1.71677522e-07,1.23429e-05
2.2392,9.995019557e-08,1.571392502e-07,1.27391e-05
2.24,8.407145336e-08,1.432654411e-07,1.31857e-05
2.2408,6.898477262e-08,1.300438148e-07,1.36011e-05
2.2416,5.504440784e-08,1.174619914e-07,1.39037e-05
2.2424,4.260461352e-08,1.055074916e-07,1.40118e-05
2.2432,3.201964415e-08,9.416773619e-08,1.38437e-05
2.244,2.364375423e-08,8.343004687e-08,1.33176e-05
2.2448,1.783119826e-08,7.328164529e-08,1.23518e-05
2.2456,1.229670932e-08,6.370965373e-08,1.14524e-05
2.2464,1.808966274e-09,5.470109503e-08,1.17819e-05
2.2472,-7.883770491e-09,4.6242892e-08,1.20569e-05
2.248,-1.666813498e-08,3.832186852e-08,1.22492e-05
2.2488,-2.443076119e-08,3.09247481e-08,1.23306e-05
2.2496,-3.105828313e-08,2.403815564e-08,1.22729e-05
2.2504,-3.64373348e-08,1.764861537e-08,1.20478e-05
2.2512,-4.04545502e-08,1.174255271e-08,1.16271e-05
2.252,-4.299656334e-08,6.306293088e-09,1.09824e-05
2.2528,-4.395000821e-08,1.326062815e-09,1.00854e-05
2.2536,-4.320151882e-08,-3.212011634e-09,8.9078e-06
2.2544,-4.458135531e-08,-7.321903439e-09,8.29967e-06
2.2552,-4.608741457e-08,-1.101768596e-08,7.8119e-06
2.256,-4.69891086e-08,-1.431353081e-08,7.27859e-06
2.2568,-4.72900674e-08,-1.72237101e-08,6.69738e-06
2.2576,-4.699392095e-08,-1.976259512e-08,6.06587e-06
2.2584,-4.610429925e-08,-2.194465729e-08,5.38164e-06
2.2592,-4.462483229e-08,-2.37844672e-08,4.64226e-06
2.26,-4.255915006e-08,-2.529669487e-08,3.84527e-06
2.2608,-3.991088256e-08,-2.649611019e-08,2.98819e-06
2.2616,-3.668365978e-08,-2.739758251e-08,2.0685e-06
2.2624,-3.336384012e-08,-2.801608101e-08,1.19123e-06
2.2632,-3.059636334e-08,-2.836667399e-08,4.96671e-07
2.264,-2.767468996e-08,-2.846452976e-08,1.75939e-07
2.2648,-2.463745346e-08,-2.83249161e-08,8.21395e-07
2.2656,-2.15232873e-08,-2.796320029e-08,1.43451e-06
2.2664,-1.837082497e-08,-2.739484906e-08,2.01013e-06
2.2672,-1.521869994e-08,-2.663542897e-08,2.54311e-06
2.268,-1.210554569e-08,-2.570060609e-08,3.02835e-06
2.2688,-9.069995695e-09,-2.46061461e-08,3.46073e-06
2.2696,-6.150683431e-09,-2.336791436e-08,3.8352e-06
2.2704,-3.386242376e-09,-2.200187552e-08,4.14669e-06
2.2712,-4.817311118e-11,-2.052409389e-08,4.56108e-06
2.272,3.372183113e-09,-1.895073343e-08,4.9725e-06
2.2728,6.778285228e-09,-1.729805792e-08,5.36309e-06
2.2736,1.015225509e-08,-1.558243046e-08,5.73249e-06
2.2744,1.347621456e-08,-1.38203136e-08,6.08039e-06
2.2752,1.67322855e-08,-1.202826976e-08,6.40651e-06
2.276,1.990258976e-08,-1.022296097e-08,6.71057e-06
2.2768,2.29692492e-08,-8.421148401e-09,6.99232e-06
2.2776,2.591438568e-08,-6.639693417e-09,7.25153e-06
2.2784,2.872012106e-08,-4.895556316e-09,7.488e-06
2.2792,3.13685772e-08,-3.205797761e-09,7.70156e-06
2.28,3.384187596e-08,-1.587577181e-09,7.89203e-06
2.2808,3.612213919e-08,-5.815401494e-11,8.05928e-06
2.2816,3.819148876e-08,1.365112468e-09,8.2032e-06
2.2824,4.003204651e-08,2.664763876e-09,8.32369e-06
2.2832,4.162593432e-08,3.823242167e-09,8.42068e-06
2.284,4.295527404e-08,4.822889821e-09,8.49412e-06
2.2848,4.400218752e-08,5.64594913e-09,8.54398e-06
2.2856,4.474879663e-08,6.274563269e-09,8.57026e-06
2.2864,4.517722323e-08,6.399437957e-09,8.63788e-06
2.2872,4.526958917e-08,6.124479057e-09,8.7197e-06
2.288,4.639114466e-08,5.852527529e-09,9.03011e-06
2.2888,4.740986035e-08,5.583807727e-09,9.31689e-06
2.2896,4.827431182e-08,5.318535656e-09,9.56854e-06
2.2904,4.897875252e-08,5.056920749e-09,9.78373e-06
2.2912,4.951743591e-08,4.799163733e-09,9.96114e-06
2.292,4.988461548e-08,4.545458587e-09,1.00994e-05
2.2928,5.007454466e-08,4.295991829e-09,1.01973e-05
2.2936,5.008147694e-08,4.050941982e-09,1.02535e-05
2.2944,4.989966577e-08,3.810479932e-09,1.02665e-05
2.2952,4.952336462e-08,3.574769636e-09,1.02352e-05
2.296,4.894682694e-08,3.343967236e-09,1.01582e-05
2.2968,4.816430621e-08,3.118221237e-09,1.00342e-05
2.2976,4.717005589e-08,2.897672324e-09,9.86182e-06
2.2984,4.595832944e-08,2.682454259e-09,9.63985e-06
2.2992,4.452338033e-08,2.472692628e-09,9.36693e-06
2.3,4.285946202e-08,2.268506094e-09,9.04177e-06
2.3008,4.096082796e-08,2.070005323e-09,8.66306e-06
2.3016,3.882173164e-08,1.877293698e-09,8.2295e-06
2.3024,3.64364265e-08,1.690466966e-09,7.73978e-06
2.3032,3.379916602e-08,1.509613234e-09,7.19261e-06
2.304,3.095994589e-08,1.334812971e-09,6.5991e-06
2.3048,2.944553773e-08,1.16613954e-09,6.29933e-06
2.3056,2.789132719e-08,1.003658845e-09,5.98932e-06
2.3064,2.630201104e-08,8.474282609e-10,5.67009e-06
2.3072,2.468228606e-08,6.974984146e-10,5.34269e-06
2.308,2.3036849e-08,5.539124714e-10,5.00815e-06
2.3088,2.137039663e-08,4.167054257e-10,4.6675e-06
2.3096,1.968762573e-08,2.859055215e-10,4.3218e-06
2.3104,1.799323304e-08,1.615330092e-10,3.97207e-06
2.3112,1.629191535e-08,4.360032335e-11,3.61937e-06
2.312,1.458836941e-08,-6.788702933e-11,3.26473e-06
2.3128,1.2887292e-08,-1.729313581e-10,2.90921e-06
2.3136,1.119337987e-08,-2.715426106e-10,2.55385e-06
2.3144,9.511329791e-09,-3.637381951e-10,2.1997e-06
2.3152,7.845838534e-09,-4.495426253e-10,1.84782e-06
2.316,6.201602862e-09,-5.289894744e-10,1.49926e-06
2.3168,4.583319541e-09,-6.021178223e-10,1.15507e-06
2.3176,2.995685337e-09,-6.689756304e-10,8.16315e-07
2.3184,1.443397015e-09,-7.29617966e-10,4.84046e-07
2.3192,-6.884865866e-11,-7.841075345e-10,1.59326e-07
2.32,-1.536354918e-09,-8.325143241e-10,1.56783e-07
2.3208,-2.955602089e-09,-8.749166724e-10,4.6348e-07
2.3216,-4.331378913e-09,-9.113991339e-10,7.61812e-07
2.3224,-5.649967484e-09,-9.420549674e-10,1.0487e-06
2.3232,-6.906745524e-09,-9.669843593e-10,1.3231e-06
2.324,-8.097090756e-09,-9.862956674e-10,1.58395e-06
2.3248,-9.216380902e-09,-1.000103822e-09,1.8302e-06
2.3256,-1.025999368e-08,-1.008532102e-09,2.06079e-06
2.3264,-1.122330683e-08,-1.011711248e-09,2.27467e-06
2.3272,-1.210169805e-08,-1.009778927e-09,2.47076e-06
2.328,-1.289054508e-08,-1.002880801e-09,2.64802e-06
2.3288,-1.358522563e-08,-9.911705234e-10,2.80537e-06
2.3296,-1.418111743e-08,-9.748085006e-10,2.94175e-06
2.3304,-1.46735982e-08,-9.539631307e-10,3.05609e-06
2.3312,-1.505804567e-08,-9.288100955e-10,3.14733e-06
2.332,-1.532983755e-08,-8.99532715e-10,3.2144e-06
2.3328,-1.548435158e-08,-8.663219475e-10,3.25621e-06
2.3336,-1.551696546e-08,-8.293763898e-10,3.27171e-06
2.3344,-1.542305692e-08,-7.889017439e-10,3.25981e-06
2.3352,-1.51980037e-08,-7.451118833e-10,3.21943e-06
2.336,-1.48371835e-08,-6.982276091e-10,3.1495e-06
2.3368,-1.433597405e-08,-6.484775383e-10,3.04894e-06
2.3376,-1.381827118e-08,-5.960979266e-10,2.94528e-06
2.3384,-1.380443766e-08,-5.413326676e-10,2.9544e-06
2.3392,-1.374407956e-08,-4.844324053e-10,2.95363e-06
2.34,-1.363744768e-08,-4.256564878e-10,2.94297e-06
2.3408,-1.348479285e-08,-3.652710134e-10,2.92242e-06
2.3416,-1.328636588e-08,-3.035502516e-10,2.89197e-06
2.3424,-1.30424176e-08,-2.407748667e-10,2.85161e-06
2.3432,-1.275319881e-08,-1.772344049e-10,2.80134e-06
2.344,-1.241896035e-08,-1.132251626e-10,2.74114e-06
2.3448,-1.203995302e-08,-4.905107431e-11,2.67101e-06
2.3456,-1.161642765e-08,1.497575397e-11,2.59093e-06
2.3464,-1.114863505e-08,7.853699913e-11,2.50089e-06
2.3472,-1.063682605e-08,1.413052786e-10,2.40086e-06
2.348,-1.008125146e-08,2.029469925e-10,2.29084e-06
2.3488,-9.482162107e-09,2.631196594e-10,2.17079e-06
2.3496,-8.839808799e-09,3.214744027e-10,2.04071e-06
2.3504,-8.154442359e-09,3.776545299e-10,1.90055e-06
2.3512,-7.426313605e-09,4.312957103e-10,1.75031e-06
2.352,-6.655673357e-09,4.820254418e-10,1.58995e-06
2.3528,-5.842772433e-09,5.294646499e-10,1.41944e-06
2.3536,-4.987861652e-09,5.732262665e-10,1.23875e-06
2.3544,-4.11414949e-09,6.12915585e-10,1.05297e-06
2.3552,-3.278318165e-09,6.481307935e-10,8.7463e-07
2.356,-2.418593248e-09,6.784620865e-10,6.89879e-07
2.3568,-1.536528722e-09,7.034923755e-10,4.98972e-07
2.3576,-6.337178923e-10,7.227967558e-10,3.02168e-07
2.3584,2.882066178e-10,7.359426846e-10,9.97347e-08
2.3592,1.227572865e-09,7.424908688e-10,1.08054e-07
2.36,2.182669587e-09,7.419938441e-10,3.20915e-07
2.3608,3.1517462e-09,7.339966857e-10,5.38562e-07
2.3616,4.133012803e-09,7.1803683e-10,7.60697e-07
2.3624,5.124640173e-09,6.936442531e-10,9.87019e-07
2.3632,6.12475977e-09,6.60341648e-10,1.21722e-06
2.364,7.131463732e-09,6.113211271e-10,1.45238e-06
2.3648,8.142804878e-09,5.599025243e-10,1.68912e-06
2.3656,9.156796707e-09,5.105118106e-10,1.92599e-06
2.3664,1.01714134e-08,4.631063533e-10,2.16256e-06
2.3672,1.118458982e-08,4.176447632e-10,2.39837e-06
2.368,1.21942215e-08,3.740856513e-10,2.63297e-06
2.3688,1.319816467e-08,3.323876285e-10,2.86589e-06
2.3696,1.419423623e-08,2.925105491e-10,3.09666e-06
2.3704,1.518021375e-08,2.544137345e-10,3.32477e-06
2.3712,1.615383551e-08,2.180577496e-10,3.54975e-06
2.372,1.711280044e-08,1.834028041e-10,3.77108e-06
2.3728,1.805476816e-08,1.504096403e-10,3.98826e-06
2.3736,1.897735899e-08,1.190398891e-10,4.20075e-06
2.3744,1.987815389e-08,8.925482575e-11,4.40804e-06
2.3752,2.075469455e-08,6.101696925e-11,4.60959e-06
2.376,2.16044833e-08,3.428812789e-11,4.80483e-06
2.3768,2.242498316e-08,9.031708714e-12,4.99323e-06
2.3776,2.321361784e-08,-1.478941414e-11,5.17421e-06
2.3784,2.396777173e-08,-3.721183361e-11,5.34719e-06
2.3792,2.468478989e-08,-5.827125449e-11,5.5116e-06
2.38,2.536197807e-08,-7.800338153e-11,5.66684e-06
2.3808,2.59966027e-08,-9.644391952e-11,5.81231e-06
2.3816,2.658589087e-08,-1.136275074e-10,5.94741e-06
2.3824,2.712703038e-08,-1.295887841e-10,6.0715e-06
2.3832,2.76171697e-08,-1.443618558e-10,6.18397e-06
2.384,2.805341797e-08,-1.579804731e-10,6.28418e-06
2.3848,2.843284503e-08,-1.704780317e-10,6.37149e-06
2.3856,2.875248137e-08,-1.818876605e-10,6.44523e-06
2.3864,2.90093182e-08,-1.922418669e-10,6.50475e-06
2.3872,2.920030737e-08,-2.015729805e-10,6.54937e-06
2.388,2.948453491e-08,-2.099127983e-10,6.61454e-06
2.3888,2.997844787e-08,-2.172928504e-10,6.7262e-06
2.3896,3.044088163e-08,-2.237442231e-10,6.83065e-06
2.3904,3.087066192e-08,-2.292978252e-10,6.92762e-06
2.3912,3.126661441e-08,-2.339836769e-10,7.01686e-06
2.392,3.162756484e-08,-2.378320652e-10,7.09812e-06
2.3928,3.195233889e-08,-2.408726552e-10,7.17115e-06
2.3936,3.223976227e-08,-2.431343127e-10,7.23567e-06
2.3944,3.248866069e-08,-2.446458147e-10,7.29145e-06
2.3952,3.269785985e-08,-2.454362047e-10,7.33823e-06
2.396,3.286618545e-08,-2.455328385e-10,7.37575e-06
2.3968,3.299246321e-08,-2.449637826e-10,7.40375e-06
2.3976,3.307551883e-08,-2.437563928e-10,7.42198e-06
2.3984,3.311417801e-08,-2.419373146e-10,7.43019e-06
2.3992,3.310726645e-08,-2.395334597e-10,7.42811e-06
2.4,3.305360986e-08,-2.365705853e-10,7.4155e-06
2.4008,3.295203395e-08,-2.330747151e-10,7.39209e-06
2.4016,3.280136442e-08,-2.290712509e-10,7.35764e-06
2.4024,3.260042698e-08,-2.245850617e-10,7.31188e-06
2.4032,3.234804732e-08,-2.196411053e-10,7.25456e-06
2.404,3.204305116e-08,-2.142633626e-10,7.18542e-06
2.4048,3.16842642e-08,-2.084756368e-10,7.10421e-06
2.4056,3.127051215e-08,-2.023017309e-10,7.01067e-06
2.4064,3.08006207e-08,-1.957646489e-10,6.90455e-06
2.4072,3.027341557e-08,-1.888868617e-10,6.78558e-06
2.408,2.968772245e-08,-1.816911066e-10,6.65351e-06
2.4088,2.904236706e-08,-1.74199144e-10,6.50809e-06
2.4096,2.83361751e-08,-1.664326454e-10,6.34905e-06
2.4104,2.756797227e-08,-1.584127496e-10,6.17615e-06
2.4112,2.673658429e-08,-1.501603286e-10,5.98911e-06
2.412,2.584083684e-08,-1.416959883e-10,5.7877e-06
2.4128,2.487955564e-08,-1.330395349e-10,5.57164e-06
2.4136,2.385156639e-08,-1.242106862e-10,5.34068e-06
2.4144,2.27556948e-08,-1.152288931e-10,5.09457e-06
2.4152,2.159076658e-08,-1.061129851e-10,4.83305e-06
2.416,2.035560742e-08,-9.688170266e-11,4.55586e-06
2.4168,1.904904303e-08,-8.755298708e-11,4.26274e-06
2.4176,1.766989912e-08,-7.814477954e-11,3.95344e-06
2.4184,1.621700139e-08,-6.867404423e-11,3.62769e-06
2.4192,1.468917554e-08,-5.915845591e-11,3.28524e-06
2.42,1.308524729e-08,-4.961435707e-11,2.92583e-06
2.4208,1.140404233e-08,-4.0058179e-11,2.54921e-06
2.4216,1.025221003e-08,-3.050546482e-11,2.29051e-06
2.4224,9.615707342e-09,-2.09719353e-11,2.1466e-06
2.4232,8.981529892e-09,-1.147260065e-11,2.00322e-06
2.424,8.350419096e-09,-2.022115808e-12,1.86053e-06
2.4248,7.72311637e-09,7.364775456e-12,1.71871e-06
2.4256,7.100363126e-09,1.66743952e-11,1.57792e-06
2.4264,6.482900778e-09,2.589306547e-11,1.43832e-06
2.4272,5.871470741e-09,3.500764123e-11,1.30009e-06
2.428,5.266814427e-09,4.400515508e-11,1.1634e-06
2.4288,4.66967325e-09,5.287317251e-11,1.02841e-06
2.4296,4.080788625e-09,6.159996957e-11,8.95288e-07
2.4304,3.500901965e-09,7.01732894e-11,7.64206e-07
2.4312,2.930754684e-09,7.858229623e-11,6.35331e-07
2.432,2.371088196e-09,8.681553254e-11,5.08829e-07
2.4328,1.822643913e-09,9.486296193e-11,3.84869e-07
2.4336,1.286163251e-09,1.027141039e-10,2.63617e-07
2.4344,7.623876226e-10,1.103595437e-10,1.45241e-07
2.4352,2.520584418e-10,1.177895115e-10,2.99089e-08
2.436,-2.440828777e-10,1.249951254e-10,8.22134e-08
2.4368,-7.252949221e-10,1.319674148e-10,1.90958e-07
2.4376,-1.190836278e-09,1.386985637e-10,2.96158e-07
2.4384,-1.639965531e-09,1.451806675e-10,3.97647e-07
2.4392,-2.071941267e-09,1.514059988e-10,4.95258e-07
2.44,-2.486022074e-09,1.573674524e-10,5.88824e-07
2.4408,-2.881466536e-09,1.630583668e-10,6.78178e-07
2.4416,-3.257533241e-09,1.684723472e-10,7.63154e-07
2.4424,-3.613480775e-09,1.736036204e-10,8.43586e-07
2.4432,-3.948567723e-09,1.784460579e-10,9.19306e-07
2.444,-4.262052673e-09,1.829949525e-10,9.90149e-07
2.4448,-4.55319421e-09,1.872452415e-10,1.05595e-06
2.4456,-4.82125092e-09,1.911924841e-10,1.11654e-06
2.4464,-5.06548139e-09,1.948325945e-10,1.17175e-06
2.4472,-5.285144207e-09,1.981621978e-10,1.22142e-06
2.448,-5.479497956e-09,2.01177297e-10,1.26539e-06
2.4488,-5.647801223e-09,2.038755831e-10,1.30348e-06
2.4496,-5.789312595e-09,2.062542137e-10,1.33553e-06
2.4504,-5.903290658e-09,2.083109685e-10,1.36138e-06
2.4512,-5.988993999e-09,2.100443375e-10,1.38086e-06
2.452,-6.045681203e-09,2.114528996e-10,1.3938e-06
2.4528,-6.072610856e-09,2.125350562e-10,1.40004e-06
2.4536,-6.069041546e-09,2.132908961e-10,1.39941e-06
2.4544,-6.034231858e-09,2.13719531e-10,1.39175e-06
2.4552,-6.168401599e-09,2.138215827e-10,1.42166e-06
2.456,-6.384418063e-09,2.1359714e-10,1.46973e-06
2.4568,-6.588637424e-09,2.130473575e-10,1.5151e-06
2.4576,-6.780815991e-09,2.121733012e-10,1.55771e-06
2.4584,-6.960710079e-09,2.109767472e-10,1.59752e-06
2.4592,-7.128075998e-09,2.094595608e-10,1.63446e-06
2.46,-7.28267006e-09,2.076243177e-10,1.66849e-06
2.4608,-7.424248579e-09,2.054737713e-10,1.69955e-06
2.4616,-7.552567865e-09,2.030109414e-10,1.72758e-06
2.4624,-7.66738423e-09,2.002393806e-10,1.75254e-06
2.4632,-7.768453987e-09,1.971630859e-10,1.77437e-06
2.464,-7.855533448e-09,1.93786498e-10,1.79301e-06
2.4648,-7.928378925e-09,1.901138802e-10,1.80842e-06
2.4656,-7.986746729e-09,1.861508281e-10,1.82054e-06
2.4664,-8.030393173e-09,1.819022266e-10,1.82932e-06
2.4672,-8.059074569e-09,1.773744707e-10,1.8347e-06
2.468,-8.072547228e-09,1.725732446e-10,1.83663e-06
2.4688,-8.070567463e-09,1.675056538e-10,1.83506e-06
2.4696,-8.052891586e-09,1.62178182e-10,1.82993e-06
2.4704,-8.019275909e-09,1.565982899e-10,1.8212e-06
2.4712,-7.969476744e-09,1.507739711e-10,1.80881e-06
2.472,-7.903250402e-09,1.447128639e-10,1.79271e-06
2.4728,-7.820353196e-09,1.384240278e-10,1.77284e-06
2.4736,-7.720541438e-09,1.319159892e-10,1.74916e-06
2.4744,-7.60357144e-09,1.251979853e-10,1.72161e-06
2.4752,-7.469199513e-09,1.182796971e-10,1.69014e-06
2.476,-7.317181971e-09,1.111711612e-10,1.65469e-06
2.4768,-7.147275124e-09,1.038829467e-10,1.61522e-06
2.4776,-6.959235285e-09,9.642553422e-11,1.57167e-06
2.4784,-6.752818766e-09,8.881011482e-11,1.524e-06
2.4792,-6.527781879e-09,8.104832361e-11,1.47214e-06
2.48,-6.283880936e-09,7.3152151e-11,1.41605e-06
2.4808,-6.020872249e-09,6.513376505e-11,1.35568e-06
2.4816,-5.73851213e-09,5.700577788e-11,1.29097e-06
2.4824,-5.436556891e-09,4.878142335e-11,1.22188e-06
2.4832,-5.114762844e-09,4.047402413e-11,1.14835e-06
2.484,-4.7728863e-09,3.209770227e-11,1.07033e-06
2.4848,-4.410683573e-09,2.36660469e-11,9.87766e-07
2.4856,-4.027910974e-09,1.519406823e-11,9.00615e-07
2.4864,-3.624324814e-09,6.696598831e-12,8.08822e-07
2.4872,-3.199681407e-09,-1.810640526e-12,7.12336e-07
2.488,-2.753737064e-09,-1.0312462e-11,6.11107e-07
2.4888,-2.529705753e-09,-1.879261191e-11,5.59314e-07
2.4896,-2.357738539e-09,-2.723439252e-11,5.19128e-07
2.4904,-2.185391143e-09,-3.56212837e-11,4.78868e-07
2.4912,-2.012915625e-09,-4.393561071e-11,4.38597e-07
2.492,-1.840564048e-09,-5.216014287e-11,3.98373e-07
2.4928,-1.668588472e-09,-6.027685018e-11,3.58257e-07
2.4936,-1.497240959e-09,-6.826699206e-11,3.18309e-07
2.4944,-1.32677357e-09,-7.611191677e-11,2.78589e-07
2.4952,-1.157438367e-09,-8.379261729e-11,2.39158e-07
2.496,-9.894874123e-10,-9.128964251e-11,2.00077e-07
2.4968,-8.231727662e-10,-9.858283079e-11,1.61405e-07
2.4976,-6.587464906e-10,-1.056521093e-10,1.23204e-07
2.4984,-4.964606469e-10,-1.124766058e-10,8.55337e-08
2.4992,-3.365672966e-10,-1.190352705e-10,4.8456e-08
2.5,-1.793185013e-10,-1.25306876e-10,1.20313e-08
2.5008,-2.496632238e-11,-1.312693065e-10,2.36793e-08
2.5016,1.262371786e-10,-1.36900713e-10,5.86148e-08
2.5024,2.740399402e-10,-1.421781803e-10,9.2714e-08
2.5032,4.181899009e-10,-1.470791489e-10,1.25916e-07
2.504,5.584349993e-10,-1.515799042e-10,1.58158e-07
2.5048,6.945231738e-10,-1.556568208e-10,1.8938e-07
2.5056,8.262023629e-10,-1.592859178e-10,2.19521e-07
2.5064,9.532205052e-10,-1.624425927e-10,2.48518e-07
2.5072,1.075325539e-09,-1.651020654e-10,2.76309e-07
2.508,1.192265403e-09,-1.672392003e-10,3.02834e-07
2.5088,1.303788036e-09,-1.688277074e-10,3.2803e-07
2.5096,1.409641376e-09,-1.698426288e-10,3.51835e-07
2.5104,1.509573362e-09,-1.702567864e-10,3.74188e-07
2.5112,1.603331932e-09,-1.700438013e-10,3.95025e-07
2.512,1.690665025e-09,-1.691762286e-10,4.14286e-07
2.5128,1.771320579e-09,-1.676268013e-10,4.31907e-07
2.5136,1.845046532e-09,-1.653674531e-10,4.47826e-07
2.5144,1.911590824e-09,-1.623700285e-10,4.61982e-07
2.5152,1.970701393e-09,-1.583391196e-10,4.74251e-07
2.516,2.022126177e-09,-1.525656934e-10,4.8442e-07
2.5168,2.065613115e-09,-1.46896717e-10,4.92844e-07
2.5176,2.100910145e-09,-1.413307693e-10,4.99467e-07
2.5184,2.127765206e-09,-1.358668733e-10,5.04232e-07
2.5192,2.145926237e-09,-1.305041408e-10,5.07082e-07
2.52,2.155141175e-09,-1.252417725e-10,5.07963e-07
2.5208,2.15515796e-09,-1.200782584e-10,5.06816e-07
2.5216,2.145724529e-09,-1.150131546e-10,5.03587e-07
2.5224,2.246881954e-09,-1.100453062e-10,5.25013e-07
2.5232,2.35198094e-09,-1.051738252e-10,5.47339e-07
2.524,2.455972506e-09,-1.003974681e-10,5.6944e-07
2.5248,2.558812249e-09,-9.57155244e-11,5.91305e-07
2.5256,2.66045577e-09,-9.112701704e-11,6.12924e-07
2.5264,2.760858664e-09,-8.663088025e-11,6.34288e-07
2.5272,2.859976532e-09,-8.222640346e-11,6.55386e-07
2.528,2.95776497e-09,-7.791243206e-11,6.76207e-07
2.5288,3.054179577e-09,-7.368807786e-11,6.96743e-07
2.5296,3.149175951e-09,-6.955227505e-11,7.16982e-07
2.5304,3.24270969e-09,-6.550431308e-11,7.36916e-07
2.5312,3.334736392e-09,-6.154312615e-11,7.56533e-07
2.532,3.425211656e-09,-5.766791489e-11,7.75823e-07
2.5328,3.51409108e-09,-5.38777023e-11,7.94777e-07
2.5336,3.601330261e-09,-5.017160021e-11,8.13384e-07
2.5344,3.686884799e-09,-4.654836516e-11,8.31635e-07
2.5352,3.77071029e-09,-4.300755307e-11,8.49518e-07
2.536,3.852762334e-09,-3.954836458e-11,8.67025e-07
2.5368,3.932996527e-09,-3.616928979e-11,8.84145e-07
2.5376,4.01136847e-09,-3.286988459e-11,9.00868e-07
2.5384,4.087833759e-09,-2.964899437e-11,9.17183e-07
2.5392,4.162347993e-09,-2.650608621e-11,9.33081e-07
2.54,4.234866769e-09,-2.344027195e-11,9.48552e-07
2.5408,4.305345687e-09,-2.045004166e-11,9.63585e-07
2.5416,4.373740344e-09,-1.75351289e-11,9.78171e-07
2.5424,4.440006338e-09,-1.469473432e-11,9.923e-07
2.5432,4.504099268e-09,-1.192743682e-11,1.00596e-06
2.544,4.565974731e-09,-9.232881126e-12,1.01914e-06
2.5448,4.625588326e-09,-6.610001435e-12,1.03184e-06
2.5456,4.682895652e-09,-4.057998382e-12,1.04403e-06
2.5464,4.737852305e-09,-1.575983788e-12,1.05572e-06
2.5472,4.790413884e-09,8.370193427e-13,1.06689e-06
2.548,4.840535988e-09,3.181455099e-12,1.07754e-06
2.5488,4.888174214e-09,5.45865575e-12,1.08764e-06
2.5496,4.933284161e-09,7.668976565e-12,1.0972e-06
2.5504,4.975821426e-09,9.813572177e-12,1.10619e-06
2.5512,5.015741609e-09,1.189315313e-11,1.11462e-06
2.552,5.053000307e-09,1.390834115e-11,1.12247e-06
2.5528,5.087553118e-09,1.586055731e-11,1.12974e-06
2.5536,5.11935564e-09,1.774997926e-11,1.1364e-06
2.5544,5.148363471e-09,1.957776163e-11,1.14245e-06
2.5552,5.174532211e-09,2.134443733e-11,1.14789e-06
2.556,5.197817456e-09,2.305107216e-11,1.1527e-06
2.5568,5.218174805e-09,2.469819904e-11,1.15686e-06
2.5576,5.235559856e-09,2.62869726e-11,1.16038e-06
2.5584,5.249928208e-09,2.781783692e-11,1.16324e-06
2.5592,5.261235457e-09,2.929185783e-11,1.16543e-06
2.56,5.269437204e-09,3.07094794e-11,1.16694e-06
2.5608,5.274489045e-09,3.207158983e-11,1.16777e-06
2.5616,5.276346578e-09,3.33791661e-11,1.16789e-06
2.5624,5.274965403e-09,3.463274112e-11,1.1673e-06
2.5632,5.270301117e-09,3.583302544e-11,1.166e-06
2.564,5.262309318e-09,3.698108486e-11,1.16396e-06
2.5648,5.250945604e-09,3.807780757e-11,1.16118e-06
2.5656,5.236165574e-09,3.912301594e-11,1.15766e-06
2.5664,5.217924825e-09,4.011848631e-11,1.15337e-06
2.5672,5.196178957e-09,4.106421869e-11,1.14832e-06
2.568,5.170883566e-09,4.196172299e-11,1.14248e-06
2.5688,5.141994251e-09,4.281082155e-11,1.13586e-06
2.5696,5.109466611e-09,4.36130243e-11,1.12844e-06
2.5704,5.073256243e-09,4.436850887e-11,1.1202e-06
2.5712,5.033318746e-09,4.507834106e-11,1.11115e-06
2.572,4.989609717e-09,4.574323142e-11,1.10126e-06
2.5728,4.942084755e-09,4.636344642e-11,1.09054e-06
2.5736,4.890699458e-09,4.694022948e-11,1.07896e-06
2.5744,4.835409424e-09,4.747411353e-11,1.06653e-06
2.5752,4.776170251e-09,4.796563147e-11,1.05322e-06
2.576,4.712937538e-09,4.841558265e-11,1.03904e-06
2.5768,4.645666882e-09,4.882485527e-11,1.02396e-06
2.5776,4.574313882e-09,4.919380459e-11,1.00799e-06
2.5784,4.498834136e-09,4.952322996e-11,9.91099e-07
2.5792,4.419183241e-09,4.981384194e-11,9.73292e-07
2.58,4.335316797e-09,5.006635106e-11,9.54554e-07
2.5808,4.247190401e-09,5.02815567e-11,9.34875e-07
2.5816,4.154759652e-09,5.04598141e-11,9.14247e-07
2.5824,4.057980147e-09,5.060192265e-11,8.92657e-07
2.5832,3.956807484e-09,5.070859288e-11,8.70097e-07
2.584,3.851197263e-09,5.078044651e-11,8.46556e-07
2.5848,3.74110508e-09,5.081792764e-11,8.22024e-07
2.5856,3.626486535e-09,5.082210208e-11,7.96491e-07
2.5864,3.507297224e-09,5.079323628e-11,7.69948e-07
2.5872,3.383492748e-09,5.073230724e-11,7.42384e-07
2.588,3.255028702e-09,5.063940378e-11,7.13788e-07
2.5888,3.146805241e-09,5.051576935e-11,6.89709e-07
2.5896,3.114332616e-09,5.036184803e-11,6.8251e-07
2.5904,3.081217023e-09,5.017799509e-11,6.75174e-07
2.5912,3.047472501e-09,4.996492109e-11,6.67705e-07
2.592,3.013113091e-09,4.972360301e-11,6.60105e-07
2.5928,2.978152836e-09,4.945404086e-11,6.52377e-07
2.5936,2.942605776e-09,4.915721163e-11,6.44525e-07
2.5944,2.906485952e-09,4.883382587e-11,6.36552e-07
2.5952,2.869807406e-09,4.848423885e-11,6.28459e-07
2.596,2.832584178e-09,4.810907228e-11,6.20251e-07
2.5968,2.794830311e-09,4.770903672e-11,6.1193e-07
2.5976,2.756559844e-09,4.728448744e-11,6.035e-07
2.5984,2.71778682e-09,4.683640142e-11,5.94963e-07
2.5992,2.67852528e-09,4.63648675e-11,5.86323e-07
2.6,2.638789264e-09,4.587086266e-11,5.77581e-07
2.6008,2.598592813e-09,4.535465337e-11,5.68742e-07
2.6016,2.55794997e-09,4.481703897e-11,5.59809e-07
2.6024,2.516874775e-09,4.425846356e-11,5.50784e-07
2.6032,2.47538127e-09,4.367937123e-11,5.4167e-07
2.604,2.433483495e-09,4.308056134e-11,5.3247e-07
2.6048,2.391195491e-09,4.246230034e-11,5.23188e-07
2.6056,2.348531301e-09,4.18253876e-11,5.13826e-07
2.6064,2.305504965e-09,4.117008956e-11,5.04388e-07
2.6072,2.262130524e-09,4.049729441e-11,4.94876e-07
2.608,2.21842202e-09,3.980726859e-11,4.85294e-07
2.6088,2.174393493e-09,3.910063384e-11,4.75644e-07
2.6096,2.130058985e-09,3.837756779e-11,4.65929e-07
2.6104,2.085432537e-09,3.763931389e-11,4.56153e-07
2.6112,2.04052819e-09,3.688578332e-11,4.46318e-07
2.612,1.995359986e-09,3.611768662e-11,4.36428e-07
2.6128,1.949941965e-09,3.533529025e-11,4.26485e-07
2.6136,1.904288169e-09,3.45395712e-11,4.16493e-07
2.6144,1.858412639e-09,3.373070712e-11,4.06454e-07
2.6152,1.812329416e-09,3.29092309e-11,3.96372e-07
2.616,1.766052541e-09,3.207549781e-11,3.86249e-07
2.6168,1.719596056e-09,3.123039605e-11,3.76089e-07
2.6176,1.672974002e-09,3.037401441e-11,3.65895e-07
2.6184,1.626200419e-09,2.950697464e-11,3.55669e-07
2.6192,1.57928935e-09,2.8629632e-11,3.45415e-07
2.62,1.532254834e-09,2.774278585e-11,3.35135e-07
2.6208,1.485110914e-09,2.684634737e-11,3.24833e-07
2.6216,1.437871631e-09,2.594120474e-11,3.14512e-07
2.6224,1.390551025e-09,2.502797969e-11,3.04175e-07
2.6232,1.343163139e-09,2.41065834e-11,2.93824e-07
2.624,1.295722012e-09,2.31777264e-11,2.83463e-07
2.6248,1.248241687e-09,2.224194162e-11,2.73096e-07
2.6256,1.200736204e-09,2.129940668e-11,2.62723e-07
2.6264,1.153219605e-09,2.035083213e-11,2.5235e-07
2.6272,1.105705931e-09,1.939648442e-11,2.41979e-07
2.628,1.058209222e-09,1.843698527e-11,2.31613e-07
2.6288,1.010743521e-09,1.747224587e-11,2.21254e-07
2.6296,9.633228688e-10,1.650333203e-11,2.10907e-07
2.6304,9.159613059e-10,1.553024376e-11,2.00574e-07
2.6312,8.686728737e-10,1.455369159e-11,1.90258e-07
2.632,8.214716134e-10,1.357376433e-11,1.79962e-07
2.6328,7.743715663e-10,1.25909061e-11,1.69689e-07
2.6336,7.273867735e-10,1.160573859e-11,1.59443e-07
2.6344,6.805312762e-10,1.061843946e-11,1.49225e-07
2.6352,6.338191155e-10,9.629630426e-12,1.3904e-07
2.636,5.872643328e-10,8.639311488e-12,1.28891e-07
2.6368,5.408809691e-10,7.648370826e-12,1.18779e-07
2.6376,4.946830656e-10,6.656630802e-12,1.0871e-07
2.6384,4.486846635e-10,5.664979597e-12,9.86841e-08
2.6392,4.02899804e-10,4.673328391e-12,8.87063e-08
2.64,3.573425283e-10,3.682387728e-12,7.8779e-08
2.6408,3.120268776e-10,2.692246426e-12,6.89053e-08
2.6416,2.66966893e-10,1.703526209e-12,5.90883e-08
2.6424,2.221766157e-10,7.163158955e-13,4.9331e-08
2.6432,1.77670087e-10,-2.68673972e-13,3.96365e-08
2.644,1.334613479e-10,-1.251621029e-12,3.00078e-08
2.6448,8.956443971e-11,-2.231725915e-12,2.04479e-08
2.6456,4.599340357e-11,-3.208899813e-12,1.096e-08
2.6464,2.762280662e-12,-4.18278745e-12,1.54704e-09
2.6472,-4.011488782e-11,-5.15285592e-12,7.78791e-09
2.648,-8.262406071e-11,-6.11919404e-12,1.70417e-08
2.6488,-1.247511968e-10,-7.081091269e-12,2.62114e-08
2.6496,-1.664822549e-10,-8.038281152e-12,3.52939e-08
2.6504,-2.078031939e-10,-8.990852507e-12,4.42861e-08
2.6512,-2.486999726e-10,-9.937917156e-12,5.3185e-08
2.652,-2.891585497e-10,-1.087965273e-11,6.19876e-08
2.6528,-3.291648841e-10,-1.181543752e-11,7.06907e-08
2.6536,-3.687049347e-10,-1.274518269e-11,7.92912e-08
2.6544,-4.077646602e-10,-1.366853297e-11,8.77862e-08
2.6552,-4.463300194e-10,-1.458522192e-11,9.61726e-08
2.656,-4.90879685e-10,-1.549489426e-11,1.05894e-07
2.6568,-5.410902936e-10,-1.639746117e-11,1.16877e-07
2.6576,-5.912104357e-10,-1.729230092e-11,1.27842e-07
2.6584,-6.412313026e-10,-1.817959117e-11,1.38787e-07
2.6592,-6.911440855e-10,-1.905879898e-11,1.49709e-07
2.66,-7.409399755e-10,-1.992956911e-11,1.60607e-07
2.6608,-7.906101641e-10,-2.079199035e-11,1.7148e-07
2.6616,-8.401458422e-10,-2.1645441e-11,1.82324e-07
2.6624,-8.895382013e-10,-2.248992104e-11,1.93138e-07
2.6632,-9.387784325e-10,-2.33250752e-11,2.0392e-07
2.664,-9.87857727e-10,-2.415072586e-11,2.14669e-07
2.6648,-1.036767276e-09,-2.496660656e-11,2.25382e-07
2.6656,-1.085498271e-09,-2.577253966e-11,2.36057e-07
2.6664,-1.134041903e-09,-2.656808107e-11,2.46693e-07
2.6672,-1.182389363e-09,-2.735340843e-11,2.57288e-07
2.668,-1.230531843e-09,-2.812798883e-11,2.67839e-07
2.6688,-1.278460533e-09,-2.889164463e-11,2.78346e-07
2.6696,-1.326166625e-09,-2.964419821e-11,2.88805e-07
2.6704,-1.373641311e-09,-3.038556073e-11,2.99215e-07
2.6712,-1.420875781e-09,-3.111528812e-11,3.09574e-07
2.672,-1.467861226e-09,-3.183346919e-11,3.1988e-07
2.6728,-1.514588838e-09,-3.253983749e-11,3.30131e-07
2.6736,-1.561049809e-09,-3.323412656e-11,3.40326e-07
2.6744,-1.607235328e-09,-3.391606995e-11,3.50462e-07
2.6752,-1.653136589e-09,-3.458549003e-11,3.60538e-07
2.676,-1.698744781e-09,-3.524238679e-11,3.70551e-07
2.6768,-1.744051095e-09,-3.588676023e-11,3.80499e-07
2.6776,-1.789046725e-09,-3.6517811e-11,3.90382e-07
2.6784,-1.833722859e-09,-3.713598318e-11,4.00196e-07
2.6792,-1.87807069e-09,-3.774083268e-11,4.0994e-07
2.68,-1.922081409e-09,-3.833209306e-11,4.19611e-07
2.6808,-1.965746208e-09,-3.891003075e-11,4.29209e-07
2.6816,-2.009056276e-09,-3.947411287e-11,4.38731e-07
2.6824,-2.052002806e-09,-4.00243394e-11,4.48175e-07
2.6832,-2.094576989e-09,-4.056044389e-11,4.57539e-07
2.684,-2.136770016e-09,-4.10826928e-11,4.66821e-07
2.6848,-2.178573078e-09,-4.159037559e-11,4.7602e-07
2.6856,-2.219977367e-09,-4.20837587e-11,4.85133e-07
2.6864,-2.260974073e-09,-4.256275332e-11,4.94159e-07
2.6872,-2.301554389e-09,-4.302691536e-11,5.03095e-07
2.688,-2.341709504e-09,-4.34766001e-11,5.11939e-07
2.6888,-2.381430611e-09,-4.39111858e-11,5.2069e-07
2.6896,-2.4207089e-09,-4.43308501e-11,5.29346e-07
2.6904,-2.459535564e-09,-4.473541537e-11,5.37905e-07
2.6912,-2.497901792e-09,-4.512497043e-11,5.46364e-07
2.692,-2.535798777e-09,-4.549907118e-11,5.54723e-07
2.6928,-2.573217709e-09,-4.585798408e-11,5.62978e-07
2.6936,-2.61014978e-09,-4.620126504e-11,5.71128e-07
2.6944,-2.64658618e-09,-4.652935814e-11,5.79171e-07
2.6952,-2.682518103e-09,-4.684164168e-11,5.87106e-07
2.696,-2.717936737e-09,-4.713820445e-11,5.94929e-07
2.6968,-2.752833275e-09,-4.741913529e-11,6.0264e-07
2.6976,-2.787198908e-09,-4.768434536e-11,6.10236e-07
2.6984,-2.821024827e-09,-4.793347941e-11,6.17715e-07
2.6992,-2.854302224e-09,-4.816680388e-11,6.25076e-07
2.7,-2.887022289e-09,-4.838422996e-11,6.32316e-07
2.7008,-2.919176214e-09,-4.858558e-11,6.39434e-07
2.7016,-2.95075519e-09,-4.877094284e-11,6.46427e-07
2.7024,-2.981750408e-09,-4.894014083e-11,6.53293e-07
2.7032,-3.012153059e-09,-4.909317397e-11,6.60032e-07
2.704,-3.041954336e-09,-4.923013108e-11,6.66639e-07
2.7048,-3.071145428e-09,-4.935092335e-11,6.73115e-07
2.7056,-3.099717527e-09,-4.945546195e-11,6.79456e-07
2.7064,-3.127661825e-09,-4.95438357e-11,6.85661e-07
2.7072,-3.154969512e-09,-4.961577815e-11,6.91728e-07
2.708,-3.18163178e-09,-4.967173339e-11,6.97655e-07
2.7088,-3.207639821e-09,-4.971116851e-11,7.03439e-07
2.7096,-3.232984824e-09,-4.973452761e-11,7.0908e-07
2.7104,-3.257657982e-09,-4.974154422e-11,7.14574e-07
2.7112,-3.281650486e-09,-4.973230716e-11,7.19921e-07
2.712,-3.304953527e-09,-4.970690526e-11,7.25117e-07
2.7128,-3.327558296e-09,-4.966533851e-11,7.30162e-07
2.7136,-3.349455984e-09,-4.960725164e-11,7.35052e-07
2.7144,-3.370637783e-09,-4.953317756e-11,7.39787e-07
2.7152,-3.391094884e-09,-4.944311627e-11,7.44364e-07
2.716,-3.410818478e-09,-4.933671249e-11,7.48781e-07
2.7168,-3.429799756e-09,-4.921414387e-11,7.53037e-07
2.7176,-3.44802991e-09,-4.907567686e-11,7.57128e-07
2.7184,-3.465500131e-09,-4.892122263e-11,7.61054e-07
2.7192,-3.48220161e-09,-4.875069237e-11,7.64813e-07
2.72,-3.498125538e-09,-4.856426372e-11,7.68401e-07
2.7208,-3.513263106e-09,-4.83620255e-11,7.71818e-07
2.7216,-3.527605506e-09,-4.814388888e-11,7.75062e-07
2.7224,-3.541143929e-09,-4.791012032e-11,7.7813e-07
2.7232,-3.553869566e-09,-4.766071982e-11,7.8102e-07
2.724,-3.565773609e-09,-4.739577619e-11,7.8373e-07
2.7248,-3.576847248e-09,-4.711528945e-11,7.8626e-07
2.7256,-3.587081675e-09,-4.68193484e-11,7.88605e-07
2.7264,-3.596468081e-09,-4.650804186e-11,7.90765e-07
2.7272,-3.604997657e-09,-4.618154748e-11,7.92738e-07
2.728,-3.612661595e-09,-4.583977642e-11,7.94521e-07
2.7288,-3.619451086e-09,-4.548281751e-11,7.96113e-07
2.7296,-3.62535732e-09,-4.511111484e-11,7.97512e-07
2.7304,-3.63037149e-09,-4.472466841e-11,7.98715e-07
2.7312,-3.634484786e-09,-4.432312295e-11,7.99721e-07
2.732,-3.6376884e-09,-4.3907189e-11,8.00527e-07
2.7328,-3.639973523e-09,-4.347677773e-11,8.01132e-07
2.7336,-3.641331346e-09,-4.303180035e-11,8.01533e-07
2.7344,-3.64175306e-09,-4.257252328e-11,8.0173e-07
2.7352,-3.641229856e-09,-4.209947946e-11,8.01718e-07
2.736,-3.639752927e-09,-4.161204714e-11,8.01498e-07
2.7368,-3.637313462e-09,-4.111102569e-11,8.01066e-07
2.7376,-3.633902654e-09,-4.059597103e-11,8.00421e-07
2.7384,-3.629511693e-09,-4.006759369e-11,7.99561e-07
2.7392,-3.624131771e-09,-3.952580485e-11,7.98483e-07
2.74,-3.617754079e-09,-3.897060452e-11,7.97186e-07
2.7408,-3.610369808e-09,-3.840243679e-11,7.95668e-07
2.7416,-3.601970149e-09,-3.782121283e-11,7.93926e-07
2.7424,-3.592546294e-09,-3.72271991e-11,7.91959e-07
2.7432,-3.582089434e-09,-3.662075088e-11,7.89765e-07
2.744,-3.570590759e-09,-3.600169052e-11,7.87342e-07
2.7448,-3.558041462e-09,-3.537046211e-11,7.84687e-07
2.7456,-3.544432734e-09,-3.47272433e-11,7.81799e-07
2.7464,-3.529755765e-09,-3.40721229e-11,7.78675e-07
2.7472,-3.514001748e-09,-3.340518973e-11,7.75315e-07
2.748,-3.497161872e-09,-3.272679905e-11,7.71715e-07
2.7488,-3.47922733e-09,-3.203721732e-11,7.67873e-07
2.7496,-3.460189312e-09,-3.133653337e-11,7.63788e-07
2.7504,-3.440039011e-09,-3.062519127e-11,7.59458e-07
2.7512,-3.418767616e-09,-2.99030134e-11,7.54881e-07
2.752,-3.39636632e-09,-2.917035502e-11,7.50054e-07
2.7528,-3.372826314e-09,-2.842739377e-11,7.44976e-07
2.7536,-3.348138788e-09,-2.767457374e-11,7.39645e-07
2.7544,-3.322294934e-09,-2.691216139e-11,7.34058e-07
2.7552,-3.295285943e-09,-2.613997907e-11,7.28213e-07
2.756,-3.267103007e-09,-2.535864851e-11,7.22109e-07
2.7568,-3.237737317e-09,-2.45680809e-11,7.15744e-07
2.7576,-3.207180063e-09,-2.37690756e-11,7.09115e-07
2.7584,-3.175422438e-09,-2.296118851e-11,7.02221e-07
2.7592,-3.142455632e-09,-2.214521899e-11,6.9506e-07
2.76,-3.108270836e-09,-2.132116705e-11,6.87628e-07
2.7608,-3.072859242e-09,-2.048938796e-11,6.79926e-07
2.7616,-3.036212042e-09,-1.965005936e-11,6.71949e-07
2.7624,-2.998320426e-09,-1.880344769e-11,6.63697e-07
2.7632,-2.959175585e-09,-1.794990823e-11,6.55168e-07
2.764,-2.918768711e-09,-1.708970743e-11,6.46359e-07
2.7648,-2.877090995e-09,-1.622328938e-11,6.37268e-07
2.7656,-2.834133628e-09,-1.535065408e-11,6.27893e-07
2.7664,-2.789887801e-09,-1.447206799e-11,6.18233e-07
2.7672,-2.744344706e-09,-1.358815283e-11,6.08285e-07
2.768,-2.697495534e-09,-1.269890859e-11,5.98047e-07
2.7688,-2.649331476e-09,-1.180486819e-11,5.87518e-07
2.7696,-2.599843724e-09,-1.090612045e-11,5.76695e-07
2.7704,-2.549023468e-09,-1.000337591e-11,5.65575e-07
2.7712,-2.4968619e-09,-9.096279285e-12,5.54158e-07
2.772,-2.44335021e-09,-8.185896405e-12,5.42441e-07
2.7728,-2.388479591e-09,-7.271871993e-12,5.30422e-07
2.7736,-2.332241234e-09,-6.355183046e-12,5.18099e-07
2.7744,-2.274626329e-09,-5.435563111e-12,5.0547e-07
2.7752,-2.215626068e-09,-4.513811547e-12,4.92533e-07
2.776,-2.155231642e-09,-3.589928355e-12,4.79285e-07
2.7768,-2.093434243e-09,-2.664624077e-12,4.65726e-07
2.7776,-2.030225061e-09,-1.737809896e-12,4.51852e-07
2.7784,-1.965595288e-09,-8.101963545e-13,4.37662e-07
2.7792,-1.899536115e-09,1.179500941e-13,4.23154e-07
2.78,-1.832038733e-09,1.046451814e-12,4.08326e-07
2.7808,-1.763094334e-09,1.974598263e-12,3.93175e-07
2.7816,-1.692694108e-09,2.902300622e-12,3.777e-07
2.7824,-1.620829248e-09,3.828937167e-12,3.61898e-07
2.7832,-1.547490943e-09,4.754419081e-12,3.45768e-07
2.784,-1.472670386e-09,5.678213455e-12,3.29307e-07
2.7848,-1.396358768e-09,6.600053837e-12,3.12514e-07
2.7856,-1.318547279e-09,7.519318501e-12,2.95386e-07
2.7864,-1.239227112e-09,8.435740995e-12,2.77921e-07
2.7872,-1.158389457e-09,9.348877228e-12,2.60118e-07
2.788,-1.076025506e-09,1.025837193e-11,2.41973e-07
2.7888,-9.921264488e-10,1.116386983e-11,2.23486e-07
2.7896,-9.13743143e-10,1.20647492e-11,2.06227e-07
2.7904,-9.029081852e-10,1.296083241e-11,2.04013e-07
2.7912,-8.920219312e-10,1.385167536e-11,2.01786e-07
2.792,-8.81086312e-10,1.473665634e-11,1.99548e-07
2.7928,-8.701032588e-10,1.561542007e-11,1.97297e-07
2.7936,-8.590747024e-10,1.648770009e-11,1.95034e-07
2.7944,-8.480025739e-10,1.735287469e-11,1.92761e-07
2.7952,-8.368888042e-10,1.821049977e-11,1.90476e-07
2.796,-8.257353245e-10,1.90603977e-11,1.88181e-07
2.7968,-8.145440656e-10,1.990185794e-11,1.85876e-07
2.7976,-8.033169586e-10,2.073434757e-11,1.8356e-07
2.7984,-7.920559345e-10,2.155760015e-11,1.81235e-07
2.7992,-7.807629242e-10,2.237108276e-11,1.78901e-07
2.8,-7.694398589e-10,2.317444014e-11,1.76557e-07
2.8008,-7.580886694e-10,2.396705057e-11,1.74206e-07
2.8016,-7.467112868e-10,2.474855876e-11,1.71845e-07
2.8024,-7.353096422e-10,2.551825418e-11,1.69477e-07
2.8032,-7.238856664e-10,2.6276048e-11,1.67101e-07
2.804,-7.124412905e-10,2.702105206e-11,1.64718e-07
2.8048,-7.009784455e-10,2.77529999e-11,1.62327e-07
2.8056,-6.894990623e-10,2.847144742e-11,1.5993e-07
2.8064,-6.780050721e-10,2.917568409e-11,1.57527e-07
2.8072,-6.664984058e-10,2.986526582e-11,1.55117e-07
2.808,-6.549809944e-10,3.053983733e-11,1.52702e-07
2.8088,-6.434547689e-10,3.11987769e-11,1.50281e-07
2.8096,-6.319216603e-10,3.184155162e-11,1.47855e-07
2.8104,-6.203835996e-10,3.246762859e-11,1.45425e-07
2.8112,-6.088425178e-10,3.307656371e-11,1.4299e-07
2.812,-5.973003459e-10,3.366773527e-11,1.4055e-07
2.8128,-5.857590149e-10,3.424069916e-11,1.38107e-07
2.8136,-5.742204559e-10,3.479483368e-11,1.3566e-07
2.8144,-5.626865997e-10,3.532978354e-11,1.3321e-07
2.8152,-5.511593775e-10,3.584466057e-11,1.30757e-07
2.816,-5.396407202e-10,3.633919832e-11,1.28301e-07
2.8168,-5.281325588e-10,3.681286387e-11,1.25843e-07
2.8176,-5.166368243e-10,3.726476905e-11,1.23383e-07
2.8184,-5.051554477e-10,3.769482504e-11,1.20922e-07
2.8192,-4.936903601e-10,3.810196603e-11,1.18459e-07
2.82,-4.822434924e-10,3.848610319e-11,1.15994e-07
2.8208,-4.708167756e-10,3.884643718e-11,1.13529e-07
2.8216,-4.594121407e-10,3.918216862e-11,1.11064e-07
2.8224,-4.480315188e-10,3.949311989e-11,1.08598e-07
2.8232,-4.366768408e-10,3.977840279e-11,1.06132e-07
2.824,-4.253500377e-10,4.003748444e-11,1.03667e-07
2.8248,-4.140530406e-10,4.027000955e-11,1.01202e-07
2.8256,-4.027877804e-10,4.047517876e-11,9.87383e-08
2.8264,-3.915561881e-10,4.065237036e-11,9.62759e-08
2.8272,-3.803601948e-10,4.080087379e-11,9.3815e-08
2.828,-3.692017314e-10,4.092051142e-11,9.13561e-08
2.8288,-3.58082729e-10,4.101012863e-11,8.88993e-08
2.8296,-3.470051185e-10,4.106945894e-11,8.64449e-08
2.8304,-3.359708309e-10,4.10976142e-11,8.39933e-08
2.8312,-3.249817973e-10,4.109432794e-11,8.15447e-08
2.832,-3.140399486e-10,4.105853435e-11,7.90994e-08
2.8328,-3.031472159e-10,4.099005579e-11,7.66577e-08
2.8336,-2.923055301e-10,4.088782646e-11,7.42199e-08
2.8344,-2.815168223e-10,4.075166871e-11,7.17864e-08
2.8352,-2.707830235e-10,4.058025027e-11,6.93572e-08
2.836,-2.601060646e-10,4.037357115e-11,6.69328e-08
2.8368,-2.494878766e-10,4.013065436e-11,6.45135e-08
2.8376,-2.389303906e-10,3.985096697e-11,6.20995e-08
2.8384,-2.284355376e-10,3.953379846e-11,5.96911e-08
2.8392,-2.180052485e-10,3.917852709e-11,5.72885e-08
2.84,-2.076414544e-10,3.878426469e-11,5.48922e-08
2.8408,-1.973460863e-10,3.835065598e-11,5.25022e-08
2.8416,-1.871210751e-10,3.787663516e-11,5.0119e-08
2.8424,-1.769683519e-10,3.736193577e-11,4.77428e-08
2.8432,-1.668898477e-10,3.680566962e-11,4.53739e-08
2.844,-1.568874934e-10,3.620694855e-11,4.30124e-08
2.8448,-1.469632201e-10,3.556541728e-11,4.06589e-08
2.8456,-1.371189588e-10,3.488018763e-11,3.83134e-08
2.8464,-1.273566404e-10,3.415054906e-11,3.59763e-08
2.8472,-1.176781961e-10,3.337587984e-11,3.36478e-08
2.848,-1.080855567e-10,3.255538061e-11,3.13282e-08
2.8488,-9.858065325e-11,3.168825202e-11,2.90178e-08
2.8496,-8.916541682e-11,3.077404997e-11,2.67169e-08
2.8504,-7.984177838e-11,2.981188629e-11,2.44257e-08
2.8512,-7.061166892e-11,2.88008728e-11,2.21445e-08
2.852,-6.147701944e-11,2.774047658e-11,1.98735e-08
2.8528,-5.243976096e-11,2.662989829e-11,1.7613e-08
2.8536,-4.350182446e-11,2.512203778e-11,1.52862e-08
2.8544,-3.466514096e-11,2.31254127e-11,1.2873e-08
2.8552,-2.593164144e-11,2.121360865e-11,1.05018e-08
2.856,-1.730325692e-11,1.938467165e-11,8.17236e-09
2.8568,-8.7819184e-12,1.763638124e-11,5.88476e-09
2.8576,-3.695568743e-13,1.596713872e-11,3.63905e-09
2.8584,7.931896653e-12,1.437481245e-11,1.43518e-09
2.8592,1.612051118e-11,1.285762607e-11,7.26819e-10
2.86,2.419435571e-11,1.141371442e-11,2.84693e-09
2.8608,3.215149923e-11,1.004112349e-11,4.92516e-09
2.8616,3.999001074e-11,8.737988111e-12,6.96149e-09
2.8624,4.770795925e-11,7.502531929e-12,8.95589e-09
2.8632,5.530341376e-11,6.333156222e-12,1.09083e-08
2.864,6.277444325e-11,5.227729361e-12,1.28187e-08
2.8648,7.011911673e-11,4.184741442e-12,1.46871e-08
2.8656,7.73355032e-11,3.202327292e-12,1.65134e-08
2.8664,8.442167165e-11,2.278799371e-12,1.82976e-08
2.8672,9.137569109e-11,1.412647777e-12,2.00396e-08
2.868,9.819563051e-11,6.020073329e-13,2.17393e-08
2.8688,1.048795589e-10,-1.547206807e-13,2.33967e-08
2.8696,1.114255453e-10,-8.592238032e-13,2.50118e-08
2.8704,1.178316587e-10,-1.513011938e-12,2.65844e-08
2.8712,1.24095968e-10,-2.117861442e-12,2.81146e-08
2.872,1.302165423e-10,-2.675104582e-12,2.96021e-08
2.8728,1.361914506e-10,-3.186428899e-12,3.10469e-08
2.8736,1.420187618e-10,-3.653255476e-12,3.24489e-08
2.8744,1.476965451e-10,-4.077271853e-12,3.38081e-08
2.8752,1.532228693e-10,-4.459899117e-12,3.51244e-08
2.876,1.585958034e-10,-4.802558351e-12,3.63975e-08
2.8768,1.638134165e-10,-5.106581824e-12,3.76275e-08
2.8776,1.688737776e-10,-5.373657075e-12,3.88142e-08
2.8784,1.737749557e-10,-5.605027553e-12,3.99575e-08
2.8792,1.785150197e-10,-5.802114345e-12,4.10573e-08
2.88,1.830920387e-10,-5.966338534e-12,4.21134e-08
2.8808,1.875040816e-10,-6.098854755e-12,4.31257e-08
2.8816,1.917492175e-10,-6.201261726e-12,4.40941e-08
2.8824,1.958255153e-10,-6.274714082e-12,4.50185e-08
2.8832,1.997310441e-10,-6.32045527e-12,4.58987e-08
2.884,2.034638729e-10,-6.33981756e-12,4.67345e-08
2.8848,2.070220706e-10,-6.333955582e-12,4.75258e-08
2.8856,2.104037062e-10,-6.304290423e-12,4.82724e-08
2.8864,2.136068488e-10,-6.251887896e-12,4.89743e-08
2.8872,2.166295673e-10,-6.177902634e-12,4.96311e-08
2.888,2.194699308e-10,-6.083489268e-12,5.02428e-08
2.8888,2.221260082e-10,-5.96980243e-12,5.08091e-08
2.8896,2.245958686e-10,-5.838085571e-12,5.13299e-08
2.8904,2.268775809e-10,-5.689315685e-12,5.18051e-08
2.8912,2.289692141e-10,-5.524558588e-12,5.22343e-08
2.892,2.308688373e-10,-5.344968912e-12,5.26174e-08
2.8928,2.325745194e-10,-5.151523652e-12,5.29543e-08
2.8936,2.340843295e-10,-4.945199805e-12,5.32446e-08
2.8944,2.353963364e-10,-4.727063185e-12,5.34883e-08
2.8952,2.365086093e-10,-4.498090789e-12,5.3685e-08
2.896,2.374192172e-10,-4.259170794e-12,5.38347e-08
2.8968,2.381262289e-10,-4.011280197e-12,5.39369e-08
2.8976,2.386277136e-10,-3.755307176e-12,5.39916e-08
2.8984,2.389217402e-10,-3.492228728e-12,5.39985e-08
2.8992,2.390063777e-10,-3.222844214e-12,5.39574e-08
2.9,2.388796952e-10,-2.948041811e-12,5.38679e-08
2.9008,2.385397615e-10,-2.66862088e-12,5.373e-08
2.9016,2.379846458e-10,-2.385380782e-12,5.35432e-08
2.9024,2.37212417e-10,-2.099120877e-12,5.33074e-08
2.9032,2.362211441e-10,-1.810818162e-12,5.30224e-08
2.904,2.350088962e-10,-1.521005544e-12,5.26878e-08
2.9048,2.335737421e-10,-1.230304747e-12,5.23034e-08
2.9056,2.319137509e-10,-9.395151324e-13,5.18688e-08
2.9064,2.300269917e-10,-6.495248783e-13,5.1384e-08
2.9072,2.279115334e-10,-3.607780741e-13,5.08484e-08
2.908,2.255654449e-10,-7.416289804e-14,5.0262e-08
2.9088,2.229867954e-10,2.101430141e-13,4.96242e-08
2.9096,2.201736538e-10,4.910738483e-13,4.8935e-08
2.9104,2.17124089e-10,7.680966974e-13,4.8194e-08
2.9112,2.138361702e-10,1.040945108e-12,4.74008e-08
2.912,2.103079663e-10,1.308819719e-12,4.65553e-08
2.9128,2.065375462e-10,1.571187624e-12,4.56569e-08
2.9136,2.025229791e-10,1.82778237e-12,4.47055e-08
2.9144,1.982623338e-10,2.077893413e-12,4.37007e-08
2.9152,1.937536795e-10,2.321076664e-12,4.26423e-08
2.916,1.88995085e-10,2.556976852e-12,4.15297e-08
2.9168,1.839846194e-10,2.785061071e-12,4.03628e-08
2.9176,1.787203517e-10,3.005062865e-12,3.91412e-08
2.9184,1.732003509e-10,3.216449329e-12,3.78645e-08
2.9192,1.67422686e-10,3.419042827e-12,3.65324e-08
2.92,1.613854259e-10,3.612399269e-12,3.51445e-08
2.9208,1.550866397e-10,3.796163384e-12,3.37005e-08
2.9216,1.485243965e-10,3.9699799e-12,3.22e-08
2.9224,1.41696765e-10,4.133848819e-12,3.06426e-08
2.9232,1.346018145e-10,4.287148414e-12,2.9028e-08
2.924,1.359379196e-10,4.429967504e-12,2.92938e-08
2.9248,1.416560484e-10,4.561861999e-12,3.05382e-08
2.9256,1.473377598e-10,4.682654264e-12,3.17769e-08
2.9264,1.529825228e-10,4.792255481e-12,3.30099e-08
2.9272,1.58589806e-10,4.890576832e-12,3.4237e-08
2.928,1.641590782e-10,4.977263046e-12,3.54583e-08
2.9288,1.696898082e-10,5.05240294e-12,3.66735e-08
2.9296,1.751814648e-10,5.115730062e-12,3.78827e-08
2.9304,1.806335168e-10,5.167333228e-12,3.90857e-08
2.9312,1.86045433e-10,5.207034803e-12,4.02824e-08
2.932,1.914166822e-10,5.234834788e-12,4.14726e-08
2.9328,1.96746733e-10,5.250821999e-12,4.26564e-08
2.9336,2.020350544e-10,5.25490762e-12,4.38334e-08
2.9344,2.072811151e-10,5.247002832e-12,4.50038e-08
2.9352,2.124843839e-10,5.227374089e-12,4.61672e-08
2.936,2.176443295e-10,5.196021391e-12,4.73236e-08
2.9368,2.227604208e-10,5.152944738e-12,4.84728e-08
2.9376,2.278321266e-10,5.098321765e-12,4.96147e-08
2.9384,2.328589155e-10,5.032330108e-12,5.07491e-08
2.9392,2.378402565e-10,4.955058586e-12,5.1876e-08
2.94,2.427756182e-10,4.866684833e-12,5.2995e-08
2.9408,2.476644695e-10,4.767386486e-12,5.41061e-08
2.9416,2.525062791e-10,4.657429997e-12,5.52092e-08
2.9424,2.573005159e-10,4.537081821e-12,5.63039e-08
2.9432,2.620466486e-10,4.406430776e-12,5.73902e-08
2.944,2.66744146e-10,4.265832132e-12,5.84679e-08
2.9448,2.713924769e-10,4.115641161e-12,5.95368e-08
2.9456,2.759911101e-10,3.956213135e-12,6.05967e-08
2.9464,2.805395143e-10,3.787814506e-12,6.16474e-08
2.9472,2.850371583e-10,3.61071173e-12,6.26887e-08
2.948,2.89483511e-10,3.425348893e-12,6.37204e-08
2.9488,2.93878041e-10,3.232170087e-12,6.47423e-08
2.9496,2.982202173e-10,3.031530582e-12,6.57543e-08
2.9504,3.025095085e-10,2.823874468e-12,6.6756e-08
2.9512,3.067453835e-10,2.609734651e-12,6.77472e-08
2.952,3.10927311e-10,2.389466403e-12,6.87278e-08
2.9528,3.150547598e-10,2.163780266e-12,6.96975e-08
2.9536,3.191271987e-10,1.932853877e-12,7.06561e-08
2.9544,3.231440965e-10,1.697575414e-12,7.16033e-08
2.9552,3.27104922e-10,1.458388965e-12,7.25389e-08
2.956,3.310091439e-10,1.215738621e-12,7.34626e-08
2.9568,3.34856231e-10,9.704237414e-13,7.43742e-08
2.9576,3.386456522e-10,7.22799598e-13,7.52734e-08
2.9584,3.423768762e-10,4.740208226e-13,7.616e-08
2.9592,3.460493718e-10,2.241762331e-13,7.70337e-08
2.96,3.496626077e-10,-2.575717417e-14,7.78943e-08
2.9608,3.532160528e-10,-2.750688566e-13,7.87413e-08
2.9616,3.567091758e-10,-5.23225907e-13,7.95747e-08
2.9624,3.601414455e-10,-7.692513293e-13,8.03941e-08
2.9632,3.635123307e-10,-1.012434581e-12,8.11991e-08
2.964,3.668213003e-10,-1.252153936e-12,8.19896e-08
2.9648,3.700678228e-10,-1.487432399e-12,8.27652e-08
2.9656,3.732513673e-10,-1.717381792e-12,8.35255e-08
2.9664,3.763714023e-10,-1.94138039e-12,8.42704e-08
2.9672,3.794273968e-10,-2.158362378e-12,8.49995e-08
2.968,3.824188195e-10,-2.367528396e-12,8.57124e-08
2.9688,3.853451392e-10,-2.567990265e-12,8.64089e-08
2.9696,3.882058246e-10,-2.758770989e-12,8.70887e-08
2.9704,3.910003446e-10,-2.938804755e-12,8.77513e-08
2.9712,3.93728168e-10,-3.107381019e-12,8.83964e-08
2.972,3.963887634e-10,-3.26334515e-12,8.90238e-08
2.9728,3.989815998e-10,-3.405808968e-12,8.96331e-08
2.9736,4.015061458e-10,-3.533440207e-12,9.02239e-08
2.9744,4.039618703e-10,-3.645528324e-12,9.07959e-08
2.9752,4.06348242e-10,-3.740829868e-12,9.13487e-08
2.976,4.086647298e-10,-3.768185763e-12,9.18708e-08
2.9768,4.109108024e-10,-3.617817157e-12,9.23376e-08
2.9776,4.130859286e-10,-3.467270915e-12,9.27886e-08
2.9784,4.151895772e-10,-3.316280583e-12,9.32236e-08
2.9792,4.17221217e-10,-3.165645523e-12,9.36426e-08
2.98,4.191803167e-10,-3.015365735e-12,9.40455e-08
2.9808,4.210663451e-10,-2.865707671e-12,9.44323e-08
2.9816,4.228787711e-10,-2.717026604e-12,9.48029e-08
2.9824,4.246170633e-10,-2.56941135e-12,9.51572e-08
2.9832,4.262806907e-10,-2.423306e-12,9.54952e-08
2.984,4.278691219e-10,-2.278888189e-12,9.58169e-08
2.9848,4.293818258e-10,-2.136246735e-12,9.61221e-08
2.9856,4.308182711e-10,-1.995559273e-12,9.64107e-08
2.9864,4.321779266e-10,-1.857358711e-12,9.66828e-08
2.9872,4.334602611e-10,-1.721467413e-12,9.69382e-08
2.988,4.346647434e-10,-1.588373877e-12,9.71768e-08
2.9888,4.357908423e-10,-1.457944876e-12,9.73986e-08
2.9896,4.368380265e-10,-1.330580091e-12,9.76035e-08
2.9904,4.378057649e-10,-1.206457156e-12,9.77914e-08
2.9912,4.386935261e-10,-1.085620482e-12,9.79623e-08
2.992,4.395007791e-10,-9.681144775e-13,9.81159e-08
2.9928,4.402269926e-10,-8.54294413e-13,9.82523e-08
2.9936,4.408716353e-10,-7.441602889e-13,9.83714e-08
2.9944,4.414341761e-10,-6.378009232e-13,9.8473e-08
2.9952,4.419140837e-10,-5.354827692e-13,9.85571e-08
2.996,4.423108269e-10,-4.371614182e-13,9.86236e-08
2.9968,4.426238746e-10,-3.4283687e-13,9.86723e-08
2.9976,4.428526954e-10,-2.528643961e-13,9.87032e-08
2.9984,4.429967582e-10,-1.671107697e-13,9.87162e-08
2.9992,4.430555317e-10,-8.562039966e-14,9.87112e-08
3,4.430284848e-10,-8.615330671e-15,9.8688e-08
3.0008,4.429150862e-10,6.403766406e-14,9.86466e-08
3.0016,4.427148047e-10,1.321609489e-13,9.85868e-08
3.0024,4.42427109e-10,1.958433415e-13,9.85085e-08
3.0032,4.420514681e-10,2.550404332e-13,9.84116e-08
3.004,4.415873506e-10,3.096189971e-13,9.82961e-08
3.0048,4.410342253e-10,3.597566689e-13,9.81617e-08
3.0056,4.403915611e-10,4.053202218e-13,9.80084e-08
3.0064,4.396588266e-10,4.463984737e-13,9.7836e-08
3.0072,4.388354908e-10,4.829914246e-13,9.76445e-08
3.008,4.379210223e-10,5.151878923e-13,9.74336e-08
3.0088,4.369148899e-10,5.430766947e-13,9.72033e-08
3.0096,4.358165625e-10,5.664801961e-13,9.69534e-08
3.0104,4.346255088e-10,5.85620441e-13,9.66838e-08
3.0112,4.333411976e-10,6.005862474e-13,9.63944e-08
3.012,4.319630977e-10,6.113332063e-13,9.6085e-08
3.0128,4.304906779e-10,6.180389533e-13,9.57556e-08
3.0136,4.289234069e-10,6.208811243e-13,9.54058e-08
3.0144,4.272607535e-10,6.198597191e-13,9.50357e-08
3.0152,4.255021866e-10,6.150635556e-13,9.4645e-08
3.016,4.236471749e-10,6.066258607e-13,9.42337e-08
3.0168,4.216951871e-10,5.947686788e-13,9.38015e-08
3.0176,4.196456921e-10,5.795364189e-13,9.33484e-08
3.0184,4.174981587e-10,5.611511256e-13,9.28741e-08
3.0192,4.152520556e-10,5.397016167e-13,9.23786e-08
3.02,4.129068516e-10,5.15365528e-13,9.18616e-08
3.0208,4.104620155e-10,4.882316773e-13,9.1323e-08
3.0216,4.079170161e-10,4.587885627e-13,9.07627e-08
3.0224,4.052713222e-10,4.269917753e-13,9.01804e-08
3.0232,4.025244026e-10,3.929745418e-13,8.95761e-08
3.024,3.996757259e-10,3.571365426e-13,8.89496e-08
3.0248,3.967247611e-10,3.195665954e-13,8.83006e-08
3.0256,3.936709769e-10,2.804867449e-13,8.7629e-08
3.0264,3.90513842e-10,2.402522625e-13,8.69347e-08
3.0272,3.872528254e-10,1.989963749e-13,8.62175e-08
3.028,3.838873957e-10,1.571631714e-13,8.54772e-08
3.0288,3.804170217e-10,1.14663834e-13,8.47136e-08
3.0296,3.768411722e-10,7.207567876e-14,8.39266e-08
3.0304,3.731593161e-10,2.957634138e-14,8.31159e-08
3.0312,3.69370922e-10,-1.256772464e-14,8.22814e-08
3.032,3.654754588e-10,-5.400124792e-14,8.14229e-08
3.0328,3.614723952e-10,-9.445777494e-14,8.05402e-08
3.0336,3.573612001e-10,-1.336264432e-13,7.96332e-08
3.0344,3.531413422e-10,-1.711075726e-13,7.87015e-08
3.0352,3.488122903e-10,-2.066791183e-13,7.77451e-08
3.036,3.443735132e-10,-2.399414001e-13,7.67638e-08
3.0368,3.398244796e-10,-2.705391466e-13,7.57573e-08
3.0376,3.351646584e-10,-2.982503133e-13,7.47255e-08
3.0384,3.303935184e-10,-3.224087664e-13,7.36681e-08
3.0392,3.255105282e-10,-3.4283687e-13,7.25849e-08
3.04,3.205151568e-10,-3.591793529e-13,7.14758e-08
3.0408,3.154068728e-10,-3.709921259e-13,7.03406e-08
3.0416,3.101851451e-10,-3.777422819e-13,6.91789e-08
3.0424,3.048494425e-10,-3.792521852e-13,6.79907e-08
3.0432,2.993992337e-10,-3.749889288e-13,6.67757e-08
3.044,2.938339875e-10,-3.49587026e-13,6.55304e-08
3.0448,2.881531727e-10,-3.202327292e-13,6.42584e-08
3.0456,2.823562581e-10,-2.90034663e-13,6.29604e-08
3.0464,2.764427125e-10,-2.601030502e-13,6.16365e-08
3.0472,2.704120046e-10,-2.31015207e-13,6.02866e-08
3.048,2.642636033e-10,-2.036593116e-13,5.8911e-08
3.0488,2.579969772e-10,-1.785238624e-13,5.75095e-08
3.0496,2.516115953e-10,-1.560085394e-13,5.60821e-08
3.0504,2.451069263e-10,-1.363353874e-13,5.46288e-08
3.0512,2.384824389e-10,-1.19726451e-13,5.31494e-08
3.052,2.31737602e-10,-1.060485033e-13,5.16439e-08
3.0528,2.248718843e-10,-9.521272659e-14,5.01122e-08
3.0536,2.178847546e-10,-8.67750316e-14,4.85539e-08
3.0544,2.107756817e-10,-8.051337375e-14,4.69689e-08
3.0552,2.035441344e-10,-7.571721028e-14,4.5357e-08
3.056,1.961895815e-10,-7.167599847e-14,4.37179e-08
3.0568,1.887114918e-10,-6.736833313e-14,4.20511e-08
3.0576,1.811093339e-10,-6.203926262e-14,4.03565e-08
3.0584,1.733825768e-10,-5.426770144e-14,3.86336e-08
3.0592,1.655306892e-10,-4.307665336e-14,3.68821e-08
3.06,1.575531399e-10,-2.677857935e-14,3.51015e-08
3.0608,1.494493976e-10,-6.261657859e-15,3.32917e-08
3.0616,1.412189312e-10,5.86197757e-15,3.14557e-08
3.0624,1.328612095e-10,1.656452753e-14,2.95916e-08
3.0632,1.243757011e-10,3.059774656e-14,2.76983e-08
3.064,1.157618749e-10,5.044853424e-14,2.57751e-08
3.0648,1.070191998e-10,7.585043704e-14,2.3822e-08
3.0656,9.814714438e-11,1.042277376e-13,2.18394e-08
3.0664,8.914517753e-11,1.304734099e-13,1.98283e-08
3.0672,8.001276802e-11,1.469047106e-13,1.77904e-08
3.068,7.074938463e-11,1.442845843e-13,1.57275e-08
3.0688,6.135449613e-11,1.371791569e-13,1.36364e-08
3.0696,5.182757133e-11,1.389999227e-13,1.15138e-08
3.0704,4.216807899e-11,1.278976924e-13,9.36459e-09
3.070796327,3.733341522e-11,1.205258116e-13,8.2893e-09
3.070796327,3.733341522e-11,1.205258116e-13,8.2893e-09
3.0712,3.13988296e-11,1.164401908e-13,6.96826e-09
3.072,2.04436143e-11,1.175060049e-13,4.52771e-09
3.0728,1.053542157e-11,1.172395514e-13,2.32068e-09
3.0736,1.64867098e-12,1.063593658e-13,3.43555e-10
3.0744,-6.252521255e-12,9.348077867e-14,1.41359e-09
3.0752,-1.320766322e-11,7.802647417e-14,2.95943e-09
3.076,-1.92588928e-11,6.239453398e-14,4.30388e-09
3.0768,-2.445184738e-11,5.195843755e-14,5.4583e-09
3.0776,-2.883209349e-11,4.081179839e-14,6.43154e-09
3.0784,-3.245586802e-11,3.126388037e-14,7.23662e-09
3.0792,-3.537366385e-11,2.837730051e-14,7.88592e-09
3.08,-3.764055532e-11,3.264055692e-14,8.39183e-09
3.0808,-3.930899941e-11,4.094502515e-14,8.76533e-09
3.0816,-4.04324665e-11,4.631850459e-14,9.01678e-09
3.0824,-4.106193545e-11,4.081179839e-14,9.15577e-09
3.0832,-4.124867386e-11,2.802202914e-14,9.19452e-09
3.084,-4.104067904e-11,1.225686219e-14,9.14468e-09
3.0848,-4.048542623e-11,2.087219286e-15,9.01873e-09
3.0856,-3.96270603e-11,2.176037128e-15,8.82754e-09
3.0864,-3.850851218e-11,1.323385845e-14,8.58085e-09
3.0872,-3.716814836e-11,3.224087664e-14,8.28651e-09
3.088,-3.564302204e-11,5.231370892e-14,7.95126e-09
3.0888,-3.396727193e-11,6.279421427e-14,7.58031e-09
3.0896,-3.217350461e-11,5.053735208e-14,7.17801e-09
3.0904,-3.029296709e-11,3.388400671e-14,6.75541e-09
3.0912,-2.835275976e-11,2.087219286e-14,6.32032e-09
3.092,-2.637809671e-11,9.059419881e-15,5.87783e-09
3.0928,-2.438869746e-11,-3.463895837e-15,5.43189e-09
3.0936,-2.240517782e-11,-1.754152379e-14,4.98692e-09
3.0944,-2.044446483e-11,-3.348432642e-14,4.54661e-09
3.0952,-1.852250679e-11,-5.067057884e-14,4.11466e-09
3.096,-1.66519957e-11,-6.803446695e-14,3.69413e-09
3.0968,-1.484279974e-11,-8.335554469e-14,3.28772e-09
3.0976,-1.31044128e-11,-9.392486788e-14,2.89813e-09
3.0984,-1.144652472e-11,-9.610090501e-14,2.52834e-09
3.0992,-9.87278466e-12,-9.094947018e-14,2.17894e-09
3.1,-8.386470949e-12,-8.27338198e-14,1.84969e-09
3.1008,-6.995218468e-12,-7.30082661e-14,1.54195e-09
3.1016,-5.698258112e-12,-6.368239269e-14,1.25512e-09
3.1024,-4.495388631e-12,-5.617728505e-14,9.88849e-10
3.1032,-3.388666228e-12,-5.14255305e-14,7.43382e-10
3.104,-2.377651453e-12,-5.009326287e-14,5.18471e-10
3.1048,-1.458887391e-12,-5.22693e-14,3.13329e-10
3.1056,-6.301322444e-13,-5.750955268e-14,1.27554e-10
3.1064,1.088784634e-13,-6.501466032e-14,3.87353e-11
3.1072,7.635820779e-13,-7.371880884e-14,1.86512e-10
3.108,1.338705999e-12,-8.18900503e-14,3.16443e-10
3.1088,1.836208479e-12,-8.744116542e-14,4.28499e-10
3.1096,2.261529501e-12,-8.779643679e-14,5.2332e-10
3.1104,2.619372441e-12,-7.971401317e-14,6.01231e-10
3.1112,2.914529374e-12,-6.776801342e-14,6.64317e-10
3.112,3.151825188e-12,-5.808686865e-14,7.15019e-10
3.1128,3.336035288e-12,-5.004885395e-14,7.54262e-10
3.1136,3.47166737e-12,-4.285460875e-14,7.82872e-10
3.1144,3.562671306e-12,-3.592681708e-14,8.016e-10
3.1152,3.61325234e-12,-2.882138972e-14,8.11284e-10
3.116,3.626962786e-12,-2.118305531e-14,8.12637e-10
3.1168,3.60685356e-12,-1.301181385e-14,8.06337e-10
3.1176,3.555388425e-12,-3.863576126e-15,7.92835e-10
3.1184,3.476749028e-12,5.86197757e-15,7.73152e-10
3.1192,3.381903289e-12,1.6298074e-14,7.497e-10
3.12,3.268624324e-12,2.70894418e-14,7.22063e-10
3.1208,3.139494325e-12,3.779199176e-14,6.90915e-10
3.1216,2.996672767e-12,4.805045251e-14,6.56815e-10
3.1224,2.841855904e-12,5.706546347e-14,6.20321e-10
3.1232,2.677604651e-12,6.425970867e-14,5.82131e-10
3.124,2.511600871e-12,6.865619184e-14,5.44174e-10
3.1248,2.341920295e-12,6.936673458e-14,5.06219e-10
3.1256,2.170059701e-12,6.741274206e-14,4.68372e-10
3.1264,1.997196804e-12,6.75015599e-14,4.29846e-10
3.1272,1.824174489e-12,6.785683127e-14,3.91226e-10
3.128,1.652283943e-12,6.830092047e-14,3.52838e-10
3.1288,1.486957984e-12,6.838973832e-14,3.15991e-10
3.1296,1.326367294e-12,6.759037774e-14,2.80397e-10
3.1304,1.171297963e-12,6.594724766e-14,2.46221e-10
3.1312,1.022360778e-12,6.310507672e-14,2.13677e-10
3.132,8.799920382e-13,5.897504707e-14,1.82884e-10
3.1328,7.446462335e-13,5.346834087e-14,1.53962e-10
3.1336,6.181519644e-13,4.654054919e-14,1.27328e-10
3.1344,4.999093523e-13,3.828048989e-14,1.02829e-10
3.1352,3.901186352e-13,2.882138972e-14,8.04802e-11
3.136,2.888855479e-13,1.82076576e-14,6.02944e-11
3.1368,1.962274828e-13,6.883382753e-15,4.2177e-11
3.1376,1.120805181e-13,-5.018208071e-15,2.60841e-11
3.1384,3.631549264e-14,-1.723066134e-14,1.19276e-11
3.1392,-3.128177693e-14,-2.908784325e-14,4.88706e-13
3.14,-9.098275471e-14,-4.023448241e-14,1.13043e-11
3.1408,-1.431159558e-13,-5.018208071e-14,2.07013e-11
3.1416,-1.88060751e-13,-5.835332217e-14,2.88928e-11
3.1424,-2.261962401e-13,-6.399325514e-14,3.61313e-11
3.1432,-2.570595157e-13,-6.639133687e-14,4.2472e-11
3.144,-2.817668885e-13,-6.488143356e-14,4.8312e-11
3.1448,-3.008840902e-13,-5.844214002e-14,5.40048e-11
3.1456,-3.150395148e-13,-4.680700272e-14,5.97497e-11
3.1464,-3.24924219e-13,-3.583799923e-14,6.43949e-11
3.1472,-3.312420542e-13,-2.606803662e-14,6.79785e-11
3.148,-3.309878075e-13,-1.736388811e-14,6.98608e-11
3.1488,-3.266191591e-13,-9.592326933e-15,7.06188e-11
3.1496,-3.185169555e-13,-2.531308496e-15,7.03869e-11
3.1504,-3.070716597e-13,3.5971226e-15,6.92025e-11
3.1512,-2.926833515e-13,9.192646644e-15,6.72439e-11
3.152,-2.757617273e-13,1.407762795e-14,6.45627e-11
3.1528,-2.567261005e-13,1.856292897e-14,6.13216e-11
3.1536,-2.360054011e-13,2.251532294e-14,5.75864e-11
3.1544,-2.140381758e-13,2.60236277e-14,5.34746e-11
3.1552,-1.91272588e-13,2.926547893e-14,4.91256e-11
3.156,-1.681664182e-13,3.206324095e-14,4.46018e-11
3.1568,-1.451870631e-13,3.463895837e-14,4.00568e-11
3.1576,-1.209276957e-13,3.699263118e-14,3.51773e-11
3.1584,-9.694992407e-14,3.912425939e-14,3.0311e-11
3.1592,-7.373128048e-14,4.094502515e-14,2.55445e-11
3.16,-5.165405381e-14,4.25437463e-14,2.09829e-11
3.1608,-3.110243891e-14,4.40092407e-14,1.67314e-11
3.1616,-1.246253664e-14,4.520828156e-14,1.28464e-11
3.1624,3.877646164e-15,4.618527782e-14,9.42417e-12
3.1632,1.752819665e-14,4.685141164e-14,6.53184e-12
3.164,2.809729597e-14,4.725109193e-14,4.26657e-12
3.1648,3.519121928e-14,4.733990977e-14,2.70616e-12
3.1656,3.841433572e-14,4.702904732e-14,1.91896e-12
3.1664,3.736910846e-14,4.636291351e-14,2.0034e-12
3.1672,4.523778561e-14,4.50750548e-14,3.62488e-14
3.168,5.36877405e-14,4.33875158e-14,2.29441e-12
3.1688,6.078755467e-14,4.107825191e-14,4.39031e-12
3.1696,6.644362494e-14,3.805844528e-14,6.32289e-12
3.1704,7.056234808e-14,3.432809592e-14,8.0713e-12
3.1712,7.30501209e-14,2.970956814e-14,9.65425e-12
3.172,7.38133402e-14,2.411404409e-14,1.10707e-11
3.1728,7.275840277e-14,1.71418435e-14,1.23888e-11
3.1736,6.97917054e-14,1.030286967e-14,1.32513e-11
3.1744,6.48196449e-14,3.819167205e-15,1.35881e-11
3.1752,5.774861806e-14,-2.309263891e-15,1.33781e-11
3.176,4.848502168e-14,-7.993605777e-15,1.25808e-11
3.1768,4.322770852e-14,-1.318944953e-14,1.25671e-11
3.1776,3.895979248e-14,-1.780797731e-14,1.26452e-11
3.1784,3.427708853e-14,-2.184918912e-14,1.25023e-11
3.1792,2.923444277e-14,-2.51798582e-14,1.2121e-11
3.18,2.388670133e-14,-2.79332113e-14,1.15431e-11
3.1808,1.828871032e-14,-2.993161274e-14,1.07412e-11
3.1816,1.249531585e-14,-3.113065361e-14,9.71783e-12
3.1824,6.561364053e-15,-3.17523785e-14,8.53451e-12
3.1832,5.417010351e-16,-3.15303339e-14,7.14415e-12
3.184,-5.508827086e-15,-3.050892872e-14,5.56886e-12
3.1848,-1.153537419e-14,-2.886579864e-14,3.86041e-12
3.1856,-1.748309417e-14,-2.633449014e-14,1.97168e-12
3.1864,-2.392028101e-14,-2.318145675e-14,1.64576e-13
3.1872,-3.059543487e-14,-1.936228955e-14,2.50222e-12
3.188,-3.725312177e-14,-1.487698853e-14,4.98436e-12
3.1888,-4.385487402e-14,-9.636735854e-15,7.6222e-12
3.1896,-5.036222391e-14,-3.952393968e-15,1.03379e-11
3.1904,-5.673670375e-14,2.309263891e-15,1.31527e-11
3.1912,-6.293984585e-14,9.148237723e-15,1.60579e-11
3.192,-6.893318249e-14,1.625366508e-14,1.89757e-11
3.1928,-7.4678246e-14,2.380318165e-14,2.19371e-11
3.1936,-8.013656866e-14,3.166356066e-14,2.49039e-11
3.1944,-8.526968278e-14,3.961275752e-14,2.7818e-11
3.1952,-9.003912066e-14,4.773959006e-14,3.06907e-11
3.196,-9.440641461e-14,5.58664226e-14,3.34738e-11
3.1968,-9.833309692e-14,6.39044373e-14,3.6139e-11
3.1976,-1.017806999e-13,7.172040739e-14,3.8648e-11
3.1984,-1.047107559e-13,7.922551504e-14,4.09724e-11
3.1992,-1.070847971e-13,8.633094239e-14,4.3084e-11
3.2,-1.088643559e-13,9.285905378e-14,4.49346e-11
3.2008,-1.100109646e-13,9.876544027e-14,4.65056e-11
3.2016,-1.104861554e-13,1.037392394e-13,4.77194e-11
3.2024,-1.102514608e-13,1.078692691e-13,4.85871e-11
3.2032,-1.092684129e-13,1.108002579e-13,4.9021e-11
3.204,-1.074985441e-13,1.124877969e-13,4.90027e-11
3.2048,-1.049033867e-13,1.126654325e-13,4.84642e-11
3.2056,-1.040943824e-13,1.112443471e-13,4.79674e-11
3.2064,-1.049022707e-13,1.080024958e-13,4.74252e-11
3.2072,-1.054372841e-13,1.029398788e-13,4.64167e-11
3.208,-1.056917405e-13,9.561240688e-14,4.48412e-11
3.2088,-1.056579575e-13,8.579803534e-14,4.26475e-11
3.2096,-1.053282529e-13,7.354117315e-14,3.98438e-11
3.2104,-1.046949443e-13,5.848654894e-14,3.63492e-11
3.2112,-1.037503494e-13,4.04121181e-14,3.21127e-11
3.212,-1.02486786e-13,1.922906279e-14,2.71126e-11
3.2128,-1.008965718e-13,-2.531308496e-15,2.19112e-11
3.2136,-9.897202438e-14,-2.15827356e-14,1.72387e-11
3.2144,-9.670546152e-14,-3.881339694e-14,1.28957e-11
3.2152,-9.408920093e-14,-5.444533713e-14,8.8308e-12
3.216,-9.11155603e-14,-6.843414724e-14,5.05236e-12
3.2168,-8.777685733e-14,-8.091305403e-14,1.52894e-12
3.2176,-8.406540973e-14,-9.192646644e-14,1.75108e-12
3.2184,-7.99735352e-14,-1.015187934e-13,4.79928e-12
3.2192,-7.549355144e-14,-1.097344438e-13,7.62727e-12
3.22,-7.061777615e-14,-1.167066443e-13,1.02664e-11
3.2208,-6.533852704e-14,-1.224798041e-13,1.27284e-11
3.2216,-5.964812182e-14,-1.270539229e-13,1.50149e-11
3.2224,-5.353887818e-14,-1.305178188e-13,1.71473e-11
3.2232,-4.956901743e-14,-1.329603094e-13,1.85757e-11
3.224,-4.605509343e-14,-1.344258038e-13,1.96849e-11
3.2248,-4.252644622e-14,-1.34869893e-13,2.05698e-11
3.2256,-3.899291962e-14,-1.344702127e-13,2.12679e-11
3.2264,-3.546435743e-14,-1.33226763e-13,2.17769e-11
3.2272,-3.195060348e-14,-1.311839526e-13,2.21046e-11
3.228,-2.846150159e-14,-1.284750084e-13,2.22783e-11
3.2288,-2.500689557e-14,-1.250555215e-13,2.22862e-11
3.2296,-2.159662924e-14,-1.210143097e-13,2.21456e-11
3.2304,-1.824054643e-14,-1.163069641e-13,2.18446e-11
3.2312,-1.494849094e-14,-1.111999381e-13,2.14403e-11
3.232,-1.173030661e-14,-1.055155963e-13,2.0891e-11
3.2328,-8.595837233e-15,-9.943157409e-14,2.0234e-11
3.2336,-5.554926644e-15,-9.29034627e-14,1.94572e-11
3.2344,-2.617418656e-15,-8.602007995e-14,1.85782e-11
3.2352,2.068429126e-16,-7.887024367e-14,1.76147e-11
3.236,2.908014243e-15,-7.140954494e-14,1.65545e-11
3.2368,5.476251518e-15,-6.372680161e-14,1.54152e-11
3.2376,7.901710919e-15,-5.58664226e-14,1.42046e-11
3.2384,1.017454863e-14,-4.78284079e-14,1.29204e-11
3.2392,1.228492083e-14,-3.970157536e-14,1.15802e-11
3.24,1.426908115e-14,-3.148592498e-14,1.01921e-11
3.2408,1.65291691e-14,-2.322586568e-14,8.85557e-12
3.2416,1.866470238e-14,-1.492139745e-14,7.48142e-12
3.2424,2.066879089e-14,-6.705747069e-15,6.09777e-12
3.2432,2.25345445e-14,1.509903313e-15,4.68331e-12
3.244,2.42550731e-14,9.636735854e-15,3.25628e-12
3.2448,2.582348657e-14,1.763034163e-14,1.82505e-12
3.2456,2.723289478e-14,2.549072065e-14,3.88075e-13
3.2464,2.847640762e-14,3.312905505e-14,1.03639e-12
3.2472,2.954713496e-14,4.06341627e-14,2.46967e-12
3.248,3.043818669e-14,4.787281682e-14,3.88362e-12
3.2488,3.11426727e-14,5.48006085e-14,5.26988e-12
3.2496,3.165370285e-14,6.150635556e-14,6.64978e-12
3.2504,3.196438703e-14,6.790124019e-14,8.00505e-12
3.2512,3.206783512e-14,7.398526236e-14,9.33725e-12
3.252,3.1957157e-14,7.966960425e-14,1.06281e-11
3.2528,3.162546256e-14,8.499867477e-14,1.18891e-11
3.2536,3.106586166e-14,8.992806499e-14,1.31118e-11
3.2544,3.02714642e-14,9.454659278e-14,1.43175e-11
3.2552,2.923538005e-14,9.858780459e-14,1.54485e-11
3.256,2.79507191e-14,1.02273745e-13,1.65557e-11
3.2568,2.641059122e-14,1.055155963e-13,1.76209e-11
3.2576,2.518592593e-14,1.082245404e-13,1.84971e-11
3.2584,2.485256826e-14,1.104449865e-13,1.9066e-11
3.2592,2.447037574e-14,1.122213433e-13,1.95468e-11
3.26,2.404229884e-14,1.134647931e-13,1.99192e-11
3.2608,2.357128804e-14,1.14086518e-13,2.01626e-11
3.2616,2.306029382e-14,1.142641537e-13,2.0316e-11
3.2624,2.251226665e-14,1.139088823e-13,2.03589e-11
3.2632,2.1930157e-14,1.129318861e-13,2.02709e-11
3.264,2.131691537e-14,1.114663917e-13,2.00811e-11
3.2648,2.067549221e-14,1.093347635e-13,1.97491e-11
3.2656,2.000883801e-14,1.067146371e-13,1.9314e-11
3.2664,1.931990324e-14,1.034727859e-13,1.87453e-11
3.2672,1.861163839e-14,9.965361869e-14,1.80524e-11
3.268,1.788699392e-14,9.534595335e-14,1.72542e-11
3.2688,1.714892032e-14,9.028333636e-14,1.62909e-11
3.2696,1.640036806e-14,8.477663016e-14,1.5231e-11
3.2704,1.564428761e-14,7.860379014e-14,1.40244e-11
3.2712,1.488362946e-14,7.189804307e-14,1.27002e-11
3.272,1.412134408e-14,6.457057111e-14,1.12377e-11
3.2728,1.336038195e-14,5.666578318e-14,9.64642e-12
3.2736,1.260369353e-14,4.822808819e-14,7.93545e-12
3.2744,1.185422932e-14,3.921307723e-14,6.09427e-12
3.2752,1.111493978e-14,2.96207503e-14,4.12223e-12
3.276,1.03887754e-14,1.949551631e-14,2.02856e-12
3.2768,9.678686644e-15,8.837375276e-15,1.87405e-13
3.2776,8.987623993e-15,-2.398081733e-15,2.5362e-12
3.2784,8.318537925e-15,-1.412203687e-14,4.99871e-12
3.2792,7.674378915e-15,-2.642330799e-14,7.59537e-12
3.28,7.05809744e-15,-3.916866831e-14,1.02972e-11
3.2808,6.472643976e-15,-5.244693568e-14,1.31245e-11
3.2816,5.920969001e-15,-5.964118088e-14,1.46042e-11
3.2824,5.406022989e-15,-6.163958233e-14,1.49346e-11
3.2832,4.930756419e-15,-6.346034809e-14,1.52343e-11
3.284,4.498119766e-15,-6.510347816e-14,1.5504e-11
3.2848,4.111063507e-15,-6.65467681e-14,1.57393e-11
3.2856,3.772538118e-15,-6.779021788e-14,1.59408e-11
3.2864,3.485494076e-15,-6.883382753e-14,1.61094e-11
3.2872,3.252881858e-15,-6.967759703e-14,1.62455e-11
3.288,3.077651939e-15,-7.041034422e-14,1.63697e-11
3.2888,2.962754797e-15,-7.096545573e-14,1.64678e-11
3.2896,2.911140907e-15,-7.13207271e-14,1.65354e-11
3.2904,2.925760747e-15,-7.154277171e-14,1.65881e-11
3.2912,3.009564793e-15,-7.163158955e-14,1.66266e-11
3.292,3.165503521e-15,-7.156497617e-14,1.66465e-11
3.2928,2.508010021e-15,-7.140954494e-14,1.64654e-11
3.2936,1.751942683e-15,-7.100986466e-14,1.62079e-11
3.2944,9.9936586e-16,-7.056577545e-14,1.59414e-11
3.2952,2.511970274e-16,-7.003286839e-14,1.5656e-11
3.296,-4.916463404e-16,-6.93001212e-14,1.53273e-11
3.2968,-1.228246769e-15,-6.854516954e-14,1.49951e-11
3.2976,-1.957686783e-15,-6.767919558e-14,1.46397e-11
3.2984,-2.679048909e-15,-6.667999486e-14,1.42564e-11
3.2992,-3.391415671e-15,-6.554756737e-14,1.38455e-11
3.3,-4.093869596e-15,-6.441513989e-14,1.34368e-11
3.3008,-4.785493208e-15,-6.314948564e-14,1.30008e-11
3.3016,-5.465369033e-15,-6.181721801e-14,1.25526e-11
3.3024,-6.132579596e-15,-6.035172362e-14,1.20775e-11
3.3032,-6.786207423e-15,-5.893063815e-14,1.16153e-11
3.304,-7.425335039e-15,-5.737632591e-14,1.11268e-11
3.3048,-8.049044969e-15,-5.577760476e-14,1.06317e-11
3.3056,-8.656419739e-15,-5.411227022e-14,1.01254e-11
3.3064,-9.246541874e-15,-5.242473122e-14,9.61809e-12
3.3072,-9.8184939e-15,-5.062616992e-14,9.09005e-12
3.308,-1.037135834e-14,-4.887201754e-14,8.57615e-12
3.3088,-1.090421772e-14,-4.702904732e-14,8.04693e-12
3.3096,-1.141615457e-14,-4.514166818e-14,7.51247e-12
3.3104,-1.190625142e-14,-4.325428904e-14,6.98288e-12
3.3112,-1.237359078e-14,-4.132250098e-14,6.44847e-12
3.312,-1.281725518e-14,-3.936850845e-14,5.91438e-12
3.3128,-1.323632715e-14,-3.745892485e-14,5.39566e-12
3.3136,-1.362988921e-14,-3.541611449e-14,4.85295e-12
3.3144,-1.399702389e-14,-3.346212196e-14,4.33592e-12
3.3152,-1.433681372e-14,-3.146372052e-14,3.81508e-12
3.316,-1.464834122e-14,-2.944311461e-14,3.29559e-12
3.3168,-1.493068891e-14,-2.748912209e-14,2.79743e-12
3.3176,-1.518293932e-14,-2.544631172e-14,2.2862e-12
3.3184,-1.540417498e-14,-2.347011474e-14,1.79672e-12
3.3192,-1.559347841e-14,-2.144950884e-14,1.30445e-12
3.32,-1.574993214e-14,-1.951772077e-14,8.39288e-13
3.3208,-1.587261869e-14,-1.754152379e-14,3.71754e-13
3.3216,-1.596062058e-14,-1.563194019e-14,7.32147e-14
3.3224,-1.601302035e-14,-1.36557432e-14,5.25091e-13
3.3232,-1.602890052e-14,-1.176836406e-14,9.49049e-13
3.324,-1.600734361e-14,-9.858780459e-15,1.36961e-12
3.3248,-1.594743215e-14,-8.082423619e-15,1.75196e-12
3.3256,-1.584824866e-14,-6.239453398e-15,2.14039e-12
3.3264,-1.570887567e-14,-4.485301019e-15,2.50009e-12
3.3272,-1.574756941e-14,-2.731148641e-15,2.89945e-12
3.328,-1.606637233e-14,-1.021405183e-15,3.35132e-12
3.3288,-1.637847546e-14,6.661338148e-16,3.79674e-12
3.3296,-1.668376859e-14,2.26485497e-15,4.22087e-12
3.3304,-1.698214154e-14,3.863576126e-15,4.64345e-12
3.3312,-1.727348411e-14,5.373479439e-15,5.04469e-12
3.332,-1.75576861e-14,6.861178292e-15,5.43938e-12
3.3328,-1.783463731e-14,8.304468224e-15,5.82257e-12
3.3336,-1.810422754e-14,9.703349235e-15,6.19423e-12
3.3344,-1.83663466e-14,1.10134124e-14,6.54444e-12
3.3352,-1.86208843e-14,1.230127111e-14,6.88801e-12
3.336,-1.886773043e-14,1.350031198e-14,7.21009e-12
3.3368,-1.91067748e-14,1.467714839e-14,7.52548e-12
3.3376,-1.933790721e-14,1.576516695e-14,7.81933e-12
3.3384,-1.956101747e-14,1.678657213e-14,8.09655e-12
3.3392,-1.977599537e-14,1.778577285e-14,8.36701e-12
3.34,-1.998273072e-14,1.869615573e-14,8.61585e-12
3.3408,-2.018111333e-14,1.956212969e-14,8.85294e-12
3.3416,-2.037103299e-14,2.033928581e-14,9.06836e-12
3.3424,-2.055237952e-14,2.104982855e-14,9.26703e-12
3.3432,-2.07250427e-14,2.173816682e-14,9.45882e-12
3.344,-2.088891236e-14,2.231548279e-14,9.62392e-12
3.3448,-2.104387828e-14,2.282618539e-14,9.7722e-12
3.3456,-2.118983028e-14,2.329247906e-14,9.90858e-12
3.3464,-2.132665815e-14,2.366995489e-14,1.00231e-11
3.3472,-2.14542517e-14,2.398081733e-14,1.01208e-11
3.348,-2.157250073e-14,2.424727086e-14,1.02065e-11
3.3488,-2.168129505e-14,2.440270208e-14,1.02654e-11
3.3496,-2.178052446e-14,2.451372438e-14,1.03122e-11
3.3504,-2.187007875e-14,2.453592884e-14,1.03371e-11
3.3512,-2.194984775e-14,2.451372438e-14,1.03499e-11
3.352,-2.201972124e-14,2.442490654e-14,1.03457e-11
3.3528,-2.207958903e-14,2.42250664e-14,1.03145e-11
3.3536,-2.212934092e-14,2.400302179e-14,1.02761e-11
3.3544,-2.216886672e-14,2.369215935e-14,1.02157e-11
3.3552,-2.219805623e-14,2.32702746e-14,1.01282e-11
3.356,-2.221679926e-14,2.287059431e-14,1.00434e-11
3.3568,-2.22249856e-14,2.233768726e-14,9.92648e-12
3.3576,-2.222250506e-14,2.176037128e-14,9.79733e-12
3.3584,-2.220924744e-14,2.113864639e-14,9.65589e-12
3.3592,-2.218510255e-14,2.038369473e-14,9.48234e-12
3.36,-2.214996019e-14,1.962874308e-14,9.30635e-12
3.3608,-2.210371016e-14,1.878497358e-14,9.10809e-12
3.3616,-2.204624227e-14,1.785238624e-14,8.88755e-12
3.3624,-2.197744631e-14,1.689759443e-14,8.65955e-12
3.3632,-2.18972121e-14,1.587618925e-14,8.41415e-12
3.364,-2.180542943e-14,1.481037515e-14,8.15629e-12
3.3648,-2.17019881e-14,1.363353874e-14,7.87111e-12
3.3656,-2.158677793e-14,1.243449788e-14,7.57835e-12
3.3664,-2.145968871e-14,1.119104809e-14,7.27306e-12
3.3672,-2.132061025e-14,9.880984919e-15,6.95026e-12
3.368,-2.116943235e-14,8.504308369e-15,6.60992e-12
3.3688,-2.100604481e-14,7.083222897e-15,6.25698e-12
3.3696,-2.083033744e-14,5.617728505e-15,5.8914e-12
3.3704,-2.064220004e-14,4.085620731e-15,5.5082e-12
3.3712,-2.044152241e-14,2.553512957e-15,5.12222e-12
3.372,-2.022819436e-14,9.547918012e-16,4.71858e-12
3.3728,-2.000210569e-14,-7.105427358e-16,4.29726e-12
3.3736,-1.976314619e-14,-2.375877273e-15,3.87307e-12
3.3744,-1.951120569e-14,-4.06341627e-15,3.44105e-12
3.3752,-1.924617397e-14,-5.795364189e-15,2.99621e-12
3.376,-1.896794084e-14,-7.549516567e-15,2.54349e-12
3.3768,-1.867639611e-14,-9.414691249e-15,2.06308e-12
3.3776,-1.837142957e-14,-1.123545701e-14,1.58956e-12
3.3784,-1.805293104e-14,-1.307842723e-14,1.10809e-12
3.3792,-1.772079031e-14,-1.494360191e-14,6.18628e-13
3.38,-1.737489718e-14,-1.680877659e-14,1.26105e-13
3.3808,-1.701514147e-14,-1.87183602e-14,3.79398e-13
3.3816,-1.664141297e-14,-2.065014826e-14,8.92959e-13
3.3824,-1.625360149e-14,-2.260414078e-14,1.4146e-12
3.3832,-1.585159683e-14,-2.451372438e-14,1.92952e-12
3.384,-1.543528878e-14,-2.644551245e-14,2.45256e-12
3.3848,-1.500456717e-14,-2.839950497e-14,2.98377e-12
3.3856,-1.455932178e-14,-3.037570195e-14,3.52315e-12
3.3864,-1.409944243e-14,-3.224087664e-14,4.04107e-12
3.3872,-1.362481891e-14,-3.419486916e-14,4.58205e-12
3.388,-1.313534103e-14,-3.60822483e-14,5.1115e-12
3.3888,-1.263089859e-14,-3.794742298e-14,5.63934e-12
3.3896,-1.21113814e-14,-3.981259766e-14,6.17054e-12
3.3904,-1.157667925e-14,-4.167777234e-14,6.70512e-12
3.3912,-1.102668195e-14,-4.345412918e-14,7.22332e-12
3.392,-1.046127931e-14,-4.523048602e-14,7.74496e-12
3.3928,-9.880361126e-15,-4.69846384e-14,8.2651e-12
3.3936,-9.283817201e-15,-4.869438186e-14,8.77884e-12
3.3944,-8.671537339e-15,-5.03597164e-14,9.28618e-12
3.3952,-8.043411344e-15,-5.191402863e-14,9.77233e-12
3.396,-7.399329019e-15,-5.349054533e-14,1.0267e-11
3.3968,-6.939662594e-15,-5.495603972e-14,1.06958e-11
3.3976,-6.687708707e-15,-5.637712519e-14,1.10685e-11
3.3984,-6.435463389e-15,-5.770939282e-14,1.14214e-11
3.3992,-6.183032788e-15,-5.901945599e-14,1.17695e-11
3.4,-5.930523054e-15,-6.01962924e-14,1.20879e-11
3.4008,-5.678040333e-15,-6.132871988e-14,1.23964e-11
3.4016,-5.425690775e-15,-6.237232952e-14,1.26851e-11
3.4024,-5.173580529e-15,-6.332712132e-14,1.29539e-11
3.4032,-4.921815742e-15,-6.41264819e-14,1.3188e-11
3.404,-4.670502564e-15,-6.488143356e-14,1.34122e-11
3.4048,-4.419747142e-15,-6.552536291e-14,1.36115e-11
3.4056,-4.169655626e-15,-6.605826997e-14,1.37859e-11
3.4064,-3.920334164e-15,-6.643574579e-14,1.39255e-11
3.4072,-3.671888904e-15,-6.672440378e-14,1.40452e-11
3.408,-3.424425995e-15,-6.6879835e-14,1.41349e-11
3.4088,-3.178051585e-15,-6.690203946e-14,1.41947e-11
3.4096,-2.932871823e-15,-6.674660824e-14,1.42147e-11
3.4104,-2.688992857e-15,-6.648015471e-14,1.42097e-11
3.4112,-2.446520837e-15,-6.608047443e-14,1.41747e-11
3.412,-2.205561909e-15,-6.548095399e-14,1.40948e-11
3.4128,-1.966222224e-15,-6.472600234e-14,1.398e-11
3.4136,-1.728607928e-15,-6.381561946e-14,1.38301e-11
3.4144,-1.492825172e-15,-6.272760089e-14,1.36403e-11
3.4152,-1.258980103e-15,-6.143974218e-14,1.34055e-11
3.416,-1.02717887e-15,-5.997424779e-14,1.31307e-11
3.4168,-7.975276216e-16,-5.830891325e-14,1.28109e-11
3.4176,-5.701325059e-16,-5.642153411e-14,1.24411e-11
3.4184,-3.450996715e-16,-5.435651929e-14,1.20312e-11
3.4192,-1.22535267e-16,-5.206945985e-14,1.15714e-11
3.42,9.745455904e-17,-4.958256028e-14,1.10664e-11
3.4208,3.147636582e-16,-4.682920718e-14,1.05015e-11
3.4216,5.29285882e-16,-4.385380947e-14,9.88648e-12
3.4224,7.409150818e-16,-4.06341627e-14,9.21644e-12
3.4232,9.495451093e-16,-3.717026686e-14,8.49132e-12
3.424,1.155069816e-15,-3.346212196e-14,7.7111e-12
3.4248,1.357383053e-15,-2.946531907e-14,6.86586e-12
3.4256,1.556378672e-15,-2.520206266e-14,5.96053e-12
3.4264,1.751950525e-15,-2.065014826e-14,4.99014e-12
3.4272,1.943992463e-15,-1.585398479e-14,3.96456e-12
3.428,2.132398337e-15,-1.072475442e-14,2.86397e-12
3.4288,2.317062e-15,-5.284661597e-15,1.69331e-12
3.4296,2.497877302e-15,4.218847494e-16,4.62434e-13
3.4304,2.674738095e-15,6.483702464e-15,8.4846e-13
3.4312,2.84753823e-15,1.283417816e-14,2.22456e-12
3.432,3.01617156e-15,1.951772077e-14,3.67578e-12
3.4328,3.180531935e-15,2.655653475e-14,5.20708e-12
3.4336,3.340513208e-15,3.395062009e-14,6.8185e-12
3.4344,3.496009228e-15,4.167777234e-14,8.50512e-12
3.4352,3.646913849e-15,4.979350265e-14,1.02793e-11
3.436,3.793120921e-15,5.832001548e-14,1.2146e-11
3.4368,3.934524297e-15,6.558087406e-14,1.37319e-11
3.4376,4.071017827e-15,7.09543535e-14,1.48985e-11
3.4384,4.202495363e-15,7.466249841e-14,1.56952e-11
3.4392,4.328850756e-15,7.691625115e-14,1.61691e-11
3.44,4.449977859e-15,7.789324741e-14,1.63597e-11
3.4408,4.565770522e-15,7.783773626e-14,1.63216e-11
3.4416,4.676122597e-15,7.691625115e-14,1.60917e-11
3.4424,4.780927935e-15,7.535083668e-14,1.57197e-11
3.4432,4.880080388e-15,7.325251516e-14,1.52302e-11
3.444,4.973473808e-15,7.077671782e-14,1.46579e-11
3.4448,5.061002046e-15,6.806777364e-14,1.4035e-11
3.4456,5.142558954e-15,6.530331831e-14,1.3401e-11
3.4464,5.218038382e-15,6.260547636e-14,1.27832e-11
3.4472,5.287334183e-15,6.00519634e-14,1.2199e-11
3.448,5.350340208e-15,5.775380174e-14,1.1673e-11
3.4488,5.406950308e-15,5.577760476e-14,1.12202e-11
3.4496,5.457058336e-15,5.427880367e-14,1.08752e-11
3.4504,5.500558141e-15,5.324629626e-14,1.06355e-11
3.4512,5.537343577e-15,5.279110482e-14,1.05259e-11
3.452,5.567308494e-15,5.293543381e-14,1.05514e-11
3.4528,5.590346744e-15,5.373479439e-14,1.07243e-11
3.4536,5.606352179e-15,5.521139101e-14,1.10497e-11
3.4544,5.615218649e-15,5.734301922e-14,1.15225e-11
3.4552,5.616840007e-15,6.017408793e-14,1.21528e-11
3.456,5.611110104e-15,6.369349492e-14,1.2938e-11
3.4568,5.597922792e-15,6.787903573e-14,1.38733e-11
3.4576,5.577171921e-15,7.269740365e-14,1.49513e-11
3.4584,5.548751344e-15,7.812639424e-14,1.61669e-11
3.4592,5.512554911e-15,8.407718965e-14,1.75005e-11
3.46,5.468476475e-15,9.053868766e-14,1.89497e-11
3.4608,5.416409887e-15,9.742207041e-14,2.04946e-11
3.4616,5.356248999e-15,1.046274178e-13,2.2113e-11
3.4624,5.287887661e-15,1.120770143e-13,2.37876e-11
3.4632,5.211219726e-15,1.196376331e-13,2.54889e-11
3.464,5.126139044e-15,1.272648653e-13,2.72068e-11
3.4648,5.032539468e-15,1.347588707e-13,2.8897e-11
3.4656,4.930314849e-15,1.420419338e-13,3.05421e-11
3.4664,4.924965092e-15,1.489142143e-13,3.20741e-11
3.4672,5.003397334e-15,1.552535878e-13,3.34687e-11
3.468,5.079603698e-15,1.608491118e-13,3.46982e-11
3.4688,5.153553953e-15,1.655897641e-13,3.57377e-11
3.4696,5.225217866e-15,1.692312956e-13,3.65329e-11
3.4704,5.294565208e-15,1.715849685e-13,3.70417e-11
3.4712,5.361565746e-15,1.724509424e-13,3.72197e-11
3.472,5.426189251e-15,1.71562764e-13,3.70075e-11
3.4728,5.488405489e-15,1.687538997e-13,3.63679e-11
3.4736,5.548184231e-15,1.637356917e-13,3.52368e-11
3.4744,5.605495246e-15,1.562638907e-13,3.35597e-11
3.4752,5.660308301e-15,1.460609411e-13,3.12747e-11
3.476,5.712593166e-15,1.328825938e-13,2.83275e-11
3.4768,5.762319609e-15,1.163624752e-13,2.46366e-11
3.4776,5.8094574e-15,9.630074516e-14,2.01572e-11
3.4784,5.853976307e-15,7.234213228e-14,1.48105e-11
3.4792,5.895846099e-15,4.416467192e-14,8.52451e-12
3.48,5.935036545e-15,1.290079155e-14,1.55165e-12
3.4808,5.971517413e-15,-1.622035839e-14,4.94331e-12
3.4816,6.005258473e-15,-4.255484853e-14,1.08169e-11
3.4824,6.036229493e-15,-6.598055435e-14,1.6042e-11
3.4832,6.064400242e-15,-8.634204463e-14,2.05838e-11
3.484,6.089740489e-15,-1.036060127e-13,2.44351e-11
3.4848,6.112220003e-15,-1.177724585e-13,2.75957e-11
3.4856,6.131808553e-15,-1.288968932e-13,3.00781e-11
3.4864,6.148475906e-15,-1.370792369e-13,3.19045e-11
3.4872,6.162191833e-15,-1.424749208e-13,3.31094e-11
3.488,6.172926102e-15,-1.452948872e-13,3.374e-11
3.4888,6.180648481e-15,-1.457944876e-13,3.3853e-11
3.4896,6.18532874e-15,-1.443067887e-13,3.35226e-11
3.4904,6.186936648e-15,-1.41187062e-13,3.28281e-11
3.4912,6.185441972e-15,-1.3684609e-13,3.18608e-11
3.492,6.180814483e-15,-1.317945753e-13,3.07345e-11
3.4928,6.173023949e-15,-1.265210159e-13,2.9558e-11
3.4936,6.162040138e-15,-1.216138301e-13,2.84625e-11
3.4944,6.147832819e-15,-1.177169473e-13,2.75913e-11
3.495154888,6.131443475e-15,-1.566825216e-07,3.49016e-05
3.495154888,6.131443475e-15,-1.566825216e-07,3.49016e-05
3.4952,-6.765378288e-09,-1.923666837e-07,4.13433e-05
3.496,-2.259143664e-06,-1.629172558e-06,0.000140328
3.4968,-8.191579021e-06,-5.588227869e-06,0.000579905
3.4976,-1.742884434e-05,-1.309552254e-05,0.000965262
3.4984,-2.95781212e-05,-2.461034311e-05,0.00110659
3.4992,-4.429798811e-05,-4.002527271e-05,0.000951762
3.5,-6.125550387e-05,-5.866619105e-05,0.000576778
3.5008,-8.01460658e-05,-7.929227446e-05,0.000190185
3.5016,-0.0001006435672,-0.000100111915,0.000118427
3.5024,-0.0001224999144,-0.0001214965189,0.00022351
3.5032,-0.0001454638154,-0.0001440491637,0.000315118
3.504,-0.0001693437852,-0.0001675579031,0.000397811
3.5048,-0.0001939227027,-0.0001918491126,0.000461899
3.5056,-0.0002190674283,-0.0002167274141,0.000521246
3.5064,-0.0002445901644,-0.0002420165467,0.000573282
3.5072,-0.0002703897546,-0.0002675956699,0.000622392
3.508,-0.000296316561,-0.0002933520252,0.00066036
3.5088,-0.000322288007,-0.000319180936,0.00069211
3.5096,-0.000348184504,-0.0003449858078,0.00071252
3.5104,-0.000373934017,-0.0003706781278,0.00072526
3.5112,-0.0003994557304,-0.0003961774654,0.000730244
3.512,-0.0004246888355,-0.0004214114718,0.000730044
3.5128,-0.0004495753278,-0.0004463158804,0.000726053
3.5136,-0.0004740594871,-0.0004708345062,0.000718375
3.5144,-0.0004980998895,-0.0004949192464,0.000708499
3.5152,-0.0005216608134,-0.0005185300802,0.000697381
3.516,-0.0005447128821,-0.0005416350686,0.000685593
3.5168,-0.0005672350308,-0.0005642103546,0.000673757
3.5176,-0.0005892138115,-0.0005862401632,0.00066239
3.5184,-0.0006106281902,-0.0006077213081,0.000647518
3.5192,-0.0006314464882,-0.0006286117224,0.000631454
3.52,-0.000651671193,-0.0006489030985,0.000616602
3.5208,-0.0006712981443,-0.0006685896931,0.000603317
3.5216,-0.0006903059984,-0.0006876670887,0.000587826
3.5224,-0.0007086991783,-0.0007061321934,0.000571804
3.5232,-0.0007264783506,-0.0007239832407,0.000555794
3.524,-0.0007436407967,-0.0007412197896,0.000539287
3.5248,-0.0007601844776,-0.000757842725,0.000521633
3.5256,-0.000776117157,-0.0007738542569,0.000504069
3.5264,-0.0007914450386,-0.0007892579213,0.000487188
3.5272,-0.0008061671125,-0.0008040585794,0.000469683
3.528,-0.0008202946447,-0.0008182624181,0.000452685
3.5288,-0.0008338370626,-0.00083187695,0.000436622
3.5296,-0.0008468000026,-0.000844911013,0.000420779
3.5304,-0.0008591914424,-0.0008573747707,0.00040467
3.5312,-0.0008710237612,-0.0008692823651,0.000387902
3.532,-0.0008823075779,-0.0008806398223,0.000371498
3.5328,-0.000893048843,-0.0008914539155,0.000355275
3.5336,-0.0009032610732,-0.0009017362734,0.000339654
3.5344,-0.0009129560157,-0.000911498421,0.000324684
3.5352,-0.0009221436849,-0.0009207517796,0.000310052
3.536,-0.0009308352841,-0.0009295076668,0.000295731
3.5368,-0.0009390426298,-0.0009377772968,0.000281857
3.5376,-0.0009467771414,-0.0009455717798,0.000268498
3.5384,-0.000954050164,-0.0009529021227,0.00025573
3.5392,-0.0009608728994,-0.0009597792283,0.000243619
3.54,-0.0009672563353,-0.0009662138963,0.000232207
3.5408,-0.000973209798,-0.0009722168223,0.000221189
3.5416,-0.0009787436957,-0.0009777985984,0.000210524
3.5424,-0.0009838676272,-0.0009829697132,0.000200013
3.5432,-0.0009885904749,-0.0009877405513,0.000189323
3.544,-0.0009929204563,-0.0009921213941,0.000177994
3.5448,-0.0009968650466,-0.0009961224189,0.000165423
3.5456,-0.001000444132,-0.0009997536997,0.000153796
3.5464,-0.001003668255,-0.001003025207,0.000143241
3.5472,-0.00100654263,-0.001005946806,0.000132722
3.548,-0.001009076695,-0.001008528261,0.000122165
3.5488,-0.00101127971,-0.001010779231,0.000111483
3.5496,-0.001013160752,-0.001012709272,0.000100569
3.5504,-0.001014729714,-0.001014327835,8.952e-05
3.5512,-0.001015996465,-0.001015643668,7.85868e-05
3.552,-0.001016969193,-0.001016666064,6.75231e-05
3.5528,-0.001017656728,-0.001017403338,5.64434e-05
3.5536,-0.001018067762,-0.001017863646,4.54676e-05
3.5544,-0.001018210852,-0.001018054997,3.47174e-05
3.5552,-0.001018094039,-0.001017985256,2.42317e-05
3.556,-0.001017724405,-0.001017662145,1.38687e-05
3.5568,-0.001017110438,-0.001017093238,3.83119e-06
3.5576,-0.001016259747,-0.001016285968,5.84085e-06
3.5584,-0.001015179734,-0.00101524762,1.51218e-05
3.5592,-0.001013877586,-0.001013985336,2.40017e-05
3.56,-0.001012360265,-0.001012506113,3.24881e-05
3.5608,-0.001010634507,-0.001010816803,4.06071e-05
3.5616,-0.001008706812,-0.001008924114,4.84049e-05
3.5624,-0.001006585114,-0.001006834609,5.55759e-05
3.5632,-0.001004275559,-0.001004554706,6.2181e-05
3.564,-0.00100178373,-0.001002090678,6.83737e-05
3.5648,-0.0009991155322,-0.0009994486534,7.42039e-05
3.5656,-0.0009962766578,-0.0009966346169,7.97366e-05
3.5664,-0.0009932725843,-0.0009936544074,8.50524e-05
3.5672,-0.0009901085709,-0.0009905137195,9.02482e-05
3.568,-0.0009867896558,-0.000987218103,9.5438e-05
3.5688,-0.0009833212411,-0.000983772963,0.000100623
3.5696,-0.0009797124197,-0.0009801835599,0.000104948
3.5704,-0.0009759652449,-0.0009764550093,0.000109097
3.5712,-0.0009720845197,-0.0009725922823,0.000113106
3.572,-0.0009680748983,-0.000968600205,0.000117014
3.5728,-0.0009639408886,-0.000964483459,0.000120859
3.5736,-0.0009596868539,-0.0009602459515,0.000124541
3.5744,-0.0009553170142,-0.0009558925221,0.000128196
3.5752,-0.0009508354488,-0.0009514289064,0.000132195
3.576,-0.0009462481846,-0.0009468592572,0.000136118
3.5768,-0.0009415600411,-0.0009421876532,0.000139803
3.5776,-0.0009367738635,-0.0009374180991,0.000143506
3.5784,-0.0009318936981,-0.0009325545251,0.000147201
3.5792,-0.0009269235215,-0.0009276007875,0.000150863
3.58,-0.0009218672451,-0.0009225606685,0.000154462
3.5808,-0.0009167287202,-0.0009174378759,0.000157967
3.5816,-0.0009115117435,-0.0009122360435,0.00016134
3.5824,-0.0009062200615,-0.0009069587311,0.000164541
3.5832,-0.000900855826,-0.0009016094239,0.000167866
3.584,-0.0008954234704,-0.0008961915334,0.000171089
3.5848,-0.0008899264577,-0.0008907083968,0.00017418
3.5856,-0.0008843681841,-0.000885163277,0.00017711
3.5864,-0.0008787519977,-0.000879559363,0.000179843
3.5872,-0.0008730812023,-0.0008738997694,0.000182339
3.588,-0.0008673590617,-0.0008681875368,0.000184546
3.5888,-0.0008615888032,-0.0008624256317,0.000186406
3.5896,-0.0008557722908,-0.0008566169462,0.00018815
3.5904,-0.0008499109808,-0.0008507642985,0.000190079
3.5912,-0.0008440090988,-0.0008448704325,0.000191865
3.592,-0.0008380693254,-0.0008389380181,0.000193504
3.5928,-0.0008320942711,-0.0008329696509,0.000194994
3.5936,-0.0008260864782,-0.0008269678524,0.000196329
3.5944,-0.0008200484216,-0.0008209350698,0.000197504
3.5952,-0.0008139825098,-0.0008148736765,0.00019851
3.596,-0.0008078910867,-0.0008087859715,0.000199339
3.5968,-0.0008017758181,-0.0008026741796,0.000200113
3.5976,-0.0007956390875,-0.0007965404516,0.000200782
3.5984,-0.0007894830585,-0.000790386864,0.000201326
3.5992,-0.0007833097313,-0.0007842154193,0.000201745
3.6,-0.0007771210362,-0.0007780274545,0.000201908
3.6008,-0.000770918834,-0.0007718251056,0.000201875
3.6016,-0.0007647049165,-0.0007656114936,0.000201943
3.6024,-0.0007584810073,-0.0007593883537,0.000202114
3.6032,-0.0007522490758,-0.0007531573868,0.000202329
3.604,-0.0007460116445,-0.000746920259,0.000202397
3.6048,-0.0007397697074,-0.0007406786019,0.000202459
3.6056,-0.0007335248852,-0.0007344340123,0.000202511
3.6064,-0.0007272787534,-0.0007281880527,0.000202549
3.6072,-0.0007210328435,-0.0007219422507,0.000202573
3.608,-0.0007147886455,-0.0007156980994,0.000202584
3.6088,-0.0007085476085,-0.0007094570573,0.000202583
3.6096,-0.0007023111432,-0.0007032205483,0.000202573
3.6104,-0.0006960806395,-0.0006969899616,0.000202555
3.6112,-0.0006898574364,-0.0006907666518,0.000202531
3.612,-0.0006836428352,-0.0006845519391,0.000202506
3.6128,-0.0006774381112,-0.0006783471088,0.000202482
3.6136,-0.0006712445095,-0.0006721534116,0.000202461
3.6144,-0.0006650632467,-0.0006659720639,0.000202442
3.6152,-0.0006588955129,-0.0006598042472,0.000202424
3.616,-0.0006527424727,-0.0006536511084,0.000202402
3.6168,-0.0006466052674,-0.0006475137599,0.00020237
3.6176,-0.0006404850166,-0.0006413932794,0.000202319
3.6184,-0.0006343828196,-0.00063529071,0.000202236
3.6192,-0.0006282997572,-0.0006292070604,0.000202105
3.62,-0.0006222368937,-0.0006231433043,0.000201906
3.6208,-0.0006161952779,-0.000617100381,0.000201615
3.6216,-0.0006101759454,-0.0006110791953,0.000201202
3.6224,-0.0006041799198,-0.0006050806171,0.000200633
3.6232,-0.0005982082147,-0.000599105482,0.000199869
3.624,-0.0005922593455,-0.0005931545907,0.000199419
3.6248,-0.0005863336343,-0.0005872287095,0.000199381
3.6256,-0.00058043364,-0.0005813285699,0.000199349
3.6264,-0.0005745601086,-0.000575454869,0.000199311
3.6272,-0.0005687137638,-0.0005696082692,0.000199254
3.628,-0.0005628953078,-0.0005637893982,0.000199162
3.6288,-0.0005571054217,-0.0005579988491,0.000199014
3.6296,-0.0005513447671,-0.0005522371806,0.000198788
3.6304,-0.0005456139864,-0.0005465049165,0.000198458
3.6312,-0.0005399137041,-0.0005408015221,0.000197764
3.632,-0.0005342445272,-0.0005351288906,0.000196995
3.6328,-0.0005286070469,-0.0005294878175,0.000196195
3.6336,-0.0005230018384,-0.0005238787099,0.000195326
3.6344,-0.0005174294627,-0.0005183019623,0.000194352
3.6352,-0.0005118892352,-0.0005127579566,0.000193511
3.636,-0.0005063812,-0.0005072470621,0.000192874
3.6368,-0.0005009067754,-0.0005017696358,0.000192205
3.6376,-0.0004954663548,-0.0004963260218,0.000191494
3.6384,-0.0004900603121,-0.0004909165521,0.00019073
3.6392,-0.0004846890022,-0.0004855415458,0.000189907
3.64,-0.0004793527622,-0.0004802013097,0.000189017
3.6408,-0.0004740519111,-0.0004748961379,0.000188054
3.6416,-0.0004687867511,-0.000469626312,0.000187015
3.6424,-0.0004635575677,-0.0004643921012,0.000185895
3.6432,-0.0004583646306,-0.0004591937621,0.000184692
3.644,-0.0004532081939,-0.0004540315386,0.000183403
3.6448,-0.0004480884971,-0.0004489056623,0.000182026
3.6456,-0.0004430057653,-0.0004438163521,0.000180561
3.6464,-0.0004379598689,-0.0004387638145,0.000179082
3.6472,-0.0004329508219,-0.0004337482434,0.000177628
3.648,-0.0004279790952,-0.0004287698201,0.000176137
3.6488,-0.0004230448288,-0.0004238287134,0.000174613
3.6496,-0.000418148149,-0.0004189250796,0.000173064
3.6504,-0.0004132891685,-0.0004140590626,0.000171496
3.6512,-0.000408467987,-0.0004092307934,0.000169918
3.652,-0.0004036846917,-0.0004044403908,0.000168335
3.6528,-0.000398939358,-0.000399687961,0.000166754
3.6536,-0.0003942320495,-0.0003949735976,0.000165182
3.6544,-0.0003895628189,-0.0003902973815,0.000163626
3.6552,-0.0003849317085,-0.0003856593815,0.000162092
3.656,-0.0003803387503,-0.0003810596534,0.000160584
3.6568,-0.0003757840236,-0.0003764982408,0.000159094
3.6576,-0.0003712675145,-0.0003719751747,0.000157634
3.6584,-0.0003667892227,-0.0003674904733,0.000156206
3.6592,-0.0003623491484,-0.0003630441426,0.000154812
3.66,-0.0003579472845,-0.0003586361759,0.000153453
3.6608,-0.000353583617,-0.0003542665541,0.000152127
3.6616,-0.0003492581254,-0.0003499352453,0.000150831
3.6624,-0.0003449707835,-0.0003456422054,0.000149561
3.6632,-0.0003407215596,-0.0003413873775,0.000148313
3.664,-0.0003365104172,-0.0003371706922,0.000147078
3.6648,-0.0003323373154,-0.0003329920678,0.000145848
3.6656,-0.0003282022093,-0.0003288514097,0.000144612
3.6664,-0.0003241049546,-0.0003247486111,0.000143377
3.6672,-0.0003200451766,-0.0003206835524,0.0001422
3.668,-0.0003160230789,-0.0003166546233,0.000140679
3.6688,-0.0003120385805,-0.0003126635961,0.000139224
3.6696,-0.0003080915971,-0.0003087105372,0.000137871
3.6704,-0.0003041820414,-0.0003047952817,0.000136601
3.6712,-0.0003003098231,-0.0003009176631,0.000135398
3.672,-0.00029647485,-0.0002970775136,0.000134245
3.6728,-0.0002926770278,-0.0002932746639,0.000133125
3.6736,-0.000288916261,-0.000289508943,0.000132022
3.6744,-0.0002851924528,-0.0002857801788,0.000130918
3.6752,-0.0002815055062,-0.0002820881975,0.000129796
3.676,-0.0002778553238,-0.0002784328239,0.00012864
3.6768,-0.0002742411945,-0.0002748138813,0.000127568
3.6776,-0.0002706629451,-0.0002712311917,0.000126579
3.6784,-0.0002671207764,-0.0002676845754,0.000125588
3.6792,-0.0002636145341,-0.0002641738515,0.00012459
3.68,-0.0002601440604,-0.0002606988373,0.000123578
3.6808,-0.000256709195,-0.0002572593489,0.000122549
3.6816,-0.0002533097747,-0.000253855201,0.000121496
3.6824,-0.0002499456343,-0.0002504862066,0.000120414
3.6832,-0.0002466166063,-0.0002471521773,0.0001193
3.684,-0.0002433225212,-0.0002438529233,0.000118149
3.6848,-0.0002400632082,-0.0002405882534,0.000116956
3.6856,-0.0002368384948,-0.0002373579748,0.000115716
3.6864,-0.0002336482076,-0.0002341618933,0.000114425
3.6872,-0.0002304916253,-0.0002309998132,0.000113201
3.688,-0.0002273689181,-0.0002278715375,0.00011196
3.6888,-0.0002242798956,-0.0002247768674,0.000110702
3.6896,-0.0002212243493,-0.0002217156031,0.000109428
3.6904,-0.0002182020684,-0.0002186875428,0.000108141
3.6912,-0.0002152128394,-0.0002156924837,0.000106842
3.692,-0.0002122564465,-0.0002127302214,0.000105535
3.6928,-0.0002093326719,-0.0002098005498,0.000104221
3.6936,-0.0002064412956,-0.0002069032617,0.000102904
3.6944,-0.0002035820958,-0.0002040381483,0.000101587
3.6952,-0.0002007548489,-0.0002012049991,0.000100272
3.696,-0.0001979593298,-0.0001984036026,9.89632e-05
3.6968,-0.0001951953163,-0.0001956337454,9.76615e-05
3.6976,-0.0001924625873,-0.0001928952129,9.63688e-05
3.6984,-0.0001897609076,-0.000190187789,9.50892e-05
3.6992,-0.000187090048,-0.000187511256,9.38255e-05
3.7,-0.0001844497786,-0.0001848653949,9.25799e-05
3.7008,-0.0001818398686,-0.0001822499851,9.13548e-05
3.7016,-0.000179260087,-0.0001796648047,9.01522e-05
3.7024,-0.0001767102024,-0.0001771096303,8.89739e-05
3.7032,-0.0001741899832,-0.0001745842368,8.78213e-05
3.704,-0.0001716991977,-0.000172088398,8.66957e-05
3.7048,-0.0001692376144,-0.000169621886,8.55978e-05
3.7056,-0.0001668050021,-0.0001671844714,8.45281e-05
3.7064,-0.0001644011299,-0.0001647759236,8.34866e-05
3.7072,-0.0001620257279,-0.0001623960103,8.24817e-05
3.708,-0.0001596785741,-0.0001600444978,8.15107e-05
3.7088,-0.0001573594504,-0.000157721151,8.057e-05
3.7096,-0.0001550681259,-0.0001554257333,7.96582e-05
3.7104,-0.0001528043705,-0.0001531580065,7.87736e-05
3.7112,-0.0001505679551,-0.0001509177312,7.79138e-05
3.712,-0.0001483586518,-0.0001487046663,7.70759e-05
3.7128,-0.000146176234,-0.0001465185695,7.62564e-05
3.7136,-0.0001440204767,-0.0001443591967,7.5451e-05
3.7144,-0.0001418911562,-0.0001422263025,7.4655e-05
3.7152,-0.0001397880508,-0.0001401196402,7.38627e-05
3.716,-0.0001377109405,-0.0001380389615,7.30678e-05
3.7168,-0.0001356595843,-0.0001359840165,7.22684e-05
3.7176,-0.0001336334835,-0.000133954554,7.15195e-05
3.7184,-0.0001316326234,-0.0001319503213,7.07683e-05
3.7192,-0.0001296567755,-0.0001299710643,7.00089e-05
3.72,-0.0001277057127,-0.000128016444,6.92164e-05
3.7208,-0.000125779209,-0.0001260861155,6.83645e-05
3.7216,-0.0001238770396,-0.0001241801736,6.75241e-05
3.7224,-0.0001219989812,-0.0001222983825,6.66926e-05
3.7232,-0.0001201448119,-0.0001204405074,6.58672e-05
3.724,-0.0001183143111,-0.0001186063151,6.50449e-05
3.7248,-0.0001165072602,-0.0001167955735,6.42228e-05
3.7256,-0.000114723442,-0.000115008052,6.33978e-05
3.7264,-0.0001129626412,-0.000113243521,6.25669e-05
3.7272,-0.0001112245313,-0.0001115017523,6.17519e-05
3.728,-0.0001095088172,-0.000109782519,6.0968e-05
3.7288,-0.0001078153903,-0.0001080855956,6.01891e-05
3.7296,-0.0001061440283,-0.0001064107577,5.94149e-05
3.7304,-0.0001044945098,-0.0001047577822,5.86448e-05
3.7312,-0.0001028666147,-0.0001031264474,5.78786e-05
3.732,-0.0001012601234,-0.0001015165327,5.7116e-05
3.7328,-9.967481791e-05,-9.992781911e-05,5.63569e-05
3.7336,-9.811048104e-05,-9.836008855e-05,5.56009e-05
3.7344,-9.656689689e-05,-9.681312442e-05,5.4848e-05
3.7352,-9.504385072e-05,-9.528671139e-05,5.4098e-05
3.736,-9.354112906e-05,-9.378063537e-05,5.33508e-05
3.7368,-9.205851971e-05,-9.22946836e-05,5.26063e-05
3.7376,-9.0595771e-05,-9.082864457e-05,5.18734e-05
3.7384,-8.915269062e-05,-8.938230805e-05,5.11481e-05
3.7392,-8.77290751e-05,-8.795546513e-05,5.04291e-05
3.74,-8.63247149e-05,-8.654790815e-05,4.9717e-05
3.7408,-8.49394017e-05,-8.515943075e-05,4.90122e-05
3.7416,-8.357292851e-05,-8.378982783e-05,4.83151e-05
3.7424,-8.22250896e-05,-8.243889561e-05,4.7626e-05
3.7432,-8.089568062e-05,-8.110643156e-05,4.69455e-05
3.744,-7.95844986e-05,-7.979223446e-05,4.62739e-05
3.7448,-7.829134196e-05,-7.849610435e-05,4.56115e-05
3.7456,-7.701601057e-05,-7.721784257e-05,4.49588e-05
3.7464,-7.575830577e-05,-7.595725173e-05,4.43159e-05
3.7472,-7.451803162e-05,-7.471413575e-05,4.36829e-05
3.748,-7.329499736e-05,-7.348829979e-05,4.30588e-05
3.7488,-7.208900523e-05,-7.227955034e-05,4.24446e-05
3.7496,-7.089986316e-05,-7.108769513e-05,4.18402e-05
3.7504,-6.972738074e-05,-6.991254322e-05,4.12456e-05
3.7512,-6.857136928e-05,-6.87539049e-05,4.06604e-05
3.752,-6.743164181e-05,-6.76115918e-05,4.00845e-05
3.7528,-6.630801312e-05,-6.648541678e-05,3.95173e-05
3.7536,-6.520029981e-05,-6.537519402e-05,3.89583e-05
3.7544,-6.410832031e-05,-6.428073898e-05,3.84068e-05
3.7552,-6.303189493e-05,-6.320186838e-05,3.78622e-05
3.756,-6.197084584e-05,-6.213840025e-05,3.73233e-05
3.7568,-6.092499719e-05,-6.109015388e-05,3.67892e-05
3.7576,-5.98941074e-05,-6.005694987e-05,3.62737e-05
3.7584,-5.887798961e-05,-5.903861007e-05,3.57787e-05
3.7592,-5.787651078e-05,-5.803495765e-05,3.52946e-05
3.76,-5.688949601e-05,-5.704581705e-05,3.4821e-05
3.7608,-5.591677189e-05,-5.607101396e-05,3.43579e-05
3.7616,-5.495816653e-05,-5.511037541e-05,3.3905e-05
3.7624,-5.401350957e-05,-5.416372968e-05,3.3462e-05
3.7632,-5.308263222e-05,-5.3230988e-05,3.30467e-05
3.764,-5.21653672e-05,-5.231189179e-05,3.26388e-05
3.7648,-5.126154883e-05,-5.140626494e-05,3.2236e-05
3.7656,-5.037101299e-05,-5.051394625e-05,3.18389e-05
3.7664,-4.949359716e-05,-4.963477574e-05,3.1448e-05
3.7672,-4.862914043e-05,-4.876859472e-05,3.10639e-05
3.768,-4.777748349e-05,-4.791524575e-05,3.0687e-05
3.7688,-4.693846865e-05,-4.707457265e-05,3.03176e-05
3.7696,-4.611193989e-05,-4.624642051e-05,2.9956e-05
3.7704,-4.529774281e-05,-4.543063568e-05,2.96023e-05
3.7712,-4.449572468e-05,-4.462706576e-05,2.92567e-05
3.772,-4.370573446e-05,-4.383555962e-05,2.8919e-05
3.7728,-4.292762279e-05,-4.30559674e-05,2.85892e-05
3.7736,-4.216124199e-05,-4.228814048e-05,2.82671e-05
3.7744,-4.140644611e-05,-4.153193151e-05,2.79523e-05
3.7752,-4.066309092e-05,-4.078719443e-05,2.76445e-05
3.776,-3.993103392e-05,-4.005378439e-05,2.73431e-05
3.7768,-3.921013436e-05,-3.933155783e-05,2.70475e-05
3.7776,-3.850022159e-05,-3.862037246e-05,2.6764e-05
3.7784,-3.780110662e-05,-3.792008724e-05,2.65033e-05
3.7792,-3.711271451e-05,-3.723056238e-05,2.6251e-05
3.78,-3.643490918e-05,-3.655165937e-05,2.60065e-05
3.7808,-3.576755621e-05,-3.588324096e-05,2.57692e-05
3.7816,-3.511052286e-05,-3.522517114e-05,2.55383e-05
3.7824,-3.446367805e-05,-3.457731519e-05,2.53131e-05
3.7832,-3.382689239e-05,-3.393953963e-05,2.50925e-05
3.784,-3.32000382e-05,-3.331171225e-05,2.48758e-05
3.7848,-3.258298948e-05,-3.269370211e-05,2.46616e-05
3.7856,-3.197562196e-05,-3.208537952e-05,2.44489e-05
3.7864,-3.137781308e-05,-3.148661604e-05,2.42362e-05
3.7872,-3.078944199e-05,-3.089728453e-05,2.40223e-05
3.788,-3.021038961e-05,-3.031725906e-05,2.38055e-05
3.7888,-2.964053857e-05,-2.9746415e-05,2.35843e-05
3.7896,-2.907977328e-05,-2.918462897e-05,2.3357e-05
3.7904,-2.852797988e-05,-2.863177885e-05,2.31216e-05
3.7912,-2.79850463e-05,-2.808774378e-05,2.28762e-05
3.792,-2.745086224e-05,-2.755240416e-05,2.26188e-05
3.7928,-2.692531917e-05,-2.702564166e-05,2.23472e-05
3.7936,-2.640831037e-05,-2.650733921e-05,2.2059e-05
3.7944,-2.589973091e-05,-2.599738099e-05,2.17519e-05
3.7952,-2.539947768e-05,-2.549565244e-05,2.14232e-05
3.796,-2.490744937e-05,-2.500204029e-05,2.10704e-05
3.7968,-2.44235465e-05,-2.45164325e-05,2.06907e-05
3.7976,-2.394762573e-05,-2.40387183e-05,2.02912e-05
3.7984,-2.347878802e-05,-2.356878819e-05,2.00478e-05
3.7992,-2.301763029e-05,-2.310653392e-05,1.98036e-05
3.8,-2.256404612e-05,-2.265184851e-05,1.95583e-05
3.8008,-2.211793022e-05,-2.220462625e-05,1.93118e-05
3.8016,-2.167917846e-05,-2.176476266e-05,1.90642e-05
3.8024,-2.124768782e-05,-2.133215454e-05,1.88152e-05
3.8032,-2.082335641e-05,-2.090669997e-05,1.85651e-05
3.804,-2.040608348e-05,-2.048829826e-05,1.83136e-05
3.8048,-1.999576934e-05,-2.007685001e-05,1.8061e-05
3.8056,-1.959231544e-05,-1.967225704e-05,1.78073e-05
3.8064,-1.91956243e-05,-1.927442248e-05,1.75526e-05
3.8072,-1.880559955e-05,-1.88832507e-05,1.72971e-05
3.808,-1.842214586e-05,-1.849864731e-05,1.7041e-05
3.8088,-1.804516899e-05,-1.812051922e-05,1.67845e-05
3.8096,-1.767457577e-05,-1.774877457e-05,1.6528e-05
3.8104,-1.731027406e-05,-1.738332279e-05,1.62719e-05
3.8112,-1.695217278e-05,-1.702407455e-05,1.60164e-05
3.812,-1.660018189e-05,-1.667094178e-05,1.5762e-05
3.8128,-1.625421236e-05,-1.632383768e-05,1.55093e-05
3.8136,-1.591417621e-05,-1.598267671e-05,1.52587e-05
3.8144,-1.557998645e-05,-1.56473746e-05,1.50109e-05
3.8152,-1.525155711e-05,-1.531787084e-05,1.47716e-05
3.816,-1.492880321e-05,-1.499417261e-05,1.45613e-05
3.8168,-1.461164076e-05,-1.467603407e-05,1.43438e-05
3.8176,-1.429998677e-05,-1.436337762e-05,1.41205e-05
3.8184,-1.399378401e-05,-1.405612634e-05,1.3887e-05
3.8192,-1.369293755e-05,-1.375420403e-05,1.36473e-05
3.82,-1.339736201e-05,-1.345753518e-05,1.34038e-05
3.8208,-1.31069787e-05,-1.316604499e-05,1.31572e-05
3.8216,-1.282170989e-05,-1.287965935e-05,1.29084e-05
3.8224,-1.254147882e-05,-1.259830486e-05,1.26582e-05
3.8232,-1.226620966e-05,-1.232190884e-05,1.24072e-05
3.824,-1.199582755e-05,-1.205039927e-05,1.2156e-05
3.8248,-1.173025853e-05,-1.178370488e-05,1.19054e-05
3.8256,-1.14694296e-05,-1.152175506e-05,1.16557e-05
3.8264,-1.121326866e-05,-1.126447994e-05,1.14075e-05
3.8272,-1.096170453e-05,-1.101181032e-05,1.11612e-05
3.828,-1.071466693e-05,-1.076367772e-05,1.09173e-05
3.8288,-1.047208648e-05,-1.052001435e-05,1.06761e-05
3.8296,-1.02338947e-05,-1.028075315e-05,1.04379e-05
3.8304,-1.000002397e-05,-1.004582773e-05,1.02029e-05
3.8312,-9.77040756e-06,-9.81517242e-06,9.97152e-06
3.832,-9.544979616e-06,-9.588722241e-06,9.74382e-06
3.8328,-9.32367513e-06,-9.366412925e-06,9.51999e-06
3.8336,-9.106429952e-06,-9.148180905e-06,9.30016e-06
3.8344,-8.893180779e-06,-8.933963313e-06,9.08445e-06
3.8352,-8.683865143e-06,-8.723697986e-06,8.8729e-06
3.836,-8.478421412e-06,-8.517323462e-06,8.66556e-06
3.8368,-8.276788771e-06,-8.314778981e-06,8.46245e-06
3.8376,-8.078907227e-06,-8.116004487e-06,8.26354e-06
3.8384,-7.884722611e-06,-7.920940625e-06,8.06768e-06
3.8392,-7.694176945e-06,-7.72952874e-06,7.87473e-06
3.84,-7.507208864e-06,-7.541710883e-06,7.68544e-06
3.8408,-7.323761698e-06,-7.357429806e-06,7.49968e-06
3.8416,-7.143779557e-06,-7.176628961e-06,7.31731e-06
3.8424,-6.967207332e-06,-6.999252506e-06,7.13817e-06
3.8432,-6.793990682e-06,-6.825245299e-06,6.96207e-06
3.844,-6.624076029e-06,-6.654552899e-06,6.78882e-06
3.8448,-6.457410553e-06,-6.48712157e-06,6.61823e-06
3.8456,-6.293942179e-06,-6.322898276e-06,6.45007e-06
3.8464,-6.133619576e-06,-6.161830685e-06,6.28412e-06
3.8472,-5.976392143e-06,-6.003867166e-06,6.12015e-06
3.848,-5.822210008e-06,-5.848956791e-06,5.95794e-06
3.8488,-5.671024018e-06,-5.697049334e-06,5.79723e-06
3.8496,-5.522785732e-06,-5.54809527e-06,5.63778e-06
3.8504,-5.37744741e-06,-5.402045777e-06,5.47937e-06
3.8512,-5.234962014e-06,-5.258852737e-06,5.32174e-06
3.852,-5.095283193e-06,-5.118468733e-06,5.16466e-06
3.8528,-4.958365278e-06,-4.980847047e-06,5.00789e-06
3.8536,-4.824163278e-06,-4.84594167e-06,4.85121e-06
3.8544,-4.692632867e-06,-4.713707288e-06,4.6944e-06
3.8552,-4.563730382e-06,-4.584099295e-06,4.53724e-06
3.856,-4.437412811e-06,-4.457073783e-06,4.37955e-06
3.8568,-4.31363779e-06,-4.332587549e-06,4.22112e-06
3.8576,-4.192363593e-06,-4.210598092e-06,4.0618e-06
3.8584,-4.073538172e-06,-4.091063611e-06,3.90385e-06
3.8592,-3.957100463e-06,-3.97394301e-06,3.75173e-06
3.86,-3.843035296e-06,-3.859195893e-06,3.59983e-06
3.8608,-3.731302872e-06,-3.746782567e-06,3.44815e-06
3.8616,-3.621863968e-06,-3.636664042e-06,3.29677e-06
3.8624,-3.514679931e-06,-3.52880203e-06,3.14574e-06
3.8632,-3.409712672e-06,-3.423158944e-06,2.9952e-06
3.864,-3.306924656e-06,-3.3196979e-06,2.84528e-06
3.8648,-3.206278893e-06,-3.218382717e-06,2.69617e-06
3.8656,-3.107738936e-06,-3.119177915e-06,2.54807e-06
3.8664,-3.011268865e-06,-3.022048716e-06,2.40125e-06
3.8672,-2.916833286e-06,-2.926961047e-06,2.25599e-06
3.868,-2.824397321e-06,-2.833881533e-06,2.11264e-06
3.8688,-2.733926599e-06,-2.742777504e-06,1.97157e-06
3.8696,-2.64538725e-06,-2.653616993e-06,1.8332e-06
3.8704,-2.558745896e-06,-2.566368732e-06,1.69801e-06
3.8712,-2.473969644e-06,-2.48114883e-06,1.59919e-06
3.872,-2.391026077e-06,-2.397751465e-06,1.4981e-06
3.8728,-2.309883251e-06,-2.316126794e-06,1.39077e-06
3.8736,-2.230509678e-06,-2.23624664e-06,1.27793e-06
3.8744,-2.152874327e-06,-2.158083094e-06,1.16027e-06
3.8752,-2.076946613e-06,-2.08160852e-06,1.03846e-06
3.876,-2.002696389e-06,-2.006795547e-06,9.13101e-07
3.8768,-1.930093936e-06,-1.933617076e-06,7.84791e-07
3.8776,-1.859109962e-06,-1.862046278e-06,6.54074e-07
3.8784,-1.789715257e-06,-1.792056591e-06,5.2154e-07
3.8792,-1.721869568e-06,-1.723621725e-06,3.90299e-07
3.88,-1.655554883e-06,-1.656715659e-06,2.58567e-07
3.8808,-1.590743354e-06,-1.59131264e-06,1.2681e-07
3.8816,-1.527407508e-06,-1.527387186e-06,4.52675e-09
3.8824,-1.465520241e-06,-1.464914084e-06,1.35023e-07
3.8832,-1.405054811e-06,-1.403868392e-06,2.64279e-07
3.884,-1.345984826e-06,-1.344225434e-06,3.91911e-07
3.8848,-1.288284242e-06,-1.285960807e-06,5.17553e-07
3.8856,-1.23192735e-06,-1.229050375e-06,6.40856e-07
3.8864,-1.176888769e-06,-1.173470274e-06,7.61481e-07
3.8872,-1.123143443e-06,-1.119196908e-06,8.79104e-07
3.888,-1.070666625e-06,-1.066206949e-06,9.93408e-07
3.8888,-1.019433877e-06,-1.014477342e-06,1.10408e-06
3.8896,-9.69421055e-07,-9.639852994e-07,1.21083e-06
3.8904,-9.206043076e-07,-9.147083026e-07,1.31335e-06
3.8912,-8.729600633e-07,-8.666241037e-07,1.41136e-06
3.892,-8.264650248e-07,-8.197107239e-07,1.50454e-06
3.8928,-7.810961607e-07,-7.739464539e-07,1.59262e-06
3.8936,-7.368306976e-07,-7.293098538e-07,1.67529e-06
3.8944,-6.936461119e-07,-6.857797534e-07,1.75226e-06
3.8952,-6.515201224e-07,-6.433352519e-07,1.82321e-06
3.896,-6.10430682e-07,-6.019557181e-07,1.88783e-06
3.8968,-5.703559699e-07,-5.616207902e-07,1.94579e-06
3.8976,-5.312743839e-07,-5.223103759e-07,1.99676e-06
3.8984,-4.931645321e-07,-4.840046525e-07,2.04039e-06
3.8992,-4.561157361e-07,-4.466840667e-07,2.10094e-06
3.9,-4.200501929e-07,-4.103293348e-07,2.16535e-06
3.9008,-3.849189727e-07,-3.749214426e-07,2.22698e-06
3.9016,-3.507034845e-07,-3.404416453e-07,2.28586e-06
3.9024,-3.173853963e-07,-3.068714678e-07,2.34201e-06
3.9032,-2.849466288e-07,-2.741927044e-07,2.39547e-06
3.904,-2.533693493e-07,-2.423874187e-07,2.44626e-06
3.9048,-2.226359653e-07,-2.114379442e-07,2.4944e-06
3.9056,-1.927291183e-07,-1.813268837e-07,2.53989e-06
3.9064,-1.636316776e-07,-1.520371094e-07,2.58273e-06
3.9072,-1.353267341e-07,-1.235517633e-07,2.62291e-06
3.908,-1.077975938e-07,-9.585425664e-08,2.66042e-06
3.9088,-8.102777188e-08,-6.892827027e-08,2.6952e-06
3.9096,-5.500098608e-08,-4.275775454e-08,2.72722e-06
3.9104,-2.970115081e-08,-1.732692932e-08,2.7564e-06
3.9112,-5.112370672e-09,7.379716014e-09,2.78265e-06
3.912,1.878106571e-08,3.13774226e-08,2.80588e-06
3.9128,4.199469194e-08,5.468116206e-08,2.82595e-06
3.9136,6.454387016e-08,7.730563649e-08,2.84273e-06
3.9144,8.644379721e-08,9.926527851e-08,2.85603e-06
3.9152,1.07709511e-07,1.205742512e-07,2.86566e-06
3.916,1.283558965e-07,1.412464482e-07,2.87141e-06
3.9168,1.483976925e-07,1.612954935e-07,2.87303e-06
3.9176,1.678494972e-07,1.807347418e-07,2.87023e-06
3.9184,1.86725775e-07,1.99577278e-07,2.86272e-06
3.9192,2.049640982e-07,2.178359178e-07,2.86724e-06
3.92,2.225643318e-07,2.355232072e-07,2.88663e-06
3.9208,2.396050456e-07,2.526514228e-07,2.90612e-06
3.9216,2.560980884e-07,2.692325716e-07,2.92575e-06
3.9224,2.720551136e-07,2.852783911e-07,2.94553e-06
3.9232,2.874875831e-07,3.008003494e-07,2.96546e-06
3.924,3.02406772e-07,3.158096449e-07,2.98553e-06
3.9248,3.168237729e-07,3.303172067e-07,3.00571e-06
3.9256,3.307495009e-07,3.443336943e-07,3.02592e-06
3.9264,3.441946974e-07,3.578694977e-07,3.04611e-06
3.9272,3.571699353e-07,3.709347374e-07,3.06616e-06
3.928,3.696856228e-07,3.835392643e-07,3.08594e-06
3.9288,3.817520085e-07,3.956926599e-07,3.10533e-06
3.9296,3.933791856e-07,4.074042362e-07,3.12413e-06
3.9304,4.045770964e-07,4.186830357e-07,3.14215e-06
3.9312,4.153555367e-07,4.295378313e-07,3.15915e-06
3.932,4.257241608e-07,4.399771264e-07,3.1749e-06
3.9328,4.356924853e-07,4.500091551e-07,3.18909e-06
3.9336,4.452698939e-07,4.596418816e-07,3.20141e-06
3.9344,4.544656422e-07,4.68883001e-07,3.21151e-06
3.9352,4.632888617e-07,4.777399386e-07,3.21903e-06
3.936,4.717485645e-07,4.862198504e-07,3.22353e-06
3.9368,4.798536479e-07,4.943117347e-07,3.22059e-06
3.9376,4.876128988e-07,5.020046049e-07,3.2058e-06
3.9384,4.950349981e-07,5.093631466e-07,3.19164e-06
3.9392,5.021146204e-07,5.163942476e-07,3.18083e-06
3.94,5.088285416e-07,5.231047195e-07,3.18007e-06
3.9408,5.15221134e-07,5.295012978e-07,3.18095e-06
3.9416,5.212999187e-07,5.355906416e-07,3.18331e-06
3.9424,5.270722992e-07,5.413793341e-07,3.18694e-06
3.9432,5.325455651e-07,5.46873882e-07,3.19168e-06
3.944,5.377268965e-07,5.520807161e-07,3.19736e-06
3.9448,5.42623367e-07,5.57006191e-07,3.20382e-06
3.9456,5.472419484e-07,5.616565848e-07,3.21091e-06
3.9464,5.515895138e-07,5.660380997e-07,3.21847e-06
3.9472,5.556728422e-07,5.701568618e-07,3.22636e-06
3.948,5.594986216e-07,5.740189207e-07,3.23445e-06
3.9488,5.630734533e-07,5.7763025e-07,3.24258e-06
3.9496,5.664038559e-07,5.809967472e-07,3.25062e-06
3.9504,5.694962685e-07,5.841242334e-07,3.25843e-06
3.9512,5.723570552e-07,5.870184537e-07,3.26588e-06
3.952,5.749925086e-07,5.896850769e-07,3.27282e-06
3.9528,5.774088539e-07,5.921296957e-07,3.27912e-06
3.9536,5.796122524e-07,5.943578266e-07,3.28463e-06
3.9544,5.816088056e-07,5.963749099e-07,3.2892e-06
3.9552,5.83404559e-07,5.981863096e-07,3.29268e-06
3.956,5.85005506e-07,5.997973137e-07,3.29492e-06
3.9568,5.864175915e-07,6.01213134e-07,3.29576e-06
3.9576,5.876467162e-07,6.02438906e-07,3.29501e-06
3.9584,5.8869874e-07,6.034796891e-07,3.29251e-06
3.9592,5.895794004e-07,6.043404664e-07,3.28808e-06
3.96,5.902360443e-07,6.05026145e-07,3.29454e-06
3.9608,5.907232883e-07,6.055415558e-07,3.30082e-06
3.9616,5.910460763e-07,6.058914533e-07,3.30686e-06
3.9624,5.912092959e-07,6.06080516e-07,3.31261e-06
3.9632,5.912177815e-07,6.061133462e-07,3.31804e-06
3.964,5.910763179e-07,6.059944699e-07,3.32307e-06
3.9648,5.90789643e-07,6.057283372e-07,3.32764e-06
3.9656,5.903624514e-07,6.053193216e-07,3.33169e-06
3.9664,5.897993973e-07,6.047717208e-07,3.33514e-06
3.9672,5.891050977e-07,6.04089756e-07,3.33788e-06
3.968,5.882841358e-07,6.032775725e-07,3.33984e-06
3.9688,5.87341064e-07,6.023392393e-07,3.34089e-06
3.9696,5.86280407e-07,6.012787491e-07,3.34093e-06
3.9704,5.851066654e-07,6.001000185e-07,3.33982e-06
3.9712,5.838243183e-07,5.988068881e-07,3.33742e-06
3.972,5.82437827e-07,5.97403122e-07,3.33357e-06
3.9728,5.809516379e-07,5.958924083e-07,3.32811e-06
3.9736,5.793701857e-07,5.94278359e-07,3.32085e-06
3.9744,5.776978966e-07,5.925645096e-07,3.31159e-06
3.9752,5.759391917e-07,5.907543198e-07,3.30012e-06
3.976,5.7409849e-07,5.888511727e-07,3.28621e-06
3.9768,5.721802113e-07,5.868583757e-07,3.26961e-06
3.9776,5.701887801e-07,5.847791597e-07,3.25006e-06
3.9784,5.68128628e-07,5.826166793e-07,3.22726e-06
3.9792,5.660041974e-07,5.803740133e-07,3.20092e-06
3.98,5.637368018e-07,5.780541641e-07,3.18924e-06
3.9808,5.613693819e-07,5.756600578e-07,3.1833e-06
3.9816,5.589311569e-07,5.731945445e-07,3.17722e-06
3.9824,5.564250528e-07,5.706603982e-07,3.17097e-06
3.9832,5.538539538e-07,5.680603163e-07,3.16451e-06
3.984,5.512207035e-07,5.653969205e-07,3.1578e-06
3.9848,5.485281073e-07,5.626727561e-07,3.15077e-06
3.9856,5.45778934e-07,5.598902922e-07,3.14335e-06
3.9864,5.42975918e-07,5.570519216e-07,3.13548e-06
3.9872,5.401217607e-07,5.541599613e-07,3.12706e-06
3.988,5.37219133e-07,5.512166517e-07,3.11799e-06
3.9888,5.342706766e-07,5.482241572e-07,3.10818e-06
3.9896,5.312790064e-07,5.451845661e-07,3.09751e-06
3.9904,5.282467121e-07,5.420998904e-07,3.08584e-06
3.9912,5.251763601e-07,5.389720658e-07,3.07304e-06
3.992,5.220704956e-07,5.358029521e-07,3.05895e-06
3.9928,5.189316443e-07,5.325943328e-07,3.04341e-06
3.9936,5.157623143e-07,5.293479151e-07,3.02624e-06
3.9944,5.12564998e-07,5.260653301e-07,3.00724e-06
3.9952,5.093421743e-07,5.227481327e-07,2.98622e-06
3.996,5.060963099e-07,5.193978017e-07,2.96295e-06
3.9968,5.028298617e-07,5.160157396e-07,2.9372e-06
3.9976,4.995452786e-07,5.126032729e-07,2.90871e-06
3.9984,4.962450031e-07,5.091616515e-07,2.87723e-06
3.9992,4.929314735e-07,5.056920497e-07,2.84246e-06
4,4.89605146e-07,5.021955652e-07,2.80456e-06
4,4.89605146e-07,5.021955652e-07,2.80456e-06
