time,damper.phi_rel_ref,damper.phi_rel_sim,damper.phi_rel_relerr,damper.w_rel_ref,damper.w_rel_sim,damper.w_rel_relerr,inertia3.phi_ref,inertia3.phi_sim,inertia3.phi_relerr,inertia3.w_ref,inertia3.w_sim,inertia3.w_relerr
0,0,0,0,0,-0,0,0,0,0,0,0,0
0.0005,-5.561930375e-09,5.454709659e-09,6.68167e-08,-3.271941688e-05,3.272936437e-05,0.000152281,4.224833691e-13,-4.061104656e-13,4.99799e-12,3.718040575e-09,-3.408940226e-09,1.38856e-08
0.001,-4.371032252e-08,4.364199128e-08,5.29798e-07,-0.0001308433416,0.0001309343867,0.000609083,1.20979233e-11,-1.080608024e-11,1.38155e-10,5.617070282e-08,-5.454183611e-08,2.15702e-07
0.0015,-1.472551512e-07,1.473056482e-07,1.78653e-06,-0.0002942984656,0.0002946385804,0.00137029,9.366619543e-11,-8.260203649e-11,1.06323e-09,2.847158869e-07,-2.760820688e-07,1.09261e-06
0.002,-3.488288605e-07,3.492007551e-07,4.2336e-06,-0.0005229815552,0.00052386295,0.00243571,3.901691993e-10,-3.446773766e-10,4.43252e-09,8.978986731e-07,-8.724360655e-07,3.44916e-06
0.0025,-6.81039482e-07,6.820913312e-07,8.26748e-06,-0.0008167655692,0.0008186258659,0.0038051,1.149379302e-09,-1.076909424e-09,1.34287e-08,2.169427014e-06,-2.128990598e-06,8.37465e-06
0.003,-1.176386458e-06,1.17875212e-06,1.42841e-05,-0.001175489956,0.001178943265,0.0054781,2.789712908e-09,-2.655249068e-09,3.28434e-08,4.464674684e-06,-4.413193688e-06,1.72968e-05
0.0035,-1.867289837e-06,1.871963342e-06,2.26788e-05,-0.001598964577,0.001604828328,0.00745432,5.931952134e-09,-5.713318227e-09,7.0243e-08,8.229557299e-06,-8.172381939e-06,3.19561e-05
0.004,-2.786070476e-06,2.794510697e-06,3.38466e-05,-0.002086970277,0.002096291477,0.00973327,1.143816574e-08,-1.114240985e-08,1.36204e-07,1.398864573e-05,-1.393378054e-05,5.44016e-05
0.0045,-3.964931803e-06,3.979185365e-06,4.81816e-05,-0.002639259866,0.002653340381,0.0123144,2.045620709e-08,-2.009148793e-08,2.44579e-07,2.234196288e-05,-2.230450325e-05,8.69852e-05
0.005,-5.43595387e-06,5.458785482e-06,6.60774e-05,-0.003255558345,0.003275980266,0.0151971,3.44350924e-08,-3.394263984e-08,4.12447e-07,3.396418894e-05,-3.397314756e-05,0.000132363
0.0055,-7.231056545e-06,7.266096964e-06,8.79263e-05,-0.003935558773,0.003964211635,0.0183805,5.521994365e-08,-5.475284167e-08,6.63344e-07,4.961500221e-05,-4.969558629e-05,0.000193488
0.006,-9.382024695e-06,9.433922959e-06,0.00011412,-0.004678926335,0.00471803392,0.0218641,8.498757261e-08,-8.460026459e-08,1.02294e-06,7.0128484e-05,-7.031788887e-05,0.000273633
0.0065,-1.192043559e-05,1.199506054e-05,0.000145049,-0.005485299851,0.00553744284,0.0256468,1.264362433e-07,-1.261012152e-07,1.52328e-06,9.640625537e-05,-9.675862328e-05,0.000376345
0.007,-1.487771584e-05,1.498230009e-05,0.000181103,-0.006354288571,0.006422430327,0.0297278,1.826363044e-07,-1.824230932e-07,2.202e-06,0.0001294283719,-0.000130008402,0.000505463
0.0075,-1.828505205e-05,1.842842537e-05,0.00022267,-0.007285476795,0.007372984527,0.0341061,2.572649255e-07,-2.572843914e-07,3.10371e-06,0.0001702365876,-0.000171129882,0.000665088
0.008,-2.217344994e-05,2.236621342e-05,0.000270136,-0.008278420533,0.008389089805,0.0387806,3.544490624e-07,-3.549546957e-07,4.27905e-06,0.0002199460606,-0.0002212577647,0.000859602
0.0085,-2.657365883e-05,2.682843464e-05,0.000323887,-0.009332650436,0.009470726735,0.0437502,4.789629219e-07,-4.80254685e-07,5.7859e-06,0.0002797334319,-0.000281598796,0.00109365
0.009,-3.151620353e-05,3.184785277e-05,0.000384307,-0.01044767044,0.01061787211,0.0490136,6.361411108e-07,-6.385561314e-07,7.68884e-06,0.0003508417845,-0.0003534317663,0.00137214
0.0095,-3.703135094e-05,3.745722341e-05,0.000451778,-0.0116229588,0.01183049919,0.0545696,8.319659457e-07,-8.358164362e-07,1.00599e-05,0.0004345761285,-0.000438107161,0.00170026
0.01,-4.314909849e-05,4.368925907e-05,0.000526681,-0.01285796896,0.01310857316,0.0604168,1.073087766e-06,-1.079044289e-06,1.29814e-05,0.0005322991237,-0.0005370188322,0.00208336
0.0105,-4.98991644e-05,5.057668747e-05,0.000609393,-0.01415212956,0.01445205837,0.0665539,1.366852259e-06,-1.375589239e-06,1.65421e-05,0.0006454309411,-0.0006516506109,0.00252712
0.011,-5.73109824e-05,5.815220875e-05,0.000700292,-0.01550484467,0.01586091336,0.0729793,1.721312039e-06,-1.733638407e-06,2.08399e-05,0.0007754479482,-0.0007835424233,0.0030374
0.0115,-6.541367864e-05,6.644849489e-05,0.000799753,-0.01691549462,0.01733509077,0.0796915,2.14528122e-06,-2.162224472e-06,2.59824e-05,0.00092387868,-0.0009342897428,0.00362029
0.012,-7.423605347e-05,7.549818959e-05,0.000908149,-0.01838343651,0.01887453729,0.0866888,2.648378483e-06,-2.671225672e-06,3.20873e-05,0.001092300597,-0.00110554359,0.00428208
0.0125,-8.380658505e-05,8.533390837e-05,0.00102585,-0.01990800427,0.02047919373,0.0939696,3.241018996e-06,-3.271365809e-06,3.9282e-05,0.001282340807,-0.001299010531,0.00502927
0.013,-9.415340505e-05,9.598823853e-05,0.00115322,-0.02148850934,0.02214899499,0.101532,3.934471676e-06,-3.974214239e-06,4.77044e-05,0.001495671758,-0.00151645268,0.00586855
0.0135,-0.0001053043256,0.0001074937391,0.00129064,-0.02312424471,0.02388387004,0.109375,4.740720062e-06,-4.792185881e-06,5.75015e-05,0.001733994871,-0.001759687698,0.00680678
0.014,-0.000117286774,0.0001198829532,0.00143845,-0.02481448022,0.02568374363,0.117495,5.672723802e-06,-5.738499548e-06,6.88313e-05,0.001999058906,-0.002030597544,0.00785102
0.0145,-0.0001301278049,0.0001331883089,0.00159703,-0.02655846548,0.02754852593,0.125892,6.744337966e-06,-6.827678052e-06,8.1865e-05,0.002292647755,-0.002331059965,0.00900842
0.015,-0.0001438541057,0.0001474422549,0.00176673,-0.02835543133,0.02947812611,0.134562,7.970256315e-06,-8.074931251e-06,9.67829e-05,0.002616573107,-0.002663040473,0.0102863
0.0155,-0.0001584919778,0.0001626771948,0.00194791,-0.03020458993,0.03147244639,0.143505,9.366068344e-06,-9.496441988e-06,0.000113777,0.002972673794,-0.003028548648,0.0116922
0.016,-0.0001740673054,0.0001789254673,0.00214093,-0.03210513444,0.03353137983,0.152718,1.094838419e-05,-1.110945623e-05,0.000133051,0.003362818076,-0.003429624247,0.0132338
0.0165,-0.000190605572,0.0001962193459,0.00234612,-0.03405624081,0.0356548104,0.162198,1.273471601e-05,-1.293228309e-05,0.000154821,0.003788894104,-0.003868337211,0.0149187
0.017,-0.0002081318701,0.0002145910389,0.00256384,-0.03605706884,0.03784261295,0.171944,1.474340124e-05,-1.49842948e-05,0.000179314,0.004252804078,-0.004346787661,0.0167547
0.0175,-0.0002266708322,0.0002340726897,0.00279444,-0.03810676111,0.0400946532,0.181953,1.699391075e-05,-1.728592672e-05,0.000206772,0.004756471095,-0.004867105896,0.0187497
0.018,-0.0002462466637,0.0002546963765,0.00303825,-0.04020444489,0.04241078777,0.192222,1.950665184e-05,-1.985867735e-05,0.000237448,0.005301828689,-0.005431452399,0.0209118
0.0185,-0.0002668831629,0.0002764941123,0.00329562,-0.04234923377,0.04479086416,0.20275,2.230283663e-05,-2.272510831e-05,0.000271604,0.005890813359,-0.006042017831,0.0232489
0.019,-0.0002886036473,0.0002994978493,0.00356688,-0.04454022622,0.04723472109,0.213534,2.540481579e-05,-2.590884361e-05,0.000309519,0.00652537111,-0.006701025257,0.0257691
0.0195,-0.0003114309806,0.0003237394693,0.00385235,-0.04677650744,0.04974218924,0.224572,2.883591195e-05,-2.943462409e-05,0.000351482,0.007207448716,-0.007410725917,0.0284807
0.02,-0.0003353875848,0.0003492506174,0.00415238,-0.04905715074,0.05231307563,0.23586,3.262032832e-05,-3.332838175e-05,0.000397796,0.007938987623,-0.008173305848,0.0313918
0.0205,-0.0003604954163,0.0003760630142,0.00446728,-0.05138121775,0.05494718978,0.247396,3.678323266e-05,-3.761713324e-05,0.000448775,0.008721922681,-0.008991055017,0.0345104
0.021,-0.0003867759342,0.0004042082532,0.00479737,-0.05374775824,0.057644328,0.259178,4.135088131e-05,-4.232903385e-05,0.000504748,0.009558181938,-0.009866259514,0.0378448
0.0215,-0.0004142501321,0.0004337178011,0.00514299,-0.0561558121,0.0604042733,0.271203,4.635043331e-05,-4.749337751e-05,0.000566056,0.01044967843,-0.01080120155,0.0414033
0.022,-0.0004429385496,0.0004646229974,0.00550442,-0.05860441049,0.06322679547,0.283467,5.180986163e-05,-5.31405968e-05,0.00063305,0.0113983056,-0.01179815947,0.0451939
0.0225,-0.0004728611958,0.0004969550545,0.005882,-0.0610925748,0.06611165104,0.295968,5.775829136e-05,-5.930226293e-05,0.000706097,0.01240593934,-0.01285940773,0.0492247
0.023,-0.0005040375958,0.000530745058,0.00627603,-0.06361931873,0.06905858325,0.308704,6.422574561e-05,-6.601108577e-05,0.000785575,0.01347443026,-0.01398721692,0.0535038
0.0235,-0.0005364868223,0.0005660239662,0.00668681,-0.06618364917,0.07206732212,0.321671,7.124296237e-05,-7.330091384e-05,0.000871873,0.01460560052,-0.01518385374,0.0580391
0.024,-0.0005702274026,0.0006028226105,0.00711463,-0.06878456613,0.07513758441,0.334866,7.884180715e-05,-8.120673429e-05,0.000965396,0.01580124125,-0.01645158103,0.0628385
0.0245,-0.0006052773685,0.0006411716952,0.0075598,-0.07142106404,0.07826907361,0.348287,8.705500484e-05,-8.976467292e-05,0.00106656,0.01706310835,-0.01779265774,0.0679099
0.025,-0.0006416542695,0.000681101855,0.00802261,-0.07409213232,0.08146148367,0.361929,9.591604536e-05,-9.901213639e-05,0.00117579,0.01839292032,-0.01920936142,0.0732609
0.0255,-0.0006793751453,0.0007226433764,0.00850334,-0.07679675621,0.0847144848,0.375791,0.0001054592847,-0.000108987274,0.00129352,0.01979235372,-0.02070387859,0.0788992
0.026,-0.0007184565035,0.0007658263538,0.00900228,-0.0795339175,0.0880277283,0.389869,0.0001157200168,-0.0001197292794,0.00142021,0.02126303873,-0.02227836115,0.0848322
0.0265,-0.0007589143555,0.0008106809209,0.00951971,-0.08230259519,0.09140086249,0.404159,0.0001267342756,-0.0001312789318,0.00155631,0.02280655801,-0.02393501921,0.0910671
0.027,-0.000800764227,0.0008572369872,0.0100559,-0.08510176608,0.094833518,0.418659,0.0001385387552,-0.0001436779975,0.0017023,0.02442444475,-0.02567601928,0.0976113
0.0275,-0.0008440210906,0.0009055242384,0.0106111,-0.08793040599,0.09832530774,0.433365,0.0001511710942,-0.0001569692299,0.00185867,0.02611817355,-0.02750348423,0.104472
0.028,-0.0008886994133,0.000955572136,0.0111856,-0.09078749011,0.1018758269,0.448273,0.0001646696224,-0.00017119637,0.00202591,0.02788916142,-0.02941949334,0.111655
0.0285,-0.0009348131928,0.001007409918,0.0117797,-0.09367199318,0.1054846528,0.463381,0.0001790731668,-0.0001864041459,0.00220452,0.02973876984,-0.03142608228,0.119168
0.029,-0.0009823758642,0.001061066597,0.0123936,-0.09658289146,0.1091513453,0.478686,0.0001944214463,-0.0002026382727,0.00239502,0.03166828971,-0.03352524311,0.127017
0.0295,-0.00103140036,0.001116570964,0.0130276,-0.09951916257,0.1128754464,0.494182,0.0002107547672,-0.0002199454532,0.00259794,0.03367894598,-0.03571892427,0.135209
0.03,-0.001081899125,0.001173951584,0.0136819,-0.1024797858,0.1166564803,0.509868,0.000228113932,-0.0002383733772,0.0028138,0.03577189785,-0.03800903059,0.143748
0.0305,-0.001133884085,0.0012332368,0.0143568,-0.1054637435,0.1204939535,0.52574,0.0002465403414,-0.0002579707217,0.00304316,0.03794823043,-0.0403974233,0.152642
0.031,-0.00118736664,0.001294454728,0.0150524,-0.1084700218,0.1243873549,0.541794,0.0002660760026,-0.0002787871512,0.00328656,0.04020895019,-0.04288592,0.161895
0.0315,-0.001242357696,0.001357633262,0.0157691,-0.1114976107,0.1283361556,0.558026,0.0002867633486,-0.0003008733172,0.00354456,0.04255498881,-0.0454762947,0.171512
0.032,-0.001298867677,0.00142280024,0.0165071,-0.1145455041,0.1323398184,0.574433,0.000308645171,-0.000324281659,0.00381775,0.04498720263,-0.04817031746,0.1815
0.0325,-0.00135690647,0.001489982334,0.0172666,-0.1176127024,0.136397754,0.591011,0.0003317648211,-0.0003490619987,0.00410668,0.04750635696,-0.05096947366,0.191861
0.033,-0.001416483467,0.00155920671,0.0180478,-0.1206982118,0.1405093791,0.607757,0.0003561659813,-0.0003752679926,0.00441193,0.05011313407,-0.05387537719,0.202602
0.0335,-0.001477607606,0.001630500193,0.0188509,-0.1238010431,0.1446740904,0.624666,0.000381892507,-0.0004029539281,0.00473411,0.05280814024,-0.05688956625,0.213725
0.034,-0.001540287284,0.001703889248,0.0196762,-0.1269202162,0.1488912631,0.641736,0.0004089887068,-0.0004321746186,0.00507381,0.05559188015,-0.06001349674,0.225235
0.0345,-0.001604530423,0.001779399973,0.0205238,-0.1300547581,0.1531602511,0.658962,0.0004374990872,-0.000462985404,0.00543163,0.05846477011,-0.06324854235,0.237135
0.035,-0.001670344476,0.001857058105,0.0213939,-0.1332037026,0.1574803873,0.67634,0.0004674682603,-0.00049544215,0.00580817,0.06142714182,-0.06659599452,0.249429
0.0355,-0.001737736408,0.001936889015,0.0222869,-0.1363660927,0.1618509832,0.693867,0.0004989410222,-0.000529601249,0.00620406,0.0644792288,-0.07005706242,0.262118
0.036,-0.001806712693,0.00201891771,0.0232027,-0.139540981,0.1662713289,0.711539,0.0005319623088,-0.0005655196192,0.0066199,0.06762116446,-0.07363287301,0.275207
0.0365,-0.001877279345,0.002103168835,0.0241417,-0.1427274289,0.1707406934,0.729352,0.0005665770571,-0.0006032547052,0.0070563,0.07085299034,-0.07732447097,0.288696
0.037,-0.001949441927,0.00218966667,0.025104,-0.1459245067,0.1752583245,0.747302,0.0006028301525,-0.0006428644778,0.0075139,0.07417465578,-0.08113281876,0.302587
0.0375,-0.00202320551,0.002278435131,0.0260898,-0.1491312966,0.1798234485,0.765385,0.0006407665208,-0.000684407434,0.00799331,0.0775859992,-0.08505879657,0.316883
0.038,-0.002098574718,0.002369497771,0.0270992,-0.1523468914,0.1844352708,0.783597,0.0006804309613,-0.0007279425971,0.00849516,0.08108676174,-0.08910320236,0.331583
0.0385,-0.002175553747,0.002462877778,0.0281324,-0.1555703924,0.1890929752,0.801935,0.0007218680393,-0.0007735295164,0.00902008,0.08467659724,-0.09326675185,0.346689
0.039,-0.002254146317,0.002558597978,0.0291896,-0.1588009151,0.1937957244,0.820393,0.0007651222145,-0.0008212282675,0.0095687,0.08835504123,-0.09755007849,0.362201
0.0395,-0.002334355715,0.002656681212,0.030271,-0.1620375862,0.1985426665,0.838969,0.0008102376711,-0.0008711016133,0.0101417,0.09212153007,-0.1019537638,0.378119
0.04,-0.002416184807,0.002757148433,0.0313766,-0.1652795425,0.2033329157,0.857657,0.0008572582452,-0.0009232051589,0.0107396,0.09597540839,-0.1064781491,0.394442
0.0405,-0.002499636025,0.002860021058,0.0325067,-0.1685259344,0.2081655672,0.876455,0.0009062274444,-0.0009775992386,0.011363,0.09991591067,-0.111123565,0.41117
0.041,-0.002584711369,0.002965320291,0.0336613,-0.1717759255,0.2130396978,0.895358,0.0009571883825,-0.001034345643,0.0120127,0.1039421642,-0.115890266,0.428302
0.0415,-0.002671412432,0.003073066795,0.0348407,-0.175028691,0.2179543627,0.914361,0.001010183696,-0.001093505883,0.0126892,0.1080531999,-0.1207783995,0.445835
0.042,-0.002759740408,0.003183280692,0.0360448,-0.1782834182,0.2229085956,0.933461,0.001065255499,-0.001155141189,0.0133932,0.1122479515,-0.125788006,0.463768
0.0425,-0.002849696068,0.00329598156,0.037274,-0.1815393097,0.2279014084,0.952653,0.001122445367,-0.001219312511,0.0141252,0.1165252373,-0.1309190192,0.482098
0.043,-0.002941279797,0.003411188433,0.0385282,-0.1847955806,0.2329317916,0.971934,0.001181794256,-0.001286080519,0.014886,0.1208837776,-0.1361712656,0.500823
0.0435,-0.003034491599,0.003528919805,0.0398076,-0.1880514574,0.2379987139,0.991299,0.001243342451,-0.001355505603,0.015676,0.1253222059,-0.1415444651,0.519939
0.044,-0.003129331081,0.003649193627,0.0411122,-0.1913061828,0.2431011225,1.01074,0.001307129527,-0.001427647873,0.0164959,0.1298390367,-0.1470382304,0.539443
0.0445,-0.003225797479,0.003772027308,0.0424423,-0.1945590127,0.2482379431,1.03026,0.001373194292,-0.001502567158,0.0173463,0.1344326885,-0.1526520672,0.55933
0.045,-0.003323889667,0.003897437712,0.0437979,-0.1978092147,0.2534080795,1.04986,0.001441574755,-0.001580323008,0.0182278,0.1391014937,-0.1583853745,0.579597
0.0455,-0.003423606149,0.004025441163,0.045179,-0.2010560718,0.2586104143,1.06951,0.001512308047,-0.001660974691,0.0191409,0.1438436772,-0.1642374443,0.600238
0.046,-0.003524945075,0.004156053443,0.0465858,-0.2042988813,0.2638438082,1.08924,0.001585430383,-0.001744581197,0.0200863,0.1486573651,-0.1702074615,0.621248
0.0465,-0.003627904248,0.004289289789,0.0480183,-0.2075369529,0.2691071003,1.10902,0.001660977037,-0.001831201234,0.0210645,0.153540596,-0.1762945041,0.642621
0.047,-0.003732481132,0.004425164897,0.0494767,-0.2107696097,0.2743991082,1.12885,0.001738982284,-0.001920893231,0.022076,0.1584913191,-0.1824975434,0.664352
0.0475,-0.003838672851,0.004563692921,0.0509609,-0.2139961903,0.2797186279,1.14874,0.001819479316,-0.002013715335,0.0231214,0.1635073806,-0.1888154434,0.686434
0.048,-0.003946476205,0.004704887473,0.0524711,-0.2172160463,0.2850644338,1.16867,0.001902500236,-0.002109725416,0.0242013,0.1685865415,-0.1952469614,0.708861
0.0485,-0.004055887673,0.004848762252,0.0540073,-0.2204285408,0.2904352591,1.18864,0.001988076065,-0.002208986238,0.0253162,0.1737264879,-0.201790595,0.731624
0.049,-0.004166903417,0.004995327735,0.0555696,-0.2236330533,0.2958299052,1.20864,0.002076236561,-0.002311541734,0.0264666,0.178924804,-0.2084451484,0.754717
0.0495,-0.004279519295,0.005144595757,0.0571579,-0.2268289757,0.3012470798,1.22868,0.002167010264,-0.002417448593,0.027653,0.1841789938,-0.2152090099,0.778132
0.05,-0.00439373086,0.005296577508,0.0587724,-0.2300157115,0.3066854723,1.24875,0.002260424532,-0.002526762767,0.0288758,0.1894864933,-0.2220804545,0.80186
0.0505,-0.004509533374,0.005451283456,0.0604131,-0.2331926789,0.3121437566,1.26884,0.002356505337,-0.002639538884,0.0301356,0.1948446488,-0.2290576591,0.825893
0.051,-0.004626921811,0.00560872334,0.0620799,-0.236359309,0.3176205911,1.28896,0.002455277295,-0.002755830243,0.0314329,0.20025073,-0.2361387017,0.850222
0.0515,-0.004745890862,0.005768906172,0.063773,-0.2395150446,0.3231146186,1.30908,0.002556763696,-0.002875688817,0.032768,0.2057019402,-0.2433215621,0.874837
0.052,-0.004866434941,0.005931840241,0.0654923,-0.2426593406,0.3286244667,1.32922,0.002660986426,-0.002999165252,0.0341414,0.2111954144,-0.2506041215,0.899729
0.0525,-0.004988548198,0.006097533106,0.0672379,-0.2457916657,0.3341487474,1.34936,0.002767965833,-0.003126308868,0.0355536,0.2167282111,-0.2579841625,0.924887
0.053,-0.005112224518,0.006265991601,0.0690097,-0.2489114998,0.3396860572,1.3695,0.002877720815,-0.003257167655,0.037005,0.2222973284,-0.2654593692,0.950301
0.0535,-0.005237457521,0.006437221836,0.0708078,-0.2520183329,0.3452349771,1.38964,0.00299026886,-0.003391788279,0.0384959,0.2278997129,-0.2730273274,0.975961
0.054,-0.005364240586,0.006611229192,0.0726321,-0.2551116685,0.3507940728,1.40977,0.003105625757,-0.003530216078,0.0400267,0.23353224,-0.280685524,1.00186
0.0545,-0.005492566847,0.006788018323,0.0744826,-0.258191021,0.3563618943,1.42989,0.003223805744,-0.003672495063,0.0415978,0.2391917327,-0.2884313477,1.02797
0.055,-0.005622429184,0.006967593161,0.0763594,-0.2612559135,0.3619369763,1.44999,0.003344821609,-0.003818667917,0.0432094,0.2448749738,-0.2962620886,1.0543
0.0555,-0.005753820255,0.007149956906,0.0782623,-0.2643058817,0.3675178379,1.47008,0.003468684359,-0.003968775997,0.044862,0.2505786873,-0.3041749383,1.08083
0.056,-0.005886732486,0.007335112037,0.0801914,-0.2673404709,0.373102983,1.49013,0.003595403355,-0.004122859334,0.0465557,0.2562995536,-0.3121669897,1.10755
0.0565,-0.006021158074,0.007523060302,0.0821466,-0.2703592356,0.3786908997,1.51016,0.00372498638,-0.004280956631,0.048291,0.2620342174,-0.3202352376,1.13444
0.057,-0.006157088992,0.007713802728,0.0841279,-0.2733617395,0.3842800608,1.53015,0.003857439527,-0.004443105263,0.050068,0.2677792863,-0.3283765779,1.1615
0.0575,-0.00629451701,0.00790733961,0.0861353,-0.2763475564,0.3898689235,1.5501,0.003992767071,-0.00460934128,0.051887,0.2735313291,-0.3365878081,1.1887
0.058,-0.006433433681,0.008103670521,0.0881686,-0.2793162681,0.3954559298,1.57001,0.00413097162,-0.004779699402,0.0537482,0.2792868875,-0.3448656272,1.21604
0.0585,-0.006573830338,0.008302794305,0.0902278,-0.282267464,0.401039506,1.58986,0.004272054178,-0.004954213027,0.0556519,0.2850424831,-0.3532066357,1.24351
0.059,-0.006715698132,0.008504708974,0.0923128,-0.2852007423,0.4066179924,1.60967,0.0044160138,-0.005132917617,0.0575981,0.2907946073,-0.3616068834,1.27108
0.0595,-0.00685902801,0.008709411294,0.0944237,-0.2881157088,0.4121899718,1.62941,0.004562847812,-0.005315834796,0.0595872,0.2965397351,-0.3700636533,1.29875
0.06,-0.007003810686,0.008916897607,0.0965602,-0.2910119744,0.4177538641,1.6491,0.004712552148,-0.005502991162,0.0616191,0.3022743366,-0.3785734143,1.3265
0.0605,-0.00715003672,0.009127163481,0.0987224,-0.2938891583,0.4233080414,1.66872,0.004865120618,-0.005694413343,0.063694,0.3079948627,-0.3871323394,1.35432
0.061,-0.00729769647,0.009340203669,0.10091,-0.2967468854,0.4288508752,1.68826,0.005020545359,-0.005890125814,0.065812,0.3136977607,-0.3957365595,1.3822
0.0615,-0.007446780109,0.009556012101,0.103123,-0.2995847865,0.4343807364,1.70773,0.005178816727,-0.006090150899,0.0679732,0.3193794752,-0.404382163,1.41011
0.062,-0.007597277629,0.009774581892,0.105362,-0.3024024976,0.4398959946,1.72712,0.005339923281,-0.006294508768,0.0701777,0.3250364524,-0.4130651959,1.43805
0.0625,-0.007749178844,0.009995905338,0.107625,-0.30519966,0.4453950189,1.74642,0.005503851773,-0.006503217439,0.0724254,0.3306651439,-0.4217816618,1.466
0.063,-0.007902473387,0.01021997392,0.109914,-0.3079759194,0.4508761776,1.76564,0.005670587223,-0.006716292776,0.0747164,0.3362620086,-0.4305275219,1.49394
0.0635,-0.008057150704,0.01044677829,0.112228,-0.3107309263,0.4563378378,1.78475,0.005840112952,-0.006933748493,0.0770506,0.3418235161,-0.4392986951,1.52187
0.064,-0.008213200104,0.01067630829,0.114566,-0.3134643344,0.4617783663,1.80377,0.006012410204,-0.007155596148,0.079428,0.3473461571,-0.4480910577,1.54976
0.0645,-0.008370610719,0.01090855294,0.116929,-0.3161758009,0.4671961287,1.82269,0.006187458499,-0.007381845149,0.0818486,0.3528264404,-0.4569004437,1.5776
0.065,-0.008529371522,0.01114350045,0.119317,-0.3188649864,0.4725894899,1.84149,0.006365235515,-0.00761250275,0.0843122,0.358260899,-0.4657226448,1.60538
0.0655,-0.008689471328,0.01138113821,0.12173,-0.3215315539,0.477956814,1.86018,0.006545717083,-0.007847574054,0.0868188,0.3636460937,-0.4745534101,1.63307
0.066,-0.0088508988,0.01162145277,0.124166,-0.3241751687,0.4832964641,1.87876,0.006728877174,-0.008087062009,0.0893682,0.368978617,-0.4833884466,1.66068
0.0665,-0.009013642122,0.01186442989,0.126627,-0.32679549,0.4886068028,1.89721,0.006914691054,-0.008330967412,0.0919602,0.3742551372,-0.4922234185,1.68817
0.067,-0.009177689575,0.0121100545,0.129112,-0.3293921841,0.4938861916,1.91554,0.007103129786,-0.008579288908,0.0945947,0.379472332,-0.5010539478,1.71554
0.0675,-0.009343029375,0.01235831071,0.13162,-0.3319649207,0.4991329912,1.93373,0.007294161819,-0.008832022987,0.0972714,0.3846269133,-0.5098756143,1.74277
0.068,-0.009509649481,0.01260918182,0.134152,-0.3345133669,0.5043455617,1.95179,0.007487754843,-0.009089163988,0.0999902,0.3897156541,-0.5186839551,1.76984
0.0685,-0.009677537695,0.01286265029,0.136708,-0.3370371898,0.509522262,1.96971,0.007683874853,-0.009350704098,0.102751,0.3947353807,-0.5274744649,1.79675
0.069,-0.009846681667,0.01311869779,0.139287,-0.3395360557,0.5146614505,1.98748,0.007882486152,-0.00961663335,0.105553,0.3996829769,-0.5362425963,1.82347
0.0695,-0.01001706887,0.01337730514,0.141889,-0.3420096303,0.5197614847,2.0051,0.008083551595,-0.009886939624,0.108396,0.4045553844,-0.5449837593,1.85
0.07,-0.01018868618,0.01363845239,0.144513,-0.344457584,0.5248207212,2.02257,0.008287036384,-0.01016160865,0.11128,0.4093495528,-0.5536933213,1.87631
0.0705,-0.01036152098,0.01390211744,0.147161,-0.3468795762,0.5298374359,2.03987,0.008492898257,-0.01044062187,0.114205,0.4140625835,-0.5623661198,1.90239
0.071,-0.01053556022,0.01416828002,0.149831,-0.3492752676,0.5348101657,2.05702,0.008701095713,-0.01072396236,0.11717,0.4186916164,-0.5709982785,1.92822
0.0715,-0.0107107907,0.01443691889,0.152523,-0.3516443164,0.5397373969,2.07399,0.008911585735,-0.01101161042,0.120175,0.4232338666,-0.5795857093,1.9538
0.072,-0.01088719905,0.01470801039,0.155237,-0.3539863777,0.5446175012,2.0908,0.009124323801,-0.01130354147,0.123219,0.4276866286,-0.5881236385,1.97911
0.0725,-0.01106477177,0.01498153019,0.157973,-0.3563011035,0.5494488689,2.10743,0.009339263902,-0.01159972876,0.126302,0.4320472794,-0.5966073361,2.00414
0.073,-0.01124349495,0.01525745322,0.16073,-0.3585881498,0.5542299089,2.12387,0.0095563608,-0.0119001434,0.129423,0.4363132201,-0.6050321164,2.02886
0.0735,-0.01142335441,0.01553575371,0.163509,-0.360847172,0.5589590483,2.14013,0.009775568698,-0.01220475436,0.132583,0.440481917,-0.6133933375,2.05328
0.074,-0.01160433631,0.01581640518,0.166309,-0.3630778051,0.5636347331,2.1562,0.009996836143,-0.01251352843,0.13578,0.4445510496,-0.6216864018,2.07736
0.0745,-0.01178642638,0.01609938045,0.169129,-0.3652796874,0.5682554274,2.17207,0.01022011255,-0.0128264303,0.139014,0.448518331,-0.6299067555,2.10111
0.075,-0.01196961018,0.01638465162,0.171971,-0.3674524524,0.5728196138,2.18775,0.01044534612,-0.01314342245,0.142285,0.4523815712,-0.6380498887,2.1245
0.0755,-0.01215387312,0.01667219008,0.174832,-0.3695957287,0.5773257936,2.20322,0.01067248384,-0.01346446527,0.145592,0.4561386812,-0.646111336,2.14753
0.076,-0.01233920042,0.01696196652,0.177714,-0.3717091388,0.5817724865,2.21848,0.01090147154,-0.01378951695,0.148933,0.4597876757,-0.6540866754,2.17017
0.0765,-0.01252557671,0.0172539509,0.180615,-0.3737923321,0.5861582305,2.23353,0.01113225805,-0.01411853355,0.15231,0.4633264495,-0.6619715295,2.19243
0.077,-0.01271298689,0.01754811251,0.183536,-0.3758449182,0.5904815823,2.24837,0.01136478682,-0.014451469,0.155721,0.4667532421,-0.6697615645,2.21428
0.0775,-0.01290141563,0.0178444199,0.186476,-0.3778665026,0.5947411169,2.26298,0.01159900055,-0.01478827505,0.159165,0.4700663891,-0.6774524908,2.23572
0.078,-0.01309084737,0.0181428409,0.189435,-0.3798566911,0.5989354279,2.27737,0.01183484182,-0.01512890132,0.162642,0.4732642933,-0.6850400629,2.25674
0.0785,-0.01328126632,0.01844334267,0.192412,-0.3818150835,0.6030631274,2.29153,0.01207225234,-0.01547329526,0.166152,0.4763454698,-0.692520079,2.27731
0.079,-0.01347265655,0.01874589163,0.195408,-0.383741273,0.6071228457,2.30546,0.01231117297,-0.0158214022,0.169693,0.4793085491,-0.6998883817,2.29744
0.0795,-0.01366500183,0.0190504535,0.198422,-0.3856348532,0.611113232,2.31915,0.01255154437,-0.01617316528,0.173264,0.4821522311,-0.7071408575,2.31711
0.08,-0.0138582855,0.01935699329,0.201453,-0.3874954502,0.6150329537,2.3326,0.01279330947,-0.01652852553,0.176866,0.4848750631,-0.7142734367,2.33631
0.0805,-0.01405249113,0.01966547531,0.204502,-0.3893226191,0.6188806966,2.34581,0.01303640559,-0.01688742181,0.180497,0.4874761578,-0.7212820939,2.35504
0.081,-0.01424760192,0.01997586314,0.207568,-0.3911159355,0.6226551652,2.35876,0.01328077148,-0.01724979084,0.184157,0.4899545625,-0.7281628476,2.37327
0.0815,-0.01444360085,0.02028811967,0.21065,-0.3928749684,0.6263550825,2.37146,0.01352634542,-0.01761556717,0.187845,0.4923094433,-0.7349117603,2.39101
0.082,-0.01464047068,0.02060220707,0.213749,-0.3945992806,0.6299791896,2.38391,0.01377306521,-0.01798468322,0.191559,0.4945400871,-0.7415249386,2.40824
0.0825,-0.01483819397,0.02091808498,0.216864,-0.3962884282,0.6335262069,2.39609,0.01402086822,-0.01835706343,0.1953,0.4966459041,-0.7479983023,2.42495
0.083,-0.01503675297,0.02123571418,0.219995,-0.3979419878,0.6369949638,2.40801,0.01426969281,-0.01873263639,0.199067,0.498626242,-0.7543281913,2.44114
0.0835,-0.01523612972,0.0215550614,0.223141,-0.3995595247,0.6403844512,2.41966,0.01451947682,-0.01911134932,0.202858,0.5004806046,-0.7605118496,2.4568
0.084,-0.01543630617,0.02187608555,0.226302,-0.4011405667,0.6436935075,2.43103,0.01477015627,-0.01949312428,0.206672,0.5022088363,-0.7665456332,2.47193
0.0845,-0.01563726393,0.02219874519,0.229478,-0.4026846538,0.6469210053,2.44214,0.01502166791,-0.01987788227,0.21051,0.503810779,-0.7724260144,2.48651
0.085,-0.01583898445,0.02252299851,0.232668,-0.40419132,0.6500658512,2.45296,0.01527394841,-0.02026554319,0.21437,0.5052863965,-0.7781495819,2.50053
0.0855,-0.01604144889,0.02284880333,0.235872,-0.4056600937,0.653126986,2.4635,0.01552693438,-0.02065602588,0.218252,0.506635776,-0.7837130408,2.514
0.086,-0.01624463819,0.02317611713,0.23909,-0.4070905286,0.6561033848,2.47375,0.01578056331,-0.02104924809,0.222154,0.5078589123,-0.7891132125,2.5269
0.0865,-0.01644853304,0.023504897,0.24232,-0.4084821658,0.6589940565,2.48372,0.01603477258,-0.02144512647,0.226075,0.5089559729,-0.7943470345,2.53924
0.087,-0.01665311392,0.0238350997,0.245564,-0.4098345106,0.6617980446,2.49339,0.01628949881,-0.02184357662,0.230015,0.509927459,-0.7994115609,2.551
0.0875,-0.01685836106,0.02416668159,0.24882,-0.4111470823,0.6645144263,2.50276,0.01654467936,-0.02224451304,0.233972,0.5107738622,-0.804303962,2.56218
0.088,-0.01706425443,0.02449959871,0.252088,-0.4124193961,0.6671423132,2.51184,0.01680025186,-0.02264784915,0.237947,0.5114957883,-0.8090215246,2.57278
0.0885,-0.01727077377,0.0248338067,0.255367,-0.4136509636,0.669680851,2.52061,0.01705615426,-0.02305349728,0.241937,0.5120939583,-0.8135616514,2.58279
0.089,-0.01747789866,0.02516926087,0.258658,-0.4148413159,0.6721292195,2.52907,0.01731232475,-0.02346136871,0.245943,0.5125690463,-0.817921862,2.59221
0.0895,-0.01768560838,0.02550591614,0.26196,-0.415989973,0.6744866327,2.53723,0.01756870198,-0.02387137359,0.249962,0.5129218923,-0.8220997918,2.60104
0.09,-0.01789388192,0.02584372708,0.265272,-0.4170964333,0.6767523386,2.54508,0.01782522527,-0.02428342103,0.253995,0.5131535804,-0.8260931929,2.60927
0.0905,-0.01810269802,0.02618264791,0.268594,-0.4181602049,0.6789256196,2.55261,0.01808183437,-0.02469741905,0.25804,0.5132652176,-0.8298999336,2.6169
0.091,-0.0183120352,0.02652263248,0.271925,-0.4191807943,0.681005792,2.55982,0.01833846965,-0.02511327457,0.262096,0.5132580155,-0.8335179984,2.62394
0.0915,-0.01852187172,0.02686363426,0.275266,-0.4201577067,0.6829922064,2.56672,0.0185950721,-0.02553089344,0.266163,0.51313329,-0.8369454884,2.63037
0.092,-0.01873218574,0.02720560638,0.278616,-0.4210904674,0.6848842474,2.57329,0.01885158284,-0.02595018043,0.27024,0.5128923061,-0.8401806208,2.63621
0.0925,-0.01894295508,0.0275485016,0.281974,-0.4219785919,0.6866813339,2.57954,0.01910794397,-0.02637103924,0.274324,0.5125364953,-0.8432217292,2.64144
0.093,-0.01915415723,0.02789227232,0.28534,-0.4228215809,0.6883829188,2.58546,0.01936409882,-0.02679337246,0.278417,0.5120674916,-0.8460672634,2.64607
0.0935,-0.01936576948,0.02823687058,0.288713,-0.4236189455,0.6899884892,2.59105,0.01961999127,-0.02721708162,0.282516,0.5114869514,-0.8487157899,2.6501
0.094,-0.01957776886,0.02858224806,0.292094,-0.4243701982,0.6914975664,2.59631,0.01987556609,-0.02764206716,0.286621,0.510796621,-0.8511659912,2.65353
0.0945,-0.01979013216,0.02892835606,0.295481,-0.4250748526,0.6929097058,2.60124,0.02013076897,-0.02806822844,0.290731,0.5099983365,-0.8534166661,2.65636
0.095,-0.02000283612,0.02927514554,0.298874,-0.425732447,0.6942244968,2.60582,0.0203855457,-0.02849546374,0.294845,0.509093856,-0.8554667299,2.65859
0.0955,-0.02021585713,0.02962256709,0.302274,-0.42634251,0.6954415633,2.61008,0.02063984355,-0.02892367026,0.298962,0.5080851084,-0.8573152141,2.66022
0.096,-0.0204291712,0.0299705652,0.305678,-0.4269045611,0.6965606203,2.61399,0.02089361135,-0.02935272518,0.303081,0.5069741931,-0.8589615534,2.66127
0.0965,-0.02064275417,0.03031910233,0.309087,-0.4274181331,0.6975813266,2.61756,0.02114679863,-0.02978256661,0.307201,0.5057632164,-0.8604047015,2.66172
0.097,-0.02085658166,0.03066812833,0.312501,-0.4278827631,0.6985034383,2.62078,0.02139935608,-0.03021308967,0.311321,0.5044543559,-0.8616441692,2.66158
0.0975,-0.02107062904,0.03101759266,0.315919,-0.4282979935,0.6993267518,2.62367,0.02165123554,-0.03064418834,0.31544,0.5030498584,-0.8626796113,2.66087
0.098,-0.02128487171,0.03136744492,0.31934,-0.4286633917,0.7000511001,2.6262,0.02190238866,-0.03107575725,0.319559,0.5015518873,-0.8635108064,2.65957
0.0985,-0.02149928465,0.03171763484,0.322764,-0.4289785191,0.7006763532,2.62839,0.02215276922,-0.03150769162,0.323674,0.4999627613,-0.8641376581,2.65769
0.099,-0.02171384251,0.03206811226,0.326191,-0.4292429356,0.7012024179,2.63023,0.02240233287,-0.03193988733,0.327787,0.4982849206,-0.8645601938,2.65525
0.0995,-0.02192851979,0.03241882719,0.32962,-0.4294562163,0.701629238,2.63172,0.02265103601,-0.03237224083,0.331895,0.4965208041,-0.8647785657,2.65223
0.1,-0.02214329077,0.03276972974,0.333051,-0.4296179445,0.701956794,2.63286,0.02289883638,-0.03280464921,0.335998,0.494672899,-0.8647930503,2.64866
0.1005,-0.0223581295,0.03312077015,0.336483,-0.4297277123,0.7021851035,2.63364,0.02314569308,-0.03323701019,0.340095,0.4927437384,-0.8646040483,2.64453
0.101,-0.0225730102,0.03347189881,0.339916,-0.4297851351,0.7023142208,2.63408,0.02339156455,-0.03366922209,0.344185,0.4907357854,-0.864212085,2.63986
0.1015,-0.02278790658,0.03382306623,0.34335,-0.4297898287,0.702344237,2.63416,0.02363641206,-0.03410118385,0.348267,0.4886516208,-0.8636178101,2.63464
0.102,-0.02300279205,0.03417422305,0.346783,-0.4297414158,0.7022752804,2.63388,0.02388019895,-0.03453279503,0.352341,0.4864938947,-0.8628219974,2.62889
0.1025,-0.02321763993,0.03452532004,0.350215,-0.4296395351,0.7021075159,2.63326,0.0241228893,-0.03496395582,0.356406,0.4842652501,-0.8618255454,2.6226
0.103,-0.02343242334,0.0348763081,0.353647,-0.4294838377,0.7018411453,2.63227,0.02436444862,-0.03539456701,0.36046,0.4819683548,-0.8606294769,2.6158
0.1035,-0.02364711523,0.03522713828,0.357077,-0.4292739876,0.7014764073,2.63094,0.0246048439,-0.03582453002,0.364504,0.4796058977,-0.8592349391,2.60848
0.104,-0.02386168875,0.03557776173,0.360504,-0.4290096686,0.7010135775,2.62925,0.02484404111,-0.03625374688,0.368535,0.4771805138,-0.8576432035,2.60065
0.1045,-0.02407611656,0.03592812975,0.36393,-0.4286905739,0.7004529684,2.6272,0.02508200964,-0.03668212025,0.372555,0.474694908,-0.855855666,2.59233
0.105,-0.02429037107,0.03627819376,0.367353,-0.4283164101,0.6997949294,2.6248,0.02531872089,-0.0371095534,0.376561,0.4721518099,-0.8538738469,2.58351
0.1055,-0.02450442464,0.03662790533,0.370772,-0.4278869012,0.6990398466,2.62204,0.025554147,-0.0375359502,0.380553,0.4695539337,-0.8516993911,2.57421
0.106,-0.02471824946,0.03697721613,0.374187,-0.4274017874,0.6981881432,2.61893,0.02578826159,-0.03796121518,0.38453,0.4669039942,-0.8493340675,2.56444
0.1065,-0.02493181762,0.037326078,0.377599,-0.4268608255,0.697240279,2.61547,0.02602103976,-0.03838525346,0.388492,0.4642047033,-0.8467797697,2.5542
0.107,-0.02514510146,0.03767444287,0.381005,-0.4262637897,0.696196751,2.61165,0.0262524554,-0.03880797078,0.392438,0.4614587319,-0.8440385156,2.54351
0.1075,-0.02535807283,0.03802226283,0.384406,-0.4256104722,0.6950580929,2.60748,0.0264824862,-0.03922927349,0.396366,0.4586687697,-0.8411124475,2.53238
0.108,-0.02557070344,0.03836949008,0.387802,-0.4249006839,0.6938248751,2.60296,0.02671111161,-0.03964906859,0.400278,0.4558374956,-0.8380038319,2.5208
0.1085,-0.02578296496,0.03871607698,0.391191,-0.4241342546,0.6924977053,2.59809,0.02693831185,-0.04006726366,0.404171,0.4529675613,-0.8347150599,2.50881
0.109,-0.02599482897,0.03906197599,0.394574,-0.4233110342,0.6910772277,2.59287,0.02716406857,-0.04048376692,0.408045,0.450061596,-0.8312486471,2.49639
0.1095,-0.02620626699,0.03940713618,0.39795,-0.4224308927,0.6895642826,2.5873,0.02738836487,-0.04089847764,0.411899,0.447122202,-0.8276081674,2.48357
0.11,-0.02641725086,0.03975151912,0.401318,-0.4214937133,0.6879592597,2.58138,0.02761118248,-0.04131133064,0.415733,0.4441519593,-0.8237944996,2.47035
0.1105,-0.02662775197,0.04009507881,0.404679,-0.4204994077,0.6862629032,2.57512,0.02783250712,-0.04172223983,0.419547,0.4411534069,-0.8198104575,2.45675
0.111,-0.02683774162,0.04043776901,0.408031,-0.4194479099,0.6844760163,2.56852,0.02805232596,-0.04213111876,0.423339,0.4381290466,-0.8156591117,2.44277
0.1115,-0.02704719117,0.040779544,0.411374,-0.4183391745,0.6825994267,2.56157,0.02827062692,-0.04253788284,0.427109,0.4350813406,-0.8113435908,2.42842
0.112,-0.02725607196,0.04112035863,0.414708,-0.4171731789,0.680633986,2.55429,0.02848739928,-0.04294244944,0.430857,0.4320127065,-0.8068670809,2.41372
0.1125,-0.02746435526,0.04146016831,0.418032,-0.415949924,0.6785805702,2.54666,0.02870263362,-0.04334473784,0.434582,0.428925514,-0.8022328258,2.39868
0.113,-0.02767201281,0.041798929,0.421346,-0.4146694185,0.6764400798,2.5387,0.02891631898,-0.04374466922,0.438283,0.4258221385,-0.7974441271,2.3833
0.1135,-0.02787901588,0.04213659722,0.42465,-0.4133317113,0.6742134392,2.53041,0.02912844853,-0.04414216669,0.441961,0.4227048442,-0.7925043439,2.3676
0.114,-0.02808533581,0.04247313005,0.427942,-0.411936875,0.6719015974,2.52179,0.02933901644,-0.04453715529,0.445613,0.4195758409,-0.7874168933,2.3516
0.1145,-0.02829094401,0.04280848512,0.431223,-0.4104850043,0.6695055274,2.51283,0.02954801764,-0.04492956196,0.449241,0.4164372884,-0.7821852497,2.33529
0.115,-0.02849581196,0.04314262062,0.434492,-0.4089762193,0.6670262268,2.50355,0.02975544817,-0.04531931557,0.452843,0.4132912832,-0.7768129456,2.31869
0.1155,-0.02869991118,0.04347549528,0.437749,-0.407410666,0.6644647171,2.49395,0.02996130526,-0.0457063469,0.456419,0.4101398547,-0.7713035708,2.30182
0.116,-0.02890321361,0.04380706841,0.440993,-0.4057884912,0.6618220444,2.48403,0.03016558452,-0.04609058864,0.459969,0.4069850748,-0.765660773,2.28468
0.1165,-0.0291056909,0.04413729986,0.444224,-0.4041098948,0.6590992789,2.47379,0.03036828551,-0.04647197542,0.463492,0.4038288263,-0.7598882577,2.26728
0.117,-0.02930731483,0.04446615005,0.447441,-0.4023750998,0.656297515,2.46323,0.03056940846,-0.04685044378,0.466988,0.4006729334,-0.7539897878,2.24964
0.1175,-0.02950805732,0.04479357994,0.450645,-0.4005843522,0.6534178717,2.45237,0.03076895416,-0.04722593217,0.470457,0.3975191607,-0.7479691842,2.23177
0.118,-0.02970789043,0.04511955106,0.453834,-0.3987379251,0.6504614918,2.44119,0.03096692438,-0.04759838096,0.473898,0.394369195,-0.7418303251,2.21367
0.1185,-0.02990678634,0.04544402548,0.457008,-0.3968361192,0.6474295429,2.42971,0.03116332183,-0.04796773244,0.47731,0.3912246414,-0.7355771469,2.19536
0.119,-0.0301047177,0.04576696584,0.460167,-0.3948792289,0.6443232164,2.41793,0.03135814764,-0.04833393083,0.480694,0.388087185,-0.7292136432,2.17685
0.1195,-0.03030165695,0.04608833534,0.463311,-0.3928676136,0.6411437282,2.40585,0.0315514065,-0.04869692224,0.484049,0.3849582465,-0.7227438656,2.15815
0.12,-0.03049757677,0.04640809772,0.466438,-0.3908016535,0.6378923186,2.39348,0.03174310339,-0.04905665474,0.487376,0.381839195,-0.7161719233,2.13927
0.1205,-0.03069245008,0.04672621729,0.46955,-0.3886817522,0.6345702519,2.38082,0.03193324372,-0.04941307827,0.490672,0.3787313325,-0.7095019831,2.12022
0.121,-0.03088624999,0.0470426589,0.472644,-0.3865083414,0.6311788169,2.36787,0.03212183362,-0.04976614472,0.49394,0.3756358727,-0.7027382697,2.10101
0.1215,-0.03107894982,0.04735738797,0.475722,-0.3842818807,0.6277193265,2.35464,0.0323088799,-0.0501158079,0.497177,0.3725539384,-0.6958850653,2.08165
0.122,-0.03127052333,0.04767037048,0.478782,-0.382002817,0.624193118,2.34113,0.032494388,-0.05046202351,0.500384,0.3694867674,-0.6889467099,2.06216
0.1225,-0.03146094427,0.04798157295,0.481824,-0.3796716725,0.6206015529,2.32735,0.03267836625,-0.05080474919,0.503561,0.3664352663,-0.6819276011,2.04254
0.123,-0.03165018672,0.04829096224,0.484849,-0.3772889857,0.6169463164,2.31331,0.03286082292,-0.05114395451,0.506708,0.3634003074,-0.6748339326,2.0228
0.1235,-0.03183822503,0.04859850829,0.487854,-0.3748553191,0.6132282364,2.29899,0.03304176661,-0.05147958956,0.509824,0.3603826895,-0.6676671256,2.00296
0.124,-0.03202503386,0.04890418011,0.490841,-0.3723712627,0.6094486602,2.28442,0.03322120632,-0.05181161799,0.512909,0.3573831184,-0.6604312735,1.98302
0.1245,-0.03221058813,0.04920794721,0.493809,-0.3698374343,0.6056090432,2.26959,0.03339915144,-0.05214000826,0.515963,0.3544022047,-0.6531310069,1.96299
0.125,-0.03239486319,0.04950977987,0.496757,-0.3672544328,0.6017108433,2.25451,0.03357561039,-0.05246473086,0.518986,0.3514407059,-0.6457709116,1.94288
0.1255,-0.03257783459,0.04980964908,0.499686,-0.3646229403,0.5977555212,2.23918,0.03375059348,-0.05278575824,0.521978,0.3484989937,-0.6383555281,1.9227
0.126,-0.03275947825,0.05010752662,0.502594,-0.3619436498,0.5937445399,2.22362,0.03392411081,-0.05310306487,0.524939,0.3455774299,-0.6308893521,1.90246
0.1265,-0.03293977045,0.05040338497,0.505482,-0.359217278,0.5896793652,2.20782,0.03409617259,-0.05341662722,0.527868,0.3426762993,-0.6233768339,1.88217
0.127,-0.03311868785,0.05069719738,0.508349,-0.3564445677,0.5855614652,2.19178,0.03426678917,-0.05372642374,0.530766,0.3397957944,-0.6158223793,1.86184
0.1275,-0.03329620745,0.05098893785,0.511195,-0.3536262883,0.5813923109,2.17553,0.03443597102,-0.05403243489,0.533632,0.336936014,-0.6082303487,1.84148
0.128,-0.03347230662,0.05127858112,0.51402,-0.3507631846,0.5771733754,2.15905,0.03460372803,-0.05433464314,0.536467,0.3340972304,-0.6006050576,1.82109
0.1285,-0.03364696318,0.05156610267,0.516823,-0.3478560901,0.5729061349,2.14235,0.03477007091,-0.05463303294,0.53927,0.3312792916,-0.5929507765,1.80069
0.129,-0.03382015537,0.05185147872,0.519605,-0.3449058431,0.5685920679,2.12545,0.03493501007,-0.05492759075,0.542042,0.3284820642,-0.5852717308,1.78028
0.1295,-0.03399186182,0.05213468626,0.522364,-0.3419133038,0.5642326553,2.10835,0.03509855583,-0.05521830501,0.544782,0.3257053386,-0.5775721009,1.75986
0.13,-0.03416206163,0.05241570301,0.5251,-0.338879357,0.5598293808,2.09104,0.03526071836,-0.05550516618,0.54749,0.3229488184,-0.5698560223,1.73946
0.1305,-0.03433073434,0.05269450742,0.527814,-0.3358049113,0.5553837308,2.07355,0.03542150771,-0.0557881667,0.550167,0.3202121202,-0.5621275853,1.71907
0.131,-0.03449785975,0.05297107873,0.530505,-0.3326908467,0.5508971938,2.05586,0.03558093386,-0.05606730103,0.552812,0.3174950542,-0.5543908352,1.6987
0.1315,-0.03466341839,0.05324539687,0.533173,-0.3295381336,0.5463712613,2.03799,0.03573900634,-0.05634256561,0.555426,0.3147969868,-0.5466497724,1.67837
0.132,-0.03482739121,0.05351744257,0.535818,-0.3263477405,0.5418074272,2.01995,0.03589573447,-0.05661395888,0.558009,0.3121173337,-0.5389083522,1.65806
0.1325,-0.03498975964,0.05378719726,0.538439,-0.3231206561,0.5372071879,2.00174,0.03605112724,-0.05688148129,0.56056,0.3094554387,-0.5311704849,1.6378
0.133,-0.0351505056,0.05405464315,0.541036,-0.3198578903,0.5325720425,1.98336,0.03620519329,-0.05714513527,0.563079,0.3068105696,-0.5234400357,1.61759
0.1335,-0.03530961157,0.05431976317,0.543608,-0.3165604738,0.5279034926,1.96483,0.03635794084,-0.05740492527,0.565568,0.3041819195,-0.5157208249,1.59743
0.134,-0.03546706013,0.05458254101,0.546157,-0.3132294065,0.5232030424,1.94614,0.03650937869,-0.05766085772,0.568025,0.3015688814,-0.5080166276,1.57732
0.1345,-0.03562283496,0.05484296111,0.548681,-0.3098657752,0.5184721986,1.92731,0.0366595138,-0.05791294106,0.570451,0.2989704151,-0.5003311741,1.55729
0.135,-0.03577692005,0.05510100864,0.551181,-0.3064706594,0.5137124704,1.90834,0.03680835315,-0.05816118571,0.572846,0.2963855541,-0.4926681496,1.53732
0.1355,-0.03592929996,0.05535666953,0.553656,-0.303045156,0.5089253699,1.88923,0.0369559032,-0.05840560412,0.575211,0.2938132692,-0.4850311941,1.51743
0.136,-0.03607995984,0.05560993045,0.556106,-0.2995903792,0.5041124113,1.86999,0.03710216981,-0.05864621071,0.577544,0.2912524705,-0.4774239028,1.49762
0.1365,-0.03622888536,0.0558607788,0.55853,-0.2961074587,0.4992751117,1.85063,0.03724715828,-0.0588830219,0.579847,0.2887020143,-0.4698498258,1.47789
0.137,-0.03637606231,0.05610920277,0.56093,-0.2925974972,0.4944149908,1.83116,0.03739087499,-0.05911605613,0.58212,0.2861609342,-0.4623124681,1.45826
0.1375,-0.03652147775,0.05635519124,0.563304,-0.2890616709,0.4895335705,1.81157,0.03753332334,-0.05934533382,0.584362,0.2836278938,-0.4548152899,1.43872
0.138,-0.03666511905,0.05659873388,0.565652,-0.2855011477,0.4846323756,1.79188,0.03767450692,-0.05957087739,0.586574,0.2811016305,-0.4473617061,1.41927
0.1385,-0.0368069742,0.05683982615,0.567974,-0.2819171083,0.4797129887,1.7721,0.03781442866,-0.05979273737,0.588756,0.2785808378,-0.4399554871,1.39993
0.139,-0.0369470318,0.05707845177,0.570271,-0.2783107464,0.4747766222,1.75222,0.03795309074,-0.06001088946,0.590908,0.2760641669,-0.4325987338,1.3807
0.1395,-0.03708528104,0.05731460296,0.572542,-0.2746832658,0.4698247573,1.73226,0.03809049468,-0.06022536155,0.593031,0.2735502379,-0.4252945039,1.36157
0.14,-0.03722171115,0.05754827301,0.574787,-0.2710358473,0.464858874,1.71222,0.03822664349,-0.06043618522,0.595124,0.2710378194,-0.4180458107,1.34255
0.1405,-0.03735631279,0.05777945588,0.577005,-0.2673697297,0.4598804379,1.69211,0.03836153626,-0.06064339281,0.597187,0.2685253903,-0.4108555654,1.32365
0.141,-0.03748907697,0.05800814614,0.579197,-0.2636861421,0.4548909007,1.67193,0.0384951725,-0.06084701741,0.599222,0.2660115017,-0.4037265774,1.30486
0.1415,-0.0376199953,0.058234339,0.581363,-0.2599863224,0.4498916999,1.65169,0.03862755091,-0.06104709287,0.601227,0.2634946808,-0.3966615544,1.28619
0.142,-0.03774906004,0.05845803029,0.583503,-0.2562715156,0.444884259,1.63139,0.0387586694,-0.06124365379,0.603203,0.2609734338,-0.3896631023,1.26764
0.1425,-0.03787626406,0.0586792165,0.585616,-0.2525429719,0.4398699872,1.61105,0.03888852518,-0.06143673553,0.605151,0.2584462586,-0.3827337254,1.24922
0.143,-0.03800160023,0.0588978947,0.587702,-0.2488019235,0.4348502796,1.59067,0.03901711724,-0.06162637418,0.607071,0.2559117694,-0.3758758259,1.23092
0.1435,-0.03812506299,0.05911406265,0.589762,-0.245049642,0.4298265173,1.57025,0.03914443999,-0.0618126066,0.608962,0.2533683834,-0.3690917044,1.21275
0.144,-0.03824664708,0.05932771869,0.591795,-0.2412873894,0.4248000672,1.5498,0.03927048847,-0.06199547043,0.610826,0.2508145849,-0.3623835597,1.1947
0.1445,-0.03836634788,0.05953886182,0.593802,-0.237516431,0.4197722821,1.52933,0.03939525687,-0.06217500401,0.612661,0.2482488566,-0.3557534889,1.17678
0.145,-0.03848416142,0.05974749167,0.595782,-0.2337380344,0.4147445006,1.50884,0.03951873853,-0.06235124647,0.614469,0.2456696827,-0.3492034872,1.159
0.1455,-0.03860008436,0.05995360849,0.597735,-0.2299534671,0.4097180473,1.48834,0.03964092622,-0.06252423769,0.616249,0.2430755596,-0.342735448,1.14134
0.146,-0.0387141133,0.06015721317,0.599662,-0.2261639833,0.4046942326,1.46783,0.03976181456,-0.0626940183,0.618003,0.2404650677,-0.3363511631,1.12382
0.1465,-0.03882624652,0.06035830722,0.601561,-0.2223708575,0.3996743528,1.44732,0.03988139333,-0.06286062968,0.619729,0.237836689,-0.3300523223,1.10642
0.147,-0.03893648254,0.06055689279,0.603434,-0.218575355,0.39465969,1.42683,0.03999965308,-0.06302411397,0.621429,0.2351889659,-0.3238405137,1.08916
0.1475,-0.03904482056,0.06075297267,0.605281,-0.2147787388,0.3896515123,1.40634,0.04011658352,-0.06318451405,0.623101,0.2325204611,-0.3177172238,1.07203
0.148,-0.03915126041,0.06094655025,0.6071,-0.2109822689,0.3846510736,1.38587,0.04023217357,-0.06334187358,0.624748,0.2298297614,-0.3116838371,1.05504
0.1485,-0.0392558025,0.0611376296,0.608893,-0.2071872012,0.3796596137,1.36543,0.04034641172,-0.06349623695,0.626368,0.2271154837,-0.3057416364,1.03817
0.149,-0.03935844723,0.06132621536,0.61066,-0.2033947821,0.3746783583,1.34501,0.04045928832,-0.06364764931,0.627962,0.2243762975,-0.2998918026,1.02144
0.1495,-0.03945919667,0.06151231286,0.612399,-0.1996062596,0.3697085189,1.32464,0.0405707889,-0.06379615657,0.62953,0.2216108737,-0.2941354151,1.00483
0.15,-0.03955805309,0.06169592801,0.614113,-0.1958228726,0.364751293,1.3043,0.04068089986,-0.06394180539,0.631073,0.2188179348,-0.2884734512,0.988361
0.1505,-0.03965501945,0.0618770674,0.615799,-0.1920458527,0.3598078639,1.28401,0.04078960688,-0.06408464317,0.63259,0.2159962447,-0.2829067867,0.972018
0.151,-0.0397500993,0.06205573821,0.61746,-0.1882764236,0.3548794007,1.26377,0.04089689493,-0.0642247181,0.634082,0.2131446125,-0.2774361954,0.955804
0.1515,-0.03984329675,0.06223194827,0.619094,-0.1845158008,0.3499670585,1.24359,0.04100274875,-0.06436207908,0.63555,0.210261891,-0.2720623495,0.939717
0.152,-0.03993461594,0.06240570605,0.620701,-0.1807651944,0.3450719783,1.22348,0.0411071549,-0.06449677579,0.636992,0.207346958,-0.2667858193,0.923758
0.1525,-0.04002406256,0.06257702062,0.622283,-0.1770257976,0.3401952869,1.20343,0.04121009537,-0.06462885867,0.638409,0.2043987877,-0.2616070733,0.907924
0.153,-0.04011164256,0.06274590172,0.623838,-0.1732987952,0.3353380969,1.18345,0.04131155314,-0.06475837889,0.639803,0.2014163951,-0.2565264783,0.892215
0.1535,-0.04019736248,0.06291236016,0.625368,-0.16958536,0.3305014925,1.16356,0.04141151062,-0.06488539007,0.641172,0.198398856,-0.2515441995,0.876629
0.154,-0.04028122948,0.06307641299,0.626871,-0.1658866521,0.3256863189,1.14375,0.04150994968,-0.06500996227,0.642517,0.1953453105,-0.2466591829,0.861162
0.1545,-0.0403632512,0.06323806008,0.628349,-0.1622038208,0.3208939335,1.12403,0.04160685218,-0.06513210252,0.643838,0.1922549499,-0.2418739226,0.845818
0.155,-0.04044343534,0.06339731404,0.629801,-0.1585380127,0.3161253393,1.10441,0.04170220165,-0.06525186433,0.645136,0.1891269686,-0.2371881616,0.830594
0.1555,-0.04052179104,0.06355418783,0.631228,-0.1548903409,0.311381524,1.08488,0.04179597763,-0.06536930054,0.64641,0.1859607422,-0.2326015814,0.815489
0.156,-0.04059832771,0.0637086948,0.632629,-0.1512619109,0.3066634599,1.06546,0.04188816069,-0.06548446337,0.64766,0.1827556757,-0.2281138015,0.800501
0.1565,-0.04067305527,0.06386084866,0.634006,-0.1476538121,0.3019721037,1.04615,0.04197873107,-0.06559740437,0.648888,0.1795112507,-0.22372438,0.785628
0.157,-0.04074598425,0.06401066349,0.635356,-0.1440671171,0.2973083969,1.02696,0.04206766867,-0.06570817444,0.650093,0.1762270286,-0.2194328132,0.770868
0.1575,-0.04081712559,0.06415815374,0.636682,-0.1405028861,0.2926732653,1.00788,0.04215495359,-0.06581682384,0.651274,0.1729026245,-0.2152385356,0.756219
0.158,-0.04088649031,0.06430333422,0.637984,-0.1369621778,0.2880676194,0.988925,0.04224056747,-0.06592340218,0.652434,0.1695376403,-0.2111409201,0.74168
0.1585,-0.04095409077,0.06444622012,0.63926,-0.133446004,0.2834923542,0.970098,0.04232448868,-0.06602795843,0.653571,0.1661319296,-0.207139278,0.727248
0.159,-0.04101993951,0.06458682699,0.640512,-0.1299553693,0.2789483493,0.951404,0.04240669671,-0.06613054088,0.654685,0.1626853636,-0.2032328589,0.712922
0.1595,-0.0410840496,0.06472517076,0.64174,-0.126491259,0.2744364689,0.932846,0.04248717093,-0.0662311972,0.655778,0.1591979019,-0.1994208505,0.698701
0.16,-0.04114643461,0.06486126772,0.642944,-0.1230546381,0.2699575616,0.914429,0.04256589065,-0.06632997441,0.656848,0.1556695949,-0.1957023791,0.684582
0.1605,-0.04120710848,0.06499513453,0.644124,-0.1196464586,0.2655124607,0.896156,0.0426428356,-0.06642691886,0.657897,0.1521005435,-0.1920765091,0.670564
0.161,-0.0412660853,0.06512678822,0.64528,-0.1162676715,0.2611019839,0.878033,0.04271798683,-0.06652207628,0.658925,0.1484908261,-0.1885422433,0.656645
0.1615,-0.04132338026,0.06525624619,0.646413,-0.1129191699,0.2567269336,0.860062,0.04279132309,-0.06661549172,0.65993,0.1448408247,-0.1850985228,0.642824
0.162,-0.04137900876,0.06538352621,0.647522,-0.1096018407,0.2523880967,0.842249,0.04286282425,-0.06670720961,0.660915,0.1411509276,-0.1817442271,0.6291
0.1625,-0.04143298663,0.0655086464,0.648609,-0.1063165489,0.2480862448,0.824596,0.04293247033,-0.06679727371,0.661878,0.1374216183,-0.1784781738,0.615471
0.163,-0.04148533016,0.06563162528,0.649672,-0.1030641367,0.2438221337,0.807107,0.04300024158,-0.06688572714,0.662821,0.1336534773,-0.175299119,0.601936
0.1635,-0.04153605597,0.06575248173,0.650713,-0.09984543348,0.2395965041,0.789786,0.04306611886,-0.06697261238,0.663742,0.1298471272,-0.1722057571,0.588493
0.164,-0.04158518081,0.06587123498,0.651731,-0.09666126703,0.2354100811,0.772637,0.04313008417,-0.06705797124,0.664643,0.1260031648,-0.1691967207,0.575141
0.1645,-0.04163272236,0.06598790464,0.652727,-0.09351240002,0.2312635744,0.755662,0.04319211824,-0.06714184489,0.665523,0.1221225224,-0.1662705808,0.561879
0.165,-0.04167869849,0.0661025107,0.653701,-0.0903995896,0.2271576781,0.738866,0.04325220292,-0.06722427386,0.666382,0.1182061278,-0.1634258468,0.548707
0.1655,-0.04172312744,0.0662150735,0.654653,-0.08732356928,0.2230930712,0.722252,0.04331032049,-0.06730529802,0.667222,0.1142550054,-0.1606609661,0.535622
0.166,-0.04176602783,0.06632561377,0.655583,-0.0842850485,0.2190704169,0.705823,0.04336645375,-0.0673849566,0.668041,0.1102702776,-0.1579743248,0.522624
0.1665,-0.04180741853,0.06643415258,0.656493,-0.08128472462,0.2150903632,0.689581,0.04342058625,-0.06746328818,0.66884,0.1062530963,-0.1553642471,0.509712
0.167,-0.04184731863,0.0665407114,0.657381,-0.07832329217,0.2111535425,0.673531,0.04347270254,-0.06754033067,0.669619,0.1022045891,-0.1528289955,0.496885
0.1675,-0.04188574787,0.06664531205,0.658249,-0.0754013768,0.2072605718,0.657675,0.043522787,-0.06761612137,0.670378,0.09812623029,-0.1503667708,0.484142
0.168,-0.04192272618,0.06674797672,0.659095,-0.07251959926,0.2034120527,0.642015,0.04357082504,-0.0676906969,0.671118,0.09401947937,-0.1479757123,0.471482
0.1685,-0.0419582738,0.06684872798,0.659922,-0.06967855605,0.1996085713,0.626555,0.04361680283,-0.06776409323,0.671838,0.08988588869,-0.1456538975,0.458905
0.169,-0.04199241128,0.06694758875,0.660729,-0.06687881904,0.1958506983,0.611298,0.04366070732,-0.06783634571,0.672538,0.08572710414,-0.143399342,0.446409
0.1695,-0.04202515938,0.06704458293,0.661516,-0.0641209496,0.1921389457,0.596245,0.04370252631,-0.0679074882,0.67322,0.08154478525,-0.1412097305,0.433995
0.17,-0.04205653905,0.06713973712,0.662283,-0.06140550425,0.1884736331,0.581398,0.04374224849,-0.06797754916,0.673882,0.07734057236,-0.1390819884,0.421658
0.1705,-0.04208657172,0.06723306875,0.663031,-0.05873297052,0.1848557347,0.566762,0.04377986343,-0.06804656745,0.674525,0.07311644341,-0.1370171674,0.409406
0.171,-0.04211527897,0.06732460209,0.663761,-0.05610383161,0.1812857324,0.552339,0.04381536169,-0.06811457246,0.67515,0.06887435184,-0.1350130057,0.397236
0.1715,-0.04214268261,0.06741436157,0.664471,-0.05351854672,0.1777641013,0.53813,0.04384873483,-0.0681815927,0.675755,0.0646163351,-0.1330672735,0.385149
0.172,-0.04216880471,0.06750237184,0.665163,-0.05097755086,0.1742913099,0.524137,0.04387997546,-0.06824765577,0.676342,0.06034451436,-0.131177772,0.373145
0.1725,-0.04219366751,0.06758865769,0.665838,-0.04848127047,0.1708678201,0.510364,0.04390907706,-0.06831278837,0.67691,0.05606100727,-0.1293423339,0.361223
0.173,-0.04221729342,0.06767324412,0.666494,-0.04603012486,0.1674940868,0.496811,0.04393603398,-0.06837701633,0.67746,0.05176791875,-0.1275588236,0.349384
0.1735,-0.04223970513,0.06775615631,0.667133,-0.04362446757,0.1641705588,0.483481,0.04396084238,-0.06844036458,0.677992,0.04746766323,-0.1258251366,0.337628
0.174,-0.04226092546,0.0678374196,0.667754,-0.04126464821,0.1608976777,0.470375,0.04398349935,-0.06850285714,0.678506,0.0431626223,-0.1241391999,0.325956
0.1745,-0.04228097743,0.06791705953,0.668359,-0.03895099356,0.1576758788,0.457495,0.04400400319,-0.06856451716,0.679001,0.03885524774,-0.122498972,0.314368
0.175,-0.04229988418,0.06799510182,0.668947,-0.03668380757,0.1545055907,0.444844,0.04402235353,-0.06862536688,0.679479,0.03454806035,-0.1209024428,0.302866
0.1755,-0.04231766903,0.06807157238,0.669519,-0.03446338759,0.1513872352,0.432422,0.04403855075,-0.06868542765,0.679939,0.03024356048,-0.1193476336,0.29145
0.176,-0.04233435548,0.06814649727,0.670074,-0.0322900217,0.1483212275,0.420232,0.04405259615,-0.06874471995,0.680382,0.02594424144,-0.117832597,0.280122
0.1765,-0.04234996707,0.06821990278,0.670614,-0.03016393828,0.1453079762,0.408274,0.04406449369,-0.06880326333,0.680806,0.021652862,-0.1163554172,0.268883
0.177,-0.04236452749,0.06829181534,0.671139,-0.02808536206,0.1423478831,0.39655,0.04407424811,-0.06886107646,0.681214,0.01737214078,-0.1149142098,0.257735
0.1775,-0.04237806053,0.06836226158,0.671648,-0.02605449692,0.1394413437,0.385062,0.0440818656,-0.06891817714,0.681604,0.01310484857,-0.1135071217,0.246679
0.178,-0.04239059009,0.06843126831,0.672142,-0.02407152601,0.1365887463,0.373811,0.04408735381,-0.06897458225,0.681978,0.008853806427,-0.1121323314,0.235719
0.1785,-0.04240214019,0.06849886253,0.672622,-0.02213662771,0.133790473,0.362798,0.04409072103,-0.06903030779,0.682334,0.004621799769,-0.1107880486,0.224854
0.179,-0.04241273499,0.0685650714,0.673088,-0.02024996946,0.1310468991,0.352025,0.04409197659,-0.06908536885,0.682674,0.0004116098243,-0.1094725146,0.214088
0.1795,-0.04242239855,0.06862992228,0.67354,-0.01841166731,0.1283583931,0.341493,0.04409113306,-0.06913977966,0.682997,-0.003773773177,-0.1081840021,0.203424
0.18,-0.04243115508,0.0686934427,0.673979,-0.01662183388,0.125725317,0.331202,0.04408820371,-0.06919355352,0.683304,-0.007931405388,-0.1069208151,0.192862
0.1805,-0.0424390288,0.06875566039,0.674404,-0.01488056353,0.1231480262,0.321154,0.04408320339,-0.06924670287,0.683594,-0.01205831209,-0.1056812891,0.182407
0.181,-0.04244604399,0.06881660325,0.674816,-0.01318793262,0.1206268693,0.311349,0.04407614851,-0.06929923922,0.683868,-0.01615149031,-0.104463791,0.17206
0.1815,-0.04245222507,0.06887629936,0.675215,-0.01154401416,0.1181621882,0.30179,0.04406705595,-0.06935117323,0.684127,-0.02020798454,-0.1032667193,0.161824
0.182,-0.04245759651,0.06893477698,0.675603,-0.009948869389,0.1157543184,0.292476,0.04405594374,-0.06940251464,0.684369,-0.02422484542,-0.1020885035,0.151703
0.1825,-0.04246218258,0.06899206456,0.675978,-0.008402517989,0.1134035885,0.283409,0.04404283359,-0.06945327229,0.684597,-0.02819897915,-0.100927605,0.141698
0.183,-0.04246600768,0.06904819073,0.676341,-0.006904976329,0.1111103205,0.274588,0.04402774779,-0.06950345415,0.684808,-0.0321273436,-0.09978251629,0.131813
0.1835,-0.04246909616,0.06910318429,0.676694,-0.005456245619,0.1088748297,0.266016,0.04401071026,-0.06955306728,0.685005,-0.03600688931,-0.09865176142,0.122052
0.184,-0.0424714724,0.06915707425,0.677035,-0.004056312274,0.106697425,0.257693,0.04399174652,-0.06960211786,0.685186,-0.0398345626,-0.09753389582,0.112416
0.1845,-0.0424731609,0.06920988976,0.677366,-0.002705160097,0.1045784083,0.249619,0.04397088234,-0.06965061117,0.685353,-0.0436073646,-0.09642750637,0.10291
0.185,-0.04247418618,0.06926166019,0.677686,-0.001402761412,0.1025180751,0.241795,0.04394814481,-0.0696985516,0.685505,-0.04732231077,-0.09533121133,0.0935362
0.1855,-0.04247457244,0.06931241542,0.677996,-0.0001490575867,0.1005167007,0.234221,0.04392356486,-0.06974593704,0.685642,-0.05097634026,-0.09424358743,0.084298
0.186,-0.04247434399,0.06936218632,0.678296,0.00105601325,0.09857452845,0.226898,0.04389717389,-0.06979276023,0.685766,-0.05456644835,-0.09316338772,0.0751988
0.1865,-0.0424735251,0.06941100065,0.678588,0.002212524751,0.09669192668,0.219827,0.04386900491,-0.06983906171,0.685875,-0.05808964751,-0.09209011053,0.0662435
0.187,-0.04247213997,0.06945888835,0.67887,0.003320561906,0.09486917628,0.213008,0.04383909252,-0.06988484026,0.685971,-0.06154297093,-0.09102268628,0.0574356
0.1875,-0.04247021296,0.06950587954,0.679143,0.004380212334,0.09310655592,0.206441,0.04380747126,-0.06993009477,0.686053,-0.06492350846,-0.08996012517,0.0487791
0.188,-0.04246776838,0.06955200441,0.679408,0.005391573616,0.09140434203,0.200128,0.04377417722,-0.06997482425,0.686122,-0.06822837964,-0.08890151715,0.0402777
0.1885,-0.04246483017,0.06959729331,0.679665,0.00635476365,0.08976280877,0.194067,0.04373925024,-0.07001902783,0.686178,-0.07145469487,-0.08784603194,0.0319354
0.189,-0.04246142236,0.06964177669,0.679914,0.007269903534,0.08818222803,0.18826,0.04370273049,-0.07006270473,0.686221,-0.07459962434,-0.08679291899,0.0237563
0.1895,-0.04245756891,0.06968548514,0.680156,0.008137122686,0.08666286948,0.182707,0.04366465969,-0.07010585431,0.686252,-0.07766037973,-0.08574150754,0.0157445
0.19,-0.04245329367,0.06972844937,0.68039,0.008956558346,0.08520500052,0.177409,0.04362508105,-0.07014847602,0.68627,-0.08063421797,-0.08469120657,0.00790427
0.1905,-0.04244862069,0.06977070019,0.680618,0.009728351268,0.08380888628,0.172365,0.04358403744,-0.07019056944,0.686276,-0.08351844853,-0.08364150482,0.000239752
0.191,-0.04244357386,0.06981226856,0.68084,0.01045264935,0.08247478966,0.167575,0.04354157339,-0.07023213424,0.686271,-0.08631043334,-0.08259197079,0.00724472
0.1915,-0.04243817673,0.06985318555,0.681055,0.01112961084,0.08120297131,0.163041,0.04349773695,-0.07027317024,0.686254,-0.08900758709,-0.08154225274,0.0145448
0.192,-0.0424324529,0.06989348236,0.681265,0.01175939719,0.0799936896,0.158762,0.04345257635,-0.07031367733,0.686226,-0.09160738719,-0.08049207868,0.0216561
0.1925,-0.04242642586,0.06993319031,0.681469,0.0123421748,0.07884720067,0.154738,0.0434061412,-0.07035365555,0.686187,-0.0941073754,-0.07944125638,0.0285742
0.193,-0.04242011902,0.06997234084,0.681668,0.01287811454,0.0777637584,0.150971,0.04335848247,-0.07039310502,0.686138,-0.09650516156,-0.07838967339,0.0352946
0.1935,-0.04241355594,0.07001096551,0.681863,0.01336739254,0.0767436144,0.147459,0.04330965048,-0.07043202601,0.686078,-0.09879839799,-0.07733729698,0.0418129
0.194,-0.04240676002,0.07004909602,0.682053,0.01381018805,0.07578701805,0.144203,0.04325969733,-0.07047041886,0.686008,-0.100984819,-0.0762841742,0.0481245
0.1945,-0.04239975428,0.07008676416,0.682239,0.014206682,0.07489421647,0.141203,0.04320867813,-0.07050828405,0.685929,-0.1030622647,-0.07523043187,0.0542251
0.195,-0.0423925618,0.07012400188,0.682421,0.0145570585,0.07406545451,0.138459,0.0431566481,-0.07054562217,0.68584,-0.10502864,-0.07417627654,0.06011
0.1955,-0.04238520556,0.07016084123,0.6826,0.01486150361,0.07330097479,0.135972,0.04310366356,-0.07058243392,0.685743,-0.1068819344,-0.07312199454,0.0657748
0.196,-0.0423777084,0.07019731438,0.682775,0.0151202048,0.07260101767,0.133742,0.04304978198,-0.07061872011,0.685636,-0.1086202258,-0.07206795194,0.0712152
0.1965,-0.04237009335,0.07023345365,0.682948,0.01533335735,0.07196582124,0.131768,0.04299505997,-0.07065448166,0.685522,-0.1102416185,-0.07101459458,0.0764264
0.197,-0.04236238322,0.07026929145,0.683119,0.01550115463,0.07139562135,0.130051,0.04293955588,-0.07068971962,0.6854,-0.111744334,-0.06996244807,0.0814041
0.1975,-0.04235460049,0.07030486033,0.683288,0.01562378478,0.0708906516,0.12859,0.04288333046,-0.07072443514,0.68527,-0.1131267408,-0.06891211774,0.0861438
0.198,-0.04234676767,0.07034019297,0.683454,0.01570143916,0.07045114332,0.127387,0.04282644445,-0.07075862947,0.685133,-0.1143872737,-0.06786428872,0.0906412
0.1985,-0.04233890715,0.07037532215,0.68362,0.01573430852,0.07007732561,0.126441,0.04276895942,-0.070792304,0.68499,-0.1155244685,-0.06681972587,0.094892
0.199,-0.04233104123,0.07041028078,0.683784,0.0157225825,0.0697694253,0.125752,0.04271093776,-0.0708254602,0.68484,-0.1165369654,-0.06577927382,0.0988917
0.1995,-0.04232319235,0.07044510192,0.683948,0.01566646168,0.06952766696,0.12532,0.04265244091,-0.0708580997,0.684684,-0.1174234111,-0.06474385696,0.102636
0.2,-0.0423153827,0.07047981871,0.684111,0.01556613909,0.06935227293,0.125145,0.04259353181,-0.07089022419,0.684522,-0.1181826077,-0.06371447943,0.106121
0.2005,-0.04230763422,0.07051446445,0.684274,0.01542179771,0.06924346327,0.125228,0.04253427518,-0.0709218355,0.684355,-0.1188135317,-0.06269222514,0.109342
0.201,-0.04229996885,0.07054907254,0.684437,0.0152336238,0.06920145581,0.125568,0.04247473555,-0.07095293558,0.684184,-0.1193152266,-0.06167825773,0.112295
0.2015,-0.04229240842,0.07058367696,0.684601,0.01500180104,0.06922650047,0.126166,0.04241497798,-0.07098352354,0.684008,-0.1196868486,-0.06067404617,0.114975
0.202,-0.04228497467,0.07061831176,0.684766,0.01472651017,0.06931879879,0.127021,0.042355068,-0.07101360324,0.683828,-0.1199276699,-0.05968094822,0.117379
0.2025,-0.04227768945,0.07065300859,0.684933,0.01440794639,0.06947837803,0.128133,0.04229507012,-0.07104319511,0.683644,-0.120036946,-0.05869926618,0.119505
0.203,-0.04227057438,0.07068780146,0.685101,0.0140462915,0.06970546016,0.129503,0.04223505004,-0.07107230352,0.683458,-0.1200141262,-0.05773061665,0.121348
0.2035,-0.04226365086,0.07072272445,0.68527,0.01364171466,0.07000025803,0.13113,0.04217507453,-0.07110093391,0.683269,-0.1198588478,-0.0567766546,0.122904
0.204,-0.0422569403,0.07075781166,0.685442,0.01319438841,0.07036297541,0.133015,0.04211521,-0.07112909281,0.683078,-0.1195708138,-0.05583907332,0.124169
0.2045,-0.04225046401,0.07079309725,0.685617,0.01270448153,0.07079380695,0.135158,0.04205552306,-0.07115678788,0.682885,-0.1191498472,-0.05491960441,0.12514
0.205,-0.04224424319,0.07082861546,0.685795,0.0121721587,0.07129293819,0.137557,0.04199608042,-0.07118402782,0.68269,-0.118595893,-0.05402001784,0.125814
0.2055,-0.04223829914,0.07086440055,0.685976,0.01159760272,0.07186054558,0.140215,0.04193694779,-0.07121082246,0.682495,-0.1179088546,-0.05314212189,0.126186
0.206,-0.04223265295,0.07090048684,0.68616,0.0109809775,0.07249679644,0.14313,0.0418781916,-0.07123718271,0.6823,-0.1170888654,-0.05228776317,0.126253
0.2065,-0.04222732554,0.0709369087,0.686349,0.01032243383,0.07320184901,0.146303,0.04181987863,-0.07126312057,0.682105,-0.1161362457,-0.05145882665,0.126012
0.207,-0.04222233784,0.07097370056,0.686542,0.009622126162,0.07397585239,0.149733,0.04176207519,-0.07128864915,0.68191,-0.1150513794,-0.05065723559,0.12546
0.2075,-0.04221771066,0.0710108969,0.686739,0.008880204731,0.0748189466,0.153421,0.04170484738,-0.07131378262,0.681716,-0.1138347716,-0.04988495162,0.124594
0.208,-0.04221346475,0.07104853225,0.686942,0.008096815325,0.07573126256,0.157366,0.04164826105,-0.07133853628,0.681524,-0.1124870498,-0.04914397469,0.123412
0.2085,-0.04220962089,0.07108664117,0.68715,0.007272125334,0.07671292204,0.161569,0.04159238118,-0.0713629265,0.681335,-0.1110087762,-0.04843634307,0.121911
0.209,-0.04220619969,0.07112525832,0.687363,0.006406278606,0.07776403775,0.166029,0.04153727281,-0.07138697074,0.681147,-0.1094007723,-0.04776413338,0.120087
0.2095,-0.04220322167,0.07116441836,0.687583,0.005499407418,0.07888471328,0.170747,0.04148300074,-0.07141068757,0.680963,-0.1076640325,-0.04712946056,0.11794
0.21,-0.0422007073,0.07120415604,0.687808,0.004551648098,0.0800750431,0.175722,0.04142962909,-0.07143409664,0.680782,-0.1057996115,-0.0465344779,0.115467
0.2105,-0.04219867697,0.07124450614,0.688041,0.003563133105,0.08133511257,0.180954,0.04137722144,-0.07145721869,0.680605,-0.1038086806,-0.04598137699,0.112666
0.211,-0.04219715104,0.0712855035,0.68828,0.002533990918,0.08266499798,0.186442,0.04132584078,-0.07148007557,0.680433,-0.1016925285,-0.0454723878,0.109534
0.2115,-0.04219614979,0.07132718301,0.688527,0.001464374523,0.08406476647,0.192188,0.04127554939,-0.0715026902,0.680266,-0.09945235677,-0.04500977859,0.106071
0.212,-0.04219569344,0.07136957962,0.688781,0.0003544102276,0.0855344761,0.19819,0.04122640889,-0.07152508661,0.680105,-0.09708964648,-0.04459585596,0.102274
0.2125,-0.04219580212,0.0714127283,0.689044,-0.0007957841219,0.08707417581,0.204449,0.0411784801,-0.07154728991,0.67995,-0.09460602717,-0.04423296488,0.0981424
0.213,-0.04219649592,0.07145666412,0.689314,-0.00198608604,0.08868390544,0.210964,0.04113182303,-0.07156932632,0.679801,-0.0920031828,-0.0439234886,0.0936742
0.2135,-0.04219779488,0.07150142216,0.689594,-0.003216375802,0.09036369573,0.217734,0.0410864968,-0.07159122313,0.67966,-0.08928290444,-0.04366984873,0.0888684
0.214,-0.04219971895,0.07154703758,0.689882,-0.004486536426,0.09211356829,0.224761,0.04104255961,-0.07161300874,0.679527,-0.08644708989,-0.04347450521,0.0837239
0.2145,-0.04220228799,0.07159354557,0.69018,-0.005796424397,0.09393353565,0.232044,0.04100006922,-0.07163471265,0.679401,-0.08349753298,-0.04333995632,0.0782394
0.215,-0.04220552186,0.07164098139,0.690487,-0.007145924015,0.09582360122,0.239581,0.04095908188,-0.07165636542,0.679285,-0.08043631381,-0.04326873865,0.072414
0.2155,-0.04220944035,0.07168938033,0.690804,-0.008534923828,0.0977837593,0.247374,0.04091965267,-0.07167799874,0.679177,-0.0772656291,-0.04326342716,0.0662468
0.216,-0.04221406319,0.07173878075,0.691132,-0.00996330693,0.09981417658,0.255421,0.04088183568,-0.07169965246,0.67908,-0.07398772223,-0.04332772049,0.0597352
0.2165,-0.04221941006,0.07178921135,0.69147,-0.01143095738,0.1019144459,0.263723,0.04084568381,-0.07172135001,0.678992,-0.07060492902,-0.04346175075,0.0528833
0.217,-0.04222550058,0.07184070784,0.69182,-0.01293776008,0.1040845396,0.272278,0.04081124874,-0.07174312872,0.678916,-0.06711967653,-0.04366823795,0.0456907
0.2175,-0.04223235418,0.07189330576,0.69218,-0.01448357251,0.1063244097,0.281086,0.04077858211,-0.07176502694,0.678851,-0.06353427747,-0.04394985621,0.0381565
0.218,-0.04223999037,0.07194704052,0.692552,-0.01606827869,0.1086339882,0.290147,0.04074773305,-0.0717870841,0.678798,-0.05985132199,-0.04430923274,0.0302808
0.2185,-0.0422484286,0.07200194735,0.692937,-0.01769176213,0.1110131867,0.29946,0.04071874936,-0.07180934063,0.678758,-0.05607348087,-0.0447489478,0.0220637
0.219,-0.04225768826,0.07205806135,0.693333,-0.01935389984,0.1134618966,0.309025,0.04069167766,-0.07183183805,0.67873,-0.05220346155,-0.04527153478,0.0135055
0.2195,-0.04226778865,0.07211541746,0.693742,-0.0210545674,0.115979989,0.318841,0.04066656315,-0.07185461889,0.678716,-0.04824404507,-0.04587948012,0.00460691
0.22,-0.04227874905,0.07217405046,0.694164,-0.02279363879,0.1185673149,0.328907,0.04064344956,-0.07187772674,0.678716,-0.04419808408,-0.04657522336,0.00463141
0.2205,-0.04229058843,0.07223399501,0.6946,-0.0245709611,0.121223705,0.339223,0.040622381,-0.07190120624,0.67873,-0.04006831444,-0.04736115711,0.0142087
0.221,-0.04230332595,0.07229528558,0.695049,-0.02638640394,0.1239489695,0.349788,0.0406033981,-0.07192510305,0.67876,-0.03585772315,-0.04823962709,0.0241238
0.2215,-0.04231698069,0.07235795651,0.695512,-0.02823983171,0.1267428988,0.360601,0.04058654011,-0.07194946391,0.678805,-0.03156934139,-0.04921293207,0.0343752
0.222,-0.04233157163,0.07242204198,0.695989,-0.03013110098,0.1296052628,0.371662,0.04057184497,-0.07197433658,0.678867,-0.02720622479,-0.05028332392,0.0449614
0.2225,-0.04234711769,0.07248757602,0.696481,-0.03206006415,0.132535811,0.382968,0.04055934902,-0.07199976986,0.678945,-0.02277148048,-0.05145300761,0.0558805
0.223,-0.0423636377,0.07255459252,0.696987,-0.03402656913,0.135534273,0.39452,0.04054908694,-0.0720258136,0.67904,-0.01826826442,-0.05272414117,0.0671307
0.2235,-0.04238115017,0.07262312519,0.697509,-0.03603043901,0.1386003579,0.406317,0.04054109422,-0.07205251872,0.679153,-0.01369962234,-0.05409883572,0.0787102
0.224,-0.04239967382,0.07269320761,0.698046,-0.03807151257,0.1417337546,0.418356,0.04053540197,-0.07207993715,0.679284,-0.009068806384,-0.05557915547,0.0906166
0.2245,-0.04241922726,0.07276487321,0.6986,-0.0401496193,0.1449341318,0.430638,0.04053204001,-0.07210812188,0.679434,-0.004379079714,-0.0571671177,0.102847
0.225,-0.04243982901,0.07283815526,0.699169,-0.04226457931,0.1482011381,0.44316,0.04053103675,-0.07213712693,0.679602,0.0003662844483,-0.05886469279,0.1154
0.2255,-0.04246149748,0.07291308688,0.699755,-0.04441620551,0.1515344014,0.455922,0.04053241889,-0.07216700739,0.679791,0.005163985599,-0.0606738042,0.128272
0.226,-0.042484251,0.07298970104,0.700358,-0.04660430327,0.1549335299,0.468922,0.04053621134,-0.07219781937,0.68,0.01001069918,-0.06259632846,0.141461
0.2265,-0.04250810745,0.07306803055,0.700977,-0.04882865679,0.1583981112,0.482158,0.04054244025,-0.07222962004,0.680229,0.01490319494,-0.06463409521,0.154963
0.227,-0.04253308505,0.07314810808,0.701615,-0.05108905637,0.1619277127,0.49563,0.04055112661,-0.07226246761,0.68048,0.01983809887,-0.06678888715,0.168776
0.2275,-0.04255920181,0.07322996614,0.702269,-0.05338528007,0.1655218817,0.509335,0.04056229031,-0.07229642133,0.680752,0.02481205269,-0.06906244007,0.182897
0.228,-0.04258647562,0.0733136371,0.702942,-0.05571709482,0.1691801451,0.523273,0.0405759498,-0.07233154149,0.681046,0.02982170429,-0.07145644284,0.197321
0.2285,-0.04261492426,0.07339915316,0.703634,-0.05808425735,0.1729020096,0.53744,0.04059212175,-0.07236788945,0.681363,0.03486369943,-0.07397253744,0.212047
0.229,-0.0426445654,0.07348654638,0.704343,-0.06048651369,0.1766869617,0.551836,0.04061082101,-0.07240552758,0.681703,0.03993468534,-0.0766123189,0.22707
0.2295,-0.04267541617,0.07357584866,0.705072,-0.06292359395,0.1805344675,0.566458,0.04063206408,-0.07244451932,0.682066,0.04503137843,-0.07937733534,0.242387
0.23,-0.04270749409,0.07366709505,0.70582,-0.06539522225,0.184444042,0.581306,0.04065586161,-0.07248494582,0.682453,0.0501504304,-0.08226946756,0.257995
0.2305,-0.0427408164,0.07376030965,0.706588,-0.06790110909,0.1884150006,0.596375,0.04068222353,-0.07252684136,0.682865,0.05528852626,-0.08528912807,0.273889
0.231,-0.04277540019,0.07385552252,0.707375,-0.07044095198,0.1924467134,0.611666,0.04071115828,-0.07257026761,0.683302,0.0604423749,-0.08843743615,0.290064
0.2315,-0.04281126241,0.07395276474,0.708182,-0.07301443532,0.1965385507,0.627174,0.04074267257,-0.07261529308,0.683763,0.06560870786,-0.09171559295,0.306517
0.232,-0.04284841984,0.07405206691,0.70901,-0.07562122992,0.2006898579,0.642898,0.04077677132,-0.07266198616,0.684251,0.07078428319,-0.09512469273,0.323242
0.2325,-0.04288688872,0.07415345917,0.709858,-0.07826099725,0.2048999555,0.658836,0.04081346139,-0.07271041512,0.684764,0.07596589464,-0.09866572286,0.340237
0.233,-0.04292668561,0.07425697116,0.710727,-0.08093337874,0.2091681391,0.674985,0.0408527434,-0.07276064815,0.685304,0.0811503637,-0.1023395638,0.357495
0.2335,-0.04296782677,0.07436263205,0.711618,-0.08363800267,0.2134936794,0.691342,0.04089461765,-0.07281275329,0.685871,0.08633455192,-0.1061469893,0.375014
0.234,-0.04301032827,0.07447047055,0.712529,-0.08637448238,0.2178758222,0.707905,0.04093908297,-0.07286679849,0.686465,0.0915153632,-0.110088666,0.392787
0.2345,-0.04305420596,0.07458051486,0.713463,-0.08914241558,0.2223137885,0.724671,0.04098613655,-0.07292285158,0.687087,0.09668974732,-0.1141651537,0.410811
0.235,-0.04309947554,0.07469279273,0.714418,-0.09194138389,0.2268067742,0.741637,0.04103577391,-0.07298098028,0.687737,0.1018547038,-0.1183769054,0.42908
0.2355,-0.04314615205,0.07480733143,0.715396,-0.09477096729,0.2313539505,0.758801,0.04108799269,-0.0730412522,0.688416,0.1070072277,-0.1227242673,0.447588
0.236,-0.0431942509,0.07492415773,0.716396,-0.09763071033,0.2359544635,0.776159,0.04114278422,-0.07310373484,0.689123,0.1121444433,-0.1272074785,0.466332
0.2365,-0.04324378707,0.07504329794,0.71742,-0.1005201469,0.2406074346,0.793708,0.04120013986,-0.07316849558,0.68986,0.1172635103,-0.1318266713,0.485305
0.237,-0.04329477532,0.0751647779,0.718466,-0.1034387939,0.2453119602,0.811445,0.04126004961,-0.0732356017,0.690626,0.1223616491,-0.1365818712,0.504502
0.2375,-0.04334723017,0.07528862296,0.719535,-0.106386151,0.2500671118,0.829366,0.04132250196,-0.07330512034,0.691422,0.1274361465,-0.1414729968,0.523919
0.238,-0.04340116589,0.07541485799,0.720628,-0.1093616994,0.2548719361,0.847469,0.04138748396,-0.07337711858,0.692248,0.1324843594,-0.1464998597,0.543548
0.2385,-0.04345659614,0.07554350739,0.721744,-0.1123649273,0.2597254546,0.86575,0.0414549848,-0.07345166333,0.693105,0.1375035952,-0.1516621648,0.563385
0.239,-0.04351353479,0.07567459509,0.722884,-0.1153952717,0.2646266644,0.884204,0.04152498759,-0.07352882142,0.693992,0.1424913965,-0.1569595099,0.583423
0.2395,-0.0435719953,0.07580814452,0.724049,-0.1184521632,0.2695745372,0.902829,0.04159747583,-0.07360865958,0.694911,0.1474453247,-0.1623913861,0.603658
0.24,-0.04363199079,0.07594417866,0.725238,-0.121535014,0.2745680201,0.92162,0.04167243177,-0.07369124439,0.695862,0.1523630199,-0.1679571775,0.624083
0.2405,-0.04369353414,0.07608271998,0.726451,-0.1246432171,0.2796060353,0.940574,0.0417498364,-0.07377664234,0.696844,0.1572422052,-0.1736561615,0.644693
0.241,-0.0437566379,0.07622379051,0.72769,-0.1277761468,0.2846874799,0.959687,0.04182966951,-0.07386491982,0.697858,0.1620806883,-0.1794875083,0.665481
0.2415,-0.04382131403,0.07636741177,0.728953,-0.1309331917,0.2898112262,0.978954,0.04191191286,-0.07395614309,0.698904,0.1668761878,-0.1854502816,0.686441
0.242,-0.04388757458,0.07651360483,0.730242,-0.1341136758,0.2949761218,0.998371,0.04199654283,-0.0740503783,0.699983,0.1716267505,-0.191543438,0.707568
0.2425,-0.04395543111,0.07666239026,0.731556,-0.1373169213,0.300180989,1.01793,0.04208353634,-0.07414769149,0.701095,0.1763304229,-0.1977658271,0.728856
0.243,-0.04402489482,0.07681378816,0.732895,-0.1405422309,0.3054246256,1.03764,0.0421728693,-0.07424814858,0.702239,0.1809853439,-0.2041161919,0.750297
0.2435,-0.04409597661,0.07696781816,0.73426,-0.1437888881,0.3107058043,1.05748,0.04226451662,-0.07435181541,0.703417,0.185589748,-0.2105931684,0.771887
0.244,-0.04416868698,0.07712450241,0.735652,-0.147056158,0.3160230777,1.07746,0.04235845233,-0.07445878129,0.704629,0.1901419607,-0.2171941709,0.793617
0.2445,-0.04424303591,0.07728385418,0.737069,-0.1503433245,0.3213754407,1.09756,0.042454652,-0.07456907984,0.705875,0.194640193,-0.2239186839,0.815483
0.245,-0.04431903325,0.07744588813,0.738513,-0.1536495992,0.3267617613,1.11778,0.04255308699,-0.07468275374,0.707154,0.1990830483,-0.2307658241,0.837479
0.2455,-0.04439668835,0.07761062164,0.739983,-0.1569741953,0.3321806848,1.13813,0.04265372917,-0.07479986858,0.708468,0.2034691169,-0.23773356,0.8596
0.246,-0.04447601017,0.07777807129,0.74148,-0.1603163066,0.3376308422,1.15858,0.04275654968,-0.07492048827,0.709815,0.2077970888,-0.2448197761,0.881838
0.2465,-0.04455700729,0.07794825285,0.743003,-0.1636751082,0.3431108508,1.17915,0.04286151896,-0.075044675,0.711198,0.212065757,-0.2520222723,0.904188
0.247,-0.04463968783,0.07812118133,0.744553,-0.1670497583,0.3486193138,1.19982,0.0429686069,-0.07517248922,0.712615,0.2162740048,-0.2593387647,0.926641
0.2475,-0.0447240595,0.07829687095,0.746131,-0.1704394371,0.3541548206,1.22058,0.04307778445,-0.07530398971,0.714066,0.2204205864,-0.2667668849,0.949192
0.248,-0.04481012958,0.07847533512,0.747735,-0.1738432489,0.3597159467,1.24144,0.04318901966,-0.0754392335,0.715553,0.2245046882,-0.2743041805,0.971835
0.2485,-0.04489790493,0.07865658649,0.749367,-0.1772603021,0.3653012535,1.26239,0.04330228105,-0.07557827591,0.717075,0.228525472,-0.281948115,0.994561
0.249,-0.04498739193,0.07884063691,0.751026,-0.1806896873,0.3709092886,1.28342,0.04341753666,-0.07572117057,0.718632,0.2324822019,-0.2896960674,1.01737
0.2495,-0.04507859652,0.07902749743,0.752712,-0.1841304776,0.3765385856,1.30452,0.04353475419,-0.07586796936,0.720225,0.2363742462,-0.2975453327,1.04024
0.25,-0.04517152416,0.07921717832,0.754426,-0.1875817317,0.3821876643,1.32569,0.04365390105,-0.07601872248,0.721853,0.2402010576,-0.3054931217,1.06318
0.2505,-0.04526617993,0.07940968908,0.756168,-0.1910425322,0.3878550303,1.34693,0.04377494526,-0.07617347838,0.723516,0.2439619537,-0.3135365609,1.08618
0.251,-0.04536256829,0.07960503839,0.757937,-0.1945118859,0.3935391756,1.36823,0.04389785334,-0.07633228383,0.725216,0.2476567,-0.3216726928,1.10923
0.2515,-0.04546069326,0.07980323416,0.759735,-0.1979888062,0.3992385779,1.38958,0.04402259212,-0.07649518386,0.726951,0.2512850273,-0.3298984756,1.13233
0.252,-0.04556055838,0.08000428351,0.76156,-0.2014722914,0.4049517013,1.41098,0.04414912832,-0.0766622218,0.728721,0.2548467661,-0.3382107833,1.15546
0.2525,-0.04566216664,0.08020819278,0.763413,-0.2049613237,0.4106769958,1.43242,0.04427742857,-0.07683343927,0.730528,0.258341847,-0.3466064056,1.17863
0.253,-0.04576552056,0.0804149675,0.765294,-0.2084548751,0.4164128975,1.45389,0.0444074595,-0.07700887615,0.732371,0.2617702735,-0.3550820481,1.20182
0.2535,-0.04587062233,0.08062461243,0.767203,-0.2119519415,0.4221578285,1.4754,0.0445391879,-0.07718857063,0.734249,0.2651319171,-0.3636343324,1.22503
0.254,-0.04597747329,0.08083713153,0.76914,-0.215451447,0.4279101972,1.49692,0.04467258042,-0.07737255917,0.736163,0.268427088,-0.3722597957,1.24826
0.2545,-0.04608607441,0.08105252799,0.771105,-0.2189523252,0.4336683977,1.51846,0.04480760391,-0.07756087654,0.738114,0.2716560541,-0.3809548909,1.27149
0.255,-0.04619642606,0.08127080419,0.773098,-0.222453497,0.4394308104,1.54002,0.04494422537,-0.07775355576,0.7401,0.2748191748,-0.3897159869,1.29472
0.2555,-0.04630852809,0.08149196174,0.775119,-0.2259538708,0.4451958018,1.56158,0.04508241203,-0.07795062817,0.742122,0.2779169006,-0.3985393684,1.31795
0.256,-0.04642237982,0.08171600144,0.777168,-0.2294523484,0.4509617244,1.58313,0.0452221313,-0.07815212337,0.74418,0.2809497395,-0.4074212358,1.34116
0.2565,-0.04653798031,0.08194292333,0.779246,-0.2329478549,0.4567269167,1.60468,0.04536335038,-0.07835806925,0.746275,0.2839180778,-0.4163577053,1.36435
0.257,-0.04665532759,0.08217272664,0.781351,-0.2364392514,0.4624897034,1.62621,0.04550603758,-0.078568492,0.748404,0.2868227082,-0.4253448092,1.38752
0.2575,-0.0467744193,0.08240540982,0.783485,-0.2399254108,0.4682483951,1.64772,0.04565016129,-0.07878341609,0.75057,0.2896643761,-0.4343784951,1.41066
0.258,-0.04689525251,0.08264097053,0.785646,-0.2434051968,0.4740012886,1.6692,0.04579569032,-0.07900286426,0.752772,0.2924439051,-0.4434546269,1.43376
0.2585,-0.04701782371,0.08287940564,0.787836,-0.2468774644,0.4797466668,1.69065,0.04594259394,-0.07922685755,0.755009,0.2951621966,-0.452568984,1.45681
0.259,-0.04714212884,0.08312071124,0.790053,-0.2503410663,0.4854827986,1.71206,0.04609084173,-0.07945541528,0.757282,0.2978201918,-0.4617172617,1.47981
0.2595,-0.04726816364,0.08336488263,0.792299,-0.2537948771,0.4912079389,1.73341,0.04624040277,-0.07968855507,0.75959,0.3004187253,-0.4708950711,1.50276
0.26,-0.04739592268,0.0836119143,0.794572,-0.2572377185,0.4969203287,1.75471,0.04639124837,-0.0799262928,0.761934,0.3029589863,-0.4800979391,1.52564
0.2605,-0.04752540014,0.08386179495,0.796873,-0.2606684255,0.5026178067,1.77595,0.04654334976,-0.08016863973,0.764313,0.3054421135,-0.4893188211,1.54844
0.261,-0.04765658964,0.08411452237,0.799201,-0.2640858282,0.5082994727,1.79712,0.04669667882,-0.08041560496,0.766728,0.3078693072,-0.4985576032,1.57117
0.2615,-0.04778948415,0.08437008838,0.801557,-0.2674887525,0.5139636118,1.81822,0.04685120809,-0.08066719565,0.769178,0.3102418277,-0.5078099216,1.59382
0.262,-0.04792407618,0.08462848318,0.803941,-0.2708760265,0.5196084255,1.83923,0.04700691046,-0.08092341654,0.771662,0.3125609572,-0.5170709009,1.61638
0.2625,-0.048060358,0.08488969616,0.806351,-0.2742464979,0.5252321268,1.86016,0.04716375816,-0.08118427004,0.774182,0.3148278891,-0.5263356885,1.63885
0.263,-0.04819832063,0.08515371587,0.80879,-0.2775989753,0.5308329407,1.88099,0.04732172648,-0.0814497563,0.776736,0.3170441035,-0.5355994548,1.66121
0.2635,-0.04833795475,0.08542053011,0.811255,-0.2809322819,0.5364091035,1.90172,0.04748079056,-0.08171987319,0.779325,0.3192110292,-0.5448573926,1.68347
0.264,-0.04847925042,0.08569012582,0.813747,-0.2842452407,0.5419588634,1.92234,0.04764092629,-0.08199461629,0.781948,0.3213301369,-0.5541047177,1.70562
0.2645,-0.0486221971,0.08596248917,0.816266,-0.2875366753,0.5474804799,1.94285,0.04780211042,-0.08227397889,0.784605,0.323402937,-0.5633366685,1.72764
0.265,-0.04876678378,0.08623760549,0.818811,-0.2908054156,0.5529722246,1.96323,0.04796432,-0.08255795201,0.787297,0.3254309441,-0.5725485063,1.74954
0.2655,-0.04891299927,0.08651545932,0.821383,-0.2940503092,0.5584323804,1.98349,0.04812753131,-0.08284652437,0.790022,0.327415603,-0.5817355149,1.77131
0.266,-0.04906083101,0.0867960344,0.823981,-0.2972701797,0.563859242,2.00361,0.04829172438,-0.08313968242,0.79278,0.329358566,-0.5908930012,1.79294
0.2665,-0.04921026617,0.08707931364,0.826606,-0.3004638663,0.5692511156,2.02358,0.04845687889,-0.08343741032,0.795572,0.3312614351,-0.6000162946,1.81442
0.267,-0.04936129132,0.08736527917,0.829256,-0.3036302131,0.5746063193,2.04341,0.04862297544,-0.08373968995,0.798398,0.3331258326,-0.6091007474,1.83575
0.2675,-0.04951389241,0.08765391229,0.831932,-0.3067680697,0.5799231825,2.06308,0.0487899955,-0.0840465009,0.801256,0.3349533986,-0.6181417344,1.85693
0.268,-0.04966805498,0.08794519349,0.834634,-0.3098762956,0.5852000466,2.08259,0.04895792082,-0.08435782048,0.804146,0.3367457623,-0.6271346535,1.87794
0.2685,-0.04982376438,0.08823910247,0.837361,-0.3129537663,0.5904352644,2.10193,0.04912673235,-0.08467362371,0.80707,0.3385045003,-0.6360749252,1.89878
0.269,-0.04998100461,0.08853561811,0.840113,-0.3159993496,0.5956272004,2.1211,0.04929641512,-0.08499388334,0.810025,0.3402313114,-0.6449579926,1.91945
0.2695,-0.0501397594,0.08883471848,0.84289,-0.3190119292,0.6007742308,2.14008,0.04946695374,-0.08531856983,0.813012,0.3419278469,-0.6537793218,1.93995
0.27,-0.05030001192,0.08913638086,0.845692,-0.3219903988,0.6058747434,2.15888,0.04963833373,-0.08564765134,0.816031,0.3435957565,-0.6625344015,1.96025
0.2705,-0.05046174475,0.08944058171,0.848517,-0.3249336627,0.6109271376,2.17748,0.04981054156,-0.08598109377,0.819081,0.3452366844,-0.6712187433,1.98037
0.271,-0.0506249401,0.08974729667,0.851368,-0.3278406381,0.6159298246,2.19589,0.04998356379,-0.08631886073,0.822162,0.3468522533,-0.6798278813,2.00029
0.2715,-0.05078958001,0.09005650059,0.854241,-0.3307102566,0.6208812271,2.21409,0.05015738623,-0.08666091353,0.825274,0.3484440469,-0.6883573726,2.02001
0.272,-0.05095564517,0.09036816751,0.857139,-0.3335414588,0.6257797794,2.23207,0.05033199891,-0.08700721123,0.828416,0.3500136847,-0.6968027969,2.03952
0.2725,-0.05112311609,0.09068227066,0.86006,-0.3363332009,0.6306239276,2.24984,0.0505073913,-0.08735771056,0.831588,0.3515627436,-0.7051597568,2.05882
0.273,-0.05129197271,0.09099878245,0.863003,-0.3390844542,0.6354121293,2.26738,0.05068355378,-0.087712366,0.83479,0.3530927768,-0.7134238775,2.07791
0.2735,-0.05146219445,0.0913176745,0.86597,-0.3417942055,0.6401428539,2.28469,0.05086047758,-0.08807112975,0.838021,0.3546053101,-0.721590807,2.09676
0.274,-0.05163376041,0.09163891762,0.868959,-0.3444614563,0.6448145823,2.30177,0.05103815389,-0.08843395169,0.841281,0.3561018412,-0.7296562162,2.11539
0.2745,-0.05180664951,0.0919624818,0.87197,-0.3470852224,0.6494258072,2.3186,0.05121657326,-0.08880077946,0.84457,0.3575838381,-0.7376157984,2.13379
0.275,-0.05198083943,0.09228833624,0.875003,-0.3496645432,0.6539750327,2.33519,0.05139573025,-0.08917155839,0.847887,0.3590527225,-0.7454652701,2.15194
0.2755,-0.05215630767,0.09261644931,0.878057,-0.3521984744,0.6584607748,2.35152,0.05157561883,-0.08954623153,0.851232,0.3605098793,-0.7532003702,2.16985
0.276,-0.05233303125,0.09294678859,0.881132,-0.3546860908,0.6628815609,2.36759,0.05175623372,-0.08992473965,0.854605,0.3619566494,-0.7608168605,2.18751
0.2765,-0.0525109867,0.09327931789,0.884228,-0.3571264873,0.6672358668,2.3834,0.05193757042,-0.09030701209,0.858004,0.3633943263,-0.7683101591,2.20491
0.277,-0.05269015029,0.09361399767,0.887345,-0.3595187743,0.6715222502,2.39894,0.05211962422,-0.09069297045,0.861431,0.3648241743,-0.7756757249,2.22205
0.2775,-0.05287049813,0.09395081077,0.890482,-0.3618620771,0.6757397826,2.41421,0.05230238985,-0.09108260451,0.864883,0.3662474313,-0.7829119796,2.23892
0.278,-0.0530520052,0.09428972052,0.893638,-0.3641555583,0.6798870815,2.42919,0.05248586568,-0.09147584203,0.868362,0.367665216,-0.790014906,2.25552
0.2785,-0.05323464636,0.09463068982,0.896814,-0.3663983964,0.6839627975,2.44389,0.05267004941,-0.0918726097,0.871866,0.3690786169,-0.796980604,2.27185
0.279,-0.05341839602,0.09497368117,0.900008,-0.3685897927,0.6879656146,2.45831,0.05285493933,-0.09227283318,0.875395,0.3704886611,-0.80380529,2.28789
0.2795,-0.05360322819,0.09531865663,0.903222,-0.3707289725,0.6918942497,2.47243,0.05304053437,-0.09267643707,0.878949,0.3718963113,-0.8104852976,2.30365
0.28,-0.0537891167,0.09566557787,0.906453,-0.372815177,0.6957474533,2.48624,0.05322683303,-0.09308334491,0.882528,0.3733025046,-0.8170170769,2.31911
0.2805,-0.05397603517,0.09601440613,0.909703,-0.3748476631,0.6995240088,2.49976,0.05341383343,-0.09349347921,0.886129,0.3747081503,-0.823397195,2.33428
0.281,-0.05416395632,0.09636510222,0.912969,-0.3768257365,0.703222733,2.51297,0.05360153667,-0.0939067614,0.889755,0.3761139779,-0.8296223361,2.34915
0.2815,-0.05435285272,0.09671762657,0.916253,-0.3787487182,0.7068424759,2.52587,0.05378994316,-0.0943231119,0.893402,0.3775206938,-0.835689301,2.36371
0.282,-0.05454269663,0.09707193915,0.919553,-0.3806159553,0.7103821207,2.53845,0.05397905372,-0.09474245004,0.897072,0.3789289294,-0.8415950073,2.37796
0.2825,-0.05473345994,0.09742799954,0.92287,-0.382426822,0.7138405838,2.55071,0.05416886955,-0.09516469412,0.900764,0.3803392386,-0.8473364896,2.39189
0.283,-0.05492511443,0.09778576691,0.926202,-0.3841807069,0.717216815,2.56264,0.05435939132,-0.09558976139,0.904477,0.3817521585,-0.8529108994,2.40551
0.2835,-0.05511763171,0.09814519999,0.92955,-0.3858770172,0.720509797,2.57425,0.05455061937,-0.09601756804,0.908211,0.3831681916,-0.8583155048,2.4188
0.284,-0.05531098263,0.09850625712,0.932912,-0.3875152169,0.7237185459,2.58553,0.05474255629,-0.09644802922,0.911966,0.3845876159,-0.8635476912,2.43176
0.2845,-0.05550513799,0.09886889619,0.936289,-0.3890947846,0.7268421111,2.59647,0.05493520397,-0.09688105902,0.91574,0.3860106935,-0.8686049604,2.44438
0.285,-0.0557000683,0.0992330747,0.93968,-0.3906152274,0.7298795752,2.60708,0.05512856444,-0.09731657049,0.919533,0.3874376027,-0.8734849313,2.45667
0.2855,-0.05589574382,0.09959874973,0.943085,-0.3920760817,0.7328300538,2.61734,0.0553226399,-0.09775447561,0.923345,0.3888684356,-0.8781853396,2.46861
0.286,-0.05609213476,0.09996587793,0.946503,-0.3934768966,0.7356926959,2.62726,0.05551743189,-0.09819468534,0.927175,0.3903032804,-0.8827040378,2.48021
0.2865,-0.05628921117,0.1003344156,0.949933,-0.3948172422,0.7384666839,2.63683,0.05571294166,-0.09863710956,0.931023,0.3917421803,-0.8870389955,2.49146
0.287,-0.05648694254,0.1007043184,0.953376,-0.396096751,0.741151233,2.64606,0.0559091719,-0.09908165712,0.934888,0.3931849265,-0.8911882988,2.50236
0.2875,-0.05668529836,0.101075542,0.956831,-0.397315069,0.743745592,2.65493,0.05610612454,-0.09952823581,0.93877,0.3946313018,-0.895150151,2.51289
0.288,-0.05688424792,0.1014480411,0.960297,-0.3984718726,0.7462490427,2.66344,0.05630380145,-0.09997675236,0.942668,0.3960810011,-0.8989228719,2.52307
0.2885,-0.05708376034,0.1018217705,0.963773,-0.399566868,0.7486609002,2.6716,0.05650220437,-0.1004271125,0.946581,0.3975336299,-0.9025048985,2.53288
0.289,-0.05728380473,0.1021966843,0.96726,-0.4005997719,0.7509805129,2.6794,0.05670133436,-0.1008792208,0.950509,0.3989888054,-0.9058947844,2.54232
0.2895,-0.05748435009,0.1025727363,0.970758,-0.4015703255,0.7532072622,2.68684,0.05690119214,-0.1013329809,0.954452,0.4004460875,-0.9090912003,2.55139
0.29,-0.05768536509,0.1029498797,0.974264,-0.4024783335,0.755340563,2.69392,0.057101779,-0.1017882953,0.958408,0.4019047746,-0.9120929335,2.56008
0.2905,-0.0578868184,0.1033280674,0.97778,-0.4033236143,0.7573798632,2.70063,0.0573030955,-0.1022450656,0.962378,0.403364164,-0.9148988883,2.56839
0.291,-0.05808867859,0.103707252,0.981304,-0.4041060162,0.7593246441,2.70698,0.05750514185,-0.102703192,0.96636,0.4048234664,-0.9175080859,2.57631
0.2915,-0.05829091417,0.1040873856,0.984836,-0.4048254178,0.76117442,2.71295,0.05770791789,-0.1031625742,0.970354,0.406281805,-0.9199196642,2.58385
0.292,-0.05849349366,0.1044684198,0.988376,-0.4054817055,0.7629287387,2.71856,0.0579114228,-0.1036231103,0.974359,0.4077383322,-0.9221328781,2.591
0.2925,-0.05869638554,0.1048503058,0.991922,-0.4060747927,0.764587181,2.7238,0.05811565529,-0.1040846977,0.978375,0.4091921307,-0.9241470993,2.59776
0.293,-0.05889955814,0.1052329862,0.995475,-0.4066046557,0.7661494824,2.72867,0.05832061382,-0.1045472065,0.982402,0.4106420293,-0.9259625086,2.60412
0.2935,-0.05910297985,0.1056164201,0.999035,-0.4070712832,0.7676152656,2.73317,0.05852629614,-0.1050105624,0.986437,0.4120868635,-0.9275782782,2.61008
0.294,-0.05930661905,0.10600057,1.0026,-0.4074746934,0.7689841085,2.73729,0.0587326994,-0.1054747002,0.990482,0.4135253883,-0.92899338,2.61564
0.2945,-0.05951044412,0.1063853854,1.00617,-0.4078149336,0.7702557883,2.74104,0.05893982011,-0.1059395132,0.994535,0.4149562783,-0.9302079304,2.6208
0.295,-0.05971442351,0.106770816,1.00974,-0.4080920563,0.7714301164,2.74442,0.05914765427,-0.1064048958,0.998596,0.4163782548,-0.9312221547,2.62554
0.2955,-0.05991852568,0.1071568116,1.01332,-0.4083061434,0.7725069385,2.74742,0.05935619715,-0.1068707431,1.00266,0.4177899595,-0.9320363868,2.62988
0.296,-0.06012271915,0.1075433223,1.01691,-0.4084573354,0.7734861346,2.75005,0.05956544304,-0.1073369513,1.00674,0.4191898038,-0.9326510694,2.63381
0.2965,-0.06032697252,0.1079302983,1.02049,-0.4085457848,0.7743676189,2.75231,0.05977538559,-0.1078034176,1.01082,0.4205762126,-0.9330667538,2.63732
0.297,-0.06053125446,0.1083176899,1.02408,-0.4085716713,0.7751513401,2.75419,0.05998601758,-0.1082700401,1.0149,0.4219475418,-0.9332841003,2.64041
0.2975,-0.06073553375,0.1087054477,1.02767,-0.4085352025,0.7758372808,2.7557,0.06019733096,-0.108736718,1.01899,0.4233020795,-0.9333038775,2.64309
0.298,-0.06093977923,0.1090935224,1.03126,-0.408436588,0.7764254584,2.75684,0.06040931731,-0.1092033513,1.02309,0.4246381748,-0.9331269631,2.64535
0.2985,-0.06114395984,0.1094818648,1.03486,-0.4082760684,0.7769159241,2.75761,0.06062196723,-0.1096698411,1.02718,0.4259540937,-0.9327543434,2.64719
0.299,-0.06134804477,0.1098704262,1.03845,-0.4080539369,0.7773087638,2.75801,0.06083526973,-0.1101360895,1.03128,0.4272479074,-0.9321871134,2.6486
0.2995,-0.06155200329,0.1102591576,1.04205,-0.4077704972,0.7776040972,2.75803,0.06104921319,-0.1106019995,1.03538,0.4285177075,-0.9314264769,2.64959
0.3,-0.06175580485,0.1106480106,1.04564,-0.407426078,0.7778020788,2.75769,0.06126378497,-0.111067475,1.03948,0.429761533,-0.9304737462,2.65016
0.3005,-0.06195941908,0.1110369367,1.04924,-0.4070210329,0.777902897,2.75698,0.06147897139,-0.111532421,1.04359,0.4309773711,-0.9293303427,2.6503
0.301,-0.06216281565,0.1114258876,1.05283,-0.4065557157,0.7779067748,2.75591,0.0616947587,-0.1119967435,1.04769,0.4321632815,-0.9279977962,2.65002
0.3015,-0.06236596446,0.1118148154,1.05642,-0.406030511,0.7778139691,2.75447,0.06191113173,-0.1124603494,1.05179,0.4333172441,-0.9264777454,2.6493
0.302,-0.06256883577,0.1122036721,1.06001,-0.4054458479,0.7776247714,2.75267,0.06212807338,-0.1129231465,1.05589,0.4344370889,-0.9247719377,2.64816
0.3025,-0.06277139998,0.1125924099,1.06359,-0.4048021651,0.7773395074,2.75051,0.06234556589,-0.1133850437,1.05999,0.435520674,-0.922882229,2.64659
0.303,-0.06297362774,0.1129809814,1.06718,-0.404099923,0.7769585371,2.74799,0.06256359042,-0.1138459508,1.06408,0.4365658235,-0.9208105844,2.64459
0.3035,-0.06317548992,0.1133693392,1.07076,-0.4033396033,0.7764822546,2.74511,0.0627821269,-0.1143057787,1.06818,0.43757033,-0.9185590773,2.64216
0.304,-0.06337695744,0.113757436,1.07433,-0.4025216866,0.7759110886,2.74188,0.06300115552,-0.1147644391,1.07226,0.4385320648,-0.9161298899,2.6393
0.3045,-0.06357800157,0.1141452249,1.0779,-0.4016466826,0.7752455019,2.7383,0.06322065468,-0.1152218448,1.07635,0.4394488323,-0.9135253134,2.63601
0.305,-0.06377859402,0.114532659,1.08147,-0.4007151365,0.7744859915,2.73436,0.06344060055,-0.1156779095,1.08042,0.4403183367,-0.9107477474,2.6323
0.3055,-0.0639787067,0.1149196916,1.08503,-0.3997276019,0.7736330888,2.73008,0.06366096878,-0.1161325479,1.0845,0.441138318,-0.9077997003,2.62815
0.306,-0.0641783118,0.1153062762,1.08859,-0.39868465,0.7726873596,2.72545,0.06388173377,-0.1165856756,1.08856,0.4419065039,-0.9046837894,2.62358
0.3065,-0.0643773818,0.1156923666,1.09214,-0.3975868696,0.7716494037,2.72048,0.06410286873,-0.1170372094,1.09262,0.442620613,-0.9014027405,2.61857
0.307,-0.06457588923,0.1160779164,1.09568,-0.3964348479,0.7705198555,2.71518,0.06432434738,-0.1174870668,1.09667,0.4432784427,-0.8979593884,2.61315
0.3075,-0.06477380705,0.1164628799,1.09921,-0.3952291973,0.7692993834,2.70953,0.06454614131,-0.1179351665,1.10071,0.4438777464,-0.8943566762,2.6073
0.308,-0.06497110876,0.116847211,1.10274,-0.3939705569,0.7679886903,2.70355,0.06476821981,-0.118381428,1.10474,0.4444162287,-0.8905976561,2.60102
0.3085,-0.06516776806,0.1172308643,1.10626,-0.3926595723,0.7665885132,2.69724,0.06499055172,-0.1188257718,1.10876,0.4448916377,-0.886685489,2.59433
0.309,-0.065363759,0.1176137942,1.10977,-0.3912969026,0.7650996235,2.69061,0.06521310466,-0.1192681195,1.11277,0.4453017321,-0.8826234443,2.58721
0.3095,-0.06555905597,0.117995953,1.11327,-0.3898832205,0.7635229957,2.68365,0.06543584502,-0.11970839,1.11677,0.4456442852,-0.8784158677,2.57968
0.31,-0.06575363335,0.1183772967,1.11677,-0.3884191971,0.7618594746,2.67637,0.06565874006,-0.1201465112,1.12076,0.4459171425,-0.8740662965,2.57174
0.3105,-0.06594746612,0.1187577902,1.12025,-0.3869055239,0.7601093295,2.66878,0.06588175456,-0.1205824252,1.12473,0.4461181389,-0.8695748426,2.56338
0.311,-0.06614052977,0.1191373898,1.12372,-0.3853429094,0.7582734997,2.66087,0.06610485117,-0.1210160613,1.12869,0.4462451092,-0.8649453526,2.55461
0.3115,-0.06633280007,0.1195160519,1.12719,-0.3837320672,0.7563529399,2.65266,0.06632799212,-0.1214473508,1.13264,0.4462959396,-0.8601816807,2.54542
0.312,-0.06652425312,0.1198937339,1.13064,-0.3820737205,0.7543486203,2.64414,0.06655113852,-0.1218762271,1.13657,0.4462685499,-0.8552876885,2.53584
0.3125,-0.06671486545,0.1202703934,1.13408,-0.3803686011,0.7522615266,2.63531,0.06677425032,-0.1223026253,1.14049,0.4461608981,-0.8502672449,2.52584
0.313,-0.06690461352,0.120645989,1.13751,-0.3786174411,0.7500926599,2.62619,0.06699728864,-0.1227264827,1.14439,0.4459710006,-0.8451242263,2.51545
0.3135,-0.06709347449,0.1210204797,1.14092,-0.3768209856,0.7478430367,2.61678,0.06722021193,-0.1231477387,1.14828,0.4456969071,-0.8398625166,2.50467
0.314,-0.06728142606,0.121393825,1.14433,-0.3749799886,0.745513689,2.60707,0.06744297672,-0.1235663346,1.15215,0.4453367097,-0.834486007,2.49349
0.3145,-0.0674684462,0.1217659852,1.14772,-0.3730952076,0.7431056644,2.59709,0.06766553928,-0.1239822137,1.156,0.4448885591,-0.828998596,2.48193
0.315,-0.06765451325,0.1221369211,1.1511,-0.3711674051,0.7406200258,2.58682,0.06788785488,-0.1243953213,1.15983,0.4443506621,-0.8234041897,2.46998
0.3155,-0.06783960599,0.1225065941,1.15446,-0.3691973482,0.7380578514,2.57627,0.06810987776,-0.1248056048,1.16365,0.4437212857,-0.8177067016,2.45765
0.316,-0.06802370313,0.1228749662,1.15781,-0.3671858069,0.7354202352,2.56545,0.06833156362,-0.1252130135,1.16744,0.4429987351,-0.8119100525,2.44495
0.3165,-0.06820678413,0.1232420001,1.16115,-0.365133555,0.7327082864,2.55437,0.06855286537,-0.1256174988,1.17122,0.4421814011,-0.8060181708,2.43188
0.317,-0.06838882899,0.1236076588,1.16447,-0.3630413687,0.7299231298,2.54302,0.06877373441,-0.1260190141,1.17497,0.4412677503,-0.8000349921,2.41844
0.3175,-0.06856981798,0.1239719064,1.16778,-0.3609100261,0.7270659056,2.53141,0.068994122,-0.1264175147,1.1787,0.4402563148,-0.7939644595,2.40465
0.318,-0.06874973177,0.1243347071,1.17107,-0.3587403059,0.7241377695,2.51955,0.06921397862,-0.126812958,1.18241,0.439145703,-0.7878105235,2.39049
0.3185,-0.06892855145,0.1246960259,1.17435,-0.3565329876,0.7211398924,2.50744,0.06943325389,-0.1272053035,1.1861,0.437934603,-0.781577142,2.37599
0.319,-0.06910625806,0.1250558285,1.17761,-0.354288857,0.7180734611,2.49509,0.06965189913,-0.1275945125,1.18977,0.4366217152,-0.7752682805,2.36114
0.3195,-0.06928283343,0.1254140811,1.18085,-0.3520086938,0.7149396775,2.48249,0.0698698629,-0.1279805485,1.19341,0.4352058841,-0.7688879116,2.34595
0.32,-0.06945825987,0.1257707505,1.18408,-0.3496932748,0.7117397591,2.46966,0.07008709275,-0.1283633769,1.19703,0.4336860519,-0.7624400156,2.33042
0.3205,-0.06963252,0.1261258041,1.18729,-0.3473433772,0.7084749388,2.45659,0.07030353625,-0.1287429651,1.20063,0.4320612332,-0.7559285799,2.31457
0.321,-0.06980559682,0.1264792099,1.19048,-0.3449597751,0.7051464649,2.4433,0.0705191404,-0.1291192826,1.2042,0.430330535,-0.7493575997,2.2984
0.3215,-0.06997747375,0.1268309365,1.19366,-0.3425432399,0.7017556014,2.42979,0.07073385166,-0.1294923008,1.20774,0.4284931605,-0.7427310772,2.28191
0.322,-0.07014813416,0.1271809531,1.19681,-0.3400945535,0.6983036276,2.41606,0.07094761825,-0.1298619933,1.21126,0.4265482947,-0.7360530224,2.26511
0.3225,-0.07031756225,0.1275292296,1.19995,-0.3376144806,0.694791838,2.40212,0.07116038591,-0.1302283354,1.21476,0.4244953281,-0.7293274524,2.24801
0.323,-0.07048574261,0.1278757362,1.20308,-0.3351037806,0.6912215431,2.38797,0.0713720999,-0.1305913048,1.21822,0.4223337587,-0.722558392,2.23061
0.3235,-0.07065266017,0.1282204441,1.20618,-0.3325632109,0.6875940684,2.37362,0.07158270565,-0.1309508808,1.22166,0.4200631624,-0.715749873,2.21292
0.324,-0.07081830023,0.1285633249,1.20926,-0.3299935236,0.6839107549,2.35907,0.07179214833,-0.131307045,1.22507,0.4176832199,-0.7089059351,2.19495
0.3245,-0.07098264849,0.1289043506,1.21233,-0.3273954644,0.6801729594,2.34433,0.07200037286,-0.1316597809,1.22846,0.4151937196,-0.7020306251,2.1767
0.325,-0.07114569061,0.1292434943,1.21537,-0.3247697945,0.6763820538,2.3294,0.07220732593,-0.132009074,1.23181,0.4125943991,-0.6951279974,2.15819
0.3255,-0.07130741306,0.1295807291,1.2184,-0.322117247,0.6725394255,2.31429,0.07241295222,-0.132354912,1.23514,0.4098852615,-0.6882021135,2.13942
0.326,-0.07146780268,0.1299160296,1.22141,-0.3194385486,0.6686465125,2.299,0.07261719645,-0.132697288,1.23844,0.4070664154,-0.681257223,2.12039
0.3265,-0.07162684661,0.1302493747,1.22439,-0.3167344226,0.6647049656,2.28353,0.07282000367,-0.1330362292,1.2417,0.4041380509,-0.6742988019,2.10113
0.327,-0.07178453235,0.1305807345,1.22736,-0.3140055845,0.6607154796,2.2679,0.07302131903,-0.1333716619,1.24494,0.4011004703,-0.6673272719,2.08163
0.3275,-0.07194084779,0.1309100859,1.23031,-0.3112527415,0.656679489,2.25211,0.07322108775,-0.1337035864,1.24815,0.3979540902,-0.6603466411,2.0619
0.328,-0.07209578081,0.1312374065,1.23323,-0.3084766207,0.6525984217,2.23615,0.07341925667,-0.1340320047,1.25132,0.3946992437,-0.6533608313,2.04195
0.3285,-0.07224932003,0.1315626745,1.23613,-0.3056779109,0.6484736995,2.22004,0.07361577138,-0.1343569194,1.25447,0.3913365835,-0.6463736773,2.02178
0.329,-0.07240145441,0.1318858687,1.23902,-0.3028572956,0.6443067374,2.20378,0.07381057788,-0.134678335,1.25758,0.3878668547,-0.6393889274,2.00141
0.3295,-0.07255217317,0.1322069688,1.24188,-0.3000154532,0.6400989444,2.18738,0.07400362277,-0.1349962567,1.26067,0.3842908856,-0.6324102431,1.98085
0.33,-0.07270146593,0.132525955,1.24472,-0.2971530533,0.6358517228,2.17084,0.07419485305,-0.1353106911,1.26372,0.3806096186,-0.6254411992,1.9601
0.3305,-0.07284932259,0.132842808,1.24754,-0.2942707554,0.6315664686,2.15416,0.07438421617,-0.135621646,1.26673,0.3768241118,-0.6184852837,1.93917
0.331,-0.07299573316,0.1331575093,1.25033,-0.2913692433,0.6272445715,2.13736,0.07457166092,-0.1359291305,1.26972,0.3729353086,-0.6115458982,1.91808
0.3315,-0.07314068828,0.1334700412,1.25311,-0.2884491539,0.6228874147,2.12042,0.07475713576,-0.1362331548,1.27267,0.3689445164,-0.6046263572,1.89682
0.332,-0.07328417884,0.1337803865,1.25586,-0.285511121,0.6184963749,2.10337,0.07494058992,-0.1365337304,1.27559,0.3648531131,-0.5977298888,1.87541
0.3325,-0.07342619607,0.1340885286,1.25859,-0.2825557725,0.6140728226,2.0862,0.07512197344,-0.1368308698,1.27848,0.3606625581,-0.5908596343,1.85386
0.333,-0.07356673147,0.1343944516,1.2613,-0.2795837266,0.6096181218,2.06892,0.07530123707,-0.1371245871,1.28133,0.3563744218,-0.5840186483,1.83218
0.3335,-0.07370577689,0.1346981402,1.26398,-0.2765955912,0.6051336301,2.05154,0.0754783324,-0.1374148973,1.28415,0.3519903858,-0.5772098987,1.81037
0.334,-0.07384332428,0.13499958,1.26665,-0.2735920016,0.6006206986,2.03405,0.07565321197,-0.1377018167,1.28694,0.3475119907,-0.5704362666,1.78845
0.3345,-0.07397936612,0.135298757,1.26929,-0.2705735401,0.5960806721,2.01646,0.07582582908,-0.1379853629,1.28969,0.3429411709,-0.5637005466,1.76642
0.335,-0.07411389515,0.135595658,1.2719,-0.2675407889,0.5915148891,1.99878,0.07599613803,-0.1382655545,1.2924,0.3382799023,-0.5570054464,1.74429
0.3355,-0.07424690436,0.1358902702,1.2745,-0.2644943241,0.5869246816,1.98101,0.07616409412,-0.1385424116,1.29509,0.3335302387,-0.5503535872,1.72208
0.336,-0.07437838707,0.1361825818,1.27707,-0.2614347122,0.5823113751,1.96316,0.07632965373,-0.1388159553,1.29774,0.3286943356,-0.5437475033,1.69979
0.3365,-0.07450833685,0.1364725815,1.27961,-0.2583625096,0.5776762888,1.94523,0.07649277435,-0.1390862081,1.30035,0.32377445,-0.5371896423,1.67743
0.337,-0.07463674748,0.1367602585,1.28214,-0.2552783023,0.5730207355,1.92722,0.076653414,-0.1393531935,1.30293,0.3187726783,-0.5306823653,1.655
0.3375,-0.07476361313,0.137045603,1.28464,-0.2521826201,0.5683460216,1.90914,0.07681153266,-0.1396169363,1.30547,0.3136915223,-0.5242279466,1.63253
0.338,-0.07488892818,0.1373286055,1.28711,-0.2490759964,0.563653447,1.89099,0.07696709137,-0.1398774626,1.30798,0.3085334931,-0.5178285737,1.61001
0.3385,-0.07501268731,0.1376092574,1.28957,-0.2459589583,0.5589443054,1.87278,0.07712005242,-0.1401347996,1.31046,0.3033011724,-0.5114863475,1.58746
0.339,-0.07513488544,0.1378875506,1.292,-0.2428320245,0.5542198839,1.85452,0.07727037943,-0.1403889759,1.3129,0.2979972297,-0.5052032821,1.56488
0.3395,-0.07525551774,0.1381634777,1.2944,-0.2396957045,0.5494814632,1.83619,0.07741803745,-0.140640021,1.3153,0.2926244211,-0.4989813051,1.54229
0.34,-0.07537457969,0.1384370321,1.29678,-0.2365505382,0.5447303179,1.81782,0.0775629915,-0.1408879659,1.31767,0.2871853316,-0.4928222572,1.5197
0.3405,-0.07549206696,0.1387082076,1.29914,-0.2333970095,0.5399677158,1.7994,0.07770520987,-0.1411328427,1.32001,0.2816829411,-0.4867278924,1.4971
0.341,-0.07560797548,0.1389769988,1.30147,-0.2302356091,0.5351949184,1.78094,0.07784466181,-0.1413746848,1.32231,0.2761202077,-0.4806998782,1.47452
0.3415,-0.07572230143,0.1392434009,1.30378,-0.2270668226,0.5304131811,1.76244,0.07798131802,-0.1416135266,1.32457,0.2705001488,-0.4747397951,1.45196
0.342,-0.07583504124,0.1395074099,1.30607,-0.2238911282,0.5256237524,1.74391,0.0781151508,-0.1418494039,1.3268,0.2648258514,-0.4688491372,1.42943
0.3425,-0.07594619154,0.1397690222,1.30833,-0.2207089971,0.5208278749,1.72535,0.07824613409,-0.1420823537,1.329,0.2591004701,-0.4630293117,1.40693
0.343,-0.07605574938,0.1400282352,1.31056,-0.2175209295,0.5160267844,1.70676,0.07837424122,-0.1423124142,1.33116,0.253326988,-0.4572816391,1.38449
0.3435,-0.0761637118,0.1402850465,1.31278,-0.2143273737,0.5112217105,1.68815,0.07849945011,-0.1425396248,1.33328,0.2475087491,-0.4516073533,1.3621
0.344,-0.07627007617,0.1405394595,1.31497,-0.2111287879,0.5064137609,1.66952,0.07862173936,-0.1427640466,1.33538,0.2416490487,-0.4460068159,1.33977
0.3445,-0.07637484008,0.140791472,1.31713,-0.2079256259,0.5016040699,1.65088,0.07874108926,-0.142985704,1.33743,0.2357512266,-0.440481395,1.31751
0.345,-0.07647800133,0.141041075,1.31927,-0.2047183365,0.4967939658,1.63222,0.07885748186,-0.1432045961,1.33946,0.22981867,-0.4350333511,1.29534
0.3455,-0.07657955793,0.1412882697,1.32138,-0.2015073638,0.491984581,1.61356,0.07897090099,-0.1434207671,1.34144,0.2238548118,-0.4296632605,1.27326
0.346,-0.07667950838,0.1415330576,1.32347,-0.198293178,0.4871770349,1.5949,0.07908132932,-0.1436342606,1.3434,0.2178629241,-0.4243716275,1.25127
0.3465,-0.07677785104,0.1417754407,1.32554,-0.1950762049,0.4823724343,1.57623,0.07918875532,-0.1438451198,1.34532,0.2118465821,-0.4191588849,1.22939
0.347,-0.0768745846,0.1420154213,1.32758,-0.1918568823,0.4775718733,1.55757,0.07929316777,-0.1440533877,1.3472,0.2058092921,-0.414025394,1.20763
0.3475,-0.07696970799,0.1422530024,1.3296,-0.188635645,0.4727764332,1.53892,0.07939455731,-0.1442591067,1.34906,0.1997545868,-0.4089714443,1.18599
0.348,-0.07706322032,0.1424881873,1.33159,-0.1854129255,0.4679871827,1.52028,0.07949291643,-0.1444623189,1.35087,0.1936860221,-0.4039972536,1.16447
0.3485,-0.07715512093,0.1427209796,1.33356,-0.1821891544,0.4632051775,1.50165,0.07958823947,-0.1446630662,1.35266,0.1876071723,-0.3991029682,1.14309
0.349,-0.07724540968,0.1429513836,1.33551,-0.1789647823,0.4584314608,1.48304,0.07968051926,-0.1448613899,1.35441,0.1815214842,-0.3942886626,1.12186
0.3495,-0.07733408619,0.1431794039,1.33743,-0.175740229,0.4536670631,1.46445,0.07976975514,-0.1450573309,1.35613,0.17543261,-0.3895543399,1.10077
0.35,-0.07742115047,0.1434050455,1.33933,-0.1725159249,0.4489130019,1.44589,0.07985594658,-0.1452509299,1.35782,0.1693441343,-0.3848999312,1.07984
0.3505,-0.07750660272,0.143628314,1.3412,-0.1692923002,0.4441702823,1.42735,0.0799390949,-0.1454422272,1.35948,0.1632596434,-0.3803252962,1.05907
0.351,-0.07759044335,0.1438492153,1.34305,-0.1660697852,0.4394398966,1.40885,0.08001920338,-0.1456312626,1.3611,0.1571827222,-0.375830223,1.03847
0.3515,-0.077672673,0.1440677558,1.34487,-0.1628488113,0.4347228241,1.39038,0.08009627702,-0.1458180756,1.36269,0.1511169468,-0.3714144278,1.01805
0.352,-0.07775329285,0.1442839424,1.34667,-0.1596298227,0.4300200316,1.37195,0.08017031919,-0.1460027052,1.36425,0.1450658035,-0.3670775554,0.997814
0.3525,-0.0778323038,0.1444977822,1.34845,-0.1564132486,0.4253324733,1.35356,0.08024134008,-0.1461851903,1.36578,0.1390328758,-0.3628191787,0.977764
0.353,-0.07790970716,0.1447092831,1.3502,-0.1531995263,0.4206610904,1.33521,0.08030934987,-0.1463655692,1.36728,0.1330216855,-0.3586387993,0.957907
0.3535,-0.07798550442,0.1449184533,1.35193,-0.1499890959,0.4160068115,1.31691,0.08037436055,-0.1465438797,1.36875,0.1270357314,-0.3545358468,0.938251
0.354,-0.07805969732,0.1451253012,1.35363,-0.1467823998,0.4113705524,1.29866,0.080436386,-0.1467201596,1.37018,0.1210784852,-0.3505096795,0.9188
0.3545,-0.07813228779,0.145329836,1.35531,-0.1435798842,0.4067532163,1.28047,0.08049544173,-0.146894446,1.37159,0.115153387,-0.3465595836,0.89956
0.355,-0.07820327836,0.1455320671,1.35697,-0.1403820011,0.4021556935,1.26233,0.08055154153,-0.1470667758,1.37297,0.1092638228,-0.3426847741,0.880536
0.3555,-0.07827267125,0.1457320045,1.3586,-0.1371892033,0.3975788618,1.24425,0.08060470605,-0.1472371855,1.37432,0.1034131669,-0.3388843941,0.861733
0.356,-0.07834046909,0.1459296586,1.36021,-0.134001949,0.3930235861,1.22624,0.08065495575,-0.147405711,1.37564,0.0976047401,-0.3351575151,0.843155
0.3565,-0.07840667476,0.1461250401,1.3618,-0.1308207016,0.3884907185,1.20829,0.08070231284,-0.1475723882,1.37693,0.0918418164,-0.331503137,0.824807
0.357,-0.07847129133,0.1463181603,1.36336,-0.1276459295,0.3839810987,1.19041,0.08074680125,-0.1477372522,1.37819,0.08612761892,-0.3279201881,0.806694
0.3575,-0.07853432213,0.146509031,1.3649,-0.1244781064,0.3794955532,1.1726,0.08078844637,-0.1479003382,1.37943,0.08046531967,-0.3244075248,0.788818
0.358,-0.07859577105,0.1466976643,1.36642,-0.1213177056,0.3750348962,1.15487,0.08082727194,-0.1480616806,1.38063,0.07485806957,-0.3209639322,0.771184
0.3585,-0.07865564174,0.1468840727,1.36791,-0.1181652158,0.370599929,1.13722,0.08086330822,-0.1482213137,1.38181,0.06930890392,-0.3175881234,0.753796
0.359,-0.07871393826,0.1470682693,1.36939,-0.1150211286,0.3661914401,1.11965,0.08089658517,-0.1483792711,1.38297,0.06382081426,-0.3142787402,0.736655
0.3595,-0.0787706649,0.1472502675,1.37083,-0.1118859426,0.3618102053,1.10216,0.08092713432,-0.1485355865,1.38409,0.05839672365,-0.3110343526,0.719766
0.36,-0.0788258262,0.1474300813,1.37226,-0.1087601638,0.3574569878,1.08476,0.08095498875,-0.1486902928,1.3852,0.05303948288,-0.3078534588,0.703131
0.3605,-0.07887942698,0.1476077251,1.37366,-0.1056443041,0.3531325379,1.06744,0.08098018274,-0.1488434227,1.38627,0.04775187794,-0.3047344855,0.686753
0.361,-0.07893147259,0.1477832135,1.37504,-0.1025388695,0.3488375934,1.05023,0.08100274907,-0.1489950085,1.38732,0.04253670093,-0.3016757878,0.670633
0.3615,-0.07898196821,0.1479565619,1.3764,-0.0994443948,0.3445728791,1.0331,0.08102272642,-0.1491450821,1.38835,0.03739653524,-0.2986756492,0.654773
0.362,-0.07903091942,0.1481277912,1.37773,-0.0963614146,0.3403387164,1.01608,0.08104015309,-0.1492936691,1.38935,0.03233393099,-0.2957300335,0.63917
0.3625,-0.0790783321,0.1482969115,1.37905,-0.09329047214,0.3361362522,0.999155,0.08105506872,-0.1494408017,1.39033,0.0273513516,-0.2928407842,0.623834
0.363,-0.07912421237,0.1484639368,1.38034,-0.09023211947,0.3319663176,0.982337,0.08106751426,-0.1495865086,1.39128,0.02245117033,-0.2900070995,0.608766
0.3635,-0.07916856665,0.1486288839,1.38161,-0.08718691444,0.3278295483,0.965627,0.08107753154,-0.1497308158,1.39221,0.01763568787,-0.2872269332,0.593967
0.364,-0.07921140186,0.1487917701,1.38286,-0.08415540498,0.3237265752,0.949027,0.08108516117,-0.1498737484,1.39312,0.01290723155,-0.2844982648,0.579438
0.3645,-0.07925272486,0.1489526126,1.38408,-0.08113817793,0.3196580244,0.93254,0.08109044875,-0.1500153306,1.39401,0.008267842199,-0.2818190999,0.565179
0.365,-0.07929254293,0.1491114291,1.38529,-0.0781358175,0.3156245169,0.91617,0.08109343944,-0.1501555858,1.39487,0.00371953812,-0.2791874698,0.551191
0.3655,-0.07933086363,0.1492682376,1.38647,-0.07514891722,0.3116266688,0.899918,0.08109417947,-0.1502945366,1.39571,-0.0007357630436,-0.2766014321,0.537472
0.366,-0.07936769481,0.1494230563,1.38763,-0.07217808027,0.3076650913,0.883788,0.08109271611,-0.150432205,1.39653,-0.00509624728,-0.27405907,0.524023
0.3665,-0.07940304467,0.1495759035,1.38877,-0.06922391466,0.3037403909,0.867783,0.08108909718,-0.1505686119,1.39733,-0.009360174899,-0.2715584931,0.510844
0.367,-0.07943692181,0.1497267981,1.38989,-0.06628701534,0.2998531689,0.851905,0.08108336957,-0.1507037774,1.39812,-0.01352576627,-0.2690978365,0.497934
0.3675,-0.07946933496,0.149875759,1.39099,-0.06336802375,0.2960040217,0.836158,0.08107558406,-0.150837721,1.39888,-0.01759158723,-0.2666752615,0.485292
0.368,-0.0795002932,0.1500228054,1.39207,-0.06046757588,0.292193541,0.820543,0.081065791,-0.1509704611,1.39962,-0.02155621562,-0.2642889552,0.472919
0.3685,-0.07952980597,0.150167957,1.39313,-0.05758631722,0.2884223135,0.805065,0.08105404147,-0.1511020156,1.40034,-0.02541833899,-0.2619371309,0.460812
0.369,-0.07955788301,0.1503112334,1.39417,-0.05472490291,0.2846909209,0.789725,0.08104038727,-0.1512324014,1.40104,-0.02917675694,-0.2596180276,0.448971
0.3695,-0.0795845344,0.1504526548,1.39519,-0.05188399113,0.2809999399,0.774527,0.0810248805,-0.1513616346,1.40173,-0.03283033941,-0.2573299103,0.437395
0.37,-0.07960977063,0.1505922414,1.39619,-0.04906422497,0.2773499427,0.759474,0.08100757253,-0.1514897304,1.4024,-0.03637791031,-0.2550710701,0.426082
0.3705,-0.07963360239,0.1507300139,1.39717,-0.04626629825,0.273741496,0.744568,0.08098851748,-0.1516167034,1.40305,-0.03981867674,-0.2528398239,0.415031
0.371,-0.07965604079,0.1508659931,1.39813,-0.04349089669,0.2701751622,0.729813,0.08096776903,-0.1517425672,1.40368,-0.04315184798,-0.2506345146,0.404241
0.3715,-0.07967709724,0.1510002001,1.39907,-0.04073871486,0.2666514982,0.715211,0.08094538124,-0.1518673347,1.4043,-0.04637674671,-0.248453511,0.393708
0.372,-0.07969678355,0.1511326564,1.4,-0.03801045617,0.2631710565,0.700765,0.08092140856,-0.1519910179,1.4049,-0.04949281066,-0.246295208,0.383432
0.3725,-0.07971511183,0.1512633836,1.4009,-0.03530682451,0.2597343843,0.686478,0.08089590549,-0.1521136281,1.40549,-0.05249953899,-0.2441580263,0.37341
0.373,-0.07973209457,0.1513924036,1.40179,-0.03262850778,0.2563420241,0.672353,0.08086892606,-0.1522351757,1.40606,-0.05539638506,-0.2420404126,0.363641
0.3735,-0.07974774462,0.1515197387,1.40265,-0.02997624529,0.2529945135,0.658393,0.08084052575,-0.1523556702,1.40661,-0.05818320103,-0.2399408396,0.35412
0.374,-0.0797620752,0.1516454112,1.4035,-0.02735076582,0.2496923849,0.644601,0.08081075967,-0.1524751204,1.40716,-0.06085983233,-0.2378578058,0.344847
0.3745,-0.07977509989,0.1517694439,1.40433,-0.02475280552,0.2464361662,0.63098,0.08077968297,-0.1525935344,1.40768,-0.06342623607,-0.2357898359,0.335818
0.375,-0.07978683265,0.1518918599,1.40515,-0.02218310773,0.2432263801,0.617533,0.08074735082,-0.1527109192,1.4082,-0.0658824818,-0.2337354803,0.32703
0.3755,-0.07979728777,0.1520126823,1.40594,-0.01964241328,0.2400635445,0.604263,0.08071381826,-0.1528272813,1.4087,-0.06822868784,-0.2316933155,0.31848
0.376,-0.07980647986,0.1521319347,1.40672,-0.01713144686,0.2369481723,0.591172,0.08067914005,-0.152942626,1.40918,-0.07046493196,-0.229661944,0.310165
0.3765,-0.07981442404,0.1522496409,1.40748,-0.01465098177,0.2338807716,0.578263,0.08064337118,-0.1530569582,1.40966,-0.07259168442,-0.227639994,0.302082
0.377,-0.07982113578,0.1523658249,1.40823,-0.01220177875,0.2308618455,0.565541,0.08060656627,-0.1531702817,1.41012,-0.07460940111,-0.2256261199,0.294227
0.3775,-0.0798266309,0.1524805112,1.40896,-0.00978460351,0.2278918922,0.553006,0.0805687797,-0.1532825997,1.41057,-0.0765186425,-0.223619002,0.286597
0.378,-0.07983092565,0.1525937242,1.40967,-0.007400226611,0.224971405,0.540663,0.08053006552,-0.1533939143,1.411,-0.0783200736,-0.2216173465,0.279188
0.3785,-0.07983403657,0.1527054889,1.41037,-0.005049413532,0.2221008723,0.528515,0.08049047751,-0.1535042271,1.41143,-0.0800143983,-0.2196198856,0.271995
0.379,-0.07983598052,0.1528158303,1.41105,-0.002732915505,0.2192807775,0.516563,0.08045006924,-0.1536135386,1.41185,-0.08160229856,-0.2176253773,0.265015
0.3795,-0.07983677498,0.1529247742,1.41172,-0.0004515236676,0.2165115953,0.504812,0.08040889344,-0.153721846,1.41225,-0.08308480289,-0.2156325807,0.258244
0.38,-0.0798364377,0.1530323491,1.41237,0.00179398395,0.2137937246,0.493264,0.0803670025,-0.1538291152,1.41265,-0.0844629284,-0.2136402747,0.251678
0.3805,-0.07983498687,0.1531385776,1.413,0.004002827156,0.2111277196,0.481921,0.08032444825,-0.1539354129,1.41303,-0.08573778564,-0.2116483076,0.245313
0.381,-0.07983244105,0.1532434859,1.41362,0.00617422392,0.2085140579,0.470788,0.08028128189,-0.1540407336,1.41341,-0.0869105778,-0.2096557772,0.239146
0.3815,-0.07982881889,0.1533471003,1.41423,0.008307425512,0.2059532157,0.459866,0.08023755501,-0.1541450715,1.41377,-0.08798235897,-0.2076618602,0.233173
0.382,-0.07982413982,0.1534494474,1.41482,0.01040164229,0.2034456675,0.449159,0.08019331729,-0.1542484216,1.41413,-0.08895454919,-0.2056658123,0.22739
0.3825,-0.07981842356,0.1535505542,1.4154,0.01245609658,0.2009918864,0.43867,0.08014861806,-0.1543507789,1.41448,-0.08982856989,-0.203666968,0.221793
0.383,-0.07981169022,0.1536504475,1.41596,0.01447001381,0.1985923439,0.428401,0.08010350591,-0.1544521388,1.41481,-0.09060590662,-0.2016647407,0.216377
0.3835,-0.07980396029,0.1537491548,1.41652,0.0164426211,0.1962475101,0.418355,0.08005802863,-0.1545524969,1.41515,-0.09128812054,-0.1996586227,0.211139
0.384,-0.07979525452,0.1538467035,1.41705,0.01837315696,0.1939578532,0.408536,0.08001223385,-0.1546518491,1.41547,-0.09187677814,-0.1976481853,0.206076
0.3845,-0.07978559405,0.1539431214,1.41758,0.02026086196,0.1917238404,0.398946,0.07996616828,-0.1547501915,1.41578,-0.09237352218,-0.1956330786,0.201182
0.385,-0.07977500059,0.1540384364,1.41809,0.02210497073,0.1895459369,0.389588,0.07991987695,-0.1548475207,1.41609,-0.0927801315,-0.1936130315,0.196454
0.3855,-0.07976349615,0.1541326766,1.4186,0.0239047275,0.1874246065,0.380465,0.07987340437,-0.1549438335,1.41639,-0.09309840894,-0.1915878521,0.191888
0.386,-0.07975110313,0.1542258706,1.41909,0.02565938142,0.1853603116,0.371579,0.0798267941,-0.1550391267,1.41669,-0.09333021677,-0.1895574271,0.18748
0.3865,-0.07973784427,0.1543180468,1.41957,0.02736818901,0.183353513,0.362934,0.07978008886,-0.1551333978,1.41697,-0.09347745988,-0.1875217222,0.183227
0.387,-0.07972374245,0.1544092343,1.42003,0.02903042287,0.1814046698,0.354532,0.07973333156,-0.1552266444,1.41725,-0.09354201864,-0.1854807821,0.179125
0.3875,-0.0797088213,0.154499462,1.42049,0.0306453479,0.1795142397,0.346376,0.07968656227,-0.1553188642,1.41753,-0.09352593868,-0.1834347302,0.17517
0.388,-0.07969310467,0.1545887592,1.42094,0.03221224241,0.1776826789,0.338469,0.0796398207,-0.1554100555,1.4178,-0.09343126575,-0.1813837689,0.171359
0.3885,-0.0796766168,0.1546771555,1.42137,0.03373039308,0.175910442,0.330813,0.07959314546,-0.1555002166,1.41806,-0.09326008792,-0.1793281796,0.167687
0.389,-0.07965938228,0.1547646807,1.4218,0.03519909553,0.1741979821,0.323411,0.07954657404,-0.1555893464,1.41832,-0.09301453287,-0.1772683224,0.164153
0.3895,-0.07964142579,0.1548513647,1.42222,0.03661766505,0.1725457506,0.316266,0.07950014418,-0.1556774437,1.41857,-0.09269668104,-0.1752046365,0.160751
0.39,-0.07962277262,0.1549372378,1.42262,0.03798541823,0.1709541977,0.309381,0.0794538912,-0.1557645078,1.41881,-0.09230871989,-0.1731376398,0.15748
0.3905,-0.07960344842,0.1550223302,1.42302,0.03930168294,0.1694237718,0.302757,0.07940784926,-0.1558505383,1.41905,-0.09185286336,-0.1710679291,0.154336
0.391,-0.07958347914,0.1551066728,1.42341,0.04056580078,0.1679549198,0.296399,0.07936205157,-0.155935535,1.41929,-0.09133133415,-0.1689961804,0.151315
0.3915,-0.07956289106,0.1551902964,1.42379,0.04177712593,0.166548087,0.290307,0.07931653017,-0.156019498,1.41952,-0.09074637477,-0.1669231483,0.148416
0.392,-0.07954171065,0.1552732321,1.42417,0.04293502856,0.1652037175,0.284485,0.07927131662,-0.1561024277,1.41975,-0.09010021673,-0.1648496663,0.145635
0.3925,-0.07951996463,0.1553555112,1.42454,0.04403889471,0.1639222534,0.278935,0.0792264418,-0.1561843248,1.41997,-0.0893950852,-0.162776647,0.14297
0.393,-0.0794976803,0.1554371652,1.4249,0.0450881198,0.1627041355,0.273659,0.07918193382,-0.1562651902,1.42019,-0.08863326774,-0.1607050817,0.140418
0.3935,-0.07947488518,0.155518226,1.42525,0.04608211727,0.1615498031,0.268661,0.07913782032,-0.156345025,1.42041,-0.0878170302,-0.1586360407,0.137977
0.394,-0.07945160705,0.1555987256,1.4256,0.04702031685,0.1604596939,0.263942,0.0790941277,-0.1564238309,1.42062,-0.086948638,-0.1565706732,0.135645
0.3945,-0.07942787401,0.1556786962,1.42594,0.04790216511,0.1594342441,0.259504,0.07905088123,-0.1565016096,1.42083,-0.08603035179,-0.1545102072,0.13342
0.395,-0.07940371403,0.1557581701,1.42627,0.048727125,0.1584738883,0.25535,0.07900810706,-0.1565783632,1.42103,-0.08506440353,-0.1524559498,0.1313
0.3955,-0.0793791559,0.1558371802,1.4266,0.04949467933,0.1575790596,0.251482,0.07896582736,-0.156654094,1.42123,-0.08405304121,-0.1504092867,0.129283
0.396,-0.07935422847,0.1559157593,1.42693,0.05020432915,0.1567501895,0.247902,0.07892406414,-0.1567288046,1.42143,-0.08299848702,-0.1483716827,0.127367
0.3965,-0.07932896083,0.1559939405,1.42725,0.05085559511,0.1559877081,0.244613,0.07888283826,-0.1568024979,1.42163,-0.08190294399,-0.1463446816,0.125553
0.397,-0.07930338237,0.1560717573,1.42757,0.05144801807,0.1552920439,0.241616,0.07884216937,-0.1568751772,1.42182,-0.08076859242,-0.1443299058,0.123837
0.3975,-0.07927752242,0.1561492447,1.42788,0.05198115443,0.1546637215,0.238913,0.0788020773,-0.1569468399,1.42201,-0.07959759945,-0.1423297062,0.122222
0.398,-0.07925141072,0.156226436,1.42819,0.05245458502,0.1541030231,0.236507,0.07876257996,-0.1570174991,1.4222,-0.07839209527,-0.140345242,0.120704
0.3985,-0.07922507733,0.1563033623,1.4285,0.05286791475,0.1536101343,0.234399,0.07872369353,-0.1570871758,1.42239,-0.0771541719,-0.1383770038,0.119281
0.399,-0.07919855241,0.1563800579,1.4288,0.05322076925,0.1531854897,0.23259,0.07868543354,-0.1571558773,1.42257,-0.07588588957,-0.1364271015,0.117953
0.3995,-0.07917186633,0.1564565576,1.4291,0.05351279723,0.1528295122,0.231082,0.07864781442,-0.1572236118,1.42275,-0.07458926903,-0.1344976695,0.11672
0.4,-0.07914504956,0.1565328962,1.4294,0.05374366786,0.152542613,0.229877,0.07861085,-0.1572903891,1.42293,-0.07326629986,-0.132590867,0.115583
0.4005,-0.07911813256,0.1566091086,1.4297,0.05391306787,0.1523251919,0.228977,0.07857455411,-0.1573562199,1.42311,-0.07191894998,-0.1307088778,0.114541
0.401,-0.07909114629,0.1566852299,1.43,0.05402072055,0.1521776369,0.228384,0.0785389376,-0.1574211166,1.42329,-0.07054909473,-0.1288539103,0.113596
0.4015,-0.0790641217,0.1567612951,1.4303,0.05406636917,0.1521003243,0.228097,0.07850401114,-0.1574850926,1.42346,-0.06915857662,-0.1270281978,0.112748
0.402,-0.0790370899,0.1568373398,1.4306,0.05404978246,0.1520936188,0.22812,0.0784697844,-0.1575481625,1.42364,-0.06774918382,-0.125233998,0.111998
0.4025,-0.07901008209,0.1569133992,1.43089,0.05397075525,0.1521578736,0.228454,0.07843626611,-0.1576103423,1.42381,-0.06632264687,-0.1234735934,0.111348
0.403,-0.07898312931,0.1569895091,1.43119,0.05382909247,0.1522934302,0.229099,0.07840346584,-0.1576716494,1.42398,-0.06488070466,-0.1217492913,0.110798
0.4035,-0.07895626304,0.1570657051,1.43149,0.05362464466,0.1525006183,0.230057,0.07837139018,-0.1577321022,1.42415,-0.06342495469,-0.1200634234,0.110349
0.404,-0.07892951472,0.157142023,1.43179,0.05335728408,0.1527797563,0.231328,0.07834004547,-0.1577917206,1.42432,-0.06195695248,-0.1184183463,0.110004
0.4045,-0.07890291587,0.1572184989,1.43209,0.05302690952,0.1531311506,0.232914,0.07830943728,-0.1578505255,1.42449,-0.06047819034,-0.1168164411,0.109764
0.405,-0.07887649805,0.1572951688,1.4324,0.05263344771,0.1535550963,0.234816,0.07827957042,-0.1579085394,1.42466,-0.05899009081,-0.1152601136,0.109631
0.4055,-0.07885029274,0.157372069,1.43271,0.05217684267,0.1540518766,0.237035,0.07825044973,-0.1579657858,1.42483,-0.05749405465,-0.1137517943,0.109608
0.406,-0.07882433144,0.1574492359,1.43302,0.05165706791,0.1546217632,0.23957,0.07822207926,-0.1580222896,1.425,-0.05599140426,-0.1122939385,0.109695
0.4065,-0.07879864583,0.157526706,1.43333,0.05107413683,0.1552650162,0.242423,0.07819446148,-0.1580780769,1.42517,-0.05448333509,-0.110889026,0.109896
0.407,-0.07877326749,0.1576045159,1.43365,0.05042808549,0.1559818839,0.245594,0.07816759872,-0.1581331751,1.42534,-0.05297099418,-0.1095395613,0.110213
0.4075,-0.07874822799,0.1576827024,1.43397,0.04971897907,0.1567726032,0.249084,0.07814149267,-0.158187613,1.42551,-0.05145544984,-0.1082480735,0.11065
0.408,-0.07872355884,0.1577613024,1.4343,0.04894690848,0.1576373992,0.252892,0.07811614463,-0.1582414204,1.42568,-0.04993770749,-0.1070171165,0.111208
0.4085,-0.07869929136,0.1578403529,1.43463,0.04811197433,0.1585764854,0.25702,0.0780915564,-0.1582946286,1.42586,-0.0484187873,-0.1058492689,0.111892
0.409,-0.07867545704,0.1579198911,1.43497,0.04721433617,0.1595900636,0.261467,0.07806772775,-0.15834727,1.42603,-0.04689948357,-0.1047471338,0.112705
0.4095,-0.07865208719,0.1579999542,1.43531,0.04625417144,0.1606783242,0.266233,0.0780446586,-0.1583993784,1.42621,-0.0453805643,-0.1037133391,0.11365
0.41,-0.07862921304,0.1580805798,1.43566,0.04523168721,0.1618414457,0.271318,0.07802234849,-0.1584509889,1.42638,-0.04386271341,-0.1027505373,0.114732
0.4105,-0.07860686571,0.1581618054,1.43602,0.04414712041,0.1630795952,0.276722,0.07800079655,-0.1585021377,1.42656,-0.04234652884,-0.1018614056,0.115953
0.411,-0.0785850761,0.1582436686,1.43638,0.04300071452,0.1643929278,0.282446,0.07798000241,-0.1585528624,1.42674,-0.04083263925,-0.1010486459,0.117319
0.4115,-0.07856387509,0.1583262073,1.43676,0.04179276405,0.1657815875,0.288487,0.07795996466,-0.1586032017,1.42692,-0.03932148017,-0.1003149846,0.118834
0.412,-0.07854329338,0.1584094595,1.43714,0.0405235927,0.1672457062,0.294847,0.07794068169,-0.1586531959,1.42711,-0.03781340301,-0.09966317309,0.120503
0.4125,-0.0785233615,0.1584934632,1.43752,0.03919354966,0.1687854043,0.301524,0.07792215182,-0.1587028862,1.4273,-0.03630869324,-0.09909598714,0.122329
0.413,-0.0785041098,0.1585782566,1.43792,0.03780301366,0.1704007908,0.308518,0.07790437323,-0.1587523153,1.42749,-0.0348075494,-0.0986162273,0.124319
0.4135,-0.07848556843,0.1586638843,1.43833,0.03635238148,0.1720922216,0.315828,0.07788734419,-0.1588015451,1.42768,-0.03331014108,-0.09822831309,0.126481
0.414,-0.07846776731,0.1587503724,1.43874,0.03484207159,0.1738592459,0.323454,0.07787106305,-0.1588505911,1.42788,-0.03181658999,-0.09793161318,0.128813
0.4145,-0.07845073617,0.1588377596,1.43917,0.03327255429,0.1757019321,0.331393,0.07785552771,-0.1588995027,1.42808,-0.03032681587,-0.09772898545,0.13132
0.415,-0.07843450449,0.1589260849,1.43961,0.03164431796,0.1776203298,0.339645,0.07784073628,-0.1589483307,1.42829,-0.02884070779,-0.09762325242,0.13401
0.4155,-0.07841910152,0.159015387,1.44006,0.02995787952,0.1796144637,0.348209,0.07782668694,-0.1589971268,1.4285,-0.02735807057,-0.09761716653,0.136887
0.416,-0.0784045562,0.1591057046,1.44052,0.02821378304,0.181684334,0.357083,0.07781337799,-0.1590459436,1.42871,-0.02587863105,-0.09771341014,0.139956
0.4165,-0.07839089726,0.159197076,1.44099,0.02641257031,0.1838299162,0.366266,0.077800808,-0.1590948344,1.42893,-0.02440218911,-0.09791459551,0.143225
0.417,-0.0783781531,0.1592895395,1.44147,0.02455485081,0.1860511611,0.375756,0.07778897555,-0.1591438537,1.42915,-0.02292825739,-0.09822326481,0.146698
0.4175,-0.07836635179,0.1593831333,1.44197,0.02264124605,0.188347995,0.385553,0.07777787952,-0.1591930567,1.42938,-0.02145634696,-0.09864189012,0.150381
0.418,-0.07835552111,0.1594778953,1.44248,0.02067240436,0.1907203195,0.395654,0.07776751903,-0.1592424995,1.42962,-0.01998589079,-0.09917287343,0.154281
0.4185,-0.07834568851,0.1595738634,1.443,0.01864900073,0.1931680115,0.406057,0.07775789355,-0.1592922393,1.42986,-0.01851624388,-0.09981854664,0.158402
0.419,-0.07833688115,0.1596710751,1.44354,0.01657171651,0.1956909234,0.41676,0.07774900269,-0.1593423341,1.43011,-0.01704678762,-0.1005811716,0.162751
0.4195,-0.07832912579,0.159769568,1.44409,0.01444127037,0.1982888828,0.427762,0.07774084654,-0.1593928426,1.43037,-0.01557676961,-0.1014629399,0.167333
0.42,-0.07832244879,0.1598693796,1.44465,0.01225841424,0.2009616928,0.439059,0.0777334257,-0.1594438247,1.43063,-0.0141053238,-0.1024659734,0.172154
0.4205,-0.07831687615,0.1599705468,1.44523,0.01002391805,0.2037091318,0.450651,0.07772674114,-0.159495341,1.4309,-0.01263154887,-0.1035923234,0.17722
0.421,-0.07831243347,0.1600731069,1.44583,0.007738575969,0.2065309535,0.462534,0.07772079435,-0.1595474532,1.43118,-0.01115447562,-0.1048439715,0.182536
0.4215,-0.078309146,0.1601770968,1.44644,0.005403198594,0.2094268871,0.474706,0.07771558713,-0.1596002238,1.43146,-0.009673106685,-0.106222829,0.188109
0.422,-0.07830703865,0.160282553,1.44706,0.003018604713,0.2123966371,0.487164,0.07771112151,-0.159653716,1.43176,-0.008186458699,-0.1077307372,0.193943
0.4225,-0.07830613573,0.1603895123,1.44771,0.0005856631778,0.2154398833,0.499905,0.07770740074,-0.1597079943,1.43206,-0.00669334512,-0.1093694673,0.200045
0.423,-0.07830646118,0.1604980111,1.44837,-0.001894746973,0.2185562809,0.512928,0.07770442841,-0.1597631239,1.43238,-0.005192582025,-0.1111407203,0.20642
0.4235,-0.07830803847,0.1606080857,1.44904,-0.004421725499,0.2217454606,0.526227,0.07770220877,-0.1598191707,1.4327,-0.003682930569,-0.1130461273,0.213073
0.424,-0.07831089064,0.1607197721,1.44974,-0.006994351341,0.2250070282,0.539802,0.07770074671,-0.1598762019,1.43304,-0.002163098484,-0.1150872492,0.220011
0.4245,-0.07831504048,0.1608331064,1.45045,-0.009611708883,0.2283405651,0.553648,0.07770004679,-0.1599342853,1.43339,-0.0006318747192,-0.1172655767,0.227239
0.425,-0.07832051,0.1609481244,1.45118,-0.0122728336,0.2317456279,0.567762,0.07770011552,-0.1599934897,1.43374,0.0009121508525,-0.1195825307,0.234761
0.4255,-0.07832732083,0.1610648618,1.45193,-0.01497675097,0.2352217486,0.582142,0.07770095976,-0.1600538849,1.43411,0.002470387705,-0.1220394618,0.242584
0.426,-0.07833549407,0.161183354,1.4527,-0.01772247001,0.2387684347,0.596782,0.0777025871,-0.1601155415,1.43449,0.00404427828,-0.1246376505,0.250712
0.4265,-0.07834505034,0.1613036364,1.45349,-0.02050898252,0.2423851689,0.611681,0.07770500591,-0.160178531,1.43489,0.005635302629,-0.1273783073,0.259152
0.427,-0.07835600989,0.1614257442,1.45429,-0.02333527512,0.2460714093,0.626834,0.07770822465,-0.1602429259,1.4353,0.007244917587,-0.1302625725,0.267907
0.4275,-0.07836839243,0.1615497126,1.45512,-0.0262003175,0.2498265893,0.642237,0.07771225266,-0.1603087993,1.43572,0.008874616937,-0.1332915164,0.276984
0.428,-0.07838221696,0.1616755763,1.45597,-0.02910305285,0.2536501179,0.657887,0.07771710086,-0.1603762257,1.43615,0.01052598058,-0.1364661393,0.286386
0.4285,-0.07839750204,0.1618033701,1.45684,-0.03204241667,0.2575413792,0.67378,0.07772278059,-0.1604452801,1.4366,0.01220057953,-0.1397873712,0.29612
0.429,-0.07841426566,0.1619331334,1.45772,-0.03501733109,0.2614997409,0.689912,0.07772930406,-0.1605160625,1.43707,0.01390000505,-0.1432561395,0.306189
0.4295,-0.07843252533,0.1620648921,1.45863,-0.03802670812,0.26552454,0.706278,0.07773668409,-0.1605886144,1.43755,0.01562585314,-0.1468727727,0.316598
0.43,-0.07845229827,0.1621986757,1.45957,-0.04106946141,0.269615061,0.722875,0.07774493311,-0.1606629925,1.43805,0.01737966672,-0.1506376799,0.32735
0.4305,-0.07847360071,0.1623345179,1.46052,-0.04414447356,0.2737705639,0.739699,0.07775406633,-0.1607392767,1.43857,0.01916309769,-0.1545512953,0.33845
0.431,-0.07849644847,0.1624724521,1.46149,-0.04725062505,0.2779902826,0.756744,0.07776409908,-0.1608175461,1.4391,0.02097776435,-0.1586139402,0.3499
0.4315,-0.07852085679,0.1626125111,1.46249,-0.05038678706,0.2822734251,0.774007,0.07777504756,-0.1608978792,1.43965,0.02282528706,-0.1628258232,0.361706
0.432,-0.07854684035,0.1627547271,1.46351,-0.05355182222,0.2866191734,0.791482,0.07778692888,-0.1609803539,1.44022,0.02470728521,-0.1671870402,0.37387
0.4325,-0.07857441355,0.1628991317,1.46455,-0.05674459555,0.2910266834,0.809166,0.07779975949,-0.1610650473,1.44081,0.02662532647,-0.1716975743,0.386395
0.433,-0.07860358991,0.163045756,1.46562,-0.0599639559,0.2954950849,0.827053,0.07781355814,-0.161152036,1.44142,0.02858101319,-0.1763572959,0.399283
0.4335,-0.07863438234,0.1631946304,1.46671,-0.06320874634,0.3000234819,0.845139,0.07782834441,-0.1612413959,1.44204,0.03057593432,-0.1811659625,0.412539
0.434,-0.07866680325,0.1633457849,1.46782,-0.06647780655,0.3046109523,0.863419,0.07784413847,-0.1613332023,1.44269,0.03261165466,-0.1861232192,0.426163
0.4345,-0.0787008644,0.1634992489,1.46896,-0.06976997183,0.3092565479,0.881888,0.07786096137,-0.1614275297,1.44336,0.03468971939,-0.191228598,0.440159
0.435,-0.07873657717,0.1636550512,1.47012,-0.07308407653,0.3139592948,0.900541,0.07787883423,-0.161524452,1.44406,0.03681164071,-0.1964815183,0.454528
0.4355,-0.0787739524,0.1638132199,1.47131,-0.07641895392,0.3187181927,0.919373,0.07789777856,-0.1616240425,1.44477,0.03897889774,-0.2018812868,0.46927
0.436,-0.07881300002,0.1639737828,1.47252,-0.0797734303,0.3235322155,0.938379,0.07791781814,-0.1617263738,1.44551,0.04119295882,-0.2074270973,0.484389
0.4365,-0.07885372951,0.164136767,1.47375,-0.0831463333,0.3284003111,0.957553,0.0779389769,-0.161831518,1.44627,0.04345524923,-0.2131180311,0.499884
0.437,-0.07889614972,0.164302199,1.47502,-0.08653649037,0.3333214014,0.976891,0.0779612795,-0.1619395463,1.44706,0.04576715665,-0.2189530566,0.515757
0.4375,-0.07894026895,0.1644701047,1.4763,-0.08994272953,0.3382943821,0.996387,0.07798475133,-0.1620505293,1.44787,0.04813002812,-0.2249310294,0.532008
0.438,-0.07898609533,0.1646405096,1.47761,-0.09336388113,0.3433181232,1.01604,0.07800941655,-0.1621645372,1.4487,0.05054517331,-0.2310506925,0.548636
0.4385,-0.07903363577,0.1648134385,1.47895,-0.09679877641,0.3483914684,1.03583,0.07803530263,-0.1622816391,1.44957,0.05301384528,-0.237310676,0.565642
0.439,-0.07908289684,0.1649889157,1.48031,-0.10024625,0.3535132355,1.05577,0.07806243676,-0.1624019039,1.45046,0.05553724965,-0.2437094974,0.583026
0.4395,-0.07913388448,0.1651669649,1.4817,-0.1037051404,0.3586822165,1.07585,0.07809084678,-0.1625253996,1.45137,0.05811653795,-0.2502455614,0.600785
0.44,-0.07918660405,0.1653476091,1.48312,-0.1071742905,0.3638971771,1.09605,0.0781205612,-0.1626521935,1.45232,0.06075280417,-0.25691716,0.61892
0.4405,-0.07924106062,0.1655308711,1.48456,-0.1106525452,0.369156857,1.11638,0.07815160784,-0.1627823524,1.45329,0.06344710809,-0.2637224723,0.637428
0.441,-0.07929725846,0.1657167727,1.48603,-0.1141387574,0.3744599701,1.13683,0.07818401588,-0.1629159424,1.45429,0.06620043078,-0.2706595648,0.656308
0.4415,-0.07935520115,0.1659053355,1.48752,-0.1176317878,0.3798052042,1.1574,0.07821781556,-0.1630530289,1.45532,0.06901367669,-0.2777263912,0.675557
0.442,-0.07941489178,0.1660965803,1.48904,-0.1211305035,0.3851912211,1.17807,0.0782530372,-0.1631936767,1.45638,0.07188769003,-0.2849207926,0.695174
0.4425,-0.07947633286,0.1662905274,1.49059,-0.1246337799,0.3906166564,1.19884,0.07828971161,-0.1633379499,1.45747,0.07482324313,-0.2922404971,0.715154
0.443,-0.07953952642,0.1664871965,1.49217,-0.1281404983,0.3960801199,1.21971,0.07832786959,-0.1634859119,1.4586,0.07782105193,-0.2996831202,0.735495
0.4435,-0.07960447416,0.1666866069,1.49377,-0.1316495441,0.4015801955,1.24068,0.07836754143,-0.1636376257,1.45975,0.08088179222,-0.3072461647,0.756194
0.444,-0.07967117678,0.1668887771,1.4954,-0.135159823,0.4071154408,1.26172,0.07840875947,-0.1637931532,1.46094,0.08400599265,-0.3149270205,0.777245
0.4445,-0.07973963459,0.1670937261,1.49706,-0.1386702469,0.4126841885,1.28285,0.0784515557,-0.163952566,1.46216,0.08719412932,-0.3227218547,0.798644
0.445,-0.07980984736,0.1673014707,1.49875,-0.1421797391,0.4182847373,1.30404,0.07849596235,-0.1641159325,1.46341,0.09044659477,-0.330626237,0.820381
0.4455,-0.07988181428,0.1675120214,1.50046,-0.1456872349,0.423916532,1.32531,0.07854201192,-0.1642832616,1.4647,0.09376369505,-0.338642275,0.842461
0.446,-0.07995553441,0.167725394,1.5022,-0.1491916669,0.4295779726,1.34663,0.07858973557,-0.1644546121,1.46602,0.09714574604,-0.3467665318,0.864879
0.4465,-0.0800310058,0.1679416033,1.50397,-0.1526919986,0.4352674522,1.36802,0.07863916642,-0.1646300409,1.46737,0.1005928605,-0.3549955245,0.887628
0.447,-0.0801082261,0.1681606633,1.50577,-0.1561872017,0.4409833573,1.38945,0.07869033717,-0.1648096024,1.46877,0.1041050934,-0.3633257241,0.9107
0.4475,-0.08018719246,0.1683825871,1.50759,-0.1596762611,0.4467240675,1.41092,0.0787432805,-0.1649933489,1.47019,0.1076824125,-0.3717535559,0.93409
0.448,-0.08026790151,0.168607387,1.50945,-0.1631581764,0.4524879558,1.43244,0.0787980291,-0.1651813307,1.47166,0.1113246909,-0.3802753993,0.95779
0.4485,-0.08035034954,0.1688350744,1.51133,-0.1666319521,0.4582733883,1.45398,0.078854615,-0.1653735956,1.47316,0.1150317694,-0.3888875877,0.981791
0.449,-0.08043453233,0.1690656597,1.51324,-0.1700966094,0.4640787243,1.47555,0.07891307024,-0.1655701896,1.4747,0.1188033848,-0.3975864085,1.00609
0.4495,-0.08052044496,0.1692991528,1.51517,-0.1735511954,0.4699023164,1.49714,0.07897342736,-0.1657711562,1.47627,0.1226391127,-0.4063681035,1.03067
0.45,-0.08060808214,0.1695355623,1.51714,-0.1769947681,0.4757425104,1.51874,0.07903571838,-0.1659765368,1.47789,0.126538466,-0.4152288681,1.05553
0.4505,-0.08069743809,0.1697748962,1.51913,-0.1804264017,0.4815976453,1.54034,0.07909997509,-0.1661863706,1.47954,0.1305008582,-0.4241648523,1.08066
0.451,-0.08078850661,0.1700171616,1.52115,-0.1838451844,0.4874660535,1.56195,0.07916622889,-0.1664006948,1.48123,0.1345256236,-0.4331721598,1.10605
0.4515,-0.08088128125,0.1702623647,1.5232,-0.187250204,0.4933460603,1.58356,0.07923451014,-0.1666195442,1.48297,0.1386121043,-0.4422468487,1.13169
0.452,-0.08097575478,0.1705105108,1.52528,-0.1906405922,0.4992359845,1.60515,0.0793048499,-0.1668429515,1.48474,0.1427593803,-0.4513849308,1.15758
0.4525,-0.08107191965,0.1707616045,1.52739,-0.1940154881,0.505134138,1.62672,0.07937727835,-0.1670709472,1.48655,0.1469664956,-0.4605823724,1.18369
0.453,-0.08116976788,0.1710156494,1.52952,-0.1973740489,0.5110388261,1.64828,0.07945182523,-0.1673035596,1.4884,0.1512323945,-0.4698350936,1.21003
0.4535,-0.08126929105,0.1712726481,1.53168,-0.20071545,0.516948347,1.6698,0.07952851973,-0.1675408149,1.4903,0.1555559199,-0.4791389687,1.23658
0.454,-0.08137048052,0.1715326028,1.53388,-0.2040388647,0.5228609925,1.69129,0.07960739008,-0.167782737,1.49223,0.1599359412,-0.4884898261,1.26333
0.4545,-0.08147332707,0.1717955142,1.53609,-0.2073435042,0.5287750473,1.71274,0.07968846424,-0.1680293478,1.49421,0.164371111,-0.4978834483,1.29028
0.455,-0.08157782107,0.1720613828,1.53834,-0.2106285979,0.5346887897,1.73414,0.07977176952,-0.1682806667,1.49623,0.1688599872,-0.5073155716,1.3174
0.4555,-0.08168395255,0.1723302076,1.54061,-0.2138933907,0.5406004908,1.75549,0.0798573324,-0.1685367113,1.49829,0.1734010512,-0.5167818869,1.34469
0.456,-0.08179171116,0.1726019873,1.54292,-0.2171371463,0.5465084152,1.77679,0.07994517861,-0.1687974967,1.50039,0.1779926869,-0.5262780389,1.37214
0.4565,-0.08190108621,0.1728767193,1.54525,-0.2203591377,0.5524108207,1.79802,0.08003533301,-0.169063036,1.50254,0.1826332429,-0.5357996262,1.39973
0.457,-0.08201206671,0.1731544005,1.5476,-0.2235586501,0.5583059582,1.81918,0.08012781961,-0.16933334,1.50472,0.1873210118,-0.5453422019,1.42746
0.4575,-0.08212464121,0.1734350266,1.54999,-0.2267350086,0.5641920721,1.84026,0.08022266153,-0.1696084175,1.50695,0.1920540714,-0.5549012728,1.4553
0.458,-0.08223879794,0.1737185926,1.5524,-0.2298875477,0.5700673997,1.86127,0.08031988091,-0.1698882749,1.50923,0.1968304642,-0.5644723001,1.48325
0.4585,-0.08235452483,0.1740050928,1.55484,-0.2330156211,0.5759301717,1.88219,0.08041949889,-0.1701729165,1.51155,0.2016481424,-0.5740506988,1.5113
0.459,-0.08247180947,0.1742945203,1.55731,-0.2361186005,0.581778612,1.90302,0.08052153556,-0.1704623444,1.51391,0.2065049756,-0.5836318384,1.53943
0.4595,-0.08259063923,0.1745868675,1.5598,-0.2391958498,0.5876109377,1.92375,0.08062601028,-0.1707565586,1.51631,0.2113989046,-0.5932110419,1.56763
0.46,-0.08271100105,0.1748821261,1.56232,-0.2422467875,0.5934253593,1.94437,0.0807329408,-0.1710555569,1.51876,0.2163275758,-0.6027835869,1.59588
0.4605,-0.08283288163,0.1751802866,1.56487,-0.2452708372,0.5992200803,1.96489,0.08084234385,-0.1713593348,1.52125,0.2212886326,-0.6123447049,1.62418
0.461,-0.08295626739,0.175481339,1.56744,-0.2482674412,0.6049932974,1.9853,0.08095423497,-0.1716678857,1.52379,0.2262796392,-0.6218895814,1.6525
0.4615,-0.08308114447,0.1757852721,1.57004,-0.2512360602,0.6107432008,2.00558,0.0810686284,-0.1719812009,1.52637,0.2312980807,-0.6314133561,1.68083
0.462,-0.08320749873,0.176092074,1.57267,-0.2541761559,0.6164679737,2.02574,0.08118553764,-0.1722992693,1.52899,0.2363414681,-0.6409111227,1.70916
0.4625,-0.08333531579,0.176401732,1.57532,-0.2570872185,0.6221657927,2.04577,0.08130497451,-0.1726220778,1.53166,0.241407179,-0.6503779292,1.73747
0.463,-0.08346458103,0.1767142267,1.578,-0.2599687632,0.627834563,2.06567,0.08142694926,-0.1729495959,1.53437,0.2464924805,-0.6598072437,1.76575
0.4635,-0.08359527955,0.1770295405,1.58071,-0.2628203167,0.6334726323,2.08542,0.08155147092,-0.173281802,1.53713,0.2515946066,-0.66919432,1.79398
0.464,-0.08372739627,0.1773476731,1.58344,-0.2656414233,0.6390790595,2.10503,0.08167854705,-0.1736187153,1.53993,0.2567107267,-0.6785387937,1.82216
0.4645,-0.08386091582,0.1776686062,1.5862,-0.268431638,0.6446520175,2.12449,0.08180818408,-0.1739603075,1.54277,0.2618379847,-0.6878355042,1.85026
0.465,-0.08399582263,0.1779923214,1.58898,-0.27119052,0.6501897025,2.14379,0.08194038751,-0.1743065486,1.54565,0.2669735388,-0.6970793723,1.87827
0.4655,-0.08413210096,0.178318799,1.59178,-0.2739176686,0.6556903334,2.16294,0.08207516021,-0.1746574065,1.54858,0.2721143576,-0.7062653999,1.90619
0.466,-0.08426973485,0.1786480192,1.59461,-0.276612689,0.6611521524,2.18191,0.08221250394,-0.1750128475,1.55156,0.2772574158,-0.71538867,1.93398
0.4665,-0.08440870815,0.1789799611,1.59747,-0.2792752024,0.6665734244,2.20072,0.08235241891,-0.1753728359,1.55457,0.2823996405,-0.7244443468,1.96164
0.467,-0.08454900453,0.1793146032,1.60035,-0.2819048453,0.6719524376,2.21936,0.08249490371,-0.1757373342,1.55763,0.2875379133,-0.7334276758,1.98916
0.4675,-0.08469060737,0.1796519234,1.60326,-0.2845012479,0.677287503,2.23781,0.08263995682,-0.1761063032,1.56073,0.2926691942,-0.7423339835,2.01651
0.468,-0.08483350002,0.1799918987,1.60618,-0.2870640803,0.6825769546,2.25608,0.08278757329,-0.1764797017,1.56387,0.2977902665,-0.7511586776,2.04368
0.4685,-0.08497766562,0.1803345056,1.60914,-0.2895930191,0.6878191496,2.27416,0.08293774705,-0.1768574866,1.56706,0.302897921,-0.7598972471,2.07065
0.469,-0.08512308717,0.1806797199,1.61211,-0.2920877537,0.693012468,2.29205,0.08309047042,-0.1772396132,1.57028,0.3079889255,-0.768545262,2.09742
0.4695,-0.08526974751,0.1810275166,1.61511,-0.2945479871,0.6981553128,2.30974,0.08324573403,-0.1776260347,1.57355,0.3130600216,-0.7770983735,2.12397
0.47,-0.08541762926,0.18137787,1.61813,-0.2969734257,0.7032461102,2.32723,0.08340352775,-0.1780167027,1.57686,0.3181079782,-0.7855523141,2.15027
0.4705,-0.0855667149,0.1817307538,1.62118,-0.2993637899,0.7082833092,2.34451,0.0835638396,-0.1784115669,1.58021,0.3231295401,-0.7939028973,2.17633
0.471,-0.0857169869,0.1820861408,1.62424,-0.3017188211,0.7132653818,2.36158,0.08372665495,-0.1788105749,1.5836,0.328121388,-0.8021460179,2.20211
0.4715,-0.08586842755,0.1824440034,1.62733,-0.3040382673,0.7181908232,2.37844,0.08389195796,-0.1792136727,1.58703,0.3330802207,-0.8102776517,2.22762
0.472,-0.08602101901,0.1828043132,1.63044,-0.3063218875,0.7230581514,2.39508,0.08405973107,-0.1796208046,1.59049,0.3380027308,-0.8182938559,2.25282
0.4725,-0.08617474331,0.1831670409,1.63358,-0.3085694493,0.7278659075,2.41149,0.08422995526,-0.1800319128,1.594,0.3428856187,-0.8261907687,2.27772
0.473,-0.08632958222,0.1835321567,1.63673,-0.3107807205,0.7326126555,2.42768,0.08440261136,-0.1804469377,1.59754,0.3477256379,-0.8339646096,2.3023
0.4735,-0.08648551764,0.1838996301,1.63991,-0.3129554936,0.7372969826,2.44364,0.08457767609,-0.1808658179,1.60113,0.3525194712,-0.841611679,2.32654
0.474,-0.08664253129,0.1842694298,1.6431,-0.3150935644,0.7419174988,2.45937,0.08475512543,-0.1812884903,1.60475,0.3572638423,-0.8491283588,2.35043
0.4745,-0.08680060479,0.184641524,1.64632,-0.317194737,0.7464728372,2.47486,0.08493493359,-0.1817148897,1.6084,0.3619554895,-0.8565111119,2.37395
0.475,-0.08695971968,0.1850158799,1.64955,-0.319258824,0.7509616539,2.4901,0.0851170731,-0.1821449492,1.6121,0.3665911695,-0.8637564824,2.3971
0.4755,-0.08711985722,0.1853924643,1.65281,-0.3212856386,0.7553826279,2.5051,0.08530151653,-0.1825786,1.61582,0.3711676903,-0.8708610955,2.41986
0.476,-0.08728099877,0.1857712431,1.65608,-0.3232750077,0.7597344614,2.51986,0.08548823314,-0.1830157717,1.61959,0.3756818595,-0.8778216577,2.44221
0.4765,-0.08744312561,0.1861521816,1.65937,-0.3252267647,0.7640158794,2.53436,0.08567719055,-0.1834563917,1.62339,0.3801305159,-0.8846349566,2.46416
0.477,-0.08760621892,0.1865352444,1.66269,-0.3271407478,0.76822563,2.54861,0.08586835502,-0.1839003858,1.62722,0.384510538,-0.8912978609,2.48567
0.4775,-0.08777025981,0.1869203954,1.66602,-0.3290168012,0.7723624844,2.5626,0.08606169118,-0.1843476779,1.63108,0.3888188428,-0.8978073206,2.50675
0.478,-0.08793522921,0.1873075977,1.66937,-0.330854773,0.7764252365,2.57633,0.08625716288,-0.18479819,1.63498,0.3930523906,-0.9041603667,2.52737
0.4785,-0.08810110794,0.1876968139,1.67273,-0.3326545151,0.7804127035,2.58979,0.0864547329,-0.1852518424,1.63891,0.3972081884,-0.9103541116,2.54754
0.479,-0.08826787696,0.1880880057,1.67612,-0.3344158865,0.7843237255,2.60299,0.08665436077,-0.1857085534,1.64286,0.4012832916,-0.9163857487,2.56723
0.4795,-0.08843551706,0.1884811342,1.67952,-0.3361387485,0.7881571656,2.61592,0.08685600526,-0.1861682395,1.64685,0.4052748098,-0.9222525526,2.58644
0.48,-0.08860400898,0.1888761599,1.68294,-0.3378229659,0.7919119099,2.62858,0.08705962361,-0.1866308154,1.65087,0.4091799107,-0.927951879,2.60515
0.4805,-0.0887733334,0.1892730424,1.68637,-0.3394684066,0.7955868674,2.64095,0.08726517168,-0.187096194,1.65492,0.4129958215,-0.933481165,2.62336
0.481,-0.08894347068,0.1896717407,1.68982,-0.3410749428,0.7991809702,2.65305,0.08747260599,-0.1875642864,1.65899,0.4167198039,-0.9388379286,2.64105
0.4815,-0.08911440147,0.1900722015,1.69329,-0.3426424462,0.8026932015,2.66487,0.08768187879,-0.1880349648,1.66309,0.4203492281,-0.9440199251,2.65821
0.482,-0.08928610623,0.1904743885,1.69677,-0.344170791,0.8061227043,2.67641,0.08789294205,-0.1885081624,1.66722,0.4238815202,-0.9490251393,2.67485
0.4825,-0.08945856539,0.1908782807,1.70026,-0.3456598529,0.8094685621,2.68766,0.08810574634,-0.1889838568,1.67138,0.4273141811,-0.9538514404,2.69094
0.483,-0.08963175931,0.1912838332,1.70377,-0.347109508,0.8127298845,2.69862,0.08832024097,-0.1894619491,1.67555,0.4306447902,-0.958497017,2.70648
0.4835,-0.08980566813,0.1916910013,1.7073,-0.3485196378,0.8159058165,2.70929,0.08853637528,-0.1899423404,1.67975,0.4338709663,-0.9629601786,2.72146
0.484,-0.08998027204,0.1920997402,1.71084,-0.349890121,0.8189955386,2.71967,0.08875409658,-0.1904249323,1.68398,0.4369904374,-0.9672393561,2.73588
0.4845,-0.09015555127,0.1925100047,1.71439,-0.3512208341,0.8219982663,2.72975,0.08897335044,-0.1909096266,1.68822,0.440001035,-0.9713331015,2.74972
0.485,-0.09033148591,0.1929217499,1.71795,-0.3525116545,0.8249132507,2.73954,0.08919408176,-0.1913963251,1.69249,0.4429006666,-0.9752400881,2.76298
0.4855,-0.09050805601,0.1933349304,1.72153,-0.3537624588,0.8277397782,2.74902,0.08941623429,-0.1918849302,1.69678,0.4456873325,-0.9789591104,2.77565
0.486,-0.09068524152,0.193749501,1.72512,-0.3549731251,0.8304771703,2.75821,0.08963975124,-0.1923753443,1.70109,0.4483591044,-0.9824890841,2.78774
0.4865,-0.09086302221,0.1941654161,1.72872,-0.3561435362,0.8331247841,2.76709,0.08986457574,-0.1928674701,1.70541,0.450914104,-0.9858290462,2.79922
0.487,-0.09104137801,0.1945826302,1.73233,-0.3572735616,0.8356820119,2.77567,0.09009064819,-0.1933612105,1.70975,0.4533506418,-0.9889781546,2.8101
0.4875,-0.09122028872,0.1950010976,1.73595,-0.3583630736,0.8381482814,2.78395,0.09031790883,-0.1938564686,1.71411,0.4556670926,-0.9919356889,2.82038
0.488,-0.09139973406,0.1954207725,1.73959,-0.3594119423,0.8405230557,2.79191,0.09054629706,-0.1943531481,1.71848,0.4578619353,-0.9947010494,2.83004
0.4885,-0.09157969372,0.195841609,1.74323,-0.3604200349,0.8428058329,2.79957,0.09077575146,-0.1948511523,1.72287,0.4599337557,-0.9972737581,2.83909
0.489,-0.09176014712,0.1962635612,1.74688,-0.3613872316,0.8449961469,2.80691,0.09100621141,-0.1953503854,1.72727,0.4618811298,-0.9996534579,2.84752
0.4895,-0.09194107386,0.1966865828,1.75055,-0.3623133915,0.8470935666,2.81395,0.09123761376,-0.1958507513,1.73169,0.4637028816,-1.001839913,2.85533
0.49,-0.0921224534,0.1971106276,1.75422,-0.3631983757,0.8490976964,2.82067,0.09146989529,-0.1963521546,1.73611,0.4653979048,-1.003833009,2.86252
0.4905,-0.09230426513,0.1975356493,1.7579,-0.3640420431,0.8510081758,2.82708,0.09170299225,-0.1968544997,1.74055,0.4669651993,-1.005632752,2.86908
0.491,-0.09248648838,0.1979616013,1.76159,-0.3648442491,0.85282468,2.83317,0.09193684037,-0.1973576916,1.74499,0.4684038795,-1.00723927,2.87501
0.4915,-0.09266910233,0.1983884372,1.76528,-0.3656048555,0.8545469192,2.83895,0.09217137554,-0.1978616353,1.74945,0.4697131024,-1.008652813,2.88032
0.492,-0.09285208612,0.1988161102,1.76899,-0.3663237194,0.8561746392,2.84441,0.09240653313,-0.1983662361,1.75391,0.4708921504,-1.00987375,2.88499
0.4925,-0.09303541888,0.1992445736,1.7727,-0.3670006843,0.8577076209,2.84955,0.09264224757,-0.1988713997,1.75838,0.4719404943,-1.010902573,2.88904
0.493,-0.09321907962,0.1996737803,1.77642,-0.3676355954,0.8591456806,2.85437,0.09287845329,-0.1993770319,1.76285,0.4728576817,-1.011739895,2.89246
0.4935,-0.0934030473,0.2001036834,1.78014,-0.3682282944,0.86048867,2.85888,0.09311508453,-0.1998830386,1.76733,0.4736433779,-1.012386449,2.89525
0.494,-0.09358730077,0.2005342357,1.78387,-0.3687786226,0.8617364761,2.86306,0.09335207543,-0.2003893263,1.77182,0.4742973439,-1.012843091,2.89741
0.4945,-0.09377181875,0.20096539,1.7876,-0.3692864337,0.8628890213,2.86693,0.09358936068,-0.2008958013,1.7763,0.4748193415,-1.013110798,2.89895
0.495,-0.09395657998,0.2013970989,1.79134,-0.3697515534,0.8639462632,2.87047,0.09382687391,-0.2014023705,1.78079,0.4752094274,-1.013190666,2.89987
0.4955,-0.09414156306,0.201829315,1.79508,-0.3701738136,0.8649081948,2.87369,0.09406454917,-0.2019089409,1.78528,0.475467706,-1.013083914,2.90016
0.496,-0.09432674653,0.2022619906,1.79883,-0.3705530428,0.8657748444,2.87659,0.09430232055,-0.2024154197,1.78977,0.4755943988,-1.012791883,2.89984
0.4965,-0.09451210884,0.202695078,1.80258,-0.3708890663,0.8665462758,2.87916,0.09454012226,-0.2029217145,1.79426,0.4755898456,-1.012316033,2.8989
0.497,-0.09469762834,0.2031285294,1.80634,-0.3711817246,0.8672225878,2.88142,0.094777889,-0.2034277328,1.79874,0.4754543686,-1.011657948,2.89736
0.4975,-0.09488328328,0.203562297,1.81009,-0.3714308378,0.8678039148,2.88335,0.09501555539,-0.2039333828,1.80323,0.4751885319,-1.01081933,2.8952
0.498,-0.09506905186,0.2039963325,1.81385,-0.371636224,0.8682904266,2.88496,0.09525305638,-0.2044385726,1.80771,0.4747930097,-1.009802004,2.89245
0.4985,-0.09525491217,0.204430588,1.81761,-0.3717977016,0.868682328,2.88625,0.09549032731,-0.2049432106,1.81218,0.4742685674,-1.008607917,2.8891
0.499,-0.0954408422,0.2048650152,1.82138,-0.3719150864,0.8689798594,2.88721,0.0957273039,-0.2054472056,1.81665,0.4736160838,-1.007239136,2.88517
0.4995,-0.09562681988,0.2052995655,1.82514,-0.3719882012,0.8691832965,2.88786,0.09596392235,-0.2059504663,1.82112,0.4728364862,-1.00569785,2.88064
0.5,-0.09581282303,0.2057341819,1.8289,-0.3720168717,0.8692933577,2.88818,0.09620011935,-0.2064528851,1.82557,0.4719307732,-1.0039887,2.87555
0.5005,-0.09599882937,0.2061688256,1.83267,-0.3720009051,0.8693100417,2.88818,0.09643583218,-0.2069543968,1.83002,0.4709001764,-1.002111852,2.86988
0.501,-0.09618481653,0.2066034606,1.83643,-0.371940115,0.8692332493,2.88786,0.09667099875,-0.2074549398,1.83446,0.4697459757,-1.000066942,2.86365
0.5015,-0.09637076204,0.2070380389,1.8402,-0.371834314,0.8690634607,2.88722,0.09690555763,-0.2079544281,1.83888,0.4684695562,-0.9978569097,2.85686
0.502,-0.09655664334,0.2074725126,1.84396,-0.371683315,0.8688011771,2.88626,0.09713944812,-0.2084527775,1.8433,0.4670723991,-0.9954847286,2.84952
0.5025,-0.09674243787,0.2079068345,1.84772,-0.371486952,0.8684469208,2.88498,0.0973726098,-0.2089499055,1.84771,0.4655559286,-0.9929534022,2.84163
0.503,-0.09692812284,0.2083409578,1.85148,-0.3712450301,0.868001235,2.88338,0.09760498373,-0.2094457316,1.8521,0.4639218781,-0.9902659659,2.83321
0.5035,-0.09711367542,0.2087748361,1.85524,-0.3709573658,0.867464684,2.88146,0.0978365116,-0.2099401768,1.85648,0.4621719968,-0.9874254863,2.82427
0.504,-0.09729907269,0.2092084233,1.85899,-0.3706237765,0.866837853,2.87923,0.09806713602,-0.2104331642,1.86084,0.460308127,-0.9844350618,2.81481
0.5045,-0.0974842916,0.2096416739,1.86274,-0.3702440803,0.8661213485,2.87667,0.0982968006,-0.2109246185,1.86519,0.458332203,-0.9812978219,2.80485
0.505,-0.09766930915,0.2100745429,1.86649,-0.3698181107,0.8653157977,2.87381,0.09852544933,-0.2114144663,1.86952,0.4562461474,-0.9780169277,2.79439
0.5055,-0.09785410215,0.2105069855,1.87023,-0.3693456946,0.864421849,2.87063,0.09875302767,-0.2119026358,1.87384,0.4540520298,-0.9745955719,2.78345
0.506,-0.0980386473,0.2109389576,1.87397,-0.3688266566,0.8634401718,2.86714,0.09897948236,-0.2123890572,1.87814,0.4517520405,-0.9710369783,2.77203
0.5065,-0.09822292123,0.2113704154,1.87771,-0.3682608281,0.8623714566,2.86334,0.09920476115,-0.2128736625,1.88242,0.4493484167,-0.9673444025,2.76016
0.507,-0.09840690047,0.2118013156,1.88143,-0.3676480445,0.8612164147,2.85922,0.09942881291,-0.2133563852,1.88669,0.446843472,-0.9635211312,2.74783
0.5075,-0.09859056153,0.2122316151,1.88516,-0.3669881489,0.8599757788,2.8548,0.09965158746,-0.213837161,1.89093,0.4442395592,-0.9595704827,2.73506
0.508,-0.09877388094,0.2126612716,1.88888,-0.366280998,0.8586503022,2.85007,0.09987303516,-0.214315927,1.89515,0.4415390333,-0.9554958069,2.72186
0.5085,-0.09895683492,0.213090243,1.89259,-0.3655264367,0.8572407594,2.84504,0.1000931089,-0.2147926225,1.89936,0.4387444431,-0.9513004849,2.70824
0.509,-0.09913939974,0.2135184877,1.89629,-0.3647243222,0.8557479461,2.8397,0.1003117625,-0.2152671882,1.90354,0.4358583463,-0.9469879294,2.69421
0.5095,-0.09932155154,0.2139459646,1.89999,-0.3638745179,0.8541726788,2.83405,0.1005289509,-0.2157395669,1.9077,0.4328833599,-0.9425615843,2.67979
0.51,-0.09950326642,0.2143726329,1.90368,-0.3629768932,0.8525157951,2.82811,0.1007446306,-0.2162097029,1.91184,0.4298221573,-0.9380249253,2.66499
0.5105,-0.09968452064,0.2147984524,1.90736,-0.3620313384,0.8507781536,2.82187,0.1009587579,-0.2166775426,1.91595,0.4266773548,-0.9333814594,2.64982
0.511,-0.09986529009,0.2152233832,1.91104,-0.361037735,0.848960634,2.81533,0.1011712923,-0.217143034,1.92004,0.4234517462,-0.9286347248,2.63428
0.5115,-0.1000455507,0.2156473858,1.9147,-0.3599959776,0.847064137,2.80849,0.1013821943,-0.2176061268,1.9241,0.4201481313,-0.9237882915,2.61841
0.512,-0.1002252783,0.2160704214,1.91836,-0.3589059701,0.8450895841,2.80136,0.1015914258,-0.2180667728,1.92814,0.4167693452,-0.9188457608,2.60219
0.5125,-0.1004044488,0.2164924514,1.922,-0.3577676253,0.8430379182,2.79394,0.1017989502,-0.2185249254,1.93216,0.4133182602,-0.9138107653,2.58566
0.513,-0.1005830381,0.2169134376,1.92564,-0.3565808708,0.840910103,2.78622,0.1020047313,-0.2189805397,1.93615,0.4097977388,-0.9086869693,2.56882
0.5135,-0.1007610219,0.2173333425,1.92926,-0.3553456434,0.8387071233,2.77822,0.1022087348,-0.2194335728,1.94011,0.4062106786,-0.9034780684,2.55168
0.514,-0.100938376,0.2177521288,1.93288,-0.3540618864,0.8364299848,2.76994,0.1024109287,-0.2198839834,1.94405,0.4025600452,-0.8981877897,2.53426
0.5145,-0.1011150761,0.2181697597,1.93649,-0.352729557,0.8340797144,2.76137,0.1026112822,-0.2203317322,1.94796,0.3988488014,-0.8928198916,2.51657
0.515,-0.1012910978,0.2185861989,1.94008,-0.3513486243,0.8316573599,2.75252,0.1028097659,-0.2207767814,1.95184,0.3950799273,-0.8873781641,2.49863
0.5155,-0.1014664168,0.2190014105,1.94366,-0.3499190706,0.8291639902,2.74339,0.1030063518,-0.2212190954,1.95569,0.3912564085,-0.8818664285,2.48044
0.516,-0.101641009,0.2194153589,1.94723,-0.3484408941,0.8266006952,2.73399,0.1032010118,-0.22165864,1.95952,0.3873812,-0.8762885378,2.46202
0.5165,-0.10181485,0.2198280092,1.95079,-0.3469141022,0.8239685858,2.72431,0.1033937219,-0.2220953829,1.96332,0.3834573224,-0.8706483762,2.44339
0.517,-0.1019879154,0.2202393268,1.95433,-0.3453387181,0.821268794,2.71437,0.1035844586,-0.2225292938,1.96708,0.3794877736,-0.8649498594,2.42455
0.5175,-0.102160181,0.2206492774,1.95786,-0.3437147796,0.8185024726,2.70415,0.1037732001,-0.222960344,1.97082,0.3754755485,-0.8591969345,2.40553
0.518,-0.1023316224,0.2210578275,1.96138,-0.3420423399,0.8156707958,2.69367,0.1039599261,-0.2233885066,1.97453,0.3714236354,-0.8533935802,2.38632
0.5185,-0.1025022155,0.2214649444,1.96488,-0.3403214667,0.8127752906,2.68293,0.104144616,-0.2238137833,1.97821,0.3673349958,-0.8475456279,2.36696
0.519,-0.1026719361,0.2218705969,1.96837,-0.3385522449,0.8098166337,2.67193,0.1043272527,-0.2242361226,1.98186,0.3632125921,-0.8416544126,2.34746
0.5195,-0.1028407601,0.2222747536,1.97185,-0.336734776,0.8067957133,2.66067,0.1045078204,-0.2246554842,1.98548,0.3590593681,-0.8357221296,2.32781
0.52,-0.1030086633,0.2226773836,1.97531,-0.3348691786,0.8037137657,2.64916,0.1046863046,-0.2250718535,1.98907,0.3548782424,-0.8297527424,2.30803
0.5205,-0.1031756216,0.2230784571,1.97875,-0.3329555887,0.8005720258,2.6374,0.1048626925,-0.2254852177,1.99262,0.350672108,-0.82375014,2.28814
0.521,-0.1033416111,0.2234779445,1.98218,-0.3309941581,0.7973717268,2.62539,0.1050369716,-0.2258955651,1.99615,0.3464438331,-0.8177181359,2.26815
0.5215,-0.1035066081,0.2238758171,1.9856,-0.3289850556,0.7941141009,2.61314,0.1052091308,-0.2263028852,1.99965,0.342196256,-0.8116604687,2.24807
0.522,-0.1036705886,0.2242720465,1.989,-0.3269284739,0.7908003784,2.60064,0.105379162,-0.2267071689,2.00311,0.3379321688,-0.8055808022,2.22792
0.5225,-0.1038335291,0.2246666051,1.99238,-0.3248246227,0.7874317886,2.58791,0.1055470578,-0.2271084084,2.00654,0.3336543275,-0.7994827249,2.2077
0.523,-0.1039954057,0.2250594659,1.99574,-0.3226737315,0.7840095591,2.57494,0.1057128122,-0.2275065972,2.00994,0.3293654448,-0.7933697502,2.18744
0.5235,-0.1041561952,0.2254506025,1.99909,-0.3204760495,0.7805349161,2.56174,0.1058764205,-0.2279017301,2.01331,0.3250681881,-0.7872453167,2.16713
0.524,-0.1043158743,0.225839989,2.00242,-0.3182318351,0.7770090845,2.54832,0.1060378776,-0.2282938031,2.01665,0.3207652192,-0.7811127877,2.1468
0.5245,-0.1044744197,0.2262276001,2.00573,-0.3159413826,0.7734332876,2.53467,0.1061971823,-0.2286828137,2.01996,0.316459087,-0.7749754517,2.12645
0.525,-0.1046318083,0.2266134113,2.00903,-0.3136050019,0.7698087474,2.5208,0.1063543337,-0.2290687605,2.02324,0.3121523067,-0.768836522,2.1061
0.5255,-0.1047880174,0.2269973985,2.0123,-0.3112230245,0.7661366844,2.50671,0.1065093324,-0.2294516434,2.02648,0.3078473343,-0.7626991369,2.08576
0.526,-0.104943024,0.2273795382,2.01556,-0.3087958035,0.7624183177,2.49241,0.1066621801,-0.2298314638,2.02969,0.3035465627,-0.7565663596,2.06543
0.5265,-0.1050968059,0.2277598077,2.0188,-0.3063237033,0.7586548651,2.47791,0.1068128786,-0.2302082241,2.03288,0.2992523706,-0.7504411785,2.04513
0.527,-0.1052493406,0.2281381846,2.02202,-0.3038071174,0.7548475426,2.46319,0.1069614317,-0.2305819282,2.03603,0.2949670373,-0.7443265066,2.02487
0.5275,-0.105400606,0.2285146474,2.02522,-0.3012464659,0.7509975653,2.44828,0.1071078448,-0.2309525814,2.03914,0.290692753,-0.738225182,2.00465
0.528,-0.1055505801,0.2288891751,2.0284,-0.2986421883,0.7471061463,2.43316,0.1072521242,-0.2313201899,2.04223,0.2864316516,-0.732139968,1.98449
0.5285,-0.1056992412,0.2292617471,2.03156,-0.2959947471,0.7431744978,2.41785,0.1073942771,-0.2316847617,2.04529,0.2821857913,-0.7260735524,1.9644
0.529,-0.1058465678,0.2296323436,2.0347,-0.2933046223,0.7392038301,2.40236,0.1075343116,-0.2320463057,2.04831,0.2779571801,-0.7200285484,1.94439
0.5295,-0.105992539,0.2300009455,2.03782,-0.2905723069,0.7351953525,2.38667,0.1076722358,-0.2324048322,2.05131,0.2737477983,-0.7140074939,1.92445
0.53,-0.1061371335,0.2303675341,2.04092,-0.287798337,0.7311502725,2.37081,0.1078080606,-0.2327603529,2.05427,0.2695594468,-0.7080128517,1.90461
0.5305,-0.1062803307,0.2307320914,2.044,-0.2849832638,0.7270697964,2.35476,0.1079417969,-0.2331128807,2.05721,0.265393885,-0.7020470099,1.88488
0.531,-0.1064221102,0.2310945999,2.04706,-0.2821276619,0.722955129,2.33854,0.1080734567,-0.2334624298,2.06011,0.2612527877,-0.6961122811,1.86524
0.5315,-0.1065624518,0.2314550428,2.0501,-0.2792321299,0.7188074737,2.32216,0.1082030529,-0.2338090158,2.06298,0.2571377424,-0.6902109033,1.84573
0.532,-0.1067013358,0.231813404,2.05312,-0.2762972654,0.7146280325,2.3056,0.1083305979,-0.2341526555,2.06582,0.2530503739,-0.684345039,1.82634
0.5325,-0.1068387428,0.2321696676,2.05611,-0.2733237185,0.7104180058,2.28889,0.1084561063,-0.234493367,2.06864,0.2489920702,-0.6785167762,1.80708
0.533,-0.1069746534,0.2325238188,2.05908,-0.2703121541,0.7061785928,2.27202,0.1085795931,-0.2348311697,2.07142,0.2449641738,-0.6727281273,1.78795
0.5335,-0.1071090488,0.2328758432,2.06203,-0.2672632592,0.7019109911,2.255,0.1087010741,-0.2351660843,2.07417,0.240967942,-0.6669810301,1.76897
0.534,-0.1072419106,0.2332257268,2.06496,-0.2641777446,0.697616397,2.23782,0.1088205654,-0.2354981328,2.07689,0.2370045396,-0.661277347,1.75013
0.5345,-0.1073732206,0.2335734565,2.06787,-0.2610563302,0.6932960051,2.22051,0.1089380835,-0.2358273385,2.07959,0.2330751132,-0.6556188658,1.73145
0.535,-0.1075029611,0.2339190196,2.07075,-0.2578997612,0.6889510091,2.20306,0.1090536452,-0.2361537261,2.08225,0.2291807047,-0.6500072987,1.71293
0.5355,-0.1076311147,0.2342624042,2.07361,-0.2547088194,0.6845826006,2.18547,0.1091672688,-0.2364773214,2.08489,0.2253221897,-0.6444442833,1.69458
0.536,-0.1077576644,0.2346035988,2.07645,-0.2514843018,0.6801919704,2.16775,0.1092789723,-0.2367981515,2.0875,0.2215003908,-0.638931382,1.67639
0.5365,-0.1078825936,0.2349425925,2.07926,-0.2482270278,0.6757803074,2.14991,0.1093887744,-0.2371162451,2.09008,0.2177160364,-0.6334700822,1.65837
0.537,-0.1080058861,0.2352793823,2.08205,-0.244937835,0.671348618,2.13194,0.1094966941,-0.2374316679,2.09264,0.2139697835,-0.6280606072,1.64054
0.5375,-0.1081275262,0.235613951,2.08482,-0.2416175619,0.6668981244,2.11386,0.1096027501,-0.2377443944,2.09516,0.2102623112,-0.6227055977,1.62288
0.538,-0.1082474986,0.2359462863,2.08756,-0.2382671007,0.6624300247,2.09567,0.1097069621,-0.2380544347,2.09766,0.2065940295,-0.6174066863,1.60541
0.5385,-0.1083657884,0.2362763805,2.09028,-0.2348873523,0.6579454284,2.07737,0.1098093499,-0.2383618224,2.10013,0.2029653255,-0.6121647221,1.58813
0.539,-0.1084823812,0.2366042263,2.09297,-0.2314792386,0.6534454357,2.05897,0.1099099335,-0.2386665909,2.10258,0.1993764943,-0.6069804823,1.57103
0.5395,-0.1085972631,0.2369298171,2.09565,-0.2280437024,0.6489311376,2.04047,0.1100087327,-0.2389687733,2.105,0.1958277382,-0.6018546721,1.55413
0.54,-0.1087104204,0.2372531464,2.09829,-0.2245816829,0.6444036158,2.02188,0.1101057677,-0.2392684026,2.10739,0.1923193,-0.596787925,1.53743
0.5405,-0.1088218404,0.2375742084,2.10092,-0.2210941619,0.6398639425,2.00321,0.1102010585,-0.2395655114,2.10976,0.1888512085,-0.5917808027,1.52091
0.541,-0.1089315103,0.2378929976,2.10352,-0.2175821391,0.6353131808,1.98445,0.1102946254,-0.239860132,2.1121,0.1854234106,-0.5868337949,1.5046
0.5415,-0.1090394184,0.2382095091,2.10609,-0.2140466295,0.6307523843,1.96561,0.1103864885,-0.2401522966,2.11441,0.1820357874,-0.5819473195,1.48848
0.542,-0.1091455531,0.2385237385,2.10864,-0.2104886665,0.6261825975,1.9467,0.1104766677,-0.240442037,2.1167,0.1786881336,-0.5771217227,1.47255
0.5425,-0.1092499034,0.2388356817,2.11116,-0.2069092909,0.6216048554,1.92772,0.1105651832,-0.2407293849,2.11897,0.1753802203,-0.5723572787,1.45682
0.543,-0.1093524588,0.239145335,2.11366,-0.2033095543,0.6170201838,1.90868,0.1106520547,-0.2410143716,2.12121,0.1721117706,-0.5676541899,1.44129
0.5435,-0.1094532095,0.2394526955,2.11614,-0.1996905463,0.6124295991,1.88958,0.1107373019,-0.2412970281,2.12343,0.1688823109,-0.5630125868,1.42596
0.544,-0.1095521461,0.2397577604,2.11859,-0.1960533627,0.6078341085,1.87042,0.1108209439,-0.2415773853,2.12563,0.1656913436,-0.5584325281,1.41082
0.5445,-0.1096492598,0.2400605275,2.12101,-0.192399115,0.6032347098,1.85122,0.1109029999,-0.2418554738,2.1278,0.162538294,-0.5539140008,1.39587
0.545,-0.1097445424,0.2403609951,2.12341,-0.1887289287,0.5986323915,1.83197,0.1109834886,-0.2421313239,2.12995,0.1594225196,-0.5494569198,1.38112
0.5455,-0.1098379861,0.240659162,2.12579,-0.1850439184,0.5940281328,1.81268,0.111062429,-0.2424049656,2.13208,0.1563434491,-0.5450611283,1.36655
0.546,-0.1099295837,0.2409550273,2.12814,-0.1813452462,0.5894229036,1.79336,0.1111398389,-0.2426764288,2.13418,0.1533002491,-0.5407263975,1.35218
0.5465,-0.1100193289,0.2412485905,2.13046,-0.1776340745,0.5848176644,1.77401,0.1112157361,-0.242945743,2.13626,0.1502920922,-0.5364524271,1.33799
0.547,-0.1101072156,0.241539852,2.13276,-0.1739115779,0.5802133666,1.75464,0.1112901376,-0.2432129374,2.13833,0.1473180867,-0.5322388447,1.32399
0.5475,-0.1101932386,0.2418288121,2.13504,-0.1701789427,0.575610952,1.73524,0.1113630602,-0.2434780411,2.14036,0.1443772782,-0.5280852059,1.31017
0.548,-0.1102773928,0.2421154719,2.13729,-0.1664373508,0.5710113532,1.71584,0.1114345209,-0.2437410828,2.14238,0.1414687413,-0.5239909948,1.29652
0.5485,-0.1103596742,0.242399833,2.13951,-0.1626880042,0.5664154937,1.69642,0.1115045354,-0.2440020912,2.14438,0.1385914391,-0.5199556235,1.28305
0.549,-0.1104400793,0.2426818971,2.14171,-0.1589321196,0.5618242874,1.677,0.1115731188,-0.2442610943,2.14635,0.1357442482,-0.5159784322,1.26976
0.5495,-0.110518605,0.2429616668,2.14388,-0.1551709178,0.5572386391,1.65758,0.1116402859,-0.2445181202,2.14831,0.1329260235,-0.5120586893,1.25663
0.55,-0.1105952492,0.2432391448,2.14603,-0.1514056273,0.552659444,1.63816,0.1117060506,-0.2447731967,2.15025,0.1301355722,-0.5081955914,1.24367
0.5505,-0.11067001,0.2435143345,2.14815,-0.1476374787,0.5480875882,1.61876,0.1117704266,-0.2450263511,2.15216,0.1273716868,-0.5043882632,1.23086
0.551,-0.110742886,0.2437872397,2.15025,-0.1438676996,0.5435239486,1.59937,0.1118334277,-0.2452776108,2.15406,0.1246331746,-0.5006357576,1.21822
0.5515,-0.1108138771,0.2440578645,2.15232,-0.1400975411,0.5389693925,1.58,0.1118950657,-0.2455270027,2.15593,0.1219186988,-0.4969370555,1.20572
0.552,-0.1108829832,0.2443262137,2.15437,-0.1363282514,0.5344247781,1.56065,0.1119553521,-0.2457745535,2.15779,0.1192269337,-0.4932910662,1.19338
0.5525,-0.1109502052,0.2445922925,2.15639,-0.1325610824,0.5298909543,1.54134,0.1120142978,-0.2460202896,2.15963,0.116556523,-0.4896966271,1.18117
0.553,-0.1110155446,0.2448561064,2.15839,-0.1287972891,0.5253687604,1.52206,0.1120719129,-0.2462642373,2.16145,0.113906082,-0.4861525035,1.1691
0.5535,-0.111079003,0.2451176614,2.16036,-0.1250381145,0.5208590267,1.50282,0.1121282083,-0.2465064224,2.16325,0.1112742892,-0.4826573892,1.15716
0.554,-0.1111405831,0.2453769642,2.1623,-0.1212848198,0.5163625741,1.48363,0.1121831923,-0.2467468706,2.16503,0.1086596996,-0.4792099059,1.14535
0.5545,-0.1112002884,0.2456340218,2.16423,-0.1175386617,0.5118802141,1.46448,0.1122368729,-0.2469856073,2.16679,0.1060608826,-0.4758086036,1.13366
0.555,-0.1112581227,0.2458888414,2.16612,-0.1138008957,0.5074127491,1.44539,0.1122892576,-0.2472226578,2.16854,0.1034763986,-0.4724519604,1.12209
0.5555,-0.1113140905,0.2461414365,2.16799,-0.1100727762,0.5029605113,1.42636,0.1123403529,-0.2474580402,2.17027,0.1009047981,-0.4691357181,1.11062
0.556,-0.111368197,0.2463918096,2.16984,-0.1063555509,0.4985248329,1.40739,0.1123901655,-0.24769178,2.17198,0.09834465544,-0.4658626944,1.09925
0.5565,-0.1114204476,0.2466399676,2.17166,-0.1026504651,0.4941065997,1.38849,0.1124387012,-0.2479238991,2.17367,0.09579453764,-0.462632075,1.08799
0.557,-0.111470849,0.2468859198,2.17346,-0.09895876527,0.4897065338,1.36966,0.1124859641,-0.2481544167,2.17534,0.0932529836,-0.4594419788,1.07682
0.5575,-0.1115194082,0.2471296758,2.17523,-0.09528169044,0.4853253546,1.35091,0.1125319578,-0.2483833515,2.177,0.09071855338,-0.4562905487,1.06574
0.558,-0.1115661329,0.2473712455,2.17698,-0.0916204743,0.480963779,1.33224,0.1125766855,-0.2486107215,2.17864,0.08818981539,-0.4531759521,1.05475
0.5585,-0.1116110312,0.2476106389,2.1787,-0.08797634369,0.4766225218,1.31366,0.1126201495,-0.2488365436,2.18027,0.08566535379,-0.4500963807,1.04383
0.559,-0.1116541118,0.2478478667,2.1804,-0.08435051567,0.4723022949,1.29517,0.1126623531,-0.2490608345,2.18188,0.08314378764,-0.4470500501,1.03298
0.5595,-0.1116953843,0.2480829398,2.18208,-0.08074420342,0.4680038082,1.27678,0.1127032963,-0.2492836097,2.18347,0.08062372503,-0.4440352006,1.0222
0.56,-0.1117348589,0.2483158692,2.18373,-0.07715860968,0.4637277688,1.25849,0.1127429795,-0.2495048841,2.18504,0.07810380833,-0.4410500965,1.01147
0.5605,-0.1117725461,0.2485466666,2.18536,-0.07359492761,0.4594748816,1.2403,0.1127814022,-0.2497246721,2.1866,0.07558270587,-0.4380930266,1.0008
0.561,-0.1118084573,0.2487753438,2.18697,-0.07005433993,0.4552458488,1.22223,0.1128185632,-0.2499429869,2.18814,0.07305911526,-0.4351623038,0.990173
0.5615,-0.1118426041,0.2490019129,2.18855,-0.06653802003,0.4510413705,1.20426,0.1128544621,-0.2501598413,2.18966,0.07053176147,-0.4322562653,0.979587
0.562,-0.1118749989,0.2492263865,2.19011,-0.06304712758,0.4468621441,1.18642,0.1128890966,-0.2503752474,2.19117,0.06799941016,-0.4293732727,0.969036
0.5625,-0.111905655,0.2494487774,2.19164,-0.05958280956,0.4427088646,1.16869,0.1129224633,-0.2505892163,2.19266,0.06546086576,-0.4265117117,0.958515
0.563,-0.1119345858,0.2496690988,2.19315,-0.05614619973,0.4385822247,1.15109,0.1129545587,-0.2508017584,2.19414,0.06291497415,-0.4236699923,0.948019
0.5635,-0.1119618055,0.2498873641,2.19464,-0.05273841756,0.4344829144,1.13363,0.1129853786,-0.2510128837,2.1956,0.06036062678,-0.4208465489,0.937541
0.564,-0.1119873289,0.2501035873,2.19611,-0.0493605706,0.4304116214,1.11629,0.113014919,-0.2512226009,2.19704,0.05779674858,-0.4180398401,0.927077
0.5645,-0.1120111708,0.2503177824,2.19755,-0.04601375243,0.4263690311,1.0991,0.1130431756,-0.2514309186,2.19847,0.0552223073,-0.4152483488,0.916623
0.565,-0.1120333473,0.2505299639,2.19897,-0.04269903432,0.4223558262,1.08205,0.1130701421,-0.2516378441,2.19988,0.0526363532,-0.4124705822,0.906173
0.5655,-0.1120538748,0.2507401468,2.20037,-0.0394174732,0.418372687,1.06515,0.1130958124,-0.2518433842,2.20127,0.05003798013,-0.4097050716,0.895722
0.566,-0.11207277,0.250948346,2.20175,-0.0361701082,0.4144202916,1.0484,0.1131201799,-0.252047545,2.20265,0.04742634169,-0.4069503727,0.885267
0.5665,-0.1120900505,0.2511545771,2.2031,-0.03295796061,0.4104993153,1.0318,0.1131432375,-0.2522503318,2.20402,0.04480065065,-0.4042050656,0.874803
0.567,-0.1121057336,0.2513588559,2.20444,-0.02978204568,0.4066104313,1.01536,0.1131649796,-0.2524517492,2.20536,0.04216011756,-0.4014677545,0.864325
0.5675,-0.1121198381,0.2515611985,2.20575,-0.02664334157,0.4027543101,0.999088,0.1131853975,-0.2526518009,2.20669,0.03950410953,-0.3987370679,0.85383
0.568,-0.1121323828,0.2517616215,2.20704,-0.02354281282,0.3989316198,0.982979,0.1132044834,-0.2528504902,2.20801,0.03683202876,-0.3960116586,0.843314
0.5685,-0.1121433869,0.2519601415,2.20831,-0.02048140316,0.3951430262,0.967041,0.1132222289,-0.2530478192,2.2093,0.03414334885,-0.3932902037,0.832773
0.569,-0.1121528705,0.2521567757,2.20956,-0.0174600348,0.3913891925,0.951277,0.1132386253,-0.2532437896,2.21058,0.03143761753,-0.3905714046,0.822205
0.5695,-0.1121608535,0.2523515416,2.21079,-0.01447962039,0.3876707796,0.935691,0.1132536647,-0.2534384024,2.21185,0.02871439323,-0.3878539868,0.811605
0.57,-0.1121673566,0.252544457,2.212,-0.01154104237,0.3839884458,0.920286,0.1132673385,-0.2536316575,2.2131,0.02597335243,-0.3851367003,0.80097
0.5705,-0.1121724011,0.25273554,2.21319,-0.008645155851,0.380342847,0.905066,0.1132796372,-0.2538235544,2.21433,0.02321427388,-0.3824183192,0.790298
0.571,-0.1121760086,0.2529248089,2.21436,-0.005792796494,0.3767346367,0.890034,0.1132905517,-0.2540140917,2.21554,0.02043699619,-0.3796976421,0.779587
0.5715,-0.112178201,0.2531122827,2.21551,-0.002984776103,0.373164466,0.875193,0.1133000726,-0.2542032674,2.21674,0.0176414403,-0.3769734915,0.768832
0.572,-0.1121790006,0.2532979803,2.21664,-0.0002218882283,0.3696329835,0.860548,0.113308191,-0.2543910785,2.21792,0.01482757869,-0.3742447146,0.758034
0.5725,-0.1121784302,0.2534819213,2.21776,0.002495087,0.3661408353,0.846101,0.1133148984,-0.2545775215,2.21909,0.0119954089,-0.3715101826,0.747188
0.573,-0.1121765129,0.2536641254,2.21885,0.005165415776,0.3626886652,0.831856,0.1133201851,-0.2547625921,2.22024,0.009145127382,-0.368768791,0.736294
0.5735,-0.1121732722,0.2538446126,2.21992,0.007788380448,0.3592771144,0.817815,0.1133240421,-0.2549462852,2.22137,0.006276968397,-0.3660194597,0.725349
0.574,-0.1121687321,0.2540234067,2.22098,0.01036328894,0.3559067502,0.803982,0.1133264604,-0.2551285521,2.22248,0.003391253137,-0.3632610038,0.714352
0.5745,-0.1121629168,0.2542005263,2.22202,0.01288947526,0.3525782464,0.79036,0.1133274313,-0.2553094575,2.22358,0.000488391569,-0.360493443,0.703305
0.575,-0.1121558507,0.2543759921,2.22304,0.01536627358,0.3492922585,0.776952,0.1133269468,-0.2554889992,2.22466,-0.002431256894,-0.3577160837,0.692205
0.5755,-0.1121475585,0.2545498257,2.22405,0.01779307525,0.3460494334,0.76376,0.1133249985,-0.2556671665,2.22572,-0.005367079811,-0.3549282389,0.681054
0.576,-0.1121380657,0.2547220487,2.22503,0.0201692887,0.3428504181,0.750788,0.1133215783,-0.2558439491,2.22677,-0.008318426844,-0.3521293003,0.66985
0.5765,-0.1121273975,0.2548926833,2.226,0.02249434788,0.3396958592,0.738039,0.1133166786,-0.2560193373,2.2278,-0.01128456537,-0.3493187387,0.658596
0.577,-0.1121155797,0.2550617518,2.22696,0.02476771379,0.3365864033,0.725514,0.1133102921,-0.2561933214,2.22881,-0.01426467358,-0.3464961036,0.64729
0.5775,-0.1121026383,0.2552292769,2.22789,0.02698885957,0.3335226969,0.713218,0.1133024122,-0.2563658925,2.2298,-0.01725792051,-0.3436610239,0.635935
0.578,-0.1120885994,0.2553952818,2.22882,0.02915728798,0.330505386,0.701152,0.1132930327,-0.2565370419,2.23078,-0.02026337393,-0.3408132071,0.624531
0.5785,-0.1120734896,0.2555597898,2.22972,0.03127254308,0.3275351169,0.68932,0.1132821477,-0.2567067611,2.23173,-0.02327993887,-0.3379524398,0.61308
0.579,-0.1120573356,0.2557228246,2.23061,0.03333418808,0.3246125352,0.677723,0.1132697517,-0.2568750422,2.23267,-0.02630647667,-0.3350785876,0.601584
0.5795,-0.1120401642,0.2558844102,2.23149,0.03534181344,0.3217382868,0.666364,0.1132558401,-0.2570418778,2.2336,-0.0293417627,-0.332191595,0.590046
0.58,-0.1120220027,0.256044571,2.23235,0.0372950324,0.3189130171,0.655246,0.1132404089,-0.2572072606,2.2345,-0.03238451108,-0.3292914855,0.578467
0.5805,-0.1120028782,0.2562033315,2.2332,0.03919346343,0.3161373716,0.644371,0.1132234547,-0.2573711838,2.23539,-0.03543346869,-0.3263783617,0.566851
0.581,-0.1119828183,0.2563607168,2.23403,0.04103678545,0.3134119954,0.63374,0.1132049748,-0.257533641,2.23626,-0.03848712268,-0.3234524048,0.555201
0.5815,-0.1119618505,0.2565167522,2.23485,0.04282469101,0.3107375336,0.623358,0.1131849671,-0.2576946262,2.23711,-0.04154395014,-0.3205138754,0.54352
0.582,-0.1119400028,0.2566714632,2.23565,0.04455689946,0.3081146311,0.613225,0.1131634305,-0.2578541338,2.23794,-0.04460234906,-0.3175631127,0.531812
0.5825,-0.1119173029,0.2568248759,2.23645,0.04623315709,0.3055439325,0.603343,0.1131403648,-0.2580121584,2.23875,-0.0476606385,-0.3146005351,0.520082
0.583,-0.1118937789,0.2569770164,2.23723,0.04785321218,0.3030260823,0.593715,0.11311577,-0.2581686952,2.23955,-0.05071719111,-0.3116266399,0.508333
0.5835,-0.111869459,0.2571279114,2.238,0.0494168628,0.3005617249,0.584343,0.1130896477,-0.2583237398,2.24033,-0.05377018176,-0.3086420033,0.496569
0.584,-0.1118443715,0.2572775877,2.23875,0.05092393166,0.2981515046,0.575229,0.1130620002,-0.2584772879,2.24109,-0.05681772108,-0.3056472806,0.484797
0.5845,-0.1118185445,0.2574260727,2.23949,0.05237426346,0.2957960652,0.566374,0.1130328307,-0.258629336,2.24183,-0.05985787055,-0.302643206,0.473021
0.585,-0.1117920067,0.2575733937,2.24023,0.0537677286,0.2934960508,0.55778,0.1130021435,-0.2587798805,2.24255,-0.06288862357,-0.2996305925,0.461247
0.5855,-0.1117647863,0.2577195788,2.24095,0.05510421173,0.2912521048,0.54945,0.1129699437,-0.2589289186,2.24325,-0.06590796615,-0.2966103324,0.44948
0.586,-0.111736912,0.2578646561,2.24166,0.05638361644,0.289064871,0.541384,0.1129362371,-0.2590764478,2.24394,-0.06891385343,-0.2935833967,0.437726
0.5865,-0.1117084123,0.258008654,2.24236,0.05760589193,0.2869349926,0.533584,0.1129010313,-0.2592224657,2.24461,-0.07190407136,-0.2905508355,0.425992
0.587,-0.1116793157,0.2581516014,2.24305,0.05877100186,0.2848631127,0.526053,0.1128643349,-0.2593669706,2.24526,-0.07487640013,-0.2875137778,0.414284
0.5875,-0.1116496509,0.2582935276,2.24373,0.05987893383,0.2828498745,0.518791,0.1128261574,-0.259509961,2.24589,-0.07782856547,-0.2844734316,0.402608
0.588,-0.1116194463,0.2584344618,2.2444,0.06092969784,0.2808959207,0.5118,0.1127865096,-0.259651436,2.24651,-0.08075824771,-0.2814310838,0.390973
0.5885,-0.1115887308,0.258574434,2.24507,0.06192330156,0.279001894,0.505081,0.1127454023,-0.2597913948,2.2471,-0.08366320878,-0.2783881003,0.379385
0.589,-0.1115575327,0.2587134742,2.24572,0.06285980955,0.2771684369,0.498636,0.1127028493,-0.2599298372,2.24768,-0.0865409906,-0.2753459261,0.367851
0.5895,-0.1115258807,0.2588516129,2.24637,0.0637392956,0.2753961917,0.492466,0.1126588646,-0.2600667633,2.24824,-0.08938915957,-0.2723060849,0.356379
0.59,-0.1114938031,0.2589888808,2.247,0.06456185522,0.2736858007,0.486573,0.112613464,-0.2602021736,2.24878,-0.0922052436,-0.2692701797,0.344977
0.5905,-0.1114613284,0.2591253091,2.24763,0.06532760537,0.2720379057,0.480957,0.1125666642,-0.2603360689,2.24931,-0.09498673431,-0.2662398921,0.333654
0.591,-0.111428485,0.259260929,2.24826,0.06603666824,0.2704531487,0.47562,0.1125184825,-0.2604684504,2.24982,-0.09773116863,-0.2632169829,0.322418
0.5915,-0.1113953014,0.2593957723,2.24887,0.06668919627,0.2689321713,0.470562,0.1124689379,-0.26059932,2.25031,-0.1004360055,-0.2602032919,0.311276
0.592,-0.1113618055,0.2595298711,2.24948,0.06728536723,0.267475615,0.465786,0.1124180514,-0.2607286794,2.25078,-0.1030986512,-0.2572007376,0.300239
0.5925,-0.1113280256,0.2596632663,2.25009,0.06782537319,0.2660846207,0.461293,0.1123658447,-0.2608565172,2.25124,-0.1057165151,-0.2542146618,0.28932
0.593,-0.1112939897,0.2597959786,2.25069,0.06830942496,0.2647588673,0.457083,0.1123123412,-0.260982872,2.25168,-0.1082869885,-0.2512415743,0.27852
0.5935,-0.1112597256,0.2599280415,2.25128,0.06873774639,0.2634990068,0.453155,0.1122575651,-0.2611077501,2.2521,-0.1108074726,-0.2482838252,0.267847
0.594,-0.1112252614,0.2600594888,2.25187,0.06911056946,0.2623057006,0.449511,0.1122015409,-0.2612311585,2.25251,-0.1132754026,-0.2453439179,0.25731
0.5945,-0.1111906246,0.2601903548,2.25245,0.06942816131,0.2611795964,0.446152,0.1121442964,-0.2613531054,2.2529,-0.1156881214,-0.2424243692,0.246922
0.595,-0.1111558427,0.2603206737,2.25303,0.06969079768,0.2601213283,0.443078,0.1120858599,-0.2614736006,2.25327,-0.1180430057,-0.23952771,0.23669
0.5955,-0.1111209432,0.2604504802,2.25361,0.06989877011,0.2591315172,0.440291,0.1120262614,-0.2615926552,2.25363,-0.1203374333,-0.2366564851,0.226626
0.596,-0.1110859532,0.2605798091,2.25418,0.0700523854,0.2582107703,0.437792,0.1119655319,-0.2617102817,2.25397,-0.1225687865,-0.2338132528,0.216739
0.5965,-0.1110509,0.2607086952,2.25475,0.07015195031,0.2573596813,0.43558,0.111903702,-0.2618264941,2.2543,-0.1247345186,-0.2310005856,0.207039
0.597,-0.1110158106,0.2608371739,2.25531,0.070197803,0.2565788305,0.433656,0.1118408061,-0.2619413076,2.25461,-0.1268320211,-0.2282210696,0.197537
0.5975,-0.1109807115,0.2609652806,2.25588,0.07019028955,0.2558687845,0.432022,0.111776879,-0.2620547391,2.25491,-0.1288587251,-0.2254773048,0.188243
0.598,-0.1109456295,0.2610930509,2.25644,0.07012976812,0.2552300967,0.430676,0.1117119571,-0.2621668067,2.2552,-0.1308120848,-0.2227719051,0.179166
0.5985,-0.1109105908,0.2612205207,2.257,0.07001660896,0.2546633066,0.429621,0.1116460779,-0.26227753,2.25547,-0.1326895785,-0.2201074981,0.170317
0.599,-0.1108756218,0.2613477261,2.25756,0.06985118882,0.2541689407,0.428856,0.1115792792,-0.26238693,2.25572,-0.1344887288,-0.2174867253,0.161706
0.5995,-0.1108407486,0.2614747033,2.25812,0.06963389618,0.2537475114,0.428381,0.1115116003,-0.2624950289,2.25597,-0.1362070873,-0.2149122422,0.153342
0.6,-0.1108059969,0.2616014888,2.25868,0.06936513442,0.2533995182,0.428196,0.111443083,-0.2626018507,2.2562,-0.1378422257,-0.2123867177,0.145236
0.6005,-0.1107713924,0.2617281194,2.25924,0.06904531381,0.2531254467,0.428303,0.1113737696,-0.2627074204,2.25642,-0.1393917642,-0.2099128351,0.137397
0.601,-0.1107369604,0.261854632,2.25979,0.06867485356,0.252925769,0.4287,0.1113037037,-0.2628117648,2.25663,-0.140853366,-0.2074932911,0.129835
0.6015,-0.1107027261,0.2619810638,2.26035,0.06825418061,0.252800944,0.429388,0.11123293,-0.2629149118,2.25682,-0.1422247413,-0.2051307964,0.122561
0.602,-0.1106687148,0.2621074521,2.26091,0.06778372662,0.2527514168,0.430368,0.1111614925,-0.2630168908,2.257,-0.1435036488,-0.2028280755,0.115582
0.6025,-0.1106349511,0.2622338345,2.26148,0.06726393495,0.252777619,0.431638,0.1110894391,-0.2631177327,2.25718,-0.144687904,-0.2005878667,0.10891
0.603,-0.1106014595,0.2623602487,2.26204,0.06669525362,0.252879969,0.433199,0.1110168178,-0.2632174697,2.25734,-0.1457753786,-0.1984129223,0.102554
0.6035,-0.1105682643,0.2624867329,2.2626,0.06607813654,0.2530588714,0.435052,0.1109436777,-0.2633161353,2.2575,-0.1467640058,-0.1963060083,0.0965232
0.604,-0.1105353896,0.2626133251,2.26317,0.06541304288,0.2533147175,0.437194,0.1108700691,-0.2634137648,2.25764,-0.1476517836,-0.1942699045,0.0908266
0.6045,-0.1105028595,0.2627400639,2.26374,0.06470043778,0.2536478847,0.439628,0.1107960415,-0.2635103944,2.25778,-0.1484367487,-0.1923074046,0.0854737
0.605,-0.1104706974,0.2628669879,2.26432,0.06394078937,0.2540587375,0.442351,0.1107216471,-0.2636060621,2.25791,-0.1491170366,-0.1904213161,0.0804736
0.6055,-0.1104389269,0.262994136,2.2649,0.0631345695,0.2545476265,0.445364,0.1106469393,-0.2637008071,2.25803,-0.1496908549,-0.1886144603,0.0758353
0.606,-0.110407571,0.2631215473,2.26548,0.06228225323,0.2551148887,0.448667,0.1105719717,-0.2637946701,2.25814,-0.1501564842,-0.1868896726,0.0715677
0.6065,-0.1103766526,0.263249261,2.26607,0.06138431809,0.255760848,0.452259,0.1104967992,-0.2638876932,2.25825,-0.1505122855,-0.1852498018,0.0676795
0.607,-0.1103461944,0.2633773166,2.26666,0.0604412462,0.2564858145,0.456141,0.1104214766,-0.2639799199,2.25835,-0.150756677,-0.1836977108,0.0641794
0.6075,-0.1103162191,0.2635057539,2.26726,0.05945352255,0.2572900849,0.46031,0.1103460593,-0.264071395,2.25845,-0.1508881491,-0.1822362764,0.0610759
0.608,-0.1102867487,0.2636346129,2.26786,0.05842162825,0.2581739423,0.464767,0.1102706048,-0.2641621649,2.25854,-0.1509053288,-0.180868389,0.0583773
0.6085,-0.1102578052,0.2637639337,2.26847,0.05734604719,0.2591376565,0.469512,0.1101951707,-0.2642522772,2.25863,-0.1508069115,-0.179596953,0.0560919
0.609,-0.1102294102,0.2638937566,2.26908,0.05622726326,0.2601814835,0.474544,0.1101198153,-0.2643417811,2.25871,-0.1505916862,-0.1784248866,0.0542277
0.6095,-0.1102015853,0.2640241222,2.26971,0.05506576044,0.2613056661,0.479862,0.1100445975,-0.2644307271,2.2588,-0.1502585337,-0.1773551219,0.0527926
0.61,-0.1101743518,0.2641550714,2.27033,0.0538620329,0.2625104333,0.485466,0.1099695751,-0.2645191672,2.25888,-0.1498063408,-0.1763906046,0.0517944
0.6105,-0.1101477306,0.2642866466,2.27097,0.05261655867,0.2637960418,0.491355,0.1098948088,-0.264607159,2.25896,-0.1492342179,-0.1755345594,0.0512412
0.611,-0.1101217425,0.2644189008,2.27162,0.05132981978,0.2651629978,0.49753,0.1098203587,-0.2646947963,2.25904,-0.1485413302,-0.1747919014,0.0511443
0.6115,-0.1100964079,0.2645518498,2.27227,0.05000229617,0.2666107138,0.503987,0.1097462857,-0.2647820604,2.25912,-0.1477269469,-0.1741606153,0.051501
0.612,-0.1100717472,0.2646855361,2.27293,0.04863446524,0.2681393523,0.510726,0.1096726508,-0.2648690146,2.2592,-0.1467904437,-0.1736436796,0.0523184
0.6125,-0.1100477803,0.2648200021,2.2736,0.04722681218,0.2697490469,0.517747,0.1095995146,-0.2649557226,2.25928,-0.1457312222,-0.1732439803,0.0536034
0.613,-0.1100245272,0.2649552897,2.27428,0.04577981226,0.2714399026,0.525048,0.1095269384,-0.2650422491,2.25936,-0.144548845,-0.1729643117,0.0553622
0.6135,-0.1100020074,0.265091441,2.27497,0.04429393364,0.2732119959,0.532628,0.1094549844,-0.2651286589,2.25945,-0.1432430126,-0.172807376,0.0576006
0.614,-0.10998024,0.2652284977,2.27567,0.04276964409,0.2750653744,0.540487,0.1093837143,-0.265215018,2.25954,-0.1418135113,-0.1727757835,0.0603241
0.6145,-0.1099592443,0.2653665014,2.27638,0.0412074073,0.2770000573,0.548623,0.1093131901,-0.2653013925,2.25964,-0.1402602399,-0.1728720522,0.0635379
0.615,-0.109939039,0.2655054933,2.2771,0.03960768783,0.2790160349,0.557036,0.1092434738,-0.2653878495,2.25974,-0.1385831727,-0.1730986084,0.0672468
0.6155,-0.109919643,0.2656455149,2.27783,0.03797095506,0.2811132693,0.565724,0.1091746265,-0.2654744567,2.25984,-0.1367823297,-0.1734577863,0.0714552
0.616,-0.1099010745,0.2657866069,2.27857,0.0362976557,0.2832916934,0.574686,0.1091067106,-0.2655612821,2.25996,-0.1348579768,-0.173951828,0.076167
0.6165,-0.1098833517,0.2659288104,2.27933,0.03458823933,0.2855512119,0.58392,0.1090397877,-0.2656483948,2.26008,-0.1328104384,-0.1745828836,0.0813857
0.617,-0.1098664924,0.2660721658,2.28009,0.03284315048,0.2878917006,0.593426,0.1089739195,-0.2657358642,2.26021,-0.1306401536,-0.1753530113,0.0871145
0.6175,-0.1098505145,0.2662167137,2.28087,0.03106282834,0.2903130067,0.603202,0.1089091673,-0.2658237605,2.26035,-0.128347678,-0.1762641772,0.0933562
0.618,-0.1098354355,0.2663624944,2.28167,0.02924772855,0.292814949,0.613247,0.1088455915,-0.2659121543,2.2605,-0.1259335262,-0.1773182554,0.100113
0.6185,-0.1098212727,0.2665095478,2.28247,0.02739827539,0.2953973173,0.623558,0.108783253,-0.2660011171,2.26066,-0.1233985139,-0.1785170281,0.107388
0.619,-0.1098080431,0.2666579141,2.28329,0.0255148958,0.2980598729,0.634135,0.1087222121,-0.266090721,2.26083,-0.1207435131,-0.1798621853,0.115182
0.6195,-0.1097957636,0.2668076328,2.28413,0.02359801215,0.3008023486,0.644976,0.1086625286,-0.2661810385,2.26102,-0.1179695031,-0.1813553252,0.123495
0.62,-0.1097844508,0.2669587435,2.28497,0.02164804109,0.3036244483,0.65608,0.1086042617,-0.2662721429,2.26121,-0.1150775776,-0.1829979537,0.13233
0.6205,-0.1097741211,0.2671112855,2.28584,0.01966540592,0.3065258475,0.667444,0.1085474701,-0.2663641082,2.26143,-0.1120688566,-0.184791485,0.141686
0.621,-0.1097647909,0.2672652981,2.28671,0.01765052211,0.3095061929,0.679066,0.1084922118,-0.2664570088,2.26165,-0.108944588,-0.1867372411,0.151564
0.6215,-0.109756476,0.2674208202,2.28761,0.0156037882,0.3125651026,0.690945,0.1084385443,-0.26655092,2.2619,-0.1057062106,-0.1888364521,0.161964
0.622,-0.1097491925,0.2675778907,2.28852,0.01352560377,0.3157021662,0.70308,0.1083865242,-0.2666459176,2.26216,-0.1023552266,-0.191090256,0.172883
0.6225,-0.1097429557,0.267736548,2.28944,0.01141636297,0.3189169443,0.715467,0.1083362074,-0.2667420779,2.26243,-0.09889324646,-0.1934996988,0.184323
0.623,-0.1097377813,0.2678968308,2.29038,0.009276458222,0.3222089692,0.728106,0.108287649,-0.266839478,2.26273,-0.09532196192,-0.1960657345,0.19628
0.6235,-0.1097336843,0.2680587772,2.29134,0.007106293963,0.3255777444,0.740993,0.1082409035,-0.2669381957,2.26304,-0.09164304884,-0.1987892252,0.208754
0.624,-0.10973068,0.2682224253,2.29231,0.004906243189,0.3290227449,0.754128,0.1081960239,-0.2670383092,2.26337,-0.08785847105,-0.2016709408,0.221742
0.6245,-0.1097287831,0.268387813,2.2933,0.002676684547,0.3325434169,0.767507,0.1081530626,-0.2671398974,2.26373,-0.08397021941,-0.2047115593,0.235242
0.625,-0.1097280082,0.2685549779,2.29431,0.0004179919906,0.3361391779,0.781129,0.108112071,-0.2672430401,2.2641,-0.07998038349,-0.2079116668,0.24925
0.6255,-0.1097283699,0.2687239577,2.29534,-0.001869465248,0.339809417,0.794991,0.108073099,-0.2673478172,2.2645,-0.07589115087,-0.2112717571,0.263763
0.626,-0.1097298824,0.2688947895,2.29639,-0.004185303315,0.3435534945,0.80909,0.1080361964,-0.2674543098,2.26492,-0.07170467097,-0.2147922322,0.278779
0.6265,-0.1097325598,0.2690675107,2.29745,-0.006529160735,0.3473707421,0.823425,0.108001411,-0.2675625993,2.26536,-0.06742331306,-0.2184734021,0.294292
0.627,-0.1097364161,0.2692421581,2.29853,-0.008900678578,0.3512604627,0.837994,0.1079687894,-0.2676727677,2.26583,-0.06304952666,-0.2223154847,0.3103
0.6275,-0.109741465,0.2694187686,2.29963,-0.01129949857,0.3552219309,0.852792,0.1079383773,-0.2677848977,2.26632,-0.05858582741,-0.2263186058,0.326796
0.628,-0.1097477201,0.2695973786,2.30075,-0.01372526585,0.3592543924,0.867819,0.1079102188,-0.2678990729,2.26684,-0.05403481557,-0.2304827996,0.343775
0.6285,-0.1097551947,0.2697780247,2.3019,-0.0161776204,0.3633570643,0.88307,0.1078843572,-0.268015377,2.26739,-0.04939911487,-0.2348080077,0.361234
0.629,-0.109763902,0.269960746,2.30306,-0.01865620065,0.3675290711,0.898544,0.1078608344,-0.268133909,2.26796,-0.04468139705,-0.2392937517,0.379165
0.6295,-0.1097738551,0.2701455819,2.30424,-0.0211606627,0.3717694597,0.914238,0.1078396905,-0.2682547793,2.26856,-0.03988451596,-0.2439388061,0.397561
0.63,-0.1097850668,0.2703325477,2.30544,-0.02369065752,0.3760777598,0.930149,0.1078209641,-0.2683779774,2.26919,-0.03501134662,-0.2487445486,0.416419
0.6305,-0.1097975499,0.2705216789,2.30666,-0.02624583782,0.3804530193,0.946274,0.1078046926,-0.2685035915,2.26985,-0.03006483262,-0.2537101833,0.435731
0.631,-0.1098113167,0.2707130102,2.30791,-0.02882585683,0.3848942625,0.96261,0.1077909117,-0.2686317082,2.27054,-0.02504797651,-0.2588348133,0.455489
0.6315,-0.1098263797,0.2709065757,2.30917,-0.03143035139,0.3894004905,0.979155,0.107779657,-0.2687624127,2.27126,-0.0199637189,-0.2641174411,0.475687
0.632,-0.1098427509,0.2711024086,2.31046,-0.03405898243,0.3939706809,0.995905,0.1077709607,-0.2688957891,2.27201,-0.01481522513,-0.2695569682,0.496316
0.6325,-0.1098604425,0.2713005417,2.31177,-0.03671140217,0.398603788,1.01286,0.107764854,-0.2690319198,2.2728,-0.009605651491,-0.2751521952,0.517367
0.633,-0.1098794661,0.2715010068,2.3131,-0.03938726262,0.4032987424,1.03001,0.1077613665,-0.2691708861,2.27362,-0.004338204789,-0.2809018219,0.538832
0.6335,-0.1098998335,0.2717038353,2.31445,-0.04208621532,0.4080544516,1.04735,0.107760526,-0.2693127677,2.27447,0.0009838603668,-0.2868044474,0.560701
0.634,-0.109921556,0.2719090576,2.31583,-0.04480790104,0.4128697995,1.06489,0.1077623601,-0.2694576431,2.27535,0.006357317558,-0.2928585697,0.582965
0.6345,-0.1099446449,0.2721167037,2.31723,-0.04755196552,0.4177436467,1.08261,0.1077668934,-0.2696055894,2.27627,0.0117788544,-0.2990625861,0.605616
0.635,-0.1099691113,0.2723268028,2.31865,-0.05031805604,0.4226748304,1.10052,0.1077741488,-0.2697566823,2.27723,0.01724509859,-0.305414793,0.628642
0.6355,-0.1099949663,0.2725393832,2.3201,-0.0531058146,0.4276621643,1.11861,0.1077841477,-0.269910996,2.27822,0.02275266837,-0.311913386,0.652033
0.636,-0.1100222205,0.2727544728,2.32157,-0.05591488051,0.4327044388,1.13688,0.1077969096,-0.2700686037,2.27924,0.02829815414,-0.3185564598,0.67578
0.6365,-0.1100508846,0.2729720987,2.32306,-0.05874488724,0.4378004206,1.15532,0.1078124528,-0.2702295767,2.28031,0.03387814361,-0.3253420082,0.699872
0.637,-0.1100809687,0.2731922873,2.32458,-0.06159545977,0.4429488535,1.17393,0.1078307948,-0.2703939854,2.28141,0.03948924252,-0.3322679243,0.724298
0.6375,-0.1101124831,0.2734150643,2.32612,-0.06446622869,0.4481484574,1.19271,0.1078519495,-0.2705618986,2.28255,0.04512796763,-0.3393320002,0.749047
0.638,-0.1101454379,0.2736404547,2.32769,-0.06735681605,0.4533979291,1.21165,0.1078759295,-0.2707333838,2.28373,0.05079085555,-0.3465319273,0.774108
0.6385,-0.1101798429,0.2738684827,2.32928,-0.07026683897,0.4586959418,1.23075,0.107902746,-0.2709085071,2.28495,0.05647443567,-0.3538652959,0.799469
0.639,-0.1102157078,0.2740991721,2.3309,-0.07319590932,0.4640411454,1.25,0.1079324081,-0.2710873331,2.28621,0.06217523362,-0.3613295958,0.825119
0.6395,-0.1102530417,0.2743325457,2.33254,-0.07614362771,0.4694321664,1.2694,0.1079649253,-0.2712699253,2.2875,0.06788982367,-0.3689222157,0.851045
0.64,-0.1102918541,0.2745686258,2.33421,-0.07910959513,0.4748676079,1.28895,0.1080003026,-0.2714563457,2.28884,0.07361472745,-0.3766404434,0.877237
0.6405,-0.110332154,0.2748074339,2.3359,-0.08209340387,0.4803460494,1.30864,0.1080385442,-0.2716466548,2.29022,0.07934649351,-0.3844814661,0.903681
0.641,-0.1103739502,0.2750489908,2.33762,-0.08509463895,0.4858660473,1.32846,0.1080796524,-0.2718409119,2.29164,0.08508168536,-0.3924423699,0.930365
0.6415,-0.1104172513,0.2752933168,2.33936,-0.08811287786,0.4914261343,1.34842,0.1081236277,-0.2720391749,2.2931,0.09081688344,-0.4005201402,0.957277
0.642,-0.1104620656,0.2755404311,2.34113,-0.09114769005,0.4970248198,1.36851,0.1081704702,-0.2722415003,2.2946,0.09654869694,-0.4087116615,0.984404
0.6425,-0.1105084014,0.2757903527,2.34293,-0.09419863671,0.5026605899,1.38872,0.1082201778,-0.2724479432,2.29615,0.1022737584,-0.4170137175,1.01173
0.643,-0.1105562665,0.2760430995,2.34475,-0.09726527047,0.5083319072,1.40905,0.1082727454,-0.2726585573,2.29774,0.1079887217,-0.425422991,1.03925
0.6435,-0.1106056689,0.276298689,2.3466,-0.1003471348,0.5140372108,1.4295,0.1083281672,-0.2728733952,2.29937,0.1136902777,-0.4339360639,1.06695
0.644,-0.1106566159,0.2765571378,2.34848,-0.1034437636,0.5197749165,1.45005,0.1083864353,-0.2730925077,2.30104,0.1193751538,-0.4425494174,1.0948
0.6445,-0.1107091149,0.2768184618,2.35038,-0.1065546817,0.5255434167,1.47071,0.1084475404,-0.2733159446,2.30276,0.1250401148,-0.4512594316,1.12281
0.645,-0.1107631727,0.2770826765,2.35231,-0.1096794074,0.5313410804,1.49147,0.1085114735,-0.273543754,2.30452,0.130681956,-0.4600623861,1.15095
0.6455,-0.1108187962,0.2773497963,2.35427,-0.1128174427,0.537166253,1.51233,0.1085782212,-0.273775983,2.30632,0.1362975406,-0.4689544593,1.17922
0.646,-0.1108759919,0.2776198351,2.35625,-0.1159682813,0.5430172568,1.53327,0.1086477692,-0.274012677,2.30817,0.1418837748,-0.4779317289,1.20759
0.6465,-0.1109347662,0.2778928062,2.35827,-0.1191314053,0.5488923905,1.5543,0.1087201021,-0.2742538803,2.31006,0.1474376193,-0.4869901719,1.23606
0.647,-0.1109951251,0.2781687221,2.36031,-0.1223062855,0.5547899293,1.57541,0.1087952026,-0.2744996355,2.31199,0.1529560933,-0.4961256642,1.26461
0.6475,-0.1110570742,0.2784475934,2.36237,-0.1254923889,0.5607078432,1.59659,0.1088730535,-0.274749986,2.31397,0.1584362345,-0.5053323718,1.29323
0.648,-0.111120619,0.2787294274,2.36447,-0.1286891625,0.5666443704,1.61785,0.1089536346,-0.2750049659,2.316,0.1638751864,-0.5146053288,1.32189
0.6485,-0.1111857648,0.2790142357,2.36659,-0.1318960419,0.5725988089,1.63916,0.1090369243,-0.2752645999,2.31807,0.1692701565,-0.5239458659,1.3506
0.649,-0.1112525164,0.2793020266,2.36874,-0.1351124509,0.5785693149,1.66054,0.1091228997,-0.2755289204,2.32018,0.1746184165,-0.5333491815,1.37934
0.6495,-0.1113208785,0.2795928073,2.37092,-0.1383378008,0.5845540487,1.68197,0.1092115364,-0.2757979575,2.32234,0.1799173121,-0.5428104836,1.4081
0.65,-0.1113908555,0.2798865843,2.37313,-0.1415714954,0.5905511746,1.70344,0.1093028097,-0.2760717387,2.32454,0.1851642332,-0.5523249904,1.43686
0.6505,-0.1114624511,0.280183363,2.37536,-0.1448129283,0.596558861,1.72496,0.1093966936,-0.2763502893,2.32679,0.1903566326,-0.5618879299,1.46561
0.651,-0.1115356693,0.2804831481,2.37762,-0.1480614691,0.6025752802,1.74652,0.1094931596,-0.2766336323,2.32908,0.195492103,-0.57149454,1.49433
0.6515,-0.1116105135,0.2807859434,2.37991,-0.1513164792,0.6085986087,1.76811,0.1095921784,-0.2769217884,2.33141,0.2005682934,-0.5811400686,1.52301
0.652,-0.1116869866,0.2810917517,2.38223,-0.1545773059,0.614627027,1.78972,0.1096937197,-0.2772147758,2.33379,0.2055829395,-0.5908197733,1.55164
0.6525,-0.1117650915,0.2814005749,2.38458,-0.157843284,0.6206587196,1.81136,0.1097977519,-0.2775126105,2.33622,0.2105338599,-0.600528922,1.5802
0.653,-0.1118448305,0.2817124143,2.38695,-0.1611137521,0.6266918753,1.833,0.1099042441,-0.2778153062,2.33868,0.2154188612,-0.6102627923,1.60868
0.6535,-0.1119262057,0.28202727,2.38936,-0.164388011,0.6327246865,1.85466,0.1100131618,-0.278122874,2.3412,0.2202359811,-0.6200166716,1.63707
0.654,-0.1120092189,0.2823451413,2.39179,-0.1676653566,0.6387553501,1.87631,0.1101244707,-0.2784353229,2.34375,0.2249832986,-0.6297858573,1.66536
0.6545,-0.1120938713,0.2826660268,2.39425,-0.1709450711,0.6447820668,1.89797,0.1102381352,-0.2787526595,2.34635,0.2296589889,-0.639565657,1.69352
0.655,-0.1121801641,0.2829899239,2.39673,-0.1742264224,0.6508030414,1.91961,0.1103541188,-0.2790748882,2.34899,0.2342613253,-0.6493513878,1.72155
0.6555,-0.1122680978,0.2833168294,2.39925,-0.1775086794,0.6568164828,1.94124,0.1104723851,-0.2794020107,2.35168,0.2387885923,-0.659138377,1.74944
0.656,-0.1123576727,0.2836467391,2.40179,-0.1807910874,0.6628206038,1.96285,0.1105928962,-0.2797340267,2.35441,0.2432392322,-0.6689219617,1.77717
0.6565,-0.1124488887,0.283979648,2.40437,-0.184072873,0.6688136214,1.98443,0.1107156132,-0.2800709335,2.35718,0.247611818,-0.6786974889,1.80474
0.657,-0.1125417453,0.28431555,2.40697,-0.1873532536,0.6747937567,2.00597,0.1108404965,-0.280412726,2.36,0.2519049982,-0.6884603156,1.83212
0.6575,-0.1126362415,0.2846544383,2.4096,-0.1906314328,0.6807592347,2.02748,0.110967506,-0.2807593966,2.36286,0.256117525,-0.6982058088,1.85932
0.658,-0.1127323762,0.2849963052,2.41225,-0.1939066076,0.6867082845,2.04894,0.1110966012,-0.2811109358,2.36575,0.2602482149,-0.7079293451,1.88631
0.6585,-0.1128301475,0.2853411421,2.41494,-0.1971779729,0.6926391393,2.07035,0.1112277414,-0.2814673312,2.3687,0.2642959188,-0.7176263114,1.91309
0.659,-0.1129295533,0.2856889395,2.41765,-0.200444688,0.6985500363,2.09171,0.1113608845,-0.2818285686,2.37168,0.2682597297,-0.7272921042,1.93964
0.6595,-0.1130305912,0.286039687,2.42039,-0.2037059093,0.7044392167,2.113,0.1114959883,-0.2821946311,2.3747,0.2721387868,-0.7369221302,1.96596
0.66,-0.1131332582,0.2863933734,2.42316,-0.2069607801,0.7103049258,2.13422,0.1116330101,-0.2825654997,2.37776,0.2759323347,-0.7465118058,1.99204
0.6605,-0.1132375508,0.2867499866,2.42595,-0.2102084313,0.7161454131,2.15536,0.1117719069,-0.2829411528,2.38087,0.2796397245,-0.7560565574,2.01786
0.661,-0.1133434653,0.2871095135,2.42878,-0.2134480074,0.721958932,2.17643,0.1119126359,-0.2833215666,2.38401,0.2832602534,-0.7655518214,2.04341
0.6615,-0.1134509974,0.2874719402,2.43163,-0.2166786103,0.7277437398,2.19741,0.1120551534,-0.2837067151,2.38719,0.2867935141,-0.774993044,2.06869
0.662,-0.1135601423,0.287837252,2.4345,-0.2198993401,0.7334980982,2.21829,0.1121994156,-0.2840965697,2.39042,0.2902391429,-0.7843756814,2.09368
0.6625,-0.113670895,0.2882054332,2.43741,-0.2231092866,0.7392202726,2.23907,0.1123453785,-0.2844910996,2.39368,0.2935968735,-0.7936951997,2.11838
0.663,-0.1137832497,0.2885764673,2.44034,-0.2263075291,0.7449085328,2.25975,0.1124929982,-0.2848902718,2.39697,0.2968665432,-0.8029470748,2.14278
0.6635,-0.1138972005,0.2889503367,2.4433,-0.22949315,0.7505611523,2.28031,0.1126422307,-0.2852940506,2.40031,0.3000480053,-0.8121267926,2.16686
0.664,-0.1140127407,0.2893270232,2.44628,-0.2326652188,0.7561764089,2.30076,0.1127930317,-0.2857023983,2.40368,0.3031412315,-0.8212298492,2.19062
0.6645,-0.1141298635,0.2897065077,2.4493,-0.2358227834,0.7617525843,2.32108,0.1129453574,-0.2861152748,2.40709,0.3061463713,-0.8302517501,2.21406
0.665,-0.1142485611,0.29008877,2.45233,-0.2389648894,0.7672879644,2.34127,0.1130991636,-0.2865326374,2.41054,0.3090636277,-0.8391880111,2.23715
0.6655,-0.1143688258,0.2904737891,2.4554,-0.2420905742,0.7727808391,2.36132,0.1132544065,-0.2869544414,2.41402,0.3118933006,-0.8480341578,2.2599
0.666,-0.1144906489,0.2908615433,2.45849,-0.2451988706,0.7782295022,2.38123,0.1134110424,-0.2873806397,2.41753,0.3146357603,-0.8567857257,2.28229
0.6665,-0.1146140217,0.2912519897,2.46161,-0.2482888223,0.7836319284,2.40099,0.1135690276,-0.2878111211,2.42108,0.3172913553,-0.8654361375,2.30432
0.667,-0.1147389348,0.2916451329,2.46475,-0.2513594379,0.788987313,2.42059,0.113728319,-0.2882459309,2.42467,0.3198607034,-0.8739851297,2.32598
0.6675,-0.1148653781,0.2920409505,2.46792,-0.2544097307,0.7942941003,2.44004,0.1138888736,-0.2886850215,2.42828,0.3223444408,-0.8824288832,2.34727
0.668,-0.1149933412,0.2924394158,2.47111,-0.2574387084,0.7995506729,2.45932,0.1140506488,-0.2891283312,2.43193,0.3247432911,-0.890763206,2.36818
0.6685,-0.1151228132,0.2928405013,2.47433,-0.2604453729,0.8047554434,2.47842,0.1142136026,-0.2895757973,2.43562,0.3270580643,-0.8989840195,2.38871
0.669,-0.1152537828,0.2932441791,2.47757,-0.2634287409,0.809906854,2.49735,0.1143776926,-0.2900273561,2.43933,0.3292895278,-0.9070873584,2.40885
0.6695,-0.1153862382,0.2936504207,2.48084,-0.2663878063,0.8150033769,2.51609,0.1145428775,-0.2904829427,2.44307,0.3314386517,-0.9150693707,2.42858
0.67,-0.1155201668,0.2940591972,2.48413,-0.2693215611,0.8200435136,2.53465,0.1147091167,-0.2909424913,2.44685,0.3335064737,-0.9229263178,2.44792
0.6705,-0.1156555557,0.294470479,2.48744,-0.2722289974,0.8250257958,2.553,0.1148763697,-0.2914059351,2.45065,0.335494088,-0.9306545743,2.46685
0.671,-0.1157923915,0.2948842362,2.49078,-0.2751091053,0.8299487846,2.57116,0.1150445969,-0.2918732061,2.45449,0.3374026619,-0.9382506284,2.48537
0.6715,-0.1159306603,0.295300438,2.49415,-0.2779608812,0.834811071,2.58911,0.1152137588,-0.2923442353,2.45835,0.3392333796,-0.9457110814,2.50347
0.672,-0.1160703478,0.2957190536,2.49753,-0.2807833246,0.8396112758,2.60684,0.1153838164,-0.2928189525,2.46224,0.3409874655,-0.9530326481,2.52115
0.6725,-0.116211439,0.2961400511,2.50094,-0.283575421,0.8443480494,2.62436,0.1155547322,-0.2932972868,2.46615,0.3426663048,-0.9602121566,2.53841
0.673,-0.1163539184,0.2965633984,2.50437,-0.286336163,0.8490200719,2.64165,0.1157264689,-0.2937791658,2.47009,0.3442712975,-0.9672465483,2.55524
0.6735,-0.1164977701,0.2969890629,2.50783,-0.2890645449,0.8536260535,2.65872,0.1158989902,-0.2942645165,2.47406,0.3458039011,-0.9741328779,2.57165
0.674,-0.1166429776,0.2974170113,2.5113,-0.2917595638,0.8581647337,2.67555,0.1160722603,-0.2947532645,2.47806,0.3472656217,-0.9808683136,2.58762
0.6745,-0.1167895242,0.2978472098,2.5148,-0.2944202349,0.862634882,2.69214,0.1162462431,-0.2952453345,2.48207,0.3486579092,-0.9874501368,2.60315
0.675,-0.1169373924,0.2982796242,2.51832,-0.2970455566,0.8670352976,2.70849,0.116420905,-0.29574065,2.48612,0.3499824062,-0.9938757423,2.61825
0.6755,-0.1170865642,0.2987142196,2.52186,-0.2996345395,0.8713648094,2.72459,0.1165962125,-0.2962391337,2.49018,0.351240744,-1.000142638,2.63291
0.676,-0.1172370212,0.2991509607,2.52542,-0.3021861994,0.8756222761,2.74043,0.1167721332,-0.2967407071,2.49427,0.3524345947,-1.006248446,2.64714
0.6765,-0.1173887443,0.2995898116,2.529,-0.3046995579,0.879806586,2.75601,0.1169486355,-0.2972452905,2.49837,0.353565668,-1.012190901,2.66092
0.677,-0.1175417145,0.3000307358,2.53261,-0.3071736509,0.8839166574,2.77133,0.1171256875,-0.2977528035,2.5025,0.3546356481,-1.01796785,2.67426
0.6775,-0.1176959117,0.3004736965,2.53623,-0.309607517,0.8879514381,2.78638,0.1173032593,-0.2982631643,2.50665,0.3556462887,-1.023577256,2.68716
0.678,-0.1178513157,0.3009186561,2.53987,-0.3120002,0.8919099058,2.80116,0.1174813219,-0.2987762901,2.51082,0.3565993893,-1.029017193,2.69961
0.6785,-0.1180079054,0.3013655767,2.54353,-0.3143507554,0.8957910678,2.81566,0.1176598472,-0.2992920974,2.51501,0.3574967545,-1.03428585,2.71162
0.679,-0.1181656597,0.3018144196,2.54721,-0.3166582484,0.8995939613,2.82988,0.117838808,-0.2998105011,2.51922,0.358340208,-1.039381528,2.7232
0.6795,-0.1183245566,0.3022651459,2.55091,-0.3189217563,0.9033176532,2.84381,0.1180181776,-0.3003314155,2.52344,0.3591315736,-1.044302641,2.73433
0.68,-0.1184845743,0.3027177159,2.55462,-0.3211403705,0.90696124,2.85745,0.1181979294,-0.3008547536,2.52768,0.3598726596,-1.049047718,2.74501
0.6805,-0.1186456899,0.3031720895,2.55835,-0.323313189,0.9105238482,2.87079,0.1183780395,-0.3013804273,2.53194,0.3605653367,-1.053615401,2.75526
0.681,-0.1188078803,0.303628226,2.5621,-0.3254393248,0.9140046337,2.88384,0.1185584844,-0.3019083478,2.53621,0.3612114571,-1.058004445,2.76507
0.6815,-0.1189711218,0.3040860842,2.56587,-0.3275179047,0.9174027826,2.89658,0.1187392414,-0.3024384248,2.5405,0.3618128739,-1.062213717,2.77445
0.682,-0.1191353904,0.3045456224,2.56966,-0.3295480695,0.9207175103,2.90902,0.1189202889,-0.3029705673,2.5448,0.3623714377,-1.0662422,2.78338
0.6825,-0.119300662,0.3050067984,2.57345,-0.331528976,0.9239480622,2.92114,0.1191016044,-0.303504683,2.54912,0.362888966,-1.070088988,2.79189
0.683,-0.1194669116,0.3054695693,2.57727,-0.3334597957,0.9270937133,2.93295,0.1192831687,-0.3040406786,2.55344,0.363367299,-1.073753289,2.79996
0.6835,-0.1196341139,0.3059338919,2.5811,-0.3353397172,0.9301537685,2.94445,0.1194649627,-0.3045784598,2.55779,0.363808253,-1.077234426,2.8076
0.684,-0.1198022432,0.3063997222,2.58494,-0.3371679461,0.9331275623,2.95562,0.1196469685,-0.3051179313,2.56214,0.3642136264,-1.080531832,2.81481
0.6845,-0.1199712735,0.3068670159,2.5888,-0.338943706,0.9360144591,2.96647,0.119829169,-0.3056589967,2.5665,0.3645851971,-1.083645057,2.8216
0.685,-0.1201411784,0.307335715,2.59268,-0.3406662363,0.9388141038,2.97699,0.120011547,-0.306201522,2.57087,0.3649247223,-1.086575212,2.82797
0.6855,-0.1203119312,0.3078057858,2.59656,-0.3423347966,0.941525855,2.98718,0.1201940865,-0.3067454495,2.57525,0.3652339315,-1.089321018,2.83392
0.686,-0.1204835046,0.3082772003,2.60046,-0.3439486684,0.9441489373,2.99704,0.1203767733,-0.3072907336,2.57965,0.3655145207,-1.091880699,2.83946
0.6865,-0.1206558712,0.3087499118,2.60438,-0.3455071527,0.9466829253,3.00656,0.1205595939,-0.3078372744,2.58404,0.3657681537,-1.094254636,2.84458
0.687,-0.1208290029,0.3092238735,2.6083,-0.3470095717,0.949127424,3.01575,0.1207425352,-0.3083849729,2.58845,0.3659964572,-1.096443297,2.84929
0.6875,-0.1210028716,0.3096990389,2.61224,-0.3484552678,0.9514820688,3.02459,0.1209255851,-0.3089337315,2.59287,0.3662010239,-1.098447236,2.85359
0.688,-0.121177449,0.3101753613,2.61619,-0.3498435982,0.9537465256,3.03309,0.1211087308,-0.3094834532,2.59729,0.3663834309,-1.100267098,2.85749
0.6885,-0.1213527061,0.3106527944,2.62014,-0.3511739548,0.9559204907,3.04124,0.1212919624,-0.3100340423,2.60171,0.3665451665,-1.101903616,2.86099
0.689,-0.1215286137,0.3111312918,2.62411,-0.3524457485,0.9580036907,3.04905,0.1214752701,-0.3105854041,2.60614,0.3666876874,-1.103357609,2.8641
0.6895,-0.1217051424,0.3116108072,2.62809,-0.3536584144,0.9599958831,3.0565,0.1216586449,-0.311137445,2.61058,0.3668123983,-1.104629988,2.86683
0.69,-0.1218822624,0.3120912943,2.63208,-0.3548114122,0.9618968553,3.06361,0.1218420784,-0.3116900724,2.61502,0.3669206492,-1.105721748,2.86916
0.6905,-0.1220599441,0.312572707,2.63608,-0.3559042135,0.9637064255,3.07036,0.1220255616,-0.3122431947,2.61946,0.3670137903,-1.106633976,2.87112
0.691,-0.122238157,0.3130549993,2.64008,-0.3569363288,0.9654244422,3.07676,0.1222090876,-0.3127967215,2.62391,0.3670930565,-1.107367845,2.87271
0.6915,-0.1224168707,0.3135381251,2.6441,-0.3579072931,0.9670507845,3.0828,0.12239265,-0.3133505631,2.62836,0.3671596258,-1.107924617,2.87392
0.692,-0.1225960545,0.3140220386,2.64812,-0.3588166665,0.9685853617,3.08849,0.122576243,-0.3139046314,2.63281,0.3672146204,-1.108305642,2.87477
0.6925,-0.1227756774,0.3145066939,2.65215,-0.3596640358,0.9700281138,3.09382,0.1227598613,-0.3144588388,2.63726,0.367259096,-1.108512358,2.87526
0.693,-0.1229557084,0.3149920453,2.65618,-0.3604490072,0.9713790111,3.09879,0.1229434994,-0.315013099,2.64171,0.367294078,-1.108546292,2.8754
0.6935,-0.1231361163,0.3154780472,2.66023,-0.3611712105,0.9726380544,3.1034,0.1231271523,-0.3155673269,2.64616,0.3673205399,-1.108409059,2.87518
0.694,-0.1233168695,0.3159646538,2.66427,-0.3618303186,0.9738052749,3.10765,0.1233108165,-0.3161214381,2.65061,0.3673393147,-1.108102361,2.87462
0.6945,-0.1234979364,0.3164518198,2.66833,-0.3624260256,0.9748807342,3.11154,0.1234944884,-0.3166753495,2.65506,0.3673511943,-1.107627991,2.87372
0.695,-0.1236792852,0.3169394996,2.67238,-0.3629580543,0.9758645245,3.11506,0.123678165,-0.317228979,2.65951,0.367356895,-1.106987828,2.87248
0.6955,-0.123860884,0.317427648,2.67645,-0.3634261553,0.9767567684,3.11823,0.1238618434,-0.3177822455,2.66395,0.3673570632,-1.106183839,2.87092
0.696,-0.1240427009,0.3179162196,2.68051,-0.3638300853,0.9775576189,3.12103,0.1240455201,-0.3183350689,2.66839,0.3673523795,-1.105218082,2.86902
0.6965,-0.1242247037,0.3184051692,2.68458,-0.3641696615,0.9782672595,3.12347,0.1242291933,-0.3188873703,2.67283,0.3673432936,-1.104092699,2.86681
0.697,-0.1244068602,0.3188944518,2.68865,-0.3644447191,0.9788859039,3.12555,0.124412861,-0.3194390718,2.67727,0.367330233,-1.102809924,2.86429
0.6975,-0.1245891379,0.3193840223,2.69273,-0.3646551227,0.9794137967,3.12727,0.1245965215,-0.3199900963,2.6817,0.3673135448,-1.101372078,2.86146
0.698,-0.1247715047,0.3198738357,2.69681,-0.3648007673,0.9798512126,3.12863,0.124780173,-0.3205403682,2.68613,0.3672934934,-1.09978157,2.85832
0.6985,-0.1249539281,0.3203638472,2.70088,-0.3648815589,0.9801984568,3.12962,0.1249638136,-0.3210898126,2.69055,0.3672703543,-1.098040897,2.85488
0.699,-0.1251363756,0.3208540119,2.70496,-0.3648974462,0.9804558651,3.13026,0.1251474418,-0.3216383558,2.69496,0.3672442582,-1.096152644,2.85115
0.6995,-0.1253188149,0.3213442852,2.70904,-0.3648484142,0.9806238036,3.13054,0.1253310561,-0.322185925,2.69938,0.367215223,-1.094119486,2.84713
0.7,-0.1255012135,0.3218346223,2.71312,-0.3647344721,0.9807026688,3.13045,0.1255146554,-0.3227324486,2.70378,0.3671832117,-1.091944185,2.84283
0.7005,-0.1256835388,0.3223249787,2.7172,-0.3645556598,0.9806928879,3.13001,0.125698238,-0.323277856,2.70818,0.3671481032,-1.08962959,2.83826
0.701,-0.1258657584,0.3228153099,2.72128,-0.364312039,0.9805949182,3.12922,0.1258818024,-0.3238220777,2.71257,0.3671097343,-1.087178641,2.83341
0.7015,-0.1260478401,0.3233055716,2.72536,-0.3640036877,0.9804092478,3.12807,0.1260653466,-0.3243650451,2.71695,0.3670679285,-1.084594365,2.82829
0.702,-0.1262297515,0.3237957193,2.72944,-0.3636307415,0.980136395,3.12657,0.1262488689,-0.3249066908,2.72132,0.367022289,-1.081879876,2.82291
0.7025,-0.1264114602,0.3242857088,2.73351,-0.3631933539,0.9797769087,3.12471,0.1264323675,-0.3254469483,2.72569,0.366972396,-1.079038378,2.81728
0.703,-0.1265929342,0.324775496,2.73758,-0.3626917085,0.979331368,3.12251,0.12661584,-0.3259857523,2.73005,0.3669177486,-1.076073163,2.81139
0.7035,-0.1267741413,0.3252650357,2.74165,-0.3621260184,0.97880047,3.11996,0.126799284,-0.3265230392,2.73439,0.366857764,-1.072988107,2.80527
0.704,-0.1269550496,0.3257542786,2.74571,-0.3614964955,0.9781853299,3.11706,0.1269826966,-0.3270587543,2.73873,0.3667919367,-1.069789274,2.79891
0.7045,-0.1271356273,0.3262431963,2.74977,-0.3608034182,0.9774854998,3.11382,0.1271660747,-0.3275928332,2.74306,0.3667194935,-1.066473697,2.79231
0.705,-0.1273158425,0.3267317458,2.75383,-0.3600470816,0.9767017195,3.11024,0.1273494147,-0.3281252202,2.74737,0.3666396448,-1.063045152,2.78547
0.7055,-0.1274956639,0.3272198847,2.75788,-0.3592278087,0.9758347395,3.10631,0.1275327129,-0.3286558613,2.75168,0.3665515309,-1.059507392,2.77841
0.706,-0.1276750599,0.3277075709,2.76193,-0.3583459509,0.9748853213,3.10205,0.1277159647,-0.329184704,2.75598,0.3664542169,-1.055864139,2.77112
0.7065,-0.1278539994,0.3281947627,2.76597,-0.3574018714,0.9738542371,3.09746,0.1278991654,-0.3297116977,2.76026,0.3663467774,-1.052119093,2.76361
0.707,-0.1280324514,0.3286814191,2.77,-0.3563959647,0.9727422697,3.09253,0.1280823099,-0.3302367933,2.76453,0.3662281977,-1.048275924,2.75589
0.7075,-0.1282103851,0.3291674995,2.77403,-0.3553286674,0.9715502129,3.08727,0.128265392,-0.3307599434,2.76879,0.3660973204,-1.044338279,2.74797
0.708,-0.1283877698,0.3296529637,2.77805,-0.3542004342,0.9702788712,3.08169,0.1284484054,-0.3312811022,2.77304,0.3659529639,-1.040309774,2.73984
0.7085,-0.1285645754,0.3301377721,2.78206,-0.3530117468,0.9689290598,3.07578,0.1286313429,-0.3318002256,2.77727,0.3657938807,-1.036194002,2.73151
0.709,-0.1287407716,0.3306218854,2.78607,-0.3517631082,0.9675016048,3.06956,0.1288141968,-0.3323172712,2.7815,0.3656187842,-1.03199453,2.72298
0.7095,-0.1289163285,0.3311052649,2.79006,-0.3504550262,0.9659973431,3.06301,0.1289969594,-0.3328321982,2.7857,0.3654264318,-1.027714895,2.71427
0.71,-0.1290912166,0.3315878723,2.79405,-0.3490880662,0.9644171221,3.05616,0.1291796211,-0.3333449674,2.7899,0.3652153603,-1.023358611,2.70537
0.7105,-0.1292654066,0.3320696699,2.79803,-0.347662805,0.9627618004,3.04899,0.1293621724,-0.3338555415,2.79408,0.3649841165,-1.018929163,2.69629
0.711,-0.1294388696,0.3325506204,2.802,-0.3461798435,0.9610322471,3.04151,0.1295446025,-0.3343638845,2.79825,0.3647311941,-1.014430011,2.68703
0.7115,-0.1296115768,0.3330306869,2.80596,-0.3446398067,0.9592293422,3.03374,0.1297269002,-0.3348699622,2.8024,0.3644550359,-1.009864588,2.6776
0.712,-0.1297834998,0.3335098331,2.80991,-0.3430433198,0.9573539763,3.02566,0.1299090542,-0.3353737423,2.80654,0.3641541486,-1.005236302,2.668
0.7125,-0.1299546106,0.333988023,2.81384,-0.3413910527,0.9554070509,3.01728,0.1300910513,-0.3358751937,2.81066,0.3638268855,-1.000548531,2.65823
0.713,-0.1301248814,0.3344652214,2.81777,-0.3396836948,0.9533894785,3.00862,0.1302728779,-0.3363742874,2.81477,0.3634715684,-0.9958046303,2.64829
0.7135,-0.1302942849,0.3349413931,2.82169,-0.3379219534,0.9513021819,2.99966,0.1304545193,-0.3368709958,2.81886,0.3630864974,-0.9910079263,2.6382
0.714,-0.1304627942,0.3354165038,2.82559,-0.3361065566,0.949146095,2.99042,0.1306359602,-0.337365293,2.82293,0.362669937,-0.98616172,2.62794
0.7145,-0.1306303825,0.3358905194,2.82948,-0.3342382431,0.9469221625,2.9809,0.1308171845,-0.3378571547,2.82699,0.3622201643,-0.9812692855,2.61753
0.715,-0.1307970235,0.3363634065,2.83336,-0.3323177665,0.9446313398,2.9711,0.1309981759,-0.3383465584,2.83104,0.3617354492,-0.9763338707,2.60697
0.7155,-0.1309626913,0.3368351321,2.83723,-0.3303459156,0.942274593,2.96103,0.1311789158,-0.3388334832,2.83507,0.3612139558,-0.9713586966,2.59627
0.716,-0.1311273606,0.3373056634,2.84108,-0.3283234891,0.9398528991,2.95069,0.1313593854,-0.3393179098,2.83908,0.3606538645,-0.9663469581,2.58541
0.7165,-0.1312910062,0.3377749685,2.84492,-0.3262513027,0.9373672458,2.94008,0.1315395645,-0.3397998205,2.84307,0.3600533374,-0.9613018236,2.57441
0.717,-0.1314536036,0.3382430157,2.84874,-0.3241301879,0.9348186317,2.92922,0.1317194325,-0.3402791995,2.84705,0.3594105261,-0.9562264347,2.56327
0.7175,-0.1316151281,0.3387097738,2.85255,-0.3219609739,0.9322080659,2.9181,0.1318989691,-0.3407560325,2.85101,0.3587236541,-0.9511239069,2.55199
0.718,-0.1317755562,0.3391752123,2.85635,-0.3197445293,0.9295365687,2.90673,0.1320781508,-0.3412303067,2.85495,0.3579908243,-0.9459973289,2.54057
0.7185,-0.1319348644,0.3396393008,2.86013,-0.3174817274,0.9268051708,2.89511,0.1322569543,-0.3417020112,2.85887,0.3572101784,-0.9408497632,2.52902
0.719,-0.1320930299,0.3401020097,2.8639,-0.3151734551,0.9240149138,2.88324,0.1324353548,-0.3421711367,2.86278,0.3563798578,-0.9356842455,2.51734
0.7195,-0.1322500302,0.3405633097,2.86765,-0.3128206124,0.9211668502,2.87114,0.1326133269,-0.3426376755,2.86666,0.3554980063,-0.9305037852,2.50553
0.72,-0.132405843,0.341023172,2.87138,-0.3104241015,0.9182620432,2.85881,0.1327908452,-0.3431016216,2.87053,0.3545628154,-0.9253113653,2.49359
0.7205,-0.1325604467,0.3414815683,2.8751,-0.3079848425,0.9153015666,2.84624,0.1329678827,-0.3435629707,2.87438,0.3535724592,-0.9201099422,2.48153
0.721,-0.1327138203,0.3419384708,2.8788,-0.3055037689,0.9122865054,2.83346,0.1331444108,-0.3440217199,2.87822,0.3525251133,-0.9149024458,2.46934
0.7215,-0.1328659432,0.3423938522,2.88248,-0.3029818209,0.9092179549,2.82045,0.1333204004,-0.3444778683,2.88203,0.3514189828,-0.9096917796,2.45704
0.722,-0.1330167951,0.3428476854,2.88615,-0.3004199479,0.9060970214,2.80723,0.1334958215,-0.3449314164,2.88582,0.3502522944,-0.9044808204,2.44461
0.7225,-0.1331663564,0.343299948,2.8898,-0.2978191051,0.9029249162,2.79379,0.1336706435,-0.3453824081,2.8896,0.3490233072,-0.8992727976,2.43207
0.723,-0.1333146075,0.343750611,2.89343,-0.2951802512,0.8997024495,2.78016,0.133844836,-0.3458307877,2.89335,0.3477303222,-0.8940694127,2.41941
0.7235,-0.1334615299,0.344199648,2.89705,-0.2925043596,0.8964306379,2.76632,0.1340183657,-0.3462765406,2.89709,0.3463716459,-0.8888729165,2.40664
0.724,-0.1336071053,0.3446470353,2.90065,-0.2897924058,0.893110577,2.75228,0.1341911991,-0.3467196772,2.9008,0.3449456319,-0.883685776,2.39376
0.7245,-0.133751316,0.3450927493,2.90422,-0.287045371,0.889743358,2.73806,0.1343633021,-0.3471602083,2.9045,0.3434506729,-0.8785103736,2.38076
0.725,-0.1338941447,0.3455367671,2.90778,-0.2842642403,0.8863300671,2.72364,0.1345346393,-0.3475981451,2.90817,0.3418852043,-0.8733490069,2.36765
0.7255,-0.1340355744,0.3459790664,2.91132,-0.2814499999,0.8828717857,2.70905,0.1347051769,-0.3480334994,2.91183,0.3402477038,-0.8682038885,2.35444
0.726,-0.1341755888,0.346419625,2.91484,-0.2786036423,0.8793695906,2.69428,0.1348748775,-0.3484662831,2.91546,0.338536703,-0.8630771465,2.34112
0.7265,-0.1343141722,0.3468584217,2.91835,-0.2757261611,0.8758245537,2.67933,0.1350437039,-0.3488965088,2.91908,0.3367507844,-0.8579708238,2.32769
0.727,-0.1344513094,0.3472954354,2.92183,-0.272818551,0.8722377424,2.66422,0.135211618,-0.3493241896,2.92267,0.3348885869,-0.8528868788,2.31416
0.7275,-0.1345869856,0.3477306457,2.92529,-0.2698818077,0.8686102189,2.64895,0.1353785812,-0.3497493387,2.92624,0.3329488083,-0.8478271851,2.30052
0.728,-0.1347211862,0.3481640326,2.92873,-0.2669169283,0.8649430411,2.63352,0.1355445551,-0.3501719701,2.92979,0.3309301896,-0.8427935313,2.28678
0.7285,-0.1348538975,0.3485955767,2.93216,-0.2639249088,0.8612372619,2.61794,0.1357095003,-0.350592098,2.93332,0.3288315413,-0.8377876214,2.27294
0.729,-0.1349851062,0.3490252591,2.93556,-0.2609067425,0.8574939294,2.6022,0.1358733758,-0.3510097371,2.93683,0.3266517593,-0.8328110744,2.25899
0.7295,-0.1351147995,0.3494530611,2.93894,-0.2578634218,0.8537140871,2.58633,0.1360361408,-0.3514249026,2.94031,0.3243898004,-0.8278654247,2.24495
0.73,-0.1352429652,0.349878965,2.9423,-0.2547959357,0.8498987738,2.57031,0.1361977538,-0.35183761,2.94378,0.3220446959,-0.8229521217,2.23081
0.7305,-0.1353695913,0.3503029531,2.94564,-0.2517052718,0.8460490232,2.55417,0.1363581727,-0.3522478754,2.94722,0.3196155424,-0.8180725301,2.21657
0.731,-0.1354946664,0.3507250086,2.94896,-0.2485924191,0.8421658645,2.53789,0.1365173568,-0.352655715,2.95064,0.3171014681,-0.8132279299,2.20223
0.7315,-0.1356181796,0.3511451148,2.95225,-0.2454583533,0.8382503223,2.52149,0.1366752625,-0.353061146,2.95404,0.3145017569,-0.808419516,2.1878
0.732,-0.1357401208,0.3515632559,2.95553,-0.2423040481,0.834303416,2.50496,0.1368318466,-0.3534641854,2.95741,0.3118157467,-0.8036483989,2.17327
0.7325,-0.13586048,0.3519794164,2.95878,-0.2391304718,0.8303261606,2.48832,0.1369870658,-0.3538648512,2.96077,0.3090428617,-0.7989156039,2.15865
0.733,-0.1359792479,0.3523935812,2.96202,-0.2359385861,0.8263195663,2.47158,0.1371408762,-0.3542631614,2.9641,0.3061826152,-0.7942220718,2.14393
0.7335,-0.1360964154,0.3528057358,2.96523,-0.2327293568,0.8222846383,2.45472,0.1372932351,-0.3546591346,2.9674,0.3032345302,-0.7895686584,2.12912
0.734,-0.1362119741,0.3532158663,2.96841,-0.2295037313,0.8182223774,2.43776,0.137444098,-0.3550527899,2.97069,0.3001983011,-0.7849561348,2.11422
0.7345,-0.136325916,0.3536239591,2.97158,-0.2262626505,0.8141337794,2.42071,0.1375934208,-0.3554441468,2.97395,0.2970737085,-0.7803851872,2.09922
0.735,-0.1364382338,0.3540300012,2.97472,-0.2230070479,0.8100198353,2.40356,0.137741159,-0.3558332251,2.97719,0.2938606172,-0.7758564172,2.08414
0.7355,-0.1365489205,0.3544339801,2.97785,-0.2197378484,0.8058815316,2.38633,0.1378872681,-0.3562200453,2.9804,0.2905589893,-0.7713703413,2.06897
0.736,-0.1366579693,0.3548358837,2.98094,-0.2164559744,0.8017198497,2.36901,0.1380317042,-0.356604628,2.98359,0.2871688377,-0.7669273914,2.05371
0.7365,-0.1367653741,0.3552357006,2.98402,-0.2131623416,0.7975357667,2.35161,0.1381744235,-0.3569869945,2.98676,0.2836902534,-0.7625279146,2.03836
0.737,-0.1368711294,0.3556334198,2.98707,-0.2098578432,0.7933302544,2.33414,0.1383153815,-0.3573671664,2.9899,0.2801235127,-0.7581721732,2.02292
0.7375,-0.1369752299,0.3560290306,2.99011,-0.2065433677,0.7891042803,2.31659,0.1384545341,-0.3577451657,2.99302,0.2764689534,-0.7538603445,2.0074
0.738,-0.1370776709,0.3564225231,2.99311,-0.2032197926,0.784858807,2.29898,0.1385918372,-0.3581210151,2.99612,0.2727270162,-0.7495925213,1.9918
0.7385,-0.1371784481,0.3568138876,2.9961,-0.199887985,0.7805947921,2.28131,0.1387272474,-0.3584947374,2.99919,0.2688982374,-0.7453687112,1.97611
0.739,-0.1372775574,0.3572031152,2.99906,-0.1965488204,0.7763131888,2.26358,0.138860722,-0.3588663559,3.00224,0.2649831266,-0.7411888375,1.96034
0.7395,-0.1373749954,0.3575901974,3.002,-0.1932031355,0.7720149453,2.24579,0.1389922176,-0.3592358946,3.00526,0.260982475,-0.7370527383,1.94448
0.74,-0.1374707592,0.3579751259,3.00491,-0.1898517649,0.7677010052,2.22796,0.1391216916,-0.3596033776,3.00826,0.2568971103,-0.732960167,1.92855
0.7405,-0.1375648461,0.3583578934,3.00781,-0.1864955307,0.7633723073,2.21008,0.1392491018,-0.3599688296,3.01123,0.2527279646,-0.7289107924,1.91254
0.741,-0.1376572538,0.3587384951,3.01068,-0.1831352425,0.7590295987,2.19215,0.1393744064,-0.3603322844,3.01418,0.2484760759,-0.7249029698,1.89644
0.7415,-0.1377479806,0.3591169259,3.01352,-0.1797717127,0.7546737066,2.17419,0.1394975647,-0.3606937609,3.0171,0.2441424817,-0.720936329,1.88027
0.742,-0.1378370249,0.3594931735,3.01634,-0.17640573,0.7503059843,2.1562,0.1396185362,-0.3610532555,3.02,0.2397283946,-0.7170136067,1.86403
0.7425,-0.1379243857,0.3598672327,3.01914,-0.1730380646,0.745927287,2.13817,0.1397372807,-0.361410792,3.02287,0.2352351625,-0.7131338534,1.84772
0.743,-0.1380100625,0.3602390986,3.02192,-0.1696694783,0.7415384667,2.12012,0.139853759,-0.3617663934,3.02572,0.2306642055,-0.7092960985,1.83133
0.7435,-0.138094055,0.3606087667,3.02467,-0.1663007193,0.7371403725,2.10205,0.1399679326,-0.362120082,3.02854,0.2260170462,-0.7054993504,1.81488
0.744,-0.1381763632,0.3609762329,3.0274,-0.162932529,0.7327338502,2.08396,0.1400797639,-0.3624718797,3.03134,0.2212952648,-0.7017425965,1.79836
0.7445,-0.1382569875,0.3613414935,3.0301,-0.1595656466,0.7283197426,2.06586,0.1401892159,-0.3628218071,3.03411,0.2165004678,-0.698024803,1.78178
0.745,-0.1383359289,0.361704545,3.03278,-0.1562007747,0.7238988896,2.04774,0.1402962526,-0.3631698848,3.03685,0.2116345081,-0.6943449154,1.76513
0.7455,-0.1384131886,0.3620653845,3.03544,-0.1528386119,0.7194721279,2.02962,0.140400839,-0.3635161321,3.03957,0.206699273,-0.6907018578,1.74842
0.746,-0.138488768,0.3624240095,3.03807,-0.149479843,0.7150402911,2.0115,0.1405029407,-0.3638605679,3.04227,0.2016967461,-0.6870945335,1.73164
0.7465,-0.138562669,0.3627804178,3.04068,-0.1461251392,0.71060421,1.99337,0.1406025249,-0.3642032104,3.04493,0.1966290069,-0.6835218247,1.71481
0.747,-0.1386348938,0.3631346075,3.04327,-0.1427751834,0.7061647121,1.97524,0.1406995591,-0.364544077,3.04758,0.1914980647,-0.6799825926,1.69791
0.7475,-0.138705445,0.3634865772,3.04583,-0.1394306139,0.7017226219,1.95713,0.1407940124,-0.3648831844,3.05019,0.1863062177,-0.6764756773,1.68097
0.748,-0.1387743253,0.363836326,3.04837,-0.1360920655,0.6972787608,1.93902,0.140885855,-0.3652205488,3.05278,0.1810557887,-0.6729998979,1.66397
0.7485,-0.138841538,0.3641838532,3.05088,-0.1327601604,0.6928339473,1.92093,0.1409750583,-0.3655561853,3.05534,0.1757491816,-0.6695540524,1.64691
0.749,-0.1389070866,0.3645291586,3.05338,-0.1294355074,0.6883889966,1.90285,0.1410615949,-0.3658901087,3.05788,0.170388886,-0.6661369181,1.62981
0.7495,-0.1389709748,0.3648722422,3.05584,-0.1261187155,0.6839447212,1.88479,0.1411454383,-0.3662223328,3.06039,0.1649773902,-0.6627472507,1.61266
0.75,-0.1390332067,0.3652131046,3.05829,-0.1228103778,0.6795019301,1.86675,0.1412265634,-0.3665528709,3.06287,0.1595172822,-0.6593837855,1.59547
0.7505,-0.1390937867,0.3655517468,3.06071,-0.1195110625,0.6750614296,1.84875,0.1413049469,-0.3668817356,3.06533,0.1540112993,-0.6560452362,1.57824
0.751,-0.1391527194,0.3658881699,3.06311,-0.1162213322,0.6706240228,1.83077,0.1413805665,-0.3672089386,3.06776,0.148462211,-0.6527302958,1.56097
0.7515,-0.1392100097,0.3662223758,3.06548,-0.1129417373,0.6661905098,1.81282,0.1414534016,-0.3675344911,3.07016,0.1428728585,-0.6494376363,1.54367
0.752,-0.1392656629,0.3665543665,3.06783,-0.1096728195,0.6617616874,1.79491,0.1415234326,-0.3678584035,3.07254,0.1372461282,-0.6461659085,1.52633
0.7525,-0.1393196844,0.3668841444,3.07016,-0.1064151252,0.6573383498,1.77704,0.141590641,-0.3681806854,3.07489,0.1315848712,-0.6429137421,1.50896
0.753,-0.13937208,0.3672117124,3.07247,-0.1031691635,0.6529212877,1.75921,0.1416550107,-0.368501346,3.07721,0.1258921583,-0.6396797461,1.49157
0.7535,-0.1394228557,0.3675370737,3.07475,-0.09993544271,0.648511289,1.74142,0.1417165268,-0.3688203935,3.0795,0.1201710558,-0.6364625082,1.47416
0.754,-0.1394720176,0.367860232,3.07701,-0.09671445995,0.6441091385,1.72369,0.1417751761,-0.3691378356,3.08177,0.1144246857,-0.6332605951,1.45672
0.7545,-0.1395195724,0.3681811913,3.07924,-0.09350670158,0.6397156179,1.706,0.141830947,-0.3694536791,3.08401,0.1086562231,-0.6300725525,1.43927
0.755,-0.1395655267,0.368499956,3.08145,-0.09031266087,0.6353315057,1.68837,0.1418838281,-0.3697679302,3.08623,0.1028687875,-0.6268969051,1.42181
0.7555,-0.1396098875,0.3688165308,3.08364,-0.08713280402,0.6309575778,1.67079,0.1419338112,-0.3700805945,3.08842,0.09706564659,-0.6237321565,1.40434
0.756,-0.1396526621,0.369130921,3.08581,-0.08396758933,0.6265946064,1.65328,0.1419808896,-0.3703916768,3.09058,0.09125009949,-0.6205767895,1.38686
0.7565,-0.1396938578,0.369443132,3.08795,-0.08081746828,0.6222433613,1.63582,0.1420250579,-0.3707011811,3.09271,0.08542546787,-0.6174292655,1.36938
0.757,-0.1397334823,0.3697531699,3.09007,-0.07768288342,0.6179046087,1.61844,0.1420663127,-0.3710091109,3.09482,0.07959510796,-0.614288025,1.3519
0.7575,-0.1397715434,0.370061041,3.09217,-0.07456427551,0.6135791121,1.60112,0.1421046515,-0.3713154688,3.0969,0.07376236612,-0.6111514877,1.33442
0.758,-0.1398080494,0.3703667521,3.09425,-0.07146208019,0.6092676317,1.58387,0.1421400734,-0.3716202569,3.09895,0.06793059729,-0.6080180521,1.31696
0.7585,-0.1398430085,0.3706703101,3.0963,-0.06837671353,0.6049709249,1.56669,0.1421725803,-0.3719234764,3.10097,0.06210324961,-0.6048860955,1.2995
0.759,-0.1398764292,0.3709717227,3.09833,-0.06530858996,0.6006897458,1.54959,0.1422021755,-0.3722251279,3.10297,0.05628375596,-0.6017539744,1.28206
0.7595,-0.1399083202,0.3712709977,3.10034,-0.06225811703,0.5964248455,1.53257,0.142228864,-0.3725252114,3.10494,0.05047556382,-0.5986200242,1.26464
0.76,-0.1399386904,0.3715681462,3.10233,-0.05922569653,0.5921766233,1.51563,0.1422526524,-0.3728236882,3.10689,0.04468212719,-0.595480736,1.24724
0.7605,-0.1399675491,0.3718631758,3.10429,-0.05621173596,0.5879462858,1.49877,0.1422735474,-0.3731206147,3.1088,0.03890683921,-0.5923383145,1.22986
0.761,-0.1399949056,0.3721560951,3.10623,-0.05321662124,0.583734597,1.48201,0.14229156,-0.3734159879,3.11069,0.03315318733,-0.5891913495,1.21252
0.7615,-0.1400207692,0.3724469136,3.10815,-0.05024073923,0.5795422883,1.46533,0.142306702,-0.3737098005,3.11256,0.02742462239,-0.586038253,1.19522
0.762,-0.1400451498,0.372735641,3.11005,-0.04728447209,0.5753700937,1.44874,0.142318987,-0.3740020448,3.11439,0.02172458941,-0.5828775056,1.17795
0.7625,-0.1400680572,0.3730222876,3.11193,-0.04434819766,0.5712187507,1.43225,0.1423284303,-0.3742927132,3.1162,0.01605652403,-0.5797076571,1.16073
0.763,-0.1400895016,0.3733068638,3.11379,-0.0414322952,0.5670889995,1.41586,0.1423350478,-0.3745817976,3.11799,0.01042381996,-0.5765273262,1.14356
0.7635,-0.1401094932,0.3735893806,3.11562,-0.03853713692,0.5629815836,1.39956,0.142338858,-0.3748692901,3.11975,0.004829872586,-0.5733352007,1.12645
0.764,-0.1401280425,0.3738698493,3.11743,-0.03566309045,0.5588972495,1.38337,0.1423398817,-0.3751551823,3.12148,-0.000721935926,-0.5701300373,1.10938
0.7645,-0.1401451602,0.3741482817,3.11923,-0.03281052242,0.5548367468,1.36729,0.1423381409,-0.3754394658,3.12318,-0.006228257475,-0.5669106618,1.09238
0.765,-0.1401608569,0.3744246898,3.121,-0.02997979733,0.5508008282,1.35131,0.1423336594,-0.3757221321,3.12486,-0.01168577367,-0.5636759689,1.07545
0.7655,-0.1401751438,0.3746990861,3.12275,-0.02717127871,0.5467902492,1.33545,0.1423264624,-0.3760031724,3.12651,-0.01709120207,-0.5604249225,1.05858
0.766,-0.1401880322,0.3749714836,3.12448,-0.02438533003,0.5428057688,1.31969,0.1423165753,-0.3762825779,3.12814,-0.02244130158,-0.5571565551,1.04179
0.7665,-0.1401995333,0.3752418954,3.12619,-0.02162231141,0.5388481486,1.30406,0.1423040277,-0.3765603394,3.12974,-0.02773286449,-0.5538699685,1.02508
0.767,-0.1402096587,0.3755103352,3.12788,-0.01888258353,0.5349181538,1.28854,0.1422888497,-0.3768364476,3.13131,-0.03296273159,-0.5505643335,1.00845
0.7675,-0.1402184201,0.375776817,3.12955,-0.01616650707,0.5310165521,1.27314,0.1422710732,-0.3771108933,3.13286,-0.03812779266,-0.5472388899,0.991906
0.768,-0.1402258293,0.3760413553,3.1312,-0.01347444301,0.5271441148,1.25787,0.1422507318,-0.3773836668,3.13438,-0.04322499025,-0.5438929462,0.975457
0.7685,-0.1402318988,0.376303965,3.13283,-0.01080675055,0.5233016158,1.24272,0.1422278583,-0.3776547583,3.13588,-0.04825129805,-0.5405258804,0.959104
0.769,-0.1402366405,0.3765646611,3.13444,-0.008163792979,0.5194898323,1.2277,0.1422024898,-0.3779241581,3.13735,-0.05320377971,-0.537137139,0.942852
0.7695,-0.1402400671,0.3768234593,3.13603,-0.005545934026,0.5157095447,1.21281,0.1421746642,-0.3781918559,3.1388,-0.05807955202,-0.5337262379,0.926707
0.77,-0.140242191,0.3770803756,3.1376,-0.002953539133,0.5119615362,1.19806,0.1421444208,-0.3784578416,3.14022,-0.06287579761,-0.5302927617,0.910673
0.7705,-0.1402430251,0.3773354263,3.13915,-0.0003869759155,0.5082465933,1.18345,0.1421118003,-0.3787221048,3.14162,-0.06758976926,-0.5268363641,0.894755
0.771,-0.1402425825,0.3775886282,3.14068,0.002153389585,0.5045655052,1.16897,0.1420768437,-0.3789846349,3.14299,-0.07221876225,-0.5233567679,0.878957
0.7715,-0.1402408764,0.3778399985,3.1422,0.004667187598,0.5009190647,1.15464,0.1420395938,-0.3792454212,3.14434,-0.0767601554,-0.5198537649,0.863284
0.772,-0.1402379201,0.3780895546,3.14369,0.007154041832,0.4973080672,1.14045,0.1420000956,-0.3795044527,3.14566,-0.08121143303,-0.5163272156,0.847741
0.7725,-0.1402337272,0.3783373144,3.14517,0.00961357469,0.4937333115,1.12641,0.141958395,-0.3797617185,3.14696,-0.08557014611,-0.5127770498,0.832332
0.773,-0.1402283114,0.3785832964,3.14663,0.01204540493,0.4901955992,1.11252,0.1419145392,-0.3800172072,3.14824,-0.08983393077,-0.5092032663,0.817062
0.7735,-0.1402216866,0.3788275192,3.14807,0.01444914941,0.4866957351,1.09878,0.141868576,-0.3802709076,3.14949,-0.09400049664,-0.5056059327,0.801935
0.774,-0.1402138671,0.3790700018,3.14949,0.01682442943,0.4832345272,1.08521,0.1418205535,-0.3805228079,3.15072,-0.09806758237,-0.5019851857,0.786957
0.7745,-0.1402048672,0.3793107638,3.1509,0.0191708487,0.4798127862,1.07178,0.1417705227,-0.3807728966,3.15193,-0.1020331145,-0.4983412311,0.772131
0.775,-0.1401947014,0.3795498249,3.15229,0.02148801175,0.4764313263,1.05853,0.1417185351,-0.3810211617,3.15311,-0.1058950763,-0.4946743435,0.757463
0.7755,-0.1401833844,0.3797872055,3.15366,0.02377551845,0.4730909644,1.04543,0.1416646431,-0.3812675911,3.15427,-0.109651548,-0.4909848667,0.742956
0.776,-0.140170931,0.3800229262,3.15501,0.02603296365,0.4697925207,1.0325,0.1416089001,-0.3815121726,3.15541,-0.1133007102,-0.4872732132,0.728615
0.7765,-0.1401573566,0.3802570079,3.15635,0.02825995087,0.4665368185,1.01975,0.1415513592,-0.381754894,3.15653,-0.1168407491,-0.4835398649,0.714444
0.777,-0.1401426764,0.3804894722,3.15767,0.030456065,0.4633246838,1.00716,0.1414920757,-0.3819957425,3.15762,-0.1202700485,-0.4797853725,0.700447
0.7775,-0.140126906,0.3807203408,3.15898,0.03262088714,0.4601569462,0.994756,0.1414311056,-0.3822347054,3.1587,-0.123587087,-0.4760103555,0.68663
0.778,-0.140110061,0.3809496358,3.16026,0.034753995,0.457034438,0.982528,0.1413685056,-0.38247177,3.15975,-0.1267904357,-0.4722155027,0.672995
0.7785,-0.1400921575,0.3811773831,3.16154,0.03685496085,0.4539582115,0.970482,0.1413043329,-0.3827068972,3.16078,-0.1298787744,-0.4684029754,0.65955
0.779,-0.1400732116,0.3814036051,3.16279,0.03892335931,0.4509287995,0.958621,0.1412386452,-0.3829401068,3.16179,-0.1328508373,-0.4645725464,0.646297
0.7795,-0.1400532397,0.381628323,3.16404,0.04095876296,0.4479467982,0.946947,0.1411715003,-0.3831714164,3.16278,-0.1357054454,-0.4607239203,0.633237
0.78,-0.1400322585,0.3818515609,3.16526,0.04296072533,0.4450130819,0.935463,0.1411029577,-0.3834008128,3.16375,-0.1384416252,-0.4568584232,0.620375
0.7805,-0.1400102848,0.3820733435,3.16647,0.04492880107,0.4421285195,0.924172,0.1410330769,-0.3836282838,3.1647,-0.1410584697,-0.4529774373,0.607715
0.781,-0.1399873356,0.3822936959,3.16767,0.04686253938,0.4392939752,0.913078,0.1409619179,-0.3838538186,3.16563,-0.1435551849,-0.4490824013,0.595262
0.7815,-0.1399634281,0.3825126434,3.16885,0.04876148539,0.436510308,0.902182,0.1408895411,-0.3840774074,3.16655,-0.1459310812,-0.4451748097,0.58302
0.782,-0.13993858,0.3827302119,3.17002,0.05062519922,0.4337783721,0.89149,0.1408160062,-0.3842990419,3.16744,-0.1481854422,-0.4412562134,0.570993
0.7825,-0.1399128089,0.3829464276,3.17118,0.05245320832,0.4310990163,0.881002,0.1407413747,-0.3845187148,3.16831,-0.1503178562,-0.4373282195,0.559185
0.783,-0.1398861329,0.3831613172,3.17232,0.05424504567,0.4284730848,0.870723,0.1406657076,-0.3847364202,3.16917,-0.1523279525,-0.433392491,0.547601
0.7835,-0.13985857,0.3833749075,3.17345,0.05600023944,0.4259014167,0.860656,0.1405890662,-0.3849521531,3.17001,-0.1542154735,-0.4294507475,0.536244
0.784,-0.1398301389,0.3835872261,3.17456,0.05771831291,0.4233848459,0.850803,0.1405115119,-0.38516591,3.17083,-0.1559802768,-0.4255047645,0.525117
0.7845,-0.139800858,0.3837983006,3.17567,0.05939880072,0.4209242014,0.841168,0.1404331059,-0.3853776886,3.17164,-0.1576222226,-0.4215563739,0.514226
0.785,-0.1397707464,0.3840081593,3.17676,0.06104122231,0.4185203072,0.831753,0.1403539095,-0.3855874876,3.17242,-0.1591413598,-0.4176074635,0.503572
0.7855,-0.1397398232,0.3842168307,3.17783,0.06264508844,0.4161739824,0.822562,0.1402739843,-0.3857953072,3.17319,-0.1605378819,-0.4136599775,0.49316
0.786,-0.1397081078,0.3844243438,3.1789,0.06420991063,0.413886041,0.813598,0.1401933915,-0.3860011487,3.17395,-0.1618120614,-0.4097159163,0.482994
0.7865,-0.1396756198,0.384630728,3.17996,0.0657351968,0.4116572918,0.804863,0.1401121922,-0.3862050145,3.17469,-0.1629642819,-0.4057773364,0.473075
0.787,-0.1396423792,0.3848360129,3.181,0.06722045807,0.4094885388,0.796362,0.1400304472,-0.3864069084,3.17541,-0.1639949907,-0.4018463504,0.463408
0.7875,-0.1396084061,0.3850402288,3.18203,0.06866521315,0.4073805811,0.788095,0.1399482173,-0.3866068352,3.17612,-0.1649046697,-0.3979251274,0.453996
0.788,-0.1395737207,0.3852434062,3.18305,0.07006895687,0.4053342125,0.780068,0.1398655626,-0.3868048012,3.17682,-0.1656940567,-0.3940158923,0.444842
0.7885,-0.1395383439,0.3854455759,3.18406,0.07143119092,0.403350222,0.772282,0.1397825431,-0.3870008137,3.1775,-0.1663639306,-0.3901209264,0.435948
0.789,-0.1395022965,0.3856467694,3.18507,0.07275141511,0.4014293935,0.764741,0.1396992185,-0.3871948812,3.17817,-0.1669151741,-0.3862425672,0.427318
0.7895,-0.1394655995,0.3858470182,3.18606,0.07402912751,0.3995725059,0.757448,0.1396156476,-0.3873870137,3.17882,-0.1673487734,-0.3823832083,0.418954
0.79,-0.1394282744,0.3860463546,3.18704,0.07526384804,0.3977803331,0.750405,0.1395318893,-0.387577222,3.17947,-0.167665651,-0.3785452996,0.410859
0.7905,-0.1393903428,0.3862448111,3.18801,0.07645506791,0.3960536441,0.743616,0.1394480017,-0.3877655184,3.1801,-0.1678670272,-0.374731347,0.403036
0.791,-0.1393518265,0.3864424204,3.18898,0.07760228735,0.3943932027,0.737083,0.139364042,-0.3879519165,3.18071,-0.1679541522,-0.3709439128,0.395487
0.7915,-0.1393127477,0.3866392159,3.18994,0.07870500747,0.3927997677,0.73081,0.1392800669,-0.3881364307,3.18132,-0.1679283651,-0.3671856153,0.388215
0.792,-0.1392731288,0.3868352312,3.19088,0.07976272994,0.3912740931,0.724799,0.1391961326,-0.388319077,3.18192,-0.1677910969,-0.3634591291,0.381222
0.7925,-0.1392329924,0.3870305005,3.19183,0.0807749687,0.3898169277,0.719054,0.1391122946,-0.3884998726,3.1825,-0.1675437864,-0.3597671849,0.374511
0.793,-0.1391923613,0.3872250582,3.19276,0.08174123655,0.3884290153,0.713576,0.1390286077,-0.3886788357,3.18308,-0.167187979,-0.3561125698,0.368084
0.7935,-0.1391512587,0.3874189391,3.19369,0.08266103889,0.3871110948,0.70837,0.1389451256,-0.3888559858,3.18364,-0.1667253734,-0.3524981267,0.361943
0.794,-0.1391097079,0.3876121785,3.19461,0.0835338894,0.3858639001,0.703437,0.138861901,-0.3890313437,3.1842,-0.166157708,-0.3489267552,0.356091
0.7945,-0.1390677325,0.387804812,3.19552,0.08435930497,0.3846881598,0.698781,0.1387789859,-0.3892049313,3.18474,-0.1654867995,-0.3454014105,0.35053
0.795,-0.1390253564,0.3879968756,3.19643,0.08513680914,0.3835845979,0.694404,0.1386964316,-0.3893767719,3.18528,-0.1647145173,-0.3419251045,0.345261
0.7955,-0.1389826035,0.3881884059,3.19733,0.08586594221,0.3825539331,0.690309,0.138614289,-0.3895468898,3.18581,-0.1638427085,-0.338500905,0.340288
0.796,-0.1389394983,0.3883794395,3.19823,0.0865462299,0.3815968793,0.6865,0.1385326068,-0.3897153106,3.18634,-0.1628734362,-0.3351319361,0.335613
0.7965,-0.1388960652,0.3885700137,3.19912,0.08717721121,0.3807141451,0.682978,0.1384514332,-0.3898820612,3.18685,-0.16180877,-0.3318213779,0.331237
0.797,-0.138852329,0.3887601688,3.20001,0.08775843123,0.3799065575,0.679746,0.1383708151,-0.3900471739,3.18736,-0.1606508408,-0.3285732321,0.327165
0.7975,-0.1388083149,0.3889499512,3.20089,0.0882894416,0.3791750752,0.676809,0.1382907984,-0.3902106933,3.18787,-0.1594018395,-0.3253926704,0.323402
0.798,-0.1387640478,0.3891393792,3.20177,0.08876981304,0.3785194003,0.674166,0.1382114291,-0.3903726235,3.18836,-0.1580639164,-0.3222771467,0.319938
0.7985,-0.1387195533,0.3893284927,3.20265,0.08919911232,0.3779402295,0.671819,0.1381327508,-0.3905330013,3.18886,-0.1566393688,-0.3192302332,0.316777
0.799,-0.1386748569,0.3895173315,3.20352,0.08957691597,0.3774382355,0.669772,0.1380548059,-0.390691865,3.18934,-0.1551305316,-0.3162554503,0.313921
0.7995,-0.1386299846,0.3897059359,3.20439,0.08990281126,0.3770140668,0.668027,0.1379776359,-0.3908492542,3.18983,-0.1535397707,-0.3133562675,0.311372
0.8,-0.1385849625,0.3898943459,3.20526,0.09017639512,0.3766683478,0.666586,0.1379012809,-0.39100521,3.19031,-0.1518694934,-0.3105361027,0.309132
0.8005,-0.1385398168,0.390082602,3.20613,0.09039727863,0.3764016786,0.665452,0.1378257804,-0.3911597744,3.19079,-0.1501221088,-0.3077983229,0.307202
0.801,-0.1384945738,0.3902707446,3.207,0.09056508542,0.3762146351,0.664626,0.137751173,-0.3913129912,3.19126,-0.1483000453,-0.3051462434,0.305585
0.8015,-0.1384492602,0.3904588142,3.20786,0.090679444,0.3761077694,0.664111,0.1376774949,-0.3914649052,3.19173,-0.146405821,-0.3025831286,0.304282
0.802,-0.1384039029,0.3906468516,3.20873,0.09073999827,0.376081609,0.66391,0.1376047812,-0.3916155625,3.1922,-0.1444419509,-0.3001121914,0.303294
0.8025,-0.1383585289,0.3908348976,3.2096,0.09074640491,0.3761366574,0.664023,0.137533066,-0.3917650108,3.19267,-0.1424109722,-0.2977365935,0.302623
0.803,-0.1383131654,0.3910229931,3.21046,0.09069833428,0.3762733941,0.664453,0.1374623821,-0.3919132988,3.19314,-0.1403154367,-0.2954594453,0.302269
0.8035,-0.1382678394,0.3912111792,3.21133,0.09059547494,0.3764922742,0.665201,0.1373927626,-0.3920604768,3.19361,-0.1381578583,-0.2932838059,0.302234
0.804,-0.1382225786,0.3913994971,3.2122,0.09043752436,0.3767937286,0.66627,0.1373242369,-0.3922065963,3.19407,-0.1359408332,-0.2912126832,0.302518
0.8045,-0.1381774106,0.3915879882,3.21306,0.09022419743,0.3771781644,0.667661,0.137256834,-0.39235171,3.19454,-0.133666937,-0.2892490337,0.303122
0.805,-0.1381323633,0.3917766938,3.21394,0.08995522489,0.3776459642,0.669375,0.1371905814,-0.3924958721,3.19501,-0.131338748,-0.2873957628,0.304048
0.8055,-0.1380874644,0.3919656556,3.21481,0.08963035392,0.3781974864,0.671415,0.1371255054,-0.392639138,3.19548,-0.1289588438,-0.2856557245,0.305294
0.806,-0.138042742,0.3921549152,3.21569,0.08924934813,0.3788330656,0.67378,0.1370616322,-0.3927815646,3.19596,-0.1265297804,-0.2840317215,0.306863
0.8065,-0.1379982241,0.3923445144,3.21657,0.08881198908,0.3795530118,0.676473,0.1369989859,-0.3929232099,3.19643,-0.1240541172,-0.2825265053,0.308753
0.807,-0.137953939,0.3925344952,3.21745,0.08831807666,0.3803576112,0.679494,0.1369375884,-0.3930641333,3.19691,-0.121534407,-0.2811427761,0.310967
0.8075,-0.137909915,0.3927248996,3.21834,0.08776742926,0.3812471255,0.682845,0.1368774611,-0.3932043956,3.1974,-0.1189731813,-0.2798831828,0.313503
0.808,-0.1378661807,0.3929157698,3.21923,0.08715988458,0.3822217926,0.686526,0.1368186237,-0.3933440588,3.19789,-0.1163729527,-0.278750323,0.316362
0.8085,-0.1378227644,0.3931071482,3.22013,0.08649529832,0.3832818259,0.690539,0.1367610955,-0.3934831863,3.19838,-0.1137362129,-0.2777467432,0.319543
0.809,-0.1377796946,0.393299077,3.22103,0.08577354368,0.3844274149,0.694884,0.1367048952,-0.3936218428,3.19887,-0.1110654306,-0.2768749383,0.323048
0.8095,-0.137737,0.393491599,3.22194,0.08499452032,0.3856587248,0.699561,0.1366500383,-0.3937600943,3.19938,-0.1083630378,-0.2761373522,0.326876
0.81,-0.1376947092,0.3936847568,3.22285,0.08415814673,0.3869758966,0.704572,0.1365965399,-0.3938980082,3.19989,-0.1056314362,-0.2755363775,0.331028
0.8105,-0.137652851,0.3938785931,3.22378,0.08326436318,0.3883790472,0.709916,0.1365444137,-0.3940356531,3.2004,-0.1028729906,-0.2750743554,0.335502
0.811,-0.1376114542,0.3940731508,3.2247,0.08231313227,0.3898682694,0.715594,0.1364936723,-0.3941730989,3.20093,-0.1000900258,-0.2747535758,0.340299
0.8115,-0.1375705472,0.3942684732,3.22564,0.08130442744,0.3914436317,0.721607,0.136444329,-0.3943104171,3.20146,-0.09728486417,-0.2745762775,0.345419
0.812,-0.1375301589,0.3944646032,3.22659,0.08023825964,0.3931051786,0.727953,0.1363963935,-0.3944476802,3.202,-0.09445973218,-0.2745446479,0.350861
0.8125,-0.1374903181,0.3946615842,3.22754,0.07911465848,0.3948529301,0.734634,0.1363498751,-0.3945849621,3.20254,-0.09161682368,-0.2746608231,0.356627
0.813,-0.1374510535,0.3948594596,3.2285,0.07793367713,0.3966868825,0.741649,0.1363047818,-0.3947223381,3.2031,-0.08875828156,-0.2749268881,0.362714
0.8135,-0.1374123937,0.395058273,3.22947,0.07669539307,0.3986070077,0.748998,0.1362611207,-0.3948598848,3.20367,-0.08588619329,-0.2753448763,0.369124
0.814,-0.1373743674,0.3952580679,3.23045,0.07539989943,0.4006132534,0.75668,0.1362188989,-0.3949976801,3.20424,-0.08300262682,-0.2759167702,0.375857
0.8145,-0.137337003,0.3954588883,3.23144,0.07404731656,0.4027055431,0.764695,0.1361781218,-0.3951358032,3.20483,-0.08010957993,-0.2766445008,0.382911
0.815,-0.1373003292,0.3956607779,3.23245,0.07263779757,0.4048837763,0.773043,0.1361387932,-0.3952743347,3.20543,-0.07720895538,-0.2775299477,0.390287
0.8155,-0.1372643743,0.3958637809,3.23346,0.07117151661,0.4071478282,0.781722,0.1361009162,-0.3954133564,3.20604,-0.07430260966,-0.2785749396,0.397986
0.816,-0.1372291668,0.3960679565,3.23448,0.06964867363,0.4094975926,0.790733,0.1360644931,-0.3955530115,3.20666,-0.07139233144,-0.2797816392,0.406007
0.8165,-0.1371947349,0.3962733243,3.23552,0.06806949111,0.4119327517,0.800073,0.1360295254,-0.3956932936,3.2073,-0.06847985578,-0.2811504308,0.414348
0.817,-0.1371611065,0.3964799223,3.23657,0.06643420313,0.4144530348,0.809742,0.1359960149,-0.3958342661,3.20794,-0.06556691417,-0.2826824858,0.423009
0.8175,-0.1371283097,0.3966877951,3.23763,0.06474309304,0.4170581669,0.819738,0.1359639606,-0.3959760193,3.20861,-0.06265505739,-0.2843791223,0.431987
0.818,-0.1370963724,0.396896987,3.23871,0.06299646153,0.419747842,0.83006,0.1359333616,-0.3961186433,3.20928,-0.0597458038,-0.2862415424,0.441284
0.8185,-0.1370653222,0.3971075417,3.2398,0.06119463595,0.4225217226,0.840706,0.135904216,-0.3962622275,3.20997,-0.05684059449,-0.2882708319,0.450898
0.819,-0.1370351867,0.3973195027,3.2409,0.05933797065,0.4253794404,0.851676,0.1358765212,-0.3964068611,3.21068,-0.05394079079,-0.2904679611,0.460828
0.8195,-0.1370059932,0.397532913,3.24202,0.057426826,0.4283205957,0.862965,0.1358502752,-0.3965526328,3.2114,-0.05104777642,-0.2928337839,0.471074
0.82,-0.1369777687,0.3977478149,3.24315,0.05546161017,0.4313447578,0.874574,0.1358254739,-0.3966996307,3.21214,-0.04816275117,-0.2953690384,0.481635
0.8205,-0.1369505403,0.3979642508,3.2443,0.05344275586,0.4344514647,0.8865,0.1358021128,-0.3968479428,3.21289,-0.04528684396,-0.2980743466,0.492509
0.821,-0.1369243346,0.3981822623,3.24546,0.05137071992,0.4376402233,0.89874,0.135780187,-0.3969976564,3.21366,-0.0424211142,-0.3009502147,0.503695
0.8215,-0.1368991782,0.3984018906,3.24664,0.04924598629,0.4409105095,0.911293,0.135759691,-0.3971488586,3.21445,-0.03956653607,-0.3039970326,0.515193
0.822,-0.1368750973,0.3986231766,3.24783,0.04706905477,0.4442617677,0.924156,0.1357406192,-0.3973016358,3.21525,-0.0367240547,-0.3072150744,0.527
0.8225,-0.1368521177,0.3988461607,3.24905,0.04484044752,0.4476934116,0.937325,0.1357229658,-0.3974560743,3.21608,-0.0338945522,-0.3106044983,0.539117
0.823,-0.1368302652,0.399070883,3.25028,0.04256073236,0.4512048233,0.9508,0.1357067238,-0.3976122597,3.21692,-0.03107872827,-0.3141653462,0.551541
0.8235,-0.1368095653,0.399297383,3.25153,0.04023049465,0.454795354,0.964576,0.135691886,-0.3977702773,3.21779,-0.02827724218,-0.3178975442,0.56427
0.824,-0.1367900429,0.3995256999,3.25279,0.03785034631,0.4584643237,0.97865,0.1356784451,-0.397930212,3.21867,-0.0254906661,-0.3218009025,0.577304
0.8245,-0.1367717231,0.3997558724,3.25408,0.03542092379,0.4622110212,0.99302,0.1356663933,-0.3980921483,3.21958,-0.02271949444,-0.3258751151,0.590641
0.825,-0.1367546301,0.3999879389,3.25538,0.03294286295,0.4660347042,1.00768,0.1356557235,-0.39825617,3.2205,-0.01996427353,-0.3301197601,0.604279
0.8255,-0.1367387882,0.4002219372,3.2567,0.03041686201,0.4699345991,1.02263,0.1356464272,-0.3984223609,3.22145,-0.01722527375,-0.3345342995,0.618216
0.826,-0.1367242211,0.4004579048,3.25805,0.02784363084,0.4739099014,1.03787,0.1356384963,-0.3985908041,3.22241,-0.014502752,-0.3391180795,0.632451
0.8265,-0.1367109523,0.4006958787,3.25941,0.02522390456,0.4779597753,1.05339,0.1356319223,-0.3987615823,3.22341,-0.01179687988,-0.3438703302,0.646982
0.827,-0.1366990048,0.4009358957,3.26079,0.02255844359,0.4820833537,1.06919,0.135626697,-0.3989347778,3.22442,-0.00910774292,-0.3487901656,0.661807
0.8275,-0.1366884014,0.4011779918,3.2622,0.01984801262,0.4862797387,1.08526,0.1356228121,-0.3991104726,3.22545,-0.006435450069,-0.3538765839,0.676923
0.828,-0.1366791643,0.4014222029,3.26362,0.01709341492,0.4905480008,1.1016,0.135620259,-0.399288748,3.22651,-0.003779952033,-0.3591284671,0.692329
0.8285,-0.1366713153,0.4016685642,3.26507,0.01429548341,0.4948871797,1.1182,0.1356190296,-0.3994696853,3.2276,-0.001141087497,-0.3645445813,0.708023
0.829,-0.136664876,0.4019171109,3.26654,0.01145506876,0.4992962838,1.13507,0.1356191154,-0.3996533648,3.22871,0.001481355041,-0.3701235768,0.724002
0.8295,-0.1366598672,0.4021678773,3.26803,0.008573044832,0.5037742904,1.15219,0.1356205084,-0.399839867,3.22984,0.00408766722,-0.3758639875,0.740264
0.83,-0.1366563098,0.4024208976,3.26954,0.005650300035,0.5083201455,1.16957,0.1356232005,-0.4000292714,3.231,0.006678175381,-0.3817642316,0.756806
0.8305,-0.1366542237,0.4026762054,3.27108,0.002687732125,0.5129327642,1.1872,0.1356271838,-0.4002216575,3.23218,0.00925321405,-0.3878226112,0.773627
0.831,-0.1366536287,0.402933834,3.27264,-0.0003137132026,0.5176110302,1.20507,0.1356324509,-0.4004171042,3.23339,0.01181333226,-0.3940373124,0.790723
0.8315,-0.136654544,0.4031938162,3.27422,-0.003353080406,0.5223537961,1.22317,0.1356389944,-0.40061569,3.23463,0.01435909176,-0.4004064054,0.808092
0.832,-0.1366569881,0.4034561844,3.27582,-0.006429393315,0.5271598835,1.24151,0.1356468073,-0.4008174929,3.2359,0.01689112532,-0.4069278442,0.825731
0.8325,-0.1366609794,0.4037209706,3.27745,-0.009541655441,0.5320280826,1.26008,0.1356558832,-0.4010225907,3.23719,0.01941013606,-0.4135994671,0.843637
0.833,-0.1366665358,0.4039882063,3.27911,-0.0126888788,0.5369571526,1.27887,0.135666215,-0.4012310604,3.23851,0.02191674393,-0.4204189961,0.861807
0.8335,-0.1366736743,0.4042579227,3.28079,-0.01587002223,0.5419458216,1.29788,0.1356777971,-0.401442979,3.23986,0.02441181717,-0.4273840374,0.880239
0.834,-0.1366824116,0.4045301504,3.28249,-0.01908403785,0.5469927864,1.3171,0.1356906241,-0.4016584228,3.24123,0.02689622456,-0.434492081,0.898928
0.8345,-0.1366927639,0.4048049234,3.28422,-0.02232986094,0.5520963052,1.33653,0.1357046909,-0.4018774887,3.24264,0.02937089034,-0.4417381999,0.917867
0.835,-0.1367047468,0.4050822663,3.28598,-0.02560640968,0.5572552146,1.35615,0.135719993,-0.4021002368,3.24407,0.03183679653,-0.4491201502,0.937053
0.8355,-0.1367183754,0.4053621986,3.28776,-0.0289125994,0.5624690064,1.37598,0.1357365258,-0.4023266902,3.24554,0.03429490753,-0.4566397546,0.956493
0.836,-0.1367336644,0.4056447482,3.28956,-0.03224732627,0.5677361913,1.39599,0.1357542857,-0.4025569214,3.24704,0.03674625869,-0.4642936108,0.976181
0.8365,-0.1367506277,0.4059299421,3.2914,-0.03560946043,0.5730552688,1.41619,0.1357732697,-0.4027910002,3.24856,0.03919199418,-0.4720782723,0.996113
0.837,-0.1367692787,0.4062178067,3.29325,-0.0389978645,0.5784247271,1.43657,0.1357934756,-0.4030289947,3.25012,0.04163326836,-0.4799902477,1.01628
0.8375,-0.1367896301,0.4065083674,3.29514,-0.0424113877,0.5838430428,1.45712,0.1358149014,-0.4032709705,3.25171,0.04407127855,-0.4880260013,1.03669
0.838,-0.1368116942,0.4068016487,3.29705,-0.04584887011,0.5893086816,1.47783,0.1358375458,-0.4035169912,3.25333,0.04650724306,-0.4961819526,1.05733
0.8385,-0.1368354831,0.4070976744,3.29899,-0.04930915444,0.5948200976,1.49871,0.1358614073,-0.4037671182,3.25498,0.04894233867,-0.5044544767,1.07819
0.839,-0.1368610075,0.4073964672,3.30096,-0.05279104943,0.6003757337,1.51974,0.1358864864,-0.4040214106,3.25667,0.05137789853,-0.5128399039,1.09927
0.8395,-0.136888278,0.4076980492,3.30295,-0.05629336277,0.6059740214,1.54091,0.1359127837,-0.4042799255,3.25839,0.05381523637,-0.5213345201,1.12057
0.84,-0.1369173045,0.4080024414,3.30498,-0.05981489262,0.6116133811,1.56222,0.1359403006,-0.4045427175,3.26014,0.05625569255,-0.5299345666,1.14208
0.8405,-0.1369480962,0.4083096642,3.30703,-0.06335442836,0.6172922216,1.58367,0.1359690392,-0.4048098395,3.26192,0.05870063154,-0.53863624,1.1638
0.841,-0.136980662,0.4086197371,3.3091,-0.06691076542,0.6230089406,1.60525,0.135999001,-0.4050813418,3.26374,0.06115136298,-0.5474356924,1.18572
0.8415,-0.13701501,0.4089326784,3.31121,-0.07048267817,0.6287619244,1.62695,0.1360301897,-0.4053572728,3.26559,0.06360928829,-0.5563290313,1.20783
0.842,-0.1370511476,0.409248506,3.31335,-0.07406893634,0.6345495481,1.64876,0.1360626095,-0.4056376784,3.26748,0.06607581314,-0.5653123197,1.23014
0.8425,-0.1370890817,0.4095672367,3.31551,-0.07766830622,0.6403701752,1.67067,0.1360962651,-0.4059226027,3.2694,0.06855234256,-0.5743815759,1.25263
0.843,-0.1371288183,0.4098888865,3.3177,-0.08127954943,0.6462221583,1.69269,0.1361311622,-0.4062120873,3.27136,0.07104028798,-0.5835327737,1.27531
0.8435,-0.1371703633,0.4102134705,3.31992,-0.0849014285,0.6521038384,1.7148,0.1361673064,-0.4065061719,3.27335,0.0735410392,-0.5927618422,1.29816
0.844,-0.1372137217,0.4105410031,3.32217,-0.08853270482,0.6580135452,1.737,0.1362047038,-0.4068048937,3.27538,0.07605597563,-0.6020646661,1.32119
0.8445,-0.1372588979,0.4108714975,3.32445,-0.09217212992,0.6639495973,1.75928,0.1362433625,-0.4071082881,3.27744,0.07858651347,-0.6114370853,1.34438
0.845,-0.1373058956,0.4112049665,3.32676,-0.09581845786,0.6699103017,1.78164,0.1362832908,-0.4074163879,3.27954,0.08113404113,-0.6208748953,1.36773
0.8455,-0.1373547178,0.4115414217,3.32909,-0.09947044231,0.6758939542,1.80405,0.1363244977,-0.4077292241,3.28167,0.08369993553,-0.630373847,1.39124
0.846,-0.1374053671,0.411880874,3.33146,-0.1031268378,0.6818988395,1.82653,0.1363669929,-0.4080468252,3.28385,0.08628555686,-0.6399296465,1.41489
0.8465,-0.1374578456,0.4122233334,3.33386,-0.1067864053,0.6879232307,1.84907,0.1364107851,-0.4083692178,3.28606,0.08889222059,-0.6495379557,1.43869
0.847,-0.1375121544,0.412568809,3.33628,-0.1104479008,0.6939653897,1.87164,0.1364558862,-0.4086964261,3.2883,0.09152125645,-0.6591943915,1.46263
0.8475,-0.1375682942,0.4129173091,3.33873,-0.1141100858,0.7000235671,1.89426,0.1365023077,-0.4090284723,3.29058,0.09417395501,-0.6688945266,1.48669
0.848,-0.137626265,0.4132688411,3.34122,-0.1177717259,0.7060960021,1.91691,0.136550062,-0.4093653762,3.2929,0.09685157802,-0.6786338889,1.51089
0.8485,-0.137686066,0.4136234117,3.34373,-0.1214315909,0.7121809228,1.93958,0.1365991621,-0.4097071557,3.29526,0.09955535511,-0.6884079617,1.5352
0.849,-0.1377476964,0.4139810266,3.34627,-0.1250884562,0.7182765458,1.96227,0.1366496205,-0.4100538263,3.29766,0.102286483,-0.6982121837,1.55962
0.8495,-0.1378111543,0.4143416905,3.34885,-0.1287411033,0.7243810763,1.98498,0.1367014511,-0.4104054013,3.30009,0.1050461182,-0.7080419493,1.58415
0.85,-0.1378764373,0.4147054075,3.35145,-0.1323883206,0.7304927086,2.00768,0.1367546689,-0.410761892,3.30256,0.1078353747,-0.7178926079,1.60877
0.8505,-0.1379435421,0.4150721809,3.35408,-0.1360289043,0.7366096252,2.03038,0.1368092891,-0.4111233075,3.30507,0.1106553225,-0.7277594647,1.63349
0.851,-0.1380124653,0.4154420128,3.35674,-0.1396616592,0.7427299976,2.05308,0.1368653276,-0.4114896545,3.30762,0.1135069829,-0.7376377801,1.65829
0.8515,-0.1380832026,0.4158149046,3.35943,-0.1432853975,0.7488519858,2.07575,0.1369228003,-0.4118609377,3.31021,0.1163913366,-0.7475227698,1.68317
0.852,-0.1381557495,0.4161908571,3.36215,-0.146898939,0.7549737387,2.0984,0.1369817227,-0.4122371596,3.31283,0.1193093258,-0.7574096053,1.70812
0.8525,-0.1382301003,0.4165698699,3.3649,-0.1505011194,0.7610933938,2.12102,0.1370421127,-0.4126183205,3.31549,0.1222618043,-0.7672934132,1.73313
0.853,-0.1383062491,0.4169519419,3.36768,-0.1540907837,0.7672090771,2.14361,0.1371039879,-0.4130044186,3.3182,0.1252495796,-0.7771692756,1.75819
0.8535,-0.1383841893,0.4173370711,3.37049,-0.1576667886,0.7733189036,2.16614,0.1371673662,-0.4133954497,3.32094,0.1282733974,-0.7870322301,1.7833
0.854,-0.1384639137,0.41772525,3.37333,-0.1612280043,0.7794207537,2.18862,0.1372322662,-0.4137913932,3.32372,0.1313339377,-0.7968760182,1.80844
0.8545,-0.138545415,0.4181164661,3.37619,-0.1647733026,0.7855126474,2.21105,0.137298705,-0.4141922194,3.32654,0.134431881,-0.8066944005,1.83361
0.855,-0.1386286848,0.4185107339,3.37909,-0.1683015835,0.7915939003,2.23341,0.1373667021,-0.4145979809,3.32939,0.137567755,-0.8164886161,1.8588
0.8555,-0.1387137142,0.4189080458,3.38202,-0.1718117572,0.7976626052,2.25569,0.1374362767,-0.4150086574,3.33229,0.1407420436,-0.8262535082,1.88401
0.856,-0.1388004939,0.4193083936,3.38497,-0.1753027488,0.8037168745,2.2779,0.1375074485,-0.4154242268,3.33523,0.1439551583,-0.8359840041,1.90923
0.8565,-0.1388890139,0.4197117681,3.38795,-0.1787734995,0.8097548407,2.30003,0.137580237,-0.4158446654,3.3382,0.1472074336,-0.8456751157,1.93444
0.857,-0.1389792641,0.4201181596,3.39097,-0.1822229581,0.8157746561,2.32206,0.1376546613,-0.4162699476,3.34121,0.1504991776,-0.8553219388,1.95965
0.8575,-0.1390712336,0.4205275576,3.39401,-0.1856500929,0.8217744927,2.34399,0.1377307411,-0.4167000461,3.34427,0.1538306038,-0.8649196538,1.98484
0.858,-0.1391649109,0.4209399507,3.39708,-0.1890538973,0.8277525426,2.36582,0.1378084965,-0.4171349319,3.34736,0.1572018023,-0.8744635253,2.01
0.8585,-0.139260284,0.4213553269,3.40017,-0.192433378,0.8337070176,2.38754,0.1378879476,-0.4175745743,3.35049,0.1606128049,-0.8839489019,2.03513
0.859,-0.1393573404,0.4217736733,3.4033,-0.1957875607,0.8396361495,2.40914,0.1379691144,-0.4180189405,3.35366,0.1640635584,-0.8933712168,2.06021
0.8595,-0.1394560674,0.4221949764,3.40645,-0.1991154867,0.8455381899,2.43062,0.1380520168,-0.4184679965,3.35687,0.1675539434,-0.9027259875,2.08524
0.86,-0.1395564517,0.4226192219,3.40964,-0.2024162023,0.8514114103,2.45196,0.1381366737,-0.4189217061,3.36012,0.1710838346,-0.9120088155,2.1102
0.8605,-0.1396584794,0.4230463947,3.41284,-0.2056887962,0.857254102,2.47317,0.1382231055,-0.4193800316,3.3634,0.1746528903,-0.9212153868,2.13509
0.861,-0.1397621361,0.4234764791,3.41608,-0.2089323685,0.8630645762,2.49424,0.1383113315,-0.4198429335,3.36673,0.1782607312,-0.9303414716,2.1599
0.8615,-0.1398674072,0.4239094584,3.41935,-0.2121460397,0.8688411639,2.51515,0.1384013712,-0.4203103705,3.37009,0.1819068884,-0.9393829243,2.18462
0.862,-0.1399742773,0.4243453153,3.42264,-0.2153289517,0.8745822162,2.53592,0.1384932438,-0.4207822995,3.37349,0.1855908008,-0.9483356838,2.20924
0.8625,-0.1400827311,0.4247840319,3.42596,-0.2184802469,0.8802861039,2.55652,0.1385869674,-0.4212586758,3.37693,0.1893119333,-0.9571957731,2.23375
0.863,-0.1401927525,0.4252255892,3.4293,-0.2215991103,0.8859512176,2.57696,0.1386825607,-0.4217394529,3.38041,0.1930695415,-0.9659592995,2.25815
0.8635,-0.1403043251,0.4256699677,3.43267,-0.2246847459,0.8915759678,2.59722,0.1387800417,-0.4222245825,3.38392,0.1968628043,-0.9746224546,2.28242
0.864,-0.1404174319,0.4261171471,3.43607,-0.2277363771,0.897158785,2.61731,0.1388794282,-0.4227140146,3.38747,0.2006908242,-0.9831815142,2.30655
0.8645,-0.1405320559,0.4265671063,3.4395,-0.2307532499,0.9026981195,2.63722,0.1389807374,-0.4232076975,3.39106,0.2045526113,-0.9916328385,2.33054
0.865,-0.1406481794,0.4270198235,3.44295,-0.2337346217,0.9081924414,2.65694,0.1390839858,-0.4237055776,3.39469,0.2084471456,-0.999972872,2.35438
0.8655,-0.1407657847,0.4274752761,3.44642,-0.2366797687,0.9136402407,2.67647,0.1391891893,-0.4242075997,3.39835,0.2123733391,-1.008198143,2.37805
0.866,-0.1408848534,0.4279334409,3.44992,-0.2395880079,0.9190400274,2.6958,0.1392963636,-0.4247137068,3.40205,0.2163299105,-1.016305266,2.40156
0.8665,-0.1410053667,0.4283942937,3.45345,-0.2424586705,0.9243903311,2.71493,0.1394055235,-0.4252238402,3.40578,0.220315538,-1.024290936,2.42488
0.867,-0.1411273059,0.4288578097,3.457,-0.2452911107,0.9296897014,2.73385,0.1395166832,-0.4257379393,3.40956,0.2243288105,-1.032151936,2.44801
0.8675,-0.1412506515,0.4293239634,3.46058,-0.2480847041,0.934936708,2.75256,0.1396298563,-0.4262559418,3.41336,0.2283682381,-1.039885131,2.47095
0.868,-0.1413753842,0.4297927284,3.46417,-0.2508388237,0.94012994,2.77105,0.1397450554,-0.4267777839,3.41721,0.2324323869,-1.047487472,2.49368
0.8685,-0.1415014839,0.4302640776,3.4678,-0.2535529008,0.9452680068,2.78932,0.1398622925,-0.4273033997,3.42108,0.2365195407,-1.054955993,2.5162
0.869,-0.1416289305,0.4307379833,3.47145,-0.2562263762,0.9503495374,2.80736,0.1399815785,-0.4278327218,3.425,0.2406279738,-1.062287812,2.53848
0.8695,-0.1417577036,0.4312144169,3.47512,-0.258858714,0.9553731808,2.82518,0.1401029237,-0.428365681,3.42894,0.2447558773,-1.069480133,2.56054
0.87,-0.1418877824,0.431693349,3.47881,-0.2614494011,0.9603376058,2.84275,0.1402263372,-0.4289022062,3.43292,0.2489013594,-1.076530242,2.58235
0.8705,-0.142019146,0.4321747496,3.48253,-0.2639979281,0.9652415011,2.86009,0.1403518277,-0.4294422247,3.43694,0.2530625573,-1.083435512,2.60391
0.871,-0.1421517733,0.4326585877,3.48627,-0.266503822,0.9700835753,2.87719,0.1404794025,-0.429985662,3.44099,0.2572374524,-1.090193397,2.62521
0.8715,-0.1422856427,0.433144832,3.49003,-0.2689666379,0.9748625568,2.89404,0.1406090676,-0.430532442,3.44507,0.2614239217,-1.096801439,2.64624
0.872,-0.1424207327,0.4336334499,3.49381,-0.2713859478,0.9795771938,2.91064,0.1407408285,-0.4310824866,3.44918,0.2656197982,-1.10325726,2.667
0.8725,-0.1425570214,0.4341244086,3.49761,-0.2737613462,0.9842262545,2.92698,0.140874689,-0.4316357161,3.45332,0.2698228426,-1.109558571,2.68746
0.873,-0.1426944867,0.434617674,3.50144,-0.276092442,0.9888085271,2.94307,0.1410106524,-0.432192049,3.4575,0.2740307887,-1.115703163,2.70763
0.8735,-0.1428331064,0.4351132099,3.50529,-0.2783788539,0.9933228297,2.95889,0.1411487209,-0.4327513965,3.46171,0.278241368,-1.12168899,2.7275
0.874,-0.1429728581,0.435610956,3.50915,-0.2806202471,0.9977682731,2.97445,0.1412888949,-0.4333136036,3.46594,0.2824521133,-1.127515243,2.74705
0.8745,-0.1431137191,0.4361109209,3.51304,-0.2828162977,1.00214363,2.98974,0.1414311737,-0.4338787291,3.47021,0.2866605533,-1.133178481,2.76629
0.875,-0.1432556668,0.4366130665,3.51694,-0.2849667026,1.006447866,3.00476,0.1415755555,-0.4344466815,3.47451,0.2908641578,-1.138677239,2.78519
0.8755,-0.1433986781,0.4371173542,3.52087,-0.28707118,1.010679976,3.0195,0.1417220371,-0.4350173698,3.47883,0.295060339,-1.144010155,2.80376
0.876,-0.1435427302,0.4376237458,3.52482,-0.2891294424,1.014838991,3.03397,0.141870615,-0.4355907031,3.48319,0.2992465967,-1.149175977,2.82198
0.8765,-0.1436877997,0.4381322024,3.52878,-0.2911412547,1.018923967,3.04815,0.1420212831,-0.4361665911,3.48757,0.3034202071,-1.154173558,2.83985
0.877,-0.1438338635,0.4386426851,3.53276,-0.2931063907,1.022933997,3.06206,0.1421740343,-0.4367449437,3.49198,0.307578458,-1.159001857,2.85735
0.8775,-0.1439808982,0.4391551549,3.53676,-0.2950246429,1.026868202,3.07567,0.14232886,-0.4373256712,3.49642,0.3117185972,-1.16365994,2.8745
0.878,-0.1441288803,0.4396695725,3.54078,-0.2968958232,1.030725735,3.089,0.1424857504,-0.4379086845,3.50088,0.3158378311,-1.168146981,2.89126
0.8785,-0.1442777861,0.4401858984,3.54481,-0.2987197495,1.03450578,3.10204,0.1426446948,-0.4384938944,3.50537,0.3199333938,-1.172462259,2.90765
0.879,-0.144427592,0.4407040929,3.54886,-0.3004962617,1.038207554,3.11479,0.142805681,-0.4390812126,3.50988,0.3240024675,-1.176605161,2.92365
0.8795,-0.1445782742,0.4412241161,3.55293,-0.3022252275,1.041830303,3.12724,0.1429686945,-0.4396705509,3.51442,0.3280421511,-1.180575179,2.93925
0.88,-0.1447298091,0.441745928,3.55702,-0.3039065258,1.045373306,3.13939,0.1431337198,-0.4402618213,3.51898,0.3320495489,-1.184371914,2.95446
0.8805,-0.1448821726,0.4422694884,3.56112,-0.3055400527,1.048835873,3.15125,0.1433007397,-0.4408549365,3.52357,0.336021742,-1.187995071,2.96926
0.881,-0.145035341,0.4427947567,3.56523,-0.3071257172,1.052217344,3.16281,0.1434697361,-0.4414498093,3.52817,0.3399558082,-1.191444463,2.98364
0.8815,-0.1451892902,0.4433216923,3.56936,-0.3086634316,1.055517092,3.17406,0.1436406903,-0.4420463532,3.5328,0.3438488748,-1.194720009,2.99761
0.882,-0.1453439962,0.4438502544,3.5735,-0.310153144,1.058734521,3.18502,0.1438135801,-0.4426444816,3.53745,0.3476979546,-1.197821737,3.01115
0.8825,-0.1454994351,0.444380402,3.57766,-0.3115948093,1.061869066,3.19566,0.1439883828,-0.4432441088,3.54212,0.351500094,-1.200749779,3.02426
0.883,-0.1456555828,0.4449120937,3.58183,-0.3129883967,1.064920193,3.20601,0.144165074,-0.443845149,3.54682,0.3552523354,-1.203504374,3.03694
0.8835,-0.1458124153,0.4454452883,3.58602,-0.3143338895,1.067887399,3.21604,0.1443436276,-0.4444475171,3.55153,0.3589517206,-1.206085868,3.04918
0.884,-0.1459699085,0.4459799441,3.59022,-0.3156312721,1.070770213,3.22577,0.1445240179,-0.4450511281,3.55626,0.3625953519,-1.208494715,3.06097
0.8845,-0.1461280383,0.4465160192,3.59443,-0.3168805543,1.073568197,3.23518,0.1447062157,-0.4456558976,3.561,0.3661802816,-1.210731474,3.07231
0.885,-0.1462867807,0.4470534717,3.59865,-0.3180817567,1.07628094,3.24429,0.1448901906,-0.4462617415,3.56577,0.3697035808,-1.21279681,3.0832
0.8855,-0.1464461117,0.4475922594,3.60288,-0.31923491,1.078908066,3.25309,0.145075911,-0.4468685759,3.57055,0.3731623436,-1.214691497,3.09363
0.886,-0.1466060074,0.4481323398,3.60713,-0.3203400562,1.08144923,3.26157,0.1452633435,-0.4474763176,3.57534,0.3765536833,-1.216416414,3.1036
0.8865,-0.1467664436,0.4486736705,3.61139,-0.3213972444,1.083904116,3.26974,0.1454524543,-0.4480848835,3.58015,0.3798747508,-1.217972547,3.1131
0.887,-0.1469273963,0.4492162086,3.61565,-0.3224065323,1.086272442,3.2776,0.1456432083,-0.4486941909,3.58498,0.3831227295,-1.219360989,3.12214
0.8875,-0.1470888418,0.4497599112,3.61993,-0.3233679937,1.088553955,3.28515,0.1458355674,-0.4493041575,3.58982,0.3862948092,-1.220582939,3.1307
0.888,-0.147250756,0.450304735,3.62422,-0.3242817086,1.090748435,3.29238,0.1460294928,-0.4499147016,3.59467,0.3893882263,-1.221639702,3.13878
0.8885,-0.1474131152,0.4508506367,3.62851,-0.3251477656,1.092855693,3.2993,0.1462249443,-0.4505257414,3.59954,0.3924002555,-1.222532693,3.14639
0.889,-0.1475758957,0.4513975728,3.63282,-0.325966261,1.09487557,3.3059,0.1464218803,-0.4511371959,3.60441,0.3953282141,-1.223263429,3.15352
0.8895,-0.1477390733,0.4519454996,3.63713,-0.3267372947,1.09680794,3.31219,0.1466202599,-0.4517489841,3.6093,0.3981694681,-1.223833537,3.16017
0.89,-0.1479026247,0.452494373,3.64145,-0.3274609793,1.098652708,3.31817,0.1468200379,-0.4523610258,3.6142,0.4009214291,-1.22424475,3.16633
0.8905,-0.1480665261,0.453044149,3.64578,-0.3281374316,1.10040981,3.32383,0.147021169,-0.4529732409,3.6191,0.4035815632,-1.224498906,3.17201
0.891,-0.1482307539,0.4535947832,3.65011,-0.3287667745,1.102079212,3.32918,0.1472236063,-0.4535855495,3.62402,0.4061473936,-1.224597952,3.1772
0.8915,-0.1483952848,0.454146231,3.65446,-0.3293491363,1.103660914,3.33421,0.1474273019,-0.4541978724,3.62894,0.4086165038,-1.22454394,3.1819
0.892,-0.148560095,0.4546984479,3.65881,-0.329884651,1.105154945,3.33893,0.1476322079,-0.4548101307,3.63387,0.4109865202,-1.224339029,3.18612
0.8925,-0.1487251613,0.4552513888,3.66316,-0.3303734567,1.106561366,3.34334,0.1478382741,-0.4554222458,3.6388,0.413255151,-1.223985486,3.18985
0.893,-0.1488904603,0.4558050087,3.66752,-0.3308156953,1.107880271,3.34744,0.1480454487,-0.4560341393,3.64374,0.4154201797,-1.223485682,3.1931
0.8935,-0.1490559689,0.4563592469,3.67189,-0.3312115126,1.109112579,3.35123,0.1482536793,-0.4566457223,3.64869,0.4174794577,-1.222846517,3.19586
0.894,-0.1492216638,0.4569140841,3.67626,-0.3315610573,1.110257263,3.35471,0.1484629122,-0.457256951,3.65364,0.4194309131,-1.222063192,3.19814
0.8945,-0.1493875221,0.4574694774,3.68063,-0.3318644825,1.111314455,3.35787,0.1486730933,-0.4578677558,3.65859,0.421272536,-1.221137921,3.19993
0.895,-0.1495535204,0.4580253818,3.68501,-0.3321219462,1.112284431,3.36073,0.1488841681,-0.4584780657,3.66354,0.4230023726,-1.220073692,3.20122
0.8955,-0.149719636,0.4585817527,3.68939,-0.3323336028,1.113167485,3.36327,0.1490960795,-0.4590878113,3.6685,0.4246186088,-1.218873494,3.20203
0.896,-0.149885846,0.4591385456,3.69378,-0.3324996104,1.113963929,3.36551,0.1493087701,-0.459696925,3.67346,0.426119495,-1.217540323,3.20236
0.8965,-0.1500521277,0.4596957164,3.69816,-0.3326201281,1.114674091,3.36745,0.1495221816,-0.4603053403,3.67842,0.4275033722,-1.216077176,3.20221
0.897,-0.1502184584,0.4602532212,3.70255,-0.3326953156,1.115298314,3.36907,0.1497362549,-0.4609129927,3.68337,0.4287686751,-1.214487053,3.20157
0.8975,-0.1503848153,0.4608110167,3.70695,-0.3327253437,1.11583696,3.3704,0.1499509318,-0.4615198191,3.68833,0.4299138406,-1.212772958,3.20046
0.898,-0.1505511759,0.4613690595,3.71134,-0.3327103698,1.116290407,3.37142,0.150166151,-0.4621257577,3.69328,0.4309375184,-1.210937897,3.19888
0.8985,-0.1507175178,0.4619273068,3.71573,-0.3326505551,1.116659049,3.37214,0.1503818513,-0.4627307487,3.69823,0.4318384183,-1.208984881,3.19683
0.899,-0.1508838187,0.462485716,3.72013,-0.3325460608,1.116943298,3.37255,0.1505979708,-0.4633347335,3.70318,0.4326153499,-1.206916922,3.19432
0.8995,-0.1510500562,0.4630442448,3.72453,-0.3323970467,1.11714358,3.37267,0.1508144472,-0.4639376552,3.70812,0.4332672272,-1.204737036,3.19134
0.9,-0.1512162082,0.4636028512,3.72892,-0.3322036793,1.117260342,3.37249,0.1510312182,-0.4645394584,3.71306,0.4337930057,-1.202448244,3.18791
0.9005,-0.1513822523,0.4641614936,3.73332,-0.3319661216,1.117294044,3.37202,0.1512482208,-0.4651400893,3.71799,0.4341917664,-1.200053566,3.18402
0.901,-0.1515481666,0.4647201305,3.73771,-0.3316845278,1.117245164,3.37125,0.1514653907,-0.4657394956,3.72291,0.43446275,-1.197556029,3.17968
0.9015,-0.1517139292,0.4652787208,3.7421,-0.3313590542,1.117114197,3.37019,0.151682664,-0.4663376266,3.72783,0.4346052763,-1.194958661,3.1749
0.902,-0.1518795182,0.4658372239,3.7465,-0.3309898548,1.116901655,3.36884,0.151899976,-0.4669344331,3.73274,0.4346187763,-1.192264494,3.16967
0.9025,-0.1520449117,0.4663955992,3.75089,-0.3305770842,1.116608066,3.36719,0.1521172621,-0.4675298676,3.73765,0.4345027698,-1.189476563,3.16402
0.903,-0.1522100879,0.4669538066,3.75527,-0.330120907,1.116233973,3.36526,0.1523344582,-0.4681238839,3.74254,0.4342567959,-1.186597906,3.15793
0.9035,-0.1523750251,0.4675118062,3.75966,-0.3296214651,1.11577994,3.36304,0.1525514988,-0.4687164375,3.74742,0.4338806556,-1.183631564,3.15142
0.904,-0.1525397019,0.4680695585,3.76404,-0.3290789058,1.115246544,3.36054,0.1527683187,-0.4693074856,3.7523,0.4333742045,-1.180580582,3.14449
0.9045,-0.1527040967,0.4686270242,3.76842,-0.3284933732,1.11463438,3.35775,0.1529848525,-0.4698969865,3.75716,0.432737413,-1.177448006,3.13714
0.905,-0.152868188,0.4691841644,3.77279,-0.3278650083,1.113944061,3.35468,0.1532010352,-0.4704849006,3.76201,0.4319703676,-1.174236889,3.12939
0.9055,-0.1530319545,0.4697409404,3.77716,-0.3271939667,1.113176213,3.35134,0.1534168019,-0.4710711895,3.76685,0.4310731398,-1.170950282,3.12124
0.906,-0.1531953747,0.4702973138,3.78153,-0.326480383,1.112331483,3.34771,0.1536320876,-0.4716558165,3.77167,0.4300460485,-1.167591244,3.11269
0.9065,-0.1533584276,0.4708532468,3.78589,-0.3257243907,1.111410532,3.34381,0.1538468274,-0.4722387463,3.77648,0.4288895107,-1.164162834,3.10376
0.907,-0.1535210919,0.4714087014,3.79024,-0.3249261227,1.110414038,3.33963,0.1540609565,-0.4728199453,3.78128,0.4276040409,-1.160668114,3.09445
0.9075,-0.1536833466,0.4719636404,3.79459,-0.3240857087,1.109342697,3.33518,0.1542744107,-0.4733993813,3.78606,0.426190269,-1.157110153,3.08476
0.908,-0.1538451706,0.4725180265,3.79894,-0.3232032841,1.108197221,3.33047,0.1544871259,-0.473977024,3.79083,0.4246488724,-1.153492018,3.07471
0.9085,-0.1540065428,0.473071823,3.80327,-0.322278985,1.106978338,3.32548,0.1546990388,-0.4745528442,3.79558,0.4229806177,-1.149816783,3.0643
0.909,-0.1541674425,0.4736249933,3.80761,-0.3213129291,1.105686793,3.32023,0.154910086,-0.4751268145,3.80032,0.4211864938,-1.146087523,3.05354
0.9095,-0.1543278487,0.4741775012,3.81193,-0.3203052386,1.104323349,3.31471,0.1551202049,-0.475698909,3.80503,0.4192675477,-1.142307317,3.04243
0.91,-0.1544877408,0.4747293109,3.81625,-0.3192560331,1.102888784,3.30893,0.1553293333,-0.4762691034,3.80974,0.4172249368,-1.138479246,3.03099
0.9105,-0.1546470978,0.4752803867,3.82055,-0.318165431,1.101383894,3.30289,0.1555374096,-0.4768373749,3.81442,0.4150599169,-1.134606397,3.01923
0.911,-0.1548058993,0.4758306933,3.82486,-0.3170335687,1.09980949,3.2966,0.155744373,-0.4774037023,3.81908,0.4127737022,-1.130691856,3.00715
0.9115,-0.1549641245,0.4763801957,3.82915,-0.3158605522,1.098166402,3.29004,0.1559501632,-0.4779680658,3.82373,0.410367818,-1.126738716,2.99476
0.912,-0.155121753,0.4769288593,3.83343,-0.3146464963,1.096455475,3.28324,0.1561547209,-0.4785304474,3.82835,0.4078438148,-1.122750071,2.98207
0.9125,-0.1552787642,0.4774766496,3.83771,-0.3133915139,1.094677572,3.27618,0.1563579874,-0.4790908305,3.83296,0.4052033456,-1.118729018,2.96909
0.913,-0.1554351377,0.4780235332,3.84197,-0.3120957163,1.092833825,3.26888,0.156559905,-0.4796492461,3.83755,0.402448165,-1.114679904,2.95584
0.9135,-0.1555908532,0.4785694776,3.84623,-0.3107592287,1.090924622,3.26132,0.1567604165,-0.4802056178,3.84211,0.3995800145,-1.11060333,2.94231
0.914,-0.1557458902,0.4791144502,3.85047,-0.3093821641,1.088950708,3.25353,0.1569594659,-0.4807599164,3.84666,0.396600812,-1.106501502,2.92851
0.9145,-0.1559002287,0.479658419,3.85471,-0.3079646308,1.086912976,3.24549,0.1571569984,-0.4813121365,3.85118,0.3935125974,-1.102377257,2.91446
0.915,-0.1560538482,0.4802013525,3.85893,-0.3065067411,1.084812317,3.23721,0.1573529599,-0.4818622731,3.85568,0.3903174714,-1.098233356,2.90016
0.9155,-0.1562067288,0.4807432196,3.86315,-0.3050086067,1.082649624,3.22869,0.1575472978,-0.4824103221,3.86016,0.387017624,-1.094072481,2.88562
0.916,-0.1563588502,0.4812839896,3.86735,-0.3034703456,1.080425789,3.21994,0.15773996,-0.4829562799,3.86461,0.3836152887,-1.089897234,2.87086
0.9165,-0.1565101925,0.4818236322,3.87154,-0.3018920846,1.078141702,3.21095,0.1579308955,-0.4835001435,3.86904,0.380112719,-1.085710139,2.85588
0.917,-0.1566607358,0.4823621177,3.87572,-0.3002739335,1.075798254,3.20173,0.1581200551,-0.4840419106,3.87345,0.3765123817,-1.081513643,2.84069
0.9175,-0.15681046,0.4828994167,3.87989,-0.2986160111,1.073396335,3.19229,0.1583073907,-0.4845815796,3.87784,0.3728167637,-1.077310114,2.8253
0.918,-0.1569593453,0.4834355002,3.88404,-0.2969184377,1.070936835,3.18261,0.1584928553,-0.4851191494,3.8822,0.3690284264,-1.073101839,2.80972
0.9185,-0.1571073719,0.4839703398,3.88818,-0.2951813355,1.068420644,3.17272,0.1586764035,-0.4856546198,3.88654,0.3651500036,-1.068891029,2.79396
0.919,-0.1572545202,0.4845039073,3.89231,-0.2934048473,1.06584865,3.1626,0.1588579897,-0.4861879909,3.89085,0.3611840613,-1.064679816,2.77803
0.9195,-0.1574007704,0.4850361753,3.89643,-0.2915890962,1.063221743,3.15226,0.1590375716,-0.4867192638,3.89514,0.3571333986,-1.060470253,2.76193
0.92,-0.157546103,0.4855671164,3.90053,-0.2897342163,1.06054081,3.14171,0.1592151076,-0.4872484399,3.8994,0.3530008179,-1.056264314,2.74569
0.9205,-0.1576904984,0.4860967039,3.90461,-0.2878403458,1.057806739,3.13094,0.1593905576,-0.4877755216,3.90364,0.3487891766,-1.052063897,2.7293
0.921,-0.157833937,0.4866249116,3.90869,-0.2859076269,1.055020418,3.11996,0.1595638829,-0.4883005116,3.90785,0.344501387,-1.047870817,2.71277
0.9215,-0.1579763997,0.4871517135,3.91275,-0.283936214,1.052182733,3.10877,0.1597350457,-0.4888234135,3.91204,0.3401403513,-1.043686815,2.69612
0.922,-0.158117867,0.4876770842,3.91679,-0.2819262644,1.049294571,3.09738,0.1599040098,-0.4893442315,3.9162,0.3357090372,-1.03951355,2.67936
0.9225,-0.1582583198,0.4882009987,3.92082,-0.2798779347,1.046356819,3.08578,0.1600707412,-0.4898629702,3.92033,0.3312105036,-1.035352605,2.66249
0.923,-0.1583977389,0.4887234325,3.92484,-0.277791391,1.043370362,3.07397,0.1602352074,-0.4903796352,3.92444,0.3266478198,-1.031205483,2.64552
0.9235,-0.1585361051,0.4892443613,3.92883,-0.2756668061,1.040336085,3.06197,0.1603973772,-0.4908942325,3.92852,0.3220240909,-1.027073608,2.62846
0.924,-0.1586733995,0.4897637615,3.93282,-0.2735043611,1.037254874,3.04977,0.1605572208,-0.491406769,3.93258,0.3173424395,-1.022958328,2.61132
0.9245,-0.1588096034,0.4902816098,3.93678,-0.2713042512,1.034127612,3.03737,0.1607147088,-0.4919172518,3.93661,0.3126059598,-1.018860909,2.59411
0.925,-0.1589446978,0.4907978834,3.94073,-0.269066669,1.030955185,3.02479,0.1608698155,-0.4924256891,3.94061,0.3078178597,-1.01478254,2.57684
0.9255,-0.1590786641,0.4913125599,3.94467,-0.2667918194,1.027738475,3.01201,0.1610225159,-0.4929320896,3.94459,0.3029813308,-1.010724333,2.55951
0.926,-0.1592114837,0.4918256174,3.94859,-0.2644799164,1.024478366,2.99904,0.161172787,-0.4934364624,3.94853,0.298099581,-1.00668732,2.54213
0.9265,-0.1593431381,0.4923370343,3.95249,-0.2621311832,1.021175741,2.98589,0.1613206072,-0.4939388177,3.95246,0.2931758303,-1.002672453,2.52471
0.927,-0.159473609,0.4928467896,3.95637,-0.2597458568,1.017831482,2.97256,0.1614659548,-0.4944391659,3.95635,0.2882132617,-0.9986806083,2.50727
0.9275,-0.1596028782,0.4933548625,3.96023,-0.2573241802,1.014446473,2.95905,0.1616088119,-0.4949375183,3.96022,0.2832151087,-0.9947125817,2.4898
0.928,-0.1597309275,0.493861233,3.96408,-0.2548664077,1.011021593,2.94537,0.1617491616,-0.4954338868,3.96406,0.278184599,-0.9907690914,2.47232
0.9285,-0.159857739,0.4943658812,3.96791,-0.2523728052,1.007557724,2.9315,0.161886989,-0.495928284,3.96787,0.2731249503,-0.9868507764,2.45482
0.929,-0.1599832946,0.4948687877,3.97172,-0.2498436503,1.004055748,2.91747,0.1620222804,-0.496420723,3.97166,0.2680393732,-0.9829581977,2.43733
0.9295,-0.1601075769,0.4953699338,3.97552,-0.2472792324,1.000516545,2.90327,0.1621550231,-0.4969112175,3.97542,0.2629310577,-0.9790918375,2.41985
0.93,-0.1602305683,0.4958693009,3.97929,-0.2446798535,0.9969409945,2.8889,0.1622852059,-0.4973997822,3.97915,0.2578031761,-0.9752520994,2.40237
0.9305,-0.1603522514,0.4963668709,3.98305,-0.2420458285,0.9933299765,2.87437,0.1624128205,-0.4978864321,3.98286,0.2526588952,-0.9714393085,2.38492
0.931,-0.1604726088,0.4968626264,3.98678,-0.2393774855,0.98968437,2.85968,0.1625378597,-0.4983711829,3.98653,0.2475013522,-0.9676537115,2.3675
0.9315,-0.1605916235,0.4973565501,3.9905,-0.2366751665,0.9860050541,2.84483,0.1626603179,-0.498854051,3.99018,0.2423336574,-0.9638954764,2.35011
0.932,-0.1607092785,0.4978486253,3.9942,-0.2339392273,0.982292907,2.82983,0.1627801909,-0.4993350535,3.99381,0.2371588915,-0.9601646926,2.33276
0.9325,-0.1608255574,0.4983388392,3.99788,-0.2311700332,0.978548468,2.81467,0.1628974742,-0.4998142296,3.99741,0.2319801121,-0.9564591579,2.31545
0.933,-0.1609404434,0.4988271741,4.00154,-0.228367971,0.9747728323,2.79937,0.1630121678,-0.5002915651,4.00098,0.2268003241,-0.9527811711,2.29819
0.9335,-0.1610539203,0.499313612,4.00518,-0.2255334405,0.9709671055,2.78392,0.1631242719,-0.5007670545,4.00452,0.2216224974,-0.949132397,2.28099
0.934,-0.1611659718,0.4997981383,4.00879,-0.2226668568,0.9671320944,2.76833,0.1632337885,-0.5012407155,4.00804,0.2164495569,-0.9455122666,2.26386
0.9345,-0.161276582,0.5002807389,4.01239,-0.2197686511,0.9632686049,2.75259,0.163340721,-0.5017125649,4.01153,0.2112843793,-0.9419201793,2.2468
0.935,-0.1613857354,0.5007613999,4.01597,-0.2168392636,0.9593774423,2.73673,0.1634450731,-0.5021826189,4.015,0.2061298212,-0.9383555038,2.22981
0.9355,-0.1614934164,0.5012401078,4.01953,-0.2138791563,0.9554594112,2.72072,0.1635468506,-0.5026508931,4.01843,0.2009886621,-0.9348175775,2.2129
0.936,-0.1615996098,0.5017168498,4.02306,-0.2108888098,0.9515153156,2.70459,0.1636460615,-0.5031174027,4.02185,0.1958636168,-0.9313057069,2.19608
0.9365,-0.1617043006,0.502191613,4.02658,-0.2078687198,0.9475459588,2.68832,0.1637427147,-0.5035821619,4.02523,0.1907573477,-0.9278191674,2.17933
0.937,-0.1618074739,0.5026643853,4.03007,-0.2048193995,0.9435521433,2.67194,0.1638368204,-0.5040451845,4.02859,0.1856724532,-0.9243572033,2.16268
0.9375,-0.1619091153,0.5031351547,4.03354,-0.2017413752,0.9395346713,2.65543,0.1639283898,-0.5045064838,4.03193,0.1806114874,-0.9209190277,2.14612
0.938,-0.1620092108,0.5036039097,4.03699,-0.1986351847,0.935494344,2.6388,0.1640174344,-0.5049660721,4.03524,0.1755769664,-0.9175038229,2.12966
0.9385,-0.1621077462,0.5040706393,4.04042,-0.1955013972,0.9314319621,2.62206,0.1641039688,-0.5054239615,4.03852,0.1705712689,-0.9141107398,2.1133
0.939,-0.1622047079,0.5045353326,4.04383,-0.1923405941,0.9273483255,2.6052,0.1641880083,-0.5058801631,4.04178,0.1655967277,-0.9107388986,2.09704
0.9395,-0.1623000826,0.5049979794,4.04721,-0.1891533752,0.9232442336,2.58824,0.164269569,-0.5063346877,4.04501,0.1606555995,-0.9073873881,2.08088
0.94,-0.1623938571,0.5054585696,4.05057,-0.1859403591,0.9191204851,2.57117,0.1643486686,-0.5067875453,4.04822,0.1557500608,-0.9040552662,2.06483
0.9405,-0.1624860189,0.5059170938,4.05391,-0.1827021627,0.9149778778,2.55399,0.1644253239,-0.5072387453,4.05141,0.1508823123,-0.9007415597,2.04889
0.941,-0.1625765554,0.5063735426,4.05723,-0.1794394466,0.9108172093,2.53672,0.1644995552,-0.5076882966,4.05457,0.1460543417,-0.8974452644,2.03306
0.9415,-0.1626654546,0.5068279073,4.06052,-0.1761528812,0.9066392761,2.51935,0.1645713829,-0.5081362072,4.0577,0.1412680968,-0.8941653448,2.01735
0.942,-0.1627527046,0.5072801795,4.0638,-0.1728431554,0.9024448742,2.50189,0.1646408286,-0.5085824848,4.06081,0.136525441,-0.8909007346,2.00175
0.9425,-0.1628382941,0.5077303511,4.06705,-0.169510977,0.898234799,2.48434,0.1647079145,-0.5090271363,4.0639,0.1318281485,-0.8876503362,1.98626
0.943,-0.162922212,0.5081784144,4.07027,-0.1661570599,0.8940098453,2.46671,0.1647726635,-0.509470168,4.06696,0.1271779726,-0.8844130212,1.97089
0.9435,-0.1630044478,0.5086243623,4.07348,-0.1627821408,0.8897708069,2.44899,0.1648350991,-0.5099115856,4.07,0.1225765544,-0.8811876298,1.95564
0.944,-0.1630849909,0.5090681877,4.07666,-0.1593869846,0.8855184773,2.4312,0.1648952465,-0.5103513942,4.07302,0.1180253889,-0.8779729714,1.94051
0.9445,-0.1631638316,0.5095098843,4.07981,-0.1559723691,0.8812536492,2.41333,0.1649531313,-0.5107895982,4.07601,0.1135259101,-0.8747678242,1.9255
0.945,-0.1632409603,0.5099494458,4.08295,-0.1525390903,0.8769771145,2.39539,0.1650087799,-0.5112262014,4.07898,0.1090794575,-0.8715709354,1.91061
0.9455,-0.1633163678,0.5103868666,4.08606,-0.1490879587,0.8726896647,2.37739,0.165062219,-0.5116612072,4.08192,0.1046872998,-0.868381021,1.89584
0.946,-0.1633900454,0.5108221413,4.08914,-0.1456197855,0.8683920905,2.35932,0.1651134754,-0.512094618,4.08485,0.1003507059,-0.865196766,1.88119
0.9465,-0.1634619849,0.5112552649,4.09221,-0.1421354274,0.8640851819,2.34119,0.1651625777,-0.5125264358,4.08775,0.09607069551,-0.8620168245,1.86665
0.947,-0.1635321783,0.511686233,4.09525,-0.1386357478,0.8597697283,2.32301,0.1652095544,-0.5129566621,4.09063,0.09184825339,-0.8588398192,1.85224
0.9475,-0.1636006182,0.5121150411,4.09826,-0.1351216277,0.8554465183,2.30477,0.1652544346,-0.5133852974,4.09348,0.08768426744,-0.855664342,1.83794
0.948,-0.1636672977,0.5125416857,4.10126,-0.1315939658,0.8511163402,2.28649,0.1652972478,-0.5138123419,4.09632,0.08357952721,-0.8524889536,1.82375
0.9485,-0.1637322101,0.5129661632,4.10422,-0.1280536547,0.8467799812,2.26816,0.1653380235,-0.5142377952,4.09913,0.07953485729,-0.8493121837,1.80968
0.949,-0.1637953493,0.5133884705,4.10717,-0.1245016276,0.842438228,2.2498,0.165376792,-0.514661656,4.10192,0.07555085062,-0.8461325308,1.79573
0.9495,-0.1638567099,0.5138086052,4.11009,-0.1209388307,0.8380918668,2.23139,0.1654135837,-0.5150839226,4.10469,0.0716280227,-0.8429484625,1.78188
0.95,-0.1639162865,0.5142265648,4.11298,-0.1173662232,0.833741683,2.21296,0.1654484295,-0.5155045927,4.10744,0.06776680984,-0.8397584152,1.76814
0.9505,-0.1639740746,0.5146423475,4.11586,-0.1137847805,0.8293884612,2.1945,0.1654813603,-0.5159236631,4.11016,0.06396755223,-0.8365607943,1.75451
0.951,-0.1640300699,0.5150559518,4.1187,-0.110195482,0.8250329856,2.17601,0.1655124072,-0.5163411304,4.11287,0.0602305613,-0.8333539741,1.74098
0.9515,-0.1640842688,0.5154673765,4.12153,-0.1065993185,0.8206760396,2.15751,0.1655416011,-0.5167569903,4.11555,0.05655607667,-0.8301362978,1.72755
0.952,-0.1641366681,0.5158766215,4.12433,-0.1029973132,0.8163181789,2.13899,0.1655689734,-0.5171712152,4.11822,0.05294413904,-0.8269046385,1.71422
0.9525,-0.1641872651,0.5162836887,4.1271,-0.09939049474,0.8119602371,2.12046,0.1655945554,-0.5175838092,4.12086,0.04939474938,-0.8236587054,1.70098
0.953,-0.1642360578,0.5166885784,4.12986,-0.0957799053,0.8076033581,2.10192,0.1656183784,-0.5179948012,4.12348,0.04590781826,-0.8203996049,1.68784
0.9535,-0.1642830445,0.5170912911,4.13258,-0.09216659838,0.8032483051,2.08338,0.1656404735,-0.5184041787,4.12609,0.04248317825,-0.8171256195,1.67478
0.954,-0.164328224,0.5174918276,4.13529,-0.08855161643,0.7988958471,2.06484,0.165660872,-0.5188119292,4.12867,0.03912071564,-0.8138350969,1.66182
0.9545,-0.1643715958,0.517890189,4.13797,-0.08493604653,0.7945467589,2.04631,0.1656796048,-0.5192180398,4.13123,0.03582003672,-0.8105264507,1.64895
0.955,-0.1644131598,0.5182863771,4.14062,-0.08132097467,0.7902018213,2.02779,0.1656967027,-0.5196224977,4.13377,0.03258073889,-0.8071981599,1.63615
0.9555,-0.1644529168,0.5186803939,4.14325,-0.07770749773,0.7858618206,2.00928,0.165712196,-0.5200252895,4.1363,0.02940233804,-0.8038487692,1.62343
0.956,-0.1644908676,0.519072242,4.14586,-0.07409672302,0.7815275492,1.9908,0.1657261152,-0.5204264019,4.1388,0.02628426916,-0.8004768888,1.61079
0.9565,-0.164527014,0.5194619244,4.14844,-0.07048975045,0.777199805,1.97234,0.1657384906,-0.5208258212,4.14128,0.02322599368,-0.7970811946,1.59821
0.957,-0.1645613579,0.5198494444,4.151,-0.06688770146,0.772879392,1.9539,0.1657493518,-0.5212235335,4.14375,0.02022682177,-0.793660428,1.58571
0.9575,-0.1645939023,0.5202348059,4.15353,-0.06329170996,0.7685671198,1.9355,0.165758728,-0.5216195248,4.14619,0.01728596582,-0.790213396,1.57326
0.958,-0.1646246505,0.5206180131,4.15605,-0.05970291296,0.7642638039,1.91714,0.1657666482,-0.5220137809,4.14862,0.01440259582,-0.7867389713,1.56087
0.9585,-0.1646536063,0.5209990707,4.15853,-0.05612245463,0.7599702656,1.89882,0.1657731407,-0.5224062871,4.15103,0.01157581331,-0.7832360921,1.54854
0.959,-0.1646807743,0.5213779838,4.16099,-0.05255147921,0.7556873319,1.88054,0.1657782338,-0.5227970289,4.15341,0.008804693359,-0.7797037621,1.53626
0.9595,-0.1647061593,0.521754758,4.16343,-0.04899112765,0.7514158358,1.86232,0.1657819555,-0.5231859912,4.15578,0.006088304278,-0.7761410509,1.52403
0.96,-0.164729767,0.5221293994,4.16585,-0.04544256485,0.7471566159,1.84416,0.1657843324,-0.5235731591,4.15813,0.003425536351,-0.7725470933,1.51184
0.9605,-0.1647516036,0.5225019142,4.16824,-0.04190695163,0.7429105168,1.82605,0.1657853911,-0.5239585171,4.16046,0.0008152744029,-0.7689210899,1.49969
0.961,-0.1647716759,0.5228723093,4.17061,-0.03838545229,0.7386783887,1.80801,0.1657851574,-0.5243420496,4.16277,-0.001743650575,-0.7652623071,1.48757
0.9615,-0.1647899914,0.5232405921,4.17295,-0.03487923398,0.7344610877,1.79004,0.1657836565,-0.524723741,4.16507,-0.004252459483,-0.7615700764,1.47549
0.962,-0.1648065576,0.5236067702,4.17528,-0.03138944744,0.7302594758,1.77214,0.1657809141,-0.5251035752,4.16734,-0.006712303231,-0.7578437953,1.46344
0.9625,-0.1648213833,0.5239708517,4.17757,-0.02791726741,0.7260744208,1.75433,0.1657769539,-0.5254815361,4.1696,-0.009124523523,-0.7540829268,1.45141
0.963,-0.1648344775,0.5243328453,4.17985,-0.02446386106,0.721906796,1.73659,0.1657717992,-0.5258576072,4.17184,-0.01149045237,-0.7502869994,1.43941
0.9635,-0.16484585,0.52469276,4.1821,-0.02103039481,0.7177574808,1.71895,0.1657654726,-0.526231772,4.17405,-0.01381145745,-0.7464556072,1.42742
0.964,-0.1648555111,0.5250506052,4.18433,-0.01761803394,0.7136273604,1.7014,0.1657579961,-0.5266040135,4.17625,-0.01608894151,-0.7425884099,1.41545
0.9645,-0.1648634715,0.5254063907,4.18654,-0.01422793446,0.7095173258,1.68395,0.1657493917,-0.5269743148,4.17844,-0.01832428934,-0.738685133,1.40349
0.965,-0.1648697425,0.525760127,4.18872,-0.01086125188,0.7054282736,1.6666,0.1657396804,-0.5273426587,4.1806,-0.02051892897,-0.7347455673,1.39154
0.9655,-0.1648743362,0.5261118246,4.19088,-0.007519143768,0.7013611064,1.64936,0.1657288816,-0.5277090276,4.18274,-0.0226743511,-0.7307695694,1.37959
0.966,-0.1648772654,0.5264614948,4.19302,-0.004202759854,0.6973167325,1.63224,0.1657170144,-0.5280734038,4.18487,-0.02479204395,-0.7267570613,1.36765
0.9665,-0.164878543,0.5268091491,4.19513,-0.000913244637,0.6932960662,1.61523,0.1657040972,-0.5284357696,4.18698,-0.02687351319,-0.7227080307,1.3557
0.967,-0.164878183,0.5271547997,4.19723,0.002348264817,0.6893000273,1.59834,0.1656901477,-0.5287961067,4.18907,-0.02892026771,-0.718622531,1.34375
0.9675,-0.1648761992,0.5274984589,4.1993,0.005580643645,0.6853295417,1.58158,0.1656751841,-0.5291543969,4.19114,-0.03093378633,-0.714500681,1.3318
0.968,-0.1648726068,0.5278401397,4.20135,0.008782766015,0.6813855409,1.56496,0.1656592217,-0.5295106216,4.19319,-0.03291561945,-0.7103426652,1.31984
0.9685,-0.1648674211,0.5281798553,4.20338,0.01195351802,0.6774689623,1.54847,0.165642276,-0.5298647621,4.19523,-0.03486729455,-0.7061487338,1.30786
0.969,-0.1648606582,0.5285176196,4.20539,0.01509179504,0.6735807491,1.53212,0.1656243613,-0.5302167995,4.19724,-0.03679033867,-0.7019192022,1.29588
0.9695,-0.1648523346,0.5288534467,4.20737,0.01819650248,0.6697218502,1.51592,0.1656054914,-0.5305667145,4.19924,-0.03868627528,-0.6976544519,1.28387
0.97,-0.1648424671,0.5291873513,4.20934,0.02126655872,0.6658932205,1.49986,0.1655856807,-0.5309144879,4.20122,-0.04055659524,-0.6933549296,1.27185
0.9705,-0.1648310734,0.5295193483,4.21128,0.02430089155,0.6620958205,1.48397,0.1655649413,-0.5312600999,4.20318,-0.04240280478,-0.6890211479,1.25981
0.971,-0.1648181717,0.5298494533,4.21321,0.02729844148,0.6583306167,1.46823,0.1655432844,-0.5316035309,4.20512,-0.04422639218,-0.6846536847,1.24775
0.9715,-0.1648037807,0.5301776826,4.21511,0.03025816247,0.6545986261,1.45266,0.1655207208,-0.5319447552,4.20704,-0.04602882488,-0.6802534415,1.23567
0.972,-0.1647879196,0.5305040583,4.21699,0.03317902245,0.6509010892,1.43727,0.1654972606,-0.5322837154,4.20894,-0.04781154928,-0.6758233161,1.22356
0.9725,-0.164770608,0.5308285929,4.21886,0.03606000265,0.647238271,1.42204,0.1654729136,-0.5326204801,4.21083,-0.04957598863,-0.6713606407,1.21143
0.973,-0.164751866,0.5311513041,4.2207,0.03890009932,0.6436111995,1.40699,0.1654476894,-0.5329550276,4.21269,-0.05132353902,-0.6668666758,1.19927
0.9735,-0.1647317143,0.5314722104,4.22253,0.04169832697,0.6400209001,1.39213,0.1654215954,-0.5332873374,4.21454,-0.05305556402,-0.6623427424,1.18708
0.974,-0.1647101742,0.5317913305,4.22433,0.04445371593,0.6364683953,1.37745,0.1653946388,-0.5336173904,4.21637,-0.05477339408,-0.6577902213,1.17486
0.9745,-0.1646872674,0.5321086838,4.22612,0.04716531414,0.6329547049,1.36297,0.1653668262,-0.5339451688,4.21818,-0.05647832243,-0.6532105534,1.16262
0.975,-0.1646630161,0.53242429,4.22788,0.04983218716,0.629480846,1.34868,0.1653381636,-0.5342706559,4.21997,-0.05817160463,-0.6486052398,1.15035
0.9755,-0.1646374424,0.5327381694,4.22963,0.0524534115,0.6260478329,1.33459,0.165308658,-0.5345938365,4.22174,-0.05985448426,-0.6439758416,1.13805
0.976,-0.1646105698,0.5330503427,4.23136,0.05502809424,0.6226566772,1.32071,0.1652783133,-0.5349146964,4.22349,-0.06152811615,-0.6393239798,1.12573
0.9765,-0.1645824217,0.5333608312,4.23308,0.05755535845,0.6193083877,1.30704,0.1652471338,-0.535233223,4.22522,-0.06319362289,-0.6346513359,1.11338
0.977,-0.164553022,0.5336696567,4.23477,0.06003434801,0.6160039705,1.29358,0.165215123,-0.5355494045,4.22694,-0.06485207561,-0.6299596509,1.10101
0.9775,-0.1645223952,0.5339768412,4.23645,0.06246422837,0.612744429,1.28035,0.1651822841,-0.5358632309,4.22863,-0.06650449082,-0.6252507265,1.08861
0.978,-0.1644905658,0.5342824077,4.23811,0.06484417701,0.6095307638,1.26733,0.1651486207,-0.5361746932,4.23031,-0.06815187415,-0.6205264239,1.0762
0.9785,-0.164457559,0.5345863792,4.23975,0.06717340131,0.6063639727,1.25454,0.165114135,-0.5364837835,4.23196,-0.06979513868,-0.6157886647,1.06376
0.979,-0.1644234004,0.5348887794,4.24138,0.06945113409,0.6032450508,1.24199,0.1650788285,-0.5367904954,4.2336,-0.07143512563,-0.6110394304,1.05132
0.9795,-0.164388116,0.5351896325,4.24299,0.07167662918,0.6001749906,1.22967,0.1650427025,-0.5370948239,4.23522,-0.07307262476,-0.6062807629,1.03886
0.98,-0.1643517322,0.5354889632,4.24458,0.07384916461,0.5971547817,1.21758,0.1650057579,-0.5373967649,4.23682,-0.07470835975,-0.6015147637,1.02638
0.9805,-0.1643142756,0.5357867966,4.24616,0.07596803752,0.5941854109,1.20575,0.1649679954,-0.5376963158,4.2384,-0.07634301353,-0.5967435947,1.0139
0.981,-0.1642757729,0.5360831583,4.24773,0.07803256224,0.5912678623,1.19415,0.1649294164,-0.5379934753,4.23996,-0.07797723772,-0.5919694777,1.00142
0.9815,-0.1642362517,0.5363780745,4.24928,0.08004209541,0.5884031175,1.18281,0.1648900203,-0.5382882432,4.2415,-0.07961153121,-0.5871946947,0.98893
0.982,-0.1641957396,0.5366715717,4.25081,0.08199601228,0.5855921549,1.17173,0.1648498068,-0.5385806207,4.24302,-0.08124635525,-0.5824215878,0.976445
0.9825,-0.1641542646,0.5369636771,4.25233,0.08389371447,0.5828359507,1.1609,0.1648087755,-0.5388706102,4.24452,-0.08288209644,-0.5776525589,0.963966
0.983,-0.1641118551,0.5372544183,4.25384,0.08573463054,0.5801354778,1.15033,0.1647669255,-0.5391582154,4.246,-0.08451906426,-0.5728900702,0.951498
0.9835,-0.1640685393,0.5375438233,4.25533,0.08751819197,0.5774917068,1.14003,0.1647242572,-0.5394434414,4.24747,-0.08615761124,-0.5681366441,0.939045
0.984,-0.1640243462,0.5378319207,4.25681,0.08924388755,0.5749056053,1.13,0.1646807693,-0.5397262942,4.24891,-0.08779786184,-0.5633948627,0.926611
0.9845,-0.1639793047,0.5381187394,4.25827,0.09091122318,0.5723781382,1.12024,0.1646364607,-0.5400067815,4.25033,-0.08943991364,-0.5586673685,0.914201
0.985,-0.1639334444,0.5384043092,4.25973,0.09251973224,0.5699102677,1.11075,0.1645913306,-0.540284912,4.25174,-0.09108378604,-0.5539568638,0.90182
0.9855,-0.1638867946,0.5386886599,4.26117,0.09406897637,0.5675029534,1.10155,0.1645453777,-0.5405606958,4.25313,-0.09272941663,-0.5492661112,0.889475
0.986,-0.1638393852,0.5389718221,4.2626,0.09555853085,0.5651571518,1.09262,0.1644986016,-0.5408341441,4.25449,-0.09437673609,-0.5445979333,0.877171
0.9865,-0.1637912459,0.5392538268,4.26402,0.09698800415,0.5628738169,1.08399,0.1644510017,-0.5411052695,4.25584,-0.09602556912,-0.5399552128,0.864913
0.987,-0.1637424069,0.5395347055,4.26543,0.09835704469,0.5606539,1.07563,0.1644025771,-0.5413740859,4.25717,-0.0976756007,-0.5353408922,0.852708
0.9875,-0.1636928987,0.5398144901,4.26682,0.09966532279,0.5584983495,1.06758,0.1643533271,-0.5416406084,4.25848,-0.09932646831,-0.5307579746,0.840563
0.988,-0.1636427515,0.540093213,4.26821,0.1009125377,0.5564081112,1.05981,0.1643032514,-0.5419048534,4.25977,-0.1009777264,-0.5262095226,0.828484
0.9885,-0.1635919962,0.5403709074,4.26958,0.1020984126,0.554384128,1.05234,0.1642523499,-0.5421668384,4.26105,-0.1026288728,-0.5216986593,0.816478
0.989,-0.1635406632,0.5406476065,4.27095,0.1032226804,0.5524273402,1.04517,0.1642006232,-0.5424265826,4.2623,-0.1042794213,-0.5172285676,0.804553
0.9895,-0.1634887836,0.5409233443,4.27231,0.104285134,0.5505386852,1.03831,0.1641480715,-0.542684106,4.26354,-0.1059286463,-0.5128024907,0.792717
0.99,-0.1634363882,0.5411981552,4.27366,0.1052855826,0.5487190979,1.03175,0.1640946956,-0.54293943,4.26476,-0.1075758045,-0.5084237317,0.780976
0.9905,-0.1633835082,0.5414720741,4.275,0.1062238645,0.5469695101,1.02549,0.1640404967,-0.5431925775,4.26596,-0.1092200719,-0.5040956537,0.76934
0.991,-0.1633301747,0.5417451364,4.27633,0.1070998472,0.5452908513,1.01955,0.1639854765,-0.5434435724,4.26714,-0.1108605432,-0.4998216802,0.757817
0.9915,-0.1632764187,0.5420173777,4.27766,0.1079134011,0.54368392,1.01392,0.1639296371,-0.5436924308,4.2683,-0.1124963668,-0.4956048076,0.746414
0.992,-0.1632222716,0.5422888331,4.27897,0.1086644519,0.5421494368,1.0086,0.1638729812,-0.5439391914,4.26945,-0.1141264766,-0.4914478014,0.735139
0.9925,-0.1631677646,0.5425595392,4.28029,0.10935295,0.5406882658,1.0036,0.1638155119,-0.5441838891,4.27058,-0.1157497498,-0.4873540609,0.724001
0.993,-0.163112929,0.5428295332,4.28159,0.109978871,0.5393012466,0.998912,0.1637572329,-0.5444265564,4.27169,-0.1173650046,-0.4833269483,0.713007
0.9935,-0.1630577961,0.5430988523,4.28289,0.1105422189,0.5379892007,0.994549,0.1636981485,-0.5446672275,4.27279,-0.1189709844,-0.4793698124,0.702169
0.994,-0.1630023971,0.5433675345,4.28418,0.1110430129,0.5367529319,0.990507,0.1636382637,-0.5449059384,4.27386,-0.1205664245,-0.475485989,0.691494
0.9945,-0.1629467635,0.5436356178,4.28547,0.1114812964,0.5355932261,0.986789,0.1635775838,-0.5451427264,4.27493,-0.1221500091,-0.4716788006,0.680991
0.995,-0.1628909263,0.5439031407,4.28676,0.11185716,0.5345108515,0.983396,0.1635161154,-0.5453776307,4.27597,-0.1237202516,-0.4679515566,0.670669
0.9955,-0.1628349167,0.544170142,4.28804,0.1121707119,0.5335065581,0.98033,0.1634538656,-0.5456106921,4.277,-0.1252756484,-0.4643075531,0.660539
0.996,-0.1627787659,0.5444366609,4.28931,0.1124220871,0.5325810784,0.977592,0.1633908421,-0.545841953,4.27802,-0.1268146307,-0.4607500732,0.65061
0.9965,-0.162722505,0.5447027369,4.29058,0.1126114452,0.531735127,0.975183,0.1633270538,-0.5460714574,4.27902,-0.1283355773,-0.4572823865,0.640891
0.997,-0.1626661648,0.5449684099,4.29185,0.1127389462,0.5309694005,0.973105,0.1632625093,-0.546299251,4.28,-0.1298369374,-0.4539077497,0.631391
0.9975,-0.1626097764,0.5452337201,4.29312,0.1128048115,0.5302845777,0.971358,0.1631972194,-0.5465253811,4.28097,-0.1313169211,-0.4506294062,0.62212
0.998,-0.1625533704,0.5454987082,4.29439,0.1128092742,0.5296813197,0.969944,0.1631311953,-0.5467498966,4.28193,-0.1327737526,-0.4474505862,0.613088
0.9985,-0.1624969774,0.545763415,4.29565,0.1127525926,0.5291602695,0.968863,0.1630644489,-0.5469728483,4.28287,-0.1342056036,-0.4443745066,0.604305
0.999,-0.162440628,0.5460278819,4.29691,0.1126350494,0.5287220526,0.968117,0.1629969936,-0.5471942882,4.2838,-0.1356105942,-0.4414043714,0.595781
0.9995,-0.1623843525,0.5462921505,4.29817,0.112456943,0.5283672763,0.967706,0.1629288429,-0.5474142704,4.28471,-0.1369868405,-0.4385433711,0.587526
1,-0.1623281811,0.5465562628,4.29943,0.1122186023,0.5280965303,0.967631,0.162860012,-0.5476328502,4.28562,-0.1383323791,-0.4357946832,0.579549
1,-0.1623281811,0.5465562628,4.29943,0.1122186023,0.5280965303,0.967631,0.162860012,-0.5476328502,4.28562,-0.1383323791,-0.4357946832,0.579549
