time,Transistor2.ct.v,Transistor2.Tr.vcs,Transistor2.Tr.vbe,Transistor1.ct.v,Transistor1.Tr.vcs,C4.v,Transistor2.Tr.C.i,R4.i,C3.v,Transistor2.b.i,Gnd4.p.i,C2.v,Transistor1.Tr.C.i,R2.i,C1.v,Transistor1.b.i,R1.i,Transistor1.Tr.vbcˍt,Transistor1.Tr.vbeˍt,Transistor2.Tr.vbcˍt,Transistor2.Tr.C.v,C5.v,Transistor1.Tr.C.v
0,0,0,0,0,0,0,-0,0,0,-0,0,0,0,-0,0,-0,-0,-0,-0,-0,0,0,0
1.044591206e-14,-3.22671842e-13,1.761543556e-12,8.333022738e-11,7.432078253e-10,2.451481636e-10,-8.180974409e-11,8.004820053e-10,1.566885991e-06,-1.786121794e-16,6.449864596e-12,-1.786121794e-12,8.187659726e-11,-1.632715663e-09,1.56688599e-06,9.957503897e-07,1.990014364e-05,0.01629593383,132744.8666,213281.9662,-573.6657595,1.761543556e-12,-8.365289922e-11,2.451481636e-10
1.50172482e-14,-6.510720345e-13,5.294077408e-12,1.703656169e-10,2.007994161e-09,6.573467358e-10,-1.690555565e-10,1.637614791e-09,2.252585539e-06,-4.727445355e-16,1.30119858e-11,-4.727445355e-12,1.693179927e-10,-4.880287431e-09,2.252585537e-06,1.819380331e-06,3.634744674e-05,0.01954865232,243735.7066,383129.064,-1147.358237,5.294077408e-12,-1.710166889e-10,6.573467358e-10
2.388146854e-14,-1.578838664e-12,2.131339879e-11,4.239712083e-10,6.827874915e-09,2.201686699e-09,-4.274154692e-10,4.061020704e-09,3.582216007e-06,-1.548334513e-15,3.154580659e-11,-1.548334513e-11,4.288571378e-10,-1.772829561e-08,3.582215992e-06,3.715545066e-06,7.417434383e-05,0.02286521189,502582.8597,771132.3698,-2790.797373,2.131339879e-11,-4.255500469e-10,2.201686699e-09
3.274568888e-14,-2.858513473e-12,5.453280284e-11,7.879836847e-10,1.516665253e-08,4.815260205e-09,-8.033769433e-10,7.488441405e-09,4.911845298e-06,-3.321144093e-15,5.710384659e-11,-3.321144093e-11,8.078135844e-10,-4.007446621e-08,4.911845254e-06,5.804313589e-06,0.0001157829387,0.02425572963,792769.3429,1196497.641,-5100.92422,5.453280284e-11,-7.908421982e-10,4.815260205e-09
4.422054025e-14,-4.98500812e-12,1.32448836e-10,1.421883734e-09,3.15252976e-08,9.806414029e-09,-1.464578318e-09,1.332129482e-08,6.633066391e-06,-6.61667973e-15,9.956782881e-11,-6.61667973e-11,1.477120241e-09,-8.329293788e-08,6.633066266e-06,8.618233021e-06,0.0001717341545,0.02495596009,1191736.554,1767740.91,-9018.72956,1.32448836e-10,-1.426868742e-09,9.806414029e-09
5.757105953e-14,-8.051361202e-12,2.869618269e-10,2.389758007e-09,5.864546886e-08,1.78099752e-08,-2.481470724e-09,2.194508897e-08,8.635634115e-06,-1.175035628e-14,1.607922169e-10,-1.175035628e-10,2.511893086e-09,-1.529808212e-07,8.635633811e-06,1.194494789e-05,0.0002377260485,0.0252422918,1674735.358,2441144.266,-14797.71644,2.869618269e-10,-2.397809368e-09,1.78099752e-08
7.45606059e-14,-1.27455791e-11,6.082194335e-10,3.97951435e-09,1.058200308e-07,3.117073434e-08,-4.160265599e-09,3.552046166e-08,1.118404928e-05,-2.004658474e-14,2.545106503e-10,-2.004658474e-10,4.230991641e-09,-2.69397427e-07,1.118404857e-05,1.620004149e-05,0.0003218844291,0.02539068653,2308998.389,3299776.547,-23880.01577,6.082194335e-10,-3.992259929e-09,3.117073434e-08
9.639832477e-14,-1.984721875e-11,1.272818421e-09,6.612217673e-09,1.872668889e-07,5.306521572e-08,-6.950263905e-09,5.677445484e-08,1.445967921e-05,-3.311341752e-14,3.962821067e-10,-3.311341752e-10,7.109811279e-09,-4.595540444e-07,1.445967762e-05,2.167637134e-05,0.000429782089,0.02551146761,3149350.557,4400563.967,-38082.03719,1.272818421e-09,-6.632064892e-09,5.306521572e-08
1.26724739e-13,-3.119862942e-11,2.765761873e-09,1.136889079e-08,3.390405278e-07,9.116127412e-08,-1.200267644e-08,9.236914565e-08,1.900859082e-05,-5.466615706e-14,6.228792653e-10,-5.466615706e-10,1.237210131e-08,-7.878917281e-07,1.900858712e-05,2.9283123e-05,0.0005788816494,0.02566237224,4354166.852,5921719.617,-61843.70407,2.765761873e-09,-1.140008942e-08,9.116127412e-08
1.726163878e-13,-5.037307743e-11,6.545249934e-09,2.10039315e-08,6.536489717e-07,1.629054156e-07,-2.224875425e-08,1.570350432e-07,2.589223568e-05,-9.203443873e-14,1.00562086e-09,-9.203443873e-10,2.317184475e-08,-1.397335709e-06,2.589222645e-05,4.079447449e-05,0.0008028165103,0.02588680347,6240979.436,8206526.35,-104978.621,6.545249934e-09,-2.105430458e-08,1.629054156e-07
2.360543928e-13,-7.805658716e-11,1.534633222e-08,3.916409747e-08,1.255390088e-06,2.837358943e-07,-4.156034463e-08,2.621401241e-07,3.540774332e-05,-1.471485099e-13,1.558188773e-09,-1.471485099e-09,4.381182922e-08,-2.399240651e-06,3.54077208e-05,5.670743845e-05,0.001109040967,0.02619360339,8933104.745,11331457.02,-175047.8215,1.534633222e-08,-3.924215405e-08,2.837358943e-07
3.151460821e-13,-1.102870811e-10,3.299160754e-08,6.969176898e-08,2.2734014e-06,4.599613116e-07,-7.399158603e-08,4.099997849e-07,4.72711724e-05,-2.124688043e-13,2.201492246e-09,-2.124688043e-09,7.895456093e-08,-3.810067507e-06,4.727112277e-05,7.654752256e-05,0.001485482423,0.02657075071,12361588.43,15174091.52,-273583.6253,3.299160754e-08,-6.980205606e-08,4.599613116e-07
4.171180835e-13,-1.427068925e-10,6.780337079e-08,1.220009513e-07,4.017435666e-06,7.163888865e-07,-1.294710551e-07,6.166768427e-07,6.256641781e-05,-2.795260746e-13,2.848547328e-09,-2.795260746e-09,1.398300579e-07,-5.765588286e-06,6.256631422e-05,0.0001021279294,0.001962209875,0.02704837067,16815617.46,20042728.81,-411286.9544,6.780337079e-08,-1.221436582e-07,7.163888865e-07
5.457785844e-13,-1.633081362e-10,1.323652841e-07,2.088749385e-07,6.897365167e-06,1.072902385e-06,-2.214153681e-07,8.905008397e-07,8.186457351e-05,-3.244096501e-13,3.259674532e-09,-3.244096501e-09,2.417946777e-07,-8.311077075e-06,8.186436972e-05,0.0001344046195,0.002550145086,0.02763740439,22397538.34,26051234.36,-593708.9148,1.323652841e-07,-2.090382466e-07,1.072902385e-06
7.111690063e-13,-1.5187167e-10,2.504037408e-07,3.548802827e-07,1.16842838e-05,1.571705046e-06,-3.755552867e-07,1.251515459e-06,0.0001066715954,-3.068412895e-13,3.031296575e-09,-3.068412895e-09,4.141572608e-07,-1.157547785e-05,0.0001066712094,0.0001758976816,0.003284267956,0.02837289543,29424485.25,33560938.49,-834208.9734,2.504037408e-07,-3.550321544e-07,1.571705046e-06
9.268399367e-13,-7.108050911e-11,4.645491925e-07,6.035292795e-07,1.969913089e-05,2.279689546e-06,-6.372858952e-07,1.727367027e-06,0.0001390196177,-1.524282474e-13,1.418561617e-09,-1.524282474e-09,7.085531574e-07,-1.571136388e-05,0.000139018905,0.0002300084187,0.004206185757,0.02929652552,38273131.47,43004172.56,-1151214.577,4.645491925e-07,-6.0360036e-07,2.279689546e-06
1.218770673e-12,1.530745691e-10,8.636830642e-07,1.045685724e-06,3.360570955e-05,3.334769577e-06,-1.101052205e-06,2.373691408e-06,0.0001828045904,2.862071064e-13,-3.05576724e-09,2.862071064e-09,1.232009775e-06,-2.102759802e-05,0.0001828032809,0.0003032580684,0.005393047177,0.03048558075,49659145.94,55183834.12,-1581804.516,8.636830642e-07,-1.045532649e-06,3.334769577e-06
1.637154312e-12,6.871815715e-10,1.65520742e-06,1.892540323e-06,5.930623252e-05,5.038547995e-06,-1.985272567e-06,3.300651471e-06,0.0002455532941,1.340859668e-12,-1.371681424e-08,1.340859668e-08,2.231040615e-06,-2.80750738e-05,0.0002455508364,0.0004082473039,0.006978821427,0.03207426487,64834904.42,71502141.94,-2199396.776,1.65520742e-06,-1.891853141e-06,5.038547995e-06
2.299639818e-12,1.984355115e-09,3.437549312e-06,3.75180629e-06,0.0001127081525,8.202485515e-06,-3.91440388e-06,4.768545682e-06,0.0003449068287,3.914500658e-12,-3.960881229e-08,3.914500658e-08,4.406435375e-06,-3.796050141e-05,0.0003449019084,0.0005745148625,0.009236134201,0.03433566828,86339253.18,94837152.33,-3177475.755,3.437549312e-06,-3.749821935e-06,8.202485515e-06
3.549934547e-12,5.641876476e-09,8.568050629e-06,9.015266717e-06,0.0002499591697,1.575953237e-05,-9.321930306e-06,7.538796769e-06,0.0005323969628,1.11926987e-11,-1.126136756e-07,1.11926987e-07,1.046374624e-05,-5.295786129e-05,0.0005323855446,0.000888373827,0.01276829315,0.03787405704,119673137.7,131690200.7,-5023572.04,8.568050629e-06,-9.009624841e-06,1.575953237e-05
5.107420535e-12,1.177550112e-08,1.818929861e-05,1.883290637e-05,0.0004741513062,2.813950221e-05,-1.928824296e-05,1.09894435e-05,0.0007659201978,2.341732725e-11,-2.350416758e-07,2.341732725e-07,2.150949922e-05,-6.630002989e-05,0.0007658979852,0.001279438707,0.01610574802,0.04121707971,150614477.4,167109028,-7323410.664,1.818929861e-05,-1.882113087e-05,2.813950221e-05
7.119794148e-12,2.127848428e-08,3.592618457e-05,3.696729515e-05,0.0008276890226,4.91239634e-05,-3.747092059e-05,1.544736021e-05,0.001067594413,4.237218926e-11,-4.247222418e-07,4.237218926e-07,4.141091228e-05,-7.713051115e-05,0.001067555013,0.001784822319,0.01914266592,0.04425852158,177891413.1,200283411.8,-10294948.76,3.592618457e-05,-3.694601667e-05,4.91239634e-05
9.571625211e-12,3.407571478e-08,6.561851832e-05,6.748829857e-05,0.001324218276,8.244648737e-05,-6.770629559e-05,2.087777265e-05,0.001435066719,6.79085242e-11,-6.801561251e-07,6.79085242e-07,7.407412976e-05,-8.372357614e-05,0.00143500304,0.002400658816,0.02152881079,0.04664735726,198038824.3,227731476.8,-13915064.44,6.561851832e-05,-6.745422285e-05,8.244648737e-05
1.256047171e-11,5.03264943e-08,0.0001138186661,0.0001173606209,0.001989732026,0.0001347724809,-0.0001165682539,2.749587832e-05,0.001882905073,1.003431051e-10,-1.004523024e-06,1.003431051e-06,0.00012620127,-8.571210892e-05,0.001882808743,0.003151428006,0.02323391959,0.04835303859,210611889.7,249309386,-18327227.61,0.0001138186661,-0.0001173102944,0.0001347724809
1.61373997e-11,6.983437815e-08,0.0001888347588,0.0001954908467,0.002834663987,0.0002144843499,-0.0001923761076,3.541348753e-05,0.002418686194,1.392819835e-10,-1.393901923e-06,1.392819835e-06,0.0002061626065,-8.321743356e-05,0.002418548329,0.004049896332,0.02430464689,0.04942206394,216000724,265558777.4,-23605995.84,0.0001888347588,-0.0001954210123,0.0002144843499
2.042505065e-11,9.283928746e-08,0.0003036332153,0.0003157677996,0.0038819261,0.0003347381313,-0.000308123244,4.490028656e-05,0.003060676365,1.852021972e-10,-1.853081705e-06,1.852021972e-06,0.0003270629878,-7.675143518e-05,0.003060486968,0.005126762232,0.02489672262,0.05001006201,215576569.1,278211670.8,-29931245.31,0.0003036332153,-0.0003156749603,0.0003347381313
2.557539071e-11,1.198724357e-07,0.0004773747946,0.0004987337362,0.005161237834,0.0005149222518,-0.0004830037835,5.628988965e-05,0.003831478569,2.391628568e-10,-2.392665457e-06,2.391628568e-06,0.0005082411699,-6.681081983e-05,0.003831226195,0.006420018598,0.02517561528,0.05028223832,210764968.7,289142757.4,-37525613.94,0.0004773747946,-0.0004986138637,0.0005149222518
3.185015341e-11,1.521455595e-07,0.0007418861929,0.0007784894349,0.00673105621,0.0007872191686,-0.0007489018942,7.015701346e-05,0.004770033993,3.035821895e-10,-3.036839546e-06,3.035821895e-06,0.0007818671333,-5.352035211e-05,0.004769704341,0.007995093431,0.02528074442,0.05037730241,202571172.4,300143836.7,-46772754.11,0.0007418861929,-0.0007783372893,0.0007872191686
3.964768008e-11,1.915501437e-07,0.001151413694,0.001213193033,0.008686274987,0.001206385204,-0.001160151206,8.73751143e-05,0.0059355505,3.822357748e-10,-3.823358158e-06,3.822357748e-06,0.001202738959,-3.646245122e-05,0.005935124622,0.009951440047,0.0253033012,0.05038496924,191320574.4,312747460.2,-58256031.34,0.001151413694,-0.001213001483,0.001206385204
4.966828375e-11,2.412725493e-07,0.001809109321,0.001913512638,0.0111991574,0.001876438363,-0.001820057112,0.0001094779142,0.007432041992,4.814840876e-10,-4.815821305e-06,4.814840876e-06,0.001875004996,-1.433367589e-05,0.007431492513,0.0124636685,0.02529022187,0.05034914634,176456719.8,328528647.9,-73000295.62,0.001809109321,-0.001913271366,0.001876438363
6.321377349e-11,3.068237483e-07,0.002932859721,0.003113490655,0.01459280054,0.00301684901,-0.002946790752,0.0001393103115,0.009452598115,6.123277649e-10,-6.124228411e-06,6.123277649e-06,0.00301841436,1.565350278e-05,0.009451881879,0.01585559361,0.02525586138,0.05027771404,156221797.6,349695478.8,-92908076.96,0.002932859721,-0.003113183831,0.00301684901
8.306182704e-11,3.98851982e-07,0.005066107768,0.005397756352,0.019555982,0.005174402122,-0.005084400079,0.0001829231125,0.01240843005,7.960220715e-10,-7.961119198e-06,7.960220715e-06,0.005180366313,5.96419073e-05,0.01240747039,0.02081551267,0.02519061334,0.05014507066,126472192.1,380561669.6,-122031152.3,0.005066107768,-0.0053973575,0.005174402122
1.150347126e-10,5.345633071e-07,0.009716412208,0.01039216202,0.02752004332,0.009863517686,-0.009741702725,0.000252905174,0.01715778986,1.066913639e-09,-1.066992787e-05,1.066913639e-05,0.009876575384,0.000130576989,0.01715644113,0.02877267981,0.02505272962,0.04986606261,78343601.47,429953329.8,-168826572.3,0.009716412208,-0.01039162746,0.009863517686
1.574455862e-10,6.839530054e-07,0.01818906237,0.01952010365,0.03800553419,0.01838679647,-0.01822357787,0.0003451549905,0.02343460215,1.36511509e-09,-1.365175781e-05,1.36511509e-05,0.01840927067,0.0002247419733,0.02343274522,0.03924594539,0.02480822408,0.04937277124,14116766.43,494846171.1,-230674771.4,0.01818906237,-0.0195194197,0.01838679647
2.088223032e-10,8.047634383e-07,0.0319580032,0.03440041475,0.05054845411,0.03221536554,-0.03200359427,0.0004559106992,0.03100330954,1.606282246e-09,-1.606314312e-05,1.606282246e-05,0.03224924347,0.0003387793198,0.03100085305,0.05176941522,0.02441922234,0.04858936051,-64270255.94,572512800.7,-305257974.3,0.0319580032,-0.03439960999,0.03221536554
2.667058767e-10,8.417018755e-07,0.05204886094,0.05618167461,0.06440959492,0.05237056935,-0.05210678377,0.0005792283286,0.03948481367,1.680051589e-09,-1.680043648e-05,1.680051589e-05,0.05241726708,0.0004669772872,0.03948170884,0.06560267655,0.02386163251,0.04746740377,-153333541.6,658791891.9,-388844667.5,0.05204886094,-0.05618083291,0.05237056935
3.351073835e-10,7.197073101e-07,0.08200768274,0.08877035712,0.0803241286,0.0824006984,-0.08207995695,0.0007227420914,0.04944530796,1.43660643e-09,-1.436541407e-05,1.43660643e-05,0.08246246751,0.0006176911715,0.04944148285,0.08147635728,0.02304457348,0.04582371875,-259569244.5,759111094.6,-487020988,0.08200768274,-0.08876963741,0.0824006984
4.103596852e-10,3.390512389e-07,0.1226976465,0.1331916098,0.09711807848,0.1231621688,-0.1227854101,0.0008776361748,0.06032609868,6.768875545e-10,-6.767487026e-06,6.768875545e-06,0.1232403674,0.0007819858169,0.06032154911,0.09821587408,0.02195591192,0.04363303876,-377621151.2,867490760.9,-594287947.6,0.1226976465,-0.1331912707,0.1231621688
4.920463126e-10,-4.127630221e-07,0.1759685476,0.1915671036,0.114332781,0.1765014144,-0.1760727509,0.001042032803,0.07204621938,-8.236481814e-10,8.238787479e-06,-8.236481814e-06,0.1765972052,0.0009579072436,0.07204097484,0.1153608667,0.02056171325,0.04082574429,-507060215.9,982882576.3,-709854626.7,0.1759685476,-0.1915675164,0.1765014144
5.786204531e-10,-1.64439212e-06,0.2426889772,0.2649678081,0.1312297634,0.2432828847,-0.2428101683,0.001211910989,0.08436496629,-3.281881208e-09,3.282220478e-05,-3.281881208e-05,0.2433969814,0.001140967547,0.08435909816,0.1321727852,0.01886043616,0.03739702122,-645563081.7,1102766232,-831353943.1,0.2426889772,-0.2649694525,0.2432828847
6.689247974e-10,-3.456997243e-06,0.323444322,0.3541660263,0.1471681555,0.3240889023,-0.3235827569,0.001384349522,0.09710289204,-6.899731282e-09,6.900195023e-05,-6.899731282e-05,0.3242216706,0.001327682375,0.0970965029,0.1480113552,0.0168639938,0.03336887663,-791274388.3,1225370998,-957020370.8,0.323444322,-0.3541694833,0.3240889023
7.61830602e-10,-5.932033169e-06,0.4183167019,0.4593812444,0.1615583978,0.4189987643,-0.4184723844,0.00155682548,0.1100898665,-1.183978643e-08,0.0001184038677,-0.0001183978643,0.4191505127,0.001517483817,0.1100830852,0.1622891546,0.01461513602,0.02881249866,-942239103.4,1348933619,-1085177443,0.4183167019,-0.4593871765,0.4189987643
8.153126119e-10,-7.606700738e-06,0.4783131202,0.5260711793,0.1688330643,0.4789984086,-0.4784785189,0.001653987272,0.1175121066,-1.518240864e-08,0.0001518303666,-0.0001518240864,0.4791651126,0.001667039769,0.1175052407,0.1695060156,0.01345902636,0.02623994492,-1029459083,1415233779,-1158432204,0.4783131202,-0.526078786,0.4789984086
8.476494548e-10,-8.467432204e-06,0.5164856448,0.5682978413,0.172805445,0.5171130558,-0.5166568672,0.001712224087,0.1219808495,-1.690071748e-08,0.0001690106297,-0.0001690071748,0.5173093639,0.001963080997,0.1219743246,0.1734964866,0.01382083152,0.02571712029,-1082099084,1436069817,-1202523418,0.5164856448,-0.5683063087,0.5171130558
8.728281961e-10,-8.342498135e-06,0.5471944692,0.6014076664,0.1755311759,0.5475899255,-0.5473702553,0.001757861135,0.1254505269,-1.665244712e-08,0.0001665169138,-0.0001665244712,0.5478751263,0.002852007914,0.1254454781,0.1764035104,0.01744668985,0.02863924408,-1121509404,1395376106,-1236705605,0.5471944692,-0.6014160089,0.5475899255
8.856653494e-10,-7.490421259e-06,0.5631825434,0.6177550752,0.1767006685,0.5632657937,-0.5633607071,0.001781637386,0.1272161953,-1.495290326e-08,0.0001495093671,-0.0001495290326,0.563662059,0.003962653182,0.1272131818,0.17781698,0.02232622926,0.03315464031,-1137730875,1326453934,-1254059524,0.5631825434,-0.6177625656,0.5632657937
8.96516102e-10,-6.064843066e-06,0.5768708482,0.6308440686,0.1775267277,0.576481239,-0.577051077,0.001802287993,0.1287069045,-1.210876501e-08,0.000121054686,-0.0001210876501,0.577036863,0.005556239885,0.1287070467,0.1789751264,0.02896797492,0.03948608225,-1144596817,1232685202,-1268687804,0.5768708482,-0.6308501334,0.576481239
9.057032058e-10,-4.277410354e-06,0.5885850078,0.6411339268,0.1781058176,0.5875676863,-0.5887670406,0.001820328423,0.1299678105,-8.542177873e-09,8.537736353e-05,-8.542177873e-05,0.5883225148,0.007548285365,0.1299722557,0.1799293152,0.03646995267,0.04672406253,-1141447635,1130188356,-1281052953,0.5885850078,-0.6411382042,0.5875676863
9.136218964e-10,-2.342690717e-06,0.598773376,0.6492703152,0.1785322286,0.5969914056,-0.598957012,0.001836359825,0.1310537143,-4.681283662e-09,4.676018866e-05,-4.681283662e-05,0.5979736371,0.009822315642,0.1310635481,0.1807322782,0.04400099147,0.0540270284,-1129797936,1030977928,-1291704607,0.598773376,-0.6492726579,0.5969914056
9.20601437e-10,-4.044219583e-07,0.6078235784,0.6558125885,0.1788723671,0.6051580642,-0.6080086657,0.001850873102,0.1320101289,-8.129928998e-10,8.072179308e-06,-8.129928998e-06,0.6063860453,0.01227981123,0.1320263551,0.1814250275,0.05105320895,0.06087800432,-1112007416,940609650.4,-1301092990,0.6078235784,-0.6558129929,0.6051580642
9.275809775e-10,1.672184099e-06,0.6169394525,0.6617407003,0.1791993849,0.6131637775,-0.6171260249,0.001865724079,0.1329658864,3.331650208e-09,-3.337704897e-05,3.331650208e-05,0.6146794379,0.01515660488,0.1329903522,0.1821037253,0.05808680668,0.06771018922,-1087542447,851777747.3,-1310483561,0.6169394525,-0.6617390281,0.6131637775
9.338154255e-10,3.579388746e-06,0.6251376506,0.6665192092,0.179495285,0.6201577664,-0.6253255743,0.001879236385,0.1338190581,7.138377855e-09,-7.144500736e-05,7.138377855e-05,0.6219636838,0.01805917443,0.133852677,0.1826980767,0.06405583452,0.07349910562,-1060733197,776231729.3,-1318873315,0.6251376506,-0.6665156298,0.6201577664
9.400498735e-10,5.484543991e-06,0.6333881561,0.67082761,0.1798055435,0.6269872514,-0.6335774494,0.00189293303,0.1346717065,1.094115883e-08,-0.0001094720566,0.0001094115883,0.629111763,0.02124511564,0.1347163634,0.1832811911,0.06951295245,0.078775835,-1030290050,705737835.8,-1327264143,0.6333881561,-0.6708221254,0.6269872514
9.462843215e-10,7.347944279e-06,0.641690932,0.6746928171,0.1801372091,0.633639406,-0.641881608,0.001906759549,0.1355238322,1.466070606e-08,-0.0001466656715,0.0001466070606,0.6361072102,0.0246780421,0.1355815761,0.1838530482,0.07431678175,0.08339890346,-997134470.2,641006148.9,-1335654812,0.641690932,-0.6746854691,0.633639406
9.525187696e-10,9.140565781e-06,0.650045945,0.6781477319,0.1804941377,0.6401040889,-0.650238011,0.001920659879,0.1363754353,1.823905464e-08,-0.0001824465345,0.0001823905464,0.6429359462,0.02831857313,0.136448456,0.1844136219,0.07838968435,0.08729058797,-962175102.9,582243874.9,-1344044233,0.650045945,-0.6781385913,0.6401040889
9.587532176e-10,1.084305684e-05,0.6584531649,0.6812281251,0.18087747,0.646373684,-0.6586466229,0.001934580377,0.1372265164,2.163755015e-08,-0.0002164283858,0.0002163755015,0.6495863788,0.03212694726,0.1373171188,0.1849628817,0.08170823447,0.09042739716,-926183985.9,529315365.4,-1352431457,0.6584531649,-0.681217282,0.646373684
9.649876656e-10,1.244402261e-05,0.6669125643,0.6839702812,0.1812862899,0.6524428632,-0.6671074116,0.001948472846,0.1380770757,2.483342597e-08,-0.0002483837836,0.0002483342597,0.6560493604,0.03606497293,0.1381876562,0.1855007934,0.08429007054,0.09282692575,-889782932.3,481878254.3,-1360815742,0.6669125643,-0.6839578371,0.6524428632
9.712221136e-10,1.39381822e-05,0.6754241179,0.6864093776,0.1817182852,0.6583083189,-0.6756203475,0.001962296257,0.1389271136,2.781612468e-08,-0.0002782073214,0.0002781612468,0.6623180468,0.04009727878,0.1390601366,0.186027321,0.08618071567,0.0945346731,-853449952.3,439483450.1,-1369196543,0.6754241179,-0.6863954394,0.6583083189
9.774565616e-10,1.532470891e-05,0.6839878019,0.6885784769,0.1821703129,0.6639684948,-0.6841854036,0.001976017411,0.1397766302,3.058398433e-08,-0.0003058824984,0.0003058398433,0.6683876952,0.04419200382,0.1399346073,0.1865424272,0.08744228769,0.09561274946,-817539590.8,401642344.3,-1377573474,0.6839878019,-0.6885631522,0.6639684948
9.836910096e-10,1.660586803e-05,0.6926035935,0.6905079834,0.1826388357,0.6694233271,-0.6928025545,0.001989610822,0.1406256259,3.314151846e-08,-0.0003314545302,0.0003314151846,0.6742554343,0.04832107224,0.1408110971,0.187046075,0.08814478541,0.09613115795,-782306962.6,367868622.2,-1385946272,0.6926035935,-0.6904913775,0.6694233271
9.899254576e-10,1.778595975e-05,0.7012714706,0.6922254286,0.1831202326,0.6746740076,-0.7014717764,0.002003058094,0.1414741009,3.549730517e-08,-0.0003550092489,0.0003549730517,0.679920026,0.05246018439,0.1416896184,0.1875382276,0.08835990121,0.09616160341,-747930503.1,337702139.4,-1394314761,0.7012714706,-0.6922076427,0.6746740076
9.961599057e-10,1.887052912e-05,0.7099914117,0.6937554726,0.1836110011,0.6797227716,-0.7101930464,0.002016347033,0.1423220554,3.766240948e-08,-0.0003766573343,0.0003766240948,0.6853816345,0.05658862947,0.1425701695,0.1880188494,0.08815696569,0.09577343396,-714531221.9,310720930.3,-1402678826,0.7099914117,-0.6937366021,0.6797227716
1.002394354e-09,1.986886984e-05,0.718758987,0.6951171769,0.1841098752,0.6845685638,-0.7189614645,0.002024774869,0.1428103854,3.965535639e-08,-0.0003965842896,0.0003965535639,0.6906367548,0.06068191025,0.1430936325,0.1884879098,0.08756069105,0.09499165435,-677666125.2,285905399.2,-1407696118,0.718758987,-0.695097308,0.6845685638
1.008628802e-09,2.077797497e-05,0.7275334574,0.6963096408,0.1846264104,0.6891770487,-0.7277359339,0.00202476533,0.1427226407,4.147027585e-08,-0.0004147300939,0.0004147027585,0.6956473505,0.0647030178,0.1430435265,0.1889454006,0.08637980355,0.09362492624,-635618251.7,262419253.3,-1406844281,0.7275334574,-0.6962888628,0.6891770487
1.01486325e-09,2.157720015e-05,0.7363024853,0.6973517129,0.1851537196,0.6935429215,-0.7365049414,0.002024561673,0.1426349506,4.306588069e-08,-0.0004306826855,0.0004306588069,0.7004067898,0.06863868282,0.1429959321,0.1893912815,0.08475123789,0.09180978819,-596248071.4,241138227.2,-1405988952,0.7363024853,-0.6973301357,0.6935429215
1.021097698e-09,2.227487764e-05,0.7450660835,0.6982643526,0.1856842244,0.6976733902,-0.7452685019,0.002024183418,0.142547315,4.445875221e-08,-0.0004446083777,0.0004445875221,0.7049209834,0.07247593252,0.1429507902,0.1898255115,0.08282574147,0.08969712261,-559001232.3,221925332.7,-1405134323,0.7450660835,-0.6982420777,0.6976733902
1.027332146e-09,2.288499289e-05,0.7538242652,0.6990646144,0.1862131827,0.7015759391,-0.7540266292,0.002023640131,0.1424597337,4.567680585e-08,-0.0004567863218,0.0004567680585,0.7091965156,0.07620576447,0.1429080348,0.190248056,0.08069746571,0.08738115777,-523585776.5,204585603.2,-1404279466,0.7538242652,-0.6990417294,0.7015759391
1.033566594e-09,2.341975993e-05,0.7625770424,0.6997667572,0.1867373936,0.705258236,-0.7627793367,0.002022942954,0.1423722066,4.674442897e-08,-0.00046746031,0.0004674442897,0.7132404352,0.07982199178,0.1428675956,0.1906588843,0.07842981347,0.08492534484,-489840484.9,188917248.5,-1403424776,0.7625770424,-0.6997433375,0.705258236
1.039801042e-09,2.38889284e-05,0.7713244267,0.7003829162,0.1872545539,0.7087280525,-0.771526637,0.002022102982,0.1422847336,4.76810891e-08,-0.0004768249462,0.000476810891,0.7170601042,0.08332051644,0.142829399,0.191057968,0.07606828114,0.08237521415,-457664576.5,174731422.3,-1402570485,0.7713244267,-0.7003590272,0.7087280525
1.04603549e-09,2.4300335e-05,0.780066429,0.7009235408,0.1877629257,0.7119931981,-0.7802685421,0.002021131314,0.1421973146,4.850243347e-08,-0.0004850366513,0.0004850243347,0.7206630831,0.08669885,0.1427933692,0.1914452807,0.07364709981,0.07976502303,-426985983.9,161858615.2,-1401716739,0.780066429,-0.7008992405,0.7119931981
1.052269938e-09,2.466046169e-05,0.7888030593,0.7013977021,0.1882611546,0.7150614645,-0.7890050632,0.002020038896,0.1421099494,4.922140375e-08,-0.0004922248057,0.0004922140375,0.7240570418,0.08995577288,0.1427594296,0.1918207974,0.07119285468,0.07712137864,-397746277.7,150149492.6,-1400863614,0.7888030593,-0.7013730417,0.7150614645
1.058504386e-09,2.497481727e-05,0.7975343272,0.7018133204,0.1887481649,0.7179405808,-0.7977362108,0.0020188364,0.1420226379,4.984899822e-08,-0.0004984993654,0.0004984899822,0.7272496887,0.09309107879,0.1427275031,0.1921844944,0.06872659097,0.07446534555,-369893597.9,139473561.9,-1400011141,0.7975343272,-0.7017883456,0.7179405808
1.064738834e-09,2.524817669e-05,0.8062602414,0.7021773429,0.1892230927,0.7206381763,-0.8064619949,0.002017534114,0.1419353801,5.039474978e-08,-0.0005039556388,0.0005039474978,0.7302487138,0.09610537503,0.1426975129,0.1925363494,0.06626513339,0.07181376613,-343379359.7,129717127,-1399159326,0.8062602414,-0.7021520947,0.7206381763
1.070973282e-09,2.548473196e-05,0.8149808104,0.7024958868,0.1896852419,0.7231617513,-0.8151824245,0.002016141868,0.1418481758,5.086702738e-08,-0.0005086772986,0.0005086702738,0.7330617436,0.09899992245,0.1426693826,0.1928763407,0.06382197672,0.06918015165,-318156752.8,120781143.8,-1398308162,0.8149808104,-0.702470402,0.7231617513
1.07720773e-09,2.568819215e-05,0.8236960417,0.7027743562,0.1901340516,0.7255186537,-0.8238975086,0.002014668977,0.1417610249,5.127323579e-08,-0.0005127383783,0.0005127323579,0.7356963041,0.1017765047,0.142643037,0.193204448,0.06140792747,0.06657532425,-294180093.7,112579222.2,-1397457634,0.8236960417,-0.702748668,0.7255186537
1.083442178e-09,2.586185452e-05,0.8324059426,0.7030175401,0.1905690721,0.7277160602,-0.832607255,0.002013124215,0.1416739275,5.161995758e-08,-0.0005162046912,0.0005161995758,0.7381597922,0.1044373207,0.1426184021,0.1935206517,0.05903159067,0.06400790388,-271404577.5,105035854.1,-1396607725,0.8324059426,-0.7029916782,0.7277160602
1.089676626e-09,2.600865864e-05,0.8411105198,0.7032296943,0.1909899456,0.729760963,-0.8413116713,0.002011515796,0.1415868833,5.191306123e-08,-0.0005191349115,0.0005191306123,0.7404594525,0.1069848952,0.1425954055,0.1938249332,0.0566997529,0.06148469155,-249786213.8,98084878.66,-1395758413,0.8411105198,-0.7032036856,0.729760963
1.095911074e-09,2.613123005e-05,0.8498097796,0.7034146112,0.1913963904,0.7316601589,-0.8500107647,0.002009851384,0.1414998924,5.215778829e-08,-0.0005215814453,0.0005215778829,0.7426023594,0.1094220044,0.1425739764,0.1941172749,0.05441769133,0.05901097841,-229281843,91668169.79,-1394909677,0.8498097796,-0.7033884799,0.7316601589
1.102145522e-09,2.623191688e-05,0.8585037278,0.7035756788,0.1917881886,0.7334202424,-0.8587045416,0.002008138095,0.1414129546,5.235882644e-08,-0.0005235911611,0.0005235882644,0.7445954038,0.1117516142,0.142554046,0.1943976599,0.05218942703,0.05659079916,-209849183.3,85734518.46,-1394061496,0.8585037278,-0.7035494469,0.7334202424
1.10837997e-09,2.631282122e-05,0.86719237,0.7037159319,0.1921651755,0.7350476001,-0.8673930083,0.002006382527,0.1413260699,5.252037223e-08,-0.0005252060169,0.0005252037223,0.7464452829,0.1139768284,0.1425355472,0.1946660722,0.05001793471,0.05422714184,-191446885.7,80238683.28,-1393213849,0.86719237,-0.703689619,0.7350476001
1.114614418e-09,2.637582654e-05,0.8758757114,0.7038380946,0.1925272308,0.7365484086,-0.8760761705,0.002004590773,0.1412392383,5.264618575e-08,-0.0005264636072,0.0005264618575,0.7481584931,0.1161008456,0.1425184151,0.1949224967,0.04790531764,0.05192212282,-174034586.1,75140584.12,-1392366714,0.8758757114,-0.7038117187,0.7365484086
1.120848866e-09,2.642262179e-05,0.8845537566,0.7039446184,0.1928742711,0.737928633,-0.8847540335,0.002002768457,0.1411524597,5.273963873e-08,-0.0005273976431,0.0005273963873,0.7497413254,0.1181269238,0.1425025867,0.1951669188,0.04585295404,0.04967713321,-157572950.7,70404616.3,-1391520072,0.8845537566,-0.7039181958,0.737928633
1.127083314e-09,2.645472259e-05,0.8932265103,0.7040377143,0.1932062442,0.7391940278,-0.8934266024,0.002000920759,0.141065734,5.280375688e-08,-0.0005280383767,0.0005280375688,0.7511998628,0.12005835,0.1424880014,0.1953993252,0.0438616201,0.04749296192,-142023711.9,65999066.42,-1390673903,0.8932265103,-0.7040112596,0.7391940278
1.133317762e-09,2.647349007e-05,0.9018939767,0.7041193802,0.1935231233,0.7403501375,-0.902093882,0.001999052444,0.1409790612,5.28412575e-08,-0.0005284129763,0.000528412575,0.7525399792,0.1218984164,0.1424746002,0.1956197029,0.04193159344,0.04536989914,-127349696.4,61895613.6,-1389828190,0.9018939767,-0.7040929068,0.7403501375
1.13955221e-09,2.648014747e-05,0.9105561598,0.7041914257,0.1938249031,0.7414023003,-0.9107558766,0.001997167895,0.1408924412,5.28545826e-08,-0.0005285458578,0.000528545826,0.7537673402,0.1236503994,0.1424623266,0.1958280401,0.04006274032,0.04330782363,-113514844.4,58068902.78,-1388982914,0.9105561598,-0.7041649456,0.7414023003
1.145786658e-09,2.647579494e-05,0.9192130634,0.7042554927,0.1941115959,0.7423556503,-0.9194125905,0.001995271139,0.1408058741,5.284592845e-08,-0.0005284589802,0.0005284592845,0.7548874047,0.1253175435,0.142451126,0.1960243254,0.0382545893,0.04130627628,-100484221.5,54496178.59,-1388138059,0.9192130634,-0.7042290169,0.7423556503
1.152021106e-09,2.646142256e-05,0.9278646911,0.7043130737,0.1943832287,0.7432151223,-0.9280640276,0.001993365876,0.1407193597,5.281727162e-08,-0.0005281721059,0.0005281727162,0.755905427,0.1269030475,0.1424409457,0.1962085484,0.03650639335,0.03936452237,-88224024.04,51156970.47,-1387293609,0.9278646911,-0.7042866122,0.7432151223
1.158255554e-09,2.643792203e-05,0.9365110461,0.7043655282,0.1946398403,0.7439854555,-0.9367101917,0.001991455504,0.1406328981,5.277039221e-08,-0.0005277030328,0.0005277039221,0.7568264608,0.1284100538,0.1424317354,0.1963806994,0.0348171824,0.03748160402,-76701577.88,48032821.17,-1386449550,0.9365110461,-0.7043390902,0.7439854555
1.164490002e-09,2.640609689e-05,0.9451521318,0.7044140963,0.1948814791,0.7446711988,-0.9453510861,0.001989543148,0.1405464891,5.270689438e-08,-0.0005270677999,0.0005270689438,0.7576553627,0.1298416394,0.1424234464,0.1965407695,0.03318580772,0.03565638468,-65885332.83,45107051.99,-1385605867,0.9451521318,-0.7043876903,0.7446711988
1.17072445e-09,2.636667172e-05,0.9537879511,0.7044599116,0.1951082015,0.7452767157,-0.9539867143,0.001987631681,0.1404601329,5.262822464e-08,-0.00052628087,0.0005262822464,0.7583967966,0.1312008094,0.142416032,0.1966887505,0.03161097943,0.03388758657,-55744852.05,42364559.35,-1384762548,0.9537879511,-0.7044335449,0.7452767157
1.176958898e-09,2.632030027e-05,0.962418507,0.7045040112,0.19532007,0.7458061896,-0.9626170793,0.001985723746,0.1403738292,5.253568806e-08,-0.0005253552916,0.0005253568806,0.7590552387,0.1324904916,0.1424094476,0.1968246349,0.03009129822,0.03217382244,-46250797.88,39791637.92,-1383919579,0.962418507,-0.7044776909,0.7458061896
1.183193346e-09,2.626757265e-05,0.9710438021,0.7045473462,0.195517152,0.7462636292,-0.9712421842,0.001983821779,0.1402875782,5.243046275e-08,-0.0005243028438,0.0005243046275,0.7596349824,0.1337135323,0.1424036502,0.1969484161,0.02862528209,0.03051362234,-37374914.45,37375826.6,-1383076949,0.9710438021,-0.7045210786,0.7462636292
1.189427794e-09,2.620902183e-05,0.979663839,0.7045907893,0.1956995188,0.7466528742,-0.9798620318,0.001981928028,0.1402013797,5.231361266e-08,-0.0005231341644,0.0005231361266,0.7601401436,0.1348726939,0.1423985986,0.1970600882,0.02721138893,0.02890545616,-29090007.55,35105774,-1382234647,0.979663839,-0.7045645803,0.7466528742
1.195662242e-09,2.614512931e-05,0.9882786204,0.7046351431,0.1958672442,0.746977601,-0.9884766248,0.001980044567,0.1401152338,5.218609902e-08,-0.0005218588642,0.0005218609902,0.7605746663,0.1359706531,0.1423942533,0.197159646,0.02584803549,0.02734775263,-21369922.25,32971120.61,-1381392662,0.9882786204,-0.704608998,0.746977601
1.20189669e-09,2.607633023e-05,0.9968881484,0.7046811461,0.1960204044,0.7472413278,-0.9970859658,0.001978173319,0.1400291403,5.204879055e-08,-0.0005204856289,0.0005204879055,0.7609423278,0.1370099993,0.1423905767,0.197247085,0.02453361338,0.02583891534,-14189518.85,30962395.49,-1380550985,0.9968881484,-0.7046550698,0.7472413278
1.208131138e-09,2.600301797e-05,1.005492426,0.7047294792,0.1961590765,0.7474474208,-1.005690057,0.001976316066,0.1399430994,5.190247252e-08,-0.0005190223099,0.0005190247252,0.7612467442,0.1379932347,0.1423875326,0.1973224016,0.02326650246,0.02437733607,-7524647.22,29070925.34,-1379709604,1.005492426,-0.7047034762,0.7474474208
1.214365586e-09,2.592554813e-05,1.014091454,0.7047807704,0.1962833388,0.7475990991,-1.014288901,0.001974474467,0.139857111,5.174785486e-08,-0.0005174760055,0.0005174785486,0.7614913766,0.1389227743,0.1423850862,0.1973855929,0.02204508196,0.02296140599,-1352120.188,27288754.32,-1378868512,1.014091454,-0.7047548449,0.7475990991
1.219116593e-09,2.586392013e-05,1.020640884,0.7048222036,0.1963684075,0.7476800609,-1.020838192,0.001973082532,0.1397916181,5.162485395e-08,-0.0005162459056,0.0005162485395,0.7616397136,0.1395965276,0.1423836029,0.1974256059,0.02114396871,0.02191204493,3035344.212,25999480.33,-1378227740,1.020640884,-0.7047963397,0.7476800609
1.2238676e-09,2.580019517e-05,1.027187268,0.7048659321,0.1964451881,0.7477325215,-1.027384438,0.001971701234,0.1397261556,5.149766695e-08,-0.0005149739501,0.0005149766695,0.7617566664,0.1402414498,0.1423824333,0.1974585754,0.02026774548,0.02088756219,7158822.242,24766419.1,-1377587126,1.027187268,-0.7048401319,0.7477325215
1.228716778e-09,2.573311604e-05,1.033865781,0.7049131656,0.1965150444,0.7477579881,-1.034062811,0.001970303,0.1396593719,5.136378468e-08,-0.0005136350452,0.0005136378468,0.7618450853,0.1408709717,0.1423815491,0.1974849623,0.01939835664,0.01986684369,11105386.72,23562916.64,-1376933435,1.033865781,-0.7048874325,0.7477579881
1.233645694e-09,2.566294573e-05,1.040650862,0.7049641004,0.1965772758,0.7477561332,-1.040847752,0.001968894428,0.1395915225,5.122373205e-08,-0.00051223444,0.0005122373205,0.7619043461,0.1414821284,0.1423809565,0.1975042628,0.01853973929,0.01885440712,14855117.4,22393719.86,-1376269157,1.040650862,-0.7049384375,0.7477561332
1.238702122e-09,2.558899689e-05,1.047608073,0.7050196502,0.1966319655,0.7477265396,-1.047804819,0.001967463325,0.1395219518,5.107613717e-08,-0.000510758415,0.0005107613717,0.7619345468,0.1420800724,0.1423806545,0.1975161844,0.01768437725,0.0178412514,18437672.7,21248049.98,-1375587858,1.047608073,-0.7049940612,0.7477265396
1.243926614e-09,2.551062183e-05,1.054792903,0.7050807936,0.1966787801,0.747667945,-1.054989503,0.001966000132,0.139450105,5.091970733e-08,-0.0005091940424,0.0005091970733,0.7619347585,0.1426681351,0.1423806524,0.1975201215,0.01682682856,0.0168206763,21868817.81,20118542.14,-1374884085,1.054792903,-0.705055283,0.747667945
1.249360167e-09,2.542711124e-05,1.062261337,0.7051486746,0.1967170648,0.7475783429,-1.062457786,0.001964495804,0.1393754221,5.075302679e-08,-0.0005075271643,0.0005075302679,0.7619032285,0.1432488554,0.1423809677,0.1975151814,0.01596233028,0.01578664828,25156980.67,18999219.99,-1374152331,1.062261337,-0.7051232475,0.7475783429
1.255041487e-09,2.533773997e-05,1.070066074,0.7052245969,0.1967458046,0.7474550838,-1.070262368,0.001962942662,0.1392973763,5.057464817e-08,-0.0005057433065,0.0005057464817,0.761837455,0.1438237123,0.1423816254,0.1975001656,0.01508722089,0.01473430919,28301853.1,17885960.8,-1373387400,1.070066074,-0.7051992592,0.7474550838
1.261008814e-09,2.52417436e-05,1.078259033,0.7053100732,0.1967636225,0.7472949262,-1.078455167,0.001961333987,0.1392154483,5.038304569e-08,-0.000503827211,0.0005038304569,0.7617342632,0.1443933704,0.1423826574,0.1974735531,0.01419861301,0.0136595929,31295979.06,16775981.23,-1372584164,1.078259033,-0.7052848315,0.7472949262
1.267300522e-09,2.513831058e-05,1.086892165,0.7054068694,0.1967687535,0.7470940775,-1.087088131,0.001959663991,0.1391291187,5.017659955e-08,-0.0005017626796,0.0005017659955,0.7615898532,0.1449577574,0.1423841015,0.1974334681,0.01329429339,0.01255910744,34125266.01,15667646.68,-1371737484,1.086892165,-0.7053817311,0.7470940775
1.273955999e-09,2.502656792e-05,1.09601864,0.705517061,0.1967590048,0.7468482138,-1.096214433,0.001957927756,0.1390378557,4.995356727e-08,-0.0004995322871,0.0004995356727,0.7613998285,0.1455161473,0.1423860017,0.1973776348,0.01237260091,0.01142998693,36769444.12,14560269.7,-1370842089,1.09601864,-0.7054920344,0.7468482138
1.281016614e-09,2.490556274e-05,1.105694155,0.7056431043,0.1967316991,0.7465524827,-1.105889767,0.001956121206,0.1389411023,4.971204689e-08,-0.0004971170138,0.0004971204689,0.7611592051,0.1460672246,0.1423884079,0.1973033149,0.01143231529,0.01026975176,39202336.27,13453938.89,-1369892443,1.105694155,-0.7056181987,0.7465524827
1.28852653e-09,2.47742437e-05,1.115978009,0.7057879201,0.1966835976,0.7462015011,-1.116173433,0.001954241194,0.1388382657,4.944993998e-08,-0.0004944958752,0.0004944993998,0.7608624125,0.1466091135,0.1423913759,0.197207227,0.01047258881,0.009076217074,41391861.32,12349413.58,-1368882645,1.115978009,-0.7057631459,0.7462015011
1.296533639e-09,2.463143745e-05,1.126934349,0.7059549985,0.1966107994,0.7457893474,-1.127129578,0.001952285646,0.1387287042,4.916490453e-08,-0.000491645451,0.0004916490453,0.7605032869,0.1471393956,0.1423949671,0.1970854435,0.009492881458,0.007847401556,43299905.27,11248033.66,-1367806293,1.126934349,-0.7059303671,0.7457893474
1.305090609e-09,2.447581919e-05,1.138633551,0.7061485301,0.1965086133,0.7453095474,-1.138828576,0.001950253807,0.1386117142,4.885429626e-08,-0.0004885392979,0.0004885429626,0.7600750588,0.1476551142,0.1423992494,0.1969332584,0.008492902698,0.006581440257,44882041.32,10151647.81,-1366656350,1.138633551,-0.7061240543,0.7453095474
1.314256133e-09,2.430587462e-05,1.151153859,0.7063735726,0.1963713902,0.7447550578,-1.151348673,0.001948146604,0.1384865133,4.851509268e-08,-0.0004851471905,0.0004851509268,0.7595703347,0.1481527685,0.1424042967,0.1967450179,0.007472552513,0.005276491536,46087098.56,9062552.201,-1365424975,1.151153859,-0.7063492668,0.7447550578
1.324096483e-09,2.411984938e-05,1.164583429,0.706636266,0.1961923068,0.7441182433,-1.164778026,0.001945967165,0.1383522197,4.814379213e-08,-0.0004814341117,0.0004814379213,0.758981073,0.1486282972,0.1424101893,0.1965138996,0.006431855936,0.00393062979,46856553.22,7983434.968,-1364103310,1.164583429,-0.7066121461,0.7441182433
1.334687537e-09,2.391567966e-05,1.179022987,0.7069441147,0.195963078,0.7433908431,-1.179217359,0.001943721573,0.1382078264,4.77362753e-08,-0.0004773588676,0.000477362753,0.7582985484,0.1490770526,0.1424170145,0.1962316221,0.005370882091,0.002541710332,47123689.32,6917320.102,-1362681211,1.179022987,-0.706920199,0.7433908431
1.346117548e-09,2.369089371e-05,1.194589454,0.7073063693,0.1956735691,0.7425639179,-1.194783596,0.00194141994,0.138052164,4.728760868e-08,-0.0004728721219,0.0004728760868,0.7575132941,0.1494937615,0.1424248671,0.1958880509,0.004289635708,0.001107187163,46812423.08,5867504.593,-1361146868,1.194589454,-0.7072826784,0.7425639179
1.358502655e-09,2.344223288e-05,1.211436861,0.7077349732,0.1953108935,0.7416268626,-1.211630769,0.001939075871,0.1378836923,4.679128813e-08,-0.0004679088318,0.0004679128813,0.7566141413,0.1498727871,0.1424338586,0.1954702388,0.003186905988,-0.0003774996185,45834387.77,4836567.85,-1359484725,1.211436861,-0.707711531,0.7416268626
1.371988656e-09,2.316549082e-05,1.229758395,0.7082453593,0.1948585242,0.7405674075,-1.229952066,0.001936710385,0.1377004793,4.623891799e-08,-0.000462385038,0.0004623891799,0.755588169,0.1502076145,0.1424441183,0.1949615588,0.002060692161,-0.00191852397,44084059.8,3827042.683,-1357675226,1.229758395,-0.7082221938,0.7405674075
1.386755447e-09,2.285524126e-05,1.249791964,0.7088575797,0.1942950872,0.7393716636,-1.249985399,0.001934357244,0.137500146,4.56196677e-08,-0.0004561924319,0.000456196677,0.7544207057,0.1504904206,0.1424557929,0.1943405078,0.0009084128926,-0.003523559704,41433865.21,2841849.976,-1355694209,1.249791964,-0.7088347244,0.7393716636
1.403051685e-09,2.25038067e-05,1.271866517,0.7095992158,0.1935914276,0.7380219787,-1.272059723,0.001932067438,0.1372794028,4.491821335e-08,-0.0004491777697,0.0004491821335,0.7530931751,0.1507119637,0.1424690682,0.1935776798,-0.0002749554436,-0.005204638775,37721857.53,1883087.27,-1353508220,1.271866517,-0.709576712,0.7380219787
1.421256334e-09,2.209932835e-05,1.296484026,0.7105110153,0.1927048122,0.7364928734,-1.296677018,0.001929920078,0.1370332298,4.411088555e-08,-0.0004411043493,0.0004411088555,0.7515789438,0.1508607041,0.1424842106,0.1926298364,-0.001499516407,-0.006982542956,32723897.1,950844.7981,-1351066195,1.296484026,-0.710488916,0.7364928734
1.442065408e-09,2.16202378e-05,1.324568937,0.7116625646,0.1915628217,0.7347375514,-1.324761741,0.001928044761,0.1367523826,4.315463492e-08,-0.0004315416633,0.0004315463492,0.7498295915,0.150920401,0.1425017041,0.1914233799,-0.002788834312,-0.008900581333,26070705.67,39175.62787,-1348274255,1.324568937,-0.7116409444,0.7347375514
1.466739777e-09,2.102602395e-05,1.357795303,0.7131810081,0.190033257,0.7326731817,-1.357987974,0.001926711109,0.1364201203,4.196860378e-08,-0.0004196811069,0.0004196860378,0.7477594212,0.1508623954,0.1425224058,0.1898239491,-0.004186159426,-0.01103761381,17101799.98,-862928.7682,-1344962032,1.357795303,-0.7131599821,0.7326731817
1.492679014e-09,2.036563727e-05,1.392636738,0.714957902,0.1882229144,0.7305527335,-1.392829387,0.001926488718,0.1360717061,4.065049734e-08,-0.0004064997355,0.0004065049734,0.7456204364,0.1506770286,0.1425437956,0.1879466773,-0.005524741868,-0.01314630763,6654238.189,-1638550.227,-1341476650,1.392636738,-0.7149375363,0.7305527335
1.518618251e-09,1.966131862e-05,1.427387657,0.7169208595,0.1862082824,0.7285100843,-1.427580422,0.001927658477,0.1357241958,3.924470877e-08,-0.0003924414781,0.0003924470877,0.7435489013,0.1503881699,0.142564511,0.1858707296,-0.006751055197,-0.01513422988,-4613347.681,-2269746.968,-1337985923,1.427387657,-0.7169011982,0.7285100843
1.544557487e-09,1.890356962e-05,1.462047881,0.7190700584,0.1839925609,0.7265671759,-1.462240926,0.001930447095,0.1353775907,3.773228099e-08,-0.0003773167467,0.0003773228099,0.7415687648,0.1500158895,0.1425843124,0.1835984162,-0.007882892862,-0.0170183701,-16512090.72,-2783272.195,-1334487504,1.462047881,-0.7190511549,0.7265671759
1.572340562e-09,1.80190237e-05,1.499070981,0.7215780261,0.1813999846,0.7246166114,-1.499264536,0.001935545799,0.1350073546,3.596678027e-08,-0.0003596611383,0.0003596678027,0.7395709352,0.149543238,0.1426042906,0.1809496429,-0.009006833804,-0.01893686588,-29779977.56,-3227277.023,-1330728590,1.499070981,-0.7215600071,0.7246166114
1.601633187e-09,1.698444352e-05,1.537992229,0.7244515363,0.1784252359,0.7227243519,-1.538186604,0.001943745082,0.134618134,3.390182964e-08,-0.0003390108338,0.0003390182964,0.7376223261,0.148979742,0.1426237767,0.1779198167,-0.01010838445,-0.02086253605,-44186176.9,-3599698.392,-1326747499,1.537992229,-0.7244345518,0.7227243519
1.632549772e-09,1.57483438e-05,1.578944215,0.7277370222,0.1750222576,0.720926589,-1.579139837,0.001956221213,0.1342086016,3.14346723e-08,-0.0003143381825,0.000314346723,0.7357595009,0.1483291194,0.142642405,0.1744626194,-0.01119276406,-0.02280037265,-59694056.54,-3908128.3,-1322518711,1.578944215,-0.7277212738,0.720926589
1.665092999e-09,1.424078061e-05,1.621908787,0.7314717049,0.1711546152,0.719269898,-1.622106247,0.001974606953,0.1337789375,2.842571147e-08,-0.000284247098,0.0002842571147,0.7340296578,0.1475975975,0.1426597034,0.1705415622,-0.01226106041,-0.02474751104,-76202837.6,-4159546.366,-1318027042,1.621908787,-0.7314574641,0.719269898
1.699124852e-09,1.236720076e-05,1.666681085,0.735674751,0.1668045508,0.7178080465,-1.666881196,0.002001110544,0.133331188,2.468623471e-08,-0.0002468502906,0.0002468623471,0.7324875475,0.1467950102,0.1426751245,0.1661390242,-0.01331053275,-0.02669305939,-93532912.99,-4361493.342,-1313269987,1.666681085,-0.7356623838,0.7178080465
1.734227357e-09,1.001113726e-05,1.712690467,0.7403213073,0.1619995976,0.7165995698,-1.712894313,0.002038468266,0.1328710569,1.99837944e-08,-0.0001998230693,0.000199837944,0.7311933863,0.1459381651,0.1426880661,0.1612830063,-0.01433182609,-0.0286123287,-111362542.3,-4522500.544,-1308276136,1.712690467,-0.7403112962,0.7165995698
1.76967448e-09,7.044484733e-06,1.75897103,0.7453252515,0.1568299936,0.7156946678,-1.759179996,0.002089665227,0.1324082,1.406271593e-08,-0.0001406084403,0.0001406271593,0.7301998028,0.1450513498,0.142698002,0.1560644878,-0.01531011552,-0.03046857764,-129230631.5,-4652954.128,-1303111024,1.75897103,-0.745318207,0.7156946678
1.805121603e-09,3.27787289e-06,1.805064899,0.7506321414,0.1513523597,0.715111748,-1.805280771,0.002158715855,0.1319471923,6.545049301e-09,-6.542655681e-05,6.545049301e-05,0.7295265532,0.1441480522,0.1427047345,0.1505401472,-0.01624425052,-0.03224998382,-146901898.1,-4766843.869,-1297778561,1.805064899,-0.7506288635,0.715111748
1.840568727e-09,-1.576779919e-06,1.850964841,0.7562303721,0.1455783196,0.7148548517,-1.851189989,0.002251487263,0.1314881001,-3.144167864e-09,3.147271501e-05,-3.144167864e-05,0.7291778826,0.1432303087,0.1427082212,0.1447211585,-0.01714322229,-0.03396387941,-164347488.9,-4880155.117,-1292218192,1.850964841,-0.7562319489,0.7148548517
1.87601585e-09,-7.914742794e-06,1.896660999,0.7621070245,0.1395201121,0.7149281789,-1.896898595,0.002375960626,0.1310310141,-1.579382608e-08,0.0001579789794,-0.0001579382608,0.7291578693,0.1422969047,0.1427084213,0.1386192724,-0.01801679454,-0.03561843449,-181571002.5,-5010577.227,-1286347533,1.896660999,-0.7621149392,0.7149281789
1.911462974e-09,-1.627804926e-05,1.942139951,0.768247707,0.1331906196,0.7153373326,-1.942394253,0.002543018571,0.1305760575,-3.248573317e-08,0.0003249112704,-0.0003248573317,0.7294716329,0.1413430026,0.1427052837,0.1322467924,-0.01887654483,-0.03722370112,-198612802.5,-5179225.314,-1280054188,1.942139951,-0.768263985,0.7153373326
1.941283954e-09,-2.541973612e-05,1.980219045,0.7736064844,0.1276655478,0.7159477426,-1.980491775,0.002727299779,0.1301950823,-5.07311371e-08,0.0005073800997,-0.000507311371,0.7299995473,0.1405180473,0.1427000045,0.1266855662,-0.01959963194,-0.03854544193,-212869451,-5369960.195,-1274322141,1.980219045,-0.7736319041,0.7159477426
1.966841244e-09,-3.524716021e-05,2.012710355,0.7783306604,0.1227916772,0.7166703372,-2.013002987,0.002926324155,0.1298699701,-7.034513871e-08,0.0007035363014,-0.0007034513871,0.730649152,0.139788148,0.1426935085,0.1217802779,-0.02022798629,-0.03966543368,-225092283.7,-5584973.826,-1268995013,2.012710355,-0.7783659076,0.7166703372
1.989204518e-09,-4.573683793e-05,2.041023045,0.7825579044,0.1184264655,0.7174590272,-2.041336973,0.003139283738,0.1295866303,-9.128087602e-08,0.0009129111411,-0.0009128087602,0.731371654,0.1391262685,0.1426862835,0.1173868925,-0.02079145995,-0.04064246642,-235848583,-5825118.324,-1263940146,2.041023045,-0.7826036413,0.7174590272
2.00915309e-09,-5.690437373e-05,2.066177638,0.7863976736,0.1144567651,0.7182906574,-2.066514273,0.003366348647,0.1293348573,-1.135694996e-07,0.001135816085,-0.001135694996,0.7321418964,0.1385123894,0.142678581,0.1133912267,-0.02131076755,-0.04151730196,-245543168.3,-6091171.617,-1259053532,2.066177638,-0.786454578,0.7182906574
2.029101663e-09,-7.011340219e-05,2.091228577,0.7902980664,0.1104185123,0.719248523,-2.091592099,0.00363521747,0.129084079,-1.399326195e-07,0.001399469391,-0.001399326195,0.7330356045,0.1378708154,0.142669644,0.1093259155,-0.02185193579,-0.0424011568,-255387801.1,-6417419.072,-1253739466,2.091228577,-0.7903681798,0.719248523
2.046437103e-09,-8.353537533e-05,2.112906364,0.7937331904,0.1068558398,0.7201884787,-2.113297248,0.003908848204,0.1288670275,-1.667207321e-07,0.001667373092,-0.001667207321,0.7339170564,0.1372857772,0.1426608294,0.1057385799,-0.02234519808,-0.04318162468,-264115011.5,-6759650.501,-1248713674,2.112906364,-0.7938167258,0.7201884787
2.063772543e-09,-9.906544154e-05,2.13449115,0.7972073073,0.1032455867,0.7212339152,-2.13491374,0.004225905579,0.1286508626,-1.977162801e-07,0.001977354505,-0.001977162801,0.7349009057,0.1366699051,0.1426509909,0.10210232,-0.0228653338,-0.04397897604,-273056030.2,-7166802.99,-1243241534,2.13449115,-0.7973063727,0.7212339152
2.078879805e-09,-0.0001145617654,2.153219026,0.8002639065,0.1000621548,0.7222358398,-2.153673325,0.004542988361,0.1284632667,-2.286444824e-07,0.002286662419,-0.002286444824,0.735846189,0.1361034916,0.1426415381,0.09889490378,-0.02334502061,-0.04469200091,-281068315.2,-7583233.198,-1238055459,2.153219026,-0.8003784682,0.7222358398
2.093987068e-09,-0.0001321382676,2.17186317,0.8033448517,0.09684551676,0.7233274519,-2.172353517,0.004903472368,0.1282764648,-2.637244224e-07,0.002637490863,-0.002637244224,0.7368779297,0.1355047778,0.1426312207,0.09565282221,-0.02385389101,-0.04542644282,-289333713.6,-8065930.641,-1232421819,2.17186317,-0.8034769899,0.7233274519
2.107359088e-09,-0.000149633705,2.188290004,0.8060900336,0.09397177676,0.7243729973,-2.188816348,0.005263444533,0.1281118365,-2.986425813e-07,0.002986701249,-0.002986425813,0.7378673831,0.1349438578,0.1426213262,0.09275515551,-0.02433242497,-0.04609809585,-296901951.2,-8555993.381,-1227015638,2.188290004,-0.8062396673,0.7243729973
2.120731108e-09,-0.0001691567645,2.204639598,0.8088500998,0.09107413538,0.7254976604,-2.205206249,0.005666513339,0.1279479375,-3.376075998e-07,0.003376383137,-0.003376075998,0.7389326399,0.1343497954,0.1426106736,0.08983207886,-0.02484113033,-0.04679372029,-304748979.3,-9112656.292,-1221164057,2.204639598,-0.8090192566,0.7254976604
2.134103127e-09,-0.0001909138426,2.220905463,0.8116228767,0.08815361672,0.7267064851,-2.22151723,0.00611767009,0.1277848277,-3.81031418e-07,0.003810656224,-0.00381031418,0.7400783119,0.1337182678,0.1425992169,0.08688442475,-0.02538383949,-0.04751709737,-312919257,-9743910.56,-1214816484,2.220905463,-0.8118137905,0.7267064851
2.145880569e-09,-0.0002120999157,2.235156587,0.8140736952,0.08556324324,0.7278453752,-2.235812508,0.006559210942,0.1276418749,-4.233156268e-07,0.004233532001,-0.004233156268,0.7411580984,0.1331272321,0.142588419,0.08426858194,-0.02589322593,-0.04818039072,-320421832.9,-10368611.38,-1208771227,2.235156587,-0.8142857951,0.7278453752
2.157658011e-09,-0.0002353513471,2.249331706,0.8165308916,0.08295665708,0.7290582947,-2.250036344,0.007046381305,0.1274996366,-4.697220467e-07,0.0046976325,-0.004697220467,0.7423082832,0.132499885,0.1425769172,0.08163490228,-0.02643509601,-0.04887124734,-328250173.9,-11064462.46,-1202252798,2.249331706,-0.816766243,0.7290582947
2.169435452e-09,-0.0002608300551,2.263424835,0.8189926924,0.08033459124,0.7303500436,-2.264183194,0.00758359429,0.1273581681,-5.205738487e-07,0.005206189625,-0.005205738487,0.7435332813,0.131832377,0.1425646672,0.07898396711,-0.02701248244,-0.04959266847,-336444008.8,-11838444.14,-1195217035,2.263424835,-0.8192535224,0.7303500436
2.179978324e-09,-0.0002856631494,2.275965754,0.8211988104,0.07797485902,0.7315775761,-2.276776836,0.008110821948,0.1272322316,-5.701371536e-07,0.005701860246,-0.005701371536,0.7446973141,0.1311973797,0.1425530269,0.07659675776,-0.02756202508,-0.050266922,-344123923.2,-12603699.64,-1188441012,2.275965754,-0.8214844735,0.7315775761
2.190521196e-09,-0.0003125383909,2.288430624,0.8234057079,0.07560385086,0.7328766721,-2.289299181,0.008685572016,0.1271070082,-6.237763832e-07,0.00623829229,-0.006237763832,0.7459290419,0.1305236981,0.1425407096,0.07419661169,-0.02814478327,-0.0509703775,-352164322.4,-13443238.71,-1181171159,2.288430624,-0.8237182463,0.7328766721
2.201064068e-09,-0.0003415755802,2.300813926,0.8256119135,0.07322210385,0.7342518501,-2.301745095,0.009311695039,0.126982549,-6.817306517e-07,0.006817876991,-0.006817306517,0.7472326459,0.1298079574,0.1425276735,0.07178395314,-0.02876301436,-0.05170527199,-360600074.3,-14363090.16,-1173369325,2.300813926,-0.8259534891,0.7342518501
2.21160694e-09,-0.0003728933462,2.313109708,0.8278158913,0.07083015528,0.7357080091,-2.314109033,0.009993247433,0.1268589097,-7.442367492e-07,0.007442982189,-0.007442367492,0.7486126684,0.1290465929,0.1425138733,0.06935920841,-0.02941893728,-0.05247380482,-369468226.8,-15369576.3,-1164992890,2.313109708,-0.8281887847,0.7357080091
2.222149812e-09,-0.0004066059761,2.325311568,0.8300160437,0.06842854052,0.7372504469,-2.326385017,0.010734489,0.1267361498,-8.115228047e-07,0.008115889066,-0.008115228047,0.7500740326,0.1282358566,0.1424992597,0.06692280588,-0.03011469282,-0.05327809798,-378807749.5,-16469314.63,-1155997461,2.325311568,-0.8304226496,0.7372504469
2.23155149e-09,-0.0004387788022,2.336107859,0.8319734653,0.06627916525,0.7387033384,-2.337252806,0.01144946375,0.1266274719,-8.757357126e-07,0.008758061331,-0.008757357126,0.7514501425,0.127468041,0.1424854986,0.06474064378,-0.03077042938,-0.05402717399,-387566661.7,-17534399.62,-1147418814,2.336107859,-0.8324122441,0.7387033384
2.240953169e-09,-0.0004730118326,2.346818798,0.8339253125,0.06412289712,0.7402337214,-2.348040669,0.01221870658,0.1265195933,-9.440606862e-07,0.009441355439,-0.009440606862,0.7528992173,0.1266549595,0.1424710078,0.06254985959,-0.03146075067,-0.05480756971,-396763308.9,-18684121.12,-1138273911,2.346818798,-0.8343983244,0.7402337214
2.250354847e-09,-0.0005093669978,2.357438864,0.835870336,0.0619601027,0.7418462175,-2.358743424,0.01304559481,0.1264125658,-1.016621336e-06,0.01016700753,-0.01016621336,0.7544255814,0.1257936389,0.1424557442,0.06035076085,-0.03218683697,-0.05562045356,-406428093.8,-19923762.74,-1128531411,2.357438864,-0.836379703,0.7418462175
2.259756525e-09,-0.000547896886,2.367962215,0.8378072542,0.05979114048,0.7435457348,-2.369355572,0.01393357737,0.1263064443,-1.093522651e-06,0.01093606727,-0.01093522651,0.756033838,0.1248810313,0.1424396616,0.05814365616,-0.0329496863,-0.05646681228,-416592692.5,-21258676.91,-1118154797,2.367962215,-0.838355151,0.7435457348
2.269158204e-09,-0.0005886423406,2.378382677,0.8397347562,0.05761635901,0.7453374719,-2.379871293,0.01488616586,0.1262012871,-1.174846183e-06,0.01174934989,-0.01174846183,0.7577288752,0.1239140325,0.1424227112,0.05592885519,-0.0337500764,-0.05734741281,-427289333.6,-22694326.34,-1107107689,2.378382677,-0.8403233985,0.7453374719
2.278559882e-09,-0.0006316304219,2.388693748,0.8416515053,0.05543609486,0.74722692,-2.39028444,0.01590691102,0.1260971556,-1.260645975e-06,0.01260739552,-0.01260645975,0.7595158702,0.1228895014,0.1424048413,0.05370666858,-0.03458852548,-0.05826276311,-438550570.2,-24236263.95,-1095353305,2.388693748,-0.8422831358,0.74722692
2.28796156e-09,-0.0006768722404,2.398888597,0.8435561423,0.05325067043,0.7492198629,-2.400588535,0.01699937684,0.1259941146,-1.350944242e-06,0.01351042592,-0.01350944242,0.7614002913,0.121804284,0.1423859971,0.05147740792,-0.03546525023,-0.05921307005,-450409021.9,-25890110.01,-1082854836,2.398888597,-0.8442330145,0.7492198629
2.297363238e-09,-0.0007243607226,2.408960065,0.8454472892,0.05106039178,0.7513223736,-2.410776776,0.01816711077,0.1258922322,-1.445726905e-06,0.01445829991,-0.01445726905,0.7633878976,0.1206552402,0.142366121,0.04924138569,-0.03638012193,-0.06019819568,-462897074.6,-27661526.83,-1069575765,2.408960065,-0.8461716499,0.7513223736
2.306764917e-09,-0.0007740683519,2.418900671,0.8473235541,0.04886554629,0.7535408086,-2.420842032,0.01941361049,0.1257915797,-1.544939086e-06,0.01545046826,-0.01544939086,0.765484736,0.1194392745,0.1423451526,0.04699891521,-0.03733262168,-0.06121761235,-476046542.9,-29556191.29,-1055480247,2.418900671,-0.8480976225,0.7535408086
2.315187718e-09,-0.0008204579463,2.42768878,0.8489906543,0.04689557169,0.7556321445,-2.429748781,0.0206000172,0.1257025122,-1.637528968e-06,0.01637640835,-0.01637528968,0.7674612034,0.1182905893,0.142325388,0.044984706,-0.03821731383,-0.06215941318,-488412440.9,-31363489.51,-1042138388,2.42768878,-0.8498111123,0.7556321445
2.323610519e-09,-0.0008685309172,2.436359812,0.8506436792,0.04492231911,0.7578267884,-2.438545286,0.02185473211,0.1256145471,-1.733479102e-06,0.01733594876,-0.01733479102,0.7695351552,0.1170836682,0.1423046484,0.04296579987,-0.0391303848,-0.0631269027,-501357162.3,-33277928.88,-1028080517,2.436359812,-0.8515122101,0.7578267884
2.332033321e-09,-0.0009182201614,2.444907786,0.8522816134,0.04294594902,0.760129845,-2.44722579,0.02318003322,0.1255277421,-1.832655511e-06,0.01832775012,-0.01832655511,0.7717114969,0.1158165195,0.142282885,0.04094242368,-0.04007050689,-0.06411874759,-514898888.9,-35303831.67,-1013294601,2.444907786,-0.8531998335,0.760129845
2.340456122e-09,-0.0009694384286,2.453326553,0.8539034455,0.04096660443,0.7625465656,-2.455784357,0.0245780428,0.1254421564,-1.934884095e-06,0.01935007089,-0.01934884095,0.7739952928,0.1144872725,0.1422600471,0.03891480468,-0.04103599488,-0.06513325773,-529056361,-37445141.58,-997757684.3,2.453326553,-0.8548728839,0.7625465656
2.348878923e-09,-0.001022078317,2.461609814,0.8555081705,0.03898440954,0.7650823338,-2.464214887,0.02605072371,0.1253578511,-2.039950523e-06,0.02040076733,-0.02039950523,0.7763917543,0.1130942049,0.1422360825,0.03688317055,-0.04202477976,-0.06616835954,-543846645.1,-39705701.12,-981450631.6,2.461609814,-0.8565302488,0.7650823338
2.357301725e-09,-0.001076011859,2.469751138,0.8570947915,0.03699946888,0.7677426491,-2.472511122,0.0275998468,0.1252748888,-2.147599422e-06,0.02147728518,-0.02147599422,0.7789062262,0.1116357704,0.1422109377,0.03484774932,-0.04303439126,-0.06722157849,-559284786.9,-42089231.38,-964356339.1,2.469751138,-0.8581708033,0.7677426491
2.365724526e-09,-0.00113108994,2.477743979,0.8586623225,0.03501186653,0.7705331076,-2.480666675,0.0292269604,0.1251933333,-2.25753321e-06,0.02257664814,-0.0225753321,0.7815441704,0.110110628,0.1421845583,0.03280876937,-0.04406194331,-0.06829002459,-575383502.2,-44599308.5,-946460270.8,2.477743979,-0.8597934125,0.7705331076
2.374147327e-09,-0.001187141787,2.485581704,0.860209791,0.03302166552,0.7734593806,-2.48867504,0.03093335875,0.1251132496,-2.369411071e-06,0.02369544751,-0.02369411071,0.7843111477,0.1085176713,0.1421568885,0.0307664594,-0.04510412244,-0.06937038075,-592152855,-47239336.43,-927750770.5,2.485581704,-0.8613969328,0.7734593806
2.382570128e-09,-0.001243974605,2.493257616,0.8617362401,0.03102890738,0.7765271904,-2.496529621,0.03272005006,0.1250347038,-2.48284824e-06,0.02482983514,-0.0248284824,0.7872127963,0.1068560589,0.142127872,0.0287210484,-0.04615717954,-0.07045889457,-609599930.6,-50012515.85,-908219407.1,2.493257616,-0.8629802147,0.7765271904
2.39099293e-09,-0.001301373431,2.500764985,0.8632407305,0.02903361192,0.7797422837,-2.504223758,0.03458772424,0.1249577624,-2.597415697e-06,0.0259755203,-0.02597415697,0.7902548082,0.1051252448,0.1420974519,0.02667276563,-0.04721692587,-0.0715513743,-627728506.4,-52921808.71,-887861319.5,2.500764985,-0.864542104,0.7797422837
2.399415731e-09,-0.001359101208,2.508097077,0.8647223435,0.02703577727,0.7831104023,-2.511750749,0.03653672103,0.1248824925,-2.712640331e-06,0.02712777135,-0.02712640331,0.7934429032,0.1033250085,0.142065571,0.02462184058,-0.04827873386,-0.07264318969,-646538724.3,-55969897.66,-866675557.8,2.508097077,-0.8660814447,0.7831104023
2.407838532e-09,-0.001416899135,2.515247189,0.8661801817,0.02503538012,0.7866372514,-2.519103889,0.03856699846,0.1248089611,-2.82800562e-06,0.02828142258,-0.0282800562,0.7967827999,0.1014554853,0.142032172,0.02256850295,-0.04933754337,-0.0737292782,-666026769.1,-59159139.62,-844665416.4,2.515247189,-0.8675970808,0.7866372514
2.416261334e-09,-0.001474487288,2.522208686,0.8676133718,0.02303237636,0.7903284654,-2.526276496,0.04067810257,0.124737235,-2.942952885e-06,0.02943088671,-0.02942952885,0.8002801849,0.09951719472,0.1419971982,0.02051298266,-0.05038787407,-0.07480415739,-686184559.1,-62491512.45,-821838754.3,2.522208686,-0.869087859,0.7903284654
2.424684135e-09,-0.001531565565,2.528975039,0.8690210655,0.02102670197,0.7941895722,-2.533261952,0.04286913835,0.1246673805,-3.056883161e-06,0.03057017364,-0.03056883161,0.803940679,0.09751106836,0.1419605932,0.01845550975,-0.05142384439,-0.07586194388,-706999451.9,-65968553.58,-798208297.2,2.528975039,-0.8705526311,0.7941895722
2.433106936e-09,-0.001587814949,2.535539865,0.8704024414,0.01901827434,0.7982259542,-2.540053739,0.04513874287,0.1245994626,-3.169159736e-06,0.03169291579,-0.03169159736,0.8077698017,0.09543847547,0.141922302,0.01639631445,-0.0524391978,-0.07689637956,-728453972.6,-69591289.63,-773791916.5,2.535539865,-0.8719902563,0.7982259542
2.441529738e-09,-0.001642899144,2.541896974,0.8717567058,0.0170069939,0.8024428085,-2.54664548,0.04748506069,0.1245335452,-3.279111394e-06,0.03279240066,-0.03279111394,0.8117729332,0.0933012462,0.1418822707,0.01433562706,-0.05342733682,-0.07790086567,-750525569.5,-73360155.82,-748612879.4,2.541896974,-0.873399605,0.8024428085
2.449952539e-09,-0.001696466583,2.548040409,0.8730830946,0.01499274629,0.8068451057,-2.553030981,0.04990572252,0.1244696902,-3.38603644e-06,0.03386161092,-0.0338603644,0.8159552749,0.09110169179,0.1418404473,0.01227367802,-0.05438136553,-0.07886850525,-773186404.3,-77274904.29,-722700064.3,2.548040409,-0.8747795612,0.8068451057
2.45837534e-09,-0.001748152847,2.553964492,0.8743808739,0.01297540487,0.8114375464,-2.559204275,0.0523978274,0.1244079573,-3.489207519e-06,0.03489327279,-0.03489207519,0.8203218085,0.08884262123,0.1417967819,0.01021069782,-0.05529414099,-0.07979215454,-796403182.3,-81334500.57,-696088135,2.553964492,-0.8761290267,0.8114375464
2.466798142e-09,-0.001797583522,2.559663873,0.8756493415,0.01095483373,0.8162245183,-2.565159666,0.05495792926,0.1243484033,-3.587877315e-06,0.03587991289,-0.03587877315,0.8248772536,0.08652735351,0.1417512275,0.008146917025,-0.05615833419,-0.080664484,-820137031.4,-85537007.73,-668817666.9,2.559663873,-0.8774469251,0.8162245183
2.475220943e-09,-0.001844377499,2.565133576,0.8768878284,0.008930891284,0.8212100522,-2.570891778,0.05758202841,0.1242910822,-3.681285146e-06,0.03681392428,-0.03681285146,0.8296260247,0.08415972489,0.1417037398,0.006082566232,-0.05696650105,-0.08147804917,-844343436.7,-89879458.35,-640935219.1,2.565133576,-0.8787322059,0.8212100522
2.483643744e-09,-0.001888150762,2.570369043,0.8780956997,0.006903434245,0.8263977786,-2.5763956,0.06026556869,0.124236044,-3.768664512e-06,0.03768764195,-0.03768664512,0.8345721876,0.0817440905,0.1416542781,0.004017876058,-0.05771116375,-0.08222537209,-868972239.4,-94357714.92,-612493342.8,2.570369043,-0.8799838505,0.8263977786
2.492066546e-09,-0.001928520657,2.575366185,0.8792723567,0.004872322259,0.8317908845,-2.581666529,0.06300344098,0.1241833347,-3.849251626e-06,0.03849342812,-0.03849251626,0.8397194164,0.0792853194,0.1416028058,0.001953077123,-0.0583849027,-0.08289903323,-893967707.4,-98966320.46,-583550520.7,2.575366185,-0.8812008774,0.8317908845
2.500489347e-09,-0.001965110663,2.580121422,0.8804172386,0.002837423,0.8373920727,-2.586700422,0.06578999376,0.1241329958,-3.922294927e-06,0.03922376736,-0.03922294927,0.845070951,0.07678878245,0.1415492905,-0.0001115999602,-0.0589804592,-0.08349177409,-919268688.6,-103698342,-554171027.2,2.580121422,-0.8823823492,0.8373920727
2.509036374e-09,-0.001997998331,2.584696405,0.8815459947,0.0007685167077,0.8432908167,-2.591562513,0.06866107302,0.1240843749,-3.98794935e-06,0.03988020764,-0.0398794935,0.8507131001,0.07422283382,0.141492869,-0.002206367108,-0.05949767632,-0.08400333586,-945187098.2,-108617325.9,-523981895.5,2.584696405,-0.883543993,0.8432908167
2.51781312e-09,-0.002026943204,2.589129225,0.8826699628,-0.001360290901,0.8495751836,-2.596293981,0.07164755604,0.1240370602,-4.045735057e-06,0.04045794938,-0.04045735057,0.8567312486,0.0715606505,0.1414326875,-0.00435680473,-0.05993027658,-0.08442719598,-971980142.9,-113780029.8,-492670126.9,2.589129225,-0.884696906,0.8495751836
2.527007031e-09,-0.00205162275,2.593482484,0.8838086621,-0.003595036583,0.856406223,-2.600963364,0.07480880306,0.1239903664,-4.095008542e-06,0.04095055482,-0.04095008542,0.8632812769,0.0687505388,0.1413671872,-0.006608487233,-0.06026901301,-0.08475359082,-1000147349,-119294057.4,-459629415.5,2.593482484,-0.8858602848,0.856406223
2.536777887e-09,-0.002071110277,2.597781884,0.8849748805,-0.005975399282,0.8639445056,-2.605601317,0.07819433211,0.1239439868,-4.133920361e-06,0.04133952713,-0.04133920361,0.8705195372,0.06575031533,0.1412948046,-0.009000054779,-0.06049310995,-0.08496099959,-1030080285,-125252060.8,-424368601.9,2.597781884,-0.8870459908,0.8639445056
2.546548744e-09,-0.002083292961,2.601743883,0.8860953088,-0.00836127793,0.8717692311,-2.609903305,0.08159422737,0.1239009669,-4.158252287e-06,0.04158269417,-0.04158252287,0.8780439635,0.06274732428,0.1412195604,-0.01138981197,-0.06057068086,-0.08501820273,-1059884459,-131286097.3,-389099464.5,2.601743883,-0.8881786017,0.8717692311
2.5563196e-09,-0.00208785558,2.605369327,0.8871695688,-0.01075256901,0.8798786028,-2.613868882,0.08499554863,0.1238613112,-4.167375047e-06,0.0416737641,-0.04167375047,0.8858539621,0.05975359313,0.1411414604,-0.01377739942,-0.06049660821,-0.08492008503,-1089426923,-137364769.1,-353956496,2.605369327,-0.8892574244,0.8798786028
2.566090457e-09,-0.002084584832,2.60866038,0.8881973955,-0.01314906413,0.8882696132,-2.617498882,0.08838502051,0.1238250112,-4.160862674e-06,0.04160847938,-0.04160862674,0.893947752,0.05678138801,0.1410605225,-0.01616245791,-0.06026787567,-0.08466363222,-1118572787,-143453464.8,-319085845.9,2.60866038,-0.8902819804,0.8882696132
2.575861313e-09,-0.002073378411,2.611620523,0.8891786514,-0.01555043774,0.8969380507,-2.620795445,0.09174922126,0.1237920455,-4.13851073e-06,0.04138479801,-0.0413851073,0.9023223523,0.05384301626,0.1409767765,-0.01854462847,-0.05988381454,-0.08424817805,-1147187350,-149514001.4,-284633658.4,2.611620523,-0.8912520299,0.8969380507
2.585632169e-09,-0.002054255449,2.61425454,0.8901133389,-0.01795623715,0.9058785275,-2.623762019,0.09507478951,0.1237623798,-4.100357144e-06,0.04100310183,-0.04100357144,0.9109735894,0.05095061954,0.1408902641,-0.02092355235,-0.05934630398,-0.08367560445,-1175139047,-155505147.2,-250744229.4,2.61425454,-0.8921675944,0.9058785275
2.594207171e-09,-0.002031053329,2.616302213,0.8908954058,-0.02007078263,0.9139437888,-2.626097334,0.09795120531,0.1237390267,-4.054059308e-06,0.04053998539,-0.04054059308,0.9187897321,0.04845943297,0.1408121027,-0.02300836156,-0.05875157854,-0.08304708654,-1199029263,-160670744.6,-221562572.4,2.616302213,-0.8929264591,0.9139437888
2.602782172e-09,-0.002002051023,2.618108176,0.8916419316,-0.02218780358,0.9222084964,-2.628186109,0.1007793252,0.1237181389,-3.996183654e-06,0.03996109678,-0.03996183654,0.9268105252,0.0460202877,0.1407318947,-0.02509015203,-0.05804696899,-0.08230586255,-1222225782,-165719610.2,-193028422.7,2.618108176,-0.8936439826,0.9222084964
2.611357173e-09,-0.001967516429,2.619677957,0.8923532188,-0.02430673786,0.9306669946,-2.630033052,0.1035509521,0.1236996695,-3.927264809e-06,0.03927178329,-0.03927264809,0.9350310238,0.04364029206,0.1406496898,-0.02716868195,-0.05723888186,-0.08145834233,-1244662351,-170621335.1,-165205579.2,2.619677957,-0.8943207352,0.9306669946
2.618977405e-09,-0.001932453233,2.620879689,0.8929560794,-0.0261908387,0.9383413391,-2.631475734,0.1059604513,0.1236852427,-3.857288801e-06,0.03857191889,-0.03857288801,0.9424993614,0.04158022225,0.1405750064,-0.02901284983,-0.05644022255,-0.08062227814,-1263912213,-174829516,-141134814.8,2.620879689,-0.8948885326,0.9383413391
2.626597636e-09,-0.001893578015,2.621904416,0.8935317945,-0.02807545755,0.9461592095,-2.632735861,0.1083144551,0.1236726414,-3.779703106e-06,0.03779596623,-0.03779703106,0.9501168243,0.03957614831,0.1404988318,-0.03085408273,-0.05557250357,-0.07971493352,-1282465219,-178878984.8,-117750442.7,2.621904416,-0.8954253725,0.9461592095
2.634217867e-09,-0.001851218862,2.622757128,0.8940807901,-0.02996006687,0.9541157167,-2.633817975,0.1106084689,0.1236618203,-3.69516255e-06,0.036950474,-0.0369516255,0.9578788907,0.03763173924,0.1404212111,-0.03269221156,-0.05464289371,-0.07874348061,-1300291365,-182751308.3,-95082083.37,2.622757128,-0.8959320089,0.9541157167
2.640962322e-09,-0.001811109776,2.623372551,0.8945448,-0.03162762842,0.9612693691,-2.634631111,0.1125856076,0.1236536889,-3.615111352e-06,0.0361498933,-0.03615111352,0.9648656813,0.03596312211,0.1403513432,-0.03431636334,-0.05377469856,-0.07783640443,-1315441548,-186017523.9,-75642058.27,2.623372551,-0.8963559097,0.9612693691
2.647706777e-09,-0.001768825747,2.62386113,0.894988648,-0.0332943445,0.9685239932,-2.635312154,0.1145102422,0.1236468785,-3.530718105e-06,0.03530590058,-0.03530718105,0.9719585503,0.03434557091,0.1402804145,-0.0359378344,-0.05286979803,-0.07689089114,-1329983001,-189122702.1,-56821619.56,2.62386113,-0.8967574737,0.9685239932
2.653653858e-09,-0.001729961355,2.624189824,0.8953636313,-0.03476298258,0.9750017371,-2.635806035,0.1161621054,0.1236419397,-3.453149075e-06,0.03453016412,-0.03453149075,0.9782980212,0.03296284063,0.1402170198,-0.03736528752,-0.05204609878,-0.07602994641,-1342294795,-191720426.9,-40743518.82,2.624189824,-0.8970935926,0.9750017371
2.658959022e-09,-0.001694213305,2.6244046,0.8956854406,-0.03607204344,0.9808419968,-2.636164488,0.1175988751,0.1236383551,-3.381799217e-06,0.03381663012,-0.03381799217,0.9840184503,0.03176453478,0.1401598155,-0.03863676332,-0.05129439772,-0.07524388754,-1352868184,-193923061.2,-26823162.91,2.6244046,-0.8973796539,0.9808419968
2.663653818e-09,-0.001661850321,2.624534625,0.8959604338,-0.03722949613,0.9860573129,-2.636418705,0.1188408044,0.1236358129,-3.317205114e-06,0.03317066232,-0.03317205114,0.9891305267,0.03073213753,0.1401086947,-0.03976041154,-0.05061830837,-0.07453650402,-1361901884,-195780030.9,-14839031.04,2.624534625,-0.8976222841,0.9860573129
2.667676864e-09,-0.001633653637,2.624602284,0.8961889004,-0.0382204801,0.9905604854,-2.636590548,0.1198826441,0.1236340945,-3.26092626e-06,0.03260785421,-0.0326092626,0.9935473444,0.02986859009,0.1400645266,-0.04072210082,-0.05003241422,-0.07392313002,-1369401393,-197301420.7,-4821382.313,2.624602284,-0.897822554,0.9905604854
2.670356329e-09,-0.001614668991,2.624625396,0.8963374475,-0.03888002054,0.9935767574,-2.636681892,0.1205649636,0.1236331811,-3.223033883e-06,0.03222891914,-0.03223033883,0.996507189,0.02930431611,0.1400349281,-0.04136199506,-0.04963949031,-0.07351156446,-1374272907,-198278657.5,1721797.649,2.624625396,-0.8979521165,0.9935767574
2.673035794e-09,-0.001595542069,2.62463126,0.896483141,-0.03953914485,0.9966063656,-2.636755057,0.1212379699,0.1236324494,-3.184857384e-06,0.03184714422,-0.03184857384,0.9994812414,0.02874875826,0.1400051876,-0.04200138617,-0.04924482635,-0.07309798787,-1379045514,-199226967,8160282.549,2.62463126,-0.8980786831,0.9966063656
2.675715259e-09,-0.00157629111,2.624620134,0.8966260154,-0.04019782811,0.9996490713,-2.636810296,0.1219016195,0.123631897,-3.146433172e-06,0.03146289354,-0.03146433172,1.002469264,0.02820192804,0.1399753074,-0.04264026689,-0.04884877568,-0.07268275385,-1383719977,-200146304.9,14495370.42,2.624620134,-0.8982023065,0.9996490713
2.678423588e-09,-0.001556725118,2.624591888,0.8967675997,-0.0408631336,1.002737621,-2.636848176,0.1225628761,0.1236315182,-3.107380025e-06,0.03107235476,-0.03107380025,1.005503429,0.02765807973,0.1399449657,-0.04328550376,-0.04844740316,-0.0722617165,-1388345423,-201046111.4,20793552.95,2.624591888,-0.8983243248,1.002737621
2.681164406e-09,-0.001536832929,2.624546176,0.8969080241,-0.04153591012,1.005876346,-2.636868403,0.1232222719,0.123631316,-3.067675658e-06,0.03067530506,-0.03067675658,1.008588024,0.02711678439,0.1399141198,-0.04393793475,-0.04804049258,-0.07183462414,-1392925160,-201926638.1,27059879.87,2.624546176,-0.898444857,1.005876346
2.683959158e-09,-0.001516473854,2.624482109,0.8970482908,-0.04222137127,1.00909017,-2.636870557,0.1238844805,0.1236312944,-3.027039257e-06,0.03026893629,-0.03027039257,1.011747593,0.02657422696,0.1398825241,-0.04460263085,-0.04762519158,-0.07139845342,-1397490813,-202793444.4,33338538.01,2.624482109,-0.8985647647,1.00909017
2.68682338e-09,-0.001495549898,2.624398466,0.897189027,-0.04292326267,1.012397575,-2.636853715,0.1245524915,0.1236314629,-2.985275218e-06,0.02985129246,-0.02985275218,1.015000375,0.02602799871,0.1398499962,-0.04528323997,-0.04719954606,-0.07095111504,-1402061530,-203649429.7,39657411.65,2.624398466,-0.8986845769,1.012397575
2.68977198e-09,-0.001473968784,2.624293671,0.8973307659,-0.04364515862,1.015816596,-2.636816562,0.1252289097,0.1236318344,-2.942199349e-06,0.0294205317,-0.02942199349,1.018364198,0.0254760257,0.139816358,-0.04598324553,-0.04676173812,-0.07049065371,-1406653149,-204496633.1,46040481.64,2.624293671,-0.8988047347,1.015816596
2.692817892e-09,-0.001451654908,2.62416587,0.8974738865,-0.04439013147,1.019363237,-2.636757435,0.1259156536,0.1236324256,-2.897660735e-06,0.02897514494,-0.02897660735,1.021854918,0.02491681238,0.1397814508,-0.04670564673,-0.04631030518,-0.07001547767,-1411276226,-205335885.6,52505026.59,2.62416587,-0.8989255414,1.019363237
2.695972884e-09,-0.001428544525,2.624012943,0.8976186593,-0.04516094834,1.023052372,-2.636674359,0.1266141588,0.1236332564,-2.851532133e-06,0.02851385987,-0.02851532133,1.0254873,0.02434927202,0.139745127,-0.04745315023,-0.04584403776,-0.06952425079,-1415937517,-206167117.1,59063595.4,2.624012943,-0.8990472038,1.023052372
2.699247766e-09,-0.001404585227,2.623832527,0.897765261,-0.04596012133,1.026897966,-2.63656507,0.1273254351,0.1236343493,-2.803708919e-06,0.02803563035,-0.02803708919,1.029275233,0.02377267725,0.1397072477,-0.04822821958,-0.04536196494,-0.06901587656,-1420640450,-206989466,65724592.32,2.623832527,-0.8991698462,1.026897966
2.702652714e-09,-0.001379734524,2.623622018,0.8979137926,-0.04678998542,1.03091343,-2.636427033,0.1280501446,0.1236357297,-2.754106276e-06,0.02753960835,-0.02754106276,1.033232089,0.02318659394,0.1396676791,-0.04903315153,-0.04486332225,-0.06848946338,-1425385713,-207801409.3,72493052.22,2.623622018,-0.8992935271,1.03091343
2.706197537e-09,-0.001353958897,2.623378575,0.8980642937,-0.04765276068,1.035111923,-2.636257441,0.128788661,0.1236374256,-2.702657283e-06,0.0270251248,-0.02702657283,1.037371006,0.02259083135,0.1396262899,-0.04987013712,-0.04434752878,-0.06794429956,-1430171700,-208600861.4,79371227.68,2.623378575,-0.8994182526,1.035111923
2.709891854e-09,-0.001327233418,2.623099112,0.8982167516,-0.04855059496,1.039506559,-2.636053222,0.1295411069,0.1236394678,-2.649312171e-06,0.02649168213,-0.02649312171,1.0417051,0.0219854097,0.139582949,-0.05074130377,-0.04381417611,-0.06737984032,-1434994800,-209385244.9,86358974.51,2.623099112,-0.899543985,1.039506559
2.713745221e-09,-0.001299541879,2.622780295,0.8983711069,-0.04948559006,1.044110536,-2.635811032,0.1303073749,0.1236418897,-2.594038574e-06,0.02593895682,-0.02594038574,1.04624759,0.02137054113,0.1395375241,-0.0516487414,-0.04326302692,-0.06679570508,-1439849584,-210151541.7,93453982.05,2.622780295,-0.8996706488,1.044110536
2.717767341e-09,-0.001270876211,2.622418527,0.8985272631,-0.05045985192,1.0489374,-2.635527244,0.1310871672,0.1236447276,-2.536820372e-06,0.02536678781,-0.02536820372,1.05101206,0.02074659667,0.1394898794,-0.05259455188,-0.04269399922,-0.06619165937,-1444729080,-210896359.8,100652164.3,2.622418527,-0.8997981393,1.0489374
2.721968209e-09,-0.001241236551,2.622009934,0.898685091,-0.05147551991,1.054001203,-2.635197935,0.1318800128,0.1236480206,-2.477657829e-06,0.02477517787,-0.02477657829,1.056012612,0.02011408987,0.1394398739,-0.05358087808,-0.04210716332,-0.06556760983,-1449624922,-211615975.4,107947857.9,2.622009934,-0.8999263275,1.054001203
2.726358252e-09,-0.001210631255,2.621550338,0.8988444336,-0.05253479874,1.059316681,-2.634818867,0.1326852864,0.1236518113,-2.416567609e-06,0.02416429374,-0.02416567609,1.061264047,0.01947366067,0.1393873595,-0.05460993559,-0.04150273704,-0.06492359736,-1454527482,-212306373.2,115334016.7,2.621550338,-0.9000550649,1.059316681
2.730948491e-09,-0.001179076925,2.621035238,0.8990051101,-0.0536399904,1.064899449,-2.63438546,0.1335022234,0.1236561454,-2.353582844e-06,0.02353446685,-0.02353582844,1.066782055,0.01882606133,0.1393321794,-0.05568404445,-0.04088108109,-0.06425979005,-1459425979,-212963279.7,122802380.2,2.621035238,-0.900184187,1.064899449
2.735750681e-09,-0.00114659853,2.620459773,0.8991669188,-0.05479352429,1.070766178,-2.633892766,0.1343299313,0.1236610723,-2.28875336e-06,0.02288619553,-0.0228875336,1.072583392,0.01817214567,0.1392741661,-0.05680565906,-0.04024269538,-0.06357647695,-1464308560,-213582189.6,130343603.1,2.620459773,-0.9003135173,1.070766178
2.740777471e-09,-0.001113229532,2.619818692,0.8993296399,-0.05599798764,1.076934795,-2.633335432,0.1351673991,0.1236666457,-2.222145942e-06,0.02222014772,-0.02222145942,1.078686081,0.01751286011,0.1392131392,-0.0579773984,-0.03958821521,-0.06287406131,-1469162348,-214158385,137947359.5,2.619818692,-0.9004428695,1.076934795
2.746042568e-09,-0.001079012013,2.619106307,0.8994930378,-0.05725615718,1.083424696,-2.632707658,0.1360135045,0.1236729234,-2.153844584e-06,0.02153716336,-0.02153844584,1.085109619,0.01684923616,0.1391489038,-0.05920207751,-0.03891840659,-0.0621530526,-1473973473,-214686946.9,145602429.2,2.619106307,-0.9005720498,1.083424696
2.751560901e-09,-0.001043996878,2.61831645,0.8996568619,-0.05857102892,1.090256951,-2.632003151,0.136867017,0.1236799685,-2.083950891e-06,0.02083825853,-0.02083950891,1.091875189,0.01618238585,0.1390812481,-0.06048273705,-0.03823416244,-0.06141405911,-1478727077,-215162756.4,153296743.9,2.61831645,-0.9007008588,1.090256951
2.757348791e-09,-0.001008244058,2.617442416,0.899820848,-0.05994584868,1.097454534,-2.631215076,0.1377265995,0.1236878492,-2.01258449e-06,0.02012462948,-0.0201258449,1.099005884,0.01551349867,0.1390099412,-0.06182267358,-0.03753649797,-0.06065777918,-1483407280,-215580486,161017413,2.617442416,-0.9008290921,1.097454534
2.763424131e-09,-0.0009718227722,2.616476912,0.8999847184,-0.06138414076,1.105042553,-2.630335993,0.1385908066,0.1236966401,-1.939883544e-06,0.01939765777,-0.01939883544,1.106526937,0.01484384077,0.1389347306,-0.06322546808,-0.03682654636,-0.05988499228,-1487997132,-215934579.1,168750715,2.616476912,-0.9009565412,1.105042553
2.769806547e-09,-0.0009348119023,2.615411993,0.9001481812,-0.06288973144,1.113048461,-2.629357801,0.1394580781,0.123706422,-1.866005514e-06,0.01865891793,-0.01866005514,1.114465937,0.01417475756,0.1388553406,-0.06469500923,-0.03610555579,-0.05909655108,-1492478519,-216219216.7,176482044.9,2.615411993,-0.9010829931,1.113048461
2.776517553e-09,-0.0008973004248,2.614239004,0.9003109291,-0.06446676812,1.121502267,-2.628271677,0.14032673,0.1237172832,-1.791128009e-06,0.01791018593,-0.01791128009,1.122853035,0.01350767804,0.1387714696,-0.06623551245,-0.03537488647,-0.05829337305,-1496832050,-216428271.9,184195832.1,2.614239004,-0.9012082295,1.121502267
2.783580681e-09,-0.0008593879759,2.612948525,0.9004726378,-0.06611972766,1.130436696,-2.627068019,0.1411949404,0.1237293198,-1.71544992e-06,0.01715345052,-0.0171544992,1.131721108,0.01284412226,0.1386827889,-0.06785152812,-0.03463600931,-0.05747643345,-1501036916,-216555253.7,191875413.4,2.612948525,-0.9013320257,1.130436696
2.791021551e-09,-0.0008211855385,2.611530329,0.9006329627,-0.06785340983,1.139887287,-2.625736402,0.1420607323,0.123742636,-1.63919279e-06,0.01639092691,-0.0163919279,1.141105858,0.01218571118,0.1385889414,-0.06954793513,-0.03389050601,-0.05664675964,-1505070725,-216593241,199502868.7,2.611530329,-0.9014541482,1.139887287
2.798867898e-09,-0.0007828161214,2.609973353,0.9007915366,-0.06967291477,1.14989242,-2.624265548,0.1429219543,0.1237573445,-1.562602171e-06,0.01562507038,-0.01562602171,1.151045838,0.01153417652,0.1384895416,-0.07132991817,-0.03314006814,-0.05580542448,-1508909344,-216534812.8,207058844.5,2.609973353,-0.9015743527,1.14989242
2.807149525e-09,-0.0007444153498,2.608265696,0.9009479668,-0.0715835996,1.160493237,-2.622643322,0.1437762628,0.1237735668,-1.485948798e-06,0.01485858802,-0.01485948798,1.161582374,0.0108913692,0.1383841763,-0.0732029243,-0.03238649409,-0.05495353782,-1512526769,-216371976.9,214522384,2.608265696,-0.9016923821,1.160493237
2.815898195e-09,-0.0007061316849,2.606394643,0.9011018337,-0.07359101788,1.171733477,-2.620856754,0.144621111,0.1237914325,-1.409529035e-06,0.01409444312,-0.01409529035,1.172759403,0.01025926162,0.138272406,-0.07517260183,-0.03163167893,-0.05409223114,-1515895047,-216096104.4,221870817,2.606394643,-0.9018079654,1.171733477
2.825147523e-09,-0.0006681258834,2.604346705,0.901252692,-0.07570085349,1.183659298,-2.618892081,0.1454537521,0.1238110792,-1.333663788e-06,0.01333584439,-0.01333663788,1.184623292,0.009639938092,0.1381537671,-0.077244733,-0.0308775902,-0.05322262785,-1518984304,-215697868.2,229079778.2,2.604346705,-0.9019208179,1.183659298
2.834932978e-09,-0.0006305692106,2.602107658,0.901400076,-0.07791887389,1.196319217,-2.616734785,0.1462712678,0.1238326522,-1.258694942e-06,0.01258621031,-0.01258694942,1.197222774,0.009035566433,0.1380277723,-0.07942518492,-0.03012622069,-0.05234578871,-1521762905,-215167178.7,236123439.6,2.602107658,-0.9020306452,1.196319217
2.845292143e-09,-0.0005936400729,2.59966252,0.9015435105,-0.08025093534,1.209764389,-2.614369582,0.1470706279,0.1238563042,-1.18497864e-06,0.01184910189,-0.0118497864,1.210609223,0.008448346829,0.1378939078,-0.08171991091,-0.02937951142,-0.05146262344,-1524197725,-214493096.2,242975008.4,2.59966252,-0.9021371505,1.209764389
2.856265393e-09,-0.0005575191231,2.596995439,0.901682526,-0.08270306907,1.224049408,-2.611780317,0.1478487787,0.1238821968,-1.112875509e-06,0.01112812495,-0.01112875509,1.224837452,0.007880440232,0.1377516255,-0.08413503129,-0.02863924445,-0.05057376535,-1526254486,-213663688.6,249607468.8,2.596995439,-0.9022400451,1.224049408
2.867897122e-09,-0.0005223832662,2.594089427,0.9018166774,-0.08528167159,1.239233846,-2.608949702,0.1486027534,0.123910503,-1.042738694e-06,0.01042681055,-0.01042738694,1.239967235,0.007333883968,0.1376003277,-0.08667701714,-0.02790691095,-0.04967941123,-1527898022,-212665793.4,255994486.6,2.594089427,-0.9023390606,1.239233846
2.880237532e-09,-0.0004883995627,2.590925903,0.901945562,-0.08799379063,1.25538453,-2.605858881,0.1493297812,0.1239414112,-9.749016895e-07,0.009748493219,-0.009749016895,1.256065581,0.006810510043,0.1374393442,-0.08935296912,-0.02718356989,-0.0487791396,-1529092329,-211484648.8,262111294.9,2.590925903,-0.9024339616,1.25538453
2.893344934e-09,-0.0004557200784,2.587484074,0.9020688336,-0.09084747916,1.272578496,-2.602486811,0.1500273777,0.1239751319,-9.096680598e-07,0.009096208207,-0.009096680598,1.273209684,0.006311881146,0.1372679032,-0.09217096481,-0.02646971298,-0.04787172205,-1529800258,-210103368.9,267935383.5,2.587484074,-0.9025245537,1.272578496
2.907288376e-09,-0.0004244786079,2.583740151,0.9021862097,-0.09385216411,1.290906399,-2.598809491,0.1506933963,0.1240119051,-8.473048939e-07,0.00847262606,-0.008473048939,1.291490325,0.005839256442,0.1370850968,-0.09514042161,-0.02576515003,-0.0469549413,-1529982780,-208502255.1,273446841.6,2.583740151,-0.9026106883,1.290906399
2.922150353e-09,-0.000394789824,2.579666519,0.9022974702,-0.09701895178,1.310476002,-2.594799122,0.1513260316,0.1240520088,-7.880411108e-07,0.007880035658,-0.007880411108,1.311015361,0.005393593193,0.1368898464,-0.09827239795,-0.02506892344,-0.0460254272,-1529597819,-206657961.7,278628272.2,2.579666519,-0.90269226,1.310476002
2.938028932e-09,-0.0003667512996,2.575231023,0.9024024466,-0.1003607154,1.331414881,-2.5904234,0.1519237649,0.124095766,-7.320714936e-07,0.007320384562,-0.007320714936,1.33191244,0.00497558871,0.1366808756,-0.1015796787,-0.02437926477,-0.04507853191,-1528598789,-204542601.2,283464218.7,2.575231023,-0.9027691979,1.331414881
2.955037787e-09,-0.0003404489484,2.570396875,0.9025009995,-0.1038916346,1.353870307,-2.585645399,0.1524852397,0.124143546,-6.795675508e-07,0.006795387617,-0.006795675508,1.354328884,0.004585769219,0.1364567112,-0.1050763159,-0.02369362461,-0.04410830237,-1526933248,-202123044.9,287940039.1,2.570396875,-0.9028414484,1.353870307
2.973300637e-09,-0.0003159666498,2.565124259,0.9025929795,-0.1076254953,1.378001626,-2.580425163,0.153009048,0.1241957484,-6.306967289e-07,0.006306719061,-0.006306967289,1.37842409,0.004224636408,0.1362157591,-0.1087759378,-0.02300885128,-0.04310769349,-1524542703,-199361085.9,292040166,2.565124259,-0.9029089461,1.378001626
2.992933713e-09,-0.0002933997004,2.559375683,0.9026781742,-0.1115715969,1.403956726,-2.574725026,0.1534934294,0.1242527497,-5.856492635e-07,0.005856281022,-0.005856492635,1.404346013,0.003892868044,0.1359565399,-0.1126876793,-0.02232164718,-0.04206929119,-1521365821,-196215856.2,295745967.9,2.559375683,-0.9029715739,1.403956726
3.014010429e-09,-0.0002728654683,2.55312704,0.9027562602,-0.115727479,1.431824885,-2.568520642,0.1539360197,0.1243147936,-5.446594475e-07,0.005446416178,-0.005446594475,1.432184033,0.003591481812,0.1356781597,-0.1168089475,-0.02162937048,-0.04098678132,-1517348278,-192650266.2,299034598.6,2.55312704,-0.9030291257,1.431824885
3.036520224e-09,-0.0002544905975,2.546380967,0.9028268385,-0.1200714341,1.461582127,-2.561814376,0.1543340922,0.1243818562,-5.07980088e-07,0.005079652349,-0.00507980088,1.461914294,0.003321671991,0.1353808571,-0.1211179719,-0.02093075493,-0.03985660081,-1512458832,-188640420.8,301882419.3,2.546380967,-0.9030813291,1.461582127
3.060367706e-09,-0.0002383554825,2.539168264,0.9028896317,-0.1245639073,1.49309036,-2.554636838,0.1546857343,0.1244536316,-4.75771669e-07,0.004757594216,-0.00475771669,1.493398765,0.003084043207,0.1350660124,-0.1255751787,-0.0202254279,-0.03867777063,-1506699234,-184179563.2,304275503.7,2.539168264,-0.9031279872,1.49309036
3.08543647e-09,-0.0002244317368,2.531528893,0.9029447229,-0.1291611228,1.526182475,-2.547028015,0.1549912273,0.1245297198,-4.479775273e-07,0.004479675186,-0.004479775273,1.526470249,0.002877742586,0.1347352975,-0.1301367271,-0.01951208526,-0.03744907001,-1500093497,-179269083.6,306219984.9,2.531528893,-0.9031691546,1.526182475
3.111653715e-09,-0.0002125792357,2.523491525,0.9029925846,-0.1338272484,1.560748338,-2.539016843,0.1552531841,0.1246098316,-4.243179494e-07,0.004243098355,-0.004243179494,1.561018381,0.002700431736,0.1343898162,-0.1347666127,-0.01878728549,-0.0361665534,-1492667007,-173905922.9,307741342.1,2.523491525,-0.9032051638,1.560748338
3.13900381e-09,-0.0002025928702,2.515068299,0.9030339204,-0.1385357536,1.596752838,-2.53061586,0.1554756077,0.1246938414,-4.043835022e-07,0.004043769735,-0.004043835022,1.597007733,0.002548953882,0.1340299227,-0.1394380424,-0.01804577659,-0.03482345506,-1484434784,-168077745.4,308875645.8,2.515068299,-0.9032365133,1.596752838
3.167516109e-09,-0.0001942467981,2.506257825,0.9030695103,-0.14326581,1.634219587,-2.521824122,0.1556629738,0.1247817588,-3.877233644e-07,0.003877181495,-0.003877233644,1.634461582,0.002419952342,0.1336553842,-0.1441298729,-0.0172812586,-0.03341105502,-1475398772,-161763375.2,309661811.7,2.506257825,-0.9032637571,1.634219587
3.19725363e-09,-0.0001873195763,2.497048334,0.903100122,-0.1479989752,1.673215611,-2.512630305,0.1558197063,0.124873697,-3.738954965e-07,0.003738913617,-0.003738954965,1.673446632,0.002310209871,0.1332655337,-0.1488233187,-0.01648687008,-0.03191929952,-1465547745,-154933804.6,310137304.8,2.497048334,-0.9032874416,1.673215611
3.228306571e-09,-0.0001816059643,2.48741959,0.9031264707,-0.1527167863,1.713842341,-2.503014583,0.1559499275,0.1249698542,-3.624902019e-07,0.003624869481,-0.003624902019,1.714064021,0.002216797793,0.1328593598,-0.1534995566,-0.0156554053,-0.03033708683,-1454857577,-147552734.6,310336137.7,2.48741959,-0.9033080766,1.713842341
3.260789188e-09,-0.0001769215432,2.477343903,0.9031492024,-0.1573988645,1.756230948,-2.492949639,0.1560573572,0.1250705036,-3.53139348e-07,0.003531368076,-0.00353139348,1.756444661,0.002137125574,0.1324355534,-0.1581378334,-0.01477937734,-0.02865235151,-1443291469,-139576731.7,310288077,2.477343903,-0.903326124,1.756230948
3.294838863e-09,-0.0001731036385,2.466786547,0.9031688918,-0.1620212183,1.800540496,-2.482401076,0.156145286,0.1251759892,-3.455182078e-07,0.003455162405,-0.003455182078,1.80074739,0.00206894134,0.1319925261,-0.1627137682,-0.01385099855,-0.02685203571,-1430800013,-130955125.8,310018452.9,2.466786547,-0.9033419954,1.800540496
3.330616955e-09,-0.0001700104023,2.455705688,0.903186044,-0.1665545519,1.846958305,-2.471327347,0.1562165879,0.1252867265,-3.39343628e-07,0.003393421173,-0.00339343628,1.847159336,0.00201030969,0.1315284066,-0.1671976575,-0.01286211263,-0.02492198814,-1417320994,-121629686.6,309548247.2,2.455705688,-0.9033560544,1.846958305
3.368311477e-09,-0.0001675190501,2.444051791,0.9032011015,-0.1709624426,1.895702566,-2.459679166,0.156273748,0.1254032083,-3.343705094e-07,0.003343693592,-0.003343705094,1.895898524,0.001959580658,0.1310410148,-0.1715526471,-0.01180408976,-0.02284679879,-1402778766,-111534034.2,308894273,2.444051791,-0.9033686206,1.895702566
3.408142596e-09,-0.0001655237627,2.431766221,0.9032144504,-0.1751992951,1.947028382,-2.44739811,0.1563188964,0.1255260189,-3.303876186e-07,0.003303867503,-0.003303876186,1.947219918,0.001915356786,0.1305278008,-0.1757326784,-0.01066766614,-0.0206095259,-1387082776,-100592528.5,308069319.4,2.431766221,-0.9033799741,1.947028382
3.450372586e-09,-0.0001639335304,2.418778544,0.9032264273,-0.1792079043,2.001239226,-2.434413928,0.1563538399,0.1256558607,-3.272132848e-07,0.003272126343,-0.003272132848,2.001426872,0.001876462437,0.1299857313,-0.1796800386,-0.009442686999,-0.01819123002,-1370124564,-88718191.24,307082147.8,2.418778544,-0.9033903608,2.001239226
3.495324561e-09,-0.0001626700122,2.405001286,0.903237327,-0.1829164028,2.05870907,-2.420639295,0.1563800881,0.1257936071,-3.246911267e-07,0.003246906421,-0.003246911267,2.058893262,0.001841916986,0.1294110674,-0.1833222845,-0.008117633555,-0.01557007781,-1351771513,-75808483.33,305937173,2.405001286,-0.903399997,2.05870907
3.543419561e-09,-0.0001616653549,2.39031932,0.9032474094,-0.1862340605,2.119926906,-2.405959207,0.1563988672,0.1259404079,-3.226856986e-07,0.003226853385,-0.003226856986,2.120107997,0.001810912775,0.12879892,-0.1865679932,-0.006678654989,-0.01271946262,-1331853414,-61736195.22,304633496.7,2.39031932,-0.9034090747,2.119926906
3.595254299e-09,-0.0001608597367,2.374567405,0.9032569097,-0.1890444628,2.185590798,-2.390208516,0.1564111135,0.1260979148,-3.210775874e-07,0.003210773182,-0.003210775874,2.185769078,0.001782799049,0.1281423092,-0.1892998351,-0.005107446671,-0.009603838409,-1310132672,-46329000.79,303162541.5,2.374567405,-0.9034177695,2.185590798
3.651747102e-09,-0.0001601982587,2.357488203,0.9032660491,-0.1911908634,2.256783609,-2.373129945,0.1564174182,0.1262687006,-3.197572085e-07,0.003197570029,-0.003197572085,2.256959317,0.001757087806,0.1274304068,-0.1913597231,-0.003377193013,-0.006170725405,-1286247121,-29330054.68,301503249.8,2.357488203,-0.9034262474,2.256783609
3.713736812e-09,-0.0001596311026,2.338856405,0.9032749541,-0.1924351684,2.334456965,-2.354498195,0.1564178963,0.126455018,-3.186251208e-07,0.003186249549,-0.003186251208,2.33463034,0.001733747019,0.1266536966,-0.1925084611,-0.001465855306,-0.002377190067,-1259890319,-10529672.9,299633223.4,2.338856405,-0.9034345852,2.334456965
3.775726521e-09,-0.0001591485043,2.320341732,0.9032828963,-0.1925112762,2.411662875,-2.335983024,0.1564129219,0.1266401698,-3.176618346e-07,0.003176616849,-0.003176618346,2.411834372,0.001714963476,0.1258816563,-0.1924888386,0.000448753518,0.001422826442,-1233494739,8312287.642,297722991.2,2.320341732,-0.9034420448,2.411662875
3.83771623e-09,-0.0001586831861,2.301946568,0.9032899666,-0.1914202299,2.488401438,-2.317586873,0.1564030483,0.1268241313,-3.1673306e-07,0.00316732906,-0.0031673306,2.488571512,0.001700732092,0.1251142849,-0.191302422,0.002356157134,0.005207396875,-1207173881,27079764.6,295777024.8,2.301946568,-0.9034486498,2.488401438
3.901424869e-09,-0.000158155352,2.28316828,0.9032962982,-0.1890913712,2.566780805,-2.298807045,0.1563876486,0.1270119295,-3.15679526e-07,0.003156793449,-0.00315679526,2.566949949,0.001691438673,0.1243305005,-0.1888764675,0.004298073871,0.009057985206,-1180313875,46168231.04,293737533.8,2.28316828,-0.9034544535,2.566780805
3.965357642e-09,-0.000157493487,2.264456217,0.9033015379,-0.1855403503,2.644938731,-2.280092805,0.1563658879,0.1271990719,-3.143584946e-07,0.00314358257,-0.003143584946,2.645107621,0.001688899246,0.1235489238,-0.1852294802,0.006217403639,0.01285961398,-1153661057,64995803.96,291640198.8,2.264456217,-0.9034590314,2.644938731
4.029290415e-09,-0.0001565851012,2.245880635,0.9033053216,-0.1807977795,2.722596481,-2.261514214,0.1563357907,0.1273848579,-3.125454489e-07,0.003125451115,-0.003125454489,2.722766041,0.001695596128,0.1227723396,-0.1803929092,0.008097406989,0.01657668658,-1127405954,83368970.77,289471026.1,2.245880635,-0.9034619067,2.722596481
4.093223188e-09,-0.000155254564,2.227447381,0.9033070459,-0.1748959518,2.799749742,-2.243076758,0.1562937745,0.1275692324,-3.098898543e-07,0.003098893484,-0.003098898543,2.799921306,0.001715634212,0.1220007869,-0.1743994581,0.009929872505,0.02018920399,-1101624120,101161816.1,287192985.9,2.227447381,-0.9034623004,2.799749742
4.157155961e-09,-0.0001532157844,2.209165528,0.9033056882,-0.167874716,2.876390544,-2.224788904,0.156233766,0.127752111,-3.058207158e-07,0.003058199273,-0.003058207158,2.876566128,0.001755833243,0.1212343387,-0.1672892481,0.01170935913,0.02368032084,-1076359420,118246899.7,284743521.6,2.209165528,-0.903458904,2.876390544
4.221088734e-09,-0.0001499873177,2.191049583,0.903299527,-0.1597813035,2.952504834,-2.206664137,0.1561455489,0.1279333586,-2.993771464e-07,0.00299375881,-0.002993771464,2.952687591,0.001827577186,0.1204731241,-0.1591095493,0.01343508391,0.02703830519,-1051604184,134491917.9,282017506.1,2.191049583,-0.9034495143,2.952504834
4.285021507e-09,-0.0001447427737,2.173123231,0.9032856456,-0.150670178,3.028068329,-2.188724415,0.1560118409,0.1281127559,-2.88909806e-07,0.002889077277,-0.00288909806,3.028263337,0.001950076312,0.1197173666,-0.1499144678,0.01511420413,0.03025989038,-1027264801,149753152.9,278837109.6,2.173123231,-0.9034303884,3.028068329
4.348954281e-09,-0.0001360465709,2.155425786,0.9032590502,-0.1406029669,3.103039355,-2.171006098,0.1558031217,0.128289939,-2.715535136e-07,0.002715500347,-0.002715535136,3.103254969,0.002156135288,0.1189674503,-0.1397645884,0.01676757,0.03335609374,-1003101412,163863250.4,274898489.4,2.155425786,-0.9033950968,3.103039355
4.412887054e-09,-0.0001213928915,2.138023422,0.9032110964,-0.1296485631,3.177346313,-2.153570272,0.1554684982,0.1284642973,-2.423070799e-07,0.002423011688,-0.002423070799,3.177596546,0.002502333408,0.1182240345,-0.1287265769,0.0184397241,0.03636227776,-978621979,176609307.5,269677657.8,2.138023422,-0.9033324893,3.177346313
4.468892078e-09,-0.0001002818325,2.123108591,0.9031399203,-0.1193836477,3.241798132,-2.138608984,0.1550039361,0.1286139102,-2.00172783e-07,0.002001633195,-0.00200172783,3.242097785,0.002996528449,0.1175790222,-0.1183843593,0.01998576741,0.03898085077,-956204368.2,186427101.8,263349285.1,2.123108591,-0.9032402022,3.241798132
4.514740261e-09,-7.382531964e-05,2.111215859,0.9030494304,-0.1105567406,3.294018619,-2.126659379,0.1544352013,0.1287334062,-1.473698225e-07,0.001473558996,-0.001473698225,3.294379732,0.003611128479,0.1170562027,-0.1094878778,0.0213772575,0.04117969564,-936415220.1,193325595.4,256233268.2,2.111215859,-0.9031232557,3.294018619
4.551991667e-09,-4.340405798e-05,2.101837927,0.9029442957,-0.1031292175,3.336005242,-2.117216878,0.1537895006,0.1288278312,-8.665381881e-08,0.0008663480832,-0.0008665381881,3.336436767,0.004315245644,0.1166356323,-0.1019967174,0.02265000259,0.04305959149,-918724642.3,198021005.2,248561149.6,2.101837927,-0.9029876998,3.336005242
4.58274511e-09,-1.011275412e-05,2.094346835,0.9028280256,-0.09683949555,3.37030415,-2.109655497,0.1530866184,0.128903445,-2.020958797e-08,0.0002018508906,-0.0002020958797,3.370812743,0.005085933034,0.1162918726,-0.09564741787,0.02384155377,0.04471839498,-902510955.4,201172464.2,240475938.6,2.094346835,-0.9028381383,3.37030415
4.608799421e-09,2.54569005e-05,2.088223588,0.9027023158,-0.09140842928,3.399054097,-2.103457169,0.152335811,0.1289654283,5.078198201e-08,-0.0005081223704,0.0005078198201,3.399645305,0.005912071026,0.116003547,-0.09015924113,0.0249837629,0.04623185907,-887234440.5,203251269.6,232022250.6,2.088223588,-0.9026768589,3.399054097
4.631643971e-09,6.339305002e-05,2.08306001,0.9025664185,-0.0865753652,3.423988699,-2.098213247,0.1515323669,0.1290178675,1.264968454e-07,-0.001265331063,0.001264968454,3.424668523,0.006798239249,0.1157533148,-0.08526984638,0.02611037633,0.04766509722,-872357517.4,204570711.3,223109974.2,2.08306001,-0.9025030254,3.423988699
4.65214032e-09,0.0001037210765,2.078621575,0.9024197343,-0.08218703779,3.44610818,-2.093688882,0.1506730745,0.1290631112,2.069856976e-07,-0.002070281816,0.002069856976,3.446882942,0.007747613271,0.1155311706,-0.08082503578,0.02724004019,0.04905463096,-857566609,205311113.6,213681661.1,2.078621575,-0.9023160132,3.44610818
4.672636668e-09,0.0001508592339,2.074399132,0.9022451511,-0.07775345852,3.467953486,-2.089365098,0.1496596619,0.129106349,3.010667776e-07,-0.003011163342,0.003010667776,3.468840355,0.008868691482,0.1153115964,-0.07632845332,0.02850010399,0.05055997964,-841143989.9,205592100.1,202659104.7,2.074399132,-0.9020942919,3.467953486
4.690425311e-09,0.0001979706541,2.070937502,0.9020671353,-0.07387193793,3.486659605,-2.085801072,0.1486357033,0.1291419893,3.950947652e-07,-0.003951511188,0.003950947652,3.487659857,0.01000252523,0.1151234014,-0.07238626322,0.02971349423,0.051974308,-825344673.2,205434303.3,191594367.1,2.070937502,-0.9018691647,3.486659605
4.708213954e-09,0.0002514196121,2.067692879,0.9018605486,-0.06996183199,3.505098823,-2.082438715,0.1474583622,0.1291756128,5.017718876e-07,-0.005018356805,0.005017718876,3.506229533,0.0113070987,0.1149377047,-0.06840932383,0.03105016331,0.0535007146,-807887380,204876235.3,178941532.2,2.067692879,-0.9016091289,3.505098823
4.72380918e-09,0.0003039214507,2.065050931,0.9016525896,-0.06651236328,3.521018099,-2.07967937,0.1462843864,0.1292032063,6.065590259e-07,-0.006066297833,0.006065590259,3.522278957,0.01260857721,0.1147772104,-0.06489574958,0.03233227399,0.05493988254,-791040068,204039199.8,166376050.7,2.065050931,-0.9013486682,3.521018099
4.739404406e-09,0.00036202286,2.06262226,0.9014162188,-0.06304456614,3.5366806,-2.077118562,0.1449630149,0.1292288144,7.225225471e-07,-0.007226006749,0.007225225471,3.538087996,0.0140739621,0.11461912,-0.06135836233,0.03372407607,0.05648000669,-772580464.3,202861891.5,152283697,2.06262226,-0.9010541959,3.5366806
4.753317148e-09,0.0004188058224,2.060656159,0.9011785181,-0.05993676113,3.55041384,-2.075020922,0.1436476259,0.1292497908,8.358550053e-07,-0.008359399347,0.008358550053,3.551967141,0.01553301435,0.1144803286,-0.05818361819,0.03506285872,0.05794369429,-754612939.7,201513554.9,138292795.3,2.060656159,-0.9007597123,3.55041384
4.76722989e-09,0.0004803952714,2.058899487,0.9009126979,-0.05681678307,3.563898677,-2.073118694,0.1421920732,0.1292688131,9.587810678e-07,-0.009588729807,0.009587810678,3.565613453,0.01714776065,0.1143438655,-0.05499198499,0.03649596154,0.05949467212,-735102058.2,199876802.2,122850093.6,2.058899487,-0.9004323026,3.563898677
4.781142632e-09,0.0005468686222,2.057373343,0.9006158255,-0.05368568578,3.57711171,-2.071431867,0.1405852336,0.1292856813,1.091455375e-06,-0.01091554334,0.01091455375,3.579004757,0.01893046901,0.1142099524,-0.05178444308,0.0380248541,0.06113437686,-713921601.3,197945412.9,105839394.1,2.057373343,-0.9000689569,3.57711171
4.793191616e-09,0.0006083857926,2.056255353,0.9003311924,-0.05096580697,3.588315781,-2.070161629,0.1390627595,0.1292983837,1.214238144e-06,-0.01214343109,0.01214238144,3.590377734,0.02061953061,0.1140962227,-0.04899449037,0.03942633195,0.06262609197,-694132494.1,196030668.9,89746771.46,2.056255353,-0.8997228066,3.588315781
4.805240601e-09,0.0006735076855,2.05534281,0.9000187175,-0.04823889802,3.59927993,-2.069083946,0.1374113607,0.1293091605,1.344216066e-06,-0.01344326939,0.01344216066,3.601525089,0.02245158829,0.1139847491,-0.04619398646,0.04089823105,0.06418288934,-672918476.7,193891415.5,72322277.65,2.05534281,-0.8993452099,3.59927993
4.815688228e-09,0.0007328055639,2.054730525,0.8997234428,-0.04586912357,3.608578667,-2.068317496,0.1358697161,0.129316825,1.462570223e-06,-0.01462685987,0.01462570223,3.610994841,0.02416174259,0.1138900516,-0.04375763805,0.04222971028,0.06558364879,-653310162,191853089,56075212.33,2.054730525,-0.8989906372,3.608578667
4.824955376e-09,0.0007875077168,2.054335978,0.8994412807,-0.04376325885,3.616654427,-2.067777314,0.134413361,0.1293222269,1.571752031e-06,-0.0157187193,0.01571752031,3.619232144,0.02577717035,0.1138076786,-0.04159067854,0.04345160619,0.06686361844,-634935119.3,189903882.8,40745313.96,2.054335978,-0.898653773,3.616654427
4.833116086e-09,0.0008372294885,2.054110846,0.899176089,-0.04190597594,3.623624482,-2.067416782,0.133059357,0.1293258322,1.67099366e-06,-0.0167111699,0.0167099366,3.626352379,0.02727896345,0.1137364762,-0.03967809609,0.04455759701,0.06801811378,-617963491.3,188078066,26507402.11,2.054110846,-0.8983388595,3.623624482
4.840128543e-09,0.0008810443237,2.054013378,0.898935056,-0.0403079809,3.629502984,-2.067197472,0.1318409414,0.1293280253,1.758445668e-06,-0.01758571756,0.01758445668,3.632366012,0.02863028593,0.1136763399,-0.03803153465,0.04552892515,0.06902914642,-602773324.4,186428032.6,13706293.57,2.054013378,-0.8980540117,3.629502984
4.845130454e-09,0.0009128734682,2.054000199,0.8987553893,-0.03916703025,3.6336311,-2.067094221,0.1309402272,0.1293290578,1.821975057e-06,-0.01822102986,0.01821975057,3.636594021,0.02962920392,0.1136340598,-0.03685539031,0.04623279869,0.06976022369,-591588963.9,185205647.7,4248609.168,2.054000199,-0.8978425158,3.6336311
4.84803741e-09,0.0009315798874,2.054014706,0.8986479215,-0.03850352583,3.636004708,-2.067055156,0.1304044987,0.1293294484,1.859312201e-06,-0.0185944115,0.01859312201,3.63902704,0.03022332509,0.1136097296,-0.03617123395,0.04664583755,0.07018864474,-584953782.1,184478019.5,-1374076.441,2.054014706,-0.8977163416,3.636004708
4.850944367e-09,0.0009504323488,2.054045838,0.8985381623,-0.03783971745,3.638359186,-2.067031805,0.1298596759,0.1293296819,1.896940883e-06,-0.01897070816,0.01896940883,3.641441938,0.03082751828,0.1135855806,-0.03548663501,0.04706164884,0.07061952354,-578218740,183737798.5,-7089178.091,2.054045838,-0.89758773,3.638359186
4.853851323e-09,0.0009694248171,2.05409386,0.8984260721,-0.03717560806,3.640694241,-2.06702443,0.1293056995,0.1293297557,1.934849063e-06,-0.01934979936,0.01934849063,3.643838426,0.03144184993,0.1135616157,-0.03480160263,0.04748010852,0.07105273589,-571382817.1,182985036.4,-12898481.2,2.05409386,-0.8974566473,3.640694241
4.856792494e-09,0.0009887768413,2.054159911,0.8983102494,-0.03650337862,3.643036707,-2.067033494,0.1287358287,0.1293296651,1.973474954e-06,-0.01973606733,0.01973474954,3.646244086,0.03207379526,0.1135375591,-0.03410807582,0.04790605592,0.07149328902,-564363239.9,182210722.5,-18872433.88,2.054159911,-0.8973214725,3.643036707
4.859765142e-09,0.001008468014,2.054244801,0.8981906781,-0.03582364704,3.645383415,-2.067059823,0.1281502216,0.1293294018,2.012777827e-06,-0.02012910473,0.02012777827,3.648655733,0.03272317874,0.1135134427,-0.03340669514,0.04833903792,0.07194070525,-557162486,181415226.6,-25009265,2.054244801,-0.8971822101,3.645383415
4.862788408e-09,0.001028623018,2.05435013,0.8980664387,-0.0351320257,3.647748278,-2.067104595,0.1275446501,0.1293289541,2.053006547e-06,-0.02053140023,0.02053006547,3.651087747,0.03339468887,0.1134891225,-0.0326929362,0.04878178986,0.07239779904,-549729223.2,180592971.7,-31353103.57,2.05435013,-0.8970378157,3.647748278
4.865874993e-09,0.001049325424,2.05447774,0.8979368113,-0.03442559349,3.650139636,-2.067169335,0.1269159464,0.1293283067,2.094327926e-06,-0.02094462192,0.02094327926,3.65354882,0.03409183818,0.1134645118,-0.03196378669,0.0492361361,0.07286643549,-542025434.2,179739841.5,-37936923.65,2.05447774,-0.8968874858,3.650139636
4.869036698e-09,0.001070653514,2.054629824,0.8978010588,-0.0337016287,3.652564692,-2.067255919,0.1262609432,0.1293274408,2.136898218e-06,-0.02137033232,0.02136898218,3.656046505,0.03481813899,0.1134395349,-0.0312164397,0.0497037799,0.0733483484,-534013349.9,178851746.6,-44793638.04,2.054629824,-0.8967304053,3.652564692
4.872282998e-09,0.00109266996,2.054808844,0.8976584903,-0.03295793751,3.655028425,-2.067366522,0.1255767833,0.1293263348,2.180842522e-06,-0.02180978235,0.02180842522,3.658586101,0.03557675977,0.113414139,-0.03044863358,0.0501860785,0.07384490926,-525659228.5,177925049.9,-51952855.83,2.054808844,-0.8965658203,3.655028425
4.875621755e-09,0.00111542588,2.055017526,0.8975084348,-0.03219269006,3.657534189,-2.067503606,0.1248607969,0.1293249639,2.226262878e-06,-0.02226399235,0.02226262878,3.661171255,0.03637066169,0.1133882874,-0.02965848337,0.05068413395,0.07435722222,-516931822.8,176956403.8,-59442169.64,2.055017526,-0.8963930089,3.657534189
4.8790594e-09,0.001138961297,2.05525885,0.8973502366,-0.03140438084,3.660083875,-2.067669899,0.1241104847,0.129323301,2.273239178e-06,-0.02273376116,0.02273239178,3.663804137,0.03720261714,0.1133619586,-0.02884444061,0.05119880475,0.07488613719,-507802158.1,175942730.6,-67287328.09,2.05525885,-0.8962112753,3.660083875
4.882601195e-09,0.001163306258,2.055536039,0.8971832464,-0.03059176733,3.662678136,-2.067868387,0.123323479,0.1293213161,2.321831408e-06,-0.02321968852,0.02321831408,3.666485662,0.03807525327,0.1133351434,-0.02800523074,0.05173073193,0.07543227765,-498243039,174881171.6,-75512642.99,2.055536039,-0.8960199401,3.662678136
4.886251425e-09,0.001188481401,2.055852556,0.897006814,-0.02975382752,3.66531655,-2.068102308,0.12249752,0.1293189769,2.372080775e-06,-0.02372218641,0.02372080775,3.669215658,0.03899107882,0.1133078434,-0.02713980986,0.05228035306,0.07599605584,-488228742.6,173769055.6,-84141237.56,2.055852556,-0.8958183326,3.66531655
4.890013542e-09,0.001214498247,2.056212105,0.8968202837,-0.02888972662,3.667997738,-2.068375149,0.1216304387,0.1293162485,2.424010286e-06,-0.02424148473,0.02424010286,3.671992988,0.03995250271,0.1132800701,-0.02624733113,0.05284790991,0.07657768153,-477734805.3,172603877.6,-93195216.32,2.056212105,-0.8956057855,3.667997738
4.893890286e-09,0.00124135931,2.056618624,0.8966229889,-0.02799878911,3.670719474,-2.068690638,0.1207201448,0.1293130936,2.477624975e-06,-0.0247776337,0.02477624975,3.674815658,0.04096184811,0.1132518434,-0.02532711648,0.05343345259,0.07717716696,-466737862.1,171383280.5,-102695789.9,2.056618624,-0.8953816296,3.670719474
4.897883778e-09,0.001269057974,2.057076283,0.8964142489,-0.02708047811,3.673478755,-2.069052745,0.1197646214,0.1293094725,2.532911653e-06,-0.02533050126,0.02532911653,3.677680891,0.04202135846,0.1132231911,-0.02437863619,0.05403683824,0.0777943262,-455215572.9,170105046.5,-112663324.6,2.057076283,-0.895145191,3.673478755
4.901995589e-09,0.001297578233,2.057589484,0.8961933664,-0.02613437865,3.676271871,-2.069465677,0.1187619242,0.1293053432,2.589838386e-06,-0.02589976789,0.02589838386,3.680585191,0.04313319932,0.1131941481,-0.02340149231,0.05465772691,0.07842877171,-443146597.4,168767091.7,-123117350.2,2.057589484,-0.8948957882,3.676271871
4.906226799e-09,0.001326894291,2.058162855,0.8959596246,-0.02516018479,3.679094454,-2.069933873,0.1177101842,0.1293006613,2.648353707e-06,-0.02648491874,0.02648353707,3.683524399,0.04429945504,0.113164756,-0.02239540606,0.05529557459,0.07907990777,-430510625.8,167367465.9,-134076518.7,2.058162855,-0.8946327303,3.679094454
4.910578028e-09,0.001356970009,2.058801237,0.8957122869,-0.02415769164,3.681941512,-2.070461999,0.1166076177,0.12929538,2.708385504e-06,-0.02708523247,0.02708385504,3.686493723,0.04552211872,0.1131350628,-0.02136021052,0.05594962257,0.07974692036,-417288482.8,165904358.1,-145558498.1,2.058801237,-0.8943553169,3.681941512
4.915049464e-09,0.001387758269,2.05950968,0.8954505965,-0.02312678989,3.684807467,-2.071054934,0.1154525398,0.1292894507,2.769839749e-06,-0.02769976859,0.02769839749,3.689487775,0.04680307765,0.1131051223,-0.02029584562,0.05661888533,0.0804287654,-403462279.4,164376106.6,-157579824.6,2.05950968,-0.8940628383,3.684807467
4.919640858e-09,0.001419200206,2.060293422,0.8951737778,-0.02206746514,3.687686174,-2.071717761,0.1142433852,0.1292828224,2.832598971e-06,-0.02832735214,0.02832598971,3.692500583,0.04814409097,0.1130749942,-0.01920235837,0.0573021354,0.08112415397,-389015648.1,162781214.6,-170155679,2.060293422,-0.8937545775,3.687686174
4.924351516e-09,0.00145122434,2.061157863,0.8948810389,-0.02097980169,3.690570933,-2.072455737,0.1129787363,0.1292754426,2.896520518e-06,-0.02896655639,0.02896520518,3.695525609,0.04954675934,0.1130447439,-0.01807990738,0.05799788609,0.08183153541,-373934063.4,161118374.9,-183299588.8,2.061157863,-0.8934298146,3.690570933
4.929180251e-09,0.001483745619,2.062108532,0.8945715778,-0.01986399177,3.693454501,-2.073274268,0.1116573602,0.1292672573,2.961434651e-06,-0.02961568368,0.02961434651,3.698555749,0.05101248443,0.1130144425,-0.01692877316,0.0587043721,0.08254907824,-358205266.8,159386503.1,-197023035.8,2.062108532,-0.8930878322,3.693454501
4.934125321e-09,0.001516664394,2.063151035,0.8942445898,-0.01872035076,3.696329088,-2.074178861,0.1102782561,0.1292582114,3.027142499e-06,-0.03027274503,0.03027142499,3.70158333,0.05254241703,0.1129841667,-0.01574937433,0.05941952865,0.08327464962,-341819813.1,157584781.6,-211334956.3,2.063151035,-0.8927279254,3.696329088
4.939184326e-09,0.001549865317,2.064290987,0.8938992804,-0.01754934158,3.699186356,-2.075175058,0.1088407188,0.1292482494,3.093413849e-06,-0.03093543807,0.03093413849,3.704600095,0.05413738832,0.112953999,-0.01454229316,0.06014096844,0.08400579278,-324771788.3,155712720.9,-226241087.8,2.064290987,-0.8923494151,3.699186356
4.944354055e-09,0.001583216213,2.065533911,0.8935348832,-0.0163516093,3.702017406,-2.076268353,0.1073444176,0.1292373165,3.159984905e-06,-0.03160112456,0.03159984905,3.707597188,0.0557978219,0.1129240281,-0.0133083114,0.06086595788,0.08473970365,-307059728,153770241.2,-241743138.7,2.065533911,-0.891951667,3.702017406
4.949630289e-09,0.001616566982,2.06688511,0.8931506853,-0.01512802906,3.704812759,-2.07746406,0.1057894995,0.1292253594,3.226556093e-06,-0.03226680851,0.03226556093,3.710565121,0.05752362107,0.1128943488,-0.01204845939,0.06159139334,0.08547320778,-288687788,151757779.1,-257837733.3,2.06688511,-0.8915341183,3.704812759
4.955007514e-09,0.00164974858,2.068349477,0.8927460634,-0.01387977239,3.70756234,-2.078767149,0.1041767206,0.1292123285,3.292790025e-06,-0.03292911581,0.03292790025,3.713493742,0.05931402276,0.1128650626,-0.01076408348,0.06231377813,0.08620273813,-269667254.7,149676432.1,-274515056.3,2.068349477,-0.8910963148,3.70756234
4.960478554e-09,0.001682572234,2.069931244,0.8923205331,-0.01260839557,3.710255452,-2.080182006,0.1025076143,0.1291981799,3.358309924e-06,-0.03358427847,0.03358309924,3.716372193,0.06116741157,0.1128362781,-0.009456935395,0.06302920344,0.0869243171,-250018461.1,147528146.8,-291757140.1,2.069931244,-0.8906379608,3.710255452
4.966034079e-09,0.001714829055,2.071633646,0.8918738158,-0.01131595618,3.712880762,-2.081712116,0.100784703,0.1291828788,3.422698871e-06,-0.03422812712,0.03422698871,3.719188871,0.06308108346,0.1128081113,-0.008129289362,0.06373333641,0.08763354621,-229773208.1,145315965.6,-309535706.3,2.071633646,-0.8901589868,3.712880762
4.971661984e-09,0.001746290423,2.073458466,0.891405929,-0.01000516183,3.715426302,-2.083359642,0.09901176157,0.1291664036,3.485500544e-06,-0.03485609845,0.03485500544,3.721931397,0.06505095275,0.112780686,-0.006784090709,0.06442142246,0.08832561054,-208977751.5,143044339.3,-327809510.8,2.073458466,-0.8896596386,3.715426302
4.977346634e-09,0.001776709621,2.075405457,0.8909173007,-0.008679551343,3.717879505,-2.08512487,0.09719412919,0.1291487513,3.546222501e-06,-0.03546326798,0.03546222501,3.724586625,0.06707120227,0.1127541338,-0.005425135738,0.06508831208,0.08899530852,-187696344.7,140719510.3,-346521204.7,2.075405457,-0.889140591,3.717879505
4.983068018e-09,0.001805825515,2.077471627,0.8904089101,-0.007343699547,3.720227325,-2.087005533,0.09533905666,0.1291299447,3.604343505e-06,-0.03604442342,0.03604343505,3.727140714,0.06913389337,0.1127285929,-0.004057273128,0.06572852838,0.0896371234,-166015148.1,138349949.8,-365593879.2,2.077471627,-0.8886030846,3.720227325
4.988800899e-09,0.001833369138,2.079650417,0.8898824478,-0.006003425232,3.72245647,-2.088996022,0.09345605229,0.1291100398,3.65932668e-06,-0.03659419623,0.0365932668,3.729579328,0.07122857468,0.1127042067,-0.002686605532,0.06633639401,0.09024535528,-144046093.8,135946810.7,-384927666,2.079650417,-0.8880490787,3.72245647
4.994533779e-09,0.001859159412,2.081938884,0.8893385834,-0.004661359056,3.72456081,-2.091093943,0.09155059233,0.1290890606,3.710810574e-06,-0.03710897203,0.03710810574,3.731895738,0.0733492751,0.1126810426,-0.001315952389,0.06690813334,0.09081622416,-121853524.6,133515940.4,-404464327.3,2.081938884,-0.887479424,3.72456081
5.00026666e-09,0.001883077118,2.08433801,0.8887769913,-0.00331745048,3.726539177,-2.093300466,0.08962456469,0.1290669953,3.758557217e-06,-0.03758637122,0.03758557217,3.734088579,0.07549401814,0.1126591142,5.461540671e-05,0.06744131773,0.09134730154,-99459752.1,131058492.2,-424182501.8,2.08433801,-0.8868939142,3.726539177
5.00599954e-09,0.001905005607,2.086848655,0.8881973577,-0.001971651092,3.728390533,-2.095616652,0.08767996818,0.1290438335,3.802333767e-06,-0.03802406547,0.03802333767,3.736156604,0.07766070883,0.112638434,0.001425026968,0.06793356121,0.09183620161,-76888324.58,128575661.3,-444059672.4,2.086848655,-0.886292352,3.728390533
5.011732421e-09,0.001924831637,2.089471551,0.8875993816,-0.0006239153791,3.730113975,-2.098043442,0.0857189089,0.1290195656,3.84191418e-06,-0.03841979447,0.0384191418,3.738098689,0.07984713707,0.1126190131,0.00279521142,0.06838253598,0.09228059678,-54164002.85,126068693.5,-464072180.5,2.089471551,-0.88567455,3.730113975
5.017465301e-09,0.001942446258,2.092207294,0.8869827778,0.0007257984592,3.731708743,-2.100581654,0.08374359563,0.1289941835,3.877080972e-06,-0.03877138355,0.03877080972,3.739913841,0.082050982,0.1126008616,0.004165097899,0.0687859888,0.09267823404,-31312706.96,123538892.6,-484195282.1,2.092207294,-0.8850403315,3.731708743
5.023198182e-09,0.001957745744,2.095056341,0.8863472782,0.002077527643,3.733174222,-2.103231974,0.08175633438,0.1289676803,3.907627086e-06,-0.03907676234,0.03907627086,3.741601203,0.08426981709,0.112583988,0.005534615558,0.0691417583,0.0930269523,-8361455.975,120987628.7,-504403211.2,2.095056341,-0.8843895325,3.733174222
5.026811039e-09,0.00196615333,2.096910156,0.8859369669,0.002930436557,3.734031139,-2.104960046,0.08049890384,0.1289503995,3.924414056e-06,-0.03924457833,0.03924414056,3.742598608,0.08567468846,0.1125740139,0.006397463226,0.06934053338,0.09322064915,6143475.449,119369377.7,-517173256.9,2.096910156,-0.8839708135,3.734031139
5.030423896e-09,0.001973579722,2.098809145,0.8855189945,0.003784165199,3.73483644,-2.106732974,0.07923829094,0.1289326703,3.939242663e-06,-0.03939280958,0.03939242663,3.743544826,0.08708386407,0.1125645517,0.00726011856,0.06951906722,0.09339361414,20667130.83,117743614.2,-529955617,2.098809145,-0.8835454148,3.73483644
5.034089321e-09,0.001980089118,2.100781954,0.885087056,0.004651159334,3.735600649,-2.108577628,0.07795673587,0.1289142237,3.952241139e-06,-0.03952273753,0.03952241139,3.744452374,0.08851725499,0.1125554763,0.008135111111,0.06967903554,0.09354743137,35416710.47,116086863.1,-542933799.8,2.100781954,-0.8831069669,3.735600649
5.037841873e-09,0.001985661562,2.102849852,0.8846365696,0.00553964647,3.736327886,-2.110514122,0.07664270098,0.1288948588,3.963369702e-06,-0.03963396384,0.03963369702,3.745326672,0.08998785407,0.1125467333,0.009030658747,0.06982024554,0.09368182119,50523587.13,114383523.3,-556222481.6,2.102849852,-0.882650908,3.736327886
5.041684421e-09,0.001990201154,2.105017842,0.8841665445,0.00645037278,3.737014751,-2.112547421,0.07529579439,0.1288745258,3.972436938e-06,-0.03972457434,0.03972436938,3.746164372,0.09149620811,0.1125383563,0.009947408174,0.06994070787,0.09379475168,65991024.7,112632268.6,-569823684.2,2.105017842,-0.8821763433,3.737014751
5.04564206e-09,0.00199362111,2.107304119,0.8836731506,0.007389363825,3.737661063,-2.114694914,0.07390794324,0.1288530509,3.979269664e-06,-0.03979283681,0.03979269664,3.746966211,0.09305148502,0.1125303379,0.01089130212,0.07003876587,0.09388447261,81910138.97,110821645.1,-583816483.8,2.107304119,-0.8816795294,3.737661063
5.04973317e-09,0.001995795738,2.109724301,0.8831531578,0.008361074571,3.738264042,-2.116971658,0.07247357302,0.1288302834,3.983617021e-06,-0.03983624241,0.03983617021,3.747730051,0.09466008789,0.1125226995,0.0118666695,0.07011189856,0.09394836895,98342925.88,108943220.8,-598254127.9,2.109724301,-0.881157362,3.738264042
5.053976013e-09,0.001996569247,2.112295074,0.882603139,0.009369951418,3.73881957,-2.119393809,0.07098735403,0.1288060619,3.985168082e-06,-0.03985168159,0.03985168082,3.748452388,0.09632817998,0.1125154761,0.0128777986,0.07015694373,0.09398317162,115348106.2,106988635.2,-613186708.6,2.112295074,-0.8806065698,3.73881957
5.058386794e-09,0.001995754553,2.115033032,0.8820197158,0.01041997061,3.739321917,-2.121977526,0.06944494324,0.1287802247,3.983549438e-06,-0.03983542007,0.03983549438,3.749128002,0.09806085562,0.11250872,0.0139284733,0.07017005375,0.09398491762,132972623.1,104950544.1,-628653660.7,2.115033032,-0.8800239612,3.739321917
5.062980537e-09,0.001993134671,2.11795515,0.8813994517,0.01151484417,3.739763919,-2.124739425,0.06784274376,0.1287526058,3.978328001e-06,-0.03978312685,0.03978328001,3.74975016,0.09986241187,0.1125024984,0.01502218033,0.0701467232,0.09394897583,151254385.7,102822284.5,-644686137,2.11795515,-0.8794063171,3.739763919
5.067770885e-09,0.001988464136,2.12107861,0.8807388851,0.0126579689,3.740137004,-2.127696414,0.0661780469,0.1287230359,3.969013829e-06,-0.03968990245,0.03969013829,3.750310623,0.1017361909,0.1124968938,0.01616205929,0.07008180771,0.09387006651,170220632.6,100598044.7,-661305541.9,2.12107861,-0.878750421,3.740137004
5.072769002e-09,0.001981473289,2.124419987,0.8800346952,0.01385216065,3.740431209,-2.130864935,0.06444948405,0.1286913507,3.955068669e-06,-0.0395503644,0.03955068669,3.750799616,0.1036840718,0.1124920038,0.01735064038,0.06996959472,0.09374233578,189882783.3,98273465,-678519001.1,2.124419987,-0.8780532219,3.740431209
5.077981243e-09,0.001971879276,2.127993452,0.8792840737,0.01509908954,3.740635317,-2.13425924,0.06265788766,0.1286574076,3.935927923e-06,-0.03935886696,0.03935927923,3.751205867,0.1057054961,0.1124879413,0.01858928978,0.06980400489,0.09355956634,210226697.8,95846829.14,-696310853.5,2.127993452,-0.8773121944,3.740635317
5.083404647e-09,0.001959410825,2.131807135,0.8784854743,0.01639818742,3.740737301,-2.13788792,0.06080784196,0.1286211208,3.911050076e-06,-0.0391099955,0.03911050076,3.751516871,0.1077957036,0.1124848313,0.01987714081,0.06957906781,0.09331567348,231195245.4,93321277.35,-714627511,2.131807135,-0.8765260635,3.740737301
5.089021347e-09,0.00194385149,2.135858165,0.8776396306,0.0177452872,3.740725406,-2.141749112,0.05890946842,0.1285825089,3.88000301e-06,-0.03879942973,0.0388000301,3.751719774,0.1099436824,0.1124828023,0.0212097764,0.06928978407,0.09300559769,252668470.6,90707494.9,-733360389.4,2.135858165,-0.8756957791,3.740725406
5.094797218e-09,0.001925086776,2.140130178,0.8767500471,0.01913226849,3.740589905,-2.145828037,0.05697858837,0.1285417196,3.842558069e-06,-0.03842488436,0.03842558069,3.751803098,0.112131931,0.112481969,0.02257892403,0.06893311072,0.09262631208,274462400.6,88024342.95,-752345307,2.140130178,-0.8748249603,3.740589905
5.100689396e-09,0.001903120727,2.144597457,0.8758221196,0.02054883963,3.740324585,-2.150100837,0.05503379669,0.1284989916,3.798723175e-06,-0.03798644009,0.03798723175,3.751758557,0.1143397167,0.1124824144,0.02397425859,0.06850837923,0.09217722762,296362765.3,85295236.34,-771392364.9,2.144597457,-0.8739189988,3.740324585
5.106657462e-09,0.001878052024,2.149232806,0.8748614997,0.02198521767,3.739926964,-2.15454205,0.05309243321,0.1284545795,3.748695151e-06,-0.03748606657,0.03748695151,3.751581725,0.1165476126,0.1124841828,0.02538606222,0.06801689098,0.09165975026,318170757,82542762.75,-790326097.9,2.149232806,-0.8729834477,3.739926964
5.11266878e-09,0.001850042662,2.154012052,0.8738731801,0.02343342356,3.73939753,-2.159128922,0.05116870445,0.1284087108,3.69279722e-06,-0.0369269973,0.0369279722,3.751271494,0.1187396325,0.1124872851,0.02680648925,0.06746131373,0.09107665107,339724116.4,79786040.62,-809003862.7,2.154012052,-0.8720231375,3.73939753
5.11869856e-09,0.001819296909,2.158914856,0.8728613486,0.02488731288,3.738738876,-2.163842223,0.04927366799,0.1283615778,3.631436985e-06,-0.03631330943,0.03631436985,3.750829203,0.1209032659,0.112491708,0.02822957562,0.06684525478,0.09043163118,360897072.7,77040573.25,-827315687.5,2.158914856,-0.8710420517,3.738738876
5.124728652e-09,0.001786046094,2.163924493,0.8718294512,0.02634230133,3.737954955,-2.168666061,0.04741567365,0.1283133394,3.565076099e-06,-0.03564962036,0.03565076099,3.750257854,0.1230289951,0.1124974215,0.02965094863,0.06617294596,0.08972900446,381595141.4,74318724.24,-845179613.2,2.163924493,-0.8700434051,3.737954955
5.130758745e-09,0.0017504611,2.169038105,0.870778098,0.02779808027,3.737048516,-2.173597817,0.04559712589,0.1282640218,3.494055584e-06,-0.0349393409,0.03494055584,3.749559919,0.1251140346,0.1125044008,0.03107045261,0.06544744686,0.08897183328,401790725.6,71624713.28,-862572140.8,2.169038105,-0.8690276369,3.737048516
5.136788837e-09,0.001712727671,2.174252972,0.8697079056,0.02925439911,3.736022412,-2.178634986,0.04382013167,0.1282136501,3.418746136e-06,-0.03418617849,0.03418746136,3.748738002,0.1271559025,0.11251262,0.03248800594,0.0646721365,0.08816349807,421459803.2,68962651.11,-879473313.8,2.174252972,-0.8679951779,3.736022412
5.14281893e-09,0.00167304599,2.17956628,0.8686195455,0.03071099149,3.734879618,-2.183774938,0.04208658549,0.1281622506,3.339547279e-06,-0.03339412886,0.03339547279,3.74779485,0.1291523238,0.1125220515,0.03390352709,0.06385071194,0.08730769748,440580975.8,66336640.5,-895865857.7,2.17956628,-0.8669464995,3.734879618
5.148849022e-09,0.001631628384,2.184975128,0.8675137401,0.03216757715,3.733623215,-2.189014944,0.04039815784,0.1281098506,3.256882783e-06,-0.03256743003,0.03256882783,3.746733339,0.1311012439,0.1125326666,0.03531693464,0.06298714983,0.08640840984,459135623.7,63750733.17,-911735328.4,2.184975128,-0.8658821117,3.733623215
5.154879115e-09,0.001588696736,2.190476547,0.8663912569,0.03362386417,3.732256376,-2.194352176,0.0387562863,0.1280564782,3.171195501e-06,-0.03171051081,0.03171195501,3.74555646,0.1330008406,0.1125444354,0.03672814726,0.06208566175,0.08546984864,477108022.8,61208884.27,-927070191.3,2.190476547,-0.8648025602,3.732256376
5.160909207e-09,0.001544479672,2.196067516,0.8652529029,0.03507955154,3.730782352,-2.199783733,0.03716216976,0.1280021627,3.082941754e-06,-0.0308279346,0.03082941754,3.744267305,0.1348495325,0.1125573269,0.03813708376,0.06115064445,0.08449641263,494485421.1,58714905.81,-941861861.1,2.196067516,-0.8637084232,3.730782352
5.1669393e-09,0.001499209587,2.201744973,0.8640995175,0.03653433177,3.729204453,-2.20530665,0.03561676557,0.1279469335,2.9925854e-06,-0.02992434004,0.029925854,3.742869051,0.1366459848,0.1125713095,0.03954366306,0.06018662593,0.08349263202,511258073,56272420.09,-956104694.8,2.201744973,-0.8626003079,3.729204453
5.172969392e-09,0.0014531196,2.207505832,0.8629319658,0.03798789379,3.727526037,-2.210917911,0.03412079007,0.1278908209,2.900591745e-06,-0.02900438017,0.02900591745,3.741364948,0.138389112,0.1125863505,0.04094780423,0.05919820878,0.08246311175,527419229.8,53884814.81,-969795939.8,2.207505832,-0.8614788462,3.727526037
5.178999484e-09,0.001406440507,2.213346997,0.8617511309,0.03943992586,3.725750492,-2.216614469,0.03267472204,0.1278338553,2.807421473e-06,-0.02807266171,0.02807421473,3.7397583,0.1400780773,0.112602417,0.04234942647,0.05819001218,0.08141247358,542965085.3,51555201.24,-982935637,2.213346997,-0.8603446904,3.725750492
5.185029577e-09,0.001359397836,2.219265373,0.860557906,0.04089011844,3.723881224,-2.222393254,0.03127880938,0.1277760675,2.713524763e-06,-0.02713368622,0.02713524763,3.738052453,0.141712289,0.1126194755,0.04374844915,0.05716661431,0.08034529838,557894679.7,49286376.77,-995526481.7,2.219265373,-0.8591985082,3.723881224
5.191059669e-09,0.001312209085,2.225257885,0.8593531875,0.04233816699,3.72192164,-2.228251192,0.02993307837,0.1277174881,2.619335775e-06,-0.02619179499,0.02619335775,3.73625078,0.1432913942,0.1126374922,0.04514479183,0.05613249661,0.07926607047,572209763,47080793.29,-1007573649,2.225257885,-0.8580409784,3.72192164
5.197089762e-09,0.001265081219,2.23132148,0.8581378668,0.04378377462,3.719875138,-2.234185215,0.02863734558,0.1276581479,2.525267648e-06,-0.02525111903,0.02525267648,3.734356665,0.1448152697,0.1126564334,0.0465383742,0.05509199156,0.07817912537,585914623.7,44940532.22,-1019084584,2.23132148,-0.8568727856,3.719875138
5.203119854e-09,0.001218208491,2.237453149,0.8569128245,0.04522665441,3.71774509,-2.240192272,0.0273912318,0.1275980773,2.43170816e-06,-0.02431553566,0.0243170816,3.732373491,0.1462840097,0.1126762651,0.04792911618,0.05404923535,0.07708860248,599015887,42867287.2,-1030068773,2.237453149,-0.855694616,3.71774509
5.209149947e-09,0.001171770648,2.243649928,0.8556789233,0.04666653154,3.715534837,-2.246269346,0.02619417779,0.1275373065,2.339016137e-06,-0.02338863263,0.02339016137,3.730304628,0.1476979129,0.1126969537,0.04931693787,0.05300812666,0.07599840377,611522290.2,40862354.67,-1040537492,2.243649928,-0.8545071527,3.715534837
5.215180039e-09,0.001125931544,2.24990891,0.854437003,0.04810314495,3.713247673,-2.252413456,0.02504546124,0.1274758654,2.247518688e-06,-0.0224736805,0.02247518688,3.728153419,0.1490574663,0.1127184658,0.05070175957,0.05197229237,0.0749121596,623444441.6,38926632.49,-1050503548,2.24990891,-0.8533110714,3.713247673
5.221210132e-09,0.001080838184,2.256227254,0.8531878754,0.04953624876,3.710886839,-2.258621675,0.02394421457,0.1274137833,2.157509294e-06,-0.0215736135,0.02157509294,3.725923172,0.1503633291,0.1127407683,0.05208350181,0.05094506092,0.07383320196,634794570.6,37060626.45,-1059981018,2.256227254,-0.8521070373,3.710886839
5.227240224e-09,0.001036620194,2.262602187,0.8519323211,0.05096561314,3.708455515,-2.264891131,0.02288944321,0.1273510887,2.069246744e-06,-0.02069101894,0.02069246744,3.723617147,0.1516163149,0.1127638285,0.05346208531,0.0499294435,0.07276454572,645586274.9,35264463.97,-1068984996,2.262602187,-0.8508957009,3.708455515
5.233270317e-09,0.000993389687,2.269031015,0.850671086,0.0523910249,3.705956811,-2.271219019,0.02188004374,0.1272878098,1.982954877e-06,-0.01982813464,0.01982954877,3.721238549,0.1528173737,0.1127876145,0.05483743104,0.04892812296,0.07170887746,655834273.4,33537914.14,-1077531349,2.269031015,-0.8496776963,3.705956811
5.239300409e-09,0.0009512415057,2.275511122,0.8494048795,0.05381228768,3.703393763,-2.277602604,0.02091482175,0.127223974,1.898823055e-06,-0.01898685365,0.01898823055,3.71879052,0.153967574,0.1128120948,0.05620946019,0.04794345018,0.0706685519,665554168.1,31880413.18,-1085636485,2.275511122,-0.848453638,3.703393763
5.245330502e-09,0.0009102537805,2.282039976,0.8481343733,0.05522922182,3.700769325,-2.284039226,0.01999250897,0.1271596077,1.817007281e-06,-0.01816873546,0.01817007281,3.716276134,0.1550680849,0.1128372387,0.05757809417,0.04697744713,0.06964559491,674762221.4,30291094.01,-1093317153,2.282039976,-0.8472241195,3.700769325
5.251360594e-09,0.0008704887558,2.28861513,0.846860201,0.05664166385,3.698086372,-2.290526308,0.01911177944,0.1270947369,1.737631847e-06,-0.01737502248,0.01737631847,3.713698388,0.1561201594,0.1128630161,0.05894325465,0.04603181593,0.06864171253,683475151.8,28768818.8,-1100590254,2.28861513,-0.8459897122,3.698086372
5.257390687e-09,0.0008319938253,2.295234227,0.845582958,0.05804946587,3.69534769,-2.297061353,0.01827126453,0.1270293865,1.660791398e-06,-0.01660666068,0.01660791398,3.711060201,0.1571251176,0.112889398,0.06030486351,0.04510795283,0.06765830502,691709949.7,27312213.15,-1107472684,2.295234227,-0.8447509642,3.69534769
5.263420779e-09,0.0007948027166,2.301894993,0.8443032028,0.0594524946,3.692555976,-2.30364195,0.01746956668,0.1269635805,1.586553296e-06,-0.01586432327,0.01586553296,3.708364409,0.1580843321,0.1129163559,0.0616628429,0.04420696615,0.06669648473,699483715.6,25919700.95,-1113981197,2.301894993,-0.8435084001,3.692555976
5.269450872e-09,0.0007589367704,2.308595246,0.8430214577,0.06085063035,3.68971384,-2.310265773,0.01670527181,0.1268973423,1.514960179e-06,-0.01514843621,0.01514960179,3.705613762,0.1589992136,0.1129438624,0.06301711521,0.04332969716,0.065757097,706813521,24589538.75,-1120132291,2.308595246,-0.8422625209,3.68971384
5.275487243e-09,0.0007243710229,2.315339924,0.8417368737,0.0622452139,3.686820768,-2.316937546,0.01597622012,0.1268306245,1.445962246e-06,-0.01445850121,0.01445962246,3.702807976,0.1598720847,0.1129719202,0.06436900728,0.04247586755,0.06483980094,713723259.9,23318557.42,-1125948005,2.315339924,-0.8410125027,3.686820768
5.281540336e-09,0.0006910538792,2.322138885,0.8404476787,0.06363853247,3.683873927,-2.323666878,0.01527992987,0.1267633312,1.379456538e-06,-0.01379348845,0.01379456538,3.699944494,0.1607056714,0.1130005551,0.06572075841,0.04164451888,0.06394352516,720239248.1,22102908.28,-1131452310,2.322138885,-0.8397566248,3.683873927
5.28761709e-09,0.0006589525415,2.328998319,0.8391528163,0.06503204447,3.680871861,-2.330459772,0.01461452332,0.1266954023,1.315377611e-06,-0.01315274328,0.01315377611,3.69702206,0.1615019916,0.1130297794,0.06707380097,0.0408351299,0.06306766533,726381461.5,20939695.87,-1136663771,2.328998319,-0.8384938638,3.680871861
5.293724777e-09,0.0006280311008,2.335924998,0.8378511363,0.06642726751,3.677812707,-2.337322821,0.01397823055,0.1266267718,1.253653807e-06,-0.01253554894,0.01253653807,3.694039002,0.1622629465,0.11305961,0.06842962143,0.04004707845,0.06221150665,732168328.8,19826129.81,-1141599603,2.335924998,-0.8372231052,3.677812707
5.299869567e-09,0.0005982584898,2.342924614,0.8365417069,0.06782544816,3.674694942,-2.344261567,0.01336952888,0.1265573843,1.194223132e-06,-0.01194128533,0.01194223132,3.690993958,0.1629901516,0.1130900604,0.0697894403,0.03927984283,0.06137444132,737615503.2,18759782.77,-1146274645,2.342924614,-0.8359434484,3.674694942
5.306057402e-09,0.0005696039637,2.350002747,0.8352236328,0.06922776332,3.671516985,-2.35128145,0.01278702727,0.1264871855,1.137024233e-06,-0.01136933879,0.01137024233,3.687885492,0.163685073,0.1131211451,0.0711544078,0.0385328896,0.06055584729,742736992.4,17738400.17,-1150702324,2.350002747,-0.8346540288,3.671516985
5.312293786e-09,0.0005420382818,2.357164604,0.833896104,0.0706352727,3.668277327,-2.358387551,0.01222947265,0.1264161245,1.081998755e-06,-0.01081912566,0.01081998755,3.684712229,0.1643490191,0.1131528777,0.07252555795,0.03780570504,0.05975512233,747545153.2,16759921.3,-1154894662,2.357164604,-0.8333540657,3.668277327
5.318584034e-09,0.0005155326841,2.364415275,0.8325583472,0.07204897385,3.664974435,-2.365584847,0.01169571388,0.1263441515,1.029089304e-06,-0.0102900719,0.01029089304,3.681472754,0.1649831818,0.1131852725,0.07390386232,0.03709776956,0.05897165602,752051057.6,15822424.77,-1158862596,2.364415275,-0.8320428145,3.664974435
5.324933281e-09,0.0004900589943,2.371759743,0.8312096263,0.07346980464,3.661606758,-2.372878212,0.01118469115,0.1262712179,9.782396462e-07,-0.009781615093,0.009782396462,3.678165623,0.1655886485,0.1132183438,0.07529023269,0.03640856095,0.05820483292,756264622.2,14924117.13,-1162616096,2.371759743,-0.8307195673,3.661606758
5.33134658e-09,0.0004655893711,2.379202973,0.8298492253,0.07489866402,3.658172693,-2.380272515,0.0106954202,0.1261972748,9.293942171e-07,-0.009293199537,0.009293942171,3.674789335,0.1661664197,0.1132521066,0.07668554142,0.03573754807,0.05745402524,760194775.6,14063311.24,-1166164314,2.379202973,-0.8293836359,3.658172693
5.337828942e-09,0.0004420963087,2.386749956,0.828476442,0.07633641997,3.654670577,-2.387772655,0.01022698312,0.1261222735,8.824981198e-07,-0.008824276211,0.008824981198,3.671342319,0.1667174193,0.1132865768,0.07809062952,0.03508419096,0.05671859246,763849560.9,13238415.34,-1169515684,2.386749956,-0.8280343457,3.654670577
5.344385388e-09,0.0004195525981,2.394405759,0.8270905806,0.07778391965,3.65109867,-2.395383611,0.009778519632,0.1260461639,8.374970486e-07,-0.008374302021,0.008374970486,3.66782292,0.1672425038,0.1133217708,0.07950631664,0.03444793982,0.05599787962,767236228.8,12447922.11,-1172678008,2.394405759,-0.826671028,3.65109867
5.351020987e-09,0.0003979313509,2.402175557,0.8256909465,0.07924199545,3.647455142,-2.40311048,0.009349220822,0.1259688952,7.94337337e-07,-0.007942740271,0.00794337337,3.664229388,0.1677424694,0.1133577061,0.08093340723,0.03382823557,0.05529121737,770361305.5,11690401.27,-1175658522,2.402175557,-0.8252930151,3.647455142
5.357740882e-09,0.000377206023,2.410064668,0.8242768426,0.08071147054,3.643738066,-2.4109585,0.008938323727,0.125890415,7.529660046e-07,-0.00752906114,0.007529660046,3.660559872,0.1682180569,0.1133944013,0.08237269606,0.03322451036,0.05459792193,773230649.4,10964493.15,-1178463955,2.410064668,-0.8238996365,3.643738066
5.364550322e-09,0.0003573504577,2.418078574,0.8228475667,0.08219316223,3.639945414,-2.418933085,0.008545107138,0.1258106692,7.133308435e-07,-0.007132742537,0.007133308435,3.65681241,0.1686699565,0.1134318759,0.08382497166,0.03263618866,0.05391729567,775849494.1,10268903.75,-1181100576,2.418078574,-0.8224902163,3.639945414
5.371454675e-09,0.0003383389351,2.426222942,0.821402411,0.08368788377,3.636075045,-2.42703983,0.00816888821,0.1257296017,6.753805172e-07,-0.006753271091,0.006753805172,3.652984927,0.1690988108,0.1134701507,0.0852910182,0.03206268856,0.05324862795,778222483.8,9602400.914,-1183574226,2.426222942,-0.821064072,3.636075045
5.378459449e-09,0.0003201462106,2.434503634,0.8199406608,0.08519644567,3.632124712,-2.435284536,0.007809019444,0.1256471546,6.390646375e-07,-0.00639014292,0.006390646375,3.649075234,0.1695052175,0.1135092477,0.08677161681,0.03150342271,0.05259119566,780353701.7,8963810.655,-1185890358,2.434503634,-0.8196205146,3.632124712
5.385570296e-09,0.0003027475735,2.442926713,0.8184615978,0.08671965387,3.628092058,-2.443673201,0.007464886564,0.125563268,6.043338806e-07,-0.006042864792,0.006043338806,3.645081031,0.1698897314,0.1135491897,0.08826754387,0.03095780007,0.05194426462,782246692.7,8352014.803,-1188054062,2.442926713,-0.8181588502,3.628092058
5.39279301e-09,0.0002861188846,2.451498438,0.8169645022,0.08825830755,3.623974624,-2.452212028,0.007135906454,0.1254778797,5.711400641e-07,-0.005710954891,0.005711400641,3.640999911,0.1702528661,0.1135900009,0.08977956891,0.0304252271,0.0513070905,783904483.2,7765948.473,-1190070087,2.451498438,-0.8166783834,3.623974624
5.400133522e-09,0.0002702366239,2.46022525,0.8154486586,0.08981319411,3.619769864,-2.460907403,0.00682152564,0.125390926,5.394362402e-07,-0.005393943753,0.005394362402,3.636829374,0.1705950952,0.1136317063,0.09130844958,0.02990510935,0.05067892031,785329599.2,7204598.285,-1191942865,2.46022525,-0.8151784219,3.619769864
5.40759788e-09,0.0002550779303,2.469113746,0.813913363,0.09138508194,3.615475158,-2.469765868,0.00652121898,0.1253023413,5.091767771e-07,-0.005091375071,0.005091767771,3.632566844,0.1709168534,0.1136743316,0.0928549246,0.02939685321,0.05005899417,786524083.4,6667000.804,-1193676527,2.469113746,-0.8136582851,3.615475158
5.415192212e-09,0.0002406206397,2.478170628,0.8123579341,0.09297471033,3.611087841,-2.478794077,0.006234488596,0.1252120592,4.803174328e-07,-0.004802806445,0.004803174328,3.628209695,0.1712185376,0.1137179031,0.09441970372,0.02889986774,0.04944654739,787489515.1,6152241.272,-1195274924,2.478170628,-0.8121173135,3.611087841
5.422922677e-09,0.0002268433239,2.487402645,0.8107817271,0.09458277523,3.606605241,-2.487998731,0.005960863111,0.1251200127,4.528154351e-07,-0.00452781017,0.004528154351,3.623755291,0.1715005075,0.1137624471,0.09600345358,0.02841356706,0.04884081357,788227032.6,5659452.825,-1196741644,2.487402645,-0.8105548838,3.606605241
5.430795387e-09,0.0002137253258,2.496816487,0.8091841529,0.09620991075,3.60202473,-2.497386477,0.005699897009,0.1250261352,4.266295498e-07,-0.004265973925,0.004266295498,3.619201039,0.1717630868,0.1138079896,0.09760677941,0.0279373731,0.04824102834,788737363.2,5187815.891,-1198080028,2.496816487,-0.8089704276,3.60202473
5.4388163e-09,0.0002012467951,2.50641866,0.8075647027,0.09785666453,3.597343799,-2.506963777,0.005451170256,0.1249303622,4.01720154e-07,-0.004016901499,0.00401720154,3.614544456,0.1720065643,0.1138545554,0.09923020049,0.02747071919,0.04764643467,789020862.5,4736558.083,-1199293192,2.50641866,-0.8073634559,3.597343799
5.446991068e-09,0.0001893887289,2.516215295,0.8059229812,0.09952346515,3.59256015,-2.516736723,0.005214288176,0.1248326328,3.780493155e-07,-0.003780213592,0.003780493155,3.60978327,0.1722311956,0.1139021673,0.1008741179,0.02701305472,0.04705629011,789077569,4304954.611,-1200384048,2.516215295,-0.8057335925,3.59256015
5.45532484e-09,0.00017813301,2.526211901,0.8042587487,0.1012105805,3.587671828,-2.526710789,0.004988881481,0.1247328921,3.555808699e-07,-0.003555548582,0.003555808699,3.604915549,0.172437205,0.1139508445,0.102538773,0.02656385116,0.04646987643,788907278.7,3892329.1,-1201355329,2.526211901,-0.8040806157,3.587671828
5.463821984e-09,0.0001674624486,2.536413036,0.8025719751,0.1029180637,3.582677387,-2.536890496,0.004774606534,0.124631095,3.342805044e-07,-0.003342563361,0.003342805044,3.599939866,0.172624789,0.1140006013,0.1042241942,0.02612260982,0.04588651264,788509648.8,3498055.043,-1202209626,2.536413036,-0.8024045127,3.582677387
5.472485728e-09,0.0001573608284,2.546821861,0.8008629099,0.1046456847,3.577576116,-2.547278976,0.004571145851,0.1245272102,3.141158489e-07,-0.00314093425,0.003141158489,3.594855528,0.1727941203,0.1140514447,0.1059301283,0.02568887216,0.04530557244,787884339.7,3121557.943,-1202949424,2.546821861,-0.8007055491,3.577576116
5.481317683e-09,0.0001478129589,2.557439564,0.799132171,0.1063928411,3.572368326,-2.557877385,0.004378208899,0.1244212261,2.950565811e-07,-0.002950358046,0.002950565811,3.589662862,0.1729453543,0.1141033714,0.1076559528,0.02526223335,0.04472650768,787031208.7,2762318.392,-1203577154,2.557439564,-0.798984358,3.572368326
5.490317215e-09,0.0001388047269,2.568264601,0.7973808571,0.1081584482,3.567055729,-2.568684154,0.004195533027,0.1243131585,2.77074529e-07,-0.002770553048,0.00277074529,3.584363592,0.1730786378,0.1141563641,0.1094005661,0.02484235966,0.04414887901,785950571.8,2419875.879,-1204095266,2.568264601,-0.7972420524,3.567055729
5.499480632e-09,0.0001303231617,2.57929171,0.79561069,0.1099407973,3.561641919,-2.579693998,0.004022884826,0.12420306,2.601438009e-07,-0.002601260358,0.002601438009,3.578961332,0.1731941209,0.1142103867,0.1111622479,0.02442901153,0.0435723968,784643555.7,2093834.036,-1204506312,2.57929171,-0.7954803668,3.561641919
5.50880013e-09,0.0001223565061,2.590510644,0.7938241928,0.1117373806,3.556133001,-2.59089665,0.003860061778,0.1240910335,2.442409278e-07,-0.002442245304,0.002442409278,3.573462198,0.1732919734,0.114265378,0.1129384843,0.02402207326,0.04299697446,783112565,1783867.226,-1204813057,2.590510644,-0.7937018363,3.556133001
5.518262407e-09,0.0001148943233,2.601904505,0.7920249177,0.1135446656,3.550538389,-2.602275195,0.003706894774,0.1239772481,2.293450758e-07,-0.002293299564,0.002293450758,3.56787563,0.173372407,0.1143212437,0.1147257452,0.02362159278,0.04242279968,781361904,1489729.788,-1205018627,2.601904505,-0.7919100234,3.550538389
5.527846853e-09,0.0001079276571,2.613447564,0.7902177386,0.1153578068,3.544871871,-2.613803889,0.003563251916,0.1238619611,2.154383671e-07,-0.002154244375,0.002154383671,3.562215441,0.1734357035,0.1143778456,0.1165191985,0.02322783471,0.04185042975,779398601.2,1211269.035,-1205126691,2.613447564,-0.7901098109,3.544871871
5.537523035e-09,0.0001014493404,2.625102251,0.7884092479,0.1171702538,3.539153046,-2.625445156,0.003429045553,0.1237455484,2.025064946e-07,-0.002024936678,0.002025064946,3.556501272,0.1734822533,0.1144349873,0.1183123216,0.02284135577,0.04128092513,777233528.9,948446.18,-1205141696,2.625102251,-0.7883077986,3.539153046
5.547247061e-09,9.545460726e-05,2.636814798,0.7866083333,0.1189731817,3.533409426,-2.637145222,0.003304245901,0.1236285478,1.905399447e-07,-0.001905281346,0.001905399447,3.550760686,0.173512605,0.1144923931,0.1200963376,0.02246311806,0.04071604711,774882982.4,701372.5157,-1205069186,2.636814798,-0.7865128787,3.533409426
5.556971088e-09,8.993403414e-05,2.648526716,0.7848243088,0.1207573687,3.527670733,-2.648845589,0.003188733995,0.1235115441,1.79519906e-07,-0.001795090285,0.00179519906,3.545023488,0.1735275459,0.1145497651,0.1218620737,0.02209410091,0.04015770156,772366987.7,470025.0771,-1204915947,2.648526716,-0.7847343748,3.527670733
5.566695115e-09,8.484836629e-05,2.660237213,0.7830574978,0.1225225989,3.521938317,-2.66054539,0.003081767782,0.1233945461,1.693680187e-07,-0.001693579965,0.001693680187,3.539291122,0.1735280555,0.1146070888,0.12360927,0.02173342258,0.03960503548,769694598.6,253151.6486,-1204688488,2.660237213,-0.7829726494,3.521938317
5.576419141e-09,8.016158648e-05,2.671945561,0.7813082159,0.1242686556,3.516213439,-2.672243828,0.002982666421,0.1232775617,1.600123859e-07,-0.001600031482,0.001600123859,3.533564943,0.1735150391,0.1146643506,0.1253376692,0.02138027227,0.0390572672,766874210.1,49604.86795,-1204392772,2.671945561,-0.7812280543,3.516213439
5.586143168e-09,7.584067011e-05,2.683651091,0.7795767716,0.1259953218,3.510497284,-2.683940171,0.00289080522,0.1231605983,1.513870843e-07,-0.001513785661,0.001513870843,3.527846218,0.1734893335,0.1147215378,0.127047017,0.02103390508,0.03851368129,763913611.1,-141666.6629,-1204034270,2.683651091,-0.7795009309,3.510497284
5.595867194e-09,7.185534612e-05,2.695353185,0.7778634666,0.1277023802,3.504790963,-2.695633746,0.002805610959,0.1230436625,1.434316871e-07,-0.001434238289,0.001434316871,3.522136134,0.1734517127,0.1147786387,0.128737062,0.02069363716,0.03797362379,760820032.9,-321626.5179,-1203618005,2.695353185,-0.7777916112,3.504790963
5.606266196e-09,6.793347926e-05,2.707863117,0.7760516412,0.1295059884,3.498700608,-2.708135246,0.002721285623,0.1229186475,1.356029658e-07,-0.001355957526,0.001356029658,3.516040518,0.1733991049,0.1148395948,0.130522778,0.02033579085,0.03739930949,757372178.8,-502559.148,-1203114188,2.707863117,-0.7759837077,3.498700608
5.617013097e-09,6.421740945e-05,2.720786085,0.7742017281,0.1313458314,3.49242084,-2.721050175,0.002640894056,0.1227894983,1.281850547e-07,-0.001281784488,0.001281850547,3.509754053,0.1733321357,0.1149024595,0.1323444216,0.01997180436,0.03680859998,753665335.2,-678060.5884,-1202535080,2.720786085,-0.7741375106,3.49242084
5.628331383e-09,6.064039426e-05,2.734389412,0.77227863,0.1332566866,3.485824293,-2.734645713,0.002563008238,0.1226535429,1.210447249e-07,-0.001210386991,0.001210447249,3.503149158,0.1732486484,0.1149685084,0.1342363921,0.01959411021,0.03618886297,749612013.5,-851349.6491,-1201866647,2.734389412,-0.7722179896,3.485824293
5.640227668e-09,5.721754511e-05,2.748679263,0.7702856257,0.1352351147,3.478911239,-2.748928059,0.002487967167,0.1225107194,1.142121414e-07,-0.001142066659,0.001142121414,3.496225991,0.1731475132,0.1150377401,0.1361952432,0.01920257057,0.03553936231,745195514.3,-1021852.86,-1201105252,2.748679263,-0.7702284081,3.478911239
5.65280157e-09,5.393760932e-05,2.763773188,0.7682111679,0.1372923727,3.471628691,-2.764014741,0.002415536599,0.1223598526,1.076648421e-07,-0.00107659889,0.001076648421,3.488931363,0.1730267174,0.1151106864,0.1382320702,0.01879394937,0.03485418668,740363187.5,-1190300.624,-1200241233,2.763773188,-0.7681572303,3.471628691
5.66611313e-09,5.080403665e-05,2.779740712,0.7660515429,0.1394318987,3.463947841,-2.779975293,0.002345806749,0.1222002471,1.014097133e-07,-0.001014052539,0.001014097133,3.481236277,0.1728843561,0.1151876372,0.1403502144,0.0183663137,0.03412948127,735073979.1,-1356720.601,-1199266837,2.779740712,-0.7660007389,3.463947841
5.680242e-09,4.781726465e-05,2.796674344,0.7638011432,0.1416589662,3.455829885,-2.796902225,0.002278805947,0.1220309777,9.544762864e-08,-0.0009544363404,0.0009544762864,3.473101699,0.1727181363,0.115268983,0.1425548193,0.01791706262,0.03336018506,729276446.3,-1521305.708,-1198172564,2.796674344,-0.7637533259,3.455829885
5.695265714e-09,4.498003025e-05,2.814663383,0.7614563002,0.1439768782,3.447238887,-2.814884845,0.00221461993,0.1218511516,8.978405162e-08,-0.000897804924,0.0008978405162,3.464491444,0.1725255776,0.1153550856,0.144849059,0.01744361624,0.03254118616,722916934.7,-1684130.163,-1196948716,2.814663383,-0.7614113202,3.447238887
5.711271991e-09,4.229428383e-05,2.833808544,0.7590136118,0.1463886183,3.438135026,-2.834023877,0.002153324691,0.1216597612,8.442287561e-08,-0.0008441972192,0.0008442287561,3.455365413,0.1723038644,0.1154463459,0.1472357686,0.0169430044,0.03166662046,715934399.9,-1845304.166,-1195584534,2.833808544,-0.7589713175,3.438135026
5.728357233e-09,3.976152094e-05,2.854219986,0.7564706054,0.1488961835,3.428475922,-2.854429486,0.002094995238,0.1214557051,7.936708607e-08,-0.0007936430771,0.0007936708607,3.445680905,0.1720498352,0.1155431909,0.1497167786,0.01641190076,0.03072992002,708260590.6,-2004948.743,-1194068314,2.854219986,-0.7564308439,3.428475922
5.746630963e-09,3.738209304e-05,2.876022409,0.7538255946,0.1515007123,3.418214674,-2.876226378,0.00203969115,0.1212377362,7.461738463e-08,-0.0007461495131,0.0007461738463,3.435390663,0.1717598866,0.1156460934,0.1522930358,0.0158464696,0.02972353332,699817599.1,-2163229.681,-1192387026,2.876022409,-0.7537882125,3.418214674
5.766218386e-09,3.515505373e-05,2.899357829,0.7510780042,0.1542021448,3.407299173,-2.899556575,0.001987454201,0.1210044343,7.017188221e-08,-0.0007016976369,0.0007017188221,3.424442162,0.1714298863,0.1157555784,0.1549642585,0.01524227281,0.02863874255,690516022.7,-2320361.995,-1190526058,2.899357829,-0.7510428491,3.407299173
5.787264459e-09,3.307793266e-05,2.924390089,0.7482287001,0.1569988716,3.395670789,-2.92458392,0.00193830437,0.1207541608,6.602564766e-08,-0.0006602381403,0.0006602564766,3.412776294,0.1710550486,0.1158722371,0.1577285781,0.01459413023,0.02746539176,680252251.7,-2476619.309,-1188468801,2.924390089,-0.7481956222,3.395670789
5.809938526e-09,3.11466055e-05,2.951309907,0.7452805524,0.1598871445,3.383263077,-2.951499131,0.001892238319,0.1204850087,6.217044817e-08,-0.000621688701,0.0006217044817,3.400326055,0.170629781,0.1159967394,0.1605819427,0.01389596369,0.0261915767,668905263.6,-2632336.604,-1186196153,2.951309907,-0.7452494058,3.383263077
5.834440406e-09,2.935516952e-05,2.980341493,0.7422392274,0.1628602498,3.370000149,-2.980526416,0.001849228485,0.1201947358,5.859450108e-08,-0.0005859315004,0.0005859450108,3.387014897,0.1701474845,0.116129851,0.1635172797,0.01314059853,0.02480324811,656332469.3,-2787910.555,-1183685873,2.980341493,-0.7422098722,3.370000149
5.861008366e-09,2.769582258e-05,3.011751199,0.7391143314,0.1659073191,3.355794626,-3.011932121,0.001809223132,0.1198806788,5.528223218e-08,-0.000552810807,0.0005528223218,3.372754655,0.1696002906,0.1162724534,0.1665232947,0.01231951108,0.02328370344,642364325.4,-2943795.592,-1180911710,3.011751199,-0.7390866356,3.355794626
5.889930748e-09,2.615867905e-05,3.045860152,0.7359209741,0.1690117012,3.340544573,-3.046037367,0.001772146423,0.1195396263,5.221390841e-08,-0.0005221293028,0.0005221390841,3.357442443,0.1689786929,0.1164255756,0.1695828249,0.0114224731,0.02161287161,626796736.9,-3100498.533,-1177842139,3.045860152,-0.7358948154,3.340544573
5.921560182e-09,2.473163492e-05,3.083059483,0.7326823007,0.1721483469,3.324130404,-3.083233273,0.001737902395,0.1191676673,4.936536863e-08,-0.000493645391,0.0004936536863,3.340957512,0.1682710827,0.1165904249,0.1726702036,0.01043713422,0.0197664599,609381751.6,-3258554.753,-1174438802,3.083059483,-0.732657569,3.324130404
5.956333322e-09,2.340011305e-05,3.123831378,0.7294332682,0.1752799179,3.306410876,-3.124002016,0.001706380804,0.1187599798,4.670751517e-08,-0.0004670681106,0.0004670751517,3.323157188,0.1674631195,0.1167684281,0.1757473413,0.009348469088,0.01771481893,589815050.4,-3418488.399,-1170654345,3.123831378,-0.7294098681,3.306410876
5.994790671e-09,2.214685663e-05,3.168769261,0.7262270413,0.1783502599,3.287221901,-3.168937008,0.001677472303,0.1183106299,4.420590167e-08,-0.0004420530146,0.0004420590167,3.303875607,0.1665370647,0.1169612439,0.1787571747,0.008138295944,0.01542190571,567723634.8,-3580711.853,-1166430251,3.168769261,-0.7262048945,3.287221901
6.037560231e-09,2.095243182e-05,3.218554684,0.7231472485,0.1812721386,3.26639652,-3.218719795,0.001651112062,0.117812802,4.182173649e-08,-0.0004182122017,0.0004182173649,3.282943724,0.1654720423,0.1171705628,0.1816114431,0.006786089132,0.01284667551,542676337.8,-3745215.827,-1161698724,3.218554684,-0.7231262961,3.26639652
6.085146794e-09,1.979893245e-05,3.273708937,0.7203319888,0.1839040178,3.2438773,-3.273871677,0.001627398611,0.1172612832,3.951927779e-08,-0.0003951882634,0.0003951927779,3.260302263,0.1642496272,0.1173969774,0.184167831,0.005276264275,0.009956908596,514316770.4,-3910596.12,-1156406380,3.273708937,-0.7203121898,3.2438773
6.137255905e-09,1.86794431e-05,3.333815648,0.7179986022,0.186028213,3.220020429,-3.333976326,0.00160677404,0.1166602367,3.728472209e-08,-0.0003728431675,0.0003728472209,3.236307736,0.1628730621,0.1176369226,0.1862092474,0.003620688685,0.006772746072,482797032.2,-4072123.83,-1150590221,3.333815648,-0.7179799228,3.220020429
6.192593476e-09,1.759370152e-05,3.397314197,0.7163882036,0.1874079239,3.195618652,-3.397473178,0.001589811039,0.1160252682,3.511754536e-08,-0.0003511716796,0.0003511754536,3.211756255,0.1613760363,0.1178824374,0.1875012175,0.001865872075,0.003381742817,448946113,-4222574.11,-1144400274,3.397314197,-0.7163706099,3.195618652
6.250012106e-09,1.652629437e-05,3.462838429,0.7156688533,0.187879799,3.171327343,-3.462996109,0.001576800123,0.1153700389,3.298698075e-08,-0.0003298661478,0.0003298698075,3.187306677,0.1597933374,0.1181269332,0.1878826029,5.607810681e-05,-0.0001314953722,413582439.2,-4356576.684,-1137969671,3.462838429,-0.715652327,3.171327343
6.308555124e-09,1.545264268e-05,3.529265472,0.7159357306,0.187353354,3.147646274,-3.529422273,0.001568007071,0.1147057773,3.084396765e-08,-0.0003084359743,0.0003084396765,3.163462073,0.1581579928,0.1183653793,0.1872648911,-0.001769256892,-0.003690557585,377456953.4,-4470554.314,-1131407367,3.529265472,-0.715920278,3.147646274
6.368726211e-09,1.431575738e-05,3.597139228,0.7172595558,0.1857564545,3.124452189,-3.597295611,0.001563826768,0.1140270439,2.857475744e-08,-0.0002857436524,0.0002857475744,3.140098562,0.1564637308,0.1185990144,0.1855756875,-0.003615340947,-0.007305551712,340444985.8,-4564335.733,-1124654163,3.597139228,-0.71724524,3.124452189
6.430732183e-09,1.304817749e-05,3.666657068,0.7197271795,0.1830021721,3.101763124,-3.666813612,0.001565448264,0.1133318639,2.604470372e-08,-0.0002604426557,0.0002604470372,3.117234432,0.1547130809,0.1188276557,0.1827283589,-0.00547626261,-0.01096494174,302629586.8,-4636944.148,-1117677498,3.666657068,-0.7197141314,3.101763124
6.493863442e-09,1.15706624e-05,3.73699089,0.72337298,0.179060447,3.079917882,-3.737148385,0.001574951656,0.1126285162,2.309565244e-08,-0.0002309513349,0.0002309565244,3.095211389,0.1529350645,0.1190478861,0.178694544,-0.007318061348,-0.01460129301,264669784.1,-4687344.785,-1110538283,3.73699089,-0.7233614093,3.079917882
6.55751818e-09,9.755635945e-06,3.80744932,0.7281814961,0.1739506922,3.059159726,-3.807608876,0.001595553921,0.1119239112,1.947297956e-08,-0.0001947232593,0.0001947297956,3.074275249,0.1511552307,0.1192572475,0.1734950826,-0.009112191777,-0.01815617462,227143761.1,-4717207.473,-1103271919,3.80744932,-0.7281717405,3.059159726
6.621172917e-09,7.398413637e-06,3.877441204,0.7340938854,0.1677351476,3.039655889,-3.877604429,0.001632249467,0.1112239557,1.47681652e-08,-0.0001476729094,0.000147681652,3.054595382,0.1493949257,0.1194540462,0.1671933471,-0.01083600828,-0.02158069882,190542618.4,-4731789.372,-1095885249,3.877441204,-0.734086487,3.039655889
6.684827655e-09,4.144024248e-06,3.946956037,0.7410689895,0.160455291,3.021384375,-3.94712537,0.001693323887,0.1105287463,8.272740918e-09,-8.271503013e-05,8.272740918e-05,3.03615013,0.147657557,0.1196384987,0.1598310179,-0.01248546172,-0.02486002045,155003073.7,-4741445.347,-1088292665,3.946956037,-0.7410648454,3.021384375
6.748482392e-09,-6.033811734e-07,4.01597601,0.7490575434,0.1521595787,3.004323172,-4.016155257,0.001792465422,0.1098384474,-1.202514648e-09,1.204357318e-05,-1.202514648e-05,3.018917311,0.1459413933,0.1198108269,0.1514565015,-0.01406154483,-0.02798480423,120603551.2,-4764428.639,-1080352828,4.01597601,-0.7490581467,3.004323172
6.802972424e-09,-6.608472076e-06,4.07464353,0.756657374,0.1442928733,2.990666377,-4.074835977,0.001924470197,0.1092516402,-1.318790978e-08,0.0001319056833,-0.0001318790978,3.005114552,0.1444817523,0.1199488545,0.1435249134,-0.01535919786,-0.03053630192,92053352.56,-4818321.408,-1073106196,4.07464353,-0.7566639825,2.990666377
6.843234396e-09,-1.28086159e-05,4.117728239,0.7626980955,0.138050505,2.981134062,-4.117934596,0.002063567515,0.108820654,-2.556256258e-08,0.0002556610668,-0.0002556256258,2.995474112,0.1434005018,0.1200452589,0.1372357411,-0.01629527863,-0.03235259182,71437417.26,-4897977.173,-1067345206,4.117728239,-0.7627109042,2.981134062
6.878186817e-09,-1.99182672e-05,4.154934402,0.7682187136,0.132349749,2.973245138,-4.155156835,0.002224335438,0.1084484316,-3.975241933e-08,0.0003975702955,-0.0003975241933,2.987490328,0.1424518973,0.1201250967,0.1314947499,-0.01709998128,-0.03388759806,53805953.14,-5011341.904,-1061945423,4.154934402,-0.7682386318,2.973245138
6.908239285e-09,-2.775105837e-05,4.186766084,0.7731597138,0.1272482724,2.966752679,-4.187006266,0.002401821679,0.1081299373,-5.538553137e-08,0.0005539134568,-0.0005538553137,2.980914842,0.1416216266,0.1201908516,0.1263586255,-0.0177929379,-0.035182233,38778419.68,-5155884.409,-1056908597,4.186766084,-0.7731874648,2.966752679
6.934147874e-09,-3.614507145e-05,4.214080494,0.7775557254,0.1227081722,2.961375217,-4.214339692,0.002591973424,0.1078566031,-7.213873799e-08,0.0007214586542,-0.0007213873799,2.975464077,0.1408886037,0.1202453592,0.1217883103,-0.01839723773,-0.03628508356,25861520.01,-5327511.533,-1052191088,4.214080494,-0.7775918705,2.961375217
6.956561352e-09,-4.492889171e-05,4.237606058,0.7814549638,0.1186786631,2.956891448,-4.237885131,0.002790731413,0.1076211487,-8.966992575e-08,0.0008967844357,-0.0008966992575,2.970915075,0.1402362729,0.1202908493,0.117732151,-0.01893024356,-0.03723389925,14664708.72,-5521011.435,-1047762351,4.237606058,-0.7814998927,2.956891448
6.975731038e-09,-5.37897968e-05,4.257643748,0.7848568853,0.1151601348,2.95318402,-4.257942846,0.00299098622,0.1074205715,-1.073549521e-07,0.001073648837,-0.001073549521,2.967150097,0.1396607674,0.120328499,0.1141902543,-0.01939760997,-0.03804524168,5030795.538,-5727355.427,-1043666568,4.257643748,-0.7849106751,2.95318402
6.990935833e-09,-6.184928501e-05,4.273478241,0.7875968262,0.1123236042,2.950329495,-4.273795537,0.003172962482,0.1072620446,-1.234404629e-07,0.001234516891,-0.001234404629,2.964248494,0.1391899938,0.1203575151,0.1113346817,-0.01977844954,-0.03869113223,-2675707.079,-5922851.173,-1040182110,4.273478241,-0.7876586755,2.950329495
7.006140629e-09,-7.095570594e-05,4.289256915,0.7903717083,0.10944787,2.947553538,-4.289594751,0.003378356223,0.1071040525,-1.416154997e-07,0.001416281809,-0.001416154997,2.961423946,0.1387040729,0.1203857605,0.1084393387,-0.02017062655,-0.03934137371,-10464902.16,-6151075.194,-1036457238,4.289256915,-0.790442664,2.947553538
7.021345425e-09,-8.124314868e-05,4.304975756,0.793179675,0.1065341219,2.944858795,-4.305336782,0.003610259711,0.1069466322,-1.62147678e-07,0.00162162002,-0.00162147678,2.958678832,0.138200368,0.1204132117,0.1055052944,-0.02057654892,-0.03999828239,-18363264.11,-6416757.685,-1032460856,4.304975756,-0.7932609182,2.944858795
7.03655022e-09,-9.286332392e-05,4.320630214,0.7960187463,0.1035835788,2.942248367,-4.32101743,0.003872162187,0.1067898257,-1.853397921e-07,0.001853559683,-0.001853397921,2.956015956,0.1376758875,0.1204398404,0.102533632,-0.02099893538,-0.04066448735,-26400960.31,-6725263.019,-1028156735,4.320630214,-0.7961116096,2.942248367
7.051755016e-09,-0.000105984839,4.336215137,0.7988868089,0.1005974892,2.939725877,-4.336631936,0.004167996014,0.1066336806,-2.115283609e-07,0.002115466213,-0.002115283609,2.953438602,0.1371272449,0.120465614,0.09952544801,-0.02144082323,-0.04134293882,-34612319.07,-7082639.68,-1023504095,4.336215137,-0.7989927938,2.939725877
7.066959812e-09,-0.0001207940089,4.351724699,0.8017816049,0.09757713102,2.937295534,-4.352174917,0.004502183561,0.1064782508,-2.410852467e-07,0.002411058472,-0.002410852467,2.950950596,0.136550617,0.120490494,0.09648185187,-0.02190558299,-0.04203692296,-43036244.2,-7495685.474,-1018457045,4.351724699,-0.8019023989,2.937295534
7.082164607e-09,-0.0001374954832,4.367152315,0.8047007186,0.09452381232,2.934962205,-4.367640284,0.004879686029,0.1063235972,-2.744189079e-07,0.002744421285,-0.002744189079,2.948556375,0.1359417,0.1205144363,0.09340396579,-0.02239693055,-0.04275007397,-51716670.1,-7972015.733,-1012964081,4.367152315,-0.804838214,2.934962205
7.095585512e-09,-0.0001539846744,4.380695898,0.8072954973,0.09180240112,2.932987697,-4.381221229,0.005253308255,0.1061877877,-3.07328893e-07,0.003073546911,-0.00307328893,2.946525051,0.1353735481,0.1205347495,0.09065960442,-0.02285593401,-0.04339862896,-59631020.25,-8451780.07,-1007700447,4.380695898,-0.8074494819,2.932987697
7.109006416e-09,-0.0001722897523,4.39416414,0.809905309,0.08905729141,2.931097516,-4.394731062,0.005669217244,0.1060526894,-3.438631595e-07,0.003438917784,-0.003438631595,2.944574796,0.1347727976,0.120554252,0.08789019861,-0.02334185601,-0.04406820654,-67821548.84,-8993939.367,-1001999494,4.39416414,-0.8100775987,2.931097516
7.12242732e-09,-0.0001925844975,4.407550695,0.8125281405,0.08628943852,2.929296601,-4.408163901,0.006132055804,0.105918361,-3.843685501e-07,0.003844002579,-0.003843685501,2.94271014,0.134135392,0.1205728986,0.08509654304,-0.02385790959,-0.04476196907,-76329912.78,-9605549.494,-995814315.6,4.407550695,-0.812720725,2.929296601
7.134310447e-09,-0.0002123609913,4.419329594,0.8148596002,0.08382052409,2.927780977,-4.419988104,0.006585101757,0.105800119,-4.238396117e-07,0.004238743034,-0.004238396117,2.941134663,0.1335368605,0.1205886534,0.08260338892,-0.02434270343,-0.04539910685,-84165214.24,-10211213.31,-989892742.5,4.419329594,-0.8150719612,2.927780977
7.146193573e-09,-0.0002339792769,4.431033579,0.817198017,0.08133522608,2.926343942,-4.431741852,0.007082727073,0.1056825815,-4.669866872e-07,0.004670245805,-0.004669866872,2.939634218,0.1329027614,0.1206036578,0.0800924125,-0.0248562716,-0.04606028548,-92320133.23,-10883143.91,-983509029.6,4.431033579,-0.8174319963,2.926343942
7.158076699e-09,-0.0002575757708,4.442656788,0.8195417388,0.07883423625,2.924990202,-4.443419693,0.007629043572,0.1055658031,-5.140820489e-07,0.005141233776,-0.005140820489,2.93821315,0.1322294849,0.1206178685,0.07756417816,-0.0254011618,-0.04674802091,-100831869.2,-11627535.77,-976622090.4,4.442656788,-0.8197993146,2.924990202
7.169959825e-09,-0.000283291157,4.45419283,0.8218890269,0.07631825289,2.923724931,-4.455015675,0.008228452095,0.1054498433,-5.654064998e-07,0.00565451501,-0.005654064998,2.936876247,0.1315131581,0.1206312375,0.075019254,-0.02597997765,-0.047464886,-109740419.6,-12451001.6,-969185933.3,4.45419283,-0.822172318,2.923724931
7.180478065e-09,-0.0003079333635,4.46432556,0.8239682188,0.07407930878,2.922683336,-4.465206267,0.00880707461,0.1053479373,-6.145890819e-07,0.006146375489,-0.006145890819,2.935767323,0.1308398707,0.1206423268,0.07275317204,-0.02652273492,-0.04812581113,-117990934.7,-13251532.2,-962108576.5,4.46432556,-0.8242761521,2.922683336
7.190996305e-09,-0.0003344454903,4.474379347,0.8260474511,0.07182965733,2.921719764,-4.475322788,0.009434410203,0.1052467721,-6.675038727e-07,0.006675559729,-0.006675038727,2.934732422,0.1301265738,0.1206526758,0.0704748606,-0.02709593455,-0.048813378,-126617458.6,-14124644.97,-954524838.8,4.474379347,-0.8263818966,2.921719764
7.201514544e-09,-0.0003629212404,4.484348595,0.828125349,0.0695697878,2.920838832,-4.485360004,0.01011408673,0.1051464,-7.243378956e-07,0.007243938051,-0.007243378956,2.933775838,0.1293700692,0.1206622416,0.06818472046,-0.02770134678,-0.04952933771,-135652922.8,-15075757.66,-946399532.5,4.484348595,-0.8284882702,2.920838832
7.212032784e-09,-0.0003934514451,4.494227309,0.8302004842,0.06730018784,2.920045507,-4.495312298,0.01084989241,0.105046877,-7.852724596e-07,0.007853323452,-0.007852724596,2.932902208,0.1285670074,0.1206709779,0.06588315438,-0.02834066933,-0.05027536957,-145131978.2,-16110498.49,-937692905.1,4.494227309,-0.8305939356,2.920045507
7.222551024e-09,-0.0004261210803,4.504009075,0.8322713773,0.06502134158,2.91934513,-4.505173653,0.01164577155,0.1049482635,-8.504771909e-07,0.008505412062,-0.008504771909,2.93211652,0.1277138987,0.1206788348,0.06357056698,-0.0290154919,-0.05105304556,-155090738.3,-17234716.06,-928364064.6,4.504009075,-0.8326974984,2.91934513
7.231963752e-09,-0.0004572362067,4.512674952,0.8341197584,0.06297456631,2.918801843,-4.51391618,0.01241227903,0.1048608382,-9.125794033e-07,0.009126472546,-0.009125794033,2.931492349,0.1269050575,0.1206850765,0.06149203018,-0.02965072259,-0.05177703606,-164439804.1,-18321727.19,-919456426.1,4.512674952,-0.8345769946,2.918801843
7.24137648e-09,-0.0004901746696,4.521252514,0.8359623921,0.06092110661,2.918341933,-4.522575831,0.01323316743,0.1047742417,-9.783209393e-07,0.009783926973,-0.009783209393,2.93094699,0.1260505708,0.1206905301,0.05940528508,-0.03031643044,-0.05252839052,-174230946.6,-19489621.03,-909982355.1,4.521252514,-0.8364525668,2.918341933
7.250789209e-09,-0.0005249765567,4.529736273,0.837798123,0.0588612942,2.917970021,-4.531147424,0.01411151826,0.1046885258,-1.047781809e-06,0.0104785755,-0.01047781809,2.930484792,0.1251477138,0.1206951521,0.05731062527,-0.03101337853,-0.05330786071,-184491884.7,-20743041.17,-899913856.9,4.529736273,-0.8383230996,2.917970021
7.260201937e-09,-0.0005616724806,4.538120444,0.8396257702,0.05679545263,2.917690985,-4.539625489,0.01505045089,0.1046037451,-1.12102314e-06,0.01121102915,-0.0112102314,2.930110356,0.1241937179,0.1206988964,0.05520834535,-0.03174214564,-0.05411601467,-195251152.5,-22086643.94,-889218072.9,4.538120444,-0.8401874426,2.917690985
7.269614666e-09,-0.0006002816201,4.546398954,0.8414441294,0.05472389567,2.917509965,-4.548004266,0.01605311341,0.1045199573,-1.198083237e-06,0.01198167074,-0.01198083237,2.929828544,0.1231857887,0.1207017146,0.05309874093,-0.03250309486,-0.05495320523,-206537511.6,-23525149.93,-877862673.2,4.546398954,-0.842044411,2.917509965
7.279027394e-09,-0.0006408101038,4.554565437,0.8432519766,0.05264692564,2.91743236,-4.556277703,0.01712265934,0.104437223,-1.278974364e-06,0.01279062259,-0.01278974364,2.929644473,0.122121126,0.1207035553,0.05098210854,-0.03329634197,-0.05581953834,-218379700.6,-25063325.32,-865815302.6,4.554565437,-0.8438927867,2.91743236
7.288440122e-09,-0.0006832492959,4.562613238,0.8450480703,0.05056483174,2.917463825,-4.56443946,0.01826222272,0.1043556054,-1.363679316e-06,0.01363771233,-0.01363679316,2.92956352,0.1209969471,0.1207043648,0.04885874565,-0.03412172195,-0.05671483968,-230806187.5,-26705960.63,-853043936.9,4.562613238,-0.8457313196,2.917463825
7.297852851e-09,-0.0007275740513,4.57053542,0.8468311556,0.04847788826,2.917610267,-4.572482909,0.01947488994,0.1042751709,-1.452147941e-06,0.01452243807,-0.01452147941,2.929591318,0.1198105119,0.1207040868,0.04672895053,-0.03497875459,-0.0576386202,-243844885.7,-28457847.1,-839517186.5,4.57053542,-0.8475587297,2.917610267
7.307265579e-09,-0.0007737409779,4.578324773,0.8485999674,0.04638635281,2.917877833,-4.58040114,0.02076366881,0.1041959886,-1.544293667e-06,0.01544393369,-0.01544293667,2.929733748,0.1185591521,0.1207026625,0.04459302231,-0.03586660992,-0.05859004157,-257522839.8,-30323751.24,-825204641.5,4.578324773,-0.8493737083,2.917877833
7.316678308e-09,-0.0008216867432,4.585973829,0.8503532341,0.04429046456,2.918272901,-4.588186974,0.02213145464,0.1041181303,-1.639990128e-06,0.01640093506,-0.01639990128,2.929996931,0.1172403018,0.1207000307,0.04245126086,-0.03678407409,-0.05956788208,-271865880.4,-32308387.4,-810077246.3,4.585973829,-0.8511749208,2.918272901
7.326091036e-09,-0.0008713264598,4.593474872,0.8520896821,0.04219044259,2.918802067,-4.595832972,0.02358099371,0.1040416703,-1.739067934e-06,0.01739174784,-0.01739067934,2.93038722,0.1158515313,0.1206961278,0.04030396676,-0.03772951662,-0.06057050386,-286898251.1,-34416388.26,-794107703.9,4.593474872,-0.8529610085,2.918802067
7.334556617e-09,-0.0009173461221,4.600088164,0.853635955,0.04029837663,2.919398125,-4.602583825,0.0249566099,0.1039741618,-1.830920562e-06,0.01831030403,-0.01830920562,2.930852215,0.1145409014,0.1206914778,0.0383682653,-0.03860222674,-0.06149190273,-301023559.6,-36422143.97,-779014430.8,4.600088164,-0.8545533011,2.919398125
7.343022198e-09,-0.0009645472323,4.606569404,0.8551666802,0.03840325139,2.92011321,-4.609209616,0.02640211347,0.1039079038,-1.925131704e-06,0.01925244201,-0.01925131704,2.931430247,0.1131703783,0.1206856975,0.03642855188,-0.03949399013,-0.062429759,-315741127.3,-38534033.2,-763192542.6,4.606569404,-0.8561312274,2.92011321
7.351487779e-09,-0.00101282163,4.612912563,0.8566809379,0.03650517946,2.920952483,-4.615704468,0.02791905277,0.1038429553,-2.021485412e-06,0.02021600289,-0.02021485412,2.932126346,0.1117386311,0.1206787365,0.03448504649,-0.04040265926,-0.06338192023,-331061555.8,-40755565.31,-746640312.1,4.612912563,-0.8576937596,2.920952483
7.359953361e-09,-0.001062041672,4.619111515,0.8581778191,0.03460425696,2.921921191,-4.62206239,0.02950875009,0.1037793761,-2.119726957e-06,0.02119843889,-0.02119726957,2.932945642,0.1102445127,0.1206705436,0.03253796948,-0.04132574962,-0.06434589785,-346995379.4,-43089694.33,-729343449.2,4.619111515,-0.8592398607,2.921921191
7.368418942e-09,-0.001112061116,4.625160064,0.8596564258,0.03270056269,2.923024642,-4.628277294,0.03117230257,0.1037172271,-2.219564481e-06,0.02219683103,-0.02219564481,2.933893351,0.1086870869,0.1206610665,0.03058754152,-0.04226042345,-0.06531885033,-363550869.2,-45539194.89,-711292503.5,4.625160064,-0.860768487,2.923024642
7.376884523e-09,-0.001162715429,4.631051958,0.8611158739,0.03079415783,2.924268185,-4.634343013,0.03291055166,0.1036565699,-2.320669617e-06,0.0232078952,-0.02320669617,2.934974751,0.1070656545,0.1206502525,0.0286339836,-0.04320348474,-0.0662975782,-380733618.5,-48106637.73,-692480705.1,4.631051958,-0.8622785893,2.924268185
7.385350104e-09,-0.001213821903,4.636780921,0.8625552939,0.02888508589,2.925657189,-4.640253326,0.03472405594,0.1035974667,-2.422677721e-06,0.02422798451,-0.02422677721,2.936195167,0.105379779,0.1206380483,0.02667751697,-0.04415137855,-0.06727852334,-398546279.5,-50794361.11,-672904484,4.636780921,-0.8637691158,2.925657189
7.393815685e-09,-0.001265179839,4.642340679,0.8639738333,0.02697337285,2.927197011,-4.646001985,0.03661306388,0.1035399801,-2.525188236e-06,0.02525309302,-0.02525188236,2.937559942,0.1036293123,0.1206244006,0.02471836316,-0.04510019382,-0.06825777181,-416988289.8,-53604437.17,-652563721.9,4.642340679,-0.8652390131,2.927197011
7.402281266e-09,-0.001316570899,4.64772499,0.8653706582,0.02505902742,2.928892973,-4.651582739,0.03857748735,0.1034841726,-2.627765401e-06,0.02627886267,-0.02627765401,2.939074415,0.1018144205,0.1206092558,0.02275674391,-0.0460456701,-0.06923106057,-436055606,-56538633.22,-631462031.7,4.64772499,-0.8666872291,2.928892973
7.410746847e-09,-0.001367759671,4.652927677,0.8667449551,0.02314204164,2.930750332,-4.656989364,0.04061687593,0.1034301064,-2.729939369e-06,0.02730059463,-0.02729939369,2.940743893,0.0999356073,0.1205925611,0.0207928812,-0.04698320893,-0.07019378885,-455740447.8,-59598367.44,-609607022.9,4.652927677,-0.8681127148,2.930750332
7.419212429e-09,-0.001418494472,4.657942658,0.8680959321,0.02122239167,2.932774245,-4.662215697,0.04273039261,0.103377843,-2.831207817e-06,0.02831326528,-0.02831207817,2.942573619,0.09799373802,0.1205742638,0.01882699715,-0.04790789027,-0.07114103456,-476031055.4,-62784658.68,-587010553.1,4.657942658,-0.8695144266,2.932774245
7.42767801e-09,-0.001468508419,4.662763989,0.8694228208,0.01930003881,2.934969736,-4.667255668,0.04491679115,0.1033274433,-2.931038077e-06,0.02931154761,-0.02931038077,2.944568742,0.09599006033,0.1205543126,0.01685931408,-0.04881449455,-0.07206757637,-496911466.2,-66098069.6,-563688958.7,4.662763989,-0.8708913292,2.934969736
7.436143591e-09,-0.001517520775,4.667385895,0.8707248772,0.01737493097,2.937341666,-4.672103335,0.04717439571,0.1032789667,-3.028869829e-06,0.03028983811,-0.03028869829,2.946734288,0.09392622388,0.1205326571,0.01489005443,-0.04969753088,-0.07296792187,-518361316.1,-69538642.75,-539663260.7,4.667385895,-0.872242398,2.937341666
7.444609172e-09,-0.001565238606,4.671802813,0.8720013837,0.01544700434,2.939894687,-4.676752921,0.04950108292,0.1032324708,-3.124118398e-06,0.03124228976,-0.03124118398,2.949075117,0.09180429695,0.1205092488,0.01291944075,-0.05055127173,-0.0738363423,-540355669.2,-73105828.94,-514959340.7,4.671802813,-0.8735666223,2.939894687
7.453074753e-09,-0.001611358745,4.676009429,0.8732516496,0.01351618543,2.942633216,-4.681198856,0.05189426729,0.1031880114,-3.216178683e-06,0.03216285133,-0.03216178683,2.951595894,0.08962678006,0.1204840411,0.0109476957,-0.05136979456,-0.0746669141,-562864883.3,-76798407.76,-489608082.2,4.676009429,-0.8748630084,2.942633216
7.461540334e-09,-0.0016555701,4.680000722,0.8744750133,0.01158239355,2.945561388,-4.685435811,0.05435089001,0.1031456419,-3.304429754e-06,0.0330453134,-0.03304429754,2.954301049,0.08739661602,0.1204569895,0.008975042016,-0.05214703072,-0.07545356784,-585854515.4,-80614399.97,-463645469.9,4.680000722,-0.8761305834,2.945561388
7.470005916e-09,-0.001697556299,4.683771998,0.8756708428,0.009645543568,2.948683022,-4.68945874,0.0568674121,0.1031054126,-3.388240145e-06,0.03388336117,-0.03388240145,2.957194742,0.08511719578,0.1204280526,0.007001702473,-0.05287682189,-0.07619014467,-609285275,-84550972.2,-437112644.6,4.683771998,-0.8773683991,2.948683022
7.478471497e-09,-0.001736998706,4.687318941,0.8768385377,0.007705549112,2.952001584,-4.693262923,0.05943981213,0.1030673708,-3.466973854e-06,0.03467063464,-0.03466973854,2.96028082,0.08279235949,0.1203971918,0.005027899899,-0.05355298426,-0.07687046045,-633113029.7,-88604334.63,-410055904.1,4.687318941,-0.8785755364,2.952001584
7.486937078e-09,-0.001773579789,4.690637645,0.8779775308,0.00576232616,2.955520147,-4.696844003,0.06206358922,0.10303156,-3.53999708e-06,0.03540079585,-0.0353999708,2.963562787,0.08042639233,0.1203643721,0.003053857133,-0.05416938054,-0.07748837777,-657288871.3,-92769633.06,-382526646.9,4.690637645,-0.8797511106,2.955520147
7.495402659e-09,-0.00180698686,4.693724653,0.8790872897,0.003815797,2.959241358,-4.700198031,0.06473377185,0.1029980197,-3.606685675e-06,0.03606760349,-0.03606685675,2.967043759,0.07802401443,0.1203295624,0.001079797017,-0.05471999965,-0.07803788564,-681759247.4,-97040837.44,-354581251.3,4.693724653,-0.8808942765,2.959241358
7.503905635e-09,-0.001837039462,4.696589078,0.880172024,0.001857273292,2.9631852,-4.703334777,0.06745699416,0.1029666522,-3.666679467e-06,0.03666745565,-0.03666679467,2.970743155,0.07557955305,0.1202925684,-0.0009027759955,-0.05520098576,-0.07851510615,-706575761.7,-101430093.8,-326154753.1,4.696589078,-0.8820090635,2.9631852
7.512597622e-09,-0.001863824309,4.699269912,0.8812493939,-0.0001483591645,2.967432074,-4.706297643,0.07027730614,0.1029370236,-3.720151688e-06,0.03720208316,-0.03720151688,2.974737473,0.07305398883,0.1202526253,-0.002928969693,-0.05561221058,-0.07891973772,-732124957,-106010336.5,-296794201.4,4.699269912,-0.8831132182,2.967432074
7.521586295e-09,-0.001887028207,4.701777193,0.8823295948,-0.002226285195,2.972054231,-4.709099751,0.07322558459,0.1029090025,-3.766477308e-06,0.0376652346,-0.03766477308,2.979096282,0.07042051358,0.1202090372,-0.005023591862,-0.05594613333,-0.07924392509,-758663038.8,-110834591.2,-266191393.2,4.701777193,-0.8842166231,2.972054231
7.531131452e-09,-0.001906336097,4.704142993,0.8834384048,-0.004437127769,2.977219685,-4.71178128,0.07638287335,0.1028821872,-3.805027798e-06,0.03805062138,-0.03805027798,2.983980496,0.06760810981,0.120160195,-0.007246780797,-0.05619306056,-0.0794772682,-786881903.9,-116039189.3,-233523656,4.704142993,-0.8853447409,2.977219685
7.541183605e-09,-0.001920406982,4.706303177,0.8845630021,-0.006770106733,2.982945755,-4.714275825,0.07972647968,0.1028572418,-3.83312642e-06,0.03833147711,-0.0383312642,2.989409631,0.0646387577,0.1201059037,-0.009586475333,-0.056327372,-0.07959366079,-816529502.9,-121590430.4,-199054919.7,4.706303177,-0.8864834091,2.982945755
7.551235758e-09,-0.001927776739,4.708123765,0.8856429394,-0.009107786212,2.988964288,-4.716431474,0.08307709209,0.1028356853,-3.847849994e-06,0.03847857777,-0.03847849994,2.99513157,0.06167281575,0.1200486843,-0.01192418242,-0.05632792421,-0.07957258935,-845982965.2,-127188564.5,-164652261,4.708123765,-0.8875707161,2.988964288
7.561287911e-09,-0.001928222961,4.70960628,0.8866779128,-0.01144996066,2.995272902,-4.718248494,0.08642214753,0.1028175151,-3.848754491e-06,0.03848748414,-0.03848754491,3.001145093,0.05872190617,0.1199885491,-0.0142595298,-0.05619138291,-0.07941072233,-875115162.7,-132803518.2,-130447694.3,4.70960628,-0.8886061358,2.995272902
7.569954381e-09,-0.001922949768,4.710615164,0.8875339848,-0.01347264758,3.000942031,-4.719544347,0.08929183664,0.1028045565,-3.838241238e-06,0.03838223054,-0.03838241238,3.006561916,0.05619885319,0.1199343808,-0.01627077196,-0.05596248749,-0.07915702278,-899880335.7,-137633058.4,-101217080.8,4.710615164,-0.8894569345,3.000942031
7.577575417e-09,-0.001913956679,4.711298418,0.8882590364,-0.01525371346,3.006100939,-4.720478184,0.09179766056,0.1027952182,-3.820301593e-06,0.03820272754,-0.03820301593,3.011501193,0.0540025352,0.1198849881,-0.0180375317,-0.05567636478,-0.07884681755,-921317380.1,-141852151.7,-75789637.7,4.711298418,-0.8901729931,3.006100939
7.584349362e-09,-0.00190256348,4.711747366,0.8888817072,-0.01683849533,3.010820799,-4.721148002,0.09400635397,0.10278852,-3.797570037e-06,0.03797531821,-0.03797570037,3.016028015,0.05207216573,0.1198397198,-0.01960630961,-0.05535628561,-0.07850355027,-940059534.3,-145567131.8,-53454502.6,4.711747366,-0.8907842707,3.010820799
7.590358683e-09,-0.001889813714,4.712022392,0.8894169626,-0.01824557068,3.015112126,-4.721617178,0.09594786064,0.1027838282,-3.77212957e-06,0.03772083169,-0.0377212957,3.020150102,0.05037976837,0.119798499,-0.02099664925,-0.05502157136,-0.07814686215,-956409644.1,-148825442.2,-33884892.02,4.712022392,-0.8913067763,3.015112126
7.595601607e-09,-0.001876697151,4.71216885,0.8898708409,-0.01947398838,3.018934988,-4.721931439,0.0976258956,0.1027806856,-3.745955791e-06,0.03745902391,-0.03745955791,3.023827041,0.04892052721,0.1197617296,-0.02220856434,-0.05469151922,-0.07779656171,-970442434.5,-151632857.4,-17021206.19,4.71216885,-0.8917475381,3.018934988
7.599534862e-09,-0.001865662283,4.712222179,0.8902033485,-0.0203959719,3.021850457,-4.722109577,0.09887398362,0.1027789042,-3.723935241e-06,0.03723876696,-0.03723935241,3.026634191,0.04783734276,0.1197336581,-0.02311703472,-0.05442125628,-0.07751045008,-980818541.9,-153713888,-4508966.489,4.712222179,-0.8920690108,3.021850457
7.601997386e-09,-0.001858241901,4.712231125,0.8904080481,-0.02097336648,3.023696276,-4.722196158,0.09965033134,0.1027780384,-3.709127259e-06,0.03709065548,-0.03709127259,3.028412729,0.04716452809,0.1197158727,-0.02368548632,-0.05424239665,-0.07732138077,-987245264.1,-155004673.1,3259766.523,4.712231125,-0.89226629,3.023696276
7.604459909e-09,-0.001850433836,4.712221394,0.8906100791,-0.02155087113,3.025557742,-4.722263653,0.1004225885,0.1027773635,-3.693545412e-06,0.03693480581,-0.03693545412,3.030207342,0.04649600206,0.1196979266,-0.02425368378,-0.05405625292,-0.07712480634,-993616171.8,-156285462.2,10975769.86,4.712221394,-0.8924605129,3.025557742
7.606968723e-09,-0.001842086263,4.712192401,0.890813171,-0.02213933216,3.02747016,-4.7223129,0.1012049847,0.102776871,-3.676886713e-06,0.03676818753,-0.03676886713,3.032052107,0.04581946768,0.1196794789,-0.02483229506,-0.05385925785,-0.07691695727,-1000048643,-157579462.6,18781912.01,4.712192401,-0.8926552573,3.02747016
7.609534985e-09,-0.001833144164,4.71214296,0.8910180647,-0.02274135966,3.029442897,-4.722343015,0.1020005496,0.1027765698,-3.659041351e-06,0.03658970245,-0.03659041351,3.033956132,0.04513235355,0.1196604387,-0.02542387113,-0.05365022934,-0.07669658903,-1006566057,-158891140.8,26707586.36,4.71214296,-0.8928512089,3.029442897
7.612163167e-09,-0.001823571161,4.712071743,0.891224926,-0.02335799379,3.031480401,-4.722352758,0.1028101492,0.1027764724,-3.639936714e-06,0.03639862449,-0.03639936714,3.035923797,0.04443396821,0.119640762,-0.02602941615,-0.05342844723,-0.07646294508,-1013173798,-160221293.8,34760576.2,4.712071743,-0.8930484972,3.031480401
7.614867567e-09,-0.001813290823,4.711976889,0.8914346543,-0.02399257867,3.033594956,-4.722340647,0.1036375799,0.1027765935,-3.619420254e-06,0.03619342806,-0.03619420254,3.037967067,0.04372110373,0.1196203293,-0.02665219308,-0.0531922881,-0.07621431771,-1019900813,-161575416.6,42977622.74,4.711976889,-0.8932479451,3.033594956
7.617659136e-09,-0.001802232184,4.711856221,0.8916478245,-0.02464767129,3.035796588,-4.722304767,0.1044854638,0.1027769523,-3.597350322e-06,0.03597269667,-0.03597350322,3.040095747,0.0429915821,0.1195990425,-0.02729468594,-0.05294029294,-0.07594917339,-1026765956,-162956908.1,51383540.38,4.711856221,-0.8934500567,3.035796588
7.620547959e-09,-0.001790322126,4.711707227,0.8918648888,-0.02532562246,3.038094942,-4.722242828,0.1053560141,0.1027775717,-3.573580979e-06,0.03573497091,-0.03573580979,3.042319302,0.04224359332,0.119576807,-0.02795917176,-0.05267098606,-0.07566596096,-1033784280,-164368318.7,59998843.39,4.711707227,-0.8936552109,3.038094942
7.623542513e-09,-0.001777489572,4.71152713,0.8920861242,-0.02602840051,3.040498664,-4.722152211,0.1062508064,0.1027784779,-3.547970343e-06,0.03547883203,-0.03547970343,3.044646253,0.04147589032,0.1195535375,-0.02864754887,-0.05238296717,-0.07536320746,-1040965227,-165810967.8,68837508.02,4.71152713,-0.8938636138,3.040498664
7.626650163e-09,-0.001763664853,4.711312909,0.8923116768,-0.02675770767,3.04301576,-4.722030002,0.1071709314,0.1027797,-3.520379353e-06,0.03520288948,-0.03520379353,3.047084525,0.04068765588,0.1195291547,-0.02936145233,-0.05207489316,-0.07503949802,-1048313915,-167285184.3,77908509.55,4.711312909,-0.8940753416,3.04301576
7.629877323e-09,-0.001748780356,4.711061318,0.8925415771,-0.02751501549,3.045653691,-4.721873022,0.1081170406,0.1027812698,-3.490673037e-06,0.03490579366,-0.03490673037,3.049641538,0.03987846135,0.1195035846,-0.03010228994,-0.05174548905,-0.07469348621,-1055831554,-168790373.4,87216304.15,4.711061318,-0.8942903574,3.045653691
7.633229661e-09,-0.001732770889,4.710768911,0.8927757598,-0.02830161184,3.048419516,-4.721677852,0.1090894062,0.1027832215,-3.458721259e-06,0.03458624335,-0.03458721259,3.052324338,0.03904821368,0.1194767566,-0.0308712895,-0.05139355313,-0.07432389839,-1063515971,-170325106.1,96761443.65,4.710768911,-0.8945085306,3.048419516
7.636712281e-09,-0.001715574096,4.710432052,0.8930140798,-0.02911864251,3.051320012,-4.721440849,0.110087973,0.1027855915,-3.424399539e-06,0.03424299392,-0.03424399539,3.055139723,0.03819710962,0.1194486028,-0.03166954066,-0.0510179631,-0.0739295391,-1071362058,-171887195.1,106541108.9,4.710432052,-0.8947296539,3.051320012
7.640329819e-09,-0.001697131284,4.710046925,0.8932563222,-0.02996713148,3.054361734,-4.721158164,0.1111123822,0.1027884184,-3.387590706e-06,0.03387487387,-0.03387590706,3.058094296,0.03732561315,0.119419057,-0.03249801605,-0.05061769127,-0.07350930578,-1079362018,-173473730.1,116549376,4.710046925,-0.8949534534,3.054361734
7.644086594e-09,-0.001677387962,4.709609549,0.8935022145,-0.03084801467,3.057551123,-4.72082575,0.1121620124,0.1027917425,-3.348185972e-06,0.03348079552,-0.03348185972,3.061194565,0.03643441923,0.1193880544,-0.03335760533,-0.05019181333,-0.07306219684,-1087505721,-175081140.2,126777641,4.709609549,-0.8951796024,3.057551123
7.64798672e-09,-0.001656294552,4.709115775,0.8937514371,-0.03176216454,3.060894582,-4.720439376,0.1132360079,0.1027956062,-3.306086356e-06,0.03305976932,-0.03306086356,3.064447024,0.03552442764,0.1193555298,-0.03424914058,-0.04973952078,-0.07258732338,-1095780978,-176705239.5,137214928.4,4.709115775,-0.8954077317,3.060894582
7.652034215e-09,-0.001633807125,4.708561293,0.8940036318,-0.0327104135,3.064398555,-4.719994623,0.1143333053,0.1028000538,-3.261204147e-06,0.03261091841,-0.03261204147,3.067858227,0.03459671882,0.1193214177,-0.03517342017,-0.04926013347,-0.07208392108,-1104173795,-178341274,147848178.6,4.708561293,-0.8956374389,3.064398555
7.656233103e-09,-0.00160988814,4.707941626,0.8942584097,-0.03369357608,3.068069608,-4.719486892,0.1154526578,0.1028051311,-3.213464385e-06,0.0321334935,-0.03213464385,3.071434861,0.03365253136,0.1192856514,-0.03613123169,-0.04875311213,-0.07155136194,-1112668605,-179983967.5,158662517.5,4.707941626,-0.8958682979,3.068069608
7.660587509e-09,-0.001584507259,4.707252128,0.8945153581,-0.03471246764,3.071914495,-4.718911393,0.1165926544,0.1028108861,-3.162806489e-06,0.03162688906,-0.03162806489,3.075183819,0.03269324354,0.1192481618,-0.03712337124,-0.048218072,-0.07098916716,-1121248469,-181627566.1,169641479.5,4.707252128,-0.8960998654,3.071914495
7.665101762e-09,-0.00155764203,4.706487969,0.8947740471,-0.03576792753,3.07594025,-4.718263144,0.1177517439,0.1028173686,-3.109185607e-06,0.03109065688,-0.03109185607,3.079112285,0.03172035134,0.1192088772,-0.03815066719,-0.04765479316,-0.07039701651,-1129895311,-183265892.7,180767273.7,4.706487969,-0.8963316891,3.07594025
7.669780476e-09,-0.001529278733,4.705644128,0.8950340346,-0.036860834,3.08015425,-4.717536953,0.1189282487,0.1028246305,-3.052574328e-06,0.03052452317,-0.03052574328,3.083227795,0.03073545507,0.119167722,-0.03921399571,-0.0470632342,-0.06977476111,-1138590066,-184892392.1,192020951.6,4.705644128,-0.8965633133,3.08015425
7.674628631e-09,-0.001499413168,4.704715372,0.8952948704,-0.03799212091,3.08456429,-4.716727409,0.1201203789,0.1028327259,-2.992964236e-06,0.02992840408,-0.02992964236,3.087538315,0.02974024482,0.1191246169,-0.04031429809,-0.04644354364,-0.06912243381,-1147312843,-186500184,203382589.4,4.704715372,-0.8967942836,3.08456429
7.679651663e-09,-0.001468051388,4.703696233,0.8955561006,-0.03916279453,3.089178665,-4.715828858,0.1213262466,0.1028417114,-2.930367379e-06,0.02930242041,-0.02930367379,3.092052314,0.02873648666,0.1190794769,-0.04145259802,-0.04579606981,-0.06844025794,-1156043085,-188082120.2,214831462.6,4.703696233,-0.897024152,3.089178665
7.684855538e-09,-0.001435210412,4.702580992,0.8958172704,-0.04037394883,3.094006244,-4.71483538,0.1225438776,0.1028516462,-2.864817699e-06,0.02864691188,-0.02864817699,3.096778845,0.02772601092,0.1190322116,-0.04263001731,-0.04512136967,-0.06772865487,-1164759699,-189630843.2,226346197.7,4.702580992,-0.8972524808,3.094006244
7.690246834e-09,-0.001400918933,4.701363643,0.8960779265,-0.04162677868,3.099056543,-4.713740765,0.1237712192,0.1028625924,-2.796372439e-06,0.02796245121,-0.02796372439,3.101727614,0.02671070294,0.1189827239,-0.04384778952,-0.04442021672,-0.06698825055,-1173441163,-191138846.4,237904894.6,4.701363643,-0.8974788454,3.099056543
7.695832804e-09,-0.001365217974,4.700037868,0.8963376189,-0.04292259166,3.104339805,-4.712538483,0.1250061467,0.1028746152,-2.725113456e-06,0.02724985722,-0.02725113456,3.106909055,0.02569249546,0.1189309095,-0.04510727202,-0.04369360704,-0.06621988016,-1182065627,-192598535.8,249485230.9,4.700037868,-0.8977028369,3.104339805
7.701621438e-09,-0.001328161534,4.698597009,0.8965959017,-0.04426281659,3.109867054,-4.711221656,0.1262464666,0.1028877834,-2.651148504e-06,0.0265102077,-0.02651148504,3.11233439,0.02467336377,0.1188766561,-0.0464099548,-0.04294276436,-0.06542459163,-1190610967,-194002291.4,261064532.1,4.698597009,-0.8979240632,3.109867054
7.707621509e-09,-0.001289817148,4.697034037,0.896852333,-0.04564900991,3.115650156,-4.709783029,0.1274899175,0.1029021697,-2.574612369e-06,0.02574485071,-0.02574612369,3.118015688,0.02365532219,0.1188198431,-0.04775746704,-0.04216914266,-0.06460364669,-1199054840,-195342527.5,272619824.8,4.697034037,-0.8981421501,3.115650156
7.713842604e-09,-0.00125026645,4.69534153,0.8971064748,-0.04708285658,3.121701856,-4.708214947,0.1287341672,0.1029178505,-2.495667976e-06,0.02495541564,-0.02495667976,3.123965898,0.02264042379,0.118760341,-0.04915157797,-0.04137442786,-0.06375852095,-1207374698,-196611750.6,284127848.9,4.69534153,-0.8983567413,3.121701856
7.720295143e-09,-0.001209605589,4.693511653,0.897357892,-0.04856616795,3.128035797,-4.706509334,0.1299768092,0.1029349067,-2.414507228e-06,0.02414382163,-0.02414507228,3.130198873,0.02163076038,0.1186980113,-0.05059419475,-0.04056053607,-0.06289090054,-1215547793,-197802614.3,295565061.6,4.693511653,-0.8985674976,3.128035797
7.726990366e-09,-0.00116794558,4.691536151,0.8976061507,-0.05010087255,3.13466652,-4.704657687,0.1312153567,0.1029534231,-2.331351711e-06,0.02331228457,-0.02331351711,3.136729366,0.02062846474,0.1186327063,-0.05208735304,-0.03972960988,-0.06200267694,-1223551165,-198907968.7,306907609.1,4.691536151,-0.8987740963,3.13466652
7.733940322e-09,-0.001125412342,4.689406342,0.8978508179,-0.05168900625,3.141609448,-4.702651066,0.1324472391,0.1029734893,-2.24645276e-06,0.02246331779,-0.0224645276,3.143573019,0.01963570964,0.1185642698,-0.05363320666,-0.0388840082,-0.0610959352,-1231361641,-199920906.8,318131326.3,4.689406342,-0.8989762303,3.141609448
7.741157793e-09,-0.001082146762,4.687113145,0.8980914593,-0.05333268642,3.148880807,-4.700480124,0.1336697934,0.1029951988,-2.160091596e-06,0.02159973341,-0.02160091596,3.150746278,0.01865471216,0.1184925372,-0.05523400125,-0.03802629662,-0.06017294322,-1238955796,-200834796.7,329211666.5,4.687113145,-0.899173606,3.148880807
7.74865622e-09,-0.001038304242,4.684647103,0.8983276385,-0.05503408722,3.156497536,-4.698135129,0.1348802628,0.1030186487,-2.07257842e-06,0.02072463327,-0.0207257842,3.158266309,0.01768773083,0.1184173369,-0.05689204862,-0.03715922812,-0.05923613138,-1246309958,-201643311,340123701.7,4.684647103,-0.8993659427,3.156497536
7.756449635e-09,-0.0009940536799,4.681998427,0.8985589189,-0.05679541631,3.16447721,-4.695606008,0.1360758052,0.1030439399,-1.984250377e-06,0.01984138859,-0.01984250377,3.166150916,0.01673705547,0.1183384908,-0.05860970198,-0.03628571344,-0.0582880616,-1253400275,-202340448.1,350842192.6,4.681998427,-0.8995529726,3.16447721
7.764552619e-09,-0.0009495758318,4.679157033,0.8987848659,-0.0586188942,3.172837962,-4.692882384,0.1372535107,0.1030711762,-1.895468289e-06,0.01895360727,-0.01895468289,3.174418461,0.01580498995,0.1182558154,-0.06038933325,-0.03540878104,-0.0573313861,-1260202820,-202920541.7,361341727.6,4.679157033,-0.8997344418,3.172837962
7.772980294e-09,-0.0009050609055,4.676112566,0.8990050524,-0.06050674412,3.181598455,-4.689953609,0.1384104317,0.1031004639,-1.806611848e-06,0.01806508587,-0.01806611848,3.183087838,0.01489382503,0.1181691216,-0.06223332033,-0.03453152407,-0.05636879234,-1266693769,-203378254.1,371596963,4.676112566,-0.8999101133,3.181598455
7.781748412e-09,-0.0008607053425,4.672854407,0.8992190655,-0.06246119963,3.190777943,-4.68680877,0.1395436281,0.1031319123,-1.718073197e-06,0.01717974539,-0.01718073197,3.192178523,0.01400580092,0.1180782148,-0.06414405133,-0.03365703398,-0.05540293384,-1272849637,-203708549.6,381582970.9,4.672854407,-0.9000797709,3.190777943
7.790873561e-09,-0.0008167078562,4.669371618,0.8994265164,-0.06448453693,3.200396462,-4.68343664,0.1406502239,0.1031656336,-1.630249018e-06,0.01630155214,-0.01630249018,3.201710768,0.01314306096,0.1179828923,-0.06612395303,-0.03278832211,-0.0544363473,-1278647554,-203906639.8,391275682.3,4.669371618,-0.9002432243,3.200396462
7.800373494e-09,-0.0007732650643,4.665652835,0.8996270497,-0.06657913061,3.210475154,-4.679825582,0.1417274707,0.1032017442,-1.54353181e-06,0.01543443065,-0.0154353181,3.211705914,0.01230760235,0.1178829409,-0.06817554238,-0.03192823554,-0.05347136217,-1284065529,-203967893.3,400652364.2,4.665652835,-0.9004003147,3.210475154
7.810267607e-09,-0.0007305669556,4.661686088,0.8998203532,-0.06874753734,3.221036766,-4.675963369,0.1427728121,0.1032403663,-1.458300846e-06,0.01458217309,-0.01458300846,3.222186889,0.01150122692,0.1177781311,-0.0703015059,-0.03107937106,-0.05251000574,-1289082670,-203887705.4,409692097.9,4.661686088,-0.9005509201,3.221036766
7.820577608e-09,-0.0006887924603,4.657458512,0.9000061671,-0.07099261251,3.232106363,-4.671836907,0.1437839472,0.1032816309,-1.374913324e-06,0.01374835094,-0.01374913324,3.233178913,0.0107254954,0.1176682109,-0.07250481206,-0.030243991,-0.05155390678,-1293679323,-203661321.6,418376227.4,4.657458512,-0.9006949596,3.232106363
7.831328179e-09,-0.0006481062173,4.652956045,0.9001842881,-0.07331761658,3.243712056,-4.667431932,0.144758867,0.1033256807,-1.293697915e-06,0.01293625039,-0.01293697915,3.244710226,0.009981703002,0.1175528977,-0.07478881462,-0.02942396085,-0.05060421922,-1297837005,-203283618,426688575,4.652956045,-0.9008323943,3.243712056
7.842547831e-09,-0.0006086558962,4.648163009,0.9003545719,-0.0757263498,3.255885946,-4.662732597,0.1456958837,0.103372674,-1.214949418e-06,0.01214881894,-0.01214949418,3.256813032,0.009270861985,0.1174318697,-0.07715738452,-0.02862069434,-0.04966154912,-1301538230,-202748839.8,434615588.5,4.648163009,-0.9009632277,3.255885946
7.854269934e-09,-0.000570570374,4.643061595,0.9005169336,-0.07822330761,3.268665278,-4.65772096,0.1465936463,0.1034227904,-1.138925118e-06,0.01138862898,-0.01138925118,3.269524647,0.008593695336,0.1173047535,-0.0796150631,-0.02783510966,-0.04872588784,-1304766177,-202050291.7,442146367.8,4.643061595,-0.901087504,3.268665278
7.866533866e-09,-0.0005339590464,4.637631272,0.9006713454,-0.08081384094,3.282093728,-4.652376386,0.1474511368,0.1034762361,-1.065843409e-06,0.01065786406,-0.01065843409,3.282888792,0.007950645681,0.1171711121,-0.08216722097,-0.0270676006,-0.04779655547,-1307504179,-201179978.6,449272522.1,4.637631272,-0.9012053044,3.282093728
7.879386383e-09,-0.0004989119733,4.631848064,0.9008178314,-0.08350433524,3.296222948,-4.646674829,0.1482676532,0.1035332517,-9.958840893e-07,0.009958321785,-0.009958840893,3.296957137,0.007341893428,0.1170304286,-0.08482023598,-0.02631801474,-0.0468721443,-1309735042,-200128184.5,455987918.7,4.631848064,-0.9013167434,3.296222948
7.892883247e-09,-0.0004655008013,4.625683697,0.9009564618,-0.08630240724,3.311114384,-4.640587975,0.1490427813,0.1035941202,-9.291901962e-07,0.009291432222,-0.009291901962,3.311791122,0.006767383129,0.1168820888,-0.087581689,-0.02558563515,-0.04595045731,-1311440201,-198882974.4,462288326.3,4.625683697,-0.9014219626,3.311114384
7.907091129e-09,-0.000433780388,4.619104598,0.9010873452,-0.08921711461,3.326841413,-4.634082234,0.1497763559,0.1036591777,-8.658712538e-07,0.008658290336,-0.008658712538,3.327464099,0.006226857089,0.116725359,-0.09046057272,-0.02486916204,-0.04502843624,-1312598678,-197429599.2,468170957.3,4.619104598,-0.9015211255,3.326841413
7.922089806e-09,-0.000403791114,4.612070741,0.9012106193,-0.09225916022,3.343491768,-4.627117582,0.1504684092,0.1037288242,-8.060078843e-07,0.008059702122,-0.008060078843,3.344063758,0.005719896313,0.1165593624,-0.09346749481,-0.0241666918,-0.04410207504,-1313185832,-195749786.3,473633900.8,4.612070741,-0.9016144104,3.343491768
7.937974378e-09,-0.0003755621054,4.604534479,0.9013264394,-0.09544102433,3.361169983,-4.619646389,0.1511191026,0.1038035361,-7.496582432e-07,0.007496248943,-0.007496582432,3.361694581,0.005245973028,0.1163830542,-0.09661480923,-0.02347569793,-0.04316632522,-1313171912,-193820926.1,478675398.3,4.604534479,-0.9017020015,3.361169983
7.954856785e-09,-0.0003491158846,4.596439725,0.9014349611,-0.09877685559,3.379998998,-4.611612588,0.1517286254,0.1038838741,-6.968673016e-07,0.006968380346,-0.006968673016,3.380479451,0.004804523785,0.1161952055,-0.09991650718,-0.02279303179,-0.04221502128,-1312520517,-191615249.2,483292880.3,4.596439725,-0.901784077,3.379998998
7.972864586e-09,-0.0003244754266,4.587722522,0.9015363137,-0.1022817192,3.400118636,-4.602952226,0.1522970389,0.1039704777,-6.476809321e-07,0.006476554913,-0.006476809321,3.400558142,0.004395059962,0.1159944186,-0.1033874688,-0.02211499128,-0.04124090994,-1311187382,-189099322,487481642.8,4.587722522,-0.9018607891,3.400118636
7.992132333e-09,-0.0003016749553,4.578315363,0.901630557,-0.1059693489,3.421675679,-4.593597766,0.1528240298,0.1040640223,-6.02167461e-07,0.006021455757,-0.00602167461,3.422077413,0.004017339169,0.1157792259,-0.1070412272,-0.02143756587,-0.04023598161,-1309120710,-186234736.3,491233093.1,4.578315363,-0.901932232,3.421675679
8.012777445e-09,-0.0002807740452,4.568159438,0.9017176205,-0.1098470725,3.444796449,-4.583490296,0.1533085767,0.104165097,-5.604458162e-07,0.005604271987,-0.005604458162,3.445163608,0.003671594348,0.1155483639,-0.1108849237,-0.02075702381,-0.039192447,-1306265728,-182981751.1,494533007.9,4.568159438,-0.9019983946,3.444796449
8.034855591e-09,-0.0002618658857,4.557227509,0.9017972582,-0.1139074862,3.469536315,-4.572602383,0.1537487358,0.1042739762,-5.22702026e-07,0.005226863674,-0.00522702026,3.469872183,0.00335867893,0.1153012782,-0.1149110297,-0.02007086999,-0.03810455425,-1302576927,-179307698.3,497361878.4,4.557227509,-0.9020591241,3.469536315
8.058318902e-09,-0.0002450541725,4.545545879,0.9018691246,-0.1181218558,3.495832543,-4.560960093,0.1541421388,0.1043903991,-4.891430885e-07,0.004891300588,-0.004891430885,3.496140514,0.003079717967,0.1150385949,-0.1190907793,-0.01937846972,-0.03697020509,-1298035667,-175197228.7,499701498.5,4.545545879,-0.9021141788,3.495832543
8.08303655e-09,-0.0002303853334,4.533185088,0.9019330416,-0.1224458269,3.523527592,-4.548633843,0.1544875513,0.1045136616,-4.598616847e-07,0.004598509434,-0.004598616847,3.523811096,0.002835038005,0.114761889,-0.1233798273,-0.01868000877,-0.03578986733,-1292656871,-170652967.9,501547882.4,4.533185088,-0.9021634269,3.523527592
8.108879943e-09,-0.0002177925102,4.520217146,0.9019892415,-0.1268359074,3.552465333,-4.535695768,0.1547862187,0.1046430423,-4.34724356e-07,0.004347155718,-0.00434724356,3.55272766,0.002623268052,0.1144727234,-0.1277346229,-0.0179743096,-0.03456296323,-1286473312,-165682267.2,502919041.8,4.520217146,-0.902207034,3.552465333
8.135780234e-09,-0.0002071110457,4.506685617,0.9020383293,-0.1312591023,3.582556109,-4.522189776,0.1550415855,0.1047781022,-4.134024195e-07,0.004133952865,-0.004134024195,3.582800266,0.002441577609,0.1141719973,-0.1321220004,-0.01725796179,-0.03328581447,-1279515355,-160285199,503849603.5,4.506685617,-0.9022454404,3.582556109
8.163727026e-09,-0.00019813003,4.492605268,0.902081091,-0.1356913396,3.613775459,-4.508131084,0.1552581583,0.1049186892,-3.954748643e-07,0.003954691103,-0.003954748643,3.614004108,0.002286489476,0.1138599589,-0.1365176388,-0.01652598305,-0.03195215749,-1271802517,-154452312.7,504380731.8,4.492605268,-0.902279221,3.613775459
8.192751164e-09,-0.0001906304237,4.477970213,0.9021183468,-0.1401132481,3.646144726,-4.493514278,0.1554406529,0.1050648572,-3.805044505e-07,0.003804998385,-0.003805044505,3.646360173,0.002154472312,0.1135363983,-0.140901878,-0.01577259922,-0.03055413594,-1263342302,-148166179.7,504553393.9,4.477970213,-0.9023089773,3.646144726
8.222913012e-09,-0.0001844040631,4.462759666,0.9021508798,-0.1445070812,3.679717663,-4.478319022,0.1555935678,0.1052168098,-3.680756479e-07,0.003680719749,-0.003680756479,3.679921886,0.002042225172,0.1132007811,-0.1452566646,-0.01499166707,-0.02908288017,-1254130590,-141402688.5,504405164.1,4.462759666,-0.9023352839,3.679717663
8.254296099e-09,-0.0001792616564,4.446941197,0.9021794053,-0.1488546161,3.714572975,-4.462513297,0.1557210031,0.105374867,-3.57810598e-07,0.003578076917,-0.00357810598,3.714767653,0.001946788238,0.1128523235,-0.1495634588,-0.01417685389,-0.02752876908,-1244152215,-134131763.9,503968947.4,4.446941197,-0.902358667,3.714572975
8.287003874e-09,-0.0001750352616,4.430472516,0.9022045621,-0.1531355323,3.750810288,-4.446055176,0.1558266014,0.1055394482,-3.493740597e-07,0.003493717751,-0.003493740597,3.750996845,0.001865569318,0.1124900316,-0.153801617,-0.01332169382,-0.02588152708,-1233381517,-126317748.7,503272635,4.430472516,-0.9023795973,3.750810288
8.3211584e-09,-0.0001715780561,4.413302351,0.9022269132,-0.1573259893,3.788548232,-4.428893706,0.1559135477,0.1057110629,-3.424729503e-07,0.003424711663,-0.003424729503,3.788727865,0.001796331153,0.1121127214,-0.1579469684,-0.01241958299,-0.02413023689,-1221782807,-117919590.3,502339188.1,4.413302351,-0.9023984912,3.788548232
8.356900559e-09,-0.0001687628336,4.395370607,0.9022469514,-0.1613972528,3.827924145,-4.410969067,0.1559845965,0.1058903093,-3.368533445e-07,0.003368519606,-0.003368533445,3.828097861,0.001737162091,0.1117190214,-0.1619704398,-0.01146374095,-0.02226330133,-1209310632,-108890867.4,501186888.5,4.395370607,-0.9024157142,3.827924145
8.394391858e-09,-0.0001664799753,4.376607774,0.9022651065,-0.1653142677,3.869095461,-4.392211985,0.1560421092,0.1060778801,-3.322964246e-07,0.003322953578,-0.003322964246,3.869264105,0.001686441779,0.1113073589,-0.165836625,-0.0104471463,-0.02026835902,-1195909714,-99179618.38,499829602.5,4.376607774,-0.9024315865,3.869095461
8.433818438e-09,-0.0001646352704,4.356933293,0.9022817529,-0.1690340987,3.912243391,-4.372542102,0.1560880922,0.106274579,-3.286141303e-07,0.003286133125,-0.003286141303,3.912407672,0.001642807925,0.1108759233,-0.1695022204,-0.009362435575,-0.01813212749,-1181514291,-88727809.35,498276945.4,4.356933293,-0.9024463882,3.912243391
8.475398922e-09,-0.0001631477453,4.336252096,0.9022972173,-0.1725041452,3.957580602,-4.351864519,0.1561242313,0.1064813548,-3.256448253e-07,0.003256442008,-0.003256448253,3.957741115,0.001605127324,0.1104225888,-0.1729142314,-0.008201724859,-0.01584009098,-1166046236,-77470020.81,496534225.6,4.336252096,-0.902460365,3.957580602
8.519399901e-09,-0.0001619475206,4.314447532,0.9023117865,-0.1756599745,4.005366844,-4.330062724,0.1561519176,0.1066993728,-3.232490194e-07,0.003232485431,-0.003232490194,4.005524092,0.001572473086,0.1099447591,-0.176007787,-0.006956250778,-0.01337582815,-1149410519,-65330337.54,494601947,4.314447532,-0.902473734,4.005366844
8.566168588e-09,-0.0001609735758,4.291366124,0.9023257172,-0.1784224103,4.055942486,-4.306983351,0.1561722615,0.1069301665,-3.213049066e-07,0.003213045417,-0.003213049066,4.056096897,0.001544109688,0.109439031,-0.1787031884,-0.005615561867,-0.01071944722,-1131484374,-52214810.95,492474371.4,4.291366124,-0.9024866907,4.055942486
8.616209425e-09,-0.0001601710563,4.266781384,0.9023392507,-0.1806928554,4.109807977,-4.282399992,0.1561860837,0.1071760001,-3.197029903e-07,0.003197027067,-0.003197029903,4.109959925,0.001519488018,0.1089004007,-0.18090113,-0.00416549173,-0.007843607256,-1112089789,-37991970.9,490135758.6,4.266781384,-0.9024994218,4.109807977
8.670386039e-09,-0.0001594871181,4.240297998,0.9023526472,-0.182343097,4.167834112,-4.255917384,0.1561938536,0.1074408262,-3.183377881e-07,0.003183375607,-0.003183377881,4.167983938,0.001498257247,0.1083201606,-0.1824722254,-0.002582567893,-0.004702479651,-1090917721,-22438395.41,487550096.6,4.240297998,-0.9025121344,4.167834112
8.730235608e-09,-0.0001588646812,4.211205689,0.9023662154,-0.183182076,4.23158302,-4.226825236,0.1561954674,0.1077317476,-3.170953657e-07,0.003170951717,-0.003170953657,4.23173106,0.001480401647,0.1076826894,-0.1832233473,-0.000825426497,-0.001214820725,-1067410834,-5155266.853,484644189.8,4.211205689,-0.9025250801,4.23158302
8.790085177e-09,-0.0001583044264,4.182288545,0.9023786646,-0.182984836,4.294960021,-4.197907627,0.1561908141,0.1080209237,-3.159770833e-07,0.003159768987,-0.003159770833,4.29510682,0.001467988352,0.1070489318,-0.1829382246,0.0009322287591,0.002273498516,-1043878309,12137095.69,481695423.6,4.182288545,-0.902536969,4.294960021
8.849934746e-09,-0.0001577374855,4.1535491,0.9023900468,-0.1817537932,4.357964052,-4.169167122,0.1561802147,0.1083083288,-3.148454779e-07,0.003148452801,-0.003148454779,4.358110169,0.00146117343,0.1064188983,-0.1816197082,0.002681699832,0.005743983822,-1020415543,29338904.3,478705967.9,4.1535491,-0.9025477843,4.357964052
8.911165574e-09,-0.0001570772065,4.124333012,0.9024005137,-0.1794331233,4.422034695,-4.139949291,0.1561627866,0.1086005071,-3.13527595e-07,0.003135273577,-0.00313527595,4.422180779,0.001460833828,0.1057781922,-0.1792104127,0.004454213547,0.009257110975,-996575564.7,46740078.88,475600202.4,4.124333012,-0.9025575909,4.422034695
8.972396402e-09,-0.0001562450357,4.09530906,0.9024095669,-0.1760541877,4.485711136,-4.110922798,0.1561373837,0.108890772,-3.11866649e-07,0.003118663381,-0.00311866649,4.485858027,0.001468909288,0.1051414197,-0.1757441522,0.006200708342,0.01271368706,-972985798,63835748.93,472432531.6,4.09530906,-0.9025658119,4.485711136
9.03362723e-09,-0.0001551146287,4.066481882,0.902416788,-0.1716384023,4.548989527,-4.082092034,0.1561015222,0.1091790797,-3.096104705e-07,0.003096100364,-0.003096104705,4.549138359,0.001488319409,0.1045086164,-0.1712427215,0.007913616713,0.01609606318,-949716791.5,80519551.26,469177080.1,4.066481882,-0.9025719027,4.548989527
9.094858058e-09,-0.0001534961728,4.037858254,0.9024214743,-0.1662133612,4.611863569,-4.053463357,0.1560510274,0.1094653664,-3.063802188e-07,0.003063795851,-0.003063802188,4.612015948,0.001523795837,0.1038798405,-0.1657340108,0.009587008029,0.01938848432,-926818044.4,96684507.73,465790704.8,4.037858254,-0.9025749705,4.611863569
9.156088887e-09,-0.0001510911233,4.009448462,0.9024224826,-0.1598127143,4.674323018,-4.025046373,0.1559791127,0.1097495363,-3.015800419e-07,0.003015790866,-0.003015800419,4.67448131,0.001582918069,0.1032551869,-0.159251834,0.0112176052,0.02257815907,-904306696.5,112221460.9,462203467.8,4.009448462,-0.9025735738,4.674323018
9.217319715e-09,-0.0001474172349,3.981268464,0.9024179641,-0.1524760436,4.736351313,-3.996855945,0.1558748134,0.1100314405,-2.94247451e-07,0.002942459748,-0.00294247451,4.7365191,0.001677860585,0.102634809,-0.1518357215,0.01280644155,0.02565697235,-882148901.9,127016027.4,458302466.3,3.981268464,-0.9025653813,4.736351313
9.278550543e-09,-0.0001416828991,3.953343412,0.902404914,-0.1442487599,4.797921691,-3.968915446,0.1557203417,0.1103108455,-2.828025194e-07,0.002828001932,-0.002828025194,4.798104525,0.001828335319,0.1020189548,-0.1435306795,0.01436160794,0.02862428589,-860228862.5,140943029.4,453904548.5,3.953343412,-0.9025465969,4.797921691
9.339781371e-09,-0.0001325768181,3.925713444,0.9023784086,-0.1351820589,4.858990761,-3.941262107,0.1554866341,0.1105873789,-2.646281042e-07,0.002646243799,-0.002646281042,4.859197415,0.002066544637,0.1014080258,-0.1343869179,0.01590282006,0.03149155629,-838297078,153856736.7,448710361.9,3.925713444,-0.9025109854,4.858990761
9.401012199e-09,-0.0001179215242,3.898443296,0.9023303115,-0.1253329931,4.919487823,-3.913955884,0.155125882,0.1108604412,-2.353783289e-07,0.002353722917,-0.002353783289,4.919732371,0.002445479153,0.1008026763,-0.1244595473,0.0174689166,0.0342898808,-815883984.7,165574400,442227336,3.898443296,-0.902448233,4.919487823
9.462243028e-09,-9.412365478e-05,3.871638253,0.9022470919,-0.114764736,4.979297113,-3.88709417,0.1545591647,0.1111290583,-1.878814167e-07,0.001878715467,-0.001878814167,4.979602376,0.003052628482,0.1002039762,-0.1138082487,0.01912974592,0.03708192821,-792157568.4,175849836.8,433642515.5,3.871638253,-0.9023412156,4.979297113
9.507671607e-09,-6.71761874e-05,3.852149846,0.9021499281,-0.1065001594,5.02311838,-3.86754306,0.1539321406,0.1113245694,-1.340983356e-07,0.001340841781,-0.001340983356,5.023491642,0.00373261827,0.09976508358,-0.1054755952,0.02049128342,0.03921358844,-772901044.4,182349091.2,425152415.1,3.852149846,-0.9022171043,5.02311838
9.543994726e-09,-3.740133284e-05,3.836888517,0.9020404222,-0.09965562912,5.057732979,-3.852213184,0.1532466633,0.1114778682,-7.467218654e-08,0.0007465332131,-0.0007467218654,5.058181067,0.00448087494,0.09941818933,-0.0985700646,0.02171129038,0.04100507205,-755844227.6,186711902,416470216.7,3.836888517,-0.9020778235,5.057732979
9.574036553e-09,-5.455535952e-06,3.82453809,0.9019210024,-0.09384905227,5.086015074,-3.839789509,0.1525141906,0.1116021049,-1.0913088e-08,0.0001088924573,-0.00010913088,5.08654344,0.005283657275,0.0991345656,-0.09270676031,0.02284583917,0.04258163457,-740149251.8,189668036.3,407583922.6,3.82453809,-0.9019264579,5.086015074
9.599699907e-09,2.838293836e-05,3.814225953,0.9017925085,-0.08879248481,5.109878487,-3.829399751,0.1517379809,0.1117060025,5.662361392e-08,-0.000566526295,0.0005662361392,5.11049215,0.006136633204,0.0988950785,-0.08759587704,0.02393215541,0.04402307457,-725241636.9,191660460.4,398440337.8,3.814225953,-0.9017641256,5.109878487
9.622360415e-09,6.42583989e-05,3.805338144,0.9016540588,-0.08425939299,5.130683361,-3.820429346,0.1509120164,0.1117957065,1.282259664e-07,-0.001282603459,0.001282259664,5.131387957,0.007045960623,0.09868612043,-0.08300931569,0.02500154599,0.04538852048,-710640739.6,192963649.7,388915201,3.805338144,-0.9015898004,5.130683361
9.645020924e-09,0.0001066712482,3.796690612,0.9014873379,-0.07966722005,5.15119844,-3.811683498,0.1499288582,0.111883165,2.128761742e-07,-0.00212916744,0.002128761742,5.152011425,0.008129843915,0.09847988575,-0.07835755144,0.02619337226,0.04685973057,-694401828.4,193794486.1,377767377.7,3.796690612,-0.9013806667,5.15119844
9.664365434e-09,0.0001487688317,3.78952926,0.9013185553,-0.07570389515,5.168448211,-3.804423691,0.148944313,0.1119557631,2.968973796e-07,-0.002969438685,0.002968973796,5.169369852,0.009216408279,0.09830630148,-0.07433776918,0.02732251933,0.04821402353,-679005539.7,194097963.5,366746843,3.78952926,-0.9011697865,5.168448211
9.683709944e-09,0.0001969037373,3.782602223,0.9011212538,-0.07170400023,5.185421133,-3.797382769,0.1478054599,0.1120261723,3.929684911e-07,-0.003930215376,0.003929684911,5.186468556,0.01047422676,0.09813531444,-0.07027563461,0.02856731238,0.04967152477,-661960928.4,193997146.6,354132098.4,3.782602223,-0.9009243501,5.185421133
9.700476741e-09,0.0002439701566,3.776813643,0.9009237232,-0.06820986111,5.199879753,-3.791481348,0.1466770553,0.1120851865,4.869073257e-07,-0.004869664985,0.004869073257,5.201051873,0.01172119939,0.09798948127,-0.06672239697,0.02974928274,0.05102770484,-645667224.9,193562185.9,341733938.7,3.776813643,-0.900679753,5.199879753
9.717243539e-09,0.0002963586786,3.771250778,0.9006981341,-0.0646924613,5.214075328,-3.785790948,0.1454016979,0.1121420905,5.914686973e-07,-0.005915344199,0.005914686973,5.215388441,0.01313113035,0.09784611559,-0.06314074606,0.03103430479,0.05247742848,-627781720.6,192786470.8,327817002.1,3.771250778,-0.9004017754,5.214075328
9.73214535e-09,0.0003476441144,3.766518034,0.9004711638,-0.06154833673,5.22644688,-3.780931237,0.1441320271,0.1121906876,6.938287736e-07,-0.006939005712,0.006938287736,5.227900394,0.01453514451,0.09772099606,-0.05993492981,0.03226813838,0.05384960772,-610404499.2,191798419.9,314036879.4,3.766518034,-0.9001235197,5.22644688
9.747047162e-09,0.0004035488742,3.762005909,0.9002163807,-0.05838865297,5.238563788,-3.776278121,0.1427221264,0.1122372188,8.054088359e-07,-0.008054869307,0.008054088359,5.24017324,0.0160945179,0.0975982676,-0.05670906408,0.03359177794,0.05530398211,-591496310.8,190519760.6,298807753.3,3.762005909,-0.8998128319,5.238563788
9.761948974e-09,0.000464192172,3.75773705,0.899930759,-0.05521466465,5.25040099,-3.771853059,0.1411600921,0.1122814694,9.264469392e-07,-0.009265314501,0.009264469392,5.252183226,0.01782236352,0.09747816774,-0.05346428621,0.03500756884,0.05684285451,-570922916.5,188942287.5,282005943.9,3.75773705,-0.8994665668,5.25040099
9.775123709e-09,0.000521794591,3.754185066,0.8996499338,-0.05239757335,5.260611761,-3.768149337,0.1396427072,0.1123185066,1.041416199e-06,-0.0104150635,0.01041416199,5.262561846,0.0195008536,0.09737438154,-0.05058073279,0.03633681105,0.05827450751,-551238944.3,187293095.8,265738177.9,3.754185066,-0.8991281392,5.260611761
9.788298444e-09,0.00058311148,3.750860298,0.8993400253,-0.04957098865,5.270562915,-3.764659173,0.137988747,0.1123534083,1.163799613e-06,-0.01163895361,0.01163799613,5.27269596,0.02133045237,0.0972730404,-0.04768408457,0.03773808158,0.05977214976,-530056325.5,185403247.7,248062611.8,3.750860298,-0.8987569138,5.270562915
9.801473179e-09,0.0006480591351,3.747781786,0.8989984605,-0.04673561688,5.280233408,-3.761400802,0.1361901607,0.112385992,1.29343024e-06,-0.0129353141,0.0129343024,5.282565408,0.02332000318,0.09717434592,-0.04477513874,0.03920956261,0.06133393984,-507285446.5,183270393.6,228895755.8,3.747781786,-0.8983504014,5.280233408
9.813270868e-09,0.0007091719816,3.745250425,0.8986634897,-0.04418966934,5.288636842,-3.75869547,0.1344504474,0.1124130453,1.415407419e-06,-0.01415513148,0.01415407419,5.291161268,0.02524426966,0.09708838732,-0.04216045952,0.04058419634,0.06278428021,-485477440,181153032.5,210397883,3.745250425,-0.8979543177,5.288636842
9.825068558e-09,0.000772905132,3.742947569,0.8982988877,-0.0416375869,5.296780937,-3.756205911,0.1325834172,0.1124379409,1.542615025e-06,-0.01542725034,0.01542615025,5.299511864,0.02730926782,0.09700488136,-0.03953713722,0.04200899369,0.06427989023,-462273179.6,178842341.2,190593138.6,3.742947569,-0.8975259825,5.296780937
9.836866247e-09,0.0008390391125,3.74088873,0.8979025014,-0.03907972004,5.304648562,-3.753947166,0.1305843622,0.1124605283,1.674615126e-06,-0.01674728995,0.01674615126,5.307600579,0.02952017104,0.09692399421,-0.03690574999,0.04347940081,0.06581620278,-437621432.7,176339109.4,169433237.8,3.74088873,-0.8970634623,5.304648562
9.847452154e-09,0.0009001911071,3.73926219,0.8975179169,-0.03677989781,5.311458265,-3.752129668,0.1286747751,0.1124787033,1.796672037e-06,-0.0179678887,0.01796672037,5.314621458,0.03163192366,0.09685378542,-0.03453825361,0.04483288401,0.06722463502,-414233836.5,173930082.7,149254916.6,3.73926219,-0.8966177258,5.311458265
9.85803806e-09,0.0009628060681,3.73785674,0.8971042494,-0.03447582101,5.318018182,-3.750522046,0.126653053,0.1124947795,1.921649488e-06,-0.01921768837,0.01921649488,5.321404943,0.03386760851,0.09678595057,-0.03216515039,0.04621341236,0.06865614328,-389622160.2,171371484.8,127933193.5,3.73785674,-0.8961414433,5.318018182
9.868623966e-09,0.001026598212,3.73668433,0.8966597622,-0.03216761779,5.324315109,-3.749136052,0.1245172202,0.1125086395,2.048977184e-06,-0.02049098471,0.02048977184,5.327938051,0.03622942385,0.09672061949,-0.02978686088,0.04761513813,0.07010487262,-363765959.3,168665291.5,105448329.6,3.73668433,-0.895633164,5.324315109
9.877871045e-09,0.001083023077,3.735860349,0.8962448562,-0.03014802937,5.329590006,-3.748116046,0.1225569774,0.1125188395,2.161600578e-06,-0.02161722953,0.02161600578,5.333429703,0.03839696323,0.09666570297,-0.02770544634,0.04885166057,0.07137919514,-340151540,166182056.8,84840809.21,3.735860349,-0.8951618331,5.329590006
9.887118123e-09,0.001139848765,3.735231444,0.8958038454,-0.02812538881,5.334645156,-3.747282257,0.1205081358,0.1125271774,2.275024515e-06,-0.02275147482,0.02275024515,5.338711409,0.04066252731,0.09661288591,-0.0256206771,0.0500942342,0.07265652539,-315577821.4,163592238,63338928.5,3.735231444,-0.8946639966,5.334645156
9.89507458e-09,0.001188854777,3.734852586,0.8954025345,-0.02638261136,5.338812091,-3.746720011,0.1186742503,0.1125327999,2.37284093e-06,-0.02372963872,0.0237284093,5.343081133,0.0426904226,0.09656918867,-0.02382441042,0.05116401879,0.07375377722,-293664816.7,161279200.1,44117529.74,3.734852586,-0.8942136798,5.338812091
9.902001038e-09,0.001231448538,3.734649158,0.8950360564,-0.02486360082,5.342297402,-3.746351609,0.117024511,0.1125364839,2.457858817e-06,-0.02457981358,0.02457858817,5.346748881,0.0445147816,0.09653251119,-0.02225896589,0.05209269864,0.07470453031,-274015088.1,159204068.5,26848554.61,3.734649158,-0.8938046078,5.342297402
9.907904135e-09,0.001267596161,3.734571252,0.8947107231,-0.02356765407,5.345160405,-3.746129217,0.1155796513,0.1125387078,2.530010404e-06,-0.02530132302,0.02530010404,5.349771673,0.0461126765,0.09650228327,-0.02092364607,0.05288015985,0.07550945204,-256850544.1,157391245.2,11741267.77,3.734571252,-0.8934431269,5.345160405
9.911965353e-09,0.001292336253,3.734569785,0.8944797669,-0.02267533119,5.347071483,-3.746026286,0.1145650159,0.1125397371,2.579392439e-06,-0.02579513721,0.02579392439,5.351794968,0.0472348507,0.09648205032,-0.02000438997,0.05341882436,0.07605940655,-244820273.2,156120817.4,1140651.363,3.734569785,-0.8931874306,5.347071483
9.915139874e-09,0.001311580193,3.734598718,0.8942951046,-0.02197741002,5.348531496,-3.745974748,0.1137603075,0.1125402525,2.617804071e-06,-0.02617924779,0.02617804071,5.353343986,0.04812489781,0.09646656014,-0.01928552548,0.05383769088,0.07648668781,-235292974.6,155114822.7,-7260212.168,3.734598718,-0.8929835244,5.348531496
9.918314395e-09,0.001330725753,3.734654379,0.8941067596,-0.02127911583,5.349961467,-3.745948929,0.1129454948,0.1125405107,2.656019422e-06,-0.02656139467,0.02656019422,5.354864084,0.04902616984,0.09645135916,-0.01856639957,0.0542543251,0.07691137667,-225657907.5,154097580.9,-15761205.64,3.734654379,-0.8927760338,5.349961467
9.921502569e-09,0.001349840139,3.734737488,0.8939138443,-0.02057743968,5.351367011,-3.745949197,0.1121170867,0.112540508,2.694172646e-06,-0.02694291933,0.02694172646,5.356361265,0.04994253569,0.09643638735,-0.0178439291,0.05467021165,0.07733498999,-215873770.4,153064772.5,-24399121.13,3.734737488,-0.8925640042,5.351367011
9.92470067e-09,0.001368884824,3.734848554,0.8937164887,-0.01987319436,5.352745805,-3.745976157,0.1112760266,0.1125402384,2.732186843e-06,-0.02732305275,0.02732186843,5.3578331,0.05087295924,0.096421669,-0.01711896761,0.05508453491,0.07775669902,-205951957.1,152017618.7,-33163842.38,3.734848554,-0.8923476039,5.352745805
9.927930486e-09,0.001387971506,3.734989185,0.8935132175,-0.01916157031,5.354106288,-3.746030834,0.1104164844,0.1125396917,2.77028497e-06,-0.02770402441,0.0277028497,5.359288678,0.05182389875,0.09640711322,-0.01638658289,0.05549974849,0.07817900043,-195824023.1,150948909.9,-42115831.18,3.734989185,-0.892125246,5.354106288
9.931209658e-09,0.00140718247,3.735161544,0.8933027129,-0.01843866184,5.355454327,-3.746114894,0.1095334923,0.1125388511,2.808631283e-06,-0.02808747677,0.02808631283,5.360734413,0.05280086138,0.09639265587,-0.01564277847,0.05591766749,0.07860373391,-185431975.9,149852536.5,-51306435.32,3.735161544,-0.8918955304,5.355454327
9.934553763e-09,0.001426582605,3.735368337,0.8930836967,-0.01770100851,5.356794208,-3.746230581,0.1086224384,0.1125376942,2.847355312e-06,-0.028474705,0.02847355312,5.362175104,0.05380896326,0.09637824896,-0.01488402193,0.05633973144,0.07903235112,-174722276.2,148722852.6,-60783153.84,3.735368337,-0.891657114,5.356794208
9.937975364e-09,0.001446213468,3.735612687,0.8928550008,-0.01694580605,5.358128328,-3.746380624,0.1076793632,0.1125361938,2.886540014e-06,-0.02886653855,0.02886540014,5.363613588,0.05485260196,0.09636386412,-0.01410746222,0.05676687648,0.07946578717,-163649290.5,147555038.3,-70586562.76,3.735612687,-0.8914087874,5.358128328
9.941484542e-09,0.001466096178,3.735898076,0.892615545,-0.01617079013,5.359457518,-3.746568162,0.1067008586,0.1125343184,2.926227564e-06,-0.02926339901,0.02926227564,5.365051074,0.0559355686,0.09634948926,-0.01331081015,0.0571995997,0.07990452727,-152174064.8,146344965.4,-80751374.59,3.735898076,-0.8911494488,5.359457518
9.945088872e-09,0.00148623117,3.736228256,0.8923643491,-0.0153742427,5.360781124,-3.746796667,0.1056841157,0.1125320333,2.966418838e-06,-0.02966529502,0.02966418838,5.366487223,0.05706099492,0.09633512777,-0.01249234498,0.05763795451,0.08034860331,-140264852.8,145089249.1,-91305947.89,3.736228256,-0.8908781179,5.360781124
9.948793318e-09,0.001506597669,3.736607138,0.892100554,-0.01455501694,5.362097084,-3.747069838,0.1046269996,0.1125293016,3.007072387e-06,-0.03007181192,0.03007072387,5.367920211,0.05823127094,0.09632079789,-0.01165093993,0.05808154015,0.08079758452,-127897949.4,143785329.5,-102271524.4,3.736607138,-0.8905939563,5.362097084
9.952599772e-09,0.001527151618,3.737038625,0.8918234709,-0.01371263951,5.363401905,-3.747391448,0.1035282295,0.1125260855,3.048100287e-06,-0.03048207035,0.03048100287,5.369346689,0.0594478457,0.09630653311,-0.01078616667,0.05852945682,0.08125053359,-115059748.9,142431683.4,-113660378.9,3.737038625,-0.8902963193,5.363401905
9.956506201e-09,0.001547822109,3.737526337,0.8915326676,-0.01284750316,5.364690559,-3.747765106,0.1023876885,0.1125223489,3.089361017e-06,-0.03089465496,0.03089361017,5.370761647,0.06071088384,0.09629238353,-0.009898491782,0.0589802275,0.08170592947,-101750299.8,141028192,-125472636,3.737526337,-0.8899848455,5.364690559
9.960505258e-09,0.001568506227,3.738073188,0.891228108,-0.01196117711,5.365956317,-3.748193879,0.1012069083,0.1125180612,3.130649165e-06,-0.03130751156,0.03130649165,5.372158189,0.06201872807,0.09627841811,-0.008989592916,0.05943168389,0.08216155472,-87988865.44,139576723.3,-137691300.2,3.738073188,-0.8896596018,5.365956317
9.964582288e-09,0.001589062685,3.738680731,0.8909103576,-0.01105685372,5.367190537,-3.748679707,0.09998976231,0.1125132029,3.171682725e-06,-0.03171782005,0.03171682725,5.37352725,0.06336712981,0.0962647275,-0.008062812529,0.05988082391,0.08261435535,-73821861.17,138081967.5,-150275166.6,3.738680731,-0.8893212949,5.367190537
9.96871283e-09,0.00160930572,3.739348245,0.8905808585,-0.01013991178,5.368382523,-3.749222579,0.09874334812,0.1125077742,3.212090904e-06,-0.03212187258,0.03212090904,5.37485735,0.06474826794,0.0962514265,-0.007123728205,0.06032367143,0.08306030447,-59332932.24,136552506.3,-163149821.6,3.739348245,-0.8889715528,5.368382523
9.972859897e-09,0.001629001638,3.740071554,0.8902422555,-0.009218530436,5.369519566,-3.749819451,0.09747897066,0.1125018055,3.251407226e-06,-0.03251500461,0.03251407226,5.376134532,0.06614965413,0.09623865468,-0.006180770955,0.06075518961,0.08349432196,-44654115.82,135002008.5,-176197675.1,3.740071554,-0.8886132538,5.369519566
9.977006963e-09,0.001648030386,3.740848548,0.8898957393,-0.008296363523,5.370596258,-3.750468759,0.09620210378,0.1124953124,3.289392055e-06,-0.03289481989,0.03289392055,5.377352783,0.06756525576,0.09622647217,-0.00523772283,0.06117281386,0.08391382956,-29849242.46,133436931.4,-189361591.2,3.740848548,-0.8882477089,5.370596258
9.98115403e-09,0.001666354205,3.74167966,0.8895411998,-0.007373398238,5.3716121,-3.751170989,0.09491328869,0.1124882901,3.325970021e-06,-0.03326056471,0.03325970021,5.378511551,0.06899450662,0.09621488449,-0.004294609372,0.06157577731,0.08431806042,-14924750.27,131857651.3,-202635407,3.74167966,-0.8878748456,5.3716121
9.985301096e-09,0.001683935542,3.742565293,0.8891785286,-0.006449621925,5.372566624,-3.751926603,0.09361309343,0.112480734,3.361066166e-06,-0.03361148952,0.03361066166,5.379610305,0.07043681203,0.09620389695,-0.003351456126,0.06196331597,0.08470625054,112632.0155,130264552.4,-216012691.7,3.742565293,-0.8874945931,5.372566624
9.989448163e-09,0.001700737161,3.743505826,0.8888076196,-0.005525022172,5.373459389,-3.752736038,0.09230211252,0.1124726396,3.394606165e-06,-0.03394685111,0.03394606165,5.380648544,0.07189154911,0.09619351456,-0.002408288635,0.06233467074,0.08507764084,15255877.28,128658027.6,-229486731.9,3.743505826,-0.8871068825,5.373459389
9.993595229e-09,0.001716722257,3.744501609,0.8884283691,-0.004599586917,5.374289982,-3.753599706,0.09098096658,0.1124640029,3.426516553e-06,-0.03426591481,0.03426516553,5.381625788,0.07335806709,0.09618374212,-0.001465132441,0.06268908952,0.08543147927,30497666.19,127038479.4,-243050537.6,3.744501609,-0.8867116468,5.374289982
9.997824093e-09,0.001732144236,3.745574261,0.8880329435,-0.003655025971,5.375072539,-3.754536657,0.08962396459,0.1124546334,3.457303212e-06,-0.03457373865,0.03457303212,5.382559033,0.07486493943,0.09617440967,-0.0005034115354,0.0630322887,0.08577345246,46133617.81,125374005.9,-256966694.3,3.745574261,-0.8863007993,5.375072539
1e-08,0.001739721501,3.746148797,0.8878260276,-0.003168667168,5.375449728,-3.755041008,0.08892211306,0.1124495899,3.472429761e-06,-0.03472498142,0.03472429761,5.383014181,0.07564453519,0.09616985819,-8.594174334e-06,0.06320145988,0.08594174334,54213984.22,124512596.1,-264159425.3,3.746148797,-0.8860863061,5.375449728
