time,friction.v_rel_ref,friction.v_rel_sim,friction.v_rel_relerr,outerContactA.v_rel_ref,outerContactA.v_rel_sim,outerContactA.v_rel_relerr
0,0,0,0,0,0,0
1.75410653e-07,9.654366233e-13,-2.765943708e-10,5.22766e-08,-0.001140169215,-0.001140165157,1.46655e-07
1.75410653e-07,9.654366233e-13,-2.765943708e-10,5.22766e-08,-0.001140169215,-0.001140165157,1.46655e-07
0.0007733504761,-0.005309449831,-0.01390098084,1.61816,0.02758282396,0.04698566195,0.701289
0.0007733504761,-0.005309449831,-0.01390098084,1.61816,0.02758282396,0.04698566195,0.701289
0.000775068587,-0.005203562673,-0.01384664483,1.62787,0.02766738284,0.04716501133,0.704715
0.000775068587,-0.005203562673,-0.01384664483,1.62787,0.02766738284,0.04716501133,0.704715
0.05,9.423204218e-06,1.83811232e-05,0.00168717,4.711602694e-06,1.820291538e-05,0.000487625
0.1,9.424627532e-06,1.866793597e-05,0.00174092,4.712313778e-06,1.848669388e-05,0.000497856
0.15,9.424495798e-06,1.866753721e-05,0.00174087,4.712247902e-06,1.848629896e-05,0.000497844
0.2,9.424299608e-06,1.866691096e-05,0.00174079,4.712149804e-06,1.848567877e-05,0.000497826
0.25,9.424008694e-06,1.866610095e-05,0.00174069,4.712004347e-06,1.848487663e-05,0.000497802
0.3,9.423717781e-06,1.86651067e-05,0.00174055,4.71185889e-06,1.848389203e-05,0.000497771
0.35,9.423402519e-06,1.866392848e-05,0.00174039,4.711701259e-06,1.848272523e-05,0.000497735
0.4,9.422847479e-06,1.866256591e-05,0.00174024,4.711423739e-06,1.848137589e-05,0.000497696
0.45,9.422292438e-06,1.86610192e-05,0.00174005,4.711146219e-06,1.847984418e-05,0.000497651
0.5,9.421737398e-06,1.86592883e-05,0.00173983,4.710868699e-06,1.847813008e-05,0.000497599
0.55,9.421182358e-06,1.865737322e-05,0.00173958,4.710591179e-06,1.847623358e-05,0.00049754
0.6,9.420627318e-06,1.865527396e-05,0.00173929,4.710313659e-06,1.847415469e-05,0.000497475
0.65,9.420072277e-06,1.865299054e-05,0.00173896,4.710036139e-06,1.847189343e-05,0.000497404
0.7,9.419103137e-06,1.865052298e-05,0.00173868,4.709551569e-06,1.846944982e-05,0.000497333
0.75,9.417863343e-06,1.86478713e-05,0.00173841,4.708931672e-06,1.846682387e-05,0.00049726
0.8,9.416623548e-06,1.864503553e-05,0.00173811,4.708311774e-06,1.846401563e-05,0.000497181
0.85,9.415383754e-06,1.864201572e-05,0.00173778,4.707691877e-06,1.846102513e-05,0.000497096
0.9,9.41414396e-06,1.863881191e-05,0.00173741,4.70707198e-06,1.845785241e-05,0.000497003
0.95,9.412904165e-06,1.863542414e-05,0.001737,4.706452083e-06,1.845449753e-05,0.000496904
1,9.411593605e-06,1.863185249e-05,0.00173658,4.705796802e-06,1.845096055e-05,0.0004968
1.05,9.40975052e-06,1.862809701e-05,0.00173622,4.70487526e-06,1.844724152e-05,0.000496699
1.1,9.407907435e-06,1.862415777e-05,0.00173582,4.703953718e-06,1.844334051e-05,0.000496591
1.15,9.406064351e-06,1.862003485e-05,0.00173539,4.703032176e-06,1.843925762e-05,0.000496477
1.2,9.404221266e-06,1.861572834e-05,0.00173493,4.702110633e-06,1.84349929e-05,0.000496356
1.25,9.402378182e-06,1.861123831e-05,0.00173443,4.701189091e-06,1.843054647e-05,0.000496229
1.3,9.400535097e-06,1.860656488e-05,0.0017339,4.700267549e-06,1.84259184e-05,0.000496095
1.35,9.398115829e-06,1.860170734e-05,0.00173344,4.699057915e-06,1.842110801e-05,0.000495965
1.4,9.395148478e-06,1.859666571e-05,0.00173305,4.697574239e-06,1.841611531e-05,0.000495838
1.45,9.391924067e-06,1.859144071e-05,0.00173267,4.695962034e-06,1.841094103e-05,0.000495709
1.5,9.388442598e-06,1.858603232e-05,0.00173231,4.694221299e-06,1.840558515e-05,0.000495579
1.55,9.38470407e-06,1.858044053e-05,0.00173196,4.692352035e-06,1.840004764e-05,0.000495446
1.6,9.380708483e-06,1.857466532e-05,0.00173162,4.690354242e-06,1.839432849e-05,0.000495312
1.65,9.376577526e-06,1.856870671e-05,0.00173128,4.688288764e-06,1.838842772e-05,0.000495173
1.7,9.373069508e-06,1.856256472e-05,0.00173078,4.686534755e-06,1.838234535e-05,0.000495016
1.75,9.369562191e-06,1.855623938e-05,0.00173025,4.684781096e-06,1.837608142e-05,0.000494853
1.8,9.366055573e-06,1.854973075e-05,0.00172968,4.683027787e-06,1.836963596e-05,0.000494684
1.85,9.362549655e-06,1.854303887e-05,0.00172908,4.681274828e-06,1.836300905e-05,0.000494508
1.9,9.359044438e-06,1.853616384e-05,0.00172845,4.679522219e-06,1.835620076e-05,0.000494325
1.95,9.35553992e-06,1.852910573e-05,0.00172778,4.67776996e-06,1.834921116e-05,0.000494136
2,9.351904384e-06,1.852186465e-05,0.0017271,4.675952192e-06,1.834204038e-05,0.000493942
2.05,9.348153563e-06,1.851444072e-05,0.00172641,4.674076781e-06,1.833468851e-05,0.000493744
2.1,9.344347129e-06,1.850683406e-05,0.00172569,4.672173564e-06,1.832715569e-05,0.000493541
2.15,9.340485082e-06,1.849904481e-05,0.00172495,4.670242541e-06,1.831944206e-05,0.000493332
2.2,9.336567422e-06,1.849107314e-05,0.00172419,4.668283711e-06,1.831154777e-05,0.000493117
2.25,9.33259415e-06,1.84829192e-05,0.0017234,4.666297075e-06,1.830347299e-05,0.000492897
2.3,9.328538849e-06,1.847458318e-05,0.0017226,4.664269424e-06,1.82952179e-05,0.000492672
2.35,9.324269017e-06,1.846606528e-05,0.0017218,4.662134508e-06,1.828678269e-05,0.000492444
2.4,9.319896187e-06,1.845736571e-05,0.00172098,4.659948093e-06,1.827816757e-05,0.000492212
2.45,9.315420359e-06,1.844848468e-05,0.00172015,4.65771018e-06,1.826937276e-05,0.000491975
2.5,9.310841534e-06,1.843942244e-05,0.00171931,4.655420767e-06,1.826039849e-05,0.000491733
2.55,9.306159712e-06,1.843017923e-05,0.00171845,4.653079856e-06,1.825124501e-05,0.000491487
2.6,9.301374891e-06,1.842075531e-05,0.00171758,4.650687446e-06,1.824191257e-05,0.000491236
2.65,9.29620309e-06,1.841113765e-05,0.00171674,4.648101545e-06,1.823238829e-05,0.000490986
2.7,9.290638284e-06,1.840134538e-05,0.00171594,4.645319142e-06,1.822269108e-05,0.000490736
2.75,9.284761403e-06,1.839137383e-05,0.00171517,4.642380702e-06,1.821281632e-05,0.000490485
2.8,9.278778153e-06,1.838121974e-05,0.00171439,4.639389077e-06,1.820276081e-05,0.00049023
2.85,9.273032511e-06,1.837088211e-05,0.00171352,4.636516256e-06,1.819252354e-05,0.000489963
2.9,9.267387698e-06,1.836036215e-05,0.0017126,4.63369385e-06,1.81821057e-05,0.000489689
2.95,9.261903112e-06,1.834966328e-05,0.00171162,4.630951557e-06,1.81715107e-05,0.000489405
3,9.256638153e-06,1.833878408e-05,0.00171056,4.628319077e-06,1.816073712e-05,0.000489111
3.05,9.251652219e-06,1.832772262e-05,0.00170942,4.62582611e-06,1.814978304e-05,0.000488805
3.1,9.24700471e-06,1.831648071e-05,0.00170818,4.623502354e-06,1.813865026e-05,0.000488487
3.143615326,9.774881924e-06,1.830652641e-05,0.00160688,5.898661009e-06,1.81287926e-05,0.000442042
3.143615326,9.774881924e-06,1.830652641e-05,0.00160688,5.898661009e-06,1.81287926e-05,0.000442042
3.15,3.186427102e-05,3.217052564e-05,5.7681e-05,3.126779005e-05,3.156813852e-05,1.08557e-05
3.2,0.0001751480305,0.0001753206031,3.25029e-05,0.0001717908467,0.0001719600943,6.11723e-06
3.25,0.0002725253937,0.0002726510221,2.36613e-05,0.0002672920308,0.0002674152388,4.45318e-06
3.3,0.000338716332,0.0003387937477,1.45807e-05,0.0003322076583,0.0003322835824,2.74417e-06
3.35,0.0003836629751,0.0003837099778,8.85265e-06,0.0003762883037,0.0003763344007,1.66612e-06
3.4,0.0004141489202,0.0004141771214,5.31151e-06,0.0004061868649,0.0004062145228,9.99656e-07
3.45,0.0004347900235,0.0004348090365,3.58096e-06,0.0004264302646,0.0004264489112,6.73956e-07
3.5,0.0004487258991,0.0004487450369,3.60448e-06,0.0004400976259,0.0004401163949,6.78382e-07
3.55,0.0004581050424,0.0004581244811,3.66117e-06,0.0004492960491,0.0004493151134,6.89052e-07
3.6,0.0004643829944,0.0004643957621,2.40473e-06,0.0004554530315,0.0004554655533,4.52583e-07
3.65,0.0004685451446,0.0004685557415,1.99587e-06,0.0004595349771,0.0004595453698,3.75633e-07
3.7,0.0004712662502,0.0004712769225,2.01006e-06,0.0004622036424,0.0004622141091,3.78304e-07
3.75,0.0004730059648,0.000473012379,1.20808e-06,0.0004639098251,0.0004639161157,2.27367e-07
3.8,0.0004740753892,0.0004740800348,8.74968e-07,0.0004649586318,0.0004649631879,1.64674e-07
3.85,0.0004746868782,0.0004746906001,7.00997e-07,0.0004655583261,0.0004655619763,1.31931e-07
3.9,0.000474985391,0.0004749893287,7.41648e-07,0.0004658510739,0.0004658549358,1.39582e-07
3.95,0.0004750692336,0.000475071424,4.12557e-07,0.0004659332875,0.0004659354358,7.76454e-08
4,0.0004750042871,0.0004750063108,3.81137e-07,0.0004658695786,0.0004658715633,7.17321e-08
4.05,0.0004748361156,0.0004748412313,9.63499e-07,0.0004657046333,0.0004657096504,1.81336e-07
4.1,0.0004745980326,0.0004746042603,1.17294e-06,0.0004654711234,0.000465477231,2.20753e-07
4.15,0.0004743107941,0.0004743182857,1.411e-06,0.0004651894047,0.000465196752,2.65558e-07
4.2,0.0004739890464,0.0004739962532,1.35736e-06,0.0004648738417,0.0004648809097,2.55462e-07
4.25,0.0004736429792,0.0004736482749,9.97427e-07,0.0004645344275,0.0004645396213,1.87721e-07
4.3,0.0004732781707,0.0004732818111,6.85655e-07,0.000464176633,0.0004641802033,1.29044e-07
4.35,0.0004728986616,0.0004729016698,5.66575e-07,0.000463804421,0.0004638073712,1.06632e-07
4.4,0.0004725074498,0.0004725099743,4.7549e-07,0.0004634207315,0.0004634232074,8.94898e-08
4.45,0.0004721069457,0.0004721091309,4.1157e-07,0.0004630279287,0.0004630300718,7.74598e-08
4.5,0.0004716986339,0.0004717006266,3.75308e-07,0.0004626274684,0.0004626294227,7.06351e-08
4.55,0.000471283725,0.0004712852724,2.91434e-07,0.0004622205378,0.0004622220554,5.48494e-08
4.6,0.0004708628627,0.0004708637423,1.65665e-07,0.0004618077684,0.0004618086311,3.1179e-08
4.65,0.0004704366398,0.0004704365736,1.24641e-08,0.0004613897416,0.0004613896767,2.34584e-09
4.7,0.000470005112,0.0004700041668,1.78025e-07,0.0004609665119,0.0004609655849,3.35054e-08
4.75,0.0004695684457,0.0004695667855,3.12697e-07,0.0004605382426,0.0004605366144,5.88513e-08
4.8,0.0004691268401,0.0004691245565,4.30098e-07,0.0004601051289,0.0004601028893,8.09468e-08
4.85,0.0004686798892,0.0004686774564,4.58202e-07,0.0004596667727,0.0004596643868,8.62361e-08
4.9,0.0004682279421,0.0004682254931,4.61263e-07,0.0004592235165,0.0004592211147,8.68122e-08
4.95,0.000467771236,0.0004677688332,4.52549e-07,0.0004587755928,0.0004587732363,8.51722e-08
5,0.0004673095368,0.0004673074962,3.84349e-07,0.0004583227721,0.0004583207707,7.23365e-08
5.05,0.0004668431026,0.0004668414998,3.01881e-07,0.0004578653073,0.0004578637354,5.68156e-08
5.1,0.0004663720425,0.0004663708604,2.22645e-07,0.0004574033056,0.0004574021463,4.19029e-08
5.15,0.0004658964068,0.0004658955927,1.53325e-07,0.0004569368163,0.0004569360179,2.88565e-08
5.2,0.0004654161882,0.0004654157099,9.00824e-08,0.0004564658323,0.0004564653633,1.6954e-08
5.25,0.0004649314559,0.0004649312238,4.37166e-08,0.0004559904214,0.0004559901937,8.22778e-09
5.3,0.000464442265,0.0004644421443,2.2721e-08,0.0004555106376,0.0004555105192,4.27632e-09
5.35,0.0004639485454,0.0004639484802,1.22702e-08,0.0004550264121,0.0004550263482,2.30945e-09
5.4,0.0004634503142,0.0004634502384,1.42655e-08,0.0004545377619,0.0004545376876,2.68498e-09
5.45,0.0004629475417,0.0004629474245,2.20685e-08,0.0004540446577,0.0004540445427,4.15354e-09
5.5,0.0004624401821,0.0004624400424,2.63157e-08,0.0004535470546,0.0004535469175,4.95286e-09
5.55,0.0004619281737,0.0004619280945,1.49186e-08,0.000453044892,0.0004530448144,2.80777e-09
5.6,0.0004614115254,0.0004614115816,1.0599e-08,0.0004525381789,0.000452538234,1.99489e-09
5.65,0.0004608905519,0.0004608905175,6.48575e-09,0.0004520272237,0.00045202719,1.22057e-09
5.7,0.0004603650462,0.0004603649073,2.61629e-08,0.0004515118235,0.0004515116873,4.92392e-09
5.75,0.0004598350042,0.0004598347537,4.71765e-08,0.0004509919741,0.0004509917284,8.8788e-09
5.8,0.0004593004203,0.0004593000612,6.76396e-08,0.0004504676703,0.0004504673181,1.27301e-08
5.85,0.0004587612882,0.0004587608347,8.54114e-08,0.0004499389057,0.0004499384609,1.60748e-08
5.9,0.000458217614,0.0004582170791,1.00752e-07,0.0004494056863,0.0004494051617,1.89619e-08
5.95,0.0004576694085,0.0004576687994,1.14722e-07,0.0004488680228,0.0004488674254,2.15912e-08
6,0.0004571166546,0.0004571160007,1.23146e-07,0.0004483258984,0.0004483252571,2.31766e-08
6.05,0.0004565593476,0.0004565586885,1.24155e-07,0.0004477793085,0.000447778662,2.33666e-08
6.1,0.0004559974825,0.0004559968679,1.15761e-07,0.000447228248,0.0004472276452,2.17868e-08
6.15,0.0004554310535,0.0004554305446,9.58485e-08,0.0004466727115,0.0004466722124,1.80392e-08
6.2,0.0004548601285,0.0004548597243,7.61349e-08,0.0004461127654,0.0004461123689,1.43291e-08
6.25,0.0004542847254,0.0004542844126,5.89182e-08,0.0004455484273,0.0004455481205,1.10889e-08
6.3,0.0004537048271,0.0004537046154,3.98737e-08,0.0004449796805,0.0004449794729,7.50475e-09
6.35,0.0004531204466,0.0004531203388,2.03023e-08,0.0004444065377,0.0004444064319,3.82143e-09
6.4,0.0004525315982,0.0004525315889,1.74231e-09,0.0004438290128,0.0004438290037,3.28447e-10
6.45,0.0004519382974,0.0004519383719,1.40308e-08,0.0004432471213,0.0004432471943,2.64003e-09
6.5,0.0004513405615,0.0004513406942,2.50039e-08,0.0004426608798,0.00044266101,4.70515e-09
6.55,0.0004507384087,0.0004507385623,2.89267e-08,0.0004420703065,0.0004420704571,5.44338e-09
6.6,0.000450131859,0.0004501319828,2.33113e-08,0.0004414754208,0.0004414755422,4.38653e-09
6.65,0.0004495209335,0.0004495209624,5.43267e-09,0.0004408762435,0.0004408762718,1.02171e-09
6.7,0.0004489056548,0.0004489055079,2.76718e-08,0.0004402727967,0.0004402726526,5.20861e-09
6.75,0.0004482860193,0.0004482856264,7.39957e-08,0.0004396650768,0.0004396646915,1.39268e-08
6.8,0.0004476617185,0.000447661325,7.41077e-08,0.0004390527813,0.0004390523954,1.39476e-08
6.85,0.0004470329983,0.0004470326108,7.29742e-08,0.0004384361515,0.0004384357715,1.37338e-08
6.9,0.000446399863,0.0004463994912,7.00277e-08,0.0004378151915,0.0004378148269,1.31787e-08
6.95,0.0004457623168,0.0004457619898,6.15979e-08,0.0004371899054,0.0004371895847,1.15923e-08
7,0.0004451203635,0.0004451200922,5.11018e-08,0.000436560297,0.0004365600309,9.61716e-09
7.05,0.0004444740067,0.0004444737986,3.9192e-08,0.0004359263697,0.0004359261656,7.37583e-09
7.1,0.0004438232496,0.0004438231146,2.54388e-08,0.0004352881268,0.0004352879943,4.78749e-09
7.15,0.0004431680955,0.0004431680459,9.33699e-09,0.0004346455713,0.0004346455227,1.75706e-09
7.2,0.000442508547,0.0004425085985,9.6946e-09,0.0004339987061,0.0004339987566,1.8248e-09
7.25,0.0004418446069,0.0004418447785,3.23127e-08,0.0004333475337,0.0004333477019,6.08168e-09
7.3,0.0004411762775,0.000441176592,5.92496e-08,0.0004326920563,0.0004326923649,1.11514e-08
7.35,0.0004405036272,0.0004405040456,7.88044e-08,0.0004320323412,0.0004320327516,1.48317e-08
7.4,0.0004398266859,0.0004398271457,8.66013e-08,0.0004313684177,0.0004313688686,1.62992e-08
7.45,0.0004391454089,0.0004391458991,9.23212e-08,0.0004307002417,0.0004307007224,1.73757e-08
7.5,0.000438459804,0.0004384603125,9.57643e-08,0.0004300278212,0.0004300283198,1.80237e-08
7.55,0.0004377698794,0.000437770393,9.67378e-08,0.0004293511639,0.0004293516676,1.82069e-08
7.6,0.0004370756431,0.0004370761478,9.50557e-08,0.0004286702779,0.0004286707729,1.78902e-08
7.65,0.0004363771035,0.0004363775842,9.05386e-08,0.0004279851713,0.0004279856428,1.70399e-08
7.7,0.0004356742688,0.0004356747096,8.30141e-08,0.0004272958524,0.0004272962846,1.56236e-08
7.75,0.0004349671477,0.0004349675317,7.23165e-08,0.0004266023293,0.0004266027059,1.36101e-08
7.8,0.0004342557488,0.0004342560582,5.8287e-08,0.0004259046107,0.0004259049142,1.09694e-08
7.85,0.0004335400807,0.0004335402972,4.07736e-08,0.0004252027051,0.0004252029174,7.67305e-09
7.9,0.0004328201524,0.0004328202567,1.96308e-08,0.0004244966212,0.0004244967234,3.69365e-09
7.95,0.0004320959093,0.0004320959448,6.68717e-09,0.0004237863055,0.0004237863403,1.25735e-09
8,0.0004313674003,0.0004313673702,5.67603e-09,0.0004230718058,0.0004230717762,1.06967e-09
8.05,0.0004306346346,0.0004306345412,1.7603e-08,0.0004223531314,0.0004223530397,3.31455e-09
8.1,0.0004298976187,0.0004298974666,2.86543e-08,0.0004216302885,0.0004216301392,5.39458e-09
8.15,0.0004291563589,0.0004291561552,3.8356e-08,0.0004209032833,0.0004209030835,7.22051e-09
8.2,0.0004284108615,0.0004284106162,4.61987e-08,0.000420172122,0.0004201718814,8.69648e-09
8.25,0.0004276611328,0.0004276608586,5.16385e-08,0.0004194368107,0.0004194365418,9.72008e-09
8.3,0.000426907179,0.0004269068918,5.40963e-08,0.0004186973557,0.000418697074,1.01823e-08
8.35,0.0004261490064,0.0004261487253,5.29581e-08,0.000417953763,0.0004179534872,9.96752e-09
8.4,0.0004253866212,0.0004253863686,4.7575e-08,0.0004172060386,0.0004172057909,8.95363e-09
8.45,0.0004246200295,0.0004246198317,3.72632e-08,0.0004164541887,0.0004164539947,7.01186e-09
8.5,0.0004238492489,0.000423849117,2.48562e-08,0.0004156982304,0.000415698101,4.6765e-09
8.55,0.0004230742995,0.0004230742179,1.53738e-08,0.0004149381835,0.0004149381034,2.89241e-09
8.6,0.0004222951727,0.0004222951431,5.57865e-09,0.0004141740395,0.0004141740105,1.04929e-09
8.65,0.000421511876,0.0004215118984,4.21099e-09,0.0004134058058,0.0004134058278,7.92922e-10
8.7,0.0004207244169,0.0004207244897,1.37114e-08,0.0004126334898,0.0004126335612,2.5808e-09
8.75,0.0004199328029,0.0004199329233,2.26733e-08,0.0004118570988,0.0004118572168,4.26743e-09
8.8,0.0004191370416,0.0004191372056,3.08821e-08,0.0004110766402,0.000411076801,5.81239e-09
8.85,0.0004183371407,0.0004183373433,3.81578e-08,0.0004102921215,0.0004102923202,7.18177e-09
8.9,0.0004175331076,0.0004175333431,4.4355e-08,0.0004095035503,0.0004095037813,8.34818e-09
8.95,0.0004167249503,0.0004167252124,4.93626e-08,0.000408710934,0.0004087111911,9.29073e-09
9,0.0004159126763,0.0004159129583,5.31044e-08,0.0004079142804,0.0004079145569,9.99503e-09
9.05,0.0004150962936,0.0004150965885,5.55385e-08,0.0004071135969,0.0004071138861,1.04532e-08
9.1,0.0004142758122,0.0004142761107,5.62215e-08,0.0004063088936,0.0004063091864,1.05818e-08
9.15,0.000413451239,0.000413451533,5.53627e-08,0.0004055001773,0.0004055004655,1.04201e-08
9.2,0.0004126225817,0.0004126228636,5.30876e-08,0.0004046874553,0.0004046877317,9.99191e-09
9.25,0.0004117898483,0.0004117901109,4.94684e-08,0.0004038707356,0.0004038709932,9.31068e-09
9.3,0.0004109530469,0.0004109532837,4.46111e-08,0.0004030500261,0.0004030502584,8.39637e-09
9.35,0.0004101121857,0.0004101123909,3.86547e-08,0.000402225335,0.0004022255363,7.27516e-09
9.4,0.000409267273,0.0004092674417,3.17716e-08,0.0004013966702,0.0004013968357,5.9795e-09
9.45,0.000408418317,0.0004084184453,2.41676e-08,0.0004005640399,0.0004005641658,4.54812e-09
9.5,0.000407565326,0.0004075654114,1.60819e-08,0.0003997274523,0.000399727536,3.02603e-09
9.55,0.0004067083085,0.0004067083499,7.78684e-09,0.0003988869155,0.000398886956,1.46453e-09
9.6,0.0004058472729,0.0004058472707,4.11673e-10,0.0003980424379,0.0003980424357,7.88177e-11
9.65,0.0004049822276,0.0004049821842,8.17451e-09,0.0003971940277,0.0003971939851,1.54018e-09
9.7,0.0004041131811,0.0004041131008,1.51292e-08,0.0003963416933,0.0003963416145,2.84943e-09
9.75,0.0004032401421,0.0004032400313,2.08699e-08,0.0003954854431,0.0003954853344,3.93018e-09
9.8,0.0004023631191,0.0004023629866,2.49574e-08,0.0003946252856,0.0003946251556,4.69974e-09
9.85,0.0004014821209,0.000401481978,2.69192e-08,0.0003937612293,0.000393761089,5.06918e-09
9.9,0.0004005971561,0.0004005970167,2.62494e-08,0.0003928932826,0.0003928931459,4.94325e-09
9.95,0.0003997082335,0.0003997081145,2.24089e-08,0.0003920214543,0.0003920213375,4.22045e-09
10,0.0003988153619,0.0003988152832,1.4825e-08,0.000391145753,0.0003911456757,2.79301e-09
10.05,0.0003979185502,0.0003979185348,2.89198e-09,0.0003902661873,0.0003902661722,5.46858e-10
10.1,0.0003970178073,0.0003970178818,1.40295e-08,0.000389382766,0.000389382839,2.63834e-09
10.15,0.0003961131422,0.0003961133365,3.6612e-08,0.0003884954979,0.0003884956885,6.8892e-09
10.2,0.0003952045638,0.0003952049119,6.55615e-08,0.0003876043919,0.0003876047332,1.23386e-08
10.25,0.0003942920952,0.0003942926208,9.89896e-08,0.0003867094704,0.0003867099859,1.86312e-08
10.3,0.0003933757416,0.0003933764765,1.38418e-07,0.0003858107386,0.0003858114594,2.60532e-08
10.35,0.0003924555063,0.0003924564925,1.85739e-07,0.0003849081998,0.000384909167,3.49613e-08
10.4,0.0003915313988,0.0003915326823,2.41727e-07,0.0003840018632,0.0003840031221,4.55007e-08
10.45,0.0003906034289,0.0003906049215,2.81129e-07,0.0003830917385,0.0003830932025,5.29158e-08
10.5,0.0003896716061,0.0003896732825,3.15749e-07,0.000382177835,0.0003821794793,5.94305e-08
10.55,0.0003887359402,0.0003887377998,3.50235e-07,0.0003812601624,0.0003812619862,6.59203e-08
10.6,0.0003877964411,0.0003877984794,3.83909e-07,0.0003803387302,0.0003803407294,7.22575e-08
10.65,0.0003868531185,0.000386855328,4.16135e-07,0.0003794135481,0.0003794157151,7.83223e-08
10.7,0.0003859059825,0.0003859083522,4.46317e-07,0.0003784846259,0.00037848695,8.40025e-08
10.75,0.000384955043,0.0003849575592,4.739e-07,0.0003775519734,0.0003775544411,8.91939e-08
10.8,0.0003840003101,0.0003840029562,4.98374e-07,0.0003766156003,0.0003766181955,9.37999e-08
10.85,0.0003830417939,0.0003830445509,5.19266e-07,0.0003756755168,0.0003756782207,9.77321e-08
10.9,0.0003820795045,0.0003820823512,5.36148e-07,0.0003747317326,0.0003747345245,1.0091e-07
10.95,0.0003811134522,0.0003811163652,5.48633e-07,0.0003737842579,0.0003737871148,1.0326e-07
11,0.0003801436474,0.0003801466014,5.56375e-07,0.0003728331028,0.000372836,1.04717e-07
11.05,0.0003791701002,0.0003791730686,5.59068e-07,0.0003718782774,0.0003718811886,1.05224e-07
11.1,0.0003781928213,0.0003781957757,5.56451e-07,0.0003709197919,0.0003709226895,1.04731e-07
11.15,0.000377211821,0.0003772147322,5.48302e-07,0.0003699576567,0.0003699605119,1.03198e-07
11.2,0.0003762271099,0.0003762299475,5.34442e-07,0.000368991882,0.000368994665,1.00589e-07
11.25,0.0003752386986,0.0003752414316,5.14733e-07,0.0003680224783,0.0003680251587,9.68794e-08
11.3,0.0003742465978,0.0003742491946,4.89077e-07,0.000367049456,0.0003670520028,9.20506e-08
11.35,0.0003732508182,0.0003732532469,4.57421e-07,0.0003660728257,0.0003660752076,8.60924e-08
11.4,0.0003722513222,0.0003722535993,4.28878e-07,0.0003650925503,0.0003650947837,8.072e-08
11.45,0.0003712481159,0.0003712502627,4.04341e-07,0.0003641086362,0.0003641107417,7.61016e-08
11.5,0.0003702412476,0.0003702432485,3.7687e-07,0.0003631211303,0.0003631230928,7.0931e-08
11.55,0.000369230727,0.0003692325682,3.4679e-07,0.0003621300425,0.0003621318483,6.52692e-08
11.6,0.000368216564,0.0003682182337,3.14472e-07,0.0003611353824,0.0003611370199,5.91863e-08
11.65,0.0003671987686,0.0003672002571,2.80338e-07,0.0003601371596,0.0003601386194,5.27614e-08
11.7,0.0003661773507,0.0003661786507,2.44855e-07,0.000359135384,0.000359136659,4.60825e-08
11.75,0.0003651523202,0.0003651534274,2.08538e-07,0.0003581300653,0.0003581311511,3.92469e-08
11.8,0.0003641236871,0.0003641246,1.71953e-07,0.0003571212132,0.0003571221086,3.23606e-08
11.85,0.0003630914614,0.0003630921819,1.3571e-07,0.0003561088377,0.0003561095443,2.55387e-08
11.9,0.0003620556531,0.0003620561866,1.00469e-07,0.0003550929485,0.0003550934716,1.89054e-08
11.95,0.0003610162724,0.0003610166278,6.69369e-08,0.0003540735555,0.000354073904,1.25939e-08
12,0.0003599733293,0.0003599735197,3.58699e-08,0.0003530506687,0.0003530508554,6.7463e-09
12.05,0.0003589268339,0.0003589268768,8.0706e-09,0.0003520242979,0.0003520243398,1.51383e-09
12.1,0.0003578767964,0.0003578767136,1.56099e-08,0.0003509944531,0.0003509943717,2.94332e-09
12.15,0.000356823227,0.0003568230451,3.42727e-08,0.0003499611444,0.0003499609657,6.45596e-09
12.2,0.0003557661359,0.0003557658865,4.6971e-08,0.0003489243816,0.0003489241368,8.84586e-09
12.25,0.0003547055333,0.0003547052534,5.27102e-08,0.0003478841748,0.0003478839002,9.92578e-09
12.3,0.0003536414294,0.0003536411616,5.04479e-08,0.0003468405342,0.0003468402714,9.49949e-09
12.35,0.0003525738347,0.0003525736271,3.90936e-08,0.0003457934698,0.0003457932661,7.36172e-09
12.4,0.0003515027593,0.0003515026663,1.75091e-08,0.0003447429917,0.0003447429004,3.29821e-09
12.45,0.0003504282136,0.0003504282959,1.54918e-08,0.00034368911,0.0003436891907,2.91432e-09
12.5,0.0003493502081,0.0003493505327,6.11429e-08,0.0003426318351,0.0003426321535,1.15082e-08
12.55,0.000348268758,0.0003482693941,1.19793e-07,0.0003415711818,0.0003415718056,2.2549e-08
12.6,0.0003471838777,0.0003471848974,1.92051e-07,0.0003405071642,0.0003405081644,3.61514e-08
12.65,0.0003460955708,0.0003460970604,2.80555e-07,0.000339439786,0.0003394412472,5.28119e-08
12.7,0.0003450038481,0.000345005469,3.05287e-07,0.0003383690576,0.0003383706475,5.74647e-08
12.75,0.0003439087201,0.0003439104541,3.26585e-07,0.0003372949895,0.0003372966903,6.14713e-08
12.8,0.0003428101977,0.0003428120549,3.49791e-07,0.0003362175922,0.0003362194137,6.58375e-08
12.85,0.0003417082914,0.0003417102775,3.74064e-07,0.0003351368761,0.000335138824,7.04047e-08
12.9,0.0003406030121,0.0003406051285,3.9862e-07,0.0003340528518,0.0003340549276,7.50254e-08
12.95,0.0003394943705,0.000339496615,4.22732e-07,0.00033296553,0.0003329677313,7.95629e-08
13,0.0003383823775,0.0003383847441,4.45734e-07,0.0003318749211,0.0003318772422,8.38917e-08
13.05,0.0003372670439,0.0003372695235,4.67016e-07,0.000330781036,0.0003307834678,8.7897e-08
13.1,0.0003361483806,0.0003361509612,4.86029e-07,0.0003296838851,0.000329686416,9.14754e-08
13.15,0.0003350263986,0.0003350290654,5.0228e-07,0.0003285834793,0.0003285860948,9.45341e-08
13.2,0.0003339011087,0.0003339038448,5.15336e-07,0.0003274798293,0.0003274825128,9.69915e-08
13.25,0.0003327725219,0.0003327753084,5.24821e-07,0.0003263729458,0.0003263756787,9.87768e-08
13.3,0.0003316406493,0.0003316434655,5.30418e-07,0.0003252628397,0.0003252656018,9.98305e-08
13.35,0.0003305055019,0.0003305083258,5.31869e-07,0.0003241495218,0.0003241522914,1.00104e-07
13.4,0.0003293670908,0.0003293698993,5.28973e-07,0.0003230330029,0.0003230357574,9.9559e-08
13.45,0.000328225427,0.0003282281964,5.21588e-07,0.0003219132939,0.00032191601,9.81694e-08
13.5,0.0003270805218,0.0003270832277,5.09632e-07,0.0003207904058,0.0003207930596,9.59193e-08
13.55,0.0003259323863,0.0003259350042,4.93078e-07,0.0003196643495,0.0003196669171,9.28038e-08
13.6,0.0003247810316,0.0003247835375,4.7196e-07,0.000318535136,0.0003185375937,8.88293e-08
13.65,0.0003236264691,0.0003236288391,4.4637e-07,0.0003174027763,0.0003174051007,8.4013e-08
13.7,0.0003224687137,0.0003224709212,4.1576e-07,0.0003162672851,0.0003162694502,7.82518e-08
13.75,0.0003213077848,0.0003213097961,3.78823e-07,0.0003151286814,0.0003151306541,7.12997e-08
13.8,0.0003201436842,0.0003201454766,3.37591e-07,0.0003139869671,0.0003139887251,6.35391e-08
13.85,0.0003189764236,0.0003189779758,2.92359e-07,0.0003128421535,0.0003128436759,5.50256e-08
13.9,0.0003178060144,0.0003178073072,2.43478e-07,0.0003116942519,0.0003116955198,4.58254e-08
13.95,0.0003166324683,0.0003166334844,1.91359e-07,0.0003105432738,0.0003105442702,3.60157e-08
14,0.000315455797,0.0003154565216,1.36469e-07,0.0003093892304,0.0003093899411,2.56842e-08
14.05,0.000314276012,0.0003142764332,7.93325e-08,0.0003082321334,0.0003082325464,1.49298e-08
14.1,0.0003130931251,0.0003130932342,2.05316e-08,0.000307071994,0.0003070721009,3.86217e-09
14.15,0.0003119071481,0.0003119069395,3.92939e-08,0.0003059088239,0.0003059086192,7.39836e-09
14.2,0.0003107180927,0.0003107175646,9.94466e-08,0.0003047426347,0.0003047421167,1.87205e-08
14.25,0.0003095259706,0.0003095251255,1.59172e-07,0.0003035734378,0.0003035726088,2.99622e-08
14.3,0.0003083307939,0.0003083296383,2.17657e-07,0.0003024012449,0.0003024001114,4.09705e-08
14.35,0.0003071325743,0.0003071311194,2.74032e-07,0.0003012260678,0.0003012246406,5.15817e-08
14.4,0.0003059313238,0.0003059295857,3.27369e-07,0.000300047918,0.0003000462131,6.16211e-08
14.45,0.0003047270544,0.0003047250544,3.76685e-07,0.0002988668073,0.0002988648456,7.09034e-08
14.5,0.000303519778,0.0003035175431,4.20935e-07,0.0002976827474,0.0002976805553,7.92324e-08
14.55,0.0003023095067,0.0003023070695,4.5902e-07,0.0002964957503,0.0002964933598,8.64009e-08
14.6,0.0003010962525,0.000301093652,4.89783e-07,0.0002953058276,0.0002953032769,9.21911e-08
14.65,0.0002998800275,0.0002998773091,5.12008e-07,0.0002941129914,0.0002941103249,9.63742e-08
14.7,0.000298660844,0.0002986580596,5.24423e-07,0.0002929172534,0.0002929145223,9.87108e-08
14.75,0.000297438714,0.0002974359229,5.25697e-07,0.0002917186256,0.0002917158879,9.89503e-08
14.8,0.0002962136498,0.0002962109184,5.14444e-07,0.0002905171201,0.000290514441,9.68315e-08
14.85,0.0002949856622,0.0002949830662,4.88943e-07,0.0002893127474,0.0002893102011,9.20311e-08
14.9,0.0002937547539,0.0002937523865,4.45893e-07,0.0002881055101,0.000288103188,8.39272e-08
14.95,0.0002925209463,0.0002925188998,3.85442e-07,0.0002868954293,0.0002868934221,7.25478e-08
15,0.0002912842516,0.0002912826272,3.05946e-07,0.0002856825169,0.0002856809238,5.75836e-08
15.05,0.0002900446821,0.00029004359,2.05705e-07,0.0002844667851,0.0002844657139,3.87144e-08
15.1,0.0002888022501,0.0002888018097,8.29601e-08,0.0002832482457,0.0002832478139,1.56091e-08
15.15,0.000287556968,0.0002875573083,6.41072e-08,0.000282026911,0.0002820272451,1.20746e-08
15.2,0.0002863088479,0.0002863101082,2.37372e-07,0.000280802793,0.0002808040295,4.46896e-08
15.25,0.0002850579025,0.0002850592783,2.59139e-07,0.0002795759039,0.0002795772536,4.87828e-08
15.3,0.000283804144,0.0002838056455,2.82803e-07,0.0002783462559,0.0002783477288,5.32337e-08
15.35,0.0002825475849,0.0002825492343,3.10649e-07,0.0002771138612,0.000277115479,5.84722e-08
15.4,0.0002812882378,0.0002812900507,3.41459e-07,0.000275878732,0.0002758805102,6.42688e-08
15.45,0.0002800261151,0.0002800281012,3.74081e-07,0.0002746408807,0.0002746428286,7.0407e-08
15.5,0.0002787612294,0.0002787633926,4.07433e-07,0.0002734003194,0.000273402441,7.66831e-08
15.55,0.0002774935932,0.0002774959321,4.40504e-07,0.0002721570607,0.0002721593545,8.29065e-08
15.6,0.0002762232193,0.0002762257272,4.72347e-07,0.0002709111167,0.0002709135764,8.88992e-08
15.65,0.0002749501202,0.000274952786,5.02089e-07,0.0002696625001,0.0002696651146,9.44965e-08
15.7,0.0002736743087,0.000273677117,5.2892e-07,0.0002684112231,0.0002684139773,9.95464e-08
15.75,0.0002723957974,0.0002723987288,5.52104e-07,0.0002671572984,0.0002671601733,1.0391e-07
15.8,0.0002711145991,0.0002711176306,5.7097e-07,0.0002659007382,0.0002659037114,1.07461e-07
15.85,0.0002698307266,0.0002698338322,5.84917e-07,0.0002646415553,0.0002646446011,1.10086e-07
15.9,0.0002685441927,0.0002685473434,5.93412e-07,0.0002633797622,0.0002633828523,1.11685e-07
15.95,0.0002672550102,0.0002672581746,5.95992e-07,0.0002621153715,0.000262118475,1.12171e-07
16,0.0002659631921,0.0002659663366,5.92262e-07,0.0002608483957,0.0002608514798,1.1147e-07
16.05,0.0002646687453,0.0002646718407,5.82988e-07,0.000259578842,0.0002595818778,1.09725e-07
16.1,0.0002633716877,0.0002633746983,5.6703e-07,0.0002583067275,0.0002583096802,1.06722e-07
16.15,0.000262072032,0.0002620749215,5.44204e-07,0.000257032065,0.0002570348989,1.02426e-07
16.2,0.0002607697913,0.0002607725226,5.14409e-07,0.0002557548671,0.0002557575459,9.68186e-08
16.25,0.0002594649785,0.0002594675143,4.77613e-07,0.0002544751466,0.0002544776337,8.98934e-08
16.3,0.0002581576064,0.0002581599099,4.33852e-07,0.0002531929161,0.0002531951753,8.16573e-08
16.35,0.0002568476882,0.000256849723,3.83234e-07,0.0002519081884,0.000251910184,7.21304e-08
16.4,0.0002555352368,0.0002555369674,3.25934e-07,0.0002506209762,0.0002506226735,6.13459e-08
16.45,0.0002542202654,0.0002542216575,2.62199e-07,0.0002493312924,0.0002493326578,4.93501e-08
16.5,0.0002529027869,0.0002529038081,1.92344e-07,0.0002480391498,0.0002480401514,3.62023e-08
16.55,0.0002515828144,0.0002515834343,1.16753e-07,0.0002467445612,0.0002467451692,2.1975e-08
16.6,0.0002502603612,0.0002502605518,3.5883e-08,0.0002454475396,0.0002454477265,6.75374e-09
16.65,0.0002489354404,0.0002489351763,4.97432e-08,0.0002441480978,0.0002441478388,9.36268e-09
16.7,0.0002476080651,0.0002476073243,1.39531e-07,0.0002428462488,0.0002428455221,2.62625e-08
16.75,0.0002462782486,0.0002462770125,2.32817e-07,0.0002415420054,0.000241540793,4.38207e-08
16.8,0.0002449460042,0.0002449442581,3.28867e-07,0.0002402353808,0.0002402336682,6.18993e-08
16.85,0.000243611345,0.0002436090785,4.26878e-07,0.0002389263879,0.0002389241649,8.0347e-08
16.9,0.0002422742844,0.0002422714917,5.25977e-07,0.0002376150398,0.0002376123008,9.89996e-08
16.95,0.0002409348357,0.0002409315161,6.25222e-07,0.0002363013495,0.0002362980936,1.1768e-07
17,0.0002395930123,0.0002395891704,7.23599e-07,0.0002349853302,0.000234981562,1.36196e-07
17.05,0.0002382488275,0.0002382444736,8.20027e-07,0.0002336669949,0.0002336627245,1.54346e-07
17.1,0.0002369022947,0.0002368974453,9.13352e-07,0.0002323463567,0.0002323416004,1.71912e-07
17.15,0.0002355534274,0.0002355481054,1.00235e-06,0.000231023429,0.0002310182091,1.88664e-07
17.2,0.000234202239,0.0002341964743,1.08574e-06,0.0002296982247,0.0002296925707,2.04359e-07
17.25,0.000232848743,0.0002328425726,1.16215e-06,0.0002283707573,0.0002283647053,2.18741e-07
17.3,0.0002314929529,0.0002314864215,1.23015e-06,0.0002270410399,0.0002270346338,2.3154e-07
17.35,0.0002301348822,0.0002301280424,1.28823e-06,0.0002257090858,0.0002257023772,2.42473e-07
17.4,0.0002287745446,0.0002287674573,1.33484e-06,0.0002243749082,0.0002243679569,2.51245e-07
17.45,0.0002274119535,0.0002274046885,1.36832e-06,0.0002230385206,0.000223031395,2.57547e-07
17.5,0.0002260471226,0.0002260397586,1.38697e-06,0.0002216999363,0.0002216927135,2.61056e-07
17.55,0.0002246800656,0.0002246726907,1.389e-06,0.0002203591686,0.0002203519353,2.61437e-07
17.6,0.000223310796,0.0002233035084,1.37256e-06,0.0002190162309,0.0002190090832,2.58342e-07
17.65,0.0002219393276,0.0002219322356,1.33573e-06,0.0002176711367,0.0002176641808,2.51409e-07
17.7,0.0002205656741,0.0002205588964,1.27652e-06,0.0002163238994,0.0002163172519,2.40264e-07
17.75,0.0002191898492,0.0002191835157,1.19287e-06,0.0002149745325,0.0002149683207,2.24517e-07
17.8,0.0002178118667,0.0002178061184,1.08264e-06,0.0002136230494,0.0002136174117,2.03768e-07
17.85,0.0002164317404,0.0002164267301,9.43642e-07,0.0002122694638,0.00021226455,1.77603e-07
17.9,0.000215049484,0.0002150453767,7.73592e-07,0.0002109137891,0.0002109097609,1.45593e-07
17.95,0.0002136651115,0.0002136620843,5.70153e-07,0.000209556039,0.0002095530703,1.07298e-07
18,0.0002122786367,0.0002122768797,3.30911e-07,0.0002081962269,0.0002081945042,6.22641e-08
18.05,0.0002108900734,0.0002108886431,2.6939e-07,0.0002068343666,0.0002068329642,5.06867e-08
18.1,0.0002094994356,0.0002094979097,2.87397e-07,0.0002054704717,0.0002054689754,5.40805e-08
18.15,0.0002081067373,0.0002081051518,2.98622e-07,0.0002041045558,0.000204103001,5.61971e-08
18.2,0.0002067119923,0.0002067103746,3.04691e-07,0.0002027366327,0.0002027350461,5.73426e-08
18.25,0.0002053152147,0.0002053135839,3.07152e-07,0.000201366716,0.0002013651166,5.78085e-08
18.3,0.0002039164185,0.000203914786,3.07474e-07,0.0001999948195,0.0001999932183,5.78712e-08
18.35,0.0002025155651,0.0002025139874,2.97145e-07,0.0001986209054,0.000198619358,5.59288e-08
18.4,0.0002011126932,0.0002011111953,2.82118e-07,0.0001972450117,0.0001972435425,5.31018e-08
18.45,0.0001997078363,0.0001997064173,2.67252e-07,0.000195867171,0.0001958657792,5.03047e-08
18.5,0.0001983010078,0.0001982996613,2.53603e-07,0.0001944873967,0.000194486076,4.77364e-08
18.55,0.0001968922214,0.0001968909357,2.42147e-07,0.0001931057022,0.0001931044411,4.55804e-08
18.6,0.0001954814907,0.0001954802495,2.33775e-07,0.0001917221008,0.0001917208833,4.40048e-08
18.65,0.0001940688294,0.0001940676119,2.29298e-07,0.0001903366058,0.0001903354117,4.3162e-08
18.7,0.000192654251,0.0001926530328,2.29443e-07,0.0001889492307,0.0001889480358,4.31888e-08
18.75,0.0001912377692,0.0001912365222,2.34854e-07,0.0001875599888,0.0001875587657,4.42068e-08
18.8,0.0001898193976,0.000189818091,2.46094e-07,0.0001861688934,0.0001861676118,4.63218e-08
18.85,0.0001883991499,0.0001883977501,2.63642e-07,0.0001847759579,0.000184774585,4.96239e-08
18.9,0.0001869770397,0.0001869755111,2.87895e-07,0.0001833811958,0.0001833796966,5.4188e-08
18.95,0.0001855530807,0.0001855513861,3.19166e-07,0.0001819846205,0.0001819829584,6.0073e-08
19,0.0001841272865,0.0001841253873,3.57687e-07,0.0001805862452,0.0001805843826,6.73224e-08
19.05,0.0001826996707,0.0001826975278,4.03606e-07,0.0001791860835,0.0001791839818,7.59642e-08
19.1,0.0001812702472,0.0001812678208,4.56986e-07,0.0001777841487,0.000177781769,8.60106e-08
19.15,0.0001798390294,0.0001798362801,5.17811e-07,0.0001763804542,0.0001763777577,9.74581e-08
19.2,0.0001784060311,0.0001784029199,5.85979e-07,0.0001749750134,0.000174971962,1.10288e-07
19.25,0.000176971266,0.0001769677548,6.61305e-07,0.0001735678397,0.0001735643961,1.24465e-07
19.3,0.0001755347477,0.0001755308,7.43521e-07,0.0001721589466,0.0001721550749,1.39939e-07
19.35,0.0001740964899,0.000174092071,8.32277e-07,0.0001707483475,0.0001707440135,1.56644e-07
19.4,0.0001726565063,0.0001726515837,9.27137e-07,0.0001693360557,0.0001693312278,1.74497e-07
19.45,0.0001712148105,0.0001712093546,1.02758e-06,0.0001679220847,0.0001679167337,1.93403e-07
19.5,0.0001697714163,0.0001697654006,1.13301e-06,0.0001665064479,0.0001665005479,2.13247e-07
19.55,0.0001683263373,0.000168319739,1.24275e-06,0.0001650891587,0.0001650826873,2.339e-07
19.6,0.0001668795872,0.0001668723875,1.35601e-06,0.0001636702305,0.0001636631693,2.55218e-07
19.65,0.0001654311796,0.0001654233644,1.47195e-06,0.0001622496768,0.0001622420118,2.7704e-07
19.7,0.0001639811283,0.0001639726882,1.58963e-06,0.0001608275109,0.0001608192331,2.9919e-07
19.75,0.0001625294469,0.0001625203782,1.70803e-06,0.0001594037463,0.0001593948519,3.21476e-07
19.8,0.0001610761491,0.0001610664537,1.82605e-06,0.0001579783964,0.0001579688874,3.4369e-07
19.85,0.0001596212485,0.0001596109349,1.9425e-06,0.0001565514746,0.0001565413591,3.65608e-07
19.9,0.0001581647589,0.0001581538421,2.05611e-06,0.0001551229942,0.0001551122872,3.86991e-07
19.95,0.0001567066939,0.0001566951962,2.16551e-06,0.0001536929688,0.000153681692,4.07584e-07
20,0.0001552470672,0.0001552350186,2.26928e-06,0.0001522614117,0.0001522495945,4.27115e-07
20.05,0.0001537858924,0.0001537733309,2.36588e-06,0.0001508283363,0.000150816016,4.45297e-07
20.1,0.0001523231832,0.0001523101554,2.45371e-06,0.0001493937559,0.0001493809784,4.61829e-07
20.15,0.0001508589533,0.0001508455147,2.53106e-06,0.0001479576841,0.0001479445037,4.76389e-07
20.2,0.0001493932162,0.0001493794319,2.59618e-06,0.0001465201342,0.0001465066146,4.88645e-07
20.25,0.0001479259857,0.0001479119306,2.64718e-06,0.0001450811195,0.0001450673343,4.98246e-07
20.3,0.0001464572754,0.0001464430348,2.68213e-06,0.0001436406535,0.0001436266863,5.04824e-07
20.35,0.0001449870989,0.0001449727687,2.69899e-06,0.0001421987495,0.0001421846945,5.07999e-07
20.4,0.0001435154832,0.0001435011574,2.69816e-06,0.0001407554339,0.0001407413833,5.07842e-07
20.45,0.0001420426186,0.0001420282262,2.71073e-06,0.0001393108936,0.0001392967775,5.10208e-07
20.5,0.0001405683499,0.0001405540007,2.70257e-06,0.000137864976,0.0001378509024,5.08672e-07
20.55,0.0001390926916,0.0001390785072,2.67153e-06,0.0001364176956,0.0001364037836,5.02829e-07
20.6,0.0001376156585,0.0001376017724,2.61536e-06,0.0001349690669,0.0001349554474,4.92256e-07
20.65,0.0001361372654,0.0001361238232,2.53175e-06,0.0001335191043,0.0001335059203,4.76517e-07
20.7,0.0001346575272,0.0001346446874,2.41829e-06,0.0001320678224,0.0001320552293,4.55161e-07
20.75,0.0001331764585,0.0001331643928,2.27251e-06,0.0001306152358,0.0001306034019,4.27721e-07
20.8,0.0001316940744,0.0001316829678,2.09185e-06,0.0001291613589,0.0001291504658,3.93716e-07
20.85,0.0001302103896,0.0001302004413,1.87369e-06,0.0001277062064,0.0001276964495,3.52651e-07
20.9,0.0001287254191,0.0001287168427,1.61531e-06,0.0001262497929,0.0001262413816,3.04015e-07
20.95,0.0001272391778,0.0001272322017,1.31391e-06,0.0001247921331,0.0001247852914,2.47283e-07
21,0.0001257516807,0.0001257465484,9.66626e-07,0.0001233332415,0.0001233282085,1.81914e-07
21.05,0.0001242629427,0.0001242599136,5.70511e-07,0.000121873133,0.0001218701629,1.07352e-07
21.1,0.0001227729789,0.0001227707373,4.22192e-07,0.0001204118222,0.0001204096244,7.94383e-08
21.15,0.0001212818043,0.000121279592,4.16673e-07,0.000118949324,0.0001189471547,7.84056e-08
21.2,0.0001197894339,0.0001197873151,3.99067e-07,0.0001174856529,0.0001174835752,7.5097e-08
21.25,0.000118295883,0.0001182939112,3.71376e-07,0.000116020824,0.0001160188903,6.98895e-08
21.3,0.0001168011664,0.000116799385,3.35518e-07,0.0001145548519,0.0001145531049,6.31443e-08
21.35,0.0001153052996,0.0001153037421,2.93327e-07,0.0001130877516,0.0001130862242,5.52064e-08
21.4,0.0001138082975,0.0001138069884,2.46552e-07,0.0001116195379,0.000111618254,4.6405e-08
21.45,0.0001123101754,0.0001123091302,1.96856e-07,0.0001101502257,0.0001101492005,3.70535e-08
21.5,0.0001108109485,0.0001108101743,1.45818e-07,0.00010867983,0.0001086790706,2.74489e-08
21.55,0.0001093106321,0.000109310128,9.4933e-08,0.0001072083657,0.0001072078712,1.78727e-08
21.6,0.0001078092414,0.0001078089992,4.56104e-08,0.0001057358479,0.0001057356102,8.59015e-09
21.65,0.0001063067918,0.0001063067962,8.25042e-10,0.0001042622915,0.0001042622956,1.49323e-10
21.7,0.0001048032986,0.0001048035276,4.31332e-08,0.0001027877115,0.0001027879359,8.11227e-09
21.75,0.0001032987772,0.0001032992028,8.01587e-08,0.0001013121231,0.0001013125403,1.50812e-08
21.8,0.0001017932429,0.0001017938314,1.10831e-07,9.983554129e-05,9.983611828e-05,2.08545e-08
21.85,0.0001002867112,0.0001002874235,1.34163e-07,9.835798125e-05,9.835867976e-05,2.52465e-08
21.9,9.877919752e-05,9.877998998e-05,1.49255e-07,9.687945813e-05,9.688023524e-05,2.80877e-08
21.95,9.727071733e-05,9.727154183e-05,1.55289e-07,9.539998708e-05,9.540079563e-05,2.92241e-08
22,9.576128613e-05,9.576209069e-05,1.51533e-07,9.391958332e-05,9.392037234e-05,2.8518e-08
22.05,9.425091946e-05,9.425164866e-05,1.3734e-07,9.243826207e-05,9.24389772e-05,2.58475e-08
22.1,9.273963287e-05,9.27402283e-05,1.12146e-07,9.09560386e-05,9.095662257e-05,2.11065e-08
22.15,9.122744195e-05,9.122784267e-05,7.54734e-08,8.94729282e-05,8.947332122e-05,1.42051e-08
22.2,8.971436232e-05,8.971450529e-05,2.69283e-08,8.798894617e-05,8.798908642e-05,5.069e-09
22.25,8.820040962e-05,8.820023016e-05,3.37986e-08,8.650410787e-05,8.65039319e-05,6.35993e-09
22.3,8.668559951e-05,8.668503176e-05,1.06932e-07,8.501842865e-05,8.501787187e-05,2.0124e-08
22.35,8.516994771e-05,8.516892505e-05,1.92613e-07,8.353192393e-05,8.353092099e-05,3.62498e-08
22.4,8.365346994e-05,8.365192545e-05,2.90896e-07,8.204460912e-05,8.204309439e-05,5.47476e-08
22.45,8.213618196e-05,8.213404888e-05,4.01752e-07,8.055649968e-05,8.055440769e-05,7.56121e-08
22.5,8.061803159e-05,8.061531172e-05,5.1227e-07,7.906754443e-05,7.906487694e-05,9.64128e-08
22.55,7.909899808e-05,7.909573084e-05,6.15364e-07,7.757772304e-05,7.75745187e-05,1.15816e-07
22.6,7.75791848e-05,7.757532359e-05,7.27235e-07,7.608713687e-05,7.608334997e-05,1.36872e-07
22.65,7.605860677e-05,7.605410777e-05,8.47356e-07,7.459580065e-05,7.459138823e-05,1.59481e-07
22.7,7.453727901e-05,7.453210169e-05,9.75113e-07,7.310372912e-05,7.309865141e-05,1.83527e-07
22.75,7.301521656e-05,7.300932413e-05,1.1098e-06,7.161093704e-05,7.160515795e-05,2.08878e-07
22.8,7.149243447e-05,7.148579432e-05,1.25063e-06,7.011743916e-05,7.01109267e-05,2.35384e-07
22.85,6.996894778e-05,6.996153201e-05,1.39671e-06,6.862325023e-05,6.861597703e-05,2.6288e-07
22.9,6.844477154e-05,6.843655739e-05,1.54708e-06,6.712838501e-05,6.712032876e-05,2.91182e-07
22.95,6.691992081e-05,6.691089115e-05,1.70068e-06,6.563285827e-05,6.562400216e-05,3.20092e-07
23,6.539441065e-05,6.538455444e-05,1.85635e-06,6.413668478e-05,6.412701799e-05,3.49393e-07
23.05,6.386825613e-05,6.385756892e-05,2.01287e-06,6.263987933e-05,6.262939747e-05,3.78853e-07
23.1,6.234147232e-05,6.232995668e-05,2.16889e-06,6.114245669e-05,6.113116229e-05,4.08221e-07
23.15,6.081407429e-05,6.080174032e-05,2.32302e-06,5.964443164e-05,5.963233461e-05,4.37231e-07
23.2,5.928607712e-05,5.927294291e-05,2.47374e-06,5.814581898e-05,5.813293706e-05,4.656e-07
23.25,5.775749589e-05,5.7743588e-05,2.61946e-06,5.664663349e-05,5.663299272e-05,4.93027e-07
23.3,5.62283457e-05,5.621369961e-05,2.75849e-06,5.514688998e-05,5.513252517e-05,5.19197e-07
23.35,5.469864163e-05,5.468330224e-05,2.88907e-06,5.364660325e-05,5.363155843e-05,5.43775e-07
23.4,5.316839878e-05,5.315242087e-05,3.00933e-06,5.21457881e-05,5.2130117e-05,5.66411e-07
23.45,5.163763223e-05,5.162108095e-05,3.11732e-06,5.064445932e-05,5.062822584e-05,5.86737e-07
23.5,5.01063571e-05,5.008930842e-05,3.21101e-06,4.914263175e-05,4.91259104e-05,6.0437e-07
23.55,4.857458849e-05,4.855712969e-05,3.28825e-06,4.764032017e-05,4.762319657e-05,6.18909e-07
23.6,4.704234149e-05,4.702457163e-05,3.34684e-06,4.613753942e-05,4.612011073e-05,6.29936e-07
23.65,4.550963121e-05,4.549166163e-05,3.38445e-06,4.46343043e-05,4.461667971e-05,6.37017e-07
23.7,4.397647278e-05,4.395842751e-05,3.39871e-06,4.313062964e-05,4.311293082e-05,6.397e-07
23.75,4.244288128e-05,4.24248976e-05,3.38711e-06,4.162653025e-05,4.160889184e-05,6.37516e-07
23.8,4.090887185e-05,4.089110069e-05,3.34708e-06,4.012202096e-05,4.010459101e-05,6.29982e-07
23.85,3.937445959e-05,3.935706605e-05,3.27596e-06,3.861711659e-05,3.860005705e-05,6.16594e-07
23.9,3.783965961e-05,3.782282345e-05,3.17098e-06,3.711183196e-05,3.709531912e-05,5.96834e-07
23.95,3.630448705e-05,3.628840309e-05,3.02931e-06,3.560618191e-05,3.559040689e-05,5.70167e-07
24,3.4768957e-05,3.47538357e-05,2.848e-06,3.410018126e-05,3.408535046e-05,5.36039e-07
24.05,3.32330846e-05,3.321915245e-05,2.62403e-06,3.259384483e-05,3.258018042e-05,4.93882e-07
24.1,3.169688496e-05,3.168438499e-05,2.35429e-06,3.108718746e-05,3.107492783e-05,4.43108e-07
24.15,3.01603732e-05,3.014956548e-05,2.03556e-06,2.958022398e-05,2.95696242e-05,3.83115e-07
24.2,2.862356444e-05,2.861472651e-05,1.66457e-06,2.807296921e-05,2.806430152e-05,3.13282e-07
24.25,2.708647381e-05,2.707990119e-05,1.23791e-06,2.656543798e-05,2.655899225e-05,2.32972e-07
24.3,2.554911641e-05,2.554512307e-05,7.52119e-07,2.505764512e-05,2.505372932e-05,1.41531e-07
24.35,2.401150737e-05,2.400917095e-05,4.4005e-07,2.354960546e-05,2.354731479e-05,8.27932e-08
24.4,2.247366181e-05,2.247110955e-05,4.80702e-07,2.204133383e-05,2.203883127e-05,9.04517e-08
24.45,2.093559485e-05,2.093291732e-05,5.04294e-07,2.053284506e-05,2.053021946e-05,9.48986e-08
24.5,1.93973216e-05,1.939459757e-05,5.13053e-07,1.902415396e-05,1.902148261e-05,9.65526e-08
24.55,1.785885718e-05,1.785615409e-05,5.0911e-07,1.751527538e-05,1.751262443e-05,9.58151e-08
24.6,1.632021766e-05,1.631759116e-05,4.94685e-07,1.600622506e-05,1.600364912e-05,9.3104e-08
24.65,1.478141758e-05,1.477891356e-05,4.71617e-07,1.449701728e-05,1.449456137e-05,8.87656e-08
24.7,1.32424718e-05,1.324012655e-05,4.41712e-07,1.298766659e-05,1.298536633e-05,8.31398e-08
24.75,1.170339543e-05,1.17012359e-05,4.06734e-07,1.147818783e-05,1.147606966e-05,7.65584e-08
24.8,1.016420358e-05,1.016224784e-05,3.68351e-07,9.968595821e-06,9.966677481e-06,6.93358e-08
24.85,8.624911378e-06,8.623169128e-06,3.28141e-07,8.458905378e-06,8.457196395e-06,6.17688e-08
24.9,7.085533916e-06,7.084006978e-06,2.87589e-07,6.949131321e-06,6.947633492e-06,5.4137e-08
24.95,5.546086308e-06,5.544769111e-06,2.48085e-07,5.439288468e-06,5.43799634e-06,4.67022e-08
25,4.006583656e-06,4.005463736e-06,2.1093e-07,3.929391631e-06,3.92829299e-06,3.97089e-08
25.05,2.467041061e-06,2.466099553e-06,1.77327e-07,2.419455621e-06,2.418531971e-06,3.33841e-08
25.1,9.274736218e-07,9.266857524e-07,1.4839e-07,9.094952451e-07,9.087222951e-07,2.79372e-08
25.15,-6.12103568e-07,-6.127679865e-07,1.25139e-07,-6.004746921e-07,-6.011265437e-07,2.35603e-08
25.2,-2.151675417e-06,-2.152251493e-06,1.085e-07,-2.11043939e-06,-2.111004572e-06,2.04277e-08
25.25,-3.691226839e-06,-3.691754105e-06,9.93071e-08,-3.620384051e-06,-3.620901334e-06,1.86965e-08
25.3,-5.230742749e-06,-5.231264671e-06,9.83007e-08,-5.130293883e-06,-5.130805894e-06,1.8506e-08
25.35,-6.770208068e-06,-6.77077155e-06,1.06128e-07,-6.640154095e-06,-6.640706835e-06,1.9978e-08
25.4,-8.309607721e-06,-8.310262608e-06,1.23344e-07,-8.149949903e-06,-8.150592258e-06,2.3217e-08
25.45,-9.848926638e-06,-9.849725222e-06,1.50408e-07,-9.659666525e-06,-9.660449783e-06,2.83098e-08
25.5,-1.138814975e-05,-1.138914628e-05,1.87689e-07,-1.116928919e-05,-1.117026655e-05,3.53255e-08
25.55,-1.2927262e-05,-1.292851218e-05,2.35462e-07,-1.267880311e-05,-1.268002922e-05,4.43159e-08
25.6,-1.446624833e-05,-1.446780882e-05,2.93907e-07,-1.418819354e-05,-1.418972396e-05,5.5315e-08
25.65,-1.600509369e-05,-1.600702162e-05,3.63112e-07,-1.569744571e-05,-1.569933648e-05,6.83395e-08
25.7,-1.754378304e-05,-1.754613551e-05,4.43072e-07,-1.720654486e-05,-1.720885199e-05,8.33882e-08
25.75,-1.908230133e-05,-1.908513491e-05,5.33687e-07,-1.871547624e-05,-1.871825522e-05,1.00443e-07
25.8,-2.062063352e-05,-2.062400378e-05,6.34765e-07,-2.022422511e-05,-2.022753043e-05,1.19466e-07
25.85,-2.21587646e-05,-2.216272556e-05,7.46021e-07,-2.173277672e-05,-2.173666138e-05,1.40406e-07
25.9,-2.369667954e-05,-2.370128322e-05,8.67073e-07,-2.324111636e-05,-2.324563138e-05,1.63189e-07
25.95,-2.523436332e-05,-2.523965924e-05,9.9745e-07,-2.474922927e-05,-2.475442321e-05,1.87728e-07
26,-2.677180094e-05,-2.677783558e-05,1.13659e-06,-2.625710076e-05,-2.626301923e-05,2.13915e-07
26.05,-2.830897739e-05,-2.831579375e-05,1.28382e-06,-2.77647161e-05,-2.777140127e-05,2.41626e-07
26.1,-2.984587768e-05,-2.985351475e-05,1.43839e-06,-2.927206059e-05,-2.92795507e-05,2.7072e-07
26.15,-3.138248681e-05,-3.139097908e-05,1.59946e-06,-3.077911952e-05,-3.07874484e-05,3.01036e-07
26.2,-3.291878982e-05,-3.292816677e-05,1.76609e-06,-3.22858782e-05,-3.229507479e-05,3.32398e-07
26.25,-3.445477172e-05,-3.446505734e-05,1.93723e-06,-3.379232196e-05,-3.380240977e-05,3.6461e-07
26.3,-3.599041755e-05,-3.600162984e-05,2.11176e-06,-3.52984361e-05,-3.53094328e-05,3.97461e-07
26.35,-3.752571235e-05,-3.753786281e-05,2.28846e-06,-3.680420597e-05,-3.681612284e-05,4.30719e-07
26.4,-3.906064117e-05,-3.907373432e-05,2.46601e-06,-3.830961689e-05,-3.832245836e-05,4.64137e-07
26.45,-4.059518907e-05,-4.060922192e-05,2.643e-06,-3.981465422e-05,-3.982841737e-05,4.9745e-07
26.5,-4.212934112e-05,-4.21443027e-05,2.81792e-06,-4.131930331e-05,-4.133397737e-05,5.30374e-07
26.55,-4.366308239e-05,-4.367895325e-05,2.98917e-06,-4.282354952e-05,-4.283911542e-05,5.62608e-07
26.6,-4.519639797e-05,-4.521314965e-05,3.15507e-06,-4.432737822e-05,-4.434380805e-05,5.93834e-07
26.65,-4.672926629e-05,-4.674686753e-05,3.31508e-06,-4.583076826e-05,-4.584803136e-05,6.23951e-07
26.7,-4.826163126e-05,-4.828008198e-05,3.47507e-06,-4.733366462e-05,-4.735176093e-05,6.54066e-07
26.75,-4.979352041e-05,-4.981276764e-05,3.62509e-06,-4.883609433e-05,-4.885497186e-05,6.82303e-07
26.8,-5.132491862e-05,-5.134489864e-05,3.76311e-06,-5.033804252e-05,-5.035763881e-05,7.08281e-07
26.85,-5.285581072e-05,-5.287644863e-05,3.88701e-06,-5.183949435e-05,-5.185973591e-05,7.31604e-07
26.9,-5.438618158e-05,-5.440739076e-05,3.99461e-06,-5.334043495e-05,-5.336123683e-05,7.51856e-07
26.95,-5.591601606e-05,-5.593769769e-05,4.08359e-06,-5.484084948e-05,-5.486211476e-05,7.68604e-07
27,-5.744529902e-05,-5.74673416e-05,4.15158e-06,-5.63407231e-05,-5.636234241e-05,7.814e-07
27.05,-5.897401532e-05,-5.899629417e-05,4.19607e-06,-5.784004096e-05,-5.7861892e-05,7.89776e-07
27.1,-6.050214984e-05,-6.052452658e-05,4.21451e-06,-5.933878822e-05,-5.936073528e-05,7.93247e-07
27.15,-6.202968744e-05,-6.205200955e-05,4.20422e-06,-6.083695004e-05,-6.085884351e-05,7.9131e-07
27.2,-6.3556613e-05,-6.357871327e-05,4.16244e-06,-6.233451159e-05,-6.235618748e-05,7.83445e-07
27.25,-6.50829114e-05,-6.510460748e-05,4.08631e-06,-6.383145804e-05,-6.385273748e-05,7.69116e-07
27.3,-6.660856752e-05,-6.662966141e-05,3.97289e-06,-6.532777457e-05,-6.534846333e-05,7.47767e-07
27.35,-6.813356625e-05,-6.815384378e-05,3.81914e-06,-6.682344634e-05,-6.684333438e-05,7.18827e-07
27.4,-6.965789248e-05,-6.967712286e-05,3.62192e-06,-6.831845853e-05,-6.833731949e-05,6.81704e-07
27.45,-7.118153109e-05,-7.11994664e-05,3.378e-06,-6.981279634e-05,-6.983038702e-05,6.35791e-07
27.5,-7.270446699e-05,-7.272084166e-05,3.08406e-06,-7.130644495e-05,-7.132250487e-05,5.80464e-07
27.55,-7.422668508e-05,-7.424121544e-05,2.7367e-06,-7.279938954e-05,-7.281364047e-05,5.1508e-07
27.6,-7.574817026e-05,-7.5760554e-05,2.3324e-06,-7.429161532e-05,-7.430376074e-05,4.38979e-07
27.65,-7.726890745e-05,-7.727882316e-05,1.86756e-06,-7.578310749e-05,-7.579283213e-05,3.51484e-07
27.7,-7.878888155e-05,-7.879598821e-05,1.33849e-06,-7.727385125e-05,-7.728082063e-05,2.51899e-07
27.75,-8.030807748e-05,-8.031201397e-05,7.41413e-07,-7.87638318e-05,-7.876769171e-05,1.39511e-07
27.8,-8.182648017e-05,-8.182818875e-05,3.21799e-07,-8.025303437e-05,-8.025470908e-05,6.05301e-08
27.85,-8.334407455e-05,-8.334612696e-05,3.86557e-07,-8.174144416e-05,-8.174345633e-05,7.27269e-08
27.9,-8.486084554e-05,-8.486313085e-05,4.30422e-07,-8.322904641e-05,-8.32312872e-05,8.09903e-08
27.95,-8.637677809e-05,-8.637919826e-05,4.55822e-07,-8.471582633e-05,-8.471819957e-05,8.57775e-08
28,-8.789185714e-05,-8.789432655e-05,4.65096e-07,-8.620176916e-05,-8.620419085e-05,8.75286e-08
28.05,-8.940606763e-05,-8.940851259e-05,4.60492e-07,-8.768686014e-05,-8.768925798e-05,8.66668e-08
28.1,-9.091939451e-05,-9.092175278e-05,4.44165e-07,-8.91710845e-05,-8.917339743e-05,8.35977e-08
28.15,-9.243182276e-05,-9.243404305e-05,4.18179e-07,-9.06544275e-05,-9.06566052e-05,7.87101e-08
28.2,-9.394333731e-05,-9.394537884e-05,3.84508e-07,-9.213687439e-05,-9.213887683e-05,7.23755e-08
28.25,-9.545392316e-05,-9.54557551e-05,3.45035e-07,-9.361841042e-05,-9.362020736e-05,6.49481e-08
28.3,-9.696356527e-05,-9.696516633e-05,3.0155e-07,-9.509902085e-05,-9.51005914e-05,5.67652e-08
28.35,-9.847224861e-05,-9.847360652e-05,2.55753e-07,-9.657869097e-05,-9.658002306e-05,4.81466e-08
28.4,-9.997995819e-05,-9.99810692e-05,2.09252e-07,-9.805740604e-05,-9.8058496e-05,3.93952e-08
28.45,-0.000101486679,-0.0001014875474,1.63565e-07,-9.953515134e-05,-9.95360034e-05,3.07965e-08
28.5,-0.000102992396,-0.0001029930337,1.20117e-07,-0.0001010119122,-0.000101012538,2.26189e-08
28.55,-0.0001044970942,-0.0001044975203,8.02423e-08,-0.0001024876738,-0.0001024880919,1.51136e-08
28.6,-0.0001060007587,-0.0001060009986,4.51842e-08,-0.0001039624215,-0.0001039626571,8.51456e-09
28.65,-0.0001075033744,-0.0001075034598,1.60942e-08,-0.0001054361407,-0.0001054362248,3.03861e-09
28.7,-0.0001090049264,-0.0001090048947,5.96759e-09,-0.0001069088166,-0.0001069087857,1.11471e-09
28.75,-0.0001105054135,-0.0001105052933,2.26338e-08,-0.0001083804481,-0.0001083803304,4.25264e-09
28.8,-0.0001120048239,-0.0001120046454,3.36203e-08,-0.0001098510235,-0.0001098508486,6.32165e-09
28.85,-0.0001135031287,-0.0001135029401,3.55137e-08,-0.0001113205147,-0.0001113203299,6.67928e-09
28.9,-0.000115000313,-0.0001150001662,2.76478e-08,-0.0001127889069,-0.0001127887631,5.20012e-09
28.95,-0.0001164963622,-0.000116496312,9.44861e-09,-0.0001142561858,-0.0001142561367,1.77609e-09
29,-0.0001179912614,-0.0001179913653,1.95655e-08,-0.0001157223369,-0.0001157224388,3.68347e-09
29.05,-0.0001194849959,-0.0001194853133,5.97838e-08,-0.0001171873455,-0.0001171876568,1.12519e-08
29.1,-0.0001209775508,-0.0001209781428,1.11503e-07,-0.0001186511974,-0.000118651778,2.09851e-08
29.15,-0.0001224689115,-0.0001224698403,1.74929e-07,-0.000120113878,-0.0001201147888,3.29215e-08
29.2,-0.0001239590633,-0.0001239603915,2.50173e-07,-0.0001215753728,-0.0001215766755,4.70824e-08
29.25,-0.0001254479913,-0.0001254497819,3.37254e-07,-0.0001230356675,-0.0001230374236,6.34715e-08
29.3,-0.0001269356809,-0.0001269379964,4.361e-07,-0.0001244947476,-0.0001244970184,8.2075e-08
29.35,-0.0001284221174,-0.0001284250193,5.46547e-07,-0.0001259525987,-0.0001259554446,1.02862e-07
29.4,-0.0001299072861,-0.0001299108346,6.68335e-07,-0.0001274092063,-0.0001274126865,1.25784e-07
29.45,-0.0001313911724,-0.0001313954259,8.01115e-07,-0.0001288645562,-0.0001288687278,1.50775e-07
29.5,-0.0001328737616,-0.000132878776,9.44444e-07,-0.0001303186339,-0.0001303235518,1.77751e-07
29.55,-0.0001343550389,-0.0001343608676,1.09779e-06,-0.0001317714251,-0.0001317771415,2.06612e-07
29.6,-0.0001358349899,-0.0001358416826,1.26051e-06,-0.0001332229153,-0.0001332294791,2.3724e-07
29.65,-0.0001373135999,-0.0001373212025,1.43191e-06,-0.0001346730904,-0.0001346805467,2.69499e-07
29.7,-0.0001387908542,-0.0001387994085,1.61115e-06,-0.0001361219358,-0.0001361303256,3.03235e-07
29.75,-0.0001402667384,-0.0001402762812,1.79733e-06,-0.0001375694375,-0.0001375787967,3.38279e-07
29.8,-0.0001417412377,-0.0001417518006,1.98947e-06,-0.0001390155809,-0.0001390259407,3.74441e-07
29.85,-0.0001432143376,-0.0001432259465,2.18645e-06,-0.0001404603519,-0.0001404717375,4.11518e-07
29.9,-0.0001446860237,-0.0001446986979,2.38711e-06,-0.0001419037361,-0.0001419161667,4.49285e-07
29.95,-0.0001461562813,-0.0001461700336,2.59015e-06,-0.0001433457194,-0.0001433592073,4.87502e-07
30,-0.0001476250959,-0.0001476399317,2.79422e-06,-0.0001447862875,-0.0001448008381,5.25912e-07
30.05,-0.000149092453,-0.0001491083699,2.99784e-06,-0.0001462254261,-0.0001462410371,5.64238e-07
30.1,-0.0001505583382,-0.0001505753256,3.19947e-06,-0.000147663121,-0.000147679782,6.02189e-07
30.15,-0.0001520227369,-0.0001520407754,3.39745e-06,-0.000149099358,-0.00014911705,6.39453e-07
30.2,-0.0001534856346,-0.0001535046957,3.59004e-06,-0.000150534123,-0.0001505528179,6.75702e-07
30.25,-0.000154947017,-0.0001549670623,3.7754e-06,-0.0001519674017,-0.0001519870619,7.10592e-07
30.3,-0.0001564068696,-0.0001564278505,3.95161e-06,-0.0001533991801,-0.0001534197579,7.43759e-07
30.35,-0.0001578651779,-0.0001578870351,4.11664e-06,-0.0001548294439,-0.0001548508812,7.74822e-07
30.4,-0.0001593219277,-0.0001593445905,4.26839e-06,-0.000156258179,-0.0001562804066,8.03384e-07
30.45,-0.0001607771043,-0.0001608004906,4.40464e-06,-0.0001576853714,-0.0001577083085,8.2903e-07
30.5,-0.0001622306936,-0.0001622547088,4.52309e-06,-0.0001591110069,-0.0001591345609,8.51325e-07
30.55,-0.0001636826812,-0.000163707218,4.62135e-06,-0.0001605350715,-0.0001605591371,8.6982e-07
30.6,-0.0001651330526,-0.0001651579907,4.69693e-06,-0.000161957551,-0.0001619820102,8.84046e-07
30.65,-0.0001665817936,-0.0001666069989,4.74726e-06,-0.0001633784315,-0.0001634031528,8.93518e-07
30.7,-0.0001680288899,-0.0001680542141,4.76965e-06,-0.0001647976988,-0.0001648225367,8.97733e-07
30.75,-0.0001694743272,-0.0001694996072,4.76134e-06,-0.0001662153391,-0.0001662401337,8.96169e-07
30.8,-0.0001709180911,-0.0001709431489,4.71947e-06,-0.0001676313382,-0.0001676559148,8.88288e-07
30.85,-0.000172360172,-0.0001723848092,4.64025e-06,-0.0001690456866,-0.0001690698506,8.73376e-07
30.9,-0.0001738005524,-0.0001738245576,4.52121e-06,-0.0001704583672,-0.0001704819113,8.5097e-07
30.95,-0.0001752392174,-0.0001752623632,4.35937e-06,-0.0001718693654,-0.0001718920666,8.20507e-07
31,-0.0001766761527,-0.0001766981947,4.15148e-06,-0.0001732786672,-0.0001733002858,7.81376e-07
31.05,-0.0001781113442,-0.0001781320203,3.89421e-06,-0.0001746862587,-0.0001747065375,7.32952e-07
31.1,-0.0001795447778,-0.0001795638076,3.58413e-06,-0.000176092126,-0.0001761107901,6.74587e-07
31.15,-0.0001809764393,-0.0001809935237,3.21774e-06,-0.0001774962554,-0.0001775130114,6.05621e-07
31.2,-0.0001824063146,-0.0001824211354,2.7914e-06,-0.000178898633,-0.0001789131687,5.25373e-07
31.25,-0.0001838343896,-0.0001838466089,2.30142e-06,-0.0001802992449,-0.0001803112288,4.33145e-07
31.3,-0.0001852606503,-0.0001852699099,1.74398e-06,-0.0001816980773,-0.0001817071583,3.28221e-07
31.35,-0.0001866850827,-0.0001866910038,1.11521e-06,-0.0001830951165,-0.000183100923,2.09868e-07
31.4,-0.0001881076726,-0.0001881098553,4.11106e-07,-0.0001844903488,-0.0001844924885,7.73359e-08
31.45,-0.0001895284061,-0.0001895296829,2.4049e-07,-0.0001858837603,-0.0001858850116,4.52265e-08
31.5,-0.0001909472691,-0.0001909490174,3.29272e-07,-0.0001872753374,-0.0001872770512,6.19449e-08
31.55,-0.0001923642478,-0.0001923663456,3.95096e-07,-0.0001886650663,-0.0001886671231,7.43415e-08
31.6,-0.0001937793282,-0.0001937816663,4.40365e-07,-0.0001900529334,-0.0001900552261,8.28683e-08
31.65,-0.0001951924962,-0.0001951949778,4.67392e-07,-0.000191438925,-0.0001914413586,8.7961e-08
31.7,-0.0001966037381,-0.0001966062782,4.78406e-07,-0.0001928230274,-0.0001928255185,9.00389e-08
31.75,-0.0001980130399,-0.0001980155648,4.75548e-07,-0.0001942052271,-0.0001942077035,8.95051e-08
31.8,-0.0001994203878,-0.0001994228348,4.60873e-07,-0.0001955855104,-0.0001955879105,8.67465e-08
31.85,-0.0002008257679,-0.0002008280847,4.36349e-07,-0.0001969638638,-0.0001969661362,8.21335e-08
31.9,-0.0002022291664,-0.0002022313106,4.03858e-07,-0.0001983402736,-0.0001983423769,7.60204e-08
31.95,-0.0002036305694,-0.0002036325084,3.65194e-07,-0.0001997147264,-0.0001997166284,6.87451e-08
32,-0.0002050299632,-0.0002050316732,3.22067e-07,-0.0002010872086,-0.0002010888861,6.06291e-08
32.05,-0.0002064273341,-0.0002064288,2.76097e-07,-0.0002024577068,-0.0002024591449,5.19777e-08
32.1,-0.0002078226682,-0.0002078238831,2.2882e-07,-0.0002038262074,-0.0002038273993,4.30798e-08
32.15,-0.0002092159519,-0.0002092169165,1.81684e-07,-0.0002051926969,-0.0002051936434,3.42081e-08
32.2,-0.0002106071714,-0.0002106078938,1.36049e-07,-0.0002065571621,-0.0002065578709,2.56188e-08
32.25,-0.0002119963131,-0.0002119968079,9.31914e-08,-0.0002079195893,-0.0002079200749,1.75518e-08
32.3,-0.0002133833634,-0.0002133836517,5.42978e-08,-0.0002092799653,-0.0002092802484,1.02307e-08
32.35,-0.0002147683085,-0.0002147684172,2.04692e-08,-0.0002106382767,-0.0002106383836,3.86265e-09
32.4,-0.0002161511349,-0.0002161510963,7.28059e-09,-0.0002119945101,-0.0002119944724,1.36138e-09
32.45,-0.0002175318291,-0.0002175316803,2.80247e-08,-0.0002133486522,-0.0002133485065,5.26696e-09
32.5,-0.0002189103773,-0.00021891016,4.09232e-08,-0.0002147006897,-0.0002147004768,7.69597e-09
32.55,-0.0002202867661,-0.000220286526,4.52231e-08,-0.0002160506093,-0.000216050374,8.50667e-09
32.6,-0.000221660982,-0.0002216607682,4.02587e-08,-0.0002173983978,-0.0002173981882,7.57372e-09
32.65,-0.0002230330115,-0.0002230328763,2.5451e-08,-0.0002187440418,-0.0002187439094,4.78814e-09
32.7,-0.000224402841,-0.0002244028394,3.08496e-10,-0.0002200875283,-0.0002200875267,5.7362e-11
32.75,-0.0002257704572,-0.0002257706461,3.55735e-08,-0.000221428844,-0.0002214290292,6.69478e-09
32.8,-0.0002271358467,-0.0002271362848,8.25124e-08,-0.0002227679758,-0.0002227684054,1.5528e-08
32.85,-0.0002284989959,-0.0002284997432,1.40738e-07,-0.0002241049104,-0.0002241056432,2.64858e-08
32.9,-0.0002298598886,-0.0002298610087,2.10974e-07,-0.0002254396318,-0.0002254407303,3.9704e-08
32.95,-0.0002312185001,-0.0002312200683,2.95366e-07,-0.000226772116,-0.000226773654,5.55867e-08
33,-0.0002325748297,-0.0002325769086,3.91535e-07,-0.0002281023621,-0.0002281044008,7.36861e-08
33.05,-0.000233928864,-0.0002339315154,4.99377e-07,-0.0002294303571,-0.0002294329573,9.39829e-08
33.1,-0.0002352805896,-0.0002352838746,6.18704e-07,-0.0002307560877,-0.0002307593094,1.16441e-07
33.15,-0.0002366299931,-0.0002366339712,7.49238e-07,-0.000232079541,-0.0002320834423,1.41009e-07
33.2,-0.0002379770613,-0.00023798179,8.90616e-07,-0.0002334007038,-0.0002334053413,1.67618e-07
33.25,-0.0002393217808,-0.0002393273153,1.04239e-06,-0.0002347195631,-0.000234724991,1.96183e-07
33.3,-0.0002406641384,-0.000240670531,1.20401e-06,-0.0002360361059,-0.0002360423754,2.26604e-07
33.35,-0.0002420041208,-0.0002420114206,1.37487e-06,-0.0002373503192,-0.0002373574785,2.58762e-07
33.4,-0.0002433417148,-0.000243349967,1.55425e-06,-0.00023866219,-0.0002386702834,2.92524e-07
33.45,-0.0002446769072,-0.0002446861527,1.74135e-06,-0.0002399717054,-0.000239980773,3.27738e-07
33.5,-0.0002460096847,-0.00024601996,1.93528e-06,-0.0002412788524,-0.0002412889299,3.6424e-07
33.55,-0.0002473400343,-0.0002473513704,2.13507e-06,-0.0002425836181,-0.0002425947361,4.01845e-07
33.6,-0.0002486679429,-0.0002486803652,2.33966e-06,-0.0002438859897,-0.0002438981731,4.40353e-07
33.65,-0.0002499933972,-0.0002500069252,2.54791e-06,-0.0002451859543,-0.0002451992222,4.79549e-07
33.7,-0.0002513163842,-0.0002513310308,2.75858e-06,-0.0002464834991,-0.000246497864,5.19201e-07
33.75,-0.0002526368909,-0.0002526526618,2.97034e-06,-0.0002477786112,-0.0002477940789,5.5906e-07
33.8,-0.0002539549042,-0.0002539717978,3.1818e-06,-0.0002490712778,-0.0002490878467,5.98859e-07
33.85,-0.0002552704112,-0.0002552884178,3.39144e-06,-0.0002503614863,-0.0002503791469,6.38319e-07
33.9,-0.0002565833987,-0.0002566025005,3.59769e-06,-0.0002516492238,-0.0002516679585,6.7714e-07
33.95,-0.0002578938539,-0.0002579140238,3.79888e-06,-0.0002529344777,-0.0002529542601,7.15008e-07
34,-0.0002592017638,-0.0002592229657,3.99325e-06,-0.0002542172353,-0.0002542380299,7.51592e-07
34.05,-0.0002605071155,-0.0002605293034,4.17894e-06,-0.0002554974838,-0.0002555192455,7.86545e-07
34.1,-0.0002618098961,-0.0002618330137,4.35404e-06,-0.0002567752107,-0.0002567978842,8.19503e-07
34.15,-0.0002631100927,-0.000263134073,4.51652e-06,-0.0002580504034,-0.000258073923,8.50085e-07
34.2,-0.0002644076926,-0.0002644324573,4.66427e-06,-0.0002593230492,-0.0002593473382,8.77894e-07
34.25,-0.0002657026829,-0.0002657281422,4.79509e-06,-0.0002605931355,-0.0002606181059,9.02518e-07
34.3,-0.0002669950508,-0.0002670211027,4.9067e-06,-0.00026186065,-0.0002618862015,9.23526e-07
34.35,-0.0002682847836,-0.0002683113135,4.99673e-06,-0.0002631255799,-0.0002631516003,9.40473e-07
34.4,-0.0002695718684,-0.0002695987487,5.06273e-06,-0.0002643879129,-0.000264414277,9.52895e-07
34.45,-0.0002708562927,-0.0002708833823,5.10214e-06,-0.0002656476365,-0.0002656742058,9.60313e-07
34.5,-0.0002721380437,-0.0002721651874,5.11233e-06,-0.0002669047382,-0.0002669313606,9.62232e-07
34.55,-0.0002734171088,-0.0002734441371,5.09059e-06,-0.0002681592056,-0.0002681857148,9.58139e-07
34.6,-0.0002746934754,-0.0002747202037,5.0341e-06,-0.0002694110264,-0.0002694372414,9.47506e-07
34.65,-0.0002759671307,-0.0002759933592,4.93996e-06,-0.0002706601882,-0.000270685913,9.29788e-07
34.7,-0.0002772380624,-0.0002772635754,4.8052e-06,-0.0002719066786,-0.0002719317016,9.04422e-07
34.75,-0.0002785062578,-0.0002785308232,4.62674e-06,-0.0002731504853,-0.0002731745789,8.70831e-07
34.8,-0.0002797717044,-0.0002797950734,4.40141e-06,-0.0002743915962,-0.0002744145163,8.28419e-07
34.85,-0.0002810343896,-0.0002810562963,4.12598e-06,-0.0002756299988,-0.0002756514846,7.76576e-07
34.9,-0.0002822943012,-0.0002823144617,3.79711e-06,-0.000276865681,-0.0002768854541,7.14673e-07
34.95,-0.0002835514265,-0.000283569539,3.41137e-06,-0.0002780986305,-0.0002781163948,6.42067e-07
35,-0.0002848057533,-0.000284821497,2.96523e-06,-0.0002793288354,-0.0002793442764,5.58092e-07
35.05,-0.0002860572692,-0.0002860703044,2.45509e-06,-0.0002805562835,-0.0002805690678,4.62071e-07
35.1,-0.0002873059618,-0.0002873159292,1.87729e-06,-0.0002817809625,-0.0002817907377,3.53313e-07
35.15,-0.0002885518187,-0.000288558339,1.22805e-06,-0.0002830028604,-0.0002830092545,2.31108e-07
35.2,-0.0002897948277,-0.000289797501,5.03499e-07,-0.0002842219651,-0.0002842245859,9.47282e-08
35.25,-0.0002910349765,-0.0002910349855,1.7067e-09,-0.0002854382645,-0.0002854382723,2.79616e-10
35.3,-0.0002922722527,-0.0002922729164,1.24994e-07,-0.0002866517468,-0.0002866523967,2.34928e-08
35.35,-0.0002935066443,-0.0002935078297,2.23251e-07,-0.0002878623998,-0.0002878635616,4.19941e-08
35.4,-0.000294738139,-0.0002947397253,2.98772e-07,-0.0002890702116,-0.000289071767,5.62152e-08
35.45,-0.0002959667247,-0.0002959686031,3.53775e-07,-0.0002902751704,-0.0002902770123,6.65736e-08
35.5,-0.0002971923892,-0.0002971944621,3.90401e-07,-0.0002914772642,-0.000291479297,7.34726e-08
35.55,-0.0002984151205,-0.0002984173012,4.1072e-07,-0.0002926764811,-0.0002926786199,7.73013e-08
35.6,-0.0002996349065,-0.0002996371191,4.16722e-07,-0.0002938728094,-0.0002938749795,7.84349e-08
35.65,-0.0003008517351,-0.0003008539137,4.10325e-07,-0.0002950662372,-0.000295068374,7.72341e-08
35.7,-0.0003020655943,-0.0003020676829,3.9337e-07,-0.0002962567527,-0.0002962588013,7.40458e-08
35.75,-0.0003032764722,-0.0003032784241,3.67625e-07,-0.0002974443442,-0.0002974462588,6.92023e-08
35.8,-0.0003044843568,-0.0003044861343,3.34781e-07,-0.0002986289999,-0.0002986307436,6.30222e-08
35.85,-0.0003056892361,-0.0003056908101,2.96453e-07,-0.0002998107082,-0.0002998122523,5.58095e-08
35.9,-0.0003068910984,-0.0003068924479,2.54183e-07,-0.0003009894574,-0.0003009907815,4.78544e-08
35.95,-0.0003080899316,-0.0003080910436,2.09435e-07,-0.0003021652359,-0.0003021663269,3.94326e-08
36,-0.0003092857241,-0.0003092865927,1.63599e-07,-0.0003033380321,-0.0003033388844,3.08057e-08
36.05,-0.0003104784639,-0.0003104790904,1.1799e-07,-0.0003045078344,-0.0003045084492,2.22212e-08
36.1,-0.0003116681394,-0.0003116685315,7.38471e-08,-0.0003056746312,-0.0003056750161,1.39123e-08
36.15,-0.0003128547388,-0.0003128549105,3.23334e-08,-0.0003068384111,-0.0003068385798,6.09815e-09
36.2,-0.0003140382503,-0.0003140382213,5.46297e-09,-0.0003079991625,-0.0003079991344,1.01658e-09
36.25,-0.0003152186624,-0.0003152184578,3.85294e-08,-0.000309156874,-0.0003091566737,7.24122e-09
36.3,-0.0003163959633,-0.0003163956133,6.59288e-08,-0.0003103115343,-0.0003103111912,1.23994e-08
36.35,-0.0003175701415,-0.0003175696806,8.68e-08,-0.0003114631318,-0.00031146268,1.6329e-08
36.4,-0.0003187411853,-0.0003187406525,1.00357e-07,-0.0003126116553,-0.0003126111328,1.8882e-08
36.45,-0.0003199090832,-0.000319908521,1.0589e-07,-0.0003137570933,-0.0003137565421,1.99248e-08
36.5,-0.0003210738238,-0.0003210732781,1.02763e-07,-0.0003148994347,-0.0003148988997,1.93378e-08
36.55,-0.0003222353954,-0.0003222349153,9.04195e-08,-0.0003160386681,-0.0003160381973,1.7016e-08
36.6,-0.0003233937867,-0.0003233934236,6.83746e-08,-0.0003171747824,-0.0003171744263,1.28683e-08
36.65,-0.0003245489862,-0.0003245487939,3.62213e-08,-0.0003183077662,-0.0003183075776,6.81798e-09
36.7,-0.0003257009825,-0.0003257010164,6.37214e-09,-0.0003194376085,-0.0003194376416,1.19735e-09
36.75,-0.0003268497643,-0.0003268500811,5.96616e-08,-0.000320564298,-0.0003205646086,1.12259e-08
36.8,-0.0003279953203,-0.0003279959778,1.23827e-07,-0.0003216878238,-0.0003216884685,2.33016e-08
36.85,-0.0003291376391,-0.0003291386956,1.98973e-07,-0.0003228081746,-0.0003228092106,3.74441e-08
36.9,-0.0003302767095,-0.0003302782234,2.85129e-07,-0.0003239253395,-0.0003239268241,5.36587e-08
36.95,-0.0003314125203,-0.0003314145498,3.82245e-07,-0.0003250393075,-0.0003250412978,7.19366e-08
37,-0.0003325450602,-0.0003325476629,4.902e-07,-0.0003261500675,-0.0003261526199,9.22545e-08
37.05,-0.0003336743182,-0.0003336775505,6.08794e-07,-0.0003272576086,-0.0003272607786,1.14575e-07
37.1,-0.000334800281,-0.0003348042001,7.38127e-07,-0.000328361918,-0.0003283657615,1.38917e-07
37.15,-0.0003359229392,-0.0003359275985,8.77556e-07,-0.0003294629863,-0.0003294675558,1.65159e-07
37.2,-0.0003370422818,-0.0003370477326,1.02662e-06,-0.0003305608028,-0.0003305661486,1.93214e-07
37.25,-0.0003381582979,-0.0003381645886,1.1848e-06,-0.0003316553568,-0.0003316615262,2.22987e-07
37.3,-0.0003392709765,-0.0003392781524,1.35154e-06,-0.0003327466373,-0.0003327536751,2.5437e-07
37.35,-0.0003403803065,-0.0003403884096,1.52618e-06,-0.0003338346338,-0.0003338425809,2.87239e-07
37.4,-0.000341486277,-0.0003414953455,1.70798e-06,-0.0003349193353,-0.0003349282292,3.21458e-07
37.45,-0.0003425888772,-0.0003425989447,1.89615e-06,-0.0003360007313,-0.0003360106051,3.56875e-07
37.5,-0.0003436880961,-0.0003436991918,2.08981e-06,-0.0003370788111,-0.0003370896934,3.93324e-07
37.55,-0.0003447839229,-0.0003447960709,2.28799e-06,-0.000338153564,-0.0003381654783,4.30625e-07
37.6,-0.0003458763469,-0.0003458895656,2.48966e-06,-0.0003392249795,-0.000339237944,4.68584e-07
37.65,-0.0003469653571,-0.0003469796593,2.69371e-06,-0.000340293047,-0.0003403070741,5.06991e-07
37.7,-0.0003480509431,-0.0003480663349,2.89896e-06,-0.0003413577559,-0.0003413728519,5.45623e-07
37.75,-0.0003491330939,-0.0003491495752,3.10414e-06,-0.0003424190958,-0.0003424352603,5.84243e-07
37.8,-0.0003502117989,-0.0003502293622,3.30792e-06,-0.0003434770562,-0.0003434942819,6.22598e-07
37.85,-0.0003512870476,-0.0003513056779,3.50888e-06,-0.0003445316268,-0.0003445498989,6.60423e-07
37.9,-0.0003523588294,-0.0003523785037,3.70553e-06,-0.000345582797,-0.0003456020932,6.97438e-07
37.95,-0.0003534271335,-0.0003534478208,3.89631e-06,-0.0003466305565,-0.0003466508463,7.33346e-07
38,-0.0003544919497,-0.0003545136099,4.07956e-06,-0.0003476748951,-0.0003476961392,7.67838e-07
38.05,-0.0003555532673,-0.0003555758514,4.25358e-06,-0.0003487158024,-0.0003487379527,8.00591e-07
38.1,-0.0003566110759,-0.0003566345253,4.41655e-06,-0.0003497532682,-0.0003497762672,8.31268e-07
38.15,-0.0003576653651,-0.0003576896113,4.56662e-06,-0.0003507872823,-0.0003508110628,8.59514e-07
38.2,-0.0003587161245,-0.0003587410886,4.70183e-06,-0.0003518178345,-0.0003518423191,8.84963e-07
38.25,-0.0003597633438,-0.0003597889361,4.82015e-06,-0.0003528449146,-0.0003528700154,9.07235e-07
38.3,-0.0003608070126,-0.0003608331324,4.91949e-06,-0.0003538685126,-0.0003538941307,9.25933e-07
38.35,-0.0003618471207,-0.0003618736556,4.99766e-06,-0.0003548886183,-0.0003549146435,9.40647e-07
38.4,-0.0003628836579,-0.0003629104834,5.05242e-06,-0.0003559052217,-0.0003559315321,9.50953e-07
38.45,-0.0003639166139,-0.0003639435934,5.08142e-06,-0.0003569183129,-0.0003569447743,9.56412e-07
38.5,-0.0003649459786,-0.0003649729626,5.08226e-06,-0.0003579278818,-0.0003579543476,9.5657e-07
38.55,-0.0003659717419,-0.0003659985677,5.05245e-06,-0.0003589339185,-0.0003589602291,9.50961e-07
38.6,-0.0003669938937,-0.0003670203849,4.98944e-06,-0.0003599364132,-0.0003599623956,9.391e-07
38.65,-0.0003680124239,-0.0003680383902,4.89058e-06,-0.0003609353559,-0.0003609608235,9.20493e-07
38.7,-0.0003690273225,-0.0003690525591,4.75316e-06,-0.0003619307369,-0.0003619554889,8.94628e-07
38.75,-0.0003700385795,-0.000370062867,4.57439e-06,-0.0003629225463,-0.0003629463673,8.60979e-07
38.8,-0.000371046185,-0.0003710692886,4.35141e-06,-0.0003639107745,-0.0003639334342,8.19007e-07
38.85,-0.0003720501291,-0.0003720717983,4.08125e-06,-0.0003648954116,-0.0003649166645,7.68157e-07
38.9,-0.000373050402,-0.0003730703703,3.76091e-06,-0.0003658764481,-0.0003658960328,7.07861e-07
38.95,-0.0003740469937,-0.0003740649783,3.38728e-06,-0.0003668538743,-0.0003668715132,6.37534e-07
39,-0.0003750398946,-0.0003750555956,2.95719e-06,-0.0003678276806,-0.0003678430797,5.5658e-07
39.05,-0.0003760290948,-0.0003760421953,2.46738e-06,-0.0003687978574,-0.0003688107058,4.64387e-07
39.1,-0.0003770145847,-0.0003770247499,1.91454e-06,-0.0003697643952,-0.0003697743645,3.60326e-07
39.15,-0.000377996352,-0.0003780032316,1.29573e-06,-0.000370727282,-0.0003707340287,2.43851e-07
39.2,-0.000378974381,-0.0003789776124,6.08612e-07,-0.0003716865024,-0.0003716896708,1.14517e-07
39.25,-0.0003799486696,-0.0003799478637,1.51793e-07,-0.0003726420543,-0.0003726412628,2.8611e-08
39.3,-0.0003809192083,-0.0003809188044,7.60714e-08,-0.0003735939285,-0.0003735935314,1.43523e-08
39.35,-0.0003818859874,-0.0003818862569,5.07631e-08,-0.0003745421153,-0.0003745423789,9.52721e-09
39.4,-0.0003828489974,-0.0003828498194,1.54804e-07,-0.0003754866056,-0.0003754874112,2.91159e-08
39.45,-0.0003838082289,-0.0003838094923,2.37954e-07,-0.0003764273899,-0.0003764286287,4.47718e-08
39.5,-0.0003847636723,-0.0003847652761,3.02057e-07,-0.0003773644591,-0.0003773660318,5.68421e-08
39.55,-0.0003857153182,-0.0003857171707,3.48899e-07,-0.0003782978038,-0.0003782996205,6.56632e-08
39.6,-0.0003866631573,-0.000386665176,3.8021e-07,-0.0003792274148,-0.0003792293947,7.15603e-08
39.65,-0.0003876071802,-0.0003876092915,3.97658e-07,-0.0003801532831,-0.0003801553539,7.48477e-08
39.7,-0.0003885473776,-0.0003885495165,4.02855e-07,-0.0003810753994,-0.0003810774974,7.58288e-08
39.75,-0.0003894837401,-0.0003894858499,3.97355e-07,-0.0003819937546,-0.000381995824,7.4796e-08
39.8,-0.0003904162587,-0.0003904182904,3.82653e-07,-0.0003829083398,-0.0003829103327,7.20308e-08
39.85,-0.000391344924,-0.0003913468364,3.60185e-07,-0.0003838191458,-0.0003838210217,6.78035e-08
39.9,-0.000392269727,-0.0003922714862,3.31331e-07,-0.0003847261637,-0.0003847278895,6.23737e-08
39.95,-0.0003931906585,-0.0003931922376,2.97409e-07,-0.0003856293846,-0.0003856309337,5.59899e-08
40,-0.0003941077094,-0.0003941090882,2.59682e-07,-0.0003865287996,-0.0003865301523,4.88895e-08
40.05,-0.0003950208707,-0.0003950220354,2.19353e-07,-0.0003874243998,-0.0003874255424,4.12991e-08
40.1,-0.0003959301334,-0.0003959310762,1.77567e-07,-0.0003883161763,-0.0003883171013,3.34343e-08
40.15,-0.0003968354886,-0.0003968362075,1.3541e-07,-0.0003892041204,-0.0003892048259,2.54994e-08
40.2,-0.0003977369272,-0.0003977374258,9.39105e-08,-0.0003900882233,-0.0003900887127,1.76881e-08
40.25,-0.0003986344405,-0.0003986347274,5.40381e-08,-0.0003909684764,-0.0003909687581,1.01827e-08
40.3,-0.0003995280196,-0.0003995281083,1.67037e-08,-0.0003918448709,-0.0003918449582,3.15495e-09
40.35,-0.0004004176557,-0.0004004175641,1.72402e-08,-0.0003927173982,-0.0003927173087,3.23483e-09
40.4,-0.00040130334,-0.0004013030904,4.69998e-08,-0.0003935860498,-0.0003935858053,8.83715e-09
40.45,-0.0004021850638,-0.0004021846823,7.18395e-08,-0.000394450817,-0.0003944504431,1.35136e-08
40.5,-0.0004030628184,-0.0004030623348,9.10826e-08,-0.0003953116913,-0.0003953112172,1.71367e-08
40.55,-0.0004039365952,-0.0004039360424,1.04111e-07,-0.0003961686643,-0.0003961681223,1.95901e-08
40.6,-0.0004048063855,-0.0004048057996,1.10365e-07,-0.0003970217276,-0.000397021153,2.07686e-08
40.65,-0.0004056721809,-0.0004056716004,1.09343e-07,-0.0003978708727,-0.0003978703034,2.05777e-08
40.7,-0.0004065339728,-0.0004065334386,1.00605e-07,-0.0003987160913,-0.0003987155674,1.89343e-08
40.75,-0.0004073917527,-0.0004073913079,8.37646e-08,-0.000399557375,-0.0003995569388,1.57661e-08
40.8,-0.0004082455121,-0.0004082452015,5.84988e-08,-0.0004003947157,-0.000400394411,1.1012e-08
40.85,-0.0004090952428,-0.0004090951125,2.4541e-08,-0.0004012281049,-0.0004012279771,4.62191e-09
40.9,-0.0004099409362,-0.0004099410335,1.83161e-08,-0.0004020575347,-0.0004020576299,3.44324e-09
40.95,-0.0004107825841,-0.000410782957,7.02211e-08,-0.0004028829967,-0.0004028833622,1.32114e-08
41,-0.0004116201783,-0.0004116208752,1.31264e-07,-0.0004037044829,-0.0004037051663,2.46995e-08
41.05,-0.0004124537105,-0.0004124547802,2.01475e-07,-0.0004045219852,-0.0004045230342,3.79133e-08
41.1,-0.0004132831724,-0.0004132846634,2.80826e-07,-0.0004053354956,-0.0004053369577,5.28476e-08
41.15,-0.000414108556,-0.0004141105164,3.69232e-07,-0.000406145006,-0.0004061469285,6.94861e-08
41.2,-0.0004149298531,-0.0004149323302,4.66545e-07,-0.0004069505086,-0.0004069529378,8.78013e-08
41.25,-0.0004157470511,-0.0004157500957,5.73431e-07,-0.0004077519908,-0.0004077549767,1.07918e-07
41.3,-0.0004165601428,-0.0004165638034,6.89447e-07,-0.0004085494458,-0.0004085530358,1.29754e-07
41.35,-0.0004173691232,-0.0004173734437,8.13733e-07,-0.0004093428685,-0.0004093471057,1.53146e-07
41.4,-0.0004181739842,-0.0004181790065,9.45913e-07,-0.0004101322511,-0.0004101371766,1.78024e-07
41.45,-0.000418974718,-0.0004189804817,1.08556e-06,-0.0004109175858,-0.0004109232384,2.04307e-07
41.5,-0.0004197713166,-0.0004197778588,1.23217e-06,-0.0004116988648,-0.0004117052809,2.31902e-07
41.55,-0.0004205637722,-0.0004205711269,1.3852e-06,-0.0004124760804,-0.0004124832935,2.60706e-07
41.6,-0.0004213520769,-0.000421360275,1.54405e-06,-0.0004132492251,-0.0004132572653,2.90603e-07
41.65,-0.000422136223,-0.0004221452918,1.70804e-06,-0.0004140182911,-0.0004140271853,3.21469e-07
41.7,-0.0004229162028,-0.0004229261657,1.87644e-06,-0.0004147832708,-0.000414793042,3.53166e-07
41.75,-0.0004236920085,-0.0004237028848,2.04848e-06,-0.0004155441568,-0.0004155548238,3.85546e-07
41.8,-0.0004244636325,-0.000424475437,2.2233e-06,-0.0004163009415,-0.0004163125189,4.1845e-07
41.85,-0.0004252310672,-0.0004252438098,2.4e-06,-0.0004170536174,-0.000417066115,4.51709e-07
41.9,-0.000425994305,-0.0004260079907,2.57762e-06,-0.0004178021772,-0.0004178155998,4.8514e-07
41.95,-0.0004267533384,-0.0004267679667,2.75513e-06,-0.0004185466135,-0.0004185609605,5.18553e-07
42,-0.00042750816,-0.0004275237244,2.93146e-06,-0.0004192869188,-0.0004193021841,5.51742e-07
42.05,-0.0004282587622,-0.0004282752506,3.10547e-06,-0.000420023086,-0.0004200392575,5.84494e-07
42.1,-0.0004290051378,-0.0004290225313,3.27596e-06,-0.0004207551078,-0.000420772167,6.16583e-07
42.15,-0.0004297472792,-0.0004297655526,3.44166e-06,-0.0004214829769,-0.0004215008991,6.47773e-07
42.2,-0.0004304851793,-0.0004305043001,3.60127e-06,-0.0004222066862,-0.0004222254396,6.77814e-07
42.25,-0.0004312188308,-0.0004312387593,3.7534e-06,-0.0004229262286,-0.0004229457742,7.06449e-07
42.3,-0.0004319482264,-0.0004319689153,3.89662e-06,-0.000423641597,-0.0004236618884,7.33408e-07
42.35,-0.0004326733589,-0.000432694753,4.02944e-06,-0.0004243527842,-0.0004243737674,7.58408e-07
42.4,-0.0004333942212,-0.0004334162571,4.15031e-06,-0.0004250597834,-0.000425081396,7.81157e-07
42.45,-0.0004341108063,-0.0004341334118,4.2576e-06,-0.0004257625876,-0.0004257847589,8.01352e-07
42.5,-0.000434823107,-0.0004348462013,4.34965e-06,-0.0004264611898,-0.0004264838405,8.18679e-07
42.55,-0.0004355311164,-0.0004355546092,4.42473e-06,-0.0004271555832,-0.0004271786249,8.32811e-07
42.6,-0.0004362348274,-0.0004362586193,4.48105e-06,-0.000427845761,-0.000427869096,8.43411e-07
42.65,-0.0004369342332,-0.0004369582147,4.51675e-06,-0.0004285317163,-0.0004285552372,8.50132e-07
42.7,-0.0004376293269,-0.0004376533784,4.52993e-06,-0.0004292134424,-0.000429237032,8.52613e-07
42.75,-0.0004383201017,-0.0004383440931,4.51862e-06,-0.0004298909326,-0.0004299144633,8.50485e-07
42.8,-0.0004390065507,-0.0004390303413,4.4808e-06,-0.0004305641803,-0.000430587514,8.43365e-07
42.85,-0.0004396886672,-0.0004397121051,4.41437e-06,-0.0004312331788,-0.0004312561666,8.30862e-07
42.9,-0.0004403664445,-0.0004403893664,4.31719e-06,-0.0004318979215,-0.0004319204032,8.12571e-07
42.95,-0.000441039876,-0.000441062107,4.18705e-06,-0.000432558402,-0.000432580206,7.88076e-07
43,-0.000441708955,-0.000441730308,4.02169e-06,-0.0004332146137,-0.0004332355566,7.56952e-07
43.05,-0.000442373675,-0.0004423939507,3.81879e-06,-0.0004338665502,-0.0004338864365,7.18761e-07
43.1,-0.0004430340295,-0.0004430530158,3.57596e-06,-0.0004345142051,-0.0004345328268,6.73054e-07
43.15,-0.0004436900118,-0.000443707484,3.29076e-06,-0.0004351575721,-0.0004351747085,6.19372e-07
43.2,-0.0004443416158,-0.0004443573353,2.96068e-06,-0.0004357966448,-0.0004358120622,5.57243e-07
43.25,-0.0004449888348,-0.00044500255,2.58316e-06,-0.0004364314169,-0.0004364448683,4.86185e-07
43.3,-0.0004456316627,-0.0004456431076,2.15559e-06,-0.0004370618822,-0.000437073107,4.05704e-07
43.35,-0.0004462700892,-0.0004462789878,1.67599e-06,-0.0004376880309,-0.0004376967581,3.15432e-07
43.4,-0.0004469041114,-0.0004469101695,1.14102e-06,-0.00043830986,-0.0004383158012,2.14737e-07
43.45,-0.0004475337231,-0.0004475366319,5.47843e-07,-0.0004389273634,-0.0004389302156,1.03086e-07
43.5,-0.0004481589183,-0.0004481583535,1.06389e-07,-0.0004395405352,-0.0004395399803,2.00568e-08
43.55,-0.0004487796908,-0.0004487785616,2.12686e-07,-0.0004401493694,-0.000440148261,4.00599e-08
43.6,-0.0004493960345,-0.0004493958176,4.08537e-08,-0.0004407538598,-0.0004407536465,7.71029e-09
43.65,-0.0004500079433,-0.0004500085347,1.11387e-07,-0.0004413540007,-0.0004413545804,2.09509e-08
43.7,-0.0004506154112,-0.0004506167151,2.4559e-07,-0.0004419497862,-0.0004419510648,4.62161e-08
43.75,-0.0004512184322,-0.0004512203609,3.63255e-07,-0.0004425412102,-0.0004425431018,6.83678e-08
43.8,-0.0004518170005,-0.0004518194739,4.65832e-07,-0.0004431282672,-0.0004431306931,8.76789e-08
43.85,-0.0004524111102,-0.0004524140555,5.54719e-07,-0.0004437109513,-0.0004437138401,1.04412e-07
43.9,-0.0004530007555,-0.0004530041071,6.3126e-07,-0.0004442892568,-0.0004442925443,1.18822e-07
43.95,-0.0004535859305,-0.0004535896298,6.96748e-07,-0.000444863178,-0.0004448668066,1.3115e-07
44,-0.0004541666295,-0.0004541706245,7.52426e-07,-0.0004454327094,-0.000445436628,1.41632e-07
44.05,-0.000454742847,-0.0004547470918,7.99483e-07,-0.0004459978453,-0.000446002009,1.5049e-07
44.1,-0.0004553145771,-0.000455319032,8.39056e-07,-0.0004465585802,-0.00044656295,1.57939e-07
44.15,-0.0004558818143,-0.0004558864454,8.7223e-07,-0.0004471149086,-0.0004471194511,1.64183e-07
44.2,-0.0004564445532,-0.0004564493319,9.00039e-07,-0.0004476668251,-0.0004476715125,1.69418e-07
44.25,-0.000457002788,-0.0004570076911,9.23464e-07,-0.0004482143243,-0.0004482191336,1.73826e-07
44.3,-0.0004575565135,-0.0004575615226,9.43433e-07,-0.0004487574008,-0.0004487623141,1.77584e-07
44.35,-0.0004581057242,-0.0004581108257,9.60824e-07,-0.0004492960494,-0.0004493010532,1.80857e-07
44.4,-0.0004586504148,-0.0004586555992,9.76462e-07,-0.0004498302647,-0.0004498353499,1.83799e-07
44.45,-0.0004591905798,-0.0004591958421,9.91118e-07,-0.0004503600415,-0.000450365203,1.86557e-07
44.5,-0.0004597262141,-0.0004597315529,1.00551e-06,-0.0004508853747,-0.0004508906112,1.89265e-07
44.55,-0.0004602573125,-0.0004602627298,1.02032e-06,-0.0004514062592,-0.0004514115728,1.9205e-07
44.6,-0.0004607838697,-0.0004607893711,1.03615e-06,-0.0004519226899,-0.0004519280858,1.95028e-07
44.65,-0.0004613058806,-0.0004613114744,1.05356e-06,-0.0004524346617,-0.0004524401483,1.98305e-07
44.7,-0.0004618233402,-0.0004618290376,1.07308e-06,-0.0004529421697,-0.0004529477579,2.01977e-07
44.75,-0.0004623362433,-0.000462342058,1.09515e-06,-0.0004534452089,-0.000453450912,2.0613e-07
44.8,-0.0004628445851,-0.0004628505327,1.12019e-06,-0.0004539437745,-0.0004539496079,2.10842e-07
44.85,-0.0004633483606,-0.0004633544588,1.14856e-06,-0.0004544378616,-0.0004544438426,2.16179e-07
44.9,-0.0004638475648,-0.0004638538328,1.18054e-06,-0.0004549274653,-0.0004549336129,2.22197e-07
44.95,-0.000464342193,-0.0004643486514,1.2164e-06,-0.000455412581,-0.0004554189153,2.28945e-07
45,-0.0004648322403,-0.0004648389107,1.25633e-06,-0.0004558932039,-0.0004558997461,2.3646e-07
45.05,-0.0004653177021,-0.0004653246068,1.30047e-06,-0.0004563693294,-0.0004563761015,2.44768e-07
45.1,-0.0004657985735,-0.0004658057355,1.34893e-06,-0.0004568409529,-0.0004568479772,2.53887e-07
45.15,-0.0004662748499,-0.0004662822923,1.40173e-06,-0.0004573080697,-0.0004573153691,2.63825e-07
45.2,-0.0004667465152,-0.0004667542726,1.46106e-06,-0.0004577706641,-0.0004577782724,2.74992e-07
45.25,-0.0004672135614,-0.0004672216715,1.52747e-06,-0.0004582287282,-0.0004582366823,2.87491e-07
45.3,-0.0004676759963,-0.0004676844837,1.59856e-06,-0.0004586822697,-0.000458690594,3.00871e-07
45.35,-0.0004681338151,-0.0004681427041,1.67419e-06,-0.0004591312838,-0.000459140002,3.15106e-07
45.4,-0.0004685870133,-0.0004685963269,1.75416e-06,-0.0004595757663,-0.0004595849009,3.30158e-07
45.45,-0.0004690355864,-0.0004690453464,1.83824e-06,-0.0004600157126,-0.000460025285,3.45983e-07
45.5,-0.00046947953,-0.0004694897566,1.92611e-06,-0.0004604511183,-0.0004604611484,3.62523e-07
45.55,-0.0004699188395,-0.000469929551,2.01744e-06,-0.0004608819792,-0.0004608924848,3.79714e-07
45.6,-0.0004703535106,-0.0004703647233,2.11183e-06,-0.0004613082908,-0.000461319288,3.9748e-07
45.65,-0.0004707835391,-0.0004707952666,2.20881e-06,-0.000461730049,-0.0004617415513,4.15735e-07
45.7,-0.0004712089205,-0.0004712211741,2.3079e-06,-0.0004621472496,-0.0004621592679,4.34385e-07
45.75,-0.0004716296506,-0.0004716424385,2.40852e-06,-0.0004625598883,-0.0004625724306,4.53325e-07
45.8,-0.0004720457252,-0.0004720590524,2.51008e-06,-0.0004629679611,-0.0004629810323,4.72441e-07
45.85,-0.0004724571402,-0.000472471008,2.61191e-06,-0.0004633714638,-0.0004633850654,4.91609e-07
45.9,-0.0004728638915,-0.0004728782976,2.7133e-06,-0.0004637703925,-0.0004637845221,5.10695e-07
45.95,-0.0004732659749,-0.000473280913,2.81349e-06,-0.0004641647431,-0.0004641793945,5.29554e-07
46,-0.0004736633865,-0.0004736788458,2.91167e-06,-0.0004645545117,-0.0004645696744,5.48034e-07
46.05,-0.0004740561222,-0.0004740720875,3.00696e-06,-0.0004649396944,-0.0004649553534,5.65972e-07
46.1,-0.0004744441781,-0.0004744606292,3.09845e-06,-0.0004653202873,-0.0004653364228,5.83194e-07
46.15,-0.0004748275504,-0.000474844462,3.18518e-06,-0.0004656962866,-0.0004657128737,5.99518e-07
46.2,-0.0004752062352,-0.0004752235764,3.2661e-06,-0.0004660676886,-0.0004660846971,6.14751e-07
46.25,-0.0004755802287,-0.0004755979631,3.34016e-06,-0.0004664344894,-0.0004664518837,6.28692e-07
46.3,-0.0004759495271,-0.0004759676123,3.40622e-06,-0.0004667966855,-0.0004668144238,6.41127e-07
46.35,-0.0004763141267,-0.0004763325139,3.46311e-06,-0.0004671542732,-0.0004671723078,6.51836e-07
46.4,-0.0004766740239,-0.0004766926579,3.5096e-06,-0.0004675072488,-0.0004675255255,6.60586e-07
46.45,-0.000477029215,-0.0004770480338,3.5444e-06,-0.0004678556089,-0.0004678740669,6.67138e-07
46.5,-0.0004773796965,-0.000477398631,3.56619e-06,-0.0004681993499,-0.0004682179213,6.71238e-07
46.55,-0.0004777254648,-0.0004777444385,3.57357e-06,-0.0004685384684,-0.0004685570783,6.72627e-07
46.6,-0.0004780665165,-0.0004780854452,3.5651e-06,-0.000468872961,-0.0004688915267,6.71034e-07
46.65,-0.0004784028481,-0.0004784216399,3.53931e-06,-0.0004692028242,-0.0004692212556,6.66179e-07
46.7,-0.0004787344562,-0.0004787530108,3.49464e-06,-0.0004695280548,-0.0004695462536,6.5777e-07
46.75,-0.0004790613374,-0.0004790795462,3.42951e-06,-0.0004698486494,-0.000469866509,6.45509e-07
46.8,-0.0004793834886,-0.0004794012341,3.34226e-06,-0.0004701646049,-0.0004701820101,6.29086e-07
46.85,-0.0004797009063,-0.0004797180623,3.23121e-06,-0.000470475918,-0.0004704927448,6.08181e-07
46.9,-0.0004800135875,-0.0004800300181,3.09459e-06,-0.0004707825856,-0.0004707987009,5.82464e-07
46.95,-0.0004803215289,-0.0004803370888,2.93062e-06,-0.0004710846046,-0.0004710998659,5.51596e-07
46.98886026,-0.0004805575871,-0.0004805723639,2.7831e-06,-0.000471316123,-0.0004713306159,5.23826e-07
46.98886026,-0.0004805575871,-0.0004805723639,2.7831e-06,-0.000471316123,-0.0004713306159,5.23826e-07
47,-1.626989409e-05,-1.625036957e-05,3.67732e-06,-8.132162486e-06,-8.122528363e-06,3.48212e-07
47.05,-9.263518119e-06,-9.263041333e-06,8.97995e-08,-4.631758459e-06,-4.631520674e-06,8.59442e-09
47.1,-9.266108257e-06,-9.268457337e-06,4.42434e-07,-4.63305409e-06,-4.634228673e-06,4.24537e-08
47.15,-9.270039124e-06,-9.273781902e-06,7.04928e-07,-4.63501956e-06,-4.636890948e-06,6.76388e-08
47.2,-9.273978266e-06,-9.279014949e-06,9.48626e-07,-4.636989131e-06,-4.639507475e-06,9.10221e-08
47.25,-9.277917408e-06,-9.284156371e-06,1.17507e-06,-4.638958703e-06,-4.642078186e-06,1.12749e-07
47.3,-9.282462194e-06,-9.289206134e-06,1.27018e-06,-4.641231097e-06,-4.644603067e-06,1.21875e-07
47.35,-9.287489564e-06,-9.294164232e-06,1.25713e-06,-4.643744782e-06,-4.647082116e-06,1.20623e-07
47.4,-9.292516935e-06,-9.299030649e-06,1.22682e-06,-4.646258467e-06,-4.649515325e-06,1.17715e-07
47.45,-9.297348798e-06,-9.303805352e-06,1.21605e-06,-4.648674399e-06,-4.651902676e-06,1.16682e-07
47.5,-9.302159977e-06,-9.308488301e-06,1.1919e-06,-4.651079988e-06,-4.65424415e-06,1.14364e-07
47.55,-9.307048106e-06,-9.313079439e-06,1.13596e-06,-4.653524053e-06,-4.656539719e-06,1.08997e-07
47.6,-9.312296093e-06,-9.317578699e-06,9.94944e-07,-4.656148047e-06,-4.658789349e-06,9.54663e-08
47.65,-9.317754263e-06,-9.321986003e-06,7.9702e-07,-4.658877132e-06,-4.660993001e-06,7.64752e-08
47.7,-9.323422617e-06,-9.326301259e-06,5.42173e-07,-4.661711309e-06,-4.663150629e-06,5.20223e-08
47.75,-9.329301154e-06,-9.330524362e-06,2.30383e-07,-4.664650577e-06,-4.665262181e-06,2.21056e-08
47.8,-9.335389875e-06,-9.334655197e-06,1.38372e-07,-4.667694937e-06,-4.667327599e-06,1.3277e-08
47.85,-9.34012216e-06,-9.338693636e-06,2.69053e-07,-4.67006108e-06,-4.669346818e-06,2.5816e-08
47.9,-9.344463165e-06,-9.342639537e-06,3.43468e-07,-4.672231583e-06,-4.671319769e-06,3.29563e-08
47.95,-9.348485539e-06,-9.346493726e-06,3.75145e-07,-4.67424277e-06,-4.673246864e-06,3.59957e-08
48,-9.352189283e-06,-9.350256339e-06,3.64057e-07,-4.676094642e-06,-4.67512817e-06,3.49318e-08
48.05,-9.355574397e-06,-9.353926435e-06,3.10383e-07,-4.677787199e-06,-4.676963217e-06,2.97817e-08
48.1,-9.359004845e-06,-9.357504026e-06,2.82669e-07,-4.679502423e-06,-4.678752013e-06,2.71225e-08
48.15,-9.36247484e-06,-9.360989122e-06,2.79825e-07,-4.68123742e-06,-4.680494561e-06,2.68496e-08
48.2,-9.365816469e-06,-9.36438173e-06,2.70224e-07,-4.682908235e-06,-4.682190865e-06,2.59283e-08
48.25,-9.369029731e-06,-9.367681855e-06,2.53864e-07,-4.684514866e-06,-4.683840928e-06,2.43586e-08
48.3,-9.372114628e-06,-9.370889498e-06,2.30745e-07,-4.686057314e-06,-4.685444749e-06,2.21403e-08
48.35,-9.375119955e-06,-9.374004659e-06,2.10059e-07,-4.687559978e-06,-4.687002329e-06,2.01554e-08
48.4,-9.378126303e-06,-9.377027332e-06,2.06984e-07,-4.689063152e-06,-4.688513666e-06,1.98604e-08
48.45,-9.381055326e-06,-9.379957513e-06,2.06766e-07,-4.690527663e-06,-4.689978756e-06,1.98395e-08
48.5,-9.383907023e-06,-9.382795192e-06,2.09406e-07,-4.691953512e-06,-4.691397596e-06,2.00928e-08
48.55,-9.386681394e-06,-9.385540357e-06,2.14907e-07,-4.693340697e-06,-4.692770178e-06,2.06206e-08
48.6,-9.389377004e-06,-9.388192993e-06,2.23001e-07,-4.694688502e-06,-4.694096497e-06,2.13972e-08
48.65,-9.391942072e-06,-9.390753085e-06,2.23938e-07,-4.695971036e-06,-4.695376542e-06,2.14872e-08
48.7,-9.394401873e-06,-9.393220611e-06,2.22483e-07,-4.697200936e-06,-4.696610306e-06,2.13475e-08
48.75,-9.396751998e-06,-9.39559555e-06,2.1781e-07,-4.698375999e-06,-4.697797775e-06,2.08991e-08
48.8,-9.39898804e-06,-9.397877875e-06,2.09092e-07,-4.69949402e-06,-4.698938938e-06,2.00627e-08
48.85,-9.40110559e-06,-9.400067561e-06,1.95506e-07,-4.700552795e-06,-4.700033781e-06,1.87591e-08
48.9,-9.403100241e-06,-9.402164575e-06,1.76227e-07,-4.70155012e-06,-4.701082288e-06,1.69092e-08
48.95,-9.404967584e-06,-9.404168885e-06,1.5043e-07,-4.702483792e-06,-4.702084443e-06,1.44339e-08
49,-9.406703211e-06,-9.406080454e-06,1.17292e-07,-4.703351605e-06,-4.703040227e-06,1.12543e-08
49.05,-9.408302714e-06,-9.407899245e-06,7.59906e-08,-4.704151357e-06,-4.703949623e-06,7.2914e-09
49.1,-9.409761685e-06,-9.409625216e-06,2.5703e-08,-4.704880843e-06,-4.704812608e-06,2.46624e-09
49.15,-9.411155908e-06,-9.411258323e-06,1.92893e-08,-4.705577954e-06,-4.705629162e-06,1.85083e-09
49.2,-9.412551314e-06,-9.41279852e-06,4.65597e-08,-4.706275657e-06,-4.70639926e-06,4.46746e-09
49.25,-9.413857348e-06,-9.414245757e-06,7.31543e-08,-4.706928674e-06,-4.707122878e-06,7.01924e-09
49.3,-9.415075873e-06,-9.415599982e-06,9.87124e-08,-4.707537937e-06,-4.707799991e-06,9.47157e-09
49.35,-9.416208754e-06,-9.41686114e-06,1.22873e-07,-4.708104377e-06,-4.70843057e-06,1.17898e-08
49.4,-9.417257853e-06,-9.418029175e-06,1.45273e-07,-4.708628927e-06,-4.709014587e-06,1.39392e-08
49.45,-9.418225033e-06,-9.419104026e-06,1.65552e-07,-4.709112517e-06,-4.709552013e-06,1.5885e-08
49.5,-9.419112159e-06,-9.420085631e-06,1.83347e-07,-4.70955608e-06,-4.710042815e-06,1.75924e-08
49.55,-9.419921093e-06,-9.420973923e-06,1.98294e-07,-4.709960548e-06,-4.710486962e-06,1.90265e-08
49.6,-9.4206537e-06,-9.421768836e-06,2.10029e-07,-4.710326851e-06,-4.710884418e-06,2.01525e-08
49.65,-9.421311841e-06,-9.422470298e-06,2.18188e-07,-4.710655922e-06,-4.711235149e-06,2.09354e-08
49.7,-9.421897382e-06,-9.423078237e-06,2.22406e-07,-4.710948692e-06,-4.711539118e-06,2.13402e-08
49.75,-9.422412184e-06,-9.423592575e-06,2.22319e-07,-4.711206093e-06,-4.711796288e-06,2.13318e-08
49.8,-9.422858112e-06,-9.424013234e-06,2.1756e-07,-4.711429057e-06,-4.712006617e-06,2.08751e-08
49.85,-9.423237029e-06,-9.424340133e-06,2.07762e-07,-4.711618516e-06,-4.712170067e-06,1.99351e-08
49.9,-9.423550799e-06,-9.424573276e-06,1.92577e-07,-4.7117754e-06,-4.712286639e-06,1.8478e-08
49.95,-9.423801284e-06,-9.424721399e-06,1.73298e-07,-4.711900643e-06,-4.7123607e-06,1.66281e-08
50,-9.423990348e-06,-9.424775927e-06,1.47959e-07,-4.711995175e-06,-4.712387964e-06,1.41968e-08
50.05,-9.424119854e-06,-9.424736902e-06,1.16217e-07,-4.712059928e-06,-4.712368451e-06,1.11512e-08
50.1,-9.424191667e-06,-9.424604368e-06,7.77295e-08,-4.712095834e-06,-4.712302184e-06,7.45823e-09
50.15,-9.424207648e-06,-9.424378366e-06,3.21535e-08,-4.712103825e-06,-4.712189183e-06,3.08515e-09
50.2,-9.424118082e-06,-9.424058939e-06,1.11392e-08,-4.712059042e-06,-4.712029469e-06,1.06885e-09
50.25,-9.423756012e-06,-9.423646128e-06,2.06959e-08,-4.711878007e-06,-4.711823064e-06,1.98582e-09
50.3,-9.423302718e-06,-9.423139975e-06,3.06514e-08,-4.71165136e-06,-4.711569988e-06,2.94108e-09
50.35,-9.422757893e-06,-9.422540521e-06,4.09406e-08,-4.711378947e-06,-4.711270261e-06,3.92833e-09
50.4,-9.422121232e-06,-9.421847807e-06,5.14979e-08,-4.711060617e-06,-4.710923903e-06,4.94132e-09
50.45,-9.421392428e-06,-9.421061872e-06,6.22581e-08,-4.710696215e-06,-4.710530936e-06,5.97378e-09
50.5,-9.420571175e-06,-9.420182757e-06,7.3156e-08,-4.710285588e-06,-4.710091378e-06,7.01945e-09
50.55,-9.419657166e-06,-9.419210501e-06,8.41265e-08,-4.709828584e-06,-4.70960525e-06,8.07208e-09
50.6,-9.418650096e-06,-9.418145143e-06,9.51044e-08,-4.709325048e-06,-4.709072572e-06,9.12543e-09
50.65,-9.417549657e-06,-9.416986723e-06,1.06025e-07,-4.708774829e-06,-4.708493362e-06,1.01733e-08
50.7,-9.416355544e-06,-9.415735279e-06,1.16823e-07,-4.708177773e-06,-4.707867639e-06,1.12093e-08
50.75,-9.415067451e-06,-9.414390848e-06,1.27434e-07,-4.707533726e-06,-4.707195424e-06,1.22275e-08
50.8,-9.41368507e-06,-9.41295347e-06,1.37792e-07,-4.706842536e-06,-4.706476735e-06,1.32214e-08
50.85,-9.412208097e-06,-9.41142318e-06,1.47834e-07,-4.706104049e-06,-4.70571159e-06,1.41849e-08
50.9,-9.410636224e-06,-9.409800017e-06,1.57494e-07,-4.705318112e-06,-4.704900009e-06,1.51118e-08
50.95,-9.408969145e-06,-9.408084017e-06,1.66708e-07,-4.704484573e-06,-4.704042009e-06,1.59959e-08
51,-9.407206554e-06,-9.406275216e-06,1.75411e-07,-4.703603278e-06,-4.703137608e-06,1.6831e-08
51.05,-9.405348145e-06,-9.404373651e-06,1.8354e-07,-4.702674073e-06,-4.702186826e-06,1.76109e-08
51.1,-9.403393611e-06,-9.402379356e-06,1.91028e-07,-4.701696806e-06,-4.701189678e-06,1.83294e-08
51.15,-9.401342647e-06,-9.400292368e-06,1.97813e-07,-4.700671324e-06,-4.700146184e-06,1.89804e-08
51.2,-9.399194945e-06,-9.398112722e-06,2.0383e-07,-4.699597473e-06,-4.699056361e-06,1.95577e-08
51.25,-9.3969502e-06,-9.395840451e-06,2.09014e-07,-4.6984751e-06,-4.697920226e-06,2.00552e-08
51.3,-9.394608105e-06,-9.393475591e-06,2.13302e-07,-4.697304053e-06,-4.696737796e-06,2.04666e-08
51.35,-9.392168354e-06,-9.391018175e-06,2.16629e-07,-4.696084177e-06,-4.695509087e-06,2.07858e-08
51.4,-9.389630641e-06,-9.388468236e-06,2.18931e-07,-4.694815321e-06,-4.694234118e-06,2.10068e-08
51.45,-9.386994659e-06,-9.385825808e-06,2.20145e-07,-4.69349733e-06,-4.692912904e-06,2.11233e-08
51.5,-9.384260103e-06,-9.383090924e-06,2.20207e-07,-4.692130052e-06,-4.691545462e-06,2.11292e-08
51.55,-9.381426665e-06,-9.380263616e-06,2.19053e-07,-4.690713333e-06,-4.690131808e-06,2.10184e-08
51.6,-9.37849404e-06,-9.377343916e-06,2.16618e-07,-4.68924702e-06,-4.688671958e-06,2.07849e-08
51.65,-9.375461922e-06,-9.374331856e-06,2.12841e-07,-4.687730961e-06,-4.687165928e-06,2.04224e-08
51.7,-9.372330003e-06,-9.371227467e-06,2.07655e-07,-4.686165002e-06,-4.685613733e-06,1.99248e-08
51.75,-9.369097978e-06,-9.368030781e-06,2.01e-07,-4.684548989e-06,-4.68401539e-06,1.92862e-08
51.8,-9.365765541e-06,-9.364741828e-06,1.9281e-07,-4.68288277e-06,-4.682370914e-06,1.85004e-08
51.85,-9.362332385e-06,-9.361360638e-06,1.83022e-07,-4.681166192e-06,-4.680680319e-06,1.75612e-08
51.9,-9.358798203e-06,-9.357887242e-06,1.71574e-07,-4.679399102e-06,-4.678943621e-06,1.64627e-08
51.95,-9.355162691e-06,-9.354321669e-06,1.58401e-07,-4.677581345e-06,-4.677160834e-06,1.51988e-08
52,-9.35142554e-06,-9.350663948e-06,1.43441e-07,-4.67571277e-06,-4.675331974e-06,1.37634e-08
52.05,-9.347586446e-06,-9.346914108e-06,1.2663e-07,-4.673793223e-06,-4.673457054e-06,1.21504e-08
52.1,-9.343645102e-06,-9.343072179e-06,1.07906e-07,-4.671822551e-06,-4.67153609e-06,1.03537e-08
52.15,-9.339601201e-06,-9.339138187e-06,8.72056e-08,-4.6698006e-06,-4.669569094e-06,8.36748e-09
52.2,-9.335454437e-06,-9.335112161e-06,6.44654e-08,-4.667727218e-06,-4.667556081e-06,6.18552e-09
52.25,-9.331204504e-06,-9.330993422e-06,3.9756e-08,-4.665602252e-06,-4.665496711e-06,3.81461e-09
52.3,-9.326851096e-06,-9.326770271e-06,1.5223e-08,-4.663425548e-06,-4.663385135e-06,1.46065e-09
52.35,-9.322512944e-06,-9.322460947e-06,9.79325e-09,-4.661256472e-06,-4.661230474e-06,9.39665e-10
52.4,-9.318116441e-06,-9.31806347e-06,9.97668e-09,-4.65905822e-06,-4.659031735e-06,9.57267e-10
52.45,-9.31362788e-06,-9.313576193e-06,9.73478e-09,-4.65681394e-06,-4.656788097e-06,9.34055e-10
52.5,-9.309047286e-06,-9.308997804e-06,9.31943e-09,-4.654523643e-06,-4.654498902e-06,8.942e-10
52.55,-9.304374685e-06,-9.304327327e-06,8.91944e-09,-4.652187342e-06,-4.652163664e-06,8.55819e-10
52.6,-9.299610103e-06,-9.299564121e-06,8.66046e-09,-4.649805051e-06,-4.649782061e-06,8.30969e-10
52.65,-9.294753566e-06,-9.294707878e-06,8.60506e-09,-4.647376783e-06,-4.647353939e-06,8.25655e-10
52.7,-9.289805101e-06,-9.289758629e-06,8.75267e-09,-4.64490255e-06,-4.644879315e-06,8.39822e-10
52.75,-9.284764732e-06,-9.284716737e-06,9.03964e-09,-4.642382366e-06,-4.642358368e-06,8.67363e-10
52.8,-9.279632486e-06,-9.2795829e-06,9.33918e-09,-4.639816243e-06,-4.63979145e-06,8.96111e-10
52.85,-9.274408222e-06,-9.274358154e-06,9.42997e-09,-4.637204111e-06,-4.637179077e-06,9.04829e-10
52.9,-9.269091145e-06,-9.269043867e-06,8.9044e-09,-4.634545573e-06,-4.634521933e-06,8.54403e-10
52.95,-9.263682029e-06,-9.263641744e-06,7.58738e-09,-4.631841015e-06,-4.631820872e-06,7.28031e-10
53,-9.25818089e-06,-9.258144079e-06,6.93302e-09,-4.629090445e-06,-4.62907204e-06,6.65241e-10
53.05,-9.252587742e-06,-9.252555368e-06,6.0975e-09,-4.626293871e-06,-4.626277683e-06,5.8511e-10
53.1,-9.246902602e-06,-9.24687516e-06,5.1687e-09,-4.623451301e-06,-4.623437583e-06,4.95848e-10
53.14373774,-9.56450987e-06,-9.467960532e-06,1.81844e-05,-3.663303567e-06,-3.422576534e-06,8.70075e-06
53.14373774,-9.56450987e-06,-9.467960532e-06,1.81844e-05,-3.663303567e-06,-3.422576534e-06,8.70075e-06
53.15,-3.189826845e-05,-3.190879041e-05,1.98174e-06,-5.973578976e-07,-5.976564948e-07,1.07924e-08
53.2,-0.0001751406889,-0.0001751425472,3.49988e-07,-3.357223681e-06,-3.35725969e-06,1.30151e-09
53.25,-0.0002725309358,-0.000272529173,3.32027e-07,-5.233593164e-06,-5.233559202e-06,1.22751e-09
53.3,-0.0003387135749,-0.0003387111822,4.5064e-07,-6.508704728e-06,-6.508658635e-06,1.66597e-09
53.35,-0.0003836536953,-0.0003836548726,2.21742e-07,-7.37454988e-06,-7.374572561e-06,8.19745e-10
53.4,-0.0004141367503,-0.0004141387309,3.73035e-07,-7.961859771e-06,-7.961897927e-06,1.37907e-09
53.45,-0.0004347805037,-0.0004347842869,7.12534e-07,-8.359602032e-06,-8.359674917e-06,2.63432e-09
53.5,-0.0004487249464,-0.0004487267551,3.40659e-07,-8.628272941e-06,-8.628307793e-06,1.2597e-09
53.55,-0.000458108716,-0.0004581104942,3.34923e-07,-8.809076326e-06,-8.809110592e-06,1.23848e-09
53.6,-0.0004643866818,-0.000464389822,5.91426e-07,-8.930042264e-06,-8.930102765e-06,2.18674e-09
53.65,-0.0004685492657,-0.0004685496268,6.80152e-08,-9.010252601e-06,-9.010259561e-06,2.51558e-10
53.7,-0.0004712704757,-0.0004712711572,1.28362e-07,-9.062693027e-06,-9.062706168e-06,4.74981e-10
53.75,-0.0004730071072,-0.0004730115929,8.44855e-07,-9.096164363e-06,-9.096250796e-06,3.12399e-09
53.8,-0.0004740733753,-0.0004740785668,9.77793e-07,-9.116720402e-06,-9.116820414e-06,3.61481e-09
53.85,-0.0004746826569,-0.0004746887159,1.14118e-06,-9.128472093e-06,-9.128588834e-06,4.21942e-09
53.9,-0.0004749807113,-0.0004749871018,1.2036e-06,-9.134227751e-06,-9.134350871e-06,4.45001e-09
53.95,-0.0004750652027,-0.0004750716037,1.2056e-06,-9.135868981e-06,-9.135992307e-06,4.45748e-09
54,-0.000475002192,-0.0004750074037,9.81583e-07,-9.134668549e-06,-9.134768955e-06,3.62907e-09
54.05,-0.000474837003,-0.000474840291,6.19271e-07,-9.13149967e-06,-9.131563018e-06,2.28961e-09
54.1,-0.0004746008951,-0.0004746035137,4.93186e-07,-9.126964615e-06,-9.127015066e-06,1.82346e-09
54.15,-0.0004743151461,-0.0004743175595,4.54558e-07,-9.121473316e-06,-9.121519816e-06,1.6807e-09
54.2,-0.0004739940291,-0.0004739959163,3.55441e-07,-9.115300773e-06,-9.11533713e-06,1.31408e-09
54.25,-0.0004736471836,-0.0004736489245,3.2789e-07,-9.108632698e-06,-9.10866624e-06,1.21232e-09
54.3,-0.0004732808581,-0.000473282561,3.20729e-07,-9.101589478e-06,-9.101622293e-06,1.18607e-09
54.35,-0.0004728993651,-0.0004729015915,4.19325e-07,-9.09425421e-06,-9.094297109e-06,1.55051e-09
54.4,-0.0004725074691,-0.0004725095709,3.95861e-07,-9.086718675e-06,-9.08675917e-06,1.46367e-09
54.45,-0.0004721077796,-0.0004721088426,2.00218e-07,-9.079033154e-06,-9.079053633e-06,7.40193e-10
54.5,-0.0004716992603,-0.0004717005043,2.34303e-07,-9.07117768e-06,-9.071201644e-06,8.66152e-10
54.55,-0.0004712840206,-0.0004712850971,2.0275e-07,-9.063192894e-06,-9.063213633e-06,7.49597e-10
54.6,-0.0004708623988,-0.0004708637499,2.54477e-07,-9.05508531e-06,-9.055111342e-06,9.40876e-10
54.65,-0.0004704353873,-0.0004704367748,2.61324e-07,-9.046874054e-06,-9.046900786e-06,9.66195e-10
54.7,-0.0004700030213,-0.0004700044406,2.67306e-07,-9.038559801e-06,-9.038587144e-06,9.8829e-10
54.75,-0.0004695657302,-0.0004695669726,2.34009e-07,-9.030150822e-06,-9.030174758e-06,8.65139e-10
54.8,-0.0004691235311,-0.0004691245528,1.92432e-07,-9.021647451e-06,-9.021667134e-06,7.11404e-10
54.85,-0.0004686765331,-0.0004686773197,1.48157e-07,-9.013051785e-06,-9.013066939e-06,5.4775e-10
54.9,-0.0004682247393,-0.0004682253684,1.18488e-07,-9.004363885e-06,-9.004376006e-06,4.38113e-10
54.95,-0.0004677681272,-0.0004677687505,1.17385e-07,-8.99558332e-06,-8.99559533e-06,4.34065e-10
55,-0.0004673067704,-0.0004673074743,1.32564e-07,-8.986711505e-06,-8.986725067e-06,4.90161e-10
55.05,-0.0004668407017,-0.0004668414971,1.49802e-07,-8.977749074e-06,-8.977764397e-06,5.53805e-10
55.1,-0.000466369993,-0.0004663708522,1.61829e-07,-8.968697409e-06,-8.968713961e-06,5.98216e-10
55.15,-0.0004658946982,-0.00046589559,1.67954e-07,-8.959557552e-06,-8.959574728e-06,6.20826e-10
55.2,-0.0004654148471,-0.0004654157177,1.63957e-07,-8.950330073e-06,-8.95034684e-06,6.06026e-10
55.25,-0.0004649304838,-0.0004649312423,1.42857e-07,-8.941015822e-06,-8.941030431e-06,5.28011e-10
55.3,-0.0004644415082,-0.0004644421707,1.24781e-07,-8.931612874e-06,-8.931625633e-06,4.61182e-10
55.35,-0.0004639478402,-0.0004639485096,1.26072e-07,-8.922119683e-06,-8.922132575e-06,4.65955e-10
55.4,-0.0004634495699,-0.0004634502654,1.30993e-07,-8.912537985e-06,-8.91255138e-06,4.84143e-10
55.45,-0.000462946702,-0.0004629474444,1.39835e-07,-8.90286787e-06,-8.902882169e-06,5.16826e-10
55.5,-0.0004624392411,-0.0004624400526,1.52853e-07,-8.893109428e-06,-8.893125058e-06,5.64939e-10
55.55,-0.0004619271919,-0.0004619280959,1.70266e-07,-8.88326275e-06,-8.88328016e-06,6.29282e-10
55.6,-0.0004614105592,-0.0004614115799,1.92253e-07,-8.873327925e-06,-8.873347583e-06,7.10511e-10
55.65,-0.0004608893476,-0.0004608905102,2.18958e-07,-8.863305046e-06,-8.863327433e-06,8.09145e-10
55.7,-0.0004603635945,-0.0004603648919,2.44357e-07,-8.853194827e-06,-8.853219809e-06,9.02937e-10
55.75,-0.0004598333642,-0.0004598347301,2.57263e-07,-8.84299851e-06,-8.84302481e-06,9.50575e-10
55.8,-0.0004592986136,-0.0004593000297,2.66707e-07,-8.832715265e-06,-8.832742528e-06,9.85386e-10
55.85,-0.000458759353,-0.0004587607954,2.71656e-07,-8.822345288e-06,-8.822373053e-06,1.00354e-09
55.9,-0.0004582155924,-0.0004582170315,2.71041e-07,-8.811888773e-06,-8.81191647e-06,1.00108e-09
55.95,-0.0004576673421,-0.0004576687425,2.63753e-07,-8.801345916e-06,-8.801372861e-06,9.73879e-10
56,-0.0004571146121,-0.0004571159555,2.53015e-07,-8.790716913e-06,-8.790742762e-06,9.34302e-10
56.05,-0.0004565574126,-0.0004565586577,2.34503e-07,-8.780001958e-06,-8.780025916e-06,8.65957e-10
56.1,-0.000455995737,-0.0004559968533,2.10244e-07,-8.769200924e-06,-8.769222403e-06,7.7634e-10
56.15,-0.0004554294653,-0.0004554305472,2.03772e-07,-8.758311501e-06,-8.758332318e-06,7.52405e-10
56.2,-0.0004548586996,-0.0004548597445,1.96794e-07,-8.747335655e-06,-8.747355757e-06,7.26589e-10
56.25,-0.0004542834442,-0.0004542844503,1.89485e-07,-8.736273467e-06,-8.736292822e-06,6.99539e-10
56.3,-0.0004537037034,-0.0004537046699,1.82042e-07,-8.725125021e-06,-8.725143614e-06,6.71996e-10
56.35,-0.0004531194814,-0.0004531204089,1.74687e-07,-8.713890398e-06,-8.713908238e-06,6.4479e-10
56.4,-0.0004525307824,-0.0004525316727,1.6767e-07,-8.70256968e-06,-8.702586801e-06,6.18843e-10
56.45,-0.0004519376109,-0.0004519384671,1.61262e-07,-8.691162948e-06,-8.691179415e-06,5.95168e-10
56.5,-0.0004513399709,-0.0004513407979,1.55763e-07,-8.679670285e-06,-8.679686191e-06,5.74871e-10
56.55,-0.0004507378854,-0.0004507386712,1.48003e-07,-8.66809213e-06,-8.668107244e-06,5.46254e-10
56.6,-0.0004501313484,-0.000450132093,1.40235e-07,-8.65642837e-06,-8.656442691e-06,5.1763e-10
56.65,-0.0004495203636,-0.0004495210696,1.32956e-07,-8.644679074e-06,-8.644692654e-06,4.90838e-10
56.7,-0.0004489049361,-0.0004489056073,1.26423e-07,-8.632844339e-06,-8.632857255e-06,4.66813e-10
56.75,-0.0004482850708,-0.0004482857127,1.20913e-07,-8.620924262e-06,-8.620936618e-06,4.46584e-10
56.8,-0.0004476607727,-0.0004476613925,1.16732e-07,-8.60891894e-06,-8.608930872e-06,4.31268e-10
56.85,-0.000447032047,-0.0004470326534,1.1421e-07,-8.596828469e-06,-8.596840146e-06,4.22076e-10
56.9,-0.0004463988986,-0.0004463995023,1.13702e-07,-8.584652945e-06,-8.584664574e-06,4.20309e-10
56.95,-0.0004457613553,-0.0004457619463,1.11307e-07,-8.572392905e-06,-8.572404291e-06,4.11541e-10
57,-0.0004451194185,-0.0004451199925,1.08114e-07,-8.560048373e-06,-8.560059434e-06,3.99786e-10
57.05,-0.0004444730867,-0.0004444736484,1.05795e-07,-8.54761932e-06,-8.547630144e-06,3.91199e-10
57.1,-0.0004438223661,-0.0004438229213,1.04567e-07,-8.535105868e-06,-8.535116563e-06,3.86568e-10
57.15,-0.000443167263,-0.0004431678188,1.04673e-07,-8.522508137e-06,-8.522518838e-06,3.86773e-10
57.2,-0.0004425077838,-0.0004425083486,1.06382e-07,-8.509826248e-06,-8.509837115e-06,3.92786e-10
57.25,-0.0004418439347,-0.0004418445187,1.09988e-07,-8.497060322e-06,-8.497071546e-06,4.05668e-10
57.3,-0.000441175722,-0.0004411763369,1.1581e-07,-8.484210481e-06,-8.484222283e-06,4.26574e-10
57.35,-0.0004405031561,-0.0004405038155,1.24194e-07,-8.471276923e-06,-8.47128957e-06,4.57109e-10
57.4,-0.0004398262462,-0.0004398269628,1.34982e-07,-8.458259825e-06,-8.458273587e-06,4.97426e-10
57.45,-0.0004391449958,-0.000439145767,1.45258e-07,-8.445159257e-06,-8.445174078e-06,5.35709e-10
57.5,-0.0004384594121,-0.0004384602337,1.54755e-07,-8.431975355e-06,-8.431991153e-06,5.71006e-10
57.55,-0.0004377695022,-0.0004377703688,1.63234e-07,-8.418708255e-06,-8.418724923e-06,6.02449e-10
57.6,-0.0004370752732,-0.0004370761783,1.70474e-07,-8.405358096e-06,-8.405375506e-06,6.29251e-10
57.65,-0.0004363767323,-0.0004363776683,1.76279e-07,-8.391925016e-06,-8.39194302e-06,6.50706e-10
57.7,-0.0004356738869,-0.0004356748451,1.80476e-07,-8.378409155e-06,-8.378427587e-06,6.66192e-10
57.75,-0.0004349667442,-0.0004349677153,1.82913e-07,-8.364810654e-06,-8.364829334e-06,6.75167e-10
57.8,-0.0004342553116,-0.0004342562857,1.83462e-07,-8.351129653e-06,-8.351148389e-06,6.7717e-10
57.85,-0.0004335395965,-0.0004335405629,1.82018e-07,-8.337366297e-06,-8.337384885e-06,6.71825e-10
57.9,-0.0004328196064,-0.0004328205541,1.78497e-07,-8.323520728e-06,-8.323538957e-06,6.58833e-10
57.95,-0.0004320953489,-0.0004320962666,1.7284e-07,-8.309593092e-06,-8.309610744e-06,6.37982e-10
58,-0.0004313668314,-0.0004313677076,1.65009e-07,-8.295583535e-06,-8.295600388e-06,6.09138e-10
58.05,-0.0004306340618,-0.0004306348847,1.54989e-07,-8.281492203e-06,-8.281508035e-06,5.7225e-10
58.1,-0.0004298970475,-0.0004298978056,1.42788e-07,-8.267319243e-06,-8.267333834e-06,5.27349e-10
58.15,-0.0004291557947,-0.0004291564784,1.28773e-07,-8.253064772e-06,-8.253077936e-06,4.75783e-10
58.2,-0.0004284102901,-0.000428410911,1.16929e-07,-8.238728537e-06,-8.238740496e-06,4.32251e-10
58.25,-0.0004276605581,-0.0004276611116,1.04259e-07,-8.224311003e-06,-8.224321674e-06,3.85695e-10
58.3,-0.0004269066056,-0.0004269070888,9.10062e-08,-8.209812307e-06,-8.209821631e-06,3.37002e-10
58.35,-0.00042614844,-0.0004261488511,7.74419e-08,-8.195232587e-06,-8.195240532e-06,2.87169e-10
58.4,-0.0004253860682,-0.0004253864073,6.38689e-08,-8.18057198e-06,-8.180578546e-06,2.373e-10
58.45,-0.0004246194976,-0.0004246197664,5.06191e-08,-8.165830625e-06,-8.165835844e-06,1.88608e-10
58.5,-0.0004238487353,-0.0004238489374,3.80546e-08,-8.151008661e-06,-8.151012601e-06,1.42414e-10
58.55,-0.0004230737885,-0.0004230739296,2.65674e-08,-8.136106225e-06,-8.136108996e-06,1.00146e-10
58.6,-0.0004222946645,-0.0004222947525,1.6579e-08,-8.121123457e-06,-8.12112521e-06,6.33414e-11
58.65,-0.0004215113705,-0.0004215114158,8.54122e-09,-8.106060496e-06,-8.106061427e-06,3.36464e-11
58.7,-0.0004207239137,-0.0004207239293,2.93546e-09,-8.090917482e-06,-8.090917837e-06,1.28142e-11
58.75,-0.0004199323015,-0.0004199323029,2.73122e-10,-8.075694555e-06,-8.07569463e-06,2.70672e-12
58.8,-0.0004191365411,-0.0004191365469,1.09544e-09,-8.060391854e-06,-8.060392e-06,5.29403e-12
58.85,-0.0004183366398,-0.0004183366715,5.97353e-09,-8.04500952e-06,-8.045010147e-06,2.26544e-11
58.9,-0.0004175326049,-0.0004175326872,1.55084e-08,-8.029547695e-06,-8.029549271e-06,5.69743e-11
58.95,-0.0004167244438,-0.0004167246048,3.03309e-08,-8.014006518e-06,-8.014009576e-06,1.10548e-10
59,-0.0004159121813,-0.0004159124348,4.77567e-08,-7.998386466e-06,-7.998391266e-06,1.73495e-10
59.05,-0.000415095821,-0.0004150961404,6.01661e-08,-7.98268761e-06,-7.982693702e-06,2.20193e-10
59.1,-0.0004142753632,-0.0004142757509,7.30167e-08,-7.966909955e-06,-7.966917378e-06,2.68302e-10
59.15,-0.0004134508159,-0.0004134512719,8.58793e-08,-7.951053656e-06,-7.951062406e-06,3.16269e-10
59.2,-0.0004126221873,-0.0004126227095,9.83622e-08,-7.935118867e-06,-7.935128902e-06,3.62678e-10
59.25,-0.0004117894854,-0.00041179007,1.10112e-07,-7.919105746e-06,-7.919116986e-06,4.06253e-10
59.3,-0.0004109527184,-0.0004109533599,1.20812e-07,-7.903014449e-06,-7.903026785e-06,4.45852e-10
59.35,-0.0004101118945,-0.0004101125858,1.30185e-07,-7.886845135e-06,-7.886858428e-06,4.80473e-10
59.4,-0.000409267022,-0.0004092677547,1.3799e-07,-7.870597961e-06,-7.870612051e-06,5.09253e-10
59.45,-0.0004084181092,-0.0004084188739,1.44026e-07,-7.854273087e-06,-7.854287791e-06,5.31465e-10
59.5,-0.0004075651643,-0.0004075659508,1.48127e-07,-7.837870674e-06,-7.837885794e-06,5.4652e-10
59.55,-0.0004067081958,-0.0004067089931,1.50166e-07,-7.821390881e-06,-7.821406208e-06,5.53967e-10
59.6,-0.0004058472121,-0.0004058480088,1.50056e-07,-7.804833872e-06,-7.804849186e-06,5.53493e-10
59.65,-0.0004049822216,-0.0004049830061,1.47745e-07,-7.788199809e-06,-7.788214885e-06,5.44922e-10
59.7,-0.0004041132329,-0.0004041139933,1.43219e-07,-7.771488854e-06,-7.771503469e-06,5.28217e-10
59.75,-0.0004032402544,-0.0004032409791,1.36504e-07,-7.754701173e-06,-7.754715103e-06,5.03478e-10
59.8,-0.0004023632959,-0.0004023639725,1.27432e-07,-7.737836953e-06,-7.737849959e-06,4.7008e-10
59.85,-0.0004014823692,-0.0004014829826,1.15519e-07,-7.720896422e-06,-7.720908214e-06,4.26197e-10
59.9,-0.0004005974799,-0.0004005980188,1.01494e-07,-7.703879685e-06,-7.703890048e-06,3.74566e-10
59.95,-0.0003997086367,-0.0003997090907,8.55114e-08,-7.686786911e-06,-7.686795647e-06,3.15757e-10
60,-0.0003988158484,-0.0003988162082,6.7763e-08,-7.66961827e-06,-7.669625201e-06,2.50478e-10
60.05,-0.0003979191241,-0.0003979193815,4.84777e-08,-7.652373935e-06,-7.652378903e-06,1.79569e-10
60.1,-0.0003970184726,-0.0003970186208,2.79214e-08,-7.635054076e-06,-7.635056954e-06,1.04006e-10
60.15,-0.0003961139029,-0.0003961139369,6.39708e-09,-7.617658867e-06,-7.617659556e-06,2.49003e-11
60.2,-0.0003952054242,-0.0003952053405,1.57553e-08,-7.600188482e-06,-7.600186919e-06,5.6503e-11
60.25,-0.0003942930454,-0.0003942928427,3.81587e-08,-7.582643096e-06,-7.582639255e-06,1.38824e-10
60.3,-0.0003933767757,-0.000393376455,6.03991e-08,-7.565022884e-06,-7.565016782e-06,2.20546e-10
60.35,-0.0003924566242,-0.0003924561887,8.20253e-08,-7.547328023e-06,-7.547319723e-06,3.00022e-10
60.4,-0.0003915326003,-0.0003915320559,1.02549e-07,-7.529558691e-06,-7.529548302e-06,3.75465e-10
60.45,-0.0003906047132,-0.0003906040684,1.21446e-07,-7.511715064e-06,-7.511702754e-06,4.44957e-10
60.5,-0.0003896729722,-0.0003896722387,1.38153e-07,-7.493797324e-06,-7.493783312e-06,5.06443e-10
60.55,-0.0003887373866,-0.0003887365792,1.52072e-07,-7.475805649e-06,-7.475790218e-06,5.57735e-10
60.6,-0.0003877979659,-0.0003877971028,1.62565e-07,-7.457740221e-06,-7.457723717e-06,5.96509e-10
60.65,-0.0003868547129,-0.0003868538224,1.67717e-07,-7.439601094e-06,-7.439584059e-06,6.15698e-10
60.7,-0.0003859076408,-0.0003859067514,1.67511e-07,-7.421388522e-06,-7.421371498e-06,6.15282e-10
60.75,-0.0003849567602,-0.0003849559033,1.61388e-07,-7.403102707e-06,-7.403086294e-06,5.93231e-10
60.8,-0.0003840020804,-0.0003840012918,1.4853e-07,-7.384743831e-06,-7.384728709e-06,5.46558e-10
60.85,-0.0003830436109,-0.0003830429308,1.28082e-07,-7.366312075e-06,-7.366299012e-06,4.72139e-10
60.9,-0.0003820813612,-0.0003820808348,9.915e-08,-7.347807622e-06,-7.347797476e-06,3.6671e-10
60.95,-0.0003811153408,-0.000381115018,6.08011e-08,-7.329230656e-06,-7.329224379e-06,2.26867e-10
61,-0.0003801455593,-0.0003801454953,1.20649e-08,-7.310581359e-06,-7.310580001e-06,4.90675e-11
61.05,-0.0003791720264,-0.000379172155,2.42203e-08,-7.291859918e-06,-7.291862264e-06,8.4809e-11
61.1,-0.0003781947515,-0.00037819499,4.49137e-08,-7.273066516e-06,-7.273071019e-06,1.62751e-10
61.15,-0.0003772137445,-0.0003772140972,6.64238e-08,-7.254201342e-06,-7.254208076e-06,2.43381e-10
61.2,-0.0003762290151,-0.0003762294828,8.8082e-08,-7.235264581e-06,-7.235273553e-06,3.2427e-10
61.25,-0.000375240573,-0.0003752411532,1.09269e-07,-7.216256422e-06,-7.216267577e-06,4.03169e-10
61.3,-0.000374248428,-0.0003742491151,1.29413e-07,-7.197177053e-06,-7.197190278e-06,4.78007e-10
61.35,-0.00037325259,-0.0003732533758,1.47994e-07,-7.178026663e-06,-7.178041794e-06,5.46893e-10
61.4,-0.0003722530689,-0.0003722539425,1.64538e-07,-7.158805443e-06,-7.158822268e-06,6.08113e-10
61.45,-0.000371249873,-0.0003712508229,1.78898e-07,-7.139513554e-06,-7.139531847e-06,6.61151e-10
61.5,-0.0003702430113,-0.0003702440249,1.9091e-07,-7.120151167e-06,-7.120170685e-06,7.05433e-10
61.55,-0.0003692324955,-0.0003692335569,1.99923e-07,-7.100718508e-06,-7.100738943e-06,7.38575e-10
61.6,-0.0003682183355,-0.0003682194275,2.05675e-07,-7.081215768e-06,-7.081236785e-06,7.59635e-10
61.65,-0.0003672005413,-0.0003672016454,2.07953e-07,-7.061643138e-06,-7.061664383e-06,7.67851e-10
61.7,-0.000366179123,-0.0003661802199,2.06595e-07,-7.042000813e-06,-7.042021913e-06,7.62642e-10
61.75,-0.0003651540906,-0.0003651551603,2.01488e-07,-7.022288985e-06,-7.022309559e-06,7.43608e-10
61.8,-0.0003641254542,-0.0003641264766,1.9257e-07,-7.002507849e-06,-7.002527507e-06,7.1053e-10
61.85,-0.0003630932239,-0.0003630941787,1.79825e-07,-6.982657599e-06,-6.982675953e-06,6.6337e-10
61.9,-0.00036205741,-0.000362058277,1.63291e-07,-6.962738432e-06,-6.962755095e-06,6.0227e-10
61.95,-0.0003610180227,-0.0003610187822,1.43051e-07,-6.942750543e-06,-6.942765139e-06,5.27553e-10
62,-0.0003599750721,-0.0003599757052,1.19242e-07,-6.92269413e-06,-6.922706296e-06,4.39723e-10
62.05,-0.0003589285686,-0.0003589290573,9.20477e-08,-6.90256939e-06,-6.902578783e-06,3.39466e-10
62.1,-0.0003578785224,-0.00035787885,6.17016e-08,-6.882376522e-06,-6.882382821e-06,2.27648e-10
62.15,-0.000356824944,-0.0003568250953,2.84878e-08,-6.862115725e-06,-6.862118639e-06,1.05314e-10
62.2,-0.0003557678437,-0.0003557678052,7.26081e-09,-6.841787199e-06,-6.841786471e-06,2.63073e-11
62.25,-0.000354707232,-0.0003547069922,4.51623e-08,-6.821391143e-06,-6.821386556e-06,1.65811e-10
62.3,-0.0003536431211,-0.0003536426691,8.5127e-08,-6.800927795e-06,-6.800919139e-06,3.12875e-10
62.35,-0.0003525755201,-0.0003525748489,1.26417e-07,-6.78039733e-06,-6.780384471e-06,4.64781e-10
62.4,-0.0003515044398,-0.0003515035451,1.68512e-07,-6.759799952e-06,-6.759782809e-06,6.19621e-10
62.45,-0.0003504298906,-0.0003504287711,2.10843e-07,-6.739135865e-06,-6.739114414e-06,7.75305e-10
62.5,-0.0003493518832,-0.0003493505411,2.52791e-07,-6.718405274e-06,-6.718379555e-06,9.29566e-10
62.55,-0.0003482704285,-0.0003482688692,2.9369e-07,-6.697608385e-06,-6.697578505e-06,1.07996e-09
62.6,-0.0003471855371,-0.0003471837699,3.32824e-07,-6.676745405e-06,-6.676711544e-06,1.22386e-09
62.65,-0.0003460972197,-0.0003460952583,3.69428e-07,-6.655816542e-06,-6.655778957e-06,1.35848e-09
62.7,-0.0003450054874,-0.0003450033493,4.0269e-07,-6.634822004e-06,-6.634781034e-06,1.48082e-09
62.75,-0.0003439103508,-0.0003439080584,4.31748e-07,-6.613762e-06,-6.613718071e-06,1.58774e-09
62.8,-0.000342811821,-0.0003428094015,4.5569e-07,-6.592636739e-06,-6.592590371e-06,1.6759e-09
62.85,-0.0003417099088,-0.0003417073945,4.73559e-07,-6.571446433e-06,-6.571398242e-06,1.7418e-09
62.9,-0.0003406046253,-0.0003406020537,4.84345e-07,-6.550191293e-06,-6.550141997e-06,1.78173e-09
62.95,-0.0003394959816,-0.0003394933959,4.86993e-07,-6.52887153e-06,-6.528821955e-06,1.79185e-09
63,-0.0003383839886,-0.0003383814379,4.80398e-07,-6.507487359e-06,-6.507438441e-06,1.76809e-09
63.05,-0.0003372686575,-0.0003372661971,4.63406e-07,-6.486038993e-06,-6.485991785e-06,1.70625e-09
63.1,-0.0003361499995,-0.0003361476909,4.34814e-07,-6.464526646e-06,-6.464482325e-06,1.60193e-09
63.15,-0.0003350280258,-0.0003350259372,3.93372e-07,-6.442950534e-06,-6.442910401e-06,1.45054e-09
63.2,-0.0003339027475,-0.0003339009541,3.37782e-07,-6.421310873e-06,-6.421276362e-06,1.24735e-09
63.25,-0.0003327741761,-0.0003327727601,2.66694e-07,-6.39960788e-06,-6.39958056e-06,9.87414e-10
63.3,-0.0003316423227,-0.0003316413739,1.78712e-07,-6.377841772e-06,-6.377823356e-06,6.65636e-10
63.35,-0.0003305071989,-0.0003305068145,7.23932e-08,-6.356012769e-06,-6.356005113e-06,2.76733e-10
63.4,-0.0003293688159,-0.0003293685318,5.35107e-08,-6.33412109e-06,-6.334115435e-06,2.04414e-10
63.45,-0.0003282271853,-0.0003282269996,3.49687e-08,-6.312166955e-06,-6.312163258e-06,1.3363e-10
63.5,-0.0003270823185,-0.0003270822407,1.46555e-08,-6.290150585e-06,-6.290149015e-06,5.67495e-11
63.55,-0.0003259342271,-0.0003259342612,6.43175e-09,-6.268072201e-06,-6.268072827e-06,2.25938e-11
63.6,-0.0003247829226,-0.0003247830678,2.73553e-08,-6.245932028e-06,-6.245934822e-06,1.00984e-10
63.65,-0.0003236284167,-0.0003236286675,4.72369e-08,-6.223730287e-06,-6.223735135e-06,1.75222e-10
63.7,-0.000322470721,-0.0003224710675,6.52575e-08,-6.201467203e-06,-6.201473908e-06,2.42326e-10
63.75,-0.0003213098473,-0.0003213102755,8.06575e-08,-6.179143002e-06,-6.179151289e-06,2.9953e-10
63.8,-0.0003201458072,-0.0003201462996,9.27365e-08,-6.156757909e-06,-6.156767434e-06,3.44287e-10
63.85,-0.0003189786126,-0.0003189791481,1.00854e-07,-6.134312151e-06,-6.134322506e-06,3.74263e-10
63.9,-0.0003178082695,-0.0003178088298,1.05542e-07,-6.111805842e-06,-6.111816672e-06,3.91461e-10
63.95,-0.0003166347635,-0.0003166353538,1.11193e-07,-6.089238708e-06,-6.08925011e-06,4.1212e-10
64,-0.0003154581327,-0.0003154587296,1.12425e-07,-6.066611481e-06,-6.066623002e-06,4.16402e-10
64.05,-0.0003142783886,-0.0003142789669,1.08926e-07,-6.043924381e-06,-6.043935536e-06,4.0318e-10
64.1,-0.0003130955427,-0.000313096076,1.00447e-07,-6.021177631e-06,-6.021187911e-06,3.7156e-10
64.15,-0.0003119096065,-0.0003119100674,8.68038e-08,-5.998371451e-06,-5.998380329e-06,3.2088e-10
64.2,-0.0003107205915,-0.0003107209519,6.78738e-08,-5.975506062e-06,-5.975512999e-06,2.50709e-10
64.25,-0.0003095285094,-0.0003095287409,4.35997e-08,-5.952581689e-06,-5.952586139e-06,1.60852e-10
64.3,-0.0003083333716,-0.0003083334459,1.39874e-08,-5.929598552e-06,-5.929599973e-06,5.13438e-11
64.35,-0.0003071351898,-0.0003071350789,2.08933e-08,-5.906556875e-06,-5.90655473e-06,7.75452e-11
64.4,-0.0003059339756,-0.0003059336523,6.09088e-08,-5.883456882e-06,-5.883450648e-06,2.25312e-10
64.45,-0.0003047297407,-0.0003047291786,1.05862e-07,-5.860298796e-06,-5.860287972e-06,3.91219e-10
64.5,-0.0003035224966,-0.000303521671,1.5549e-07,-5.837082841e-06,-5.837066952e-06,5.74295e-10
64.55,-0.0003023122551,-0.0003023111429,2.09468e-07,-5.813809242e-06,-5.813787846e-06,7.73336e-10
64.6,-0.0003010990278,-0.000301097608,2.67406e-07,-5.790478223e-06,-5.790450918e-06,9.869e-10
64.65,-0.0002998828264,-0.0002998810804,3.2885e-07,-5.767090009e-06,-5.76705644e-06,1.21331e-09
64.7,-0.0002986636627,-0.0002986615746,3.93282e-07,-5.743644827e-06,-5.743604691e-06,1.45066e-09
64.75,-0.0002974415484,-0.0002974391054,4.60119e-07,-5.7201429e-06,-5.720095954e-06,1.69681e-09
64.8,-0.0002962164952,-0.0002962136881,5.28713e-07,-5.696584457e-06,-5.696530523e-06,1.94937e-09
64.85,-0.000294988515,-0.000294985338,5.98353e-07,-5.672969722e-06,-5.672908695e-06,2.20572e-09
64.9,-0.0002937576194,-0.0002937540713,6.68264e-07,-5.649298922e-06,-5.649230777e-06,2.46302e-09
64.95,-0.0002925238203,-0.0002925199041,7.37603e-07,-5.625572284e-06,-5.62549708e-06,2.71817e-09
65,-0.0002912871296,-0.000291282853,8.05466e-07,-5.601790036e-06,-5.601707924e-06,2.96784e-09
65.05,-0.0002900475589,-0.000290042935,8.70882e-07,-5.577952405e-06,-5.577863635e-06,3.20849e-09
65.1,-0.0002888051203,-0.0002888001675,9.32816e-07,-5.554059618e-06,-5.553964545e-06,3.43629e-09
65.15,-0.0002875598254,-0.0002875545682,9.90168e-07,-5.530111903e-06,-5.530010994e-06,3.64723e-09
65.2,-0.0002863116862,-0.000286306155,1.04177e-06,-5.506109489e-06,-5.506003329e-06,3.83702e-09
65.25,-0.0002850607146,-0.0002850549464,1.0864e-06,-5.482052604e-06,-5.481941903e-06,4.00114e-09
65.3,-0.0002838069225,-0.0002838009613,1.12276e-06,-5.457941477e-06,-5.457827076e-06,4.13486e-09
65.35,-0.0002825503217,-0.0002825442186,1.14948e-06,-5.433776336e-06,-5.433659215e-06,4.23318e-09
65.4,-0.0002812909241,-0.0002812847379,1.16515e-06,-5.40955741e-06,-5.409438693e-06,4.29088e-09
65.45,-0.0002800287418,-0.000280022539,1.16827e-06,-5.38528493e-06,-5.385165891e-06,4.30248e-09
65.5,-0.0002787637866,-0.0002787576421,1.15728e-06,-5.360959124e-06,-5.360841198e-06,4.26228e-09
65.55,-0.0002774960933,-0.0002774900678,1.13487e-06,-5.336580661e-06,-5.336465005e-06,4.18022e-09
65.6,-0.000276225702,-0.0002762198369,1.10464e-06,-5.312150311e-06,-5.312037716e-06,4.06962e-09
65.65,-0.0002749525835,-0.0002749469709,1.0571e-06,-5.287667516e-06,-5.287559737e-06,3.89551e-09
65.7,-0.0002736767505,-0.0002736714912,9.90557e-07,-5.263132517e-06,-5.263031483e-06,3.65171e-09
65.75,-0.0002723982157,-0.0002723934199,9.03266e-07,-5.238545559e-06,-5.238453377e-06,3.3318e-09
65.8,-0.0002711169919,-0.0002711127793,7.93415e-07,-5.213906887e-06,-5.213825845e-06,2.92916e-09
65.85,-0.0002698330917,-0.0002698295921,6.59132e-07,-5.189216747e-06,-5.189149323e-06,2.43693e-09
65.9,-0.0002685465281,-0.0002685438814,4.98483e-07,-5.164475384e-06,-5.164424254e-06,1.84802e-09
65.95,-0.0002672573138,-0.0002672556706,3.09477e-07,-5.139683046e-06,-5.139651086e-06,1.15516e-09
66,-0.0002659654617,-0.0002659644224,1.95739e-07,-5.11483998e-06,-5.114819622e-06,7.35808e-10
66.05,-0.0002646709847,-0.0002646700652,1.73174e-07,-5.089946434e-06,-5.089928486e-06,6.48697e-10
66.1,-0.0002633738957,-0.0002633731265,1.44886e-07,-5.065002657e-06,-5.064987686e-06,5.41089e-10
66.15,-0.0002620742078,-0.0002620736119,1.12247e-07,-5.040008899e-06,-5.039997334e-06,4.17985e-10
66.2,-0.000260771934,-0.0002607715275,7.6557e-08,-5.01496541e-06,-5.014957549e-06,2.84131e-10
66.25,-0.0002594670873,-0.00025946688,3.90454e-08,-4.989872441e-06,-4.989868457e-06,1.4401e-10
66.3,-0.0002581596807,-0.0002581596761,8.71193e-10,-4.964730244e-06,-4.964730193e-06,1.85058e-12
66.35,-0.0002568497275,-0.0002568499233,3.68771e-08,-4.939539071e-06,-4.9395429e-06,1.3838e-10
66.4,-0.0002555372408,-0.0002555376294,7.31818e-08,-4.914299176e-06,-4.914306728e-06,2.7297e-10
66.45,-0.0002542222338,-0.0002542228024,1.07096e-07,-4.889010812e-06,-4.889021836e-06,3.98469e-10
66.5,-0.0002529047197,-0.000252905451,1.37742e-07,-4.863674233e-06,-4.86368839e-06,5.11682e-10
66.55,-0.0002515847118,-0.0002515855842,1.64315e-07,-4.838289696e-06,-4.838306564e-06,6.09674e-10
66.6,-0.0002502622234,-0.0002502632114,1.86079e-07,-4.812857456e-06,-4.81287654e-06,6.89766e-10
66.65,-0.0002489372678,-0.0002489383423,2.02369e-07,-4.787377769e-06,-4.787398507e-06,7.49539e-10
66.7,-0.0002476098585,-0.0002476109873,2.1259e-07,-4.761850893e-06,-4.761872663e-06,7.86832e-10
66.75,-0.0002462800089,-0.0002462811569,2.16218e-07,-4.736277087e-06,-4.736299213e-06,7.99738e-10
66.8,-0.0002449477324,-0.0002449488622,2.12801e-07,-4.710656608e-06,-4.710678371e-06,7.86613e-10
66.85,-0.0002436130425,-0.0002436141147,2.01954e-07,-4.684989717e-06,-4.685010358e-06,7.46068e-10
66.9,-0.0002422759527,-0.0002422769263,1.83365e-07,-4.659276673e-06,-4.659295403e-06,6.76971e-10
66.95,-0.0002409364767,-0.0002409373091,1.56792e-07,-4.633517738e-06,-4.633533742e-06,5.78448e-10
67,-0.000239594628,-0.000239595276,1.22062e-07,-4.607713174e-06,-4.607725621e-06,4.49884e-10
67.05,-0.0002382504202,-0.0002382508401,7.90743e-08,-4.581863242e-06,-4.581871291e-06,2.9092e-10
67.1,-0.0002369038672,-0.0002369040148,2.77978e-08,-4.555968207e-06,-4.555971014e-06,1.01455e-10
67.15,-0.0002355549825,-0.000235554814,3.17287e-08,-4.530028331e-06,-4.530025057e-06,1.18357e-10
67.2,-0.0002342037516,-0.0002342032522,9.40589e-08,-4.504043336e-06,-4.504033696e-06,3.48423e-10
67.25,-0.0002328501836,-0.0002328493441,1.58107e-07,-4.478013394e-06,-4.477997216e-06,5.84737e-10
67.3,-0.0002314943176,-0.0002314931048,2.28415e-07,-4.451939259e-06,-4.451915907e-06,8.44033e-10
67.35,-0.0002301361671,-0.00023013455,3.04568e-07,-4.425821191e-06,-4.425790071e-06,1.12478e-09
67.4,-0.0002287757454,-0.0002287736955,3.8608e-07,-4.399659445e-06,-4.399620013e-06,1.4252e-09
67.45,-0.0002274130661,-0.0002274105579,4.72392e-07,-4.37345428e-06,-4.37340605e-06,1.7432e-09
67.5,-0.0002260481424,-0.0002260451539,5.62868e-07,-4.347205955e-06,-4.347148505e-06,2.07647e-09
67.55,-0.000224680988,-0.0002246775007,6.56801e-07,-4.320914729e-06,-4.320847708e-06,2.42239e-09
67.6,-0.0002233116163,-0.0002233076161,7.53411e-07,-4.294580862e-06,-4.294503999e-06,2.77809e-09
67.65,-0.0002219400407,-0.0002219355179,8.51842e-07,-4.268204612e-06,-4.268117724e-06,3.14044e-09
67.7,-0.0002205662749,-0.0002205612247,9.51166e-07,-4.24178624e-06,-4.241689238e-06,3.50601e-09
67.75,-0.0002191903324,-0.0002191847554,1.05038e-06,-4.215326007e-06,-4.215218903e-06,3.87113e-09
67.8,-0.0002178122267,-0.0002178061292,1.14841e-06,-4.188824174e-06,-4.188707089e-06,4.23184e-09
67.85,-0.0002164319714,-0.0002164253659,1.24411e-06,-4.162281001e-06,-4.162154175e-06,4.58393e-09
67.9,-0.0002150495802,-0.0002150424854,1.33624e-06,-4.135696751e-06,-4.135560547e-06,4.92289e-09
67.95,-0.0002136650666,-0.0002136575084,1.42353e-06,-4.109071685e-06,-4.108926598e-06,5.24398e-09
68,-0.0002122784443,-0.0002122704558,1.50458e-06,-4.082406066e-06,-4.08225273e-06,5.54214e-09
68.05,-0.000210889727,-0.0002108813489,1.57796e-06,-4.055700157e-06,-4.055539352e-06,5.81209e-09
68.1,-0.0002094989283,-0.0002094902094,1.64215e-06,-4.028954221e-06,-4.028786882e-06,6.04824e-09
68.15,-0.000208106062,-0.0002080970595,1.69556e-06,-4.002168521e-06,-4.001995745e-06,6.24475e-09
68.2,-0.0002067111418,-0.0002067019219,1.73651e-06,-3.975343321e-06,-3.975166374e-06,6.39551e-09
68.25,-0.0002053141814,-0.0002053048194,1.76327e-06,-3.948478886e-06,-3.94829921e-06,6.49412e-09
68.3,-0.0002039151945,-0.0002039057754,1.77402e-06,-3.921575479e-06,-3.921394702e-06,6.53394e-09
68.35,-0.000202514195,-0.0002025048139,1.76688e-06,-3.894633366e-06,-3.894453306e-06,6.50803e-09
68.4,-0.0002011111966,-0.0002011019589,1.73987e-06,-3.867652813e-06,-3.867475487e-06,6.40919e-09
68.45,-0.0001997062132,-0.0001996972351,1.69096e-06,-3.840634084e-06,-3.840461717e-06,6.22995e-09
68.5,-0.0001982992585,-0.0001982906676,1.61804e-06,-3.813577445e-06,-3.813412477e-06,5.96257e-09
68.55,-0.0001968903465,-0.0001968822818,1.51892e-06,-3.786483164e-06,-3.786328253e-06,5.59902e-09
68.6,-0.0001954794909,-0.0001954721036,1.39134e-06,-3.759351505e-06,-3.759209543e-06,5.13103e-09
68.65,-0.0001940667057,-0.0001940601593,1.23297e-06,-3.732182737e-06,-3.732056849e-06,4.55003e-09
68.7,-0.0001926520047,-0.0001926464754,1.0414e-06,-3.704977126e-06,-3.704870684e-06,3.8472e-09
68.75,-0.0001912354019,-0.0001912310792,8.14144e-07,-3.67773494e-06,-3.677651567e-06,3.01343e-09
68.8,-0.0001898169112,-0.0001898139982,5.48641e-07,-3.650456447e-06,-3.650400024e-06,2.03934e-09
68.85,-0.00018839655,-0.0001883952602,2.42928e-07,-3.623141983e-06,-3.623116592e-06,9.17723e-10
68.9,-0.0001869743311,-0.0001869732692,2.00003e-07,-3.595791791e-06,-3.595770895e-06,7.55279e-10
68.95,-0.0001855502669,-0.0001855492559,1.90419e-07,-3.568406111e-06,-3.56838633e-06,7.1496e-10
69,-0.0001841243714,-0.0001841234586,1.71928e-07,-3.540985213e-06,-3.540967436e-06,6.42529e-10
69.05,-0.0001826966587,-0.0001826958825,1.46199e-07,-3.513529367e-06,-3.513514314e-06,5.44074e-10
69.1,-0.0001812671428,-0.0001812665332,1.14816e-07,-3.486038843e-06,-3.486027074e-06,4.25383e-10
69.15,-0.0001798358378,-0.0001798354169,7.92813e-08,-3.458513912e-06,-3.458505835e-06,2.91943e-10
69.2,-0.0001784027579,-0.0001784025401,4.10155e-08,-3.430954846e-06,-3.430950726e-06,1.48934e-10
69.25,-0.0001769679171,-0.0001769679099,1.35563e-09,-3.403361917e-06,-3.403361882e-06,1.23907e-12
69.3,-0.0001755313296,-0.0001755315337,3.84438e-08,-3.375735395e-06,-3.37573945e-06,1.46566e-10
69.35,-0.0001740930095,-0.0001740934195,7.72109e-08,-3.348075553e-06,-3.348083582e-06,2.90206e-10
69.4,-0.000172652971,-0.0001726535755,1.13856e-07,-3.320382663e-06,-3.320394442e-06,4.25708e-10
69.45,-0.0001712112283,-0.0001712120108,1.47374e-07,-3.292656999e-06,-3.2926722e-06,5.49403e-10
69.5,-0.0001697677956,-0.0001697687345,1.76839e-07,-3.264898834e-06,-3.264917037e-06,6.57927e-10
69.55,-0.0001683226871,-0.0001683237565,2.01412e-07,-3.23710844e-06,-3.237129141e-06,7.48214e-10
69.6,-0.000166875917,-0.0001668770868,2.20334e-07,-3.209286091e-06,-3.209308709e-06,8.17507e-10
69.65,-0.0001654274996,-0.0001654287363,2.3293e-07,-3.181432062e-06,-3.181455948e-06,8.63348e-10
69.7,-0.0001639774491,-0.000163978716,2.38608e-07,-3.153546626e-06,-3.153571072e-06,8.83585e-10
69.75,-0.0001625257798,-0.0001625270374,2.36857e-07,-3.125630058e-06,-3.125654305e-06,8.76368e-10
69.8,-0.000161072506,-0.0001610737126,2.27252e-07,-3.097682633e-06,-3.097705878e-06,8.40153e-10
69.85,-0.000159617642,-0.0001596187541,2.09449e-07,-3.069704626e-06,-3.069726032e-06,7.73697e-10
69.9,-0.0001581612022,-0.0001581621748,1.83187e-07,-3.041696312e-06,-3.041715017e-06,6.76062e-10
69.95,-0.0001567032008,-0.0001567039881,1.48289e-07,-3.013657967e-06,-3.01367309e-06,5.46615e-10
70,-0.0001552436522,-0.0001552442079,1.0466e-07,-2.985589867e-06,-2.98560052e-06,3.85026e-10
70.05,-0.0001537825707,-0.0001537828484,5.22881e-08,-2.957492288e-06,-2.95749758e-06,1.91269e-10
70.1,-0.0001523199708,-0.0001523199244,8.75408e-09,-2.929365506e-06,-2.929364555e-06,3.43767e-11
70.15,-0.0001508558669,-0.0001508554511,7.83122e-08,-2.901209799e-06,-2.901201738e-06,2.91328e-10
70.2,-0.0001493902732,-0.0001493894442,1.56148e-07,-2.873025442e-06,-2.873009431e-06,5.78698e-10
70.25,-0.0001479232043,-0.0001479219197,2.41941e-07,-2.844812714e-06,-2.844787944e-06,8.95293e-10
70.3,-0.0001464546746,-0.0001464528944,3.35287e-07,-2.816571892e-06,-2.816537595e-06,1.23962e-09
70.35,-0.0001449846985,-0.0001449823852,4.35698e-07,-2.788303253e-06,-2.788258712e-06,1.60987e-09
70.4,-0.0001435132905,-0.0001435104095,5.42603e-07,-2.760007076e-06,-2.759951632e-06,2.00394e-09
70.45,-0.000142040465,-0.0001420369854,6.55348e-07,-2.731683639e-06,-2.7316167e-06,2.41942e-09
70.5,-0.0001405662433,-0.0001405621312,7.74471e-07,-2.70333335e-06,-2.703254268e-06,2.85831e-09
70.55,-0.0001390906353,-0.0001390858658,8.98292e-07,-2.674956401e-06,-2.6748647e-06,3.31442e-09
70.6,-0.0001376136544,-0.0001376082085,1.0257e-06,-2.646553049e-06,-2.646448366e-06,3.78362e-09
70.65,-0.0001361353152,-0.0001361291791,1.15571e-06,-2.618123574e-06,-2.618005647e-06,4.26234e-09
70.7,-0.0001346556323,-0.0001346487977,1.28727e-06,-2.589668258e-06,-2.58953693e-06,4.74667e-09
70.75,-0.0001331746203,-0.000133167085,1.41924e-06,-2.56118738e-06,-2.561042612e-06,5.23244e-09
70.8,-0.0001316922939,-0.0001316840622,1.55039e-06,-2.532681223e-06,-2.5325231e-06,5.71514e-09
70.85,-0.0001302086676,-0.0001301997508,1.67942e-06,-2.504150067e-06,-2.503978808e-06,6.18996e-09
70.9,-0.0001287237561,-0.0001287141729,1.80493e-06,-2.475594196e-06,-2.475410158e-06,6.6518e-09
70.95,-0.0001272375742,-0.000127227351,1.92546e-06,-2.44701389e-06,-2.446817583e-06,7.09525e-09
71,-0.0001257501364,-0.000125739308,2.03945e-06,-2.418409433e-06,-2.418201524e-06,7.51458e-09
71.05,-0.0001242614575,-0.0001242500674,2.14525e-06,-2.389781106e-06,-2.389562429e-06,7.9038e-09
71.1,-0.0001227715521,-0.0001227596529,2.24114e-06,-2.361129193e-06,-2.360900756e-06,8.25655e-09
71.15,-0.0001212804351,-0.0001212680889,2.32533e-06,-2.332453976e-06,-2.332216971e-06,8.56622e-09
71.2,-0.0001197881211,-0.0001197754001,2.39591e-06,-2.30375574e-06,-2.303511551e-06,8.82588e-09
71.25,-0.0001182946249,-0.0001182816119,2.45091e-06,-2.275034768e-06,-2.274784979e-06,9.02827e-09
71.3,-0.0001167999612,-0.0001167867498,2.48829e-06,-2.246291343e-06,-2.246037748e-06,9.16586e-09
71.35,-0.0001153041449,-0.00011529084,2.5059e-06,-2.217525751e-06,-2.217270358e-06,9.2308e-09
71.4,-0.0001138071907,-0.000113793909,2.50151e-06,-2.188738274e-06,-2.188483321e-06,9.21493e-09
71.45,-0.0001123091134,-0.000112295984,2.47283e-06,-2.159929198e-06,-2.159677154e-06,9.10979e-09
71.5,-0.0001108099278,-0.0001107970924,2.41746e-06,-2.131098807e-06,-2.130852384e-06,8.90662e-09
71.55,-0.0001093096487,-0.0001092972622,2.33293e-06,-2.102247388e-06,-2.102009549e-06,8.59635e-09
71.6,-0.0001078082911,-0.0001077965217,2.21668e-06,-2.073375224e-06,-2.073149193e-06,8.16959e-09
71.65,-0.0001063058696,-0.0001062948999,2.06607e-06,-2.044482602e-06,-2.044271868e-06,7.61668e-09
71.7,-0.0001048023993,-0.0001047924261,1.87839e-06,-2.015569807e-06,-2.015378138e-06,6.92761e-09
71.75,-0.0001032978949,-0.0001032891299,1.65082e-06,-1.986637125e-06,-1.986468573e-06,6.0921e-09
71.8,-0.0001017923714,-0.0001017850418,1.38048e-06,-1.957684843e-06,-1.957543752e-06,5.09955e-09
71.85,-0.0001002858436,-0.0001002801922,1.06439e-06,-1.928713247e-06,-1.928604263e-06,3.93905e-09
71.9,-9.877832641e-05,-9.877461251e-05,6.99489e-07,-1.899722623e-06,-1.899650705e-06,2.5994e-09
71.95,-9.726983483e-05,-9.726833414e-05,2.82644e-07,-1.870713259e-06,-1.870683681e-06,1.06907e-09
72,-9.576038374e-05,-9.575971222e-05,1.26476e-07,-1.841685442e-06,-1.841671844e-06,4.91485e-10
72.05,-9.424998808e-05,-9.424924876e-05,1.39248e-07,-1.812639458e-06,-1.812624737e-06,5.3207e-10
72.1,-9.273866277e-05,-9.273792696e-05,1.38585e-07,-1.783575595e-06,-1.783561098e-06,5.2399e-10
72.15,-9.122641747e-05,-9.122575102e-05,1.25521e-07,-1.754494039e-06,-1.754481008e-06,4.70981e-10
72.2,-8.97132718e-05,-8.97127256e-05,1.02874e-07,-1.725395166e-06,-1.725384559e-06,3.8338e-10
72.25,-8.819924072e-05,-8.819885585e-05,7.24876e-08,-1.696279265e-06,-1.696271852e-06,2.67927e-10
72.3,-8.668433916e-05,-8.66841474e-05,3.6117e-08,-1.667146622e-06,-1.667142997e-06,1.31033e-10
72.35,-8.51685821e-05,-8.516860637e-05,4.5723e-09,-1.637997526e-06,-1.637998113e-06,2.12156e-11
72.4,-8.365198448e-05,-8.365223936e-05,4.80043e-08,-1.608832265e-06,-1.60883733e-06,1.83062e-10
72.45,-8.21345613e-05,-8.213505345e-05,9.26923e-08,-1.579651125e-06,-1.579660783e-06,3.49076e-10
72.5,-8.061632754e-05,-8.06170562e-05,1.37239e-07,-1.550454396e-06,-1.550468622e-06,5.14154e-10
72.55,-7.909729818e-05,-7.909825566e-05,1.80336e-07,-1.521242366e-06,-1.521261001e-06,6.73521e-10
72.6,-7.757748823e-05,-7.757866037e-05,2.20765e-07,-1.492015323e-06,-1.492038086e-06,8.2273e-10
72.65,-7.60569127e-05,-7.605827934e-05,2.57397e-07,-1.462773556e-06,-1.462800052e-06,9.5766e-10
72.7,-7.453558661e-05,-7.453712206e-05,2.89192e-07,-1.433517354e-06,-1.433547083e-06,1.07452e-09
72.75,-7.301352498e-05,-7.301519852e-05,3.15201e-07,-1.404247005e-06,-1.404279372e-06,1.16984e-09
72.8,-7.149074284e-05,-7.149251918e-05,3.34563e-07,-1.374962799e-06,-1.374997121e-06,1.2405e-09
72.85,-6.996725523e-05,-6.996909499e-05,3.46506e-07,-1.345665025e-06,-1.345700541e-06,1.28368e-09
72.9,-6.844307721e-05,-6.844493737e-05,3.5035e-07,-1.316353972e-06,-1.316389854e-06,1.29689e-09
72.95,-6.691822382e-05,-6.692005824e-05,3.45503e-07,-1.28702993e-06,-1.287065289e-06,1.278e-09
73,-6.539271012e-05,-6.539447e-05,3.31462e-07,-1.257693189e-06,-1.257727087e-06,1.22518e-09
73.05,-6.38665512e-05,-6.386818553e-05,3.07816e-07,-1.228344038e-06,-1.228375494e-06,1.13693e-09
73.1,-6.233976211e-05,-6.234121818e-05,2.74241e-07,-1.198982767e-06,-1.199010769e-06,1.01209e-09
73.15,-6.081235795e-05,-6.08135818e-05,2.30505e-07,-1.169609666e-06,-1.169633178e-06,8.49817e-10
73.2,-5.92843538e-05,-5.928529073e-05,1.76464e-07,-1.140225026e-06,-1.140242999e-06,6.49608e-10
73.25,-5.775576476e-05,-5.775635977e-05,1.12066e-07,-1.110829136e-06,-1.110840515e-06,4.11284e-10
73.3,-5.622660593e-05,-5.622680421e-05,3.73451e-08,-1.081422288e-06,-1.081426022e-06,1.34992e-10
73.35,-5.469689242e-05,-5.469663984e-05,4.75708e-08,-1.052004771e-06,-1.051999824e-06,1.78787e-10
73.4,-5.316663933e-05,-5.316588292e-05,1.42466e-07,-1.022576876e-06,-1.022562233e-06,5.29246e-10
73.45,-5.16358618e-05,-5.163455018e-05,2.47035e-07,-9.931388944e-07,-9.931135719e-07,9.15247e-10
73.5,-5.010457495e-05,-5.010265886e-05,3.60882e-07,-9.636911167e-07,-9.636541718e-07,1.33532e-09
73.55,-4.85727939e-05,-4.857022667e-05,4.8352e-07,-9.342338339e-07,-9.341843735e-07,1.78768e-09
73.6,-4.704053379e-05,-4.70372718e-05,6.14374e-07,-9.047673371e-07,-9.04704527e-07,2.27019e-09
73.65,-4.550780977e-05,-4.550381292e-05,7.52779e-07,-8.752919174e-07,-8.752149912e-07,2.78039e-09
73.7,-4.397463697e-05,-4.39698692e-05,8.97979e-07,-8.458078661e-07,-8.457161347e-07,3.31551e-09
73.75,-4.244103003e-05,-4.243546028e-05,1.04903e-06,-8.163154645e-07,-8.162083349e-07,3.87205e-09
73.8,-4.090700193e-05,-4.090060628e-05,1.20458e-06,-7.868149621e-07,-7.866919787e-07,4.44507e-09
73.85,-3.937257013e-05,-3.936532781e-05,1.36404e-06,-7.573066948e-07,-7.57167462e-07,5.03238e-09
73.9,-3.783774975e-05,-3.782964596e-05,1.5263e-06,-7.277909537e-07,-7.276351902e-07,5.62986e-09
73.95,-3.630255596e-05,-3.629358231e-05,1.69013e-06,-6.982680301e-07,-6.980955777e-07,6.23306e-09
74,-3.47670039e-05,-3.475715892e-05,1.85424e-06,-6.687382151e-07,-6.685490481e-07,6.83719e-09
74.05,-3.323110871e-05,-3.322039833e-05,2.01723e-06,-6.392018003e-07,-6.389960344e-07,7.43713e-09
74.1,-3.169488555e-05,-3.168332356e-05,2.17763e-06,-6.096590769e-07,-6.094369788e-07,8.02744e-09
74.15,-3.015834958e-05,-3.014595811e-05,2.33385e-06,-5.801103365e-07,-5.798723325e-07,8.60233e-09
74.2,-2.862151596e-05,-2.860832598e-05,2.48425e-06,-5.505558707e-07,-5.503025562e-07,9.15571e-09
74.25,-2.708439985e-05,-2.707045165e-05,2.62705e-06,-5.209959709e-07,-5.207281197e-07,9.68112e-09
74.3,-2.554701641e-05,-2.553236006e-05,2.76043e-06,-4.914309289e-07,-4.911495021e-07,1.01718e-08
74.35,-2.400938082e-05,-2.399407667e-05,2.88244e-06,-4.618610362e-07,-4.615671915e-07,1.06206e-08
74.4,-2.247150823e-05,-2.245562738e-05,2.99105e-06,-4.322865847e-07,-4.319816854e-07,1.10202e-08
74.45,-2.093341383e-05,-2.091703861e-05,3.08417e-06,-4.027078661e-07,-4.023934906e-07,1.13627e-08
74.5,-1.939511279e-05,-1.937833724e-05,3.15956e-06,-3.731251722e-07,-3.72803123e-07,1.164e-08
74.55,-1.785662028e-05,-1.783955065e-05,3.21495e-06,-3.435387947e-07,-3.432111078e-07,1.18438e-08
74.6,-1.631795148e-05,-1.630070669e-05,3.24794e-06,-3.139490257e-07,-3.136179792e-07,1.19652e-08
74.65,-1.477912156e-05,-1.476183371e-05,3.25605e-06,-2.843561569e-07,-2.84024281e-07,1.19952e-08
74.7,-1.324014571e-05,-1.322296051e-05,3.23672e-06,-2.547604803e-07,-2.544305659e-07,1.19243e-08
74.75,-1.170103911e-05,-1.168411641e-05,3.18728e-06,-2.251622878e-07,-2.248373959e-07,1.17428e-08
74.8,-1.016181693e-05,-1.014533119e-05,3.10498e-06,-1.955618714e-07,-1.952453425e-07,1.14405e-08
74.85,-8.622494372e-06,-8.606635125e-06,2.98699e-06,-1.65959523e-07,-1.65654986e-07,1.10071e-08
74.9,-7.083086606e-06,-7.068058966e-06,2.83036e-06,-1.363555347e-07,-1.360669161e-07,1.04317e-08
74.95,-5.543608818e-06,-5.529633951e-06,2.63207e-06,-1.067501984e-07,-1.064817318e-07,9.70336e-09
75,-4.004076194e-06,-3.991391798e-06,2.38902e-06,-7.714380611e-08,-7.690004134e-08,8.81055e-09
75.05,-2.464503917e-06,-2.453364711e-06,2.098e-06,-4.753664989e-08,-4.732246201e-08,7.74153e-09
75.1,-9.249071729e-07,-9.155853761e-07,1.7557e-06,-1.792902173e-08,-1.774962044e-08,6.48422e-09
75.15,6.146988544e-07,6.219130384e-07,1.35874e-06,1.167878636e-08,1.181784752e-08,5.02618e-09
75.2,2.15429898e-06,2.15909688e-06,9.03653e-07,4.128648237e-08,4.137929682e-08,3.35465e-09
75.25,3.693878021e-06,3.695932014e-06,3.86856e-07,7.089377431e-08,7.093407316e-08,1.45655e-09
75.3,5.233420793e-06,5.233419188e-06,3.02293e-10,1.005003702e-07,1.005012646e-07,3.23254e-11
75.35,6.772912113e-06,6.773147812e-06,4.43924e-08,1.30105978e-07,1.301112111e-07,1.89143e-10
75.4,8.312336261e-06,8.312711756e-06,7.07219e-08,1.597102955e-07,1.597180211e-07,2.79232e-10
75.45,9.851677438e-06,9.852108052e-06,8.11033e-08,1.893130187e-07,1.893216353e-07,3.11437e-10
75.5,1.139092141e-05,1.139133324e-05,7.75665e-08,2.18913874e-07,2.189219854e-07,2.93175e-10
75.55,1.293005298e-05,1.293038339e-05,6.22294e-08,2.485125692e-07,2.485189934e-07,2.32193e-10
75.6,1.446905697e-05,1.446925404e-05,3.71177e-08,2.781088122e-07,2.781125721e-07,1.35898e-10
75.65,1.600791818e-05,1.600794029e-05,4.16445e-09,3.077023109e-07,3.077026252e-07,1.13591e-11
75.7,1.754662142e-05,1.754643671e-05,3.47896e-08,3.372927731e-07,3.372890465e-07,1.34695e-10
75.75,1.908515151e-05,1.908473739e-05,7.79964e-08,3.66879907e-07,3.668717209e-07,2.95873e-10
75.8,2.062349326e-05,2.062283595e-05,1.238e-07,3.964634203e-07,3.964505238e-07,4.66124e-10
75.85,2.216163149e-05,2.216072549e-05,1.70639e-07,4.260430211e-07,4.260253213e-07,6.39736e-10
75.9,2.369955101e-05,2.369839865e-05,2.17041e-07,4.556184175e-07,4.555959699e-07,8.11336e-10
75.95,2.523723665e-05,2.523584755e-05,2.61629e-07,4.851893175e-07,4.851623171e-07,9.75891e-10
76,2.677467323e-05,2.677306384e-05,3.03118e-07,5.147554292e-07,5.147242009e-07,1.12871e-09
76.05,2.831184557e-05,2.831003868e-05,3.40315e-07,5.443164609e-07,5.442814497e-07,1.26543e-09
76.1,2.98487385e-05,2.984676274e-05,3.72122e-07,5.738721207e-07,5.73833883e-07,1.38205e-09
76.15,3.138533685e-05,3.138322618e-05,3.9753e-07,6.034221169e-07,6.033813106e-07,1.47489e-09
76.2,3.292162545e-05,3.29194187e-05,4.15627e-07,6.329661578e-07,6.32923533e-07,1.54061e-09
76.25,3.445758914e-05,3.445532949e-05,4.25589e-07,6.625039518e-07,6.624603416e-07,1.57623e-09
76.3,3.599321275e-05,3.599094726e-05,4.2669e-07,6.920352072e-07,6.919915181e-07,1.57908e-09
76.35,3.752848113e-05,3.752626023e-05,4.18292e-07,7.215596326e-07,7.21516835e-07,1.54686e-09
76.4,3.906337912e-05,3.906125611e-05,3.99854e-07,7.510769366e-07,7.510360554e-07,1.47759e-09
76.45,4.059789156e-05,4.059592215e-05,3.70925e-07,7.805868277e-07,7.805489333e-07,1.36964e-09
76.5,4.213200332e-05,4.21302451e-05,3.31149e-07,8.100890147e-07,8.100552129e-07,1.22172e-09
76.55,4.366569925e-05,4.366421122e-05,2.80261e-07,8.395832062e-07,8.395546293e-07,1.03287e-09
76.6,4.51989642e-05,4.519780626e-05,2.1809e-07,8.690691112e-07,8.690469083e-07,8.02491e-10
76.65,4.673178304e-05,4.673101551e-05,1.44559e-07,8.985464385e-07,8.985317663e-07,5.30305e-10
76.7,4.826414063e-05,4.826382375e-05,5.96818e-08,9.280148971e-07,9.280089102e-07,2.16387e-10
76.75,4.979602185e-05,4.979621529e-05,3.64328e-08,9.574741961e-07,9.574780378e-07,1.3885e-10
76.8,5.132741158e-05,5.132817393e-05,1.43584e-07,9.869240447e-07,9.869388372e-07,5.34654e-10
76.85,5.285829469e-05,5.285968299e-05,2.61477e-07,1.016364152e-06,1.016390988e-06,9.69927e-10
76.9,5.438865608e-05,5.43907253e-05,3.89725e-07,1.045794228e-06,1.045834158e-06,1.44323e-09
76.95,5.591848063e-05,5.59212832e-05,5.27846e-07,1.075213981e-06,1.07526801e-06,1.9528e-09
77,5.744775323e-05,5.745133853e-05,6.75268e-07,1.104623121e-06,1.104692193e-06,2.4965e-09
77.05,5.897645907e-05,5.898087266e-05,8.31271e-07,1.134021363e-06,1.134106349e-06,3.07168e-09
77.1,6.050458308e-05,6.050986645e-05,9.95088e-07,1.163408418e-06,1.16351011e-06,3.67552e-09
77.15,6.203210994e-05,6.203830029e-05,1.16591e-06,1.192783991e-06,1.1929031e-06,4.30503e-09
77.2,6.355902458e-05,6.356615406e-05,1.34279e-06,1.222147791e-06,1.222284931e-06,4.95673e-09
77.25,6.508531191e-05,6.509340716e-05,1.52469e-06,1.251499529e-06,1.251655207e-06,5.62678e-09
77.3,6.661095688e-05,6.66200385e-05,1.71047e-06,1.280838916e-06,1.281013524e-06,6.311e-09
77.35,6.813594441e-05,6.814602651e-05,1.8989e-06,1.31016566e-06,1.310359467e-06,7.00489e-09
77.4,6.966025947e-05,6.967134911e-05,2.08866e-06,1.339479474e-06,1.339692612e-06,7.70358e-09
77.45,7.1183887e-05,7.119598375e-05,2.27834e-06,1.368780068e-06,1.369012526e-06,8.40186e-09
77.5,7.270681196e-05,7.271990737e-05,2.46643e-06,1.398067152e-06,1.398318765e-06,9.09419e-09
77.55,7.422901932e-05,7.424309643e-05,2.65133e-06,1.427340438e-06,1.427610878e-06,9.77469e-09
77.6,7.575049406e-05,7.576552691e-05,2.83134e-06,1.456599636e-06,1.456888404e-06,1.04371e-08
77.65,7.727122114e-05,7.728717429e-05,3.00467e-06,1.485844457e-06,1.486150871e-06,1.10749e-08
77.7,7.879118557e-05,7.880801356e-05,3.16944e-06,1.515074613e-06,1.5153978e-06,1.16811e-08
77.75,8.031037233e-05,8.032801921e-05,3.32367e-06,1.544289816e-06,1.544628701e-06,1.22485e-08
77.8,8.182876643e-05,8.184716527e-05,3.4653e-06,1.573489777e-06,1.573843076e-06,1.27695e-08
77.85,8.334635288e-05,8.336542525e-05,3.59216e-06,1.602674207e-06,1.603040416e-06,1.32361e-08
77.9,8.48631167e-05,8.488277219e-05,3.70198e-06,1.631842819e-06,1.632220204e-06,1.36401e-08
77.95,8.637904291e-05,8.639917862e-05,3.79243e-06,1.660995324e-06,1.661381913e-06,1.39727e-08
78,8.789411656e-05,8.79146166e-05,3.86105e-06,1.690131435e-06,1.690525007e-06,1.42251e-08
78.05,8.940832267e-05,8.94290577e-05,3.90531e-06,1.719250864e-06,1.71964894e-06,1.43879e-08
78.1,9.092164631e-05,9.094247298e-05,3.92257e-06,1.748353324e-06,1.748753157e-06,1.44514e-08
78.15,9.243407253e-05,9.245483303e-05,3.9101e-06,1.777438528e-06,1.777837094e-06,1.44056e-08
78.2,9.394558641e-05,9.396610794e-05,3.8651e-06,1.806506187e-06,1.806900178e-06,1.42403e-08
78.25,9.545617301e-05,9.547626731e-05,3.78463e-06,1.835556016e-06,1.835941824e-06,1.39445e-08
78.3,9.696581743e-05,9.698528026e-05,3.6657e-06,1.864587727e-06,1.864961442e-06,1.35074e-08
78.35,9.847450477e-05,9.849311541e-05,3.50519e-06,1.893601034e-06,1.89395843e-06,1.29176e-08
78.4,9.998222012e-05,9.99997409e-05,3.29992e-06,1.922595651e-06,1.922932175e-06,1.21632e-08
78.45,0.0001014889486,0.0001015051244,3.0466e-06,1.95157129e-06,1.951882059e-06,1.12323e-08
78.5,0.0001029946753,0.000103009233,2.74183e-06,1.980527667e-06,1.98080745e-06,1.01124e-08
78.55,0.0001044993855,0.0001045120334,2.38215e-06,2.009464495e-06,2.009707711e-06,8.7907e-09
78.6,0.0001060030641,0.0001060134917,1.96397e-06,2.038381488e-06,2.038582192e-06,7.25415e-09
78.65,0.0001075056965,0.0001075135737,1.48363e-06,2.067278362e-06,2.067430236e-06,5.48928e-09
78.7,0.0001090072682,0.0001090122446,9.37273e-07,2.09615484e-06,2.096251175e-06,3.4819e-09
78.75,0.0001105077643,0.0001105094691,3.21075e-07,2.125010634e-06,2.125044334e-06,1.21801e-09
78.8,0.0001120071697,0.0001120063485,1.54678e-07,2.153845456e-06,2.153830736e-06,5.32017e-10
78.85,0.0001135054697,0.000113505051,7.88539e-08,2.182659019e-06,2.182651791e-06,2.61222e-10
78.9,0.0001150026493,0.0001150025163,2.50656e-08,2.21145104e-06,2.211449085e-06,7.06511e-11
78.95,0.000116498694,0.0001164987424,9.12439e-09,2.240221235e-06,2.24022258e-06,4.8619e-11
79,0.0001179935888,0.0001179937272,2.60631e-08,2.268969319e-06,2.268972229e-06,1.05177e-10
79.05,0.0001194873191,0.0001194874678,2.80069e-08,2.297695009e-06,2.297697978e-06,1.07281e-10
79.1,0.00012097987,0.0001209799609,1.7121e-08,2.326398022e-06,2.326399761e-06,6.28527e-11
79.15,0.000122471227,0.000122471203,4.51995e-09,2.355078075e-06,2.355077507e-06,2.05156e-11
79.2,0.0001239613752,0.0001239611897,3.49322e-08,2.383734883e-06,2.383731132e-06,1.35567e-10
79.25,0.0001254502999,0.0001254499165,7.22229e-08,2.412368165e-06,2.412360546e-06,2.75376e-10
79.3,0.0001269379865,0.0001269373781,1.1459e-07,2.440977638e-06,2.440965648e-06,4.33353e-10
79.35,0.0001284244203,0.0001284235691,1.60323e-07,2.469563019e-06,2.469546329e-06,6.03239e-10
79.4,0.0001299095866,0.0001299084833,2.07801e-07,2.498124028e-06,2.498102472e-06,7.79111e-10
79.45,0.0001313934707,0.0001313921142,2.55496e-07,2.52666038e-06,2.526633947e-06,9.55378e-10
79.5,0.0001328760581,0.0001328744548,3.0197e-07,2.555171796e-06,2.555140621e-06,1.12678e-09
79.55,0.000134357334,0.0001343554976,3.45875e-07,2.583657994e-06,2.583622347e-06,1.2884e-09
79.6,0.0001358372839,0.0001358352347,3.85955e-07,2.612118692e-06,2.612078971e-06,1.43565e-09
79.65,0.0001373158932,0.0001373136577,4.21047e-07,2.64055361e-06,2.640510331e-06,1.56427e-09
79.7,0.0001387931472,0.0001387907576,4.50077e-07,2.668962467e-06,2.668916254e-06,1.67034e-09
79.75,0.0001402690315,0.0001402665251,4.72062e-07,2.697344984e-06,2.697296558e-06,1.75027e-09
79.8,0.0001417435313,0.0001417409504,4.8611e-07,2.725700879e-06,2.725651055e-06,1.80082e-09
79.85,0.0001432166323,0.0001432140231,4.91423e-07,2.754029874e-06,2.753979545e-06,1.81906e-09
79.9,0.0001446883198,0.0001446857325,4.8729e-07,2.782331688e-06,2.78228182e-06,1.80242e-09
79.95,0.0001461585793,0.0001461560675,4.73096e-07,2.810606042e-06,2.810557662e-06,1.74863e-09
80,0.0001476273964,0.0001476250161,4.48313e-07,2.838852659e-06,2.838806847e-06,1.6558e-09
80.05,0.0001490947565,0.0001490925663,4.12507e-07,2.867071257e-06,2.867029138e-06,1.52234e-09
80.1,0.0001505606452,0.0001505587054,3.65335e-07,2.895261561e-06,2.895224292e-06,1.34701e-09
80.15,0.0001520250479,0.0001520234203,3.06544e-07,2.92342329e-06,2.923392057e-06,1.1289e-09
80.2,0.0001534879503,0.0001534866974,2.35975e-07,2.951556168e-06,2.951532169e-06,8.67438e-10
80.25,0.000154949338,0.0001549485227,1.53557e-07,2.979659917e-06,2.979644358e-06,5.62383e-10
80.3,0.0001564091964,0.0001564088815,5.9313e-08,3.00773426e-06,3.007728344e-06,2.13835e-10
80.35,0.0001578675105,0.0001578677589,4.67824e-08,3.035778905e-06,3.035783838e-06,1.78289e-10
80.4,0.0001593242664,0.0001593251394,1.64429e-07,3.063793586e-06,3.063810543e-06,6.12869e-10
80.45,0.0001607794498,0.0001607810071,2.93307e-07,3.091778028e-06,3.09180815e-06,1.08872e-09
80.5,0.0001622330463,0.0001622353455,4.33029e-07,3.119731956e-06,3.119776345e-06,1.6044e-09
80.55,0.0001636850417,0.0001636881378,5.83117e-07,3.147655093e-06,3.147714803e-06,2.15815e-09
80.6,0.0001651354216,0.0001651393666,7.43001e-07,3.175547164e-06,3.17562319e-06,2.74785e-09
80.65,0.0001665841717,0.000166589014,9.12017e-07,3.203407894e-06,3.203501162e-06,3.37106e-09
80.7,0.0001680312777,0.0001680370618,1.08941e-06,3.231237007e-06,3.231348368e-06,4.02501e-09
80.75,0.0001694767252,0.0001694834913,1.27434e-06,3.259034229e-06,3.259164448e-06,4.70658e-09
80.8,0.0001709205001,0.0001709282831,1.46587e-06,3.286799286e-06,3.286949031e-06,5.41231e-09
80.85,0.0001723625881,0.0001723714175,1.66297e-06,3.314531904e-06,3.314701738e-06,6.13842e-09
80.9,0.0001738029749,0.0001738128745,1.86451e-06,3.342231809e-06,3.342422183e-06,6.88079e-09
80.95,0.0001752416464,0.0001752526332,2.06929e-06,3.369898728e-06,3.370109967e-06,7.63495e-09
81,0.0001766785884,0.0001766906727,2.276e-06,3.397532387e-06,3.397764686e-06,8.3961e-09
81.05,0.0001781137866,0.0001781269712,2.48324e-06,3.425132515e-06,3.425385924e-06,9.15912e-09
81.1,0.0001795472269,0.0001795615068,2.68953e-06,3.452698838e-06,3.452973258e-06,9.91853e-09
81.15,0.0001809788952,0.0001809942569,2.89329e-06,3.480231085e-06,3.480526255e-06,1.06685e-08
81.2,0.0001824087773,0.0001824251986,3.09284e-06,3.507728984e-06,3.508044473e-06,1.14029e-08
81.25,0.0001838368592,0.0001838543082,3.28642e-06,3.535192263e-06,3.535527462e-06,1.21153e-08
81.3,0.0001852631266,0.000185281562,3.47218e-06,3.562620653e-06,3.562974763e-06,1.27988e-08
81.35,0.0001866875657,0.0001867069354,3.64816e-06,3.590013881e-06,3.590385905e-06,1.34463e-08
81.4,0.0001881101623,0.0001881304036,3.81233e-06,3.617371678e-06,3.617760412e-06,1.40503e-08
81.45,0.0001895309023,0.0001895519413,3.96256e-06,3.644693774e-06,3.645097798e-06,1.46029e-08
81.5,0.0001909497718,0.0001909715226,4.09662e-06,3.6719799e-06,3.672397565e-06,1.5096e-08
81.55,0.0001923667567,0.0001923891211,4.21219e-06,3.699229785e-06,3.699659211e-06,1.5521e-08
81.6,0.0001937818432,0.0001938047103,4.30687e-06,3.726443162e-06,3.726882221e-06,1.58692e-08
81.65,0.0001951950171,0.0001952182627,4.37815e-06,3.753619761e-06,3.754066072e-06,1.61313e-08
81.7,0.0001966062646,0.0001966297507,4.42345e-06,3.780759315e-06,3.781210234e-06,1.62978e-08
81.75,0.0001980155718,0.0001980391461,4.44008e-06,3.807861556e-06,3.808314165e-06,1.63589e-08
81.8,0.0001994229247,0.0001994464204,4.42525e-06,3.834926217e-06,3.835377316e-06,1.63044e-08
81.85,0.0002008283095,0.0002008515442,4.37611e-06,3.86195303e-06,3.862399128e-06,1.61236e-08
81.9,0.0002022317123,0.0002022544881,4.28969e-06,3.888941729e-06,3.889379034e-06,1.58058e-08
81.95,0.0002036331192,0.0002036552221,4.16293e-06,3.915892047e-06,3.916316458e-06,1.53398e-08
82,0.0002050325155,0.0002050537154,3.99288e-06,3.9428037e-06,3.943210814e-06,1.47146e-08
82.05,0.0002064298881,0.0002064499373,3.77613e-06,3.96967644e-06,3.970061507e-06,1.39177e-08
82.1,0.0002078252234,0.0002078438561,3.50935e-06,3.99651e-06,3.996867934e-06,1.2937e-08
82.15,0.0002092185076,0.00020923544,3.18912e-06,4.023304116e-06,4.023629482e-06,1.17599e-08
82.2,0.0002106097268,0.0002106246566,2.81193e-06,4.050058523e-06,4.05034553e-06,1.03735e-08
82.25,0.0002119988674,0.0002120114729,2.37416e-06,4.076772958e-06,4.077015448e-06,8.76449e-09
82.3,0.0002133859156,0.0002133958556,1.87212e-06,4.103447157e-06,4.103638597e-06,6.91934e-09
82.35,0.0002147708578,0.0002147777708,1.30202e-06,4.130080856e-06,4.130214326e-06,4.82412e-09
82.4,0.0002161536803,0.0002161571844,6.59968e-07,4.156673793e-06,4.156741981e-06,2.46457e-09
82.45,0.0002175343695,0.0002175340615,5.80113e-08,4.183225705e-06,4.183220893e-06,1.73907e-10
82.5,0.0002189129116,0.000218911433,2.78486e-07,4.20973633e-06,4.209708964e-06,9.89115e-10
82.55,0.0002202892932,0.0002202883283,1.81728e-07,4.236205407e-06,4.236187671e-06,6.41048e-10
82.6,0.0002216635006,0.0002216629244,1.08528e-07,4.262632675e-06,4.262622193e-06,3.78864e-10
82.65,0.0002230355203,0.0002230352204,5.64994e-08,4.289017872e-06,4.289012509e-06,1.93817e-10
82.7,0.0002244053388,0.0002244052149,2.33355e-08,4.315360738e-06,4.315358595e-06,7.74636e-11
82.75,0.0002257729424,0.0002257729062,6.815e-09,4.341661014e-06,4.341660414e-06,2.16707e-11
82.8,0.0002271383178,0.0002271382923,4.80015e-09,4.367918439e-06,4.367917924e-06,1.86111e-11
82.85,0.0002285014514,0.0002285013705,1.52369e-08,4.394132755e-06,4.394131074e-06,6.07651e-11
82.9,0.0002298623299,0.0002298621379,3.61549e-08,4.420303703e-06,4.420299805e-06,1.4092e-10
82.95,0.0002312209397,0.000231220591,6.56678e-08,4.446431025e-06,4.446424048e-06,2.52172e-10
83,0.0002325772674,0.000232576726,1.01973e-07,4.472514463e-06,4.472503731e-06,3.87922e-10
83.05,0.0002339312998,0.0002339305387,1.43352e-07,4.49855376e-06,4.498538767e-06,5.41882e-10
83.1,0.0002352830234,0.0002352820243,1.8817e-07,4.524548658e-06,4.524529068e-06,7.0807e-10
83.15,0.0002366324248,0.0002366311778,2.34877e-07,4.550498902e-06,4.550474532e-06,8.80811e-10
83.2,0.0002379794909,0.0002379779936,2.82004e-07,4.576404235e-06,4.576375053e-06,1.05474e-09
83.25,0.0002393242082,0.0002393224658,3.28171e-07,4.602264401e-06,4.602230514e-06,1.2248e-09
83.3,0.0002406665636,0.000240664588,3.72077e-07,4.628079146e-06,4.628040792e-06,1.38624e-09
83.35,0.0002420065437,0.0002420043535,4.12508e-07,4.653848215e-06,4.653805756e-06,1.53462e-09
83.4,0.0002433441354,0.000243341755,4.48334e-07,4.679571353e-06,4.679525265e-06,1.6658e-09
83.45,0.0002446793254,0.0002446767848,4.78507e-07,4.705248307e-06,4.705199171e-06,1.77596e-09
83.5,0.0002460121006,0.0002460094349,5.02066e-07,4.730878824e-06,4.730827319e-06,1.86159e-09
83.55,0.0002473424479,0.0002473396969,5.18133e-07,4.756462651e-06,4.756409544e-06,1.91948e-09
83.6,0.000248670354,0.0002486675618,5.2588e-07,4.781999532e-06,4.781945674e-06,1.94661e-09
83.65,0.000249995805,0.0002499930203,5.24473e-07,4.807489202e-06,4.807435529e-06,1.93992e-09
83.7,0.0002513187886,0.0002513160626,5.1342e-07,4.832931424e-06,4.832878921e-06,1.89764e-09
83.75,0.0002526392918,0.0002526366786,4.92179e-07,4.858325946e-06,4.858275653e-06,1.81778e-09
83.8,0.0002539573016,0.0002539548577,4.60289e-07,4.883672519e-06,4.883625521e-06,1.69867e-09
83.85,0.0002552728049,0.0002552705888,4.17378e-07,4.908970891e-06,4.908928312e-06,1.53896e-09
83.9,0.0002565857887,0.0002565838606,3.63156e-07,4.934220814e-06,4.934183806e-06,1.3376e-09
83.95,0.0002578962401,0.000257894661,2.97416e-07,4.959422037e-06,4.959391774e-06,1.09385e-09
84,0.0002592041462,0.0002592029779,2.20037e-07,4.984574313e-06,4.984551978e-06,8.07267e-10
84.05,0.0002605094941,0.0002605087986,1.30983e-07,5.009677394e-06,5.009664176e-06,4.7774e-10
84.1,0.0002618122708,0.0002618121099,3.03004e-08,5.03473103e-06,5.034728113e-06,1.05453e-10
84.15,0.0002631124635,0.0002631128982,8.18783e-08,5.059734976e-06,5.059743528e-06,3.09095e-10
84.2,0.0002644100594,0.0002644111496,2.05337e-07,5.084688985e-06,5.084710153e-06,7.65097e-10
84.25,0.0002657050457,0.0002657068497,3.39775e-07,5.109592809e-06,5.10962771e-06,1.26144e-09
84.3,0.0002669974096,0.0002669999837,4.84806e-07,5.134446205e-06,5.134495914e-06,1.79669e-09
84.35,0.0002682871384,0.0002682905363,6.39961e-07,5.159248925e-06,5.159314472e-06,2.36911e-09
84.4,0.0002695742193,0.0002695784918,8.04686e-07,5.184000727e-06,5.184083083e-06,2.97666e-09
84.45,0.0002708586397,0.0002708638341,9.78341e-07,5.208701364e-06,5.208801437e-06,3.61697e-09
84.5,0.0002721403868,0.0002721465468,1.1602e-06,5.233350595e-06,5.233469216e-06,4.28739e-09
84.55,0.000273419448,0.0002734266129,1.34946e-06,5.257948175e-06,5.258086095e-06,4.98493e-09
84.6,0.0002746958108,0.0002747040151,1.54523e-06,5.282493863e-06,5.282651741e-06,5.7063e-09
84.65,0.0002759694624,0.0002759787355,1.74652e-06,5.306987415e-06,5.307165812e-06,6.44791e-09
84.7,0.0002772403904,0.0002772507559,1.95228e-06,5.33142859e-06,5.331627957e-06,7.20584e-09
84.75,0.0002785085822,0.0002785200578,2.16136e-06,5.355817148e-06,5.356037819e-06,7.97587e-09
84.8,0.0002797740253,0.0002797866221,2.37252e-06,5.380152847e-06,5.380395032e-06,8.75347e-09
84.85,0.0002810367072,0.0002810504293,2.58446e-06,5.404435447e-06,5.404699223e-06,9.5338e-09
84.9,0.0002822966155,0.0002823114595,2.79576e-06,5.42866471e-06,5.428950008e-06,1.03117e-08
84.95,0.0002835537378,0.0002835696924,3.00494e-06,5.452840396e-06,5.453146998e-06,1.10817e-08
85,0.0002848080616,0.0002848251072,3.21044e-06,5.476962267e-06,5.477289795e-06,1.18381e-08
85.05,0.0002860595745,0.0002860776829,3.41059e-06,5.501030084e-06,5.501377992e-06,1.25746e-08
85.1,0.0002873082643,0.0002873273977,3.60365e-06,5.525043611e-06,5.525411174e-06,1.32851e-08
85.15,0.0002885541187,0.0002885742298,3.7878e-06,5.549002611e-06,5.549388921e-06,1.39626e-08
85.2,0.0002897971252,0.0002898181566,3.96112e-06,5.572906847e-06,5.5733108e-06,1.46003e-08
85.25,0.0002910372712,0.0002910591554,4.12173e-06,5.596756074e-06,5.597176373e-06,1.51911e-08
85.3,0.0002922745438,0.0002922972028,4.26766e-06,5.620550044e-06,5.620985193e-06,1.57279e-08
85.35,0.0002935089318,0.0002935322751,4.39656e-06,5.644288541e-06,5.644736807e-06,1.62019e-08
85.4,0.0002947404229,0.0002947643483,4.50618e-06,5.667971332e-06,5.66843075e-06,1.66051e-08
85.45,0.0002959690051,0.0002959933977,4.59419e-06,5.691598181e-06,5.692066553e-06,1.69287e-08
85.5,0.0002971946661,0.0002972193985,4.65818e-06,5.715168856e-06,5.715643735e-06,1.71639e-08
85.55,0.000298417394,0.0002984423252,4.69563e-06,5.738683125e-06,5.739161811e-06,1.73015e-08
85.6,0.0002996371765,0.000299662152,4.70396e-06,5.762140755e-06,5.762620284e-06,1.73319e-08
85.65,0.0003008540018,0.0003008788527,4.68049e-06,5.785541515e-06,5.786018653e-06,1.72455e-08
85.7,0.0003020678578,0.0003020924006,4.62247e-06,5.808885174e-06,5.809356404e-06,1.7032e-08
85.75,0.0003032787324,0.0003033027686,4.52705e-06,5.832171501e-06,5.83263302e-06,1.6681e-08
85.8,0.0003044866139,0.0003045099293,4.39131e-06,5.855400268e-06,5.855847972e-06,1.61817e-08
85.85,0.0003056914902,0.0003057138547,4.21222e-06,5.878571244e-06,5.879000725e-06,1.5523e-08
85.9,0.0003068933494,0.0003069145165,3.98668e-06,5.901684201e-06,5.902090736e-06,1.46936e-08
85.95,0.0003080921798,0.0003081118859,3.71152e-06,5.924738912e-06,5.925117452e-06,1.36818e-08
86,0.0003092879694,0.0003093059337,3.38345e-06,5.947735148e-06,5.948080315e-06,1.24756e-08
86.05,0.0003104807065,0.0003104966303,2.99913e-06,5.970672683e-06,5.970978756e-06,1.10626e-08
86.1,0.0003116703794,0.0003116839456,2.55512e-06,5.993551291e-06,5.9938122e-06,9.43019e-09
86.15,0.0003128569762,0.0003128678493,2.04788e-06,6.016370745e-06,6.016580062e-06,7.56545e-09
86.2,0.0003140404853,0.0003140483104,1.4738e-06,6.039130822e-06,6.03928175e-06,5.45511e-09
86.25,0.000315220895,0.0003152252975,8.29187e-07,6.061831296e-06,6.061916665e-06,3.08557e-09
86.3,0.0003163981937,0.0003163987791,1.10258e-07,6.084471943e-06,6.084484199e-06,4.4297e-10
86.35,0.0003175723697,0.0003175698133,4.81478e-07,6.10705254e-06,6.107004575e-06,1.73363e-09
86.4,0.0003187434115,0.0003187415582,3.49055e-07,6.129572865e-06,6.129538166e-06,1.25413e-09
86.45,0.0003199113075,0.0003199100235,2.41841e-07,6.152032695e-06,6.152008717e-06,8.66664e-10
86.5,0.0003210760462,0.0003210752094,1.57617e-07,6.174431809e-06,6.17441623e-06,5.63102e-10
86.55,0.0003222376162,0.0003222371158,9.42359e-08,6.196769986e-06,6.196760702e-06,3.35574e-10
86.6,0.0003233960059,0.0003233957424,4.96194e-08,6.219047006e-06,6.219042124e-06,1.76473e-10
86.65,0.000324551204,0.0003245510884,2.17619e-08,6.24126265e-06,6.241260479e-06,7.84485e-11
86.7,0.000325703199,0.0003257031527,8.72836e-09,6.263416697e-06,6.263415745e-06,3.44145e-11
86.75,0.0003268519797,0.0003268519337,8.65501e-09,6.28550893e-06,6.285507891e-06,3.75437e-11
86.8,0.0003279975346,0.0003279974297,1.9749e-08,6.307539131e-06,6.307536883e-06,8.12703e-11
86.85,0.0003291398525,0.0003291396386,4.02888e-08,6.329507083e-06,6.329502676e-06,1.59289e-10
86.9,0.0003302789211,0.0003302785578,6.84328e-08,6.35141255e-06,6.351405222e-06,2.64852e-10
86.95,0.0003314147291,0.0003314141845,1.0258e-07,6.373255314e-06,6.373244466e-06,3.92096e-10
87,0.0003325472662,0.0003325465155,1.41385e-07,6.395035176e-06,6.395020343e-06,5.36101e-10
87.05,0.0003336765212,0.0003336755474,1.83409e-07,6.416751921e-06,6.416732786e-06,6.91595e-10
87.1,0.0003348024828,0.0003348012761,2.27282e-07,6.438405335e-06,6.438381719e-06,8.53568e-10
87.15,0.0003359251401,0.0003359236975,2.71707e-07,6.459995204e-06,6.459967059e-06,1.01727e-09
87.2,0.0003370444819,0.000337042807,3.15457e-07,6.481521316e-06,6.481488718e-06,1.17821e-09
87.25,0.0003381604973,0.0003381585998,3.57377e-07,6.502983457e-06,6.5029466e-06,1.33217e-09
87.3,0.0003392731751,0.0003392710705,3.96383e-07,6.524381417e-06,6.524340602e-06,1.47517e-09
87.35,0.0003403825044,0.0003403802136,4.31463e-07,6.545714983e-06,6.545670618e-06,1.60352e-09
87.4,0.0003414884743,0.0003414860231,4.61675e-07,6.566983946e-06,6.56693653e-06,1.71378e-09
87.45,0.0003425910739,0.0003425884927,4.86149e-07,6.588188095e-06,6.588138218e-06,1.80275e-09
87.5,0.0003436902922,0.0003436876158,5.04086e-07,6.609327222e-06,6.609275553e-06,1.86752e-09
87.55,0.0003447861184,0.0003447833853,5.14759e-07,6.630401118e-06,6.630348399e-06,1.90544e-09
87.6,0.0003458785418,0.0003458757941,5.17512e-07,6.651409575e-06,6.651356616e-06,1.91411e-09
87.65,0.0003469675515,0.0003469648343,5.1176e-07,6.672352385e-06,6.672300056e-06,1.89139e-09
87.7,0.0003480531368,0.0003480504981,4.9699e-07,6.693229343e-06,6.693178562e-06,1.83541e-09
87.75,0.000349135287,0.0003491327769,4.72761e-07,6.714040242e-06,6.713991974e-06,1.74457e-09
87.8,0.0003502139915,0.0003502116622,4.38703e-07,6.734784877e-06,6.734740125e-06,1.61752e-09
87.85,0.0003512892395,0.0003512871448,3.94515e-07,6.755463044e-06,6.755422838e-06,1.45317e-09
87.9,0.0003523610205,0.0003523592154,3.39973e-07,6.776074538e-06,6.776039934e-06,1.2507e-09
87.95,0.0003534293239,0.0003534278642,2.74919e-07,6.796619156e-06,6.796591224e-06,1.00956e-09
88,0.0003544941392,0.0003544930812,1.9927e-07,6.817096696e-06,6.817076515e-06,7.29434e-10
88.05,0.0003555554558,0.0003555548558,1.13013e-07,6.837506956e-06,6.837495604e-06,4.103e-10
88.1,0.0003566132634,0.0003566131774,1.62077e-08,6.857849735e-06,6.857848285e-06,5.2383e-11
88.15,0.0003576675515,0.0003576680347,9.10151e-08,6.878124831e-06,6.878134344e-06,3.43825e-10
88.2,0.0003587183096,0.0003587194164,2.08453e-07,6.898332045e-06,6.898353559e-06,7.7757e-10
88.25,0.0003597655275,0.0003597673106,3.35832e-07,6.918471179e-06,6.918505703e-06,1.24783e-09
88.3,0.0003608091948,0.0003608117052,4.72806e-07,6.938542033e-06,6.938590543e-06,1.75334e-09
88.35,0.0003618493013,0.0003618525876,6.18957e-07,6.958544409e-06,6.958607838e-06,2.29254e-09
88.4,0.0003628858366,0.000362889945,7.73796e-07,6.978478111e-06,6.97855734e-06,2.86363e-09
88.45,0.0003639187906,0.0003639237642,9.36762e-07,6.998342942e-06,6.998438797e-06,3.46454e-09
88.5,0.000364948153,0.0003649540317,1.10722e-06,7.018138707e-06,7.018251947e-06,4.09294e-09
88.55,0.0003659739123,0.0003659807336,1.28475e-06,7.03786518e-06,7.037996525e-06,4.74726e-09
88.6,0.0003669960589,0.0003670038557,1.46847e-06,7.057522181e-06,7.057672255e-06,5.42425e-09
88.65,0.0003680145834,0.0003680233833,1.6574e-06,7.077109525e-06,7.077278859e-06,6.12034e-09
88.7,0.0003690294757,0.0003690393016,1.85064e-06,7.096627022e-06,7.09681605e-06,6.83217e-09
88.75,0.0003700407259,0.0003700515953,2.04719e-06,7.116074477e-06,7.116283534e-06,7.55609e-09
88.8,0.0003710483238,0.0003710602488,2.24599e-06,7.135451698e-06,7.135681011e-06,8.2882e-09
88.85,0.0003720522597,0.0003720652461,2.44591e-06,7.154758496e-06,7.155008176e-06,9.02434e-09
88.9,0.0003730525235,0.0003730665709,2.64574e-06,7.173994679e-06,7.174264714e-06,9.76007e-09
88.95,0.0003740491054,0.0003740642067,2.84422e-06,7.193160057e-06,7.193450307e-06,1.04907e-08
89,0.0003750419956,0.0003750581363,3.03998e-06,7.212254442e-06,7.212564628e-06,1.12113e-08
89.05,0.0003760311844,0.0003760483425,3.23162e-06,7.231277644e-06,7.231607344e-06,1.19166e-08
89.1,0.0003770166618,0.0003770348076,3.41764e-06,7.250229477e-06,7.250578116e-06,1.26011e-08
89.15,0.0003779984183,0.0003780175135,3.59646e-06,7.269109753e-06,7.269476598e-06,1.32591e-08
89.2,0.000378976444,0.0003789964419,3.76647e-06,7.287918287e-06,7.288302437e-06,1.38846e-08
89.25,0.0003799507295,0.0003799715741,3.92595e-06,7.306654892e-06,7.307055274e-06,1.44713e-08
89.3,0.000380921265,0.000380942891,4.07311e-06,7.325319384e-06,7.325734744e-06,1.50126e-08
89.35,0.0003818880411,0.0003819103732,4.20612e-06,7.343911579e-06,7.344340473e-06,1.55018e-08
89.4,0.0003828510481,0.000382874001,4.32303e-06,7.362431293e-06,7.362872082e-06,1.59317e-08
89.45,0.0003838102765,0.0003838337542,4.42187e-06,7.380878344e-06,7.381329187e-06,1.62951e-08
89.5,0.000384765717,0.0003847896124,4.50055e-06,7.39925255e-06,7.399711395e-06,1.65843e-08
89.55,0.0003857173601,0.0003857415549,4.55693e-06,7.41755373e-06,7.418018308e-06,1.67915e-08
89.6,0.0003866651964,0.0003866895604,4.58881e-06,7.435781703e-06,7.436249519e-06,1.69086e-08
89.65,0.0003876092165,0.0003876336076,4.5939e-06,7.45393629e-06,7.454404617e-06,1.6927e-08
89.7,0.0003885494112,0.0003885736746,4.56984e-06,7.472017312e-06,7.472483184e-06,1.68383e-08
89.75,0.0003894857712,0.0003895097392,4.51421e-06,7.49002459e-06,7.490484793e-06,1.66334e-08
89.8,0.0003904182873,0.0003904417789,4.42449e-06,7.507957947e-06,7.508409014e-06,1.63032e-08
89.85,0.0003913469503,0.0003913697709,4.29811e-06,7.525817207e-06,7.526255409e-06,1.58382e-08
89.9,0.0003922717509,0.0003922936919,4.13244e-06,7.543602193e-06,7.544023531e-06,1.52287e-08
89.95,0.0003931926802,0.0003932135185,3.92474e-06,7.56131273e-06,7.56171293e-06,1.44647e-08
90,0.0003941097291,0.0003941292266,3.67223e-06,7.578948644e-06,7.579323148e-06,1.3536e-08
90.05,0.0003950228884,0.0003950407922,3.37205e-06,7.59650976e-06,7.59685372e-06,1.24319e-08
90.1,0.0003959321493,0.0003959481905,3.02126e-06,7.613995907e-06,7.614304174e-06,1.11419e-08
90.15,0.0003968375027,0.0003968513967,2.61684e-06,7.631406912e-06,7.631674032e-06,9.65472e-09
90.2,0.0003977389376,0.0003977503855,2.15614e-06,7.648742561e-06,7.648962811e-06,7.96065e-09
90.25,0.0003986364466,0.0003986451313,1.6357e-06,7.666002713e-06,7.666170019e-06,6.04706e-09
90.3,0.0003995300212,0.0003995356081,1.05225e-06,7.683187204e-06,7.683295159e-06,3.90187e-09
90.35,0.0004004196526,0.0004004217896,4.02491e-07,7.700295865e-06,7.700337725e-06,1.51297e-09
90.4,0.000401305332,0.0004013036492,3.16947e-07,7.717328526e-06,7.717297208e-06,1.13198e-09
90.45,0.0004021870506,0.0004021842315,5.30968e-07,7.734285021e-06,7.734231829e-06,1.92255e-09
90.5,0.0004030647999,0.0004030627135,3.92952e-07,7.75116518e-06,7.751125865e-06,1.42101e-09
90.55,0.000403938571,0.0004039370972,2.77578e-07,7.767968839e-06,7.76794111e-06,1.00224e-09
90.6,0.0004048083553,0.0004048073834,1.83065e-07,7.784695831e-06,7.784677579e-06,6.59683e-10
90.65,0.0004056741444,0.0004056735727,1.07682e-07,7.801345991e-06,7.801335284e-06,3.87007e-10
90.7,0.0004065359297,0.0004065356655,4.97499e-08,7.817919155e-06,7.817914229e-06,1.7806e-10
90.75,0.0004073937026,0.000407393662,7.64394e-09,7.834415159e-06,7.834414416e-06,2.68833e-11
90.8,0.0004082474547,0.000408247562,2.02092e-08,7.850833842e-06,7.850835842e-06,7.22868e-11
90.85,0.0004090971776,0.0004090973652,3.53305e-08,7.86717504e-06,7.867178499e-06,1.25023e-10
90.9,0.000409942863,0.000409943071,3.9188e-08,7.883438592e-06,7.883442375e-06,1.36707e-10
90.95,0.0004107845023,0.0004107846786,3.31977e-08,7.89962434e-06,7.899627453e-06,1.12524e-10
91,0.0004116220875,0.0004116221869,1.87228e-08,7.915732122e-06,7.915733712e-06,5.74706e-11
91.05,0.0004124556102,0.0004124555946,2.92599e-09,7.93176178e-06,7.931761125e-06,2.3652e-11
91.1,0.0004132850621,0.0004132849002,3.04904e-08,7.947713155e-06,7.947709663e-06,1.26235e-10
91.15,0.0004141104352,0.0004141101019,6.27648e-08,7.963586092e-06,7.96357929e-06,2.45861e-10
91.2,0.0004149317212,0.0004149311978,9.85962e-08,7.979380433e-06,7.979369966e-06,3.78307e-10
91.25,0.0004157489122,0.0004157481854,1.36884e-07,7.995096023e-06,7.995081648e-06,5.19544e-10
91.3,0.000416562,0.0004165610624,1.76581e-07,8.010732706e-06,8.010714287e-06,6.65734e-10
91.35,0.0004173709766,0.0004173698261,2.16691e-07,8.026290329e-06,8.026267829e-06,8.13234e-10
91.4,0.0004181758341,0.0004181744734,2.56273e-07,8.041768739e-06,8.041742217e-06,9.58592e-10
91.45,0.0004189765645,0.0004189750012,2.94436e-07,8.057167783e-06,8.057137388e-06,1.09855e-09
91.5,0.0004197731599,0.000419771406,3.30344e-07,8.072487308e-06,8.072453276e-06,1.23005e-09
91.55,0.0004205656126,0.0004205636841,3.63211e-07,8.087727166e-06,8.087689809e-06,1.35022e-09
91.6,0.0004213539146,0.0004213518317,3.92308e-07,8.102887204e-06,8.10284691e-06,1.45637e-09
91.65,0.0004221380583,0.0004221358445,4.16954e-07,8.117967275e-06,8.1179245e-06,1.54604e-09
91.7,0.0004229180359,0.0004229157182,4.36524e-07,8.13296723e-06,8.132922494e-06,1.61692e-09
91.75,0.0004236938397,0.0004236914481,4.50444e-07,8.14788692e-06,8.147840801e-06,1.66693e-09
91.8,0.0004244654621,0.0004244630294,4.58183e-07,8.162726199e-06,8.162679327e-06,1.69412e-09
91.85,0.0004252328926,0.0004252304569,4.58755e-07,8.177484866e-06,8.177437974e-06,1.69487e-09
91.9,0.0004259961263,0.0004259937253,4.52206e-07,8.192162825e-06,8.192116638e-06,1.66936e-09
91.95,0.0004267551555,0.000426752829,4.38171e-07,8.206759929e-06,8.206715211e-06,1.61627e-09
92,0.0004275099727,0.0004275077622,4.16336e-07,8.221276036e-06,8.221233582e-06,1.53444e-09
92.05,0.0004282605707,0.0004282585189,3.8644e-07,8.235711002e-06,8.235671633e-06,1.42294e-09
92.1,0.0004290069418,0.0004290050926,3.48277e-07,8.250064684e-06,8.250029242e-06,1.281e-09
92.15,0.0004297490788,0.000429747477,3.0169e-07,8.264336941e-06,8.264306283e-06,1.10808e-09
92.2,0.0004304869743,0.0004304856651,2.46578e-07,8.278527632e-06,8.278502627e-06,9.03788e-10
92.25,0.0004312206211,0.0004312196501,1.82892e-07,8.292636617e-06,8.292618136e-06,6.67968e-10
92.3,0.0004319500119,0.0004319494245,1.10635e-07,8.306663758e-06,8.306652673e-06,4.00636e-10
92.35,0.0004326751396,0.000432674981,2.98641e-08,8.320608915e-06,8.320606092e-06,1.02009e-10
92.4,0.0004333959969,0.0004333963118,5.93114e-08,8.334471951e-06,8.334478245e-06,2.27505e-10
92.45,0.0004341125768,0.000434113409,1.56729e-07,8.34825273e-06,8.348268979e-06,5.87302e-10
92.5,0.0004348248722,0.0004348262642,2.62174e-07,8.361951115e-06,8.361978134e-06,9.76584e-10
92.55,0.0004355328761,0.0004355348692,3.75378e-07,8.375566972e-06,8.37560555e-06,1.39436e-09
92.6,0.0004362365816,0.0004362392151,4.96019e-07,8.389100166e-06,8.389151058e-06,1.83944e-09
92.65,0.0004369359816,0.0004369392932,6.23723e-07,8.402550564e-06,8.402614488e-06,2.31044e-09
92.7,0.0004376310692,0.0004376350941,7.58063e-07,8.415918034e-06,8.415995663e-06,2.8058e-09
92.75,0.0004383218377,0.0004383266086,8.98559e-07,8.429202443e-06,8.429294402e-06,3.32373e-09
92.8,0.0004390082802,0.0004390138269,1.04468e-06,8.442403661e-06,8.44251052e-06,3.86227e-09
92.85,0.00043969039,0.0004396967392,1.19583e-06,8.455521558e-06,8.455643827e-06,4.41927e-09
92.9,0.0004403681604,0.0004403753354,1.35138e-06,8.468556004e-06,8.46869413e-06,4.99237e-09
92.95,0.0004410415845,0.0004410496052,1.51064e-06,8.481506871e-06,8.481661228e-06,5.57902e-09
93,0.000441710656,0.0004417195379,1.67285e-06,8.494374032e-06,8.494544919e-06,6.17647e-09
93.05,0.0004423753681,0.0004423851227,1.83722e-06,8.50715736e-06,8.507344995e-06,6.78179e-09
93.1,0.0004430357142,0.0004430463485,2.0029e-06,8.519856729e-06,8.520061242e-06,7.39184e-09
93.15,0.000443691688,0.0004437032041,2.16898e-06,8.532472015e-06,8.532693445e-06,8.00329e-09
93.2,0.000444343283,0.0004443556779,2.33451e-06,8.545003092e-06,8.54524138e-06,8.61262e-09
93.25,0.0004449904926,0.0004450037581,2.49846e-06,8.557449837e-06,8.557704823e-06,9.21611e-09
93.3,0.0004456333107,0.0004456474327,2.65979e-06,8.569812129e-06,8.570083542e-06,9.80984e-09
93.35,0.0004462717308,0.0004462866894,2.81736e-06,8.582089845e-06,8.582377301e-06,1.03897e-08
93.4,0.0004469057466,0.0004469215158,2.97002e-06,8.594282865e-06,8.594585862e-06,1.09514e-08
93.45,0.0004475353515,0.000447551899,3.11663e-06,8.606391059e-06,8.606708979e-06,1.14908e-08
93.5,0.000448160537,0.0004481778262,3.25631e-06,8.618414267e-06,8.618746404e-06,1.20046e-08
93.55,0.0004487812994,0.0004487992841,3.3873e-06,8.630352414e-06,8.630697882e-06,1.24865e-08
93.6,0.0004493976325,0.0004494162593,3.50824e-06,8.642205383e-06,8.642563157e-06,1.29313e-08
93.65,0.0004500095301,0.000450028738,3.61768e-06,8.653973056e-06,8.654341965e-06,1.33337e-08
93.7,0.0004506169864,0.0004506367064,3.71415e-06,8.665655318e-06,8.666034039e-06,1.36884e-08
93.75,0.0004512199952,0.0004512401503,3.79609e-06,8.677252052e-06,8.677639108e-06,1.39896e-08
93.8,0.0004518185506,0.0004518390553,3.86192e-06,8.688763145e-06,8.689156894e-06,1.42315e-08
93.85,0.0004524126468,0.0004524334067,3.91e-06,8.700188484e-06,8.700587118e-06,1.44081e-08
93.9,0.0004530022778,0.0004530231897,3.93862e-06,8.711527955e-06,8.711929493e-06,1.45131e-08
93.95,0.0004535874378,0.0004536083891,3.94603e-06,8.722781447e-06,8.723183731e-06,1.454e-08
94,0.0004541681212,0.0004541889895,3.93042e-06,8.733948848e-06,8.734349536e-06,1.44823e-08
94.05,0.0004547443221,0.0004547649755,3.88994e-06,8.74503005e-06,8.745426609e-06,1.43331e-08
94.1,0.0004553160349,0.0004553363312,3.82268e-06,8.756024941e-06,8.756414647e-06,1.40854e-08
94.15,0.0004558832539,0.0004559030404,3.72666e-06,8.766933415e-06,8.767313341e-06,1.37319e-08
94.2,0.0004564459736,0.0004564650869,3.59987e-06,8.777755364e-06,8.77812238e-06,1.32653e-08
94.25,0.0004570041883,0.0004570224541,3.44024e-06,8.78849068e-06,8.788841445e-06,1.26779e-08
94.3,0.0004575578927,0.0004575751253,3.24564e-06,8.799139259e-06,8.799470214e-06,1.19619e-08
94.35,0.0004581070813,0.0004581230834,3.01389e-06,8.809700995e-06,8.810008362e-06,1.11094e-08
94.4,0.0004586517486,0.0004586663111,2.74275e-06,8.820175784e-06,8.820455558e-06,1.0112e-08
94.45,0.0004591918893,0.000459204791,2.42996e-06,8.830563524e-06,8.830811465e-06,8.9615e-09
94.5,0.000459727498,0.0004597385053,2.07315e-06,8.840864112e-06,8.841075745e-06,7.6492e-09
94.55,0.0004602585696,0.0004602674361,1.66995e-06,8.851077446e-06,8.851248052e-06,6.16634e-09
94.6,0.0004607850987,0.000460791565,1.2179e-06,8.861203426e-06,8.861328037e-06,4.50392e-09
94.65,0.0004613070802,0.0004613108738,7.14498e-07,8.871241952e-06,8.871315347e-06,2.65276e-09
94.7,0.0004618245089,0.0004618253436,1.57201e-07,8.881192926e-06,8.881209624e-06,6.035e-10
94.75,0.0004623373799,0.0004623349555,4.56603e-07,8.89105625e-06,8.891010504e-06,1.65345e-09
94.8,0.0004628456879,0.0004628430273,5.01096e-07,8.900831827e-06,8.900781325e-06,1.82532e-09
94.85,0.0004633494281,0.0004633474986,3.63395e-07,8.91051956e-06,8.910482813e-06,1.3282e-09
94.9,0.0004638485954,0.0004638472707,2.49487e-07,8.920119355e-06,8.920093995e-06,9.16609e-10
94.95,0.000464343185,0.0004643423511,1.57064e-07,8.929631117e-06,8.929615007e-06,5.82278e-10
95,0.000464833192,0.0004648327464,8.39217e-08,8.939054753e-06,8.939045974e-06,3.17299e-10
95.05,0.0004653186116,0.0004653184632,2.79563e-08,8.94839017e-06,8.948387012e-06,1.1413e-10
95.1,0.0004657994379,0.0004657995072,1.30465e-08,8.957637255e-06,8.957638228e-06,3.51929e-11
95.15,0.000466275665,0.0004662758838,4.12066e-08,8.966795894e-06,8.96679972e-06,1.38296e-10
95.2,0.0004667472902,0.0004667475979,5.79654e-08,8.975866033e-06,8.975871575e-06,2.00314e-10
95.25,0.0004672143087,0.0004672146539,6.50214e-08,8.984847584e-06,8.984853874e-06,2.27338e-10
95.3,0.0004676767159,0.0004676770556,6.3971e-08,8.993740458e-06,8.993746686e-06,2.25099e-10
95.35,0.0004681345074,0.0004681348063,5.63084e-08,9.002544566e-06,9.002550071e-06,1.98958e-10
95.4,0.0004685876785,0.000468587909,4.34254e-08,9.011259823e-06,9.011264081e-06,1.5391e-10
95.45,0.0004690362248,0.0004690363661,2.66118e-08,9.019886142e-06,9.019888759e-06,9.45862e-11
95.5,0.000469480142,0.0004694801794,7.05478e-09,9.028423438e-06,9.028424137e-06,2.52498e-11
95.55,0.0004699194255,0.0004699193503,1.41605e-08,9.036871627e-06,9.036870238e-06,5.02019e-11
95.6,0.0004703540711,0.0004703538797,3.60513e-08,9.045230626e-06,9.045227078e-06,1.28238e-10
95.65,0.0004707840746,0.000470783768,5.77373e-08,9.053500352e-06,9.053494661e-06,2.05693e-10
95.7,0.0004712094316,0.0004712090151,7.84402e-08,9.061680724e-06,9.061672984e-06,2.7977e-10
95.75,0.0004716301379,0.0004716296204,9.74844e-08,9.069771662e-06,9.069762033e-06,3.48035e-10
95.8,0.0004720461896,0.0004720455827,1.14297e-07,9.077773085e-06,9.077761785e-06,4.08425e-10
95.85,0.0004724575823,0.0004724569005,1.28405e-07,9.085684915e-06,9.085672209e-06,4.59239e-10
95.9,0.0004728643121,0.0004728635718,1.39443e-07,9.093507074e-06,9.093493264e-06,4.99146e-10
95.95,0.0004732663751,0.0004732655938,1.47142e-07,9.101239485e-06,9.101224899e-06,5.2718e-10
96,0.0004736637671,0.0004736629636,1.51339e-07,9.108882071e-06,9.108867055e-06,5.42742e-10
96.05,0.0004740564844,0.0004740556775,1.51973e-07,9.116434759e-06,9.116419663e-06,5.45599e-10
96.1,0.000474444523,0.0004744437314,1.49085e-07,9.123897472e-06,9.123882646e-06,5.35886e-10
96.15,0.0004748278791,0.0004748271208,1.42818e-07,9.131270139e-06,9.131255915e-06,5.14105e-10
96.2,0.000475206549,0.0004752058407,1.33418e-07,9.138552687e-06,9.138539375e-06,4.81123e-10
96.25,0.000475580529,0.0004755798853,1.21234e-07,9.145745043e-06,9.14573292e-06,4.38176e-10
96.3,0.0004759498154,0.0004759492488,1.06716e-07,9.152847137e-06,9.152836434e-06,3.86866e-10
96.35,0.0004763144045,0.0004763139244,9.04182e-08,9.159858901e-06,9.159849794e-06,3.29161e-10
96.4,0.0004766742927,0.0004766739051,7.29961e-08,9.166780264e-06,9.166772865e-06,2.67398e-10
96.45,0.0004770294766,0.0004770291835,5.52083e-08,9.173611158e-06,9.173605506e-06,2.0428e-10
96.5,0.0004773799527,0.0004773797514,3.79156e-08,9.180351518e-06,9.180347565e-06,1.42878e-10
96.55,0.0004777257174,0.0004777256002,2.20816e-08,9.187001276e-06,9.186998879e-06,8.66276e-11
96.6,0.0004780667675,0.000478066721,8.77244e-09,9.193560368e-06,9.19355928e-06,3.93352e-11
96.65,0.0004784030996,0.0004784031041,8.43285e-10,9.200028729e-06,9.200028586e-06,5.17242e-12
96.7,0.0004787347104,0.0004787347396,5.4943e-09,9.206406296e-06,9.206406609e-06,1.13213e-11
96.75,0.0004790615948,0.0004790616168,4.14223e-09,9.212692972e-06,9.212693151e-06,6.47729e-12
96.8,0.0004793837496,0.0004793837248,4.65975e-09,9.218888693e-06,9.218888005e-06,2.48693e-11
96.85,0.000479701173,0.0004797010521,2.27696e-08,9.224993427e-06,9.224990954e-06,8.93894e-11
96.9,0.0004800138619,0.0004800135865,5.18638e-08,9.231007113e-06,9.231001771e-06,1.93072e-10
96.95,0.0004803218132,0.0004803213156,9.37211e-08,9.236929692e-06,9.236920222e-06,3.42275e-10
96.98886005,0.0004805578795,0.0004804265546,2.47342e-05,9.241469769e-06,1.119338819e-05,7.05494e-05
96.98886005,0.0004805578795,0.0004804265546,2.47342e-05,9.241469769e-06,1.119338819e-05,7.05494e-05
97,1.610428455e-05,1.619559248e-05,1.71972e-05,8.049795786e-06,8.095160624e-06,1.63965e-06
97.05,9.244405815e-06,9.263041655e-06,3.50994e-06,4.622209972e-06,4.631520817e-06,3.36528e-07
97.1,9.265568634e-06,9.268457225e-06,5.44047e-07,4.632784675e-06,4.634228627e-06,5.21897e-08
97.15,9.270414095e-06,9.273782003e-06,6.34323e-07,4.635207074e-06,4.636890991e-06,6.08629e-08
97.2,9.274433816e-06,9.279014907e-06,8.62818e-07,4.637216917e-06,4.639507454e-06,8.27884e-08
97.25,9.279077533e-06,9.28415639e-06,9.56569e-07,4.639538767e-06,4.642078195e-06,9.17842e-08
97.3,9.284189962e-06,9.289206197e-06,9.44775e-07,4.642094981e-06,4.644603098e-06,9.06525e-08
97.35,9.289215021e-06,9.294164331e-06,9.3217e-07,4.64460751e-06,4.647082166e-06,8.94431e-08
97.4,9.294181111e-06,9.299030777e-06,9.13403e-07,4.647090555e-06,4.649515388e-06,8.76423e-08
97.45,9.299407331e-06,9.303805498e-06,8.28366e-07,4.649703666e-06,4.651902749e-06,7.94829e-08
97.5,9.305051906e-06,9.30848844e-06,6.47249e-07,4.652525953e-06,4.65424422e-06,6.21044e-08
97.55,9.311018036e-06,9.313079528e-06,3.88268e-07,4.655509018e-06,4.656539764e-06,3.72549e-08
97.6,9.317305721e-06,9.317578666e-06,5.14075e-08,4.658652861e-06,4.658789333e-06,4.93261e-09
97.65,9.322971715e-06,9.321985743e-06,1.85701e-07,4.661485857e-06,4.660992871e-06,1.78183e-08
97.7,9.327998682e-06,9.326300623e-06,3.19818e-07,4.663999341e-06,4.663150312e-06,3.0687e-08
97.75,9.33274262e-06,9.330523155e-06,4.18022e-07,4.66637131e-06,4.665261579e-06,4.01097e-08
97.8,9.337203526e-06,9.334654262e-06,4.80137e-07,4.668601763e-06,4.667327132e-06,4.60698e-08
97.85,9.341381401e-06,9.33869316e-06,5.06313e-07,4.670690701e-06,4.669346581e-06,4.85814e-08
97.9,9.345276246e-06,9.342639738e-06,4.96569e-07,4.672638123e-06,4.671319869e-06,4.76465e-08
97.95,9.34888806e-06,9.346494003e-06,4.50905e-07,4.67444403e-06,4.673247001e-06,4.3265e-08
98,9.352216843e-06,9.350255959e-06,3.6932e-07,4.676108422e-06,4.675127979e-06,3.54368e-08
98.05,9.355833687e-06,9.353925608e-06,3.59374e-07,4.677916844e-06,4.676962803e-06,3.44825e-08
98.1,9.359480016e-06,9.357502946e-06,3.72368e-07,4.679740009e-06,4.678751473e-06,3.57293e-08
98.15,9.363012365e-06,9.360987968e-06,3.81282e-07,4.681506183e-06,4.680493984e-06,3.65846e-08
98.2,9.366430733e-06,9.364380663e-06,3.86117e-07,4.683215367e-06,4.682190331e-06,3.70485e-08
98.25,9.36973512e-06,9.367681017e-06,3.86877e-07,4.68486756e-06,4.683840509e-06,3.71214e-08
98.3,9.372925526e-06,9.370889014e-06,3.83564e-07,4.686462763e-06,4.685444507e-06,3.68035e-08
98.35,9.376001952e-06,9.374004631e-06,3.76182e-07,4.688000976e-06,4.687002316e-06,3.60952e-08
98.4,9.378964397e-06,9.377027844e-06,3.64737e-07,4.689482198e-06,4.688513922e-06,3.4997e-08
98.45,9.38189028e-06,9.379958625e-06,3.63815e-07,4.69094514e-06,4.689979313e-06,3.49085e-08
98.5,9.384731275e-06,9.382796941e-06,3.64319e-07,4.692365638e-06,4.691398471e-06,3.49569e-08
98.55,9.38747827e-06,9.385542758e-06,3.64541e-07,4.693739135e-06,4.692771379e-06,3.49782e-08
98.6,9.390131264e-06,9.388196034e-06,3.64488e-07,4.695065632e-06,4.694098018e-06,3.49731e-08
98.65,9.392690259e-06,9.390756728e-06,3.64168e-07,4.696345129e-06,4.695378365e-06,3.49424e-08
98.7,9.395155252e-06,9.393224793e-06,3.63589e-07,4.697577626e-06,4.696612397e-06,3.48869e-08
98.75,9.397526246e-06,9.395600177e-06,3.62762e-07,4.698763123e-06,4.697800089e-06,3.48076e-08
98.8,9.399803239e-06,9.397882828e-06,3.61697e-07,4.69990162e-06,4.698941414e-06,3.47053e-08
98.85,9.401992127e-06,9.400072687e-06,3.61514e-07,4.700996064e-06,4.700036344e-06,3.46878e-08
98.9,9.404088431e-06,9.402169693e-06,3.61382e-07,4.702044215e-06,4.701084847e-06,3.46751e-08
98.95,9.406092079e-06,9.40417378e-06,3.61299e-07,4.70304604e-06,4.70208689e-06,3.46671e-08
99,9.408003073e-06,9.406084881e-06,3.61279e-07,4.704001536e-06,4.703042441e-06,3.46652e-08
99.05,9.409821411e-06,9.407902923e-06,3.61335e-07,4.704910706e-06,4.703951461e-06,3.46706e-08
99.1,9.411547094e-06,9.409627829e-06,3.61481e-07,4.705773547e-06,4.704813914e-06,3.46846e-08
99.15,9.413180123e-06,9.41125952e-06,3.61733e-07,4.706590061e-06,4.70562976e-06,3.47088e-08
99.2,9.414718733e-06,9.412797913e-06,3.61774e-07,4.707359367e-06,4.706398956e-06,3.47127e-08
99.25,9.416142819e-06,9.414242921e-06,3.57833e-07,4.708071409e-06,4.70712146e-06,3.43346e-08
99.3,9.417465974e-06,9.415594452e-06,3.52489e-07,4.708732987e-06,4.707797225e-06,3.38218e-08
99.35,9.418687277e-06,9.416852412e-06,3.45585e-07,4.709343639e-06,4.708426206e-06,3.31594e-08
99.4,9.419805807e-06,9.418016704e-06,3.36966e-07,4.709902904e-06,4.709008352e-06,3.23324e-08
99.45,9.420820644e-06,9.41908962e-06,3.26027e-07,4.710410322e-06,4.70954481e-06,3.12828e-08
99.5,9.421730866e-06,9.420076874e-06,3.11518e-07,4.710865433e-06,4.710038437e-06,2.98906e-08
99.55,9.422535553e-06,9.42096695e-06,2.95436e-07,4.711267776e-06,4.710483475e-06,2.83475e-08
99.6,9.423233783e-06,9.421761753e-06,2.77247e-07,4.711616892e-06,4.710880876e-06,2.66023e-08
99.65,9.423824636e-06,9.422462761e-06,2.565e-07,4.711912318e-06,4.711231381e-06,2.46116e-08
99.7,9.424307191e-06,9.423071025e-06,2.32824e-07,4.712153595e-06,4.711535513e-06,2.23398e-08
99.75,9.424680526e-06,9.42358717e-06,2.05927e-07,4.712340263e-06,4.711793585e-06,1.97589e-08
99.8,9.424943722e-06,9.424011389e-06,1.75599e-07,4.712471861e-06,4.712005695e-06,1.68489e-08
99.85,9.425095856e-06,9.424343453e-06,1.4171e-07,4.712547928e-06,4.712171727e-06,1.35973e-08
99.9,9.425136009e-06,9.4245827e-06,1.04212e-07,4.712568005e-06,4.71229135e-06,9.9993e-09
99.95,9.425063259e-06,9.424728044e-06,6.31356e-08,4.71253163e-06,4.712364022e-06,6.05796e-09
100,9.424700331e-06,9.42477797e-06,1.46228e-08,4.712350171e-06,4.712388984e-06,1.40282e-09
100,9.424700331e-06,9.42477797e-06,1.46228e-08,4.712350171e-06,4.712388984e-06,1.40282e-09
