time,L.n.i,C2.v,C1.v,L.i
0,-0,0,4,0
0.05982600974,-2.2463192e-06,0.001351561054,3.998356933,2.2463192e-06
1.196173478,-0.0008935026444,0.02683056902,3.968295484,0.0008935026444
4.930582797,-0.01492840245,0.1079615163,3.884233389,0.01492840245
10.96162462,-0.07174606557,0.2303973649,3.791865346,0.07174606557
19.37020111,-0.2150061545,0.3827508271,3.738654976,0.2150061545
31.05066079,-0.5194363282,0.5570370797,3.775687365,0.5194363282
45.7819668,-1.035638102,0.7110635581,3.937937798,1.035638102
63.59693749,-1.772802151,0.7945574967,4.19662563,1.772802151
84.46591817,-2.650406812,0.7498705147,4.440377008,2.650406812
108.581623,-3.472818248,0.5278738151,4.482321018,3.472818248
135.7261272,-3.909070726,0.12520277,4.109342871,3.909070726
162.8706314,-3.680295866,-0.3306634511,3.313022504,3.680295866
190.0151356,-2.813794344,-0.7140615345,2.257194692,2.813794344
220.7188296,-1.329087012,-0.9261173479,1.073502974,1.329087012
223.7437601,-1.170407273,-0.9305787151,0.9714341198,1.170407273
226.1308355,-1.045052722,-0.931911707,0.8885831932,1.045052722
241.2090435,-0.2660935349,-0.9011199218,0.2760870344,0.2660935349
256.2872515,0.456361537,-0.8201297976,-0.4866175281,-0.456361537
263.8223652,0.7859149582,-0.7692791633,-0.9271531585,-0.7859149582
271.7763244,1.108211662,-0.7128137737,-1.390370073,-1.108211662
275.8734207,1.263671023,-0.6826862717,-1.599095514,-1.263671023
293.5775668,1.847776767,-0.5407961202,-2.285906858,-1.847776767
308.3080141,2.215456445,-0.4063635561,-2.626656238,-2.215456445
329.3783765,2.533018143,-0.1929203807,-2.816771273,-2.533018143
350.6611707,2.590237456,0.03086083667,-2.728781161,-2.590237456
373.1425614,2.373849869,0.2468052149,-2.423989193,-2.373849869
398.0058048,1.86509556,0.4220170716,-1.958962832,-1.86509556
425.8337147,1.107269013,0.4970738636,-1.451316985,-1.107269013
454.9675334,0.3309905267,0.4179457495,-1.118692688,-0.3309905267
484.1013521,-0.184613699,0.1990334199,-1.116568932,0.184613699
513.2351708,-0.2674213136,-0.09566141898,-1.467639447,0.2674213136
542.5150297,0.1284952691,-0.3782962367,-2.084716232,-0.1284952691
575.1783046,1.003195972,-0.569480497,-2.863244004,-1.003195972
607.8415795,2.022376122,-0.554555943,-3.451228135,-2.022376122
642.7237615,2.833087981,-0.3096260037,-3.606959352,-2.833087981
678.7716499,2.991065667,0.08833524104,-3.168944096,-2.991065667
714.8195383,2.357197169,0.4551151174,-2.300827122,-2.357197169
750.8674267,1.19322973,0.6174194728,-1.390385901,-1.19322973
769.0044863,0.5675434115,0.5898286965,-1.054575916,-0.5675434115
773.8585393,0.4094446981,0.5696284062,-0.9871071658,-0.4094446981
776.965638,0.3116603938,0.5539879193,-0.9462924122,-0.3116603938
795.31101,-0.1927720454,0.4252584479,-0.7280026082,0.1927720454
810.2438406,-0.4860633483,0.2867469075,-0.6174619574,0.4860633483
831.2424483,-0.6845563953,0.06546653324,-0.6544179171,0.6845563953
841.4314885,-0.6851007501,-0.04651367461,-0.7890268873,0.6851007501
849.6792749,-0.6390681237,-0.1378391378,-0.9707773572,0.6390681237
856.1175345,-0.574262363,-0.2092758237,-1.151039588,0.574262363
859.7743382,-0.5262494502,-0.2495562891,-1.257239349,0.5262494502
877.4977759,-0.1834457589,-0.4333242634,-1.797618742,0.1834457589
895.2212136,0.3187499964,-0.580111626,-2.353073809,-0.3187499964
914.9957371,1.007094409,-0.6757339222,-2.934441061,-1.007094409
938.4079544,1.875507164,-0.6737736823,-3.480426611,-1.875507164
964.0730044,2.705637918,-0.5239677611,-3.794045682,-2.705637918
992.8567197,3.248041171,-0.2099830814,-3.708857194,-3.248041171
1022.352884,3.205753438,0.1817293056,-3.165821336,-3.205753438
1051.849048,2.552357291,0.5243456024,-2.321396226,-2.552357291
1084.628414,1.34038042,0.7151186952,-1.345915888,-1.34038042
1098.143853,0.7906549613,0.7142824179,-1.019956706,-0.7906549613
1102.860072,0.6026526886,0.7023972766,-0.9187521076,-0.6026526886
1105.752998,0.4894521646,0.6922971361,-0.8541360813,-0.4894521646
1122.086727,-0.1036167489,0.6014992474,-0.4610023684,0.1036167489
1138.420457,-0.5880079244,0.4702659684,-0.0439392178,0.5880079244
1158.264564,-0.9966056622,0.290559438,0.4633519528,0.9966056622
1170.578706,-1.149218909,0.1842915556,0.7747509403,1.149218909
1178.43126,-1.209664092,0.1235010812,0.9750383669,1.209664092
1185.988898,-1.244021461,0.07207869426,1.153210602,1.244021461
1189.618355,-1.253144217,0.04989783145,1.224847485,1.253144217
1205.320536,-1.246777754,-0.02845786927,1.449593299,1.246777754
1217.324404,-1.202792909,-0.07026776741,1.55196766,1.202792909
1235.493957,-1.096567913,-0.1060730186,1.638562519,1.096567913
1254.740943,-0.9638070647,-0.1112207861,1.688573168,0.9638070647
1278.692095,-0.8187846636,-0.07814134144,1.749531825,0.8187846636
1307.251026,-0.7380245703,0.0006249519513,1.874087737,0.7380245703
1335.809957,-0.7985435108,0.09443099738,2.070363109,0.7985435108
1364.962016,-1.001793253,0.173459222,2.315349086,1.001793253
1397.111065,-1.327413258,0.2091808538,2.567017207,1.327413258
1430.813707,-1.660888756,0.1717773898,2.720500842,1.660888756
1468.353696,-1.861235398,0.05518340219,2.686282416,1.861235398
1505.893684,-1.778802436,-0.08634438952,2.448873332,1.778802436
1543.433672,-1.442679952,-0.1823920526,2.120592197,1.442679952
1582.675293,-0.9933883403,-0.1796498778,1.85679626,0.9933883403
1622.840671,-0.6803077133,-0.06506444767,1.823634257,0.6803077133
1663.00605,-0.7019248206,0.1021345626,2.060183235,0.7019248206
1703.171428,-1.062474271,0.2279691105,2.443289582,1.062474271
1744.18139,-1.580774878,0.2364084172,2.763336288,1.580774878
1785.995448,-1.952555472,0.1093946174,2.814917996,1.952555472
1827.809505,-1.928086328,-0.08246747952,2.543711061,1.928086328
1862.1466,-1.599380009,-0.2063822658,2.182153401,1.599380009
1901.529892,-1.052613686,-0.23649967,1.816158042,1.052613686
1940.913185,-0.6093237149,-0.127586679,1.697768437,0.6093237149
1980.296477,-0.5211601041,0.06657410749,1.90495496,0.5211601041
2019.679769,-0.8545399059,0.242148279,2.338395524,0.8545399059
2059.063061,-1.444639107,0.3005604374,2.768051124,1.444639107
2099.130203,-1.98250493,0.2006869048,2.954871021,1.98250493
2141.095721,-2.142568475,-0.02123522912,2.753382534,2.142568475
2183.061238,-1.773085108,-0.2312894375,2.252315063,1.773085108
2225.026756,-1.078627617,-0.2968356669,1.750950394,1.078627617
2266.992274,-0.4786986402,-0.1691323502,1.564383832,0.4786986402
2308.957791,-0.3552930017,0.08164853128,1.826310522,0.3552930017
2350.923309,-0.8108531497,0.3043160125,2.395525575,0.8108531497
2392.888827,-1.589286863,0.3574542767,2.930318562,1.589286863
2434.854345,-2.218202247,0.1988137789,3.092771437,2.218202247
2477.735604,-2.288677071,-0.0892403571,2.749457613,2.288677071
2520.616863,-1.706607623,-0.3236814044,2.089132334,1.706607623
2563.498122,-0.81842997,-0.3480823227,1.527402976,0.81842997
2606.379381,-0.1895828025,-0.1352473368,1.437480298,0.1895828025
2644.684602,-0.2029702135,0.1544479187,1.832946338,0.2029702135
2682.989823,-0.7883968466,0.3849679519,2.490026828,0.7883968466
2723.004117,-1.703272301,0.4288057367,3.093658578,1.703272301
2763.018412,-2.424723196,0.2380997426,3.268345019,2.424723196
2804.245936,-2.520829663,-0.09965459535,2.873821985,2.520829663
2845.473461,-1.872176012,-0.384418454,2.106521342,1.872176012
2886.700985,-0.8346162214,-0.4404882468,1.41344471,0.8346162214
2927.928509,-0.01850031934,-0.2220771868,1.219423722,0.01850031934
2959.902581,0.1257108646,0.06537304886,1.518004723,-0.1257108646
2991.876652,-0.2483852307,0.3459036881,2.116088007,0.2483852307
3028.266875,-1.146881854,0.5253382281,2.891334571,1.146881854
3064.657099,-2.152681904,0.4697560552,3.416148155,2.152681904
3102.690341,-2.804356412,0.1791541949,3.415649618,2.804356412
3140.723584,-2.697579591,-0.2099683077,2.831559041,2.697579591
3178.756827,-1.852072698,-0.4999068312,1.940070562,1.852072698
3218.092861,-0.6334696714,-0.531089621,1.172434121,0.6334696714
3234.311471,-0.1823608833,-0.4516727642,1.009933276,0.1823608833
3243.470784,0.03170652143,-0.3855714723,0.9661648339,-0.03170652143
3249.658583,0.1550645118,-0.3335845617,0.9545675172,-0.1550645118
3259.640699,0.3128225156,-0.2393712696,0.9771999861,-0.3128225156
3266.891126,0.3924955928,-0.1642758162,1.032323156,-0.3924955928
3271.46394,0.4266499079,-0.1146203717,1.080362442,-0.4266499079
3289.006387,0.4364356595,0.08474644944,1.347081546,-0.4364356595
3302.472072,0.3120893702,0.2369360751,1.627864338,-0.3120893702
3322.961946,-0.08062547488,0.4421654491,2.139562904,0.08062547488
3343.451821,-0.6683863235,0.5871822541,2.68568614,0.6683863235
3367.222865,-1.480793048,0.648960888,3.253682637,1.480793048
3393.18465,-2.342991722,0.569185582,3.66145913,2.342991722
3422.101126,-3.021188751,0.3189670514,3.731289763,3.021188751
3452.81407,-3.186755195,-0.05529045458,3.329592568,3.186755195
3483.527014,-2.70704271,-0.419246832,2.557139097,2.70704271
3515.103392,-1.689906658,-0.6512329238,1.64099395,1.689906658
3532.300217,-1.030640189,-0.682441548,1.206542632,1.030640189
3540.670265,-0.7103553258,-0.6703753773,1.031894497,0.7103553258
3543.792213,-0.5934238051,-0.6612880154,0.9737140564,0.5934238051
3545.428252,-0.532934457,-0.655555118,0.9430430446,0.532934457
3559.302432,-0.05022200226,-0.5831355622,0.6708947051,0.05022200226
3573.176613,0.3586212093,-0.4772665738,0.3958103154,-0.3586212093
3591.427711,0.7518078951,-0.3091013684,0.06846799587,-0.7518078951
3610.850272,0.9722782356,-0.122632416,-0.1947433651,-0.9722782356
3633.325683,0.9861710682,0.06856308206,-0.348709153,-0.9861710682
3656.524391,0.7838217987,0.2126845057,-0.3131370633,-0.7838217987
3681.754442,0.4059335745,0.2999821885,-0.03455577164,-0.4059335745
3708.123991,-0.0658144306,0.3328840265,0.5608329773,0.0658144306
3717.609887,-0.2417046204,0.3384140745,0.8705788626,0.2417046204
3722.633376,-0.3355773144,0.3416151949,1.058160978,0.3355773144
3725.428189,-0.3880709321,0.3436221613,1.161286297,0.3880709321
3741.046412,-0.6854094268,0.3546761609,1.667198058,0.6854094268
3756.664635,-0.986456926,0.3581629277,2.069931889,0.986456926
3777.240393,-1.37119233,0.3392933353,2.464183421,1.37119233
3799.939422,-1.741109219,0.2794315862,2.731959601,1.741109219
3826.399465,-2.035458615,0.1610754992,2.833468015,2.035458615
3854.383906,-2.123631967,0.001948940053,2.720811347,2.123631967
3882.368348,-1.962583029,-0.1532790801,2.442180899,1.962583029
3911.117139,-1.583977974,-0.2647024063,2.080904747,1.583977974
3943.001198,-1.045313261,-0.2915031463,1.731513537,1.045313261
3975.892995,-0.5605036532,-0.2005973351,1.567888178,0.5605036532
4009.19358,-0.3390701542,-0.01804446287,1.681846227,0.3390701542
4042.494165,-0.4886305132,0.1859535877,2.044584712,0.4886305132
4075.79475,-0.9646839518,0.3302259967,2.521509037,0.9646839518
4111.146252,-1.627509594,0.3512440591,2.944644163,1.627509594
4147.312931,-2.17425012,0.2174953628,3.091517737,2.17425012
4185.687819,-2.320198413,-0.03261374187,2.843953311,2.320198413
4224.062706,-1.926276852,-0.2688681059,2.293297434,1.926276852
4262.437593,-1.175194918,-0.3656084204,1.716482622,1.175194918
4301.518364,-0.4367972022,-0.2614240762,1.415973564,0.4367972022
4340.599136,-0.1283615485,-9.282185559e-05,1.581790085,0.1283615485
4379.679907,-0.4397983578,0.2827894705,2.145692902,0.4397983578
4418.760678,-1.230512476,0.433234046,2.817956692,1.230512476
4457.84145,-2.090414249,0.3623605491,3.235404734,2.090414249
4498.345014,-2.556369095,0.0865129416,3.144007266,2.556369095
4538.848579,-2.300324653,-0.2445754421,2.548622736,2.300324653
4579.352143,-1.436261687,-0.4392907323,1.773449196,1.436261687
4620.125536,-0.4351768147,-0.3751236566,1.262927474,0.4351768147
4660.898929,0.1102568912,-0.07505872966,1.339371727,-0.1102568912
4701.672322,-0.1474202263,0.2944189597,1.987077696,0.1474202263
4742.445715,-1.095684974,0.5171057979,2.849824827,1.095684974
4783.219108,-2.205628472,0.4531320143,3.425452632,2.205628472
4824.471772,-2.827731734,0.1212117946,3.352071695,2.827731734
4865.724437,-2.544532964,-0.2916747995,2.63109941,2.544532964
4906.977102,-1.481822845,-0.538570199,1.667795762,1.481822845
4948.229767,-0.2459331164,-0.4608000475,1.035595033,0.2459331164
4955.485962,-0.06879061373,-0.4126288636,0.994330313,0.06879061373
4962.742157,0.08631123705,-0.3557958976,0.9738097535,-0.08631123705
4973.075378,0.2630613563,-0.2622081893,0.9868797236,-0.2630613563
4982.122838,0.3700849773,-0.1702999844,1.047817916,-0.3700849773
4988.104444,0.4143703942,-0.1056576839,1.109114176,-0.4143703942
5006.722849,0.4097088235,0.1051208939,1.39668429,-0.4097088235
5020.259159,0.2701229986,0.2559546234,1.68301636,-0.2701229986
5041.646203,-0.1631935594,0.4627613205,2.219280713,0.1631935594
5063.033246,-0.7960894234,0.600186318,2.781040028,0.7960894234
5088.039627,-1.652841302,0.6403033904,3.345704032,1.652841302
5114.909453,-2.5039944,0.5260419339,3.700279645,2.5039944
5144.883843,-3.09984892,0.2380524208,3.670240188,3.09984892
5175.754891,-3.11615403,-0.144308197,3.168625279,3.11615403
5206.62594,-2.499428326,-0.4856921412,2.344664413,2.499428326
5239.829146,-1.350229687,-0.6710228198,1.412214885,1.350229687
5256.059531,-0.7307955304,-0.6657705361,1.05024827,0.7307955304
5267.555964,-0.3136655481,-0.6222140717,0.8367369391,0.3136655481
5276.54677,-0.01468292987,-0.568336326,0.6636235037,0.01468292987
5297.462768,0.5467243237,-0.3964801066,0.2761657254,-0.5467243237
5314.836237,0.8408189465,-0.2291179105,0.01493910582,-0.8408189465
5337.546151,0.9776866058,-0.01482963806,-0.1827898439,-0.9776866058
5360.349102,0.8632308275,0.1641304094,-0.1670087686,-0.8632308275
5384.81379,0.5292897577,0.2997673348,0.1412167308,-0.5292897577
5411.105919,0.0136458861,0.393060798,0.9026748311,-0.0136458861
5415.619542,-0.08650365253,0.4065993165,1.087794579,0.08650365253
5420.133165,-0.1897041717,0.4198903933,1.267553043,0.1897041717
5435.709787,-0.5669901619,0.4592095847,1.821143117,0.5669901619
5451.28641,-0.9666173306,0.4795650767,2.279050455,0.9666173306
5471.741465,-1.490410267,0.4642954233,2.737997009,1.490410267
5494.225716,-2.000236537,0.3849417262,3.047683682,2.000236537
5520.421161,-2.40700141,0.2182923135,3.141748806,2.40700141
5548.251067,-2.523025778,-0.01034966235,2.94756487,2.523025778
5576.080974,-2.282004252,-0.234613405,2.526346237,2.282004252
5605.010499,-1.719884352,-0.3974512059,1.985730925,1.719884352
5636.688389,-0.9336180756,-0.435299071,1.473291446,0.9336180756
5668.7064,-0.2373258843,-0.3072430612,1.232969962,0.2373258843
5700.724412,0.09713249324,-0.05344957642,1.374715431,-0.09713249324
5732.742423,-0.06949352761,0.2364458586,1.862455701,0.06949352761
5764.760434,-0.6953025779,0.4559355012,2.529182001,0.6953025779
5799.953255,-1.65375161,0.5167715141,3.181681687,1.65375161
5835.146077,-2.489751755,0.3563024515,3.46512721,2.489751755
5872.87235,-2.822389276,0.01085709098,3.201255093,2.822389276
5910.598622,-2.384416851,-0.3480811436,2.46025877,2.384416851
5948.324895,-1.363978189,-0.5373913419,1.599167557,1.363978189
5986.579965,-0.242880198,-0.4490490054,1.049492533,0.242880198
5999.289488,0.04466434673,-0.3586771644,0.9990699665,-0.04466434673
6006.749673,0.1796322061,-0.294222254,1.004548895,-0.1796322061
6014.209859,0.2857767219,-0.2228253321,1.036872347,-0.2857767219
6036.068748,0.4106245231,0.01257614386,1.277484501,-0.4106245231
6051.862526,0.3175337477,0.1894521961,1.569579083,-0.3175337477
6073.992138,-0.05970340001,0.4127663363,2.093050645,0.05970340001
6096.863372,-0.6907756831,0.5747057149,2.68562024,0.6907756831
6122.158465,-1.53668618,0.633620832,3.268355514,1.53668618
6149.802514,-2.417377987,0.5351368775,3.661268279,2.417377987
6180.100658,-3.047685932,0.2591862391,3.667645168,3.047685932
6211.692713,-3.102529301,-0.1242164431,3.187486391,3.102529301
6243.284768,-2.501516278,-0.4717538671,2.364602254,2.501516278
6276.650601,-1.370250763,-0.6597427781,1.4392529,1.370250763
6296.350243,-0.6322980801,-0.6476530502,1.015822653,0.6322980801
6301.329106,-0.4536761847,-0.6293310225,0.9289936809,0.4536761847
6304.607279,-0.339507115,-0.6141372922,0.8706102,0.339507115
6322.834782,0.2260751588,-0.4922783221,0.543949959,-0.2260751588
6337.503775,0.5713476829,-0.3618947751,0.3079299969,-0.5713476829
6358.586121,0.8636932989,-0.1543396554,0.07152761217,-0.8636932989
6379.668468,0.9116010257,0.04649037999,0.02060462563,-0.9116010257
6402.000065,0.7240480631,0.2287501012,0.2432343182,-0.7240480631
6427.486792,0.269076326,0.3950198737,0.9701638664,-0.269076326
6433.143455,0.1388964597,0.4281837758,1.202180939,-0.1388964597
6437.464974,0.03288417999,0.4526167868,1.373528049,-0.03288417999
6453.599582,-0.4077316502,0.5309735959,1.964513095,0.4077316502
6469.734191,-0.900300002,0.5781116343,2.474968197,0.900300002
6490.768747,-1.564364646,0.5763427279,2.999276385,1.564364646
6513.681643,-2.219177022,0.4845760422,3.352625892,2.219177022
6540.256445,-2.7446962,0.2741581944,3.440720634,2.7446962
6568.510011,-2.891652978,-0.02192288965,3.164137051,2.891652978
6596.763577,-2.567729197,-0.3136565212,2.597546441,2.567729197
6626.14639,-1.820974779,-0.52306627,1.881465961,1.820974779
6657.962924,-0.7985061425,-0.5650841389,1.220918751,0.7985061425
6672.726596,-0.3483037692,-0.5108328715,1.026558317,0.3483037692
6686.035051,0.001156818468,-0.4249301012,0.9196271498,-0.001156818468
6697.061102,0.2329883431,-0.3322421909,0.8723067298,-0.2329883431
6719.004649,0.49971236,-0.107904715,0.9737972233,-0.49971236
6727.842473,0.5250420705,-0.007520312705,1.108823513,-0.5250420705
6734.041759,0.5129949895,0.06456917692,1.2222909,-0.5129949895
6752.937195,0.3247583155,0.2808878605,1.646418245,-0.3247583155
6768.548238,0.008351964047,0.439824676,2.060013655,-0.008351964047
6789.795639,-0.6083433406,0.5989585088,2.651410146,0.6083433406
6811.199486,-1.356609989,0.6668417778,3.194826922,1.356609989
6836.729085,-2.246683743,0.6079324312,3.651033126,2.246683743
6864.148279,-2.972543466,0.3870816846,3.790813535,2.972543466
6894.462617,-3.259314754,0.01948683253,3.471542554,3.259314754
6924.776955,-2.897109178,-0.3628243731,2.745189071,2.897109178
6955.091293,-1.982907043,-0.6327273285,1.839967605,1.982907043
6988.049791,-0.69849927,-0.6900130563,0.9982929387,0.69849927
7014.120671,0.2187776485,-0.5485712201,0.4315932134,-0.2187776485
7046.85882,0.9432780742,-0.2552193293,-0.275920645,-0.9432780742
7079.596969,1.12548987,0.0118673815,-0.8474933867,-1.12548987
7088.579454,1.099240462,0.06346616209,-0.986524423,-1.099240462
7096.016088,1.060267952,0.09672638284,-1.090557832,-1.060267952
7099.790215,1.035774323,0.1103443714,-1.134474942,-1.035774323
7117.413598,0.8945235431,0.1467732009,-1.283126969,-0.8945235431
7135.036982,0.739654617,0.1430189004,-1.383108249,-0.739654617
7158.031309,0.5756463259,0.0895663032,-1.510300683,-0.5756463259
7183.857068,0.5078313221,-0.01344755289,-1.705908124,-0.5078313221
7209.682826,0.6019208701,-0.1308162845,-1.972967437,-0.6019208701
7237.503218,0.8763385914,-0.2357072499,-2.308089298,-0.8763385914
7267.706425,1.303115359,-0.2867182529,-2.647995364,-1.303115359
7299.709537,1.75804127,-0.2471210515,-2.875050471,-1.75804127
7334.741597,2.06786198,-0.1061442535,-2.875608448,-2.06786198
7369.773657,2.043321816,0.08028944932,-2.613648104,-2.043321816
7404.805718,1.681603649,0.2318216906,-2.196385941,-1.681603649
7441.636042,1.099507895,0.2788554944,-1.787131306,-1.099507895
7479.073403,0.5757659914,0.1812392363,-1.605884039,-0.5757659914
7516.510764,0.3862272573,-0.02046153193,-1.762841229,-0.3862272573
7553.948125,0.642050453,-0.229334095,-2.194651812,-0.642050453
7591.385487,1.234906425,-0.3403546422,-2.696330893,-1.234906425
7629.649378,1.893737168,-0.2901180234,-3.021609172,-1.893737168
7669.612194,2.270106111,-0.08249353645,-2.968101376,-2.270106111
7709.57501,2.10252526,0.1734377601,-2.525944666,-2.10252526
7749.537826,1.459862239,0.3336446723,-1.928818147,-1.459862239
7790.258193,0.6732203722,0.299117935,-1.50639479,-0.6732203722
7830.978559,0.2106816128,0.07586596037,-1.529476359,-0.2106816128
7871.698926,0.3630314786,-0.2132331455,-2.006925536,-0.3630314786
7912.419292,1.07102622,-0.4000199486,-2.678523597,-1.07102622
7953.139659,1.942815222,-0.3685131005,-3.15570896,-1.942815222
7994.530281,2.473006202,-0.1212211088,-3.140772672,-2.473006202
8035.920902,2.304372833,0.2031556723,-2.606436591,-2.304372833
8077.311524,1.504158705,0.4100360111,-1.853026318,-1.504158705
8118.959757,0.5243219908,0.3656298605,-1.328730358,-0.5243219908
8160.60799,-0.03402847975,0.08247940015,-1.374855556,0.03402847975
8202.256223,0.1968012646,-0.2763937153,-1.992383948,-0.1968012646
8243.904456,1.114716175,-0.4926171617,-2.828406238,-1.114716175
8285.552689,2.186733042,-0.4248658348,-3.376388218,-2.186733042
8327.54542,2.758030257,-0.09708711813,-3.278281506,-2.758030257
8369.53815,2.433301379,0.2987918836,-2.555318608,-2.433301379
8411.53088,1.370077972,0.5172075784,-1.629803128,-1.370077972
8453.52361,0.1988478945,0.4114414296,-1.073567359,-0.1988478945
8489.738282,-0.3304595556,0.09266309,-1.184648809,0.3304595556
8525.952953,-0.1187171269,-0.2918591835,-1.825114654,0.1187171269
8562.234459,0.7692665694,-0.5635242426,-2.717464488,-0.7692665694
8598.655831,1.947172117,-0.5871221043,-3.450711809,-1.947172117
8635.974446,2.877335255,-0.3298442852,-3.660683743,-2.877335255
8674.56276,3.043176712,0.111759703,-3.168794731,-3.043176712
8713.151074,2.277613516,0.5061521218,-2.185213416,-2.277613516
8751.739388,0.9454407892,0.6401499746,-1.212399474,-0.9454407892
8761.978389,0.5812331793,0.6171405696,-1.026216442,-0.5812331793
8769.109379,0.3401533146,0.5865126665,-0.9158738096,-0.3401533146
8772.866079,0.2191125677,0.5659456912,-0.857668826,-0.2191125677
8791.814571,-0.306542751,0.4249627729,-0.5837560078,0.306542751
8806.999734,-0.6008866138,0.2813307991,-0.4250631437,0.6008866138
8828.352747,-0.7942098571,0.06121883224,-0.3734040516,0.7942098571
8849.70576,-0.725164691,-0.1562573483,-0.6245154763,0.725164691
8860.176596,-0.5995804422,-0.258339204,-0.8989558252,0.5995804422
8865.776664,-0.5087028445,-0.3118707687,-1.092080218,0.5087028445
8869.200651,-0.4451637397,-0.3441715705,-1.213329874,0.4451637397
8886.372736,-0.04027898842,-0.4939843547,-1.814741949,0.04027898842
8903.544822,0.4862572215,-0.6075631748,-2.387730261,-0.4862572215
8923.810193,1.202684483,-0.6719942543,-2.983086292,-1.202684483
8947.016336,2.032179789,-0.6349958384,-3.484941875,-2.032179789
8973.004805,2.791346536,-0.4549763214,-3.732755432,-2.791346536
9001.760404,3.210345938,-0.1299004166,-3.568964282,-3.210345938
9030.629728,3.056834165,0.2399514226,-2.993851329,-3.056834165
9059.499053,2.357249921,0.5439747495,-2.17610992,-2.357249921
9091.804419,1.171374177,0.6917215674,-1.275189849,-1.171374177
9101.424885,0.7957044124,0.6854442473,-1.060360797,-0.7957044124
9105.454384,0.6412675784,0.6756544682,-0.981216219,-0.6412675784
9107.455179,0.5656732012,0.6692520033,-0.9422479056,-0.5656732012
9123.00754,0.01542073352,0.5889659837,-0.6204158299,-0.01542073352
9138.559901,-0.4409894066,0.4678468611,-0.2899470193,0.4409894066
9158.236433,-0.8452751619,0.2856087825,0.09531170759,0.8452751619
9178.76798,-1.047614442,0.09633244039,0.4199701789,1.047614442
9202.616931,-1.033088198,-0.08128734266,0.6803419562,1.033088198
9226.870516,-0.8279797695,-0.185087662,0.8471399428,0.8279797695
9240.492921,-0.6718358352,-0.2039490059,0.9283007126,0.6718358352
9250.565371,-0.5539870531,-0.1993275371,0.9996217161,0.5539870531
9256.730818,-0.485117675,-0.188888501,1.048158589,0.485117675
9261.458269,-0.43546088,-0.1772474215,1.085316285,0.43546088
9284.321333,-0.2583451845,-0.08413602706,1.286177941,0.2583451845
9301.439079,-0.2205854618,0.01313726446,1.479062633,0.2205854618
9323.569677,-0.3170672244,0.1502464379,1.790230369,0.3170672244
9346.519874,-0.5860244096,0.2776233276,2.164126849,0.5860244096
9373.130141,-1.059298081,0.3704634904,2.59864369,1.059298081
9401.087655,-1.625974796,0.3756623099,2.959063998,1.625974796
9431.946117,-2.150765708,0.2653513127,3.133049309,2.150765708
9465.151186,-2.397441021,0.04850093867,2.994525174,2.397441021
9498.356254,-2.209176505,-0.1896327796,2.56597791,2.209176505
9531.561323,-1.64406091,-0.3551166694,2.00897367,1.64406091
9567.183959,-0.8605905569,-0.3744086371,1.51693105,0.8605905569
9602.806596,-0.2375540126,-0.2156320691,1.358372019,0.2375540126
9638.429232,-0.06749179936,0.05631545066,1.620909277,0.06749179936
9674.051869,-0.4483358254,0.321855011,2.203000859,0.4483358254
9711.646835,-1.278693705,0.4611659664,2.884006607,1.278693705
9749.241801,-2.151866764,0.3806550596,3.29647718,2.151866764
9788.616773,-2.632806901,0.09544450968,3.201486087,2.632806901
9827.991745,-2.388794096,-0.2478441009,2.596951369,2.388794096
9867.366717,-1.520049228,-0.4611697033,1.794096515,1.520049228
9907.340592,-0.4649604338,-0.4168166711,1.224901742,0.4649604338
9947.314467,0.1721218132,-0.1224452896,1.239135078,-0.1721218132
9987.288342,0.005733176472,0.2658508551,1.857631376,-0.005733176472
10027.26222,-0.9087903573,0.5304565667,2.75634866,0.9087903573
10067.43266,-2.090413126,0.5128949638,3.4367562,2.090413126
10107.72017,-2.867701832,0.2061724999,3.489523941,2.867701832
10148.08418,-2.764049145,-0.2271608182,2.848158842,2.764049145
10181.66946,-1.99976054,-0.5059065289,2.02002374,1.99976054
10220.59859,-0.7377051128,-0.5727418413,1.178814357,0.7377051128
10231.7445,-0.3901819799,-0.5312448107,1.027299049,0.3901819799
10236.49071,-0.2523187355,-0.505671916,0.9785261388,0.2523187355
10239.06525,-0.1807156254,-0.4899443282,0.9540014236,0.1807156254
10256.61365,0.2337078982,-0.353357311,0.8310393491,-0.2337078982
10274.16206,0.4910112294,-0.1790932243,0.8425020843,-0.4910112294
10283.48141,0.5540655823,-0.07678031335,0.9331998373,-0.5540655823
10288.93789,0.565835649,-0.01467230399,1.0208316,-0.565835649
10291.85985,0.5643315486,0.01911457618,1.075286598,-0.5643315486
10305.10551,0.488473576,0.1735949395,1.358676066,-0.488473576
10318.35118,0.3015996126,0.322381105,1.692245115,-0.3015996126
10336.56395,-0.1188834258,0.4990372715,2.201295079,0.1188834258
10355.14024,-0.6990699213,0.6243675963,2.729399662,0.6990699213
10377.45038,-1.500739258,0.6773799336,3.289011138,1.500739258
10401.98306,-2.353946059,0.5994011463,3.700110014,2.353946059
10429.65678,-3.054783765,0.3571377391,3.797974263,3.054783765
10459.36618,-3.279526997,-0.01523442554,3.436224877,3.279526997
10489.07557,-2.871638185,-0.3909221778,2.691961553,2.871638185
10519.293,-1.920235367,-0.6523189979,1.776193378,1.920235367
10537.33607,-1.210602103,-0.7104667004,1.275895646,1.210602103
10549.08451,-0.7395612229,-0.7024004828,1.006180803,0.7395612229
10552.2105,-0.6167936329,-0.6940573285,0.9413848303,0.6167936329
10553.83018,-0.5539163573,-0.6887521839,0.9069352683,0.5539163573
10568.61241,-0.01333729321,-0.6132030939,0.5712314146,0.01333729321
10583.39464,0.4436483626,-0.5005501429,0.2164168669,-0.4436483626
10602.09713,0.868540926,-0.3316470227,-0.2270576315,-0.868540926
10621.33382,1.115940481,-0.1595317017,-0.6569805028,-1.115940481
10631.64816,1.175449099,-0.07882333192,-0.8784136563,-1.175449099
10637.81033,1.190017834,-0.03675091567,-1.010593389,-1.190017834
10641.13852,1.192139557,-0.01624562257,-1.077331731,-1.192139557
10655.12562,1.164525491,0.0534068456,-1.288561068,-1.164525491
10666.73528,1.10749853,0.09222410979,-1.400426589,-1.10749853
10684.31326,0.9877086661,0.1211444043,-1.50479917,-0.9877086661
10703.0747,0.8488111622,0.1168641783,-1.578202528,-0.8488111622
10726.71564,0.7091082094,0.06992192767,-1.67433371,-0.7091082094
10754.34623,0.6563232966,-0.02231797044,-1.841871156,-0.6563232966
10781.97682,0.756486543,-0.1243859972,-2.077944146,-0.756486543
10811.70465,1.019339346,-0.2085774172,-2.369289917,-1.019339346
10843.49237,1.396486122,-0.235948771,-2.642223455,-1.396486122
10877.36998,1.763288799,-0.1793034145,-2.790787702,-1.763288799
10914.47449,1.949617946,-0.03922065549,-2.717232906,-1.949617946
10951.57901,1.81496891,0.1184005572,-2.427385403,-1.81496891
10988.68352,1.41185709,0.2164485508,-2.056608927,-1.41185709
11027.48262,0.9078943054,0.2002283003,-1.778312577,-0.9078943054
11066.99274,0.581471029,0.06307856529,-1.767400672,-0.581471029
11106.50287,0.6337409069,-0.1251253418,-2.050312565,-0.6337409069
11146.013,1.05405458,-0.2615393451,-2.483174642,-1.05405458
11186.39139,1.637096087,-0.2656943032,-2.836058418,-1.637096087
11227.511,2.048896014,-0.1207847597,-2.887543334,-2.048896014
11268.6306,2.021076904,0.09481810003,-2.582585819,-2.021076904
11302.55992,1.654043818,0.2358068035,-2.175359064,-1.654043818
11341.60371,1.036348049,0.273523728,-1.756945799,-1.036348049
11380.6475,0.5256664262,0.1546386372,-1.611749222,-0.5256664262
11419.69129,0.4065587535,-0.0634060748,-1.832448949,-0.4065587535
11458.73508,0.7631720713,-0.2661368047,-2.316053937,-0.7631720713
11497.77887,1.423489028,-0.3419063169,-2.810755429,-1.423489028
11537.28436,2.046561527,-0.2409878963,-3.046935675,-2.046561527
11578.70283,2.272304673,0.003314428268,-2.854637466,-2.272304673
11620.1213,1.90562747,0.2483132996,-2.308500293,-1.90562747
11661.53977,1.140741963,0.3438881293,-1.725015652,-1.140741963
11702.95824,0.4259217681,0.2237646031,-1.459869322,-0.4259217681
11744.37671,0.201849639,-0.04954722844,-1.691965552,-0.201849639
11785.79518,0.6311379513,-0.3164299899,-2.304671917,-0.6311379513
11827.21365,1.484340583,-0.4129836678,-2.942076729,-1.484340583
11868.63212,2.260379839,-0.2712570707,-3.214795634,-2.260379839
11911.26491,2.474934405,0.04388244671,-2.9210818,-2.474934405
11953.8977,1.931169053,0.3368996641,-2.205224012,-1.931169053
11996.53049,0.9410859369,0.4168085926,-1.508542639,-0.9410859369
12039.16328,0.1223615875,0.2205367378,-1.283354789,-0.1223615875
12073.78219,-0.03208347698,-0.06906307842,-1.578714664,0.03208347698
12108.40111,0.3782321887,-0.3481280068,-2.19641359,-0.3782321887
12146.95497,1.305151619,-0.4998103012,-2.95147084,-1.305151619
12185.50882,2.266604429,-0.4005031528,-3.391380856,-2.266604429
12225.54066,2.755026967,-0.07702294458,-3.24965496,-2.755026967
12265.57249,2.424866106,0.2975325466,-2.551978147,-2.424866106
12305.60432,1.424926543,0.510690139,-1.671194259,-1.424926543
12345.7776,0.2924828016,0.4312462037,-1.102855558,-0.2924828016
12380.9255,-0.2907350342,0.1411875692,-1.143407412,0.2907350342
12416.07339,-0.1954341331,-0.2316838771,-1.698924618,0.1954341331
12451.22129,0.5654093641,-0.5245860008,-2.543942816,-0.5654093641
12487.43309,1.715621396,-0.601616241,-3.332163172,-1.715621396
12523.90824,2.720082608,-0.4029260772,-3.66476056,-2.720082608
12562.32149,3.078258645,0.013396077,-3.321262581,-3.078258645
12600.73475,2.503783986,0.4339454113,-2.416526491,-2.503783986
12639.148,1.256720353,0.6359810399,-1.4034063,-1.256720353
12656.10585,0.6488457848,0.6192017366,-1.063736574,-0.6488457848
12660.92387,0.4834043908,0.6019175255,-0.9880784022,-0.4834043908
12663.93179,0.3830153772,0.5884162717,-0.9428284208,-0.3830153772
12681.87618,-0.1511944458,0.4711112033,-0.6805513553,0.1511944458
12696.61306,-0.4815395134,0.3401085384,-0.5085011443,0.4815395134
12717.6514,-0.74654451,0.12621084,-0.4080078608,0.74654451
12738.68974,-0.7540116593,-0.09335775051,-0.5774691434,0.7540116593
12748.19354,-0.6743821334,-0.189965093,-0.7761558119,0.6743821334
12755.72167,-0.5759021975,-0.2651131663,-1.001997646,0.5759021975
12759.57188,-0.513660215,-0.303163229,-1.133883748,0.513660215
12779.00228,-0.08297686744,-0.481896964,-1.800155145,0.08297686744
12794.49555,0.3807358192,-0.5930269548,-2.315581815,-0.3807358192
12814.48394,1.080814853,-0.6724106324,-2.916552656,-1.080814853
12836.75374,1.892238188,-0.6574826337,-3.433182526,-1.892238188
12862.20998,2.688973941,-0.5040788024,-3.737750634,-2.688973941
12890.31156,3.195445638,-0.2013238588,-3.655433975,-3.195445638
12919.42736,3.152249611,0.175927934,-3.136297182,-3.152249611
12948.54316,2.528317528,0.5061632593,-2.328610052,-2.528317528
12981.05557,1.363302613,0.6942329659,-1.386185399,-1.363302613
12995.5071,0.7915316915,0.6940149114,-1.046665619,-0.7915316915
12999.68563,0.6294697642,0.6837058797,-0.9628247002,-0.6294697642
13002.18984,0.5338999505,0.675389314,-0.9118674354,-0.5338999505
13018.4595,-0.04370737041,0.5878290055,-0.5582703702,0.04370737041
13034.72917,-0.5153823348,0.4578964512,-0.1927694836,0.5153823348
13054.93055,-0.9150378008,0.2708736446,0.2336540306,0.9150378008
13075.94515,-1.1050804,0.08502516986,0.6164469725,1.1050804
13100.33433,-1.084274169,-0.07466689741,0.9944854873,1.084274169
13106.55038,-1.049082225,-0.1014406642,1.079117265,1.049082225
13110.90455,-1.01952075,-0.1166252911,1.128981979,1.01952075
13130.33519,-0.8576285808,-0.1510273722,1.286386042,0.8576285808
13145.64039,-0.7219453412,-0.143786605,1.37274447,0.7219453412
13168.82141,-0.5580668687,-0.08688452992,1.505065883,0.5580668687
13192.9789,-0.4957452552,0.01144409256,1.692245478,0.4957452552
13217.68271,-0.5808587722,0.1255426765,1.949494038,0.5808587722
13244.36196,-0.8362777394,0.2306461968,2.274438743,0.8362777394
13273.66137,-1.248214618,0.2890162498,2.616469206,1.248214618
13304.76215,-1.706098496,0.2622228622,2.863211818,1.706098496
13338.83985,-2.050543722,0.1348280004,2.903079173,2.050543722
13373.4872,-2.084623243,-0.05028155207,2.678115143,2.084623243
13408.13455,-1.773169932,-0.2142350438,2.274326434,1.773169932
13443.4338,-1.226033545,-0.2852798457,1.853841772,1.226033545
13480.30549,-0.6620853757,-0.2180622644,1.608020251,0.6620853757
13517.17718,-0.3781697629,-0.03307578,1.68641698,0.3781697629
13554.04887,-0.5261738848,0.1844579071,2.065591892,0.5261738848
13590.92056,-1.053388862,0.3294900067,2.573665021,1.053388862
13628.939,-1.738392974,0.3249927275,2.975716588,1.738392974
13667.86565,-2.227536482,0.1543580257,3.038866591,2.227536482
13707.32249,-2.22481853,-0.1031567426,2.692801674,2.22481853
13746.77934,-1.698254767,-0.3067256331,2.106835899,1.698254767
13786.51134,-0.9107637319,-0.3395630678,1.59380165,0.9107637319
13826.24334,-0.297112412,-0.1727968418,1.451310547,0.297112412
13865.97534,-0.2130863776,0.109071024,1.778277249,0.2130863776
13905.70733,-0.7323743655,0.3522423779,2.412880862,0.7323743655
13946.05877,-1.604605459,0.4164158274,3.018309808,1.604605459
13986.4102,-2.335289502,0.2504525416,3.231591872,2.335289502
14028.11869,-2.484089024,-0.07147567872,2.889627039,2.484089024
14069.82719,-1.896869115,-0.3557201414,2.159617467,1.896869115
14111.53568,-0.9001901067,-0.4237680974,1.474871915,0.9001901067
14153.24418,-0.09189045785,-0.2221341581,1.26306633,0.09189045785
14186.43166,0.06367712677,0.06140331654,1.549648637,-0.06367712677
14219.61914,-0.3131939342,0.3385036422,2.144796655,0.3131939342
14257.78073,-1.22900559,0.507093226,2.91585184,1.22900559
14295.94231,-2.218412147,0.4266606196,3.397660264,2.218412147
14335.52065,-2.773788418,0.1138462111,3.310085366,2.773788418
14375.09899,-2.521353276,-0.2692525056,2.647282825,2.521353276
14414.67733,-1.563149102,-0.5109472991,1.753190041,1.563149102
14454.72241,-0.3903407355,-0.4662252231,1.114362638,0.3903407355
14477.44492,0.1093389219,-0.3086146274,1.027518446,-0.1093389219
14505.89231,0.3745805706,-0.02306395178,1.251460277,-0.3745805706
14534.3397,0.159103712,0.2840585413,1.7906222,-0.159103712
14564.70493,-0.5460610576,0.5345736295,2.54577622,0.5460610576
14595.638,-1.544999482,0.6203510452,3.255582319,1.544999482
14628.434,-2.540048431,0.4857925943,3.668354194,2.540048431
14663.15442,-3.098889186,0.1400818356,3.538841544,3.098889186
14697.87485,-2.892141027,-0.2745284334,2.861105651,2.892141027
14732.59527,-1.976962878,-0.5803412758,1.906880514,1.976962878
14769.21326,-0.6536108194,-0.6342444237,1.0464543,0.6536108194
14773.63874,-0.4977115248,-0.6187873601,0.9733955714,0.4977115248
14778.06422,-0.3466498763,-0.5987842446,0.9009625043,0.3466498763
14798.16414,0.2519027614,-0.4610775667,0.5779193512,-0.2519027614
14813.32717,0.5788288429,-0.3223071876,0.3791292668,-0.5788288429
14835.50994,0.8277272892,-0.09824835505,0.2387227029,-0.8277272892
14857.69271,0.7993544926,0.120526301,0.3734436046,-0.7993544926
14869.67925,0.676047883,0.2300987666,0.6027784683,-0.676047883
14878.07096,0.5480737396,0.303080794,0.8452986631,-0.5480737396
14883.26124,0.4525180053,0.3470463553,1.033503289,-0.4525180053
14886.1155,0.3947513885,0.370903929,1.142444921,-0.3947513885
14902.22089,0.003041529056,0.4960782032,1.737399473,-0.003041529056
14918.32627,-0.4839933744,0.5922574928,2.289926478,0.4839933744
14937.90807,-1.155275106,0.6500135114,2.874958001,1.155275106
14960.29564,-1.931810219,0.6194774925,3.372787782,1.931810219
14985.63951,-2.665328566,0.4596717324,3.645725017,2.665328566
15013.76811,-3.106810144,0.1628083224,3.541461238,3.106810144
15042.51726,-3.022450394,-0.190785986,3.03403953,3.022450394
15071.26641,-2.407904364,-0.4928203542,2.272074179,2.407904364
15103.679,-1.294831974,-0.6580225016,1.392572572,1.294831974
15120.33086,-0.6748500022,-0.6462284821,1.040319146,0.6748500022
15124.70204,-0.5177747532,-0.6317322841,0.9651216661,0.5177747532
15127.27825,-0.4272599682,-0.6210568063,0.9207099193,0.4272599682
15144.71914,0.1286283582,-0.5134871061,0.6148812902,-0.1286283582
15159.22792,0.4909163624,-0.3895266768,0.3815221614,-0.4909163624
15179.90854,0.8141248699,-0.1873842372,0.1426991617,-0.8141248699
15200.58915,0.8994087061,0.01477247159,0.08061800534,-0.8994087061
15223.69582,0.7350429716,0.2145211743,0.3069462718,-0.7350429716
15234.6899,0.5733552451,0.2972191659,0.5557630193,-0.5733552451
15242.99537,0.419819687,0.355280509,0.8179171627,-0.419819687
15248.27653,0.3090088089,0.390818453,1.022476036,-0.3090088089
15251.34297,0.2401129618,0.4110955068,1.146940751,-0.2401129618
15266.53127,-0.1474933906,0.5034867363,1.728288822,0.1474933906
15281.71956,-0.5995258097,0.572180306,2.249068483,0.5995258097
15301.67872,-1.247702671,0.6084744085,2.8239104,1.247702671
15323.6461,-1.947686583,0.5633306104,3.275651659,1.947686583
15349.13386,-2.602251411,0.4002686599,3.511443133,2.602251411
15377.05491,-2.961380024,0.1205936716,3.389167344,2.961380024
15405.41914,-2.840509129,-0.1989906745,2.909763684,2.840509129
15433.78337,-2.254093013,-0.4644093708,2.215822581,2.254093013
15465.78172,-1.236193578,-0.6016859753,1.431704323,1.236193578
15483.18167,-0.6469792389,-0.5824024497,1.108272767,0.6469792389
15490.55348,-0.4112335275,-0.5536609812,1.006842805,0.4112335275
15494.62305,-0.2873685766,-0.5327667141,0.9587777317,0.2873685766
15496.51336,-0.2316418942,-0.5219143486,0.9369540036,0.2316418942
15512.44527,0.1820453271,-0.4056101862,0.7780773247,-0.1820453271
15528.37718,0.4729487715,-0.2558518805,0.7027254549,-0.4729487715
15548.33655,0.6318375969,-0.0416910994,0.8157908659,-0.6318375969
15555.86052,0.628289007,0.04309823287,0.9427817427,-0.628289007
15560.59836,0.607797709,0.09720068391,1.050383867,-0.607797709
15563.76854,0.5861604829,0.1335784658,1.127710936,-0.5861604829
15578.50253,0.4030348162,0.2998363715,1.519070883,-0.4030348162
15593.23653,0.09174681664,0.4505268767,1.948648172,-0.09174681664
15612.05581,-0.4599400085,0.5991478908,2.513079907,0.4599400085
15631.607,-1.151335641,0.6798862408,3.057609317,1.151335641
15655.3119,-2.020904109,0.657815374,3.564294651,2.020904109
15681.01748,-2.811494615,0.4866317725,3.81744621,2.811494615
15709.99371,-3.280548954,0.1554070725,3.660534219,3.280548954
15739.0213,-3.153892735,-0.2301666749,3.072783676,3.153892735
15768.0489,-2.44865484,-0.5535832403,2.22182899,2.44865484
15800.54133,-1.220045073,-0.7184936122,1.2703281,1.220045073
15809.70313,-0.8474394423,-0.7159864398,1.051883889,0.8474394423
15813.98199,-0.6759423666,-0.7070388761,0.9603859558,0.6759423666
15816.23301,-0.5869374193,-0.7003948757,0.9114475425,0.5869374193
15831.44725,-0.02015726657,-0.6251039081,0.5538672967,0.02015726657
15846.66149,0.4593389138,-0.5101701419,0.1701637024,-0.4593389138
15865.61017,0.8991600426,-0.3405589303,-0.3125999106,-0.8991600426
15885.80587,1.165612219,-0.164659324,-0.8186925369,-1.165612219
15892.78414,1.213253721,-0.1118467541,-0.9948381603,-1.213253721
15897.77384,1.235222606,-0.0778165711,-1.113039118,-1.235222606
15899.99856,1.242045216,-0.0636580704,-1.160021351,-1.242045216
15914.20665,1.248238108,0.0127684056,-1.389541691,-1.248238108
15928.41473,1.203377497,0.06654543981,-1.526996876,-1.203377497
15946.21582,1.101893073,0.1045844059,-1.620420217,-1.101893073
15966.73344,0.9603336157,0.1119011122,-1.678121408,-0.9603336157
15990.85392,0.8134479807,0.07864134832,-1.74195279,-0.8134479807
16020.26399,0.7320958965,-0.003479558317,-1.873887104,-0.7320958965
16049.67406,0.8021638783,-0.1007507073,-2.081449926,-0.8021638783
16079.60897,1.021965978,-0.1800812013,-2.33680127,-1.021965978
16112.40487,1.361750451,-0.2108153498,-2.590062091,-1.361750451
16146.75381,1.695586562,-0.1643533839,-2.731483662,-1.695586562
16184.87423,1.872420125,-0.03882981205,-2.671194679,-1.872420125
16222.99465,1.750922789,0.1042047677,-2.408436449,-1.750922789
16261.11507,1.380889525,0.1910481314,-2.072234398,-1.380889525
16300.7361,0.9286884742,0.1708066012,-1.830095638,-0.9286884742
16341.47719,0.6525290477,0.03979486071,-1.840892135,-0.6525290477
16382.21828,0.7389283368,-0.1310422254,-2.120895183,-0.7389283368
16422.95937,1.154963403,-0.2422767474,-2.517524426,-1.154963403
16464.2215,1.676190862,-0.2237094384,-2.803190485,-1.676190862
16507.01751,1.991410209,-0.07087986669,-2.786547477,-1.991410209
16549.81351,1.863586689,0.1258476668,-2.447263884,-1.863586689
16592.60952,1.352527677,0.240439779,-1.989547789,-1.352527677
16635.62691,0.7688049761,0.1930747526,-1.705176418,-0.7688049761
16678.64431,0.4951318899,0.005335671745,-1.793264627,-0.4951318899
16721.6617,0.7284664366,-0.2065738513,-2.215709323,-0.7284664366
16764.67909,1.34219291,-0.3042982135,-2.712023078,-1.34219291
16807.69648,1.952233131,-0.2173208926,-2.959087303,-1.952233131
16852.2141,2.153181623,0.01565006809,-2.767175441,-2.153181623
16896.73172,1.75567453,0.2392181772,-2.231338172,-1.75567453
16941.24934,1.006181755,0.2955689819,-1.709488387,-1.006181755
16985.76696,0.4124878087,0.1357802442,-1.569552933,-0.4124878087
17024.73345,0.3646018307,-0.1052672256,-1.863447766,-0.3646018307
17063.69994,0.8169223504,-0.3093784445,-2.40591244,-0.8169223504
17103.49009,1.562882726,-0.3626112703,-2.921487409,-1.562882726
17143.28025,2.189033274,-0.2218580153,-3.10621891,-2.189033274
17184.79141,2.326735077,0.0547404241,-2.818275409,-2.326735077
17226.30257,1.831397441,0.3020269832,-2.19243471,-1.831397441
17267.81372,0.9752243503,0.366278061,-1.596467754,-0.9752243503
17309.32488,0.2665767831,0.1984947894,-1.398747292,-0.2665767831
17350.83604,0.149259691,-0.1100297041,-1.74153776,-0.149259691
17392.3472,0.7260173658,-0.3766592125,-2.441753493,-0.7260173658
17434.02726,1.681565983,-0.4348090808,-3.088757998,-1.681565983
17475.70731,2.441724815,-0.2362244147,-3.27596455,-2.441724815
17518.11725,2.518977889,0.1153774219,-2.851688309,-2.518977889
17560.52719,1.810040055,0.4012285117,-2.047021866,-1.810040055
17602.93713,0.7280703712,0.4345367965,-1.357935454,-0.7280703712
17645.34707,-0.0527327815,0.1806115515,-1.232453545,0.0527327815
17677.73961,-0.1090344777,-0.1200385523,-1.601058499,0.1090344777
17710.13215,0.3635686845,-0.393175491,-2.247933174,-0.3635686845
17746.92694,1.333745673,-0.5386108397,-3.020403331,-1.333745673
17783.72172,2.325264387,-0.4358262231,-3.473572334,-2.325264387
17822.35994,2.863528966,-0.1047334463,-3.351355116,-2.863528966
17860.99816,2.582235259,0.2897726101,-2.656103158,-2.582235259
17899.63638,1.592874384,0.5392253823,-1.733073266,-1.592874384
17938.9209,0.3737351673,0.4996868213,-1.059713007,-0.3737351673
17950.04881,0.08296632127,0.4315601614,-0.9756383945,-0.08296632127
17961.17671,-0.1569843389,0.3426569306,-0.9351785755,0.1569843389
17972.22793,-0.3340702167,0.2381305279,-0.9527997717,0.3340702167
17979.22247,-0.4107938449,0.1653699717,-1.004454714,0.4107938449
17983.11053,-0.4408184482,0.1231031624,-1.04612422,0.4408184482
18001.46913,-0.4544836511,-0.08636528486,-1.329266989,0.4544836511
18015.22189,-0.3244872527,-0.2427166422,-1.621555362,0.3244872527
18036.1722,0.0869765106,-0.4528191308,-2.153555193,-0.0869765106
18057.12252,0.7009583002,-0.5985154109,-2.71779545,-0.7009583002
18081.29559,1.538154021,-0.6541780337,-3.293447175,-1.538154021
18107.64242,2.410931462,-0.5617784169,-3.691280686,-2.410931462
18136.92584,3.07122907,-0.295461737,-3.729286175,-3.07122907
18167.76901,3.187740981,0.08762693945,-3.286745478,-3.187740981
18198.61219,2.651306854,0.4494057705,-2.483508414,-2.651306854
18230.7923,1.571600995,0.6685050627,-1.547374699,-1.571600995
18247.07056,0.9393903852,0.6869436656,-1.146133641,-0.9393903852
18254.02487,0.6722004733,0.6739865893,-1.004309231,-0.6722004733
18257.04955,0.5584199905,0.6644792638,-0.9466940074,-0.5584199905
18258.36121,0.5096861292,0.6596554151,-0.921218195,-0.5096861292
18271.47783,0.04946576121,0.590669348,-0.6551505819,-0.04946576121
18284.71965,-0.3483679364,0.4906864434,-0.3811168172,0.3483679364
18302.24082,-0.7432076772,0.3312408955,-0.04295315592,0.7432076772
18321.00387,-0.9834486175,0.1525814568,0.2535573201,0.9834486175
18343.01306,-1.036343782,-0.03358827124,0.4844947454,1.036343782
18365.95911,-0.8825691573,-0.1722138027,0.5852368326,0.8825691573
18391.31979,-0.5664869355,-0.2436015948,0.5616004314,0.5664869355
18416.88627,-0.2122513189,-0.2330431681,0.4616389684,0.2122513189
18443.74681,0.08493078145,-0.1548370895,0.3732045481,-0.08493078145
18471.13075,0.2286540515,-0.0337012094,0.4246928923,-0.2286540515
18499.62548,0.1629418321,0.1143249069,0.8040089469,-0.1629418321
18506.3395,0.1126472267,0.1521158655,0.9687191949,-0.1126472267
18513.25669,0.0460710683,0.1925863713,1.161255262,-0.0460710683
18517.19312,0.001327801909,0.2160231921,1.269279572,-0.001327801909
18531.41252,-0.2015491517,0.2991316596,1.648355663,0.2015491517
18545.63193,-0.4644989959,0.3724108802,2.00882521,0.4644989959
18564.67825,-0.8894936005,0.4408493422,2.450322838,0.8894936005
18585.61494,-1.403842921,0.4617117865,2.851717767,1.403842921
18610.08668,-1.973396324,0.4036986727,3.159933648,1.973396324
18637.23872,-2.431191489,0.2443907419,3.248046803,2.431191489
18666.73971,-2.585821097,0.0009311448253,3.03062846,2.585821097
18696.2407,-2.329847988,-0.2447200401,2.557706323,2.329847988
18726.07467,-1.723609697,-0.4169983305,1.970275845,1.723609697
18758.787,-0.8780990444,-0.4503780166,1.424165688,0.8780990444
18791.49933,-0.1562038323,-0.3038777431,1.191123204,0.1562038323
18824.21166,0.156664671,-0.02719550693,1.37531776,-0.156664671
18856.92399,-0.07758977684,0.2775351964,1.922694509,0.07758977684
18891.99747,-0.8542942888,0.5026481249,2.686599606,0.8542942888
18927.13579,-1.858681378,0.5211460949,3.309709533,1.858681378
18963.6255,-2.672422195,0.3036230164,3.503526042,2.672422195
19001.49476,-2.849918337,-0.07630649289,3.101084386,2.849918337
19039.36402,-2.229609418,-0.4264457233,2.263228051,2.229609418
19077.23327,-1.093894624,-0.5648275514,1.401582717,1.093894624
19099.12896,-0.4183814425,-0.5102966397,1.072116739,0.4183814425
19107.02067,-0.2020824953,-0.4666931722,1.001589882,0.2020824953
19111.37795,-0.09211478598,-0.4376401728,0.9729981255,0.09211478598
19113.39587,-0.04376743524,-0.4230742831,0.9615093985,0.04376743524
19128.81213,0.2634453614,-0.2918580592,0.9252913674,-0.2634453614
19138.1422,0.3887779594,-0.1985196928,0.9645922065,-0.3887779594
19144.27892,0.4435508259,-0.132725725,1.023178274,-0.4435508259
19147.39274,0.4625572211,-0.09824453274,1.060795012,-0.4625572211
19164.55117,0.4571821572,0.0988086249,1.339928461,-0.4571821572
19177.7027,0.3262486791,0.2483832354,1.624645154,-0.3262486791
19198.17732,-0.07965633428,0.4540173808,2.14855152,0.07965633428
19218.65193,-0.6799633804,0.5980589279,2.703216018,0.6799633804
19242.39863,-1.503912828,0.6570194976,3.275973667,1.503912828
19268.3594,-2.373973955,0.5725272553,3.683145659,2.373973955
19297.27021,-3.051849762,0.3161565871,3.745160621,3.051849762
19327.9359,-3.207153918,-0.06325110491,3.330783717,3.207153918
19358.60159,-2.711675934,-0.4298445499,2.545570043,2.711675934
19390.26075,-1.672635179,-0.6618051449,1.616490275,1.672635179
19406.99965,-1.022383574,-0.6910480369,1.190061726,1.022383574
19415.19089,-0.7050774932,-0.67900884,1.017160568,0.7050774932
19419.76422,-0.5322931061,-0.6647688419,0.9288168971,0.5322931061
19422.0912,-0.4461450241,-0.6555607403,0.8825979586,0.4461450241
19437.59916,0.08497278528,-0.5653242353,0.5602252738,-0.08497278528
19453.10711,0.515920417,-0.4382574796,0.2372666128,-0.515920417
19472.82302,0.8855489164,-0.2527578789,-0.1305115654,-0.8855489164
19493.28367,1.050559348,-0.06590835473,-0.4253869103,-1.050559348
19517.04245,0.9999660523,0.1057537397,-0.6403211831,-0.9999660523
19541.6532,0.762152951,0.2052462949,-0.7460096002,-0.762152951
19567.78392,0.4347943713,0.2145222313,-0.8163854853,-0.4347943713
19582.00718,0.2736041113,0.1803380217,-0.8883883338,-0.2736041113
19591.14677,0.1890941071,0.145135781,-0.9667114642,-0.1890941071
19596.70451,0.1475849406,0.1189637802,-1.030547242,-0.1475849406
19600.40759,0.1247223855,0.09967014719,-1.075897758,-0.1247223855
19616.67304,0.07659288031,0.001367822487,-1.294969536,-0.07659288031
19632.93849,0.1238709331,-0.1092487484,-1.550871945,-0.1238709331
19653.05705,0.3192872375,-0.2433928716,-1.911678019,-0.3192872375
19675.78564,0.6998926036,-0.3641240351,-2.34470394,-0.6998926036
19700.83269,1.24466781,-0.4290615959,-2.784564098,-1.24466781
19728.29082,1.859168141,-0.3969412159,-3.124709595,-1.859168141
19758.45901,2.365816584,-0.2428095846,-3.230005924,-2.365816584
19790.68448,2.527730345,0.008063578678,-2.995914835,-2.527730345
19822.90996,2.227046702,0.2592202082,-2.483234474,-2.227046702
19855.13543,1.559407325,0.4163800559,-1.87643386,-1.559407325
19889.77209,0.7054798577,0.4098797192,-1.377002169,-0.7054798577
19924.40876,0.06681518177,0.2182913602,-1.253064015,-0.06681518177
19954.54211,-0.08617932984,-0.04199387679,-1.510180254,0.08617932984
19984.67546,0.2085729179,-0.303422167,-2.035498352,-0.2085729179
20020.20013,1.013245803,-0.4968888276,-2.773651302,-1.013245803
20055.72481,1.977930028,-0.4798296697,-3.325512212,-1.977930028
20092.84901,2.688861125,-0.2366585374,-3.423761204,-2.688861125
20130.66154,2.730436196,0.1339688175,-2.952785663,-2.730436196
20168.47406,2.031590994,0.4448305263,-2.120678703,-2.031590994
20206.6076,0.9072217385,0.5328124654,-1.333204627,-0.9072217385
20244.74113,-0.07201191141,0.3380587485,-1.010370258,0.07201191141
20282.87466,-0.3874081652,-0.05101937239,-1.342911281,0.3874081652
20321.00819,0.157310008,-0.4402549732,-2.188036658,-0.157310008
20359.75723,1.338996247,-0.6267532786,-3.141428834,-1.338996247
20398.50627,2.549362406,-0.4930078125,-3.683553509,-2.549362406
20438.46541,3.140570521,-0.08100878348,-3.484656248,-3.140570521
20478.42454,2.700650519,0.3885890925,-2.594468493,-2.700650519
20518.38368,1.430053423,0.650014496,-1.487890637,-1.430053423
20536.96875,0.7382114784,0.6487731646,-1.077417886,-0.7382114784
20542.07447,0.5539173601,0.6334630894,-0.9879353491,-0.5539173601
20545.30562,0.4402149895,0.620529152,-0.93321013,-0.4402149895
20563.64154,-0.1410481896,0.5068646129,-0.6174566269,0.1410481896
20578.37551,-0.502043543,0.3795110343,-0.3886482215,0.502043543
20599.58973,-0.8175206938,0.1703810262,-0.1653360638,0.8175206938
20620.80395,-0.8812928128,-0.0379924878,-0.1420609732,0.8812928128
20644.4499,-0.6793236337,-0.2437510585,-0.4539875011,0.6793236337
20654.17135,-0.5231143216,-0.3187888557,-0.7168933812,0.5231143216
20661.68634,-0.3760825959,-0.3739446797,-0.9865366044,0.3760825959
20666.71227,-0.2655141052,-0.4098598031,-1.187326367,0.2655141052
20669.18877,-0.2075234616,-0.4271601108,-1.284467754,0.2075234616
20684.35767,0.1944079603,-0.5229497983,-1.850041472,-0.1944079603
20696.87739,0.5766307548,-0.5820119424,-2.275160298,-0.5766307548
20715.83098,1.205021661,-0.6230174625,-2.829456568,-1.205021661
20735.82934,1.865856379,-0.5917960686,-3.265536358,-1.865856379
20760.04408,2.541634002,-0.4505400534,-3.54051318,-2.541634002
20786.51583,2.973946956,-0.1931744818,-3.491196542,-2.973946956
20814.53015,2.96478394,0.1317323904,-3.072254438,-2.96478394
20842.54448,2.469180873,0.4231913148,-2.398206434,-2.469180873
20873.79039,1.503236066,0.607533161,-1.582441942,-1.503236066
20892.56868,0.8422503193,0.616591303,-1.178641972,-0.8422503193
20901.6476,0.5324843562,0.5913578337,-1.028584851,-0.5324843562
20910.9209,0.2361510265,0.5464072598,-0.9007561587,-0.2361510265
20915.68632,0.09480645096,0.5165472434,-0.8372973412,-0.09480645096
20936.07405,-0.3983680942,0.3492234071,-0.6149591958,0.3983680942
20951.89888,-0.6310913288,0.1906241078,-0.5462673567,0.6310913288
20973.42054,-0.7113124846,-0.04034712838,-0.7006341236,0.7113124846
20982.39055,-0.6626718222,-0.1375655131,-0.8811892455,0.6626718222
20990.42786,-0.5783444614,-0.2245053696,-1.109612759,0.5783444614
20995.01217,-0.5131522364,-0.2736657287,-1.24960473,0.5131522364
21014.3408,-0.1087257134,-0.46599116,-1.861839116,0.1087257134
21030.03786,0.352677664,-0.5885417205,-2.362206062,-0.352677664
21049.90657,1.049583528,-0.6777073073,-2.948441344,-1.049583528
21072.24769,1.876163874,-0.6710664011,-3.467787339,-1.876163874
21097.6323,2.694042985,-0.5227392564,-3.780110616,-2.694042985
21125.75346,3.2295411,-0.2187537692,-3.706569151,-3.2295411
21154.9753,3.207256962,0.1671202498,-3.18469334,-3.207256962
21184.19714,2.584790725,0.5090736344,-2.360328998,-2.584790725
21216.54275,1.409761097,0.7077895153,-1.396649068,-1.409761097
21230.81848,0.8319861951,0.7120853471,-1.047247624,-0.8319861951
21234.83585,0.6718487369,0.7034091971,-0.9623380009,-0.6718487369
21237.25667,0.5766701877,0.6961381407,-0.9102636839,-0.5766701877
21253.15445,-0.00946933344,0.6154372879,-0.5403645279,0.00946933344
21269.05222,-0.4982107479,0.4926828031,-0.1456326961,0.4982107479
21288.65935,-0.9294340806,0.3154955672,0.3401911346,0.9294340806
21309.77105,-1.174368219,0.1340103785,0.8469552441,1.174368219
21316.29755,-1.208726821,0.08622568095,1.004450858,1.208726821
21321.31547,-1.223854284,0.05328552391,1.115954139,1.223854284
21338.04925,-1.216097972,-0.0336066531,1.37722225,1.216097972
21350.2563,-1.167753392,-0.07633764352,1.490090821,1.167753392
21369.08725,-1.051972819,-0.1111675645,1.589663514,1.051972819
21388.6795,-0.9142949959,-0.111601463,1.650637222,0.9142949959
21413.20771,-0.7715811543,-0.07019925869,1.729386284,0.7715811543
21442.18724,-0.7108082468,0.01759556287,1.879915893,0.7108082468
21471.16676,-0.8043147709,0.1160424508,2.102730818,0.8043147709
21501.66823,-1.053861764,0.1942903287,2.374821904,1.053861764
21534.40993,-1.410886251,0.2165271576,2.626968449,1.410886251
21569.12911,-1.746346305,0.1575507781,2.75265362,1.746346305
21607.14316,-1.895320761,0.02176021788,2.662013703,1.895320761
21645.1572,-1.734385932,-0.1230802822,2.373339928,1.734385932
21683.17124,-1.332971562,-0.2023289438,2.028600653,1.332971562
21722.68394,-0.8733832904,-0.1682916464,1.800513869,0.8733832904
21763.18178,-0.6206482447,-0.02508224615,1.841579615,0.6206482447
21803.67963,-0.7461391037,0.1495100575,2.149892684,0.7461391037
21844.17747,-1.195250557,0.2545771333,2.557976302,1.195250557
21885.18007,-1.726346623,0.2236820296,2.833031757,1.726346623
21927.95922,-2.023892145,0.05790826486,2.788546499,2.023892145
21970.73838,-1.856613461,-0.1439644602,2.418877201,1.856613461
22013.51753,-1.308831345,-0.2522282951,1.947749594,1.308831345
22056.44468,-0.7158179793,-0.1908040854,1.676649045,0.7158179793
22099.37183,-0.465836229,0.009697333286,1.795920953,0.465836229
22142.29898,-0.7412980623,0.225105858,2.248141251,0.7412980623
22185.22613,-1.389479793,0.3148310264,2.75428057,1.389479793
22228.15328,-2.004854799,0.2132634716,2.985007118,2.004854799
22272.48495,-2.177495272,-0.03159125803,2.760336537,2.177495272
22316.81662,-1.73793977,-0.2566949899,2.197396835,1.73793977
22361.1483,-0.9591690502,-0.3038412511,1.670417886,0.9591690502
22405.47997,-0.3660041584,-0.1302936688,1.549201172,0.3660041584
22444.61369,-0.3440054069,0.1219238281,1.873457959,0.3440054069
22483.74742,-0.8389487747,0.3282433723,2.444267057,0.8389487747
22523.98563,-1.625599488,0.3714101041,2.970617205,1.625599488
22564.22385,-2.255124876,0.2107311156,3.130706814,2.255124876
22605.81879,-2.346767183,-0.0806482022,2.795554845,2.346767183
22647.41374,-1.788142282,-0.3273324006,2.132819365,1.788142282
22689.00869,-0.8907825838,-0.3745810096,1.535059568,0.8907825838
22730.60363,-0.1916462296,-0.1828796916,1.374997319,0.1916462296
22767.07532,-0.09886841204,0.1008262471,1.699209088,0.09886841204
22803.54701,-0.5714319696,0.3567325589,2.323012798,0.5714319696
22842.30322,-1.464531157,0.4605515847,2.993902151,1.464531157
22881.05943,-2.304720622,0.3296647346,3.319334653,2.304720622
22921.56998,-2.634638435,0.007662225509,3.085163373,2.634638435
22962.08053,-2.189492694,-0.3256098004,2.374209599,2.189492694
23002.59109,-1.191701114,-0.4749765604,1.580030731,1.191701114
23043.10164,-0.1994705135,-0.3434483273,1.164884592,0.1994705135
23077.33416,0.1963180084,-0.05564582341,1.314071111,-0.1963180084
23111.56667,-0.01975807478,0.2747631664,1.884737588,0.01975807478
23147.17893,-0.8205573263,0.5152781848,2.683485557,0.8205573263
23183.10198,-1.878975385,0.5369897959,3.343030667,1.878975385
23220.01439,-2.724119606,0.3083278781,3.540632586,2.724119606
23258.33525,-2.89328993,-0.08954685087,3.109218056,2.89328993
23296.65612,-2.222785756,-0.4506130433,2.226840352,2.222785756
23334.97698,-1.026458685,-0.5825990477,1.337641245,1.026458685
23352.86989,-0.4550196787,-0.5371225752,1.058061146,0.4550196787
23358.91419,-0.2780729496,-0.5063936723,0.9937284613,0.2780729496
23362.82272,-0.1700313665,-0.4826625613,0.9578998741,0.1700313665
23382.61702,0.277871551,-0.3240569023,0.8398648205,-0.277871551
23398.29775,0.4883639402,-0.1653725887,0.8768007025,-0.4883639402
23406.23809,0.5392913509,-0.0777939359,0.9620310262,-0.5392913509
23411.03663,0.5509472621,-0.02311520674,1.039094465,-0.5509472621
23413.85364,0.5509407692,0.009461072101,1.089441328,-0.5509407692
23426.09612,0.4914042155,0.1524161713,1.340914015,-0.4914042155
23438.70349,0.3303887597,0.2954355241,1.64728531,-0.3303887597
23456.1107,-0.04441068161,0.4698205462,2.122553881,0.04441068161
23474.51879,-0.5950359895,0.6045239968,2.643846771,0.5950359895
23495.92875,-1.350920274,0.6733622906,3.195847351,1.350920274
23520.04684,-2.204138471,0.621724272,3.641472128,2.204138471
23547.01097,-2.947313072,0.4116046748,3.807124589,2.947313072
23576.50892,-3.277889503,0.05675259722,3.531685989,3.277889503
23606.00686,-2.989118265,-0.323642091,2.85200623,2.989118265
23635.5048,-2.150236979,-0.6101453152,1.969641364,2.150236979
23667.99101,-0.8876707915,-0.7060499138,1.0895591,0.8876707915
23672.77963,-0.6982800025,-0.6969208832,0.9889135198,0.6982800025
23676.61238,-0.549396636,-0.6852906598,0.9092594044,0.549396636
23695.33627,0.118424143,-0.582010185,0.4855801505,-0.118424143
23709.99105,0.5420087981,-0.4630803372,0.1394665161,-0.5420087981
23730.42813,0.9510020609,-0.2751298703,-0.3252122271,-0.9510020609
23751.32217,1.147341462,-0.09512385503,-0.7603059902,-1.147341462
23760.41237,1.171165771,-0.03002139767,-0.9409274552,-1.171165771
23765.53694,1.170933131,0.001720041986,-1.041074889,-1.170933131
23768.67297,1.166539991,0.01924867406,-1.096208767,-1.166539991
23780.37841,1.126353125,0.07247034147,-1.257044314,-1.126353125
23792.08386,1.05798024,0.1075533801,-1.364597489,-1.05798024
23808.44589,0.9368531421,0.1288504666,-1.461712179,-0.9368531421
23826.91393,0.7959123824,0.1187132698,-1.540712047,-0.7959123824
23849.93799,0.6623172382,0.06578454926,-1.647635911,-0.6623172382
23876.55784,0.6212665664,-0.02993725032,-1.8268276,-0.6212665664
23903.17769,0.7307832504,-0.1334210596,-2.071313942,-0.7307832504
23932.54411,1.008088533,-0.2203943992,-2.37648119,-1.008088533
23963.6815,1.398928049,-0.2485943342,-2.659499692,-1.398928049
23997.11854,1.783539799,-0.1907832777,-2.817652401,-1.783539799
24033.61844,1.985838151,-0.04666639825,-2.748501442,-1.985838151
24070.11833,1.860563337,0.1182453164,-2.45462664,-1.860563337
24106.61822,1.453627348,0.2259406225,-2.068735334,-1.453627348
24144.9567,0.9242175295,0.2187712372,-1.763207415,-0.9242175295
24183.81953,0.5582645637,0.08476463538,-1.724557986,-0.5582645637
24222.68236,0.5695619733,-0.110401309,-1.992381221,-0.5695619733
24261.54519,0.9702133572,-0.2638564759,-2.436327212,-0.9702133572
24301.60061,1.579683246,-0.2887601634,-2.832708918,-1.579683246
24341.94784,2.053262121,-0.1567935359,-2.938308543,-2.053262121
24383.54864,2.09734566,0.07076328388,-2.66019458,-2.09734566
24418.19218,1.745816079,0.2341035908,-2.232306311,-1.745816079
24456.47514,1.117379112,0.2947363341,-1.77684272,-1.117379112
24494.7581,0.5482598391,0.1945563904,-1.571814941,-0.5482598391
24533.04106,0.3410055467,-0.02131906974,-1.737103813,-0.3410055467
24571.32402,0.6219654132,-0.2446972913,-2.203259436,-0.6219654132
24609.60698,1.266374334,-0.3582921529,-2.739078945,-1.266374334
24648.37996,1.959521743,-0.2951474617,-3.067528562,-1.959521743
24688.88174,2.327067852,-0.06661367104,-2.980794673,-2.327067852
24729.38351,2.102342739,0.2030919112,-2.486171706,-2.102342739
24769.88529,1.387460376,0.3577006929,-1.853511406,-1.387460376
24810.84639,0.5696117998,0.29875168,-1.445164723,-0.5696117998
24851.80749,0.1403424046,0.04791250859,-1.524965065,-0.1403424046
24892.76859,0.3769868058,-0.25409793,-2.06989879,-0.3769868058
24933.7297,1.171486077,-0.4286929018,-2.776720379,-1.171486077
24974.6908,2.075588912,-0.3646333244,-3.229613286,-2.075588912
25016.48597,2.554903168,-0.08129500165,-3.136154603,-2.554903168
25058.28113,2.268272089,0.2574431519,-2.512317282,-2.268272089
25100.0763,1.354619045,0.4432164293,-1.719563395,-1.354619045
25141.87147,0.351117072,0.3522184264,-1.243490355,-0.351117072
25178.76883,-0.1080625994,0.07176193652,-1.345088606,0.1080625994
25215.66619,0.09571654727,-0.2646083528,-1.916403473,-0.09571654727
25252.56356,0.8928675717,-0.4945022953,-2.69877162,-0.8928675717
25291.0038,1.960224305,-0.4950419296,-3.335322285,-1.960224305
25329.44404,2.720999,-0.2413563424,-3.449193721,-2.720999
25369.0154,2.745140087,0.155366493,-2.932925421,-2.745140087
25408.58676,1.951713978,0.475341766,-2.032285073,-1.951713978
25448.17628,0.745404938,0.535116365,-1.233728327,-0.745404938
25465.67718,0.2507558513,0.4600995447,-1.039404936,-0.2507558513
25473.62366,0.05808380068,0.4071271324,-0.9953811576,-0.05808380068
25478.69143,-0.05111801828,0.3678836774,-0.9806770494,0.05111801828
25488.84225,-0.2329249558,0.2782849034,-0.9861107192,0.2329249558
25498.80911,-0.3577805531,0.1784826208,-1.046592702,0.3577805531
25504.29241,-0.4018084949,0.1197368232,-1.099775644,0.4018084949
25524.40004,-0.4038520913,-0.1070223979,-1.404158599,0.4038520913
25538.4104,-0.2561234877,-0.2624876969,-1.701179397,0.2561234877
25560.60934,0.2046412241,-0.4737383993,-2.259347026,-0.2046412241
25582.80829,0.873232057,-0.6081698293,-2.838114206,-0.873232057
25608.7388,1.762220066,-0.6335628278,-3.402104646,-1.762220066
25636.35711,2.60665237,-0.4951032049,-3.720194608,-2.60665237
25667.1036,3.140461592,-0.1815575454,-3.618941452,-3.140461592
25698.01656,3.055320058,0.2027667647,-3.054229707,-3.055320058
25728.92953,2.352722354,0.5257652801,-2.203687894,-2.352722354
25763.01752,1.131522037,0.6751236133,-1.276453317,-1.131522037
25773.09729,0.74848039,0.6651264136,-1.061649093,-0.74848039
25777.32697,0.5915262166,0.6532648554,-0.9836504683,-0.5915262166
25779.47616,0.513152431,0.6455384965,-0.9446903381,-0.513152431
25795.45999,-0.02708265819,0.5568090135,-0.6425468338,0.02708265819
25811.44382,-0.4633070252,0.4268446758,-0.3477514471,0.4633070252
25831.76726,-0.8277149035,0.2325409199,-0.04016507887,0.8277149035
25852.94108,-0.9672791646,0.0304604612,0.1419426347,0.9672791646
25876.64072,-0.8604245322,-0.1613529383,0.118530691,0.8604245322
25901.05702,-0.5261753601,-0.3045270505,-0.2188396472,0.5261753601
25912.30031,-0.3168378354,-0.3537371992,-0.5050577388,0.3168378354
25920.81776,-0.1402573046,-0.3863616019,-0.7884965501,0.1402573046
25926.93148,-0.004949677451,-0.408454488,-1.032125544,0.004949677451
25930.09229,0.06769416345,-0.4196725726,-1.162138918,-0.06769416345
25943.76447,0.4016403624,-0.4638767824,-1.67656821,-0.4016403624
25957.43665,0.7612203296,-0.494517442,-2.118573455,-0.7612203296
25975.985,1.265662179,-0.5026101106,-2.605060699,-1.265662179
25996.57091,1.797963087,-0.4566297697,-2.984466267,-1.797963087
26020.92418,2.301865246,-0.3272662596,-3.19900659,-2.301865246
26047.74369,2.591132489,-0.1137548697,-3.139116457,-2.591132489
26075.32696,2.526107622,0.1332972189,-2.799205271,-2.526107622
26102.91023,2.106775469,0.3440311092,-2.282994076,-2.106775469
26134.46202,1.33521894,0.4667545738,-1.668188268,-1.33521894
26166.32062,0.5061006535,0.4173228324,-1.244745812,-0.5061006535
26198.473,-0.07275672593,0.2032328086,-1.188373535,0.07275672593
26230.62538,-0.165390673,-0.1018848779,-1.542305107,0.165390673
26262.77776,0.2826123472,-0.3870786406,-2.191124658,-0.2826123472
26298.52477,1.231352013,-0.5507620015,-2.975473313,-1.231352013
26334.27179,2.247585883,-0.4751666907,-3.479838333,-2.247585883
26371.92308,2.88041422,-0.1650654831,-3.442078598,-2.88041422
26409.57437,2.730053324,0.2354953005,-2.816745045,-2.730053324
26447.22566,1.836598596,0.5264703601,-1.895315704,-1.836598596
26486.14574,0.5815198024,0.5499559416,-1.116249692,-0.5815198024
26495.52651,0.302439656,0.5070291128,-1.007419103,-0.302439656
26500.56213,0.1639097916,0.4767128727,-0.9626933633,-0.1639097916
26503.17501,0.09573610779,0.4591361078,-0.9415008926,-0.09573610779
26520.57986,-0.2807715984,0.315101027,-0.8552816206,0.2807715984
26537.98471,-0.4964484506,0.1366500673,-0.923561635,0.4964484506
26544.52646,-0.5305791732,0.06362588543,-1.007826449,0.5305791732
26548.78945,-0.5382922053,0.0147549051,-1.077663923,0.5382922053
26565.69827,-0.4535976129,-0.1822185826,-1.419889245,0.4535976129
26579.77641,-0.2455169084,-0.3385620293,-1.76939743,0.2455169084
26600.32074,0.2549705479,-0.5282851292,-2.337451998,-0.2549705479
26620.86506,0.9243579055,-0.6448853075,-2.902203878,-0.9243579055
26645.85601,1.82324094,-0.6596637411,-3.464676958,-1.82324094
26672.36518,2.666640183,-0.5163485412,-3.779634783,-2.666640183
26702.26209,3.216073904,-0.1986695096,-3.684511194,-3.216073904
26732.46787,3.153611988,0.1937842892,-3.123622667,-3.153611988
26762.67366,2.468901625,0.5310864947,-2.265194426,-2.468901625
26796.22548,1.232623396,0.7041867341,-1.297536544,-1.232623396
26806.02543,0.8417721942,0.7014324156,-1.068446701,-0.8417721942
26810.1509,0.679750234,0.6926512752,-0.9833545576,-0.679750234
26812.22093,0.5995139883,0.6865693744,-0.9410496059,-0.5995139883
26827.80381,0.03150671498,0.6093215327,-0.5986858489,-0.03150671498
26843.38669,-0.4444213157,0.4902491913,-0.2379026538,0.4444213157
26862.89035,-0.871578796,0.3124937508,0.1996227353,0.871578796
26883.01128,-1.10385854,0.1316214002,0.6081855036,1.10385854
26895.03993,-1.150429361,0.03872658801,0.8322158129,1.150429361
26903.0882,-1.149324924,-0.01335678349,0.9779317431,1.149324924
26913.32644,-1.117997255,-0.0657850965,1.140198239,1.117997255
26918.32917,-1.09300208,-0.08584088293,1.201627535,1.09300208
26936.72076,-0.9655404006,-0.1304548723,1.357296631,0.9655404006
26951.42136,-0.8457230746,-0.1362017106,1.436539108,0.8457230746
26973.43456,-0.6830904354,-0.1033140407,1.539564967,0.6830904354
26997.23736,-0.583132154,-0.02680578463,1.681742968,0.583132154
27023.26976,-0.6100006148,0.08016616481,1.90203766,0.6100006148
27049.30217,-0.7891402529,0.1812389905,2.177447886,0.7891402529
27079.19714,-1.139308963,0.2539344614,2.50351687,1.139308963
27110.16025,-1.558362924,0.2528920334,2.762132071,1.558362924
27144.18888,-1.919718941,0.1587139848,2.856821522,1.919718941
27179.99985,-2.026581867,-0.007353330533,2.700890379,2.026581867
27215.81082,-1.794993416,-0.1696127196,2.347005152,1.794993416
27251.6218,-1.317562386,-0.2529983457,1.951546126,1.317562386
27289.32503,-0.7810919029,-0.2101312838,1.68952478,0.7810919029
27327.27787,-0.4772332664,-0.04824777355,1.725138883,0.4772332664
27365.23072,-0.578269844,0.1545919676,2.056679558,0.578269844
27403.18356,-1.050965639,0.2952579107,2.526434414,1.050965639
27442.21284,-1.68452442,0.2957607107,2.904527235,1.68452442
27482.04411,-2.136434154,0.139084261,2.964166919,2.136434154
27522.24276,-2.125118658,-0.09740060354,2.641109474,2.125118658
27562.44142,-1.628086421,-0.2800310383,2.100742581,1.628086421
27602.8268,-0.9054531135,-0.3000768092,1.643454216,0.9054531135
27643.21218,-0.3691471992,-0.1365386293,1.542720306,0.3691471992
27683.59756,-0.3416441383,0.1243178287,1.875253496,0.3416441383
27723.98294,-0.8645436256,0.3350771489,2.468654745,0.8645436256
27765.03449,-1.673087867,0.3689428084,2.995606019,1.673087867
27806.08603,-2.290120784,0.1919385123,3.126417378,2.290120784
27847.999,-2.327770688,-0.106218258,2.750036512,2.327770688
27882.92003,-1.851458595,-0.3155638404,2.186278569,1.851458595
27921.76946,-1.018418069,-0.3849860623,1.59717495,1.018418069
27960.6189,-0.2905564835,-0.2404538982,1.356908359,0.2905564835
27999.46833,-0.06731094649,0.05004619531,1.612487701,0.06731094649
28038.31777,-0.4939839435,0.3361607991,2.249360274,0.4939839435
28077.85137,-1.387689343,0.4628215589,2.951163438,1.387689343
28117.38496,-2.268711758,0.3453665635,3.318886502,2.268711758
28158.39852,-2.642564099,0.02435159239,3.112208118,2.642564099
28199.41207,-2.220034958,-0.3180076626,2.402572235,2.220034958
28240.42563,-1.214631599,-0.4768935454,1.591126392,1.214631599
28281.43918,-0.2013101544,-0.3473895913,1.160708711,0.2013101544
28315.89753,0.202722766,-0.05719967973,1.30817736,-0.202722766
28350.35587,-0.01549863584,0.2768399333,1.884978068,0.01549863584
28386.16023,-0.8266679159,0.5187405387,2.691756842,0.8266679159
28422.19387,-1.89321022,0.5381685699,3.353087125,1.89321022
28459.23555,-2.738763993,0.3048492855,3.544703407,2.738763993
28497.61814,-2.896365824,-0.09650246958,3.10174667,2.896365824
28536.00074,-2.209485911,-0.4573872829,2.209856479,2.209485911
28574.38333,-1.001450977,-0.5848587043,1.319721574,1.001450977
28591.49613,-0.4531231619,-0.5399342733,1.053170507,0.4531231619
28597.17582,-0.285656789,-0.5112116023,0.9916789762,0.285656789
28600.77263,-0.1850271968,-0.4896869424,0.9574274211,0.1850271968
28620.12718,0.2637209634,-0.336981522,0.8296597474,-0.2637209634
28635.67037,0.4850046149,-0.1814703084,0.8479093715,-0.4850046149
28644.94588,0.5491768036,-0.07974563803,0.937672211,-0.5491768036
28650.24189,0.5617633435,-0.01950375932,1.021780107,-0.5617633435
28653.11184,0.5611132625,0.0136608092,1.074429511,-0.5611132625
28666.20511,0.4907465572,0.1664219839,1.350755333,-0.4907465572
28679.29837,0.3116654526,0.314005588,1.677053154,-0.3116654526
28697.37679,-0.09758961594,0.4911062243,2.17919039,0.09758961594
28715.97441,-0.672068901,0.6194669191,2.707546395,0.672068901
28738.09151,-1.463621354,0.6767299819,3.266427954,1.463621354
28762.5645,-2.318768552,0.6050876761,3.686973472,2.318768552
28790.09309,-3.03097616,0.3702007241,3.801360654,3.03097616
28819.79181,-3.280814885,0.001133769642,3.458933473,3.280814885
28849.49053,-2.898991277,-0.3763897767,2.727717805,2.898991277
28879.44756,-1.975679547,-0.6431435218,1.821502728,1.975679547
28900.36602,-1.155393656,-0.710687112,1.242744117,1.155393656
28908.92513,-0.8121110966,-0.7053257001,1.045488165,0.8121110966
28912.81499,-0.6585914281,-0.6964239747,0.9648584058,0.6585914281
28914.84432,-0.5795441781,-0.6902158107,0.9222312996,0.5795441781
28929.51782,-0.04035687717,-0.6173963362,0.5917116347,0.04035687717
28944.19132,0.4179674624,-0.5071294325,0.241447864,-0.4179674624
28962.79153,0.8485776961,-0.3397888368,-0.1977355098,-0.8485776961
28981.98348,1.104049938,-0.1668928061,-0.6237460819,-1.104049938
28992.68136,1.168938229,-0.08196725691,-0.8502728204,-1.168938229
29000.22658,1.186009914,-0.03025549921,-1.009471744,-1.186009914
29004.09126,1.186772371,-0.00687222639,-1.085015852,-1.186772371
29019.02292,1.148760526,0.06424385377,-1.299398866,-1.148760526
29031.14706,1.082685428,0.1010169815,-1.407704543,-1.082685428
29049.50028,0.9516545455,0.1243661265,-1.508720673,-0.9516545455
29068.93275,0.8090706235,0.1120247521,-1.584211026,-0.8090706235
29093.68228,0.6780569982,0.05349434783,-1.694950632,-0.6780569982
29121.12249,0.6558848496,-0.04403364803,-1.879365583,-0.6558848496
29148.56271,0.7878663476,-0.1446288684,-2.128131464,-0.7878663476
29179.44124,1.091131645,-0.2231113119,-2.434246843,-1.091131645
29211.46537,1.481434602,-0.2342983555,-2.691988758,-1.481434602
29246.22906,1.832726772,-0.1569445508,-2.80295683,-1.832726772
29283.33096,1.957143872,-0.004934623598,-2.67615704,-1.957143872
29320.43285,1.754183664,0.1482215752,-2.351414912,-1.754183664
29357.53474,1.309839503,0.2268498611,-1.981978051,-1.309839503
29396.29449,0.8153222408,0.1841819626,-1.744652191,-0.8153222408
29435.60534,0.5500786894,0.02876882402,-1.794600741,-0.5500786894
29474.9162,0.68017411,-0.1591060776,-2.123428353,-0.68017411
29514.22705,1.15281869,-0.2768833489,-2.562533988,-1.15281869
29554.25886,1.732109284,-0.254074404,-2.87711609,-1.732109284
29595.71701,2.08959405,-0.0861394167,-2.865446539,-2.08959405
29637.17516,1.972538477,0.1334701547,-2.50197107,-1.972538477
29678.63331,1.428346079,0.2725759225,-1.991728346,-1.428346079
29720.63602,0.7615576307,0.2399968846,-1.63809693,-0.7615576307
29762.63874,0.3905521597,0.04449320682,-1.678589629,-0.3905521597
29804.64145,0.5643633173,-0.1993656808,-2.108310889,-0.5643633173
29846.64417,1.202037014,-0.340579577,-2.677060916,-1.202037014
29888.64688,1.926352385,-0.2848794391,-3.034035117,-1.926352385
29931.76821,2.287367283,-0.04970056186,-2.934522212,-2.287367283
29974.88953,2.005283161,0.2203609167,-2.405254203,-2.005283161
30018.01085,1.232327579,0.3483823067,-1.773562256,-1.232327579
30061.13217,0.4538849456,0.241980376,-1.452162017,-0.4538849456
30104.25349,0.1850323963,-0.04098700845,-1.670497456,-0.1850323963
30147.37481,0.6311246594,-0.3226596074,-2.312996622,-0.6311246594
30190.49614,1.535209144,-0.4164851897,-2.977062915,-1.535209144
30233.61746,2.323321649,-0.2502606772,-3.224205939,-2.323321649
30277.36322,2.463533031,0.08492684867,-2.859389709,-2.463533031
30321.10897,1.810582659,0.3696414663,-2.089595355,-1.810582659
30364.85473,0.7655760526,0.4073891092,-1.416589998,-0.7655760526
30408.60049,0.01826213025,0.1590265315,-1.303617241,-0.01826213025
30435.96375,-0.04443923169,-0.07944187586,-1.58523678,0.04443923169
30463.32701,0.2544711222,-0.3086455752,-2.069877624,-0.2544711222
30497.81503,1.029986725,-0.4884445913,-2.772351397,-1.029986725
30532.30304,1.94904523,-0.4727741996,-3.298877954,-1.94904523
30568.67965,2.645504645,-0.2439913085,-3.407745901,-2.645504645
30605.90209,2.718507312,0.112087075,-2.974949928,-2.718507312
30643.12454,2.080725778,0.4206791753,-2.182253628,-2.080725778
30680.48621,1.013289129,0.5255635631,-1.406085712,-1.013289129
30717.84789,0.03374430675,0.3631825385,-1.039764677,-0.03374430675
30755.20956,-0.3617041526,0.00272786633,-1.286331991,0.3617041526
30792.57124,0.05269670447,-0.3838875927,-2.050322115,-0.05269670447
30830.76568,1.133614384,-0.6054943618,-2.990646469,-1.133614384
30868.96012,2.346057552,-0.5285799254,-3.610024574,-2.346057552
30908.24869,3.068766054,-0.1667377795,-3.556551574,-3.068766054
30947.53726,2.840047551,0.2961792924,-2.801113554,-2.840047551
30986.82582,1.740107052,0.6087919587,-1.727729395,-1.740107052
31007.2515,0.9994373165,0.6457898625,-1.237021619,-0.9994373165
31017.26484,0.6385551546,0.627148632,-1.04697678,-0.6385551546
31021.91189,0.4769114077,0.6102951144,-0.9722690941,-0.4769114077
31024.29648,0.3960261736,0.599702099,-0.9345262804,-0.3960261736
31040.9397,-0.1151771245,0.4943195113,-0.6734541759,0.1151771245
31057.58291,-0.503471028,0.3485658512,-0.4536259145,0.503471028
31078.69345,-0.7794036227,0.1359161496,-0.312135921,0.7794036227
31100.37191,-0.7970695002,-0.08469125404,-0.4245114293,0.7970695002
31113.0919,-0.6868484758,-0.2075284383,-0.6596925171,0.6868484758
31121.80997,-0.5628417398,-0.2884474881,-0.9127902792,0.5628417398
31126.33381,-0.4835160549,-0.3296353276,-1.075475223,0.4835160549
31129.59268,-0.4201539855,-0.3589358042,-1.194763533,0.4201539855
31144.28717,-0.0728902173,-0.4825432408,-1.722812749,0.0728902173
31158.98166,0.3622846902,-0.5819677342,-2.225947602,-0.3622846902
31176.7191,0.9679180918,-0.6537676517,-2.774945796,-0.9679180918
31197.7079,1.72044242,-0.6544610219,-3.294026125,-1.72044242
31221.4791,2.486576785,-0.5387056191,-3.642851888,-2.486576785
31248.31401,3.059561028,-0.2815904503,-3.67007703,-3.059561028
31276.89775,3.16745317,0.07290862319,-3.276931679,-3.16745317
31305.48149,2.714428648,0.4115053546,-2.562807379,-2.714428648
31335.86558,1.7518406,0.641987921,-1.68575531,-1.7518406
31353.59827,1.076394222,0.6807784032,-1.233039352,-1.076394222
31362.58987,0.7325167322,0.6699644778,-1.043223169,-0.7325167322
31366.38705,0.5905126324,0.6591936933,-0.9724447606,-0.5905126324
31368.45952,0.5142358297,0.6518025707,-0.9337200295,-0.5142358297
31383.22399,0.006660950382,0.572075505,-0.6449720729,-0.006660950382
31397.98847,-0.414740331,0.4559905211,-0.356168004,0.414740331
31417.12907,-0.7977896997,0.2769843468,-0.02649279112,0.7977896997
31437.26513,-0.9866094797,0.08535185795,0.2199608307,0.9866094797
31460.3828,-0.9538911106,-0.1036385149,0.3333119804,0.9538911106
31484.26282,-0.7044814377,-0.2404437119,0.2329364191,0.7044814377
31509.93505,-0.2890015823,-0.3189715053,-0.1467591039,0.2890015823
31537.1392,0.2230831027,-0.3536060053,-0.9284342574,-0.2230831027
31541.54053,0.309294245,-0.3582517901,-1.09905605,-0.309294245
31544.98256,0.3773426274,-0.3620564014,-1.226615078,-0.3773426274
31561.8505,0.7184078088,-0.3783115139,-1.770876389,-0.7184078088
31578.71843,1.065389676,-0.3814907758,-2.197941969,-1.065389676
31600.51451,1.494800818,-0.3529419596,-2.59482193,-1.494800818
31624.38257,1.887082521,-0.2728449799,-2.837330473,-1.887082521
31651.85053,2.159038421,-0.126967067,-2.878182483,-2.159038421
31680.07039,2.176587748,0.05089914214,-2.690653458,-2.176587748
31708.29026,1.925218645,0.2109985487,-2.347542274,-1.925218645
31738.97774,1.428830869,0.3127858483,-1.927155551,-1.428830869
31771.43781,0.8307528697,0.3004328378,-1.593253406,-0.8307528697
31804.95025,0.3712924266,0.1599318334,-1.510302372,-0.3712924266
31838.4627,0.2641726085,-0.05833558347,-1.739739327,-0.2641726085
31871.97515,0.568048938,-0.26863905,-2.202655428,-0.568048938
31907.12044,1.210286573,-0.3871952435,-2.744101495,-1.210286573
31942.68515,1.921976324,-0.3438772354,-3.11024345,-1.921976324
31980.40835,2.388339406,-0.1338353251,-3.107167426,-2.388339406
32018.13154,2.312641675,0.146304278,-2.687388464,-2.312641675
32055.85473,1.70826418,0.3564353189,-2.046300887,-1.70826418
32095.16139,0.825108806,0.3822653481,-1.485656085,-0.825108806
32134.46805,0.1546472775,0.1885982617,-1.345306663,-0.1546472775
32169.43942,0.05251546716,-0.09203951898,-1.659842956,-0.05251546716
32204.41079,0.4913373985,-0.3512732373,-2.267997606,-0.4913373985
32242.52617,1.38060844,-0.4752487691,-2.963567629,-1.38060844
32280.64155,2.262926445,-0.3653120156,-3.342118801,-2.262926445
32320.5344,2.679798164,-0.05153907969,-3.170754078,-2.679798164
32360.42725,2.322976301,0.298005785,-2.490648964,-2.322976301
32400.3201,1.357573204,0.48577851,-1.664392933,-1.357573204
32440.36193,0.300600614,0.3958319547,-1.155060827,-0.300600614
32475.55808,-0.2194729899,0.1126922659,-1.223973308,0.2194729899
32510.75424,-0.08831289935,-0.240414148,-1.774414636,0.08831289935
32545.9504,0.6637981128,-0.508548692,-2.581102192,-0.6637981128
32582.51804,1.768938122,-0.5652756711,-3.315315683,-1.768938122
32619.20175,2.693908367,-0.3589032822,-3.590284366,-2.693908367
32657.87035,2.970749609,0.04550908468,-3.214265225,-2.970749609
32696.53896,2.356644018,0.4362674211,-2.32576872,-2.356644018
32735.20756,1.138556016,0.6028980833,-1.377266472,-1.138556016
32753.17836,0.5366663738,0.5698081979,-1.062978729,-0.5366663738
32758.88554,0.3580961996,0.5442449654,-0.9906489621,-0.3580961996
32762.49169,0.2502294454,0.5245494919,-0.9490681935,-0.2502294454
32781.90403,-0.2423981703,0.3793417141,-0.7656149094,0.2423981703
32797.16081,-0.4988507112,0.2316464908,-0.7155254812,0.4988507112
32818.34847,-0.6289028729,0.0005745551293,-0.8902814587,0.6289028729
32823.95415,-0.6167230534,-0.06332510466,-1.002613976,0.6167230534
32828.14745,-0.5945866823,-0.1115959287,-1.100732222,0.5945866823
32845.52845,-0.3847385159,-0.3085473698,-1.555357415,0.3847385159
32862.90946,0.002394429803,-0.482406134,-2.062781955,-0.002394429803
32883.90408,0.6551639506,-0.6312734334,-2.685154053,-0.6551639506
32906.10244,1.463949574,-0.6876866467,-3.264491632,-1.463949574
32931.85367,2.373531505,-0.6058272691,-3.711602356,-2.373531505
32959.82491,3.085278879,-0.3551580201,-3.808936083,-3.085278879
32990.22221,3.298251897,0.03259898561,-3.421937642,-3.298251897
33020.61951,2.841937168,0.4179922961,-2.636983649,-2.841937168
33051.58377,1.823307996,0.674535971,-1.688221286,-1.823307996
33068.29223,1.153027115,0.7202058073,-1.228208524,-1.153027115
33076.4413,0.8217785673,0.7154684938,-1.037351258,-0.8217785673
33079.55361,0.6969577608,0.7089146917,-0.9710724723,-0.6969577608
33081.27309,0.6286656475,0.7041916058,-0.9339671835,-0.6286656475
33094.5968,0.1238541909,0.6439024218,-0.6247731488,-0.1238541909
33107.92051,-0.3188568615,0.5503950851,-0.2914226585,0.3188568615
33124.9981,-0.7658980079,0.4025349028,0.1459647426,0.7658980079
33143.01012,-1.07495217,0.2397517345,0.6021343558,1.07495217
33153.00136,-1.176768832,0.1568065336,0.8536845449,1.176768832
33159.22945,-1.217659665,0.1103006707,1.01261367,1.217659665
33162.78484,-1.233987042,0.08594674701,1.097665166,1.233987042
33178.114,-1.254704075,-0.001386698793,1.368927068,1.254704075
33190.57571,-1.224245231,-0.05273454746,1.503144469,1.224245231
33207.40384,-1.138478928,-0.09638402522,1.606946751,1.138478928
33226.45134,-1.010473605,-0.1131911259,1.667869144,1.010473605
33249.27058,-0.8603315014,-0.09386772686,1.722505871,0.8603315014
33276.38238,-0.7482637618,-0.0290853755,1.821588412,0.7482637618
33304.71795,-0.7588716575,0.06276151531,1.994390529,0.7588716575
33333.05352,-0.9121139575,0.1491020989,2.22380777,0.9121139575
33364.88694,-1.210710251,0.2052966733,2.489584387,1.210710251
33397.85029,-1.556177208,0.1940391165,2.686562856,1.556177208
33434.25322,-1.823867764,0.1015040571,2.72535803,1.823867764
33470.73727,-1.845753688,-0.03591134833,2.555929584,1.845753688
33507.22132,-1.599975434,-0.1544193064,2.251579532,1.599975434
33543.77793,-1.191742639,-0.1963918372,1.952499353,1.191742639
33582.30602,-0.7947774129,-0.1321361948,1.802082432,0.7947774129
33621.41454,-0.6413251048,0.01672268032,1.909826574,0.6413251048
33660.52306,-0.8346006196,0.1724682656,2.233302427,0.8346006196
33699.63158,-1.28538516,0.2499573695,2.6054921,1.28538516
33739.6715,-1.768087132,0.2002443307,2.826547469,1.768087132
33782.01181,-1.999895319,0.03151640535,2.738950418,1.999895319
33824.35213,-1.787983229,-0.1559679809,2.361938265,1.787983229
33866.69244,-1.244446795,-0.2433377041,1.921287367,1.244446795
33909.29279,-0.6967297275,-0.1685378617,1.695060998,0.6967297275
33951.89313,-0.501602359,0.02964932741,1.843914413,0.501602359
33994.49348,-0.8039769991,0.2295706345,2.29145136,0.8039769991
34037.09383,-1.434644767,0.3020005724,2.764023752,1.434644767
34079.69418,-2.003070936,0.1933283122,2.957279557,2.003070936
34123.77856,-2.13277287,-0.04427148567,2.716734374,2.13277287
34167.86293,-1.685343563,-0.2532407648,2.170685363,1.685343563
34211.94731,-0.9380668381,-0.2876998253,1.679437687,0.9380668381
34256.03169,-0.3905197464,-0.114268247,1.585240523,0.3905197464
34295.52796,-0.3961656094,0.130994697,1.916663039,0.3961656094
34335.02424,-0.900219233,0.3240174044,2.475113547,0.900219233
34375.51711,-1.663616635,0.3524797522,2.967943284,1.663616635
34416.00998,-2.244263987,0.1849636406,3.089770832,2.244263987
34457.55441,-2.285068358,-0.09730059619,2.736526659,2.285068358
34499.09884,-1.712533158,-0.3242534293,2.09189707,1.712533158
34540.64327,-0.8479124169,-0.3531273686,1.538217631,0.8479124169
34582.1877,-0.2091230239,-0.1558864161,1.421514033,0.2091230239
34619.02121,-0.1656312629,0.1219501244,1.767234911,0.1656312629
34655.85473,-0.6680702139,0.3607395941,2.38594034,0.6680702139
34694.78111,-1.544919818,0.44044576,3.014896826,1.544919818
34733.70749,-2.323730736,0.2932019795,3.281887139,2.323730736
34774.41936,-2.571048702,-0.02724678388,3.000589048,2.571048702
34815.13122,-2.069330683,-0.3382219552,2.285758799,2.069330683
34855.84309,-1.078162229,-0.4548481253,1.539318571,1.078162229
34896.55496,-0.1604927073,-0.298133437,1.202277723,0.1604927073
34930.43319,0.1442279059,-0.01200048234,1.403480616,-0.1442279059
34964.31142,-0.1326560787,0.2978003172,1.982805474,0.1326560787
35000.7494,-0.9710870675,0.5119387242,2.76868995,0.9710870675
35037.18738,-1.99846868,0.4984330289,3.362640492,1.99846868
35074.90321,-2.746772127,0.2417109983,3.465021261,2.746772127
35113.28521,-2.77635602,-0.1492774674,2.959665452,2.77635602
35151.66721,-2.018903145,-0.4713734193,2.077617929,2.018903145
35190.34861,-0.8284906016,-0.5502347634,1.263000709,0.8284906016
35207.59517,-0.3205094446,-0.4858312689,1.046539157,0.3205094446
35214.84502,-0.1323223269,-0.4414014323,0.9937301673,0.1323223269
35219.37693,-0.02496271713,-0.4089063072,0.9704602767,0.02496271713
35239.72192,0.3368383833,-0.2268044741,0.9740800857,-0.3368383833
35246.35688,0.4060436498,-0.1573591044,1.028027063,-0.4060436498
35251.08559,0.4392355211,-0.1056645435,1.079998508,-0.4392355211
35269.98059,0.431608758,0.1101198042,1.38112863,-0.431608758
35283.63698,0.285793925,0.2635729315,1.677178221,-0.285793925
35305.20327,-0.1622526676,0.4730969047,2.228492021,0.1622526676
35326.76955,-0.8130651438,0.6105885795,2.802612264,0.8130651438
35351.89718,-1.685732452,0.6468220751,3.372647172,1.685732452
35378.91188,-2.54528633,0.5251117979,3.722901934,2.54528633
35409.0026,-3.133255535,0.2278479756,3.676127516,3.133255535
35439.86428,-3.126374099,-0.1598320736,3.153770837,3.126374099
35470.72596,-2.482361308,-0.501371112,2.313438411,2.482361308
35504.1706,-1.299995649,-0.6813165722,1.36848145,1.299995649
35518.65877,-0.7402995167,-0.6749198202,1.043642583,0.7402995167
35522.88355,-0.5812733147,-0.6628971681,0.9637224052,0.5812733147
35525.3197,-0.4912382939,-0.6539482189,0.9172041463,0.4912382939
35541.96536,0.07609205394,-0.5590128572,0.5835890955,-0.07609205394
35558.61102,0.528178621,-0.4213463693,0.2536949748,-0.528178621
35579.39889,0.8910757946,-0.2235472224,-0.09797580394,-0.8910757946
35600.94266,1.02346388,-0.026380588,-0.3439383564,-1.02346388
35625.24431,0.9169890646,0.1486694005,-0.4447417902,-0.9169890646
35650.71736,0.6071193477,0.2564576853,-0.3457511015,-0.6071193477
35677.16656,0.1897396114,0.2900466941,-0.03443346741,-0.1897396114
35704.86931,-0.2461611007,0.2721935678,0.5295235734,0.2461611007
35714.51029,-0.3872943795,0.2629871197,0.7977348669,0.3872943795
35720.6552,-0.4744218694,0.258494568,0.9940149812,0.4744218694
35725.69895,-0.5447138625,0.2561623736,1.158070923,0.5447138625
35727.9371,-0.5756499598,0.2554712672,1.226797671,0.5756499598
35743.89275,-0.7935157954,0.2538208374,1.651848061,0.7935157954
35759.8484,-1.007888626,0.2516737506,1.982289309,1.007888626
35780.95274,-1.279467448,0.2373029564,2.302701078,1.279467448
35804.28939,-1.541453281,0.1977322911,2.523680164,1.541453281
35831.48854,-1.753726229,0.1195424222,2.622402528,1.753726229
35860.11054,-1.825570321,0.01380455904,2.566229001,1.825570321
35888.73255,-1.727097579,-0.09014310243,2.390420394,1.727097579
35917.35455,-1.487497002,-0.1635519811,2.160784292,1.487497002
35949.62535,-1.136099822,-0.1829916517,1.931772819,1.136099822
35983.3037,-0.8150485064,-0.1232689514,1.823485651,0.8150485064
36019.03822,-0.6724395797,0.004855299722,1.911377871,0.6724395797
36054.77273,-0.8061162733,0.1440223204,2.177798956,0.8061162733
36090.50725,-1.16698302,0.2304802563,2.508694097,1.16698302
36128.07334,-1.619304683,0.2187995124,2.762646775,1.619304683
36167.41708,-1.931302946,0.09638994097,2.784827286,1.931302946
36206.76082,-1.900666762,-0.07657979503,2.535237997,1.900666762
36246.10456,-1.527670097,-0.2065543087,2.139199625,1.527670097
36286.22803,-0.9926545418,-0.2181273458,1.805012342,0.9926545418
36326.97728,-0.5969894213,-0.09250942462,1.73733866,0.5969894213
36367.72652,-0.5909844317,0.103978266,1.996580381,0.5909844317
36408.47577,-0.9979485056,0.2582110153,2.445309715,0.9979485056
36449.96606,-1.607596393,0.2752480669,2.831268042,1.607596393
36491.74008,-2.053086693,0.1324196145,2.905603767,2.053086693
36533.85992,-2.042026113,-0.09211714398,2.598678663,2.042026113
36568.46829,-1.665225035,-0.2400378803,2.176360607,1.665225035
36607.84918,-1.030193008,-0.2792193683,1.745660935,1.030193008
36647.23007,-0.5067759909,-0.1560696072,1.598582114,0.5067759909
36686.61096,-0.3915595478,0.06885693326,1.830804846,0.3915595478
36725.99185,-0.7685971765,0.2754349793,2.331722771,0.7685971765
36765.37273,-1.452262168,0.3478679435,2.835869875,1.452262168
36805.10535,-2.081451675,0.2376054282,3.063195556,2.081451675
36846.68876,-2.288097637,-0.01585303796,2.847273985,2.288097637
36888.27218,-1.887005138,-0.2626984519,2.278165575,1.887005138
36929.85559,-1.094443878,-0.3501423493,1.689070159,1.094443878
36971.43901,-0.3796331412,-0.2159359407,1.44276647,0.3796331412
37013.02242,-0.1880463729,0.06850305467,1.709097857,0.1880463729
37054.60584,-0.6650681151,0.33528231,2.350100778,0.6650681151
37096.18925,-1.55068502,0.4187312417,2.989286237,1.55068502
37137.77267,-2.319094543,0.2578305046,3.231813098,2.319094543
37180.42952,-2.483947296,-0.06940345464,2.892314381,2.483947296
37223.08638,-1.881171407,-0.3585750169,2.146447648,1.881171407
37265.74323,-0.8608994678,-0.4201399229,1.456319298,0.8608994678
37308.40009,-0.06259455474,-0.202089209,1.272426397,0.06259455474
37340.87763,0.05455002152,0.07843404509,1.577865685,-0.05455002152
37373.35518,-0.3366473771,0.3463786031,2.169301373,0.3366473771
37411.82824,-1.269911402,0.5082449585,2.94176014,1.269911402
37450.30129,-2.256694368,0.4161525454,3.406409735,2.256694368
37490.1883,-2.779995343,0.09317936846,3.286139264,2.779995343
37530.0753,-2.477980864,-0.2897511303,2.594027111,2.477980864
37569.9623,-1.481909477,-0.5173178767,1.696274089,1.481909477
37610.09589,-0.3189596751,-0.4507354442,1.092559489,0.3189596751
37636.60076,0.2091202258,-0.2485356686,1.048438829,-0.2091202258
37665.60992,0.3641448466,0.05578100029,1.363138455,-0.3641448466
37694.61908,0.01867630552,0.3588271844,1.974284568,-0.01867630552
37726.41758,-0.8267346444,0.5799554941,2.773676603,0.8267346444
37758.21608,-1.87421384,0.602825681,3.428255077,1.87421384
37792.20901,-2.791964156,0.3912687987,3.691988134,2.791964156
37827.79087,-3.115900608,-0.005402563839,3.354378033,3.115900608
37863.37274,-2.618166448,-0.4097478757,2.517030785,2.618166448
37898.95461,-1.489995762,-0.6373148598,1.540585342,1.489995762
37916.83615,-0.8321672292,-0.6450435364,1.138376402,0.8321672292
37923.85975,-0.5802179751,-0.6267076289,1.012814956,0.5802179751
37928.37012,-0.4237662503,-0.6086971323,0.939871535,0.4237662503
37930.45006,-0.3534293855,-0.5988358936,0.9058757034,0.3534293855
37946.32882,0.1338744217,-0.4959115767,0.6487735279,-0.1338744217
37962.20758,0.5083811724,-0.3569394324,0.4272440437,-0.5083811724
37982.65477,0.7896112174,-0.1524932329,0.2615826889,-0.7896112174
38003.77005,0.8306071113,0.06006392593,0.3155019285,-0.8306071113
38026.93218,0.6011973036,0.2740876791,0.7585680914,-0.6011973036
38033.1611,0.4946170819,0.3279596182,0.967635675,-0.4946170819
38039.14921,0.3752271455,0.3786986225,1.194052927,-0.3752271455
38042.02442,0.3121411691,0.4025165289,1.301765762,-0.3121411691
38058.25291,-0.1088511624,0.5243427197,1.889668203,0.1088511624
38074.4814,-0.6203106434,0.6122890272,2.431603444,0.6203106434
38094.96911,-1.335612392,0.6549156126,3.013806595,1.335612392
38117.70084,-2.111495478,0.5985605539,3.467428839,2.111495478
38143.73832,-2.807891239,0.4057233615,3.668009641,2.807891239
38172.18938,-3.146367071,0.08512048412,3.466280558,3.146367071
38200.64045,-2.940891522,-0.2642129632,2.889799656,2.940891522
38229.09152,-2.236445242,-0.5416139985,2.105935158,2.236445242
38260.94752,-1.096694613,-0.6650829284,1.265650139,1.096694613
38274.35683,-0.5986632242,-0.6433367248,0.9989787714,0.5986632242
38287.76615,-0.1376286916,-0.5788211358,0.7610712941,0.1376286916
38313.7944,0.5532746035,-0.3686024058,0.3217518173,-0.5532746035
38335.29528,0.8576412525,-0.1575086273,0.07869194451,-0.8576412525
38361.74577,0.8857571995,0.0909387664,0.05115416164,-0.8857571995
38388.19626,0.5830579895,0.2935234825,0.4513795077,-0.5830579895
38400.019,0.3611244363,0.369181335,0.8147158371,-0.3611244363
38405.34616,0.2459518582,0.4013986017,1.024596584,-0.2459518582
38408.81125,0.1661999948,0.4219466743,1.16674357,-0.1661999948
38424.25333,-0.232437145,0.5051862621,1.75721949,0.232437145
38436.92891,-0.6035985302,0.5560387688,2.18935898,0.6035985302
38456.07892,-1.205788703,0.5887028589,2.741956485,1.205788703
38476.23438,-1.831279561,0.5542658635,3.168881039,1.831279561
38500.63999,-2.464027388,0.416646857,3.434610069,2.464027388
38527.26253,-2.85896375,0.1720544491,3.386863223,2.85896375
38555.29832,-2.835526607,-0.1313231637,2.991849064,2.835526607
38583.33411,-2.360464449,-0.4001602708,2.362189443,2.360464449
38614.79984,-1.446910527,-0.5663630272,1.602992398,1.446910527
38646.68232,-0.4256787507,-0.526805282,1.051117351,0.4256787507
38652.58678,-0.2563770486,-0.4957724985,0.9920381378,0.2563770486
38657.33424,-0.128830737,-0.4659161877,0.9517911714,0.128830737
38678.39595,0.3182180479,-0.2907074798,0.8564515983,-0.3182180479
38694.38369,0.4995795728,-0.1246385785,0.9391763435,-0.4995795728
38700.07769,0.5269500053,-0.0609524433,1.015746706,-0.5269500053
38703.79664,0.5337863041,-0.01839593311,1.076372823,-0.5337863041
38719.70253,0.4626671831,0.16664956,1.392893176,-0.4626671831
38735.60842,0.2321308121,0.3432312224,1.78485214,-0.2321308121
38756.51534,-0.2831192497,0.5338194525,2.362605737,0.2831192497
38777.42226,-0.9690195931,0.6476952269,2.933310998,0.9690195931
38802.67689,-1.875190247,0.654416225,3.489074972,1.875190247
38829.48193,-2.711235347,0.500151007,3.784821941,2.711235347
38859.62617,-3.228517315,0.1725976267,3.657207718,3.228517315
38889.79016,-3.122253972,-0.2188564318,3.071483525,3.122253972
38919.95415,-2.404196542,-0.5470017074,2.205399145,2.404196542
38953.39483,-1.158657206,-0.7040806972,1.253633063,1.158657206
38962.74773,-0.787224645,-0.6974151002,1.04133704,0.787224645
38966.19611,-0.6526374669,-0.6891182132,0.9715058279,0.6526374669
38968.55335,-0.5618699613,-0.6816817884,0.9232158084,0.5618699613
38982.00954,-0.07187727489,-0.6149844125,0.6296021328,0.07187727489
38995.46574,0.3511122144,-0.5159866176,0.3213419533,-0.3511122144
39012.99524,0.7720190744,-0.3595813932,-0.07245252718,-0.7720190744
39031.56138,1.041726292,-0.1877837152,-0.4543196906,-1.041726292
39054.02122,1.14257816,-0.01025319472,-0.8607225998,-1.14257816
39061.48396,1.131230879,0.03517476222,-0.9880403143,-1.131230879
39067.84959,1.107982269,0.06725265715,-1.087694146,-1.107982269
39070.84035,1.093427013,0.08020571005,-1.127772517,-1.093427013
39086.7685,0.9873113313,0.1276453801,-1.285348702,-0.9873113313
39102.69665,0.8555983459,0.1417877589,-1.384561068,-0.8555983459
39123.68427,0.6890895731,0.1171914279,-1.48794141,-0.6890895731
39147.63825,0.5672939568,0.04395722707,-1.628797142,-0.5672939568
39174.20471,0.5721801727,-0.06706673472,-1.851774648,-0.5721801727
39200.77116,0.7422268698,-0.1763404038,-2.137925906,-0.7422268698
39231.1827,1.09954009,-0.2587573311,-2.484033882,-1.09954009
39262.5041,1.538883447,-0.2642822538,-2.764758684,-1.538883447
39296.71625,1.926557473,-0.1717593854,-2.877908549,-1.926557473
39332.92134,2.055573244,8.027006454e-05,-2.727718247,-2.055573244
39369.12644,1.826033781,0.1716215951,-2.362742941,-1.826033781
39405.33153,1.330865948,0.2619763223,-1.947437169,-1.330865948
39443.30732,0.7695996062,0.2197470996,-1.669807367,-0.7695996062
39481.39111,0.4495818255,0.05262858577,-1.702803387,-0.4495818255
39519.47491,0.5508615761,-0.1582280741,-2.045214469,-0.5508615761
39557.55871,1.040570262,-0.3049487581,-2.533203575,-1.040570262
39596.65619,1.697855625,-0.3058541845,-2.925969312,-1.697855625
39636.4895,2.166403367,-0.143763272,-2.988278175,-2.166403367
39676.71949,2.155170768,0.101323508,-2.653764401,-2.155170768
39710.23779,1.752391261,0.2685702901,-2.190121119,-1.752391261
39748.51752,1.053652077,0.324112638,-1.699587039,-1.053652077
39786.79726,0.4444342324,0.2031582272,-1.498459929,-0.4444342324
39825.07699,0.2497858619,-0.03898990943,-1.706400058,-0.2497858619
39863.35672,0.5919036635,-0.2805840369,-2.233352984,-0.5919036635
39901.63645,1.316148215,-0.3943824034,-2.817003116,-1.316148215
39940.20196,2.063887891,-0.3130825361,-3.15368954,-2.063887891
39980.54989,2.435459859,-0.05582755055,-3.030936926,-2.435459859
40020.89783,2.156173882,0.2374922785,-2.472225838,-2.156173882
40061.24576,1.356157839,0.3977365621,-1.781313104,-1.356157839
40101.91902,0.4695876694,0.3232934098,-1.35275336,-0.4695876694
40142.59228,0.02183186132,0.04421532492,-1.459313125,-0.02183186132
40183.26553,0.3000974062,-0.2846648281,-2.06498118,-0.3000974062
40223.93879,1.176397255,-0.4712079421,-2.836513333,-1.176397255
40264.61205,2.162308167,-0.397805418,-3.325642697,-2.162308167
40306.06917,2.682343739,-0.08761894914,-3.22053028,-2.682343739
40347.52628,2.372305777,0.2824838416,-2.540796613,-2.372305777
40388.9834,1.379749365,0.4883552598,-1.674156753,-1.379749365
40430.44052,0.2788940339,0.3951247587,-1.14307606,-0.2788940339
40465.66833,-0.2347319194,0.1069907127,-1.222509794,0.2347319194
40500.89614,-0.08884495094,-0.248884748,-1.785427811,0.08884495094
40536.12395,0.6799562042,-0.5159510839,-2.600628939,-0.6799562042
40572.53898,1.790369793,-0.5680571273,-3.331803044,-1.790369793
40609.22272,2.715001169,-0.3562931672,-3.599358194,-2.715001169
40647.80495,2.980895789,0.05166839159,-3.21207077,-2.980895789
40686.38718,2.353761263,0.4429511048,-2.315111478,-2.353761263
40724.96942,1.126104685,0.6075618211,-1.363611032,-1.126104685
40742.19819,0.5444411142,0.5757607329,-1.059648172,-0.5444411142
40747.51845,0.375857653,0.5524564615,-0.9902223009,-0.375857653
40750.86858,0.2738986177,0.5346778242,-0.9498771524,-0.2738986177
40769.68622,-0.2185381481,0.3974486931,-0.7560939267,0.2185381481
40784.78611,-0.4894510553,0.2538110952,-0.6835491518,0.4894510553
40805.80547,-0.6470844176,0.02752886792,-0.8050451594,0.6470844176
40813.49427,-0.6369458211,-0.05909336375,-0.9403610469,0.6369458211
40818.306,-0.6117402655,-0.1139146555,-1.053989507,0.6117402655
40821.45005,-0.5873931755,-0.1498632231,-1.133382716,0.5873931755
40836.45618,-0.3865452603,-0.3179016436,-1.543118886,0.3865452603
40851.46231,-0.05458606965,-0.4685626548,-1.988545045,0.05458606965
40870.31823,0.5137995158,-0.6117322656,-2.557941055,-0.5137995158
40890.2455,1.228002467,-0.6853383403,-3.108389185,-1.228002467
40914.10711,2.100795223,-0.6502364041,-3.600581965,-2.100795223
40940.11191,2.876871724,-0.4632718509,-3.824601588,-2.876871724
40969.24278,3.299009012,-0.1201043906,-3.62405853,-3.299009012
40998.37365,3.112398411,0.2667453613,-2.999018417,-3.112398411
41027.50452,2.35380311,0.5796829261,-2.130358221,-2.35380311
41059.92768,1.10308867,0.7216367588,-1.196424297,-1.10308867
41067.24827,0.8054466259,0.7157854013,-1.027083315,-0.8054466259
41073.15763,0.5698860797,0.7005483926,-0.8993778834,-0.5698860797
41076.21957,0.4505678614,0.6891779793,-0.8301355467,-0.4505678614
41092.22911,-0.1270040606,0.5975492175,-0.4414551647,0.1270040606
41108.23864,-0.5987072919,0.4680367941,-0.03051054032,0.5987072919
41127.75047,-0.9995541052,0.2913755657,0.4714434785,0.9995541052
41139.66899,-1.148966886,0.188530673,0.7755898719,1.148966886
41147.46412,-1.210866495,0.1280068364,0.9765153416,1.210866495
41154.67489,-1.245862514,0.07855327982,1.148992609,1.245862514
41158.06747,-1.255714616,0.05750017693,1.217613471,1.255714616
41173.76073,-1.25516734,-0.02260885385,1.449090916,1.25516734
41185.93047,-1.21376043,-0.06639226441,1.555839653,1.21376043
41203.85477,-1.111865154,-0.10396034,1.643166677,1.111865154
41223.12429,-0.9795760851,-0.1117374094,1.69270706,0.9795760851
41246.88057,-0.8326313978,-0.08194347555,1.749429434,0.8326313978
41275.23756,-0.7435612267,-0.00636383431,1.866007522,0.7435612267
41303.59454,-0.7913603428,0.08621206,2.05386361,0.7913603428
41332.1362,-0.9776362854,0.1659138797,2.289963667,0.9776362854
41364.00114,-1.29225036,0.2073401674,2.543117615,1.29225036
41397.24183,-1.626295043,0.1785323525,2.708656931,1.626295043
41434.3392,-1.8482057,0.07034006474,2.698661003,1.8482057
41471.43657,-1.801248609,-0.06937800215,2.484874806,1.801248609
41508.53393,-1.496803748,-0.173031935,2.165323762,1.496803748
41547.52648,-1.05303881,-0.1856080503,1.884347826,1.05303881
41587.27382,-0.7111927198,-0.08598587142,1.814042849,0.7111927198
41627.02115,-0.6783117745,0.07636183807,2.011641293,0.6783117745
41666.76849,-0.9882899566,0.2126016412,2.378541389,0.9882899566
41707.38935,-1.493485627,0.2435126556,2.720839785,1.493485627
41748.5595,-1.905681903,0.139589635,2.827383339,1.905681903
41791.19253,-1.958103325,-0.05120328063,2.603410674,1.958103325
41826.45845,-1.668198806,-0.1890278225,2.246362011,1.668198806
41864.98324,-1.148111685,-0.2398441689,1.868573047,1.148111685
41903.50804,-0.6770403338,-0.1566558263,1.699225142,0.6770403338
41942.38316,-0.5087914702,0.02441279555,1.841192707,0.5087914702
41981.25828,-0.7544486012,0.20970485,2.235374975,0.7544486012
42020.1334,-1.300725277,0.2989030012,2.680104098,1.300725277
42059.70901,-1.874122734,0.2365634938,2.938295167,1.874122734
42101.29164,-2.147535166,0.03600183985,2.832900475,2.147535166
42142.87428,-1.903489971,-0.1872343888,2.388925016,1.903489971
42184.45691,-1.265932854,-0.2964571482,1.863035205,1.265932854
42226.29982,-0.6049775772,-0.2172594944,1.575234729,0.6049775772
42268.14274,-0.3356989122,0.01189859063,1.72134199,0.3356989122
42309.98565,-0.6467833634,0.2556019833,2.23262952,0.6467833634
42351.82856,-1.37401835,0.3622954739,2.808557708,1.37401835
42393.67147,-2.08455246,0.2581641793,3.092541718,2.08455246
42436.8854,-2.330648984,-0.01225602822,2.877433295,2.330648984
42480.09933,-1.896011607,-0.2783871703,2.262545822,1.896011607
42523.31325,-1.032947507,-0.3630812313,1.635129701,1.032947507
42566.52718,-0.2921471475,-0.2002730372,1.411601113,0.2921471475
42604.7414,-0.1465174682,0.07694553504,1.695651423,0.1465174682
42642.95563,-0.5923888103,0.3353734164,2.306927275,0.5923888103
42682.06116,-1.444638239,0.438335144,2.95233555,1.444638239
42721.16669,-2.251630856,0.3145985616,3.267556618,2.251630856
42762.01037,-2.566571828,0.006271469805,3.042755561,2.566571828
42802.85406,-2.133876984,-0.3118589778,2.359471939,2.133876984
42843.69775,-1.173748383,-0.450476184,1.602107471,1.173748383
42884.54144,-0.2322673545,-0.3177569577,1.218786116,0.2322673545
42919.77045,0.126695366,-0.03160148052,1.387706885,-0.126695366
42954.99946,-0.1322244926,0.2884205379,1.970002154,0.1322244926
42991.0437,-0.9421362027,0.5030190974,2.739513069,0.9421362027
43027.63012,-1.963985964,0.4971076281,3.340326162,1.963985964
43065.15158,-2.716959655,0.2504717753,3.458980103,2.716959655
43103.66228,-2.771338715,-0.1364345362,2.973855093,2.771338715
43142.17298,-2.037427923,-0.4605908474,2.103075788,2.037427923
43180.71196,-0.8676307095,-0.546262782,1.291629485,0.8676307095
43199.53542,-0.3182104831,-0.4779785563,1.055673301,0.3182104831
43207.82946,-0.1082016959,-0.4262160647,0.999805751,0.1082016959
43216.1235,0.07407888041,-0.3627990774,0.9716171835,-0.07407888041
43226.44164,0.2549604898,-0.2702387332,0.9793403927,-0.2549604898
43232.62132,0.3360270606,-0.2087732533,1.013319587,-0.3360270606
43235.98874,0.3709897807,-0.1736820693,1.040382276,-0.3709897807
43253.6588,0.4412317004,0.02256473506,1.264980578,-0.4412317004
43267.78078,0.3562487813,0.1832685553,1.532736819,-0.3562487813
43287.43619,0.03786495337,0.388875214,1.999473277,-0.03786495337
43308.6407,-0.5226450913,0.5563806014,2.558809249,0.5226450913
43331.82283,-1.292161033,0.6419607861,3.132591656,1.292161033
43357.8935,-2.174429624,0.5939156526,3.594477749,2.174429624
43386.39126,-2.911983277,0.3768041704,3.743774884,2.911983277
43417.34881,-3.192927562,0.01426131186,3.426388787,3.192927562
43448.30637,-2.820724696,-0.3614960785,2.702150069,2.820724696
43479.26393,-1.900033011,-0.6201263551,1.807795155,1.900033011
43512.69202,-0.6382211345,-0.6604149046,1.002262014,0.6382211345
43515.55109,-0.5328983324,-0.6507879045,0.9500681764,0.5328983324
43517.77388,-0.4523073302,-0.6419439997,0.9086648201,0.4523073302
43534.33929,0.09925618668,-0.5437932245,0.5888192178,-0.09925618668
43550.90469,0.5341273058,-0.4044460691,0.2805290003,-0.5341273058
43571.72399,0.8765939658,-0.2040692749,-0.0323703914,-0.8765939658
43593.31698,0.9842437406,-0.00310744678,-0.2133320966,-0.9842437406
43617.33984,0.8453966628,0.1785585329,-0.1915302348,-0.8453966628
43642.41774,0.4886793028,0.3060973758,0.1310813605,-0.4886793028
43669.49163,-0.042897951,0.388770954,0.9174249316,0.042897951
43673.62355,-0.1331004673,0.3993224278,1.086069537,0.1331004673
43677.75547,-0.2254534198,0.4097526711,1.249242211,0.2254534198
43693.15513,-0.5868695874,0.44331786,1.790880677,0.5868695874
43708.5548,-0.9666087716,0.4602640049,2.236810757,0.9666087716
43728.8431,-1.463890185,0.4445612069,2.684469182,1.463890185
43751.18174,-1.94879918,0.3696579815,2.989286929,1.94879918
43777.25052,-2.339294809,0.2129867772,3.090057059,2.339294809
43804.99742,-2.457883609,-0.002873347021,2.916426952,2.457883609
43832.74431,-2.239336303,-0.2158316407,2.524776256,2.239336303
43861.43704,-1.718729496,-0.3718795873,2.01852159,1.718729496
43893.04888,-0.977279594,-0.4128104725,1.529022829,0.977279594
43925.11837,-0.3093648346,-0.2962121357,1.290471524,0.3093648346
43957.18786,0.0213486708,-0.05803630622,1.413647144,-0.0213486708
43989.25735,-0.1224618885,0.2174427064,1.868554607,0.1224618885
44021.32684,-0.7062078009,0.4288014614,2.499367385,0.7062078009
44056.41847,-1.609146572,0.4916548652,3.121506879,1.609146572
44091.5101,-2.407856861,0.3457084557,3.402168126,2.407856861
44129.21812,-2.742524117,0.02160909999,3.168059254,2.742524117
44166.92614,-2.348251967,-0.3204776805,2.475636447,2.348251967
44204.63416,-1.392591472,-0.5064320542,1.65762292,1.392591472
44243.01849,-0.3216733596,-0.4301247716,1.121742554,0.3216733596
44281.40281,0.2894308382,-0.1139796018,1.180576407,-0.2894308382
44313.02571,0.1909347417,0.2187971362,1.684367469,-0.1909347417
44347.75027,-0.5331295674,0.5102439318,2.505529744,0.5331295674
44382.47483,-1.616783467,0.5988547248,3.269591174,1.616783467
44418.27048,-2.627020032,0.4286964558,3.64379275,2.627020032
44455.77554,-3.063509312,0.04017697647,3.38413467,3.063509312
44493.2806,-2.620996608,-0.3786183229,2.56035504,2.620996608
44530.78566,-1.482550769,-0.6171263648,1.563154089,1.482550769
44549.86276,-0.8030398001,-0.6222679712,1.151489251,0.8030398001
44557.95769,-0.5242515915,-0.5984431058,1.017281658,0.5242515915
44564.03051,-0.3250135073,-0.5706979904,0.929877236,0.3250135073
44566.92642,-0.2338999504,-0.5546994807,0.8884879822,0.2338999504
44584.75597,0.2546148789,-0.4238179136,0.6548780718,-0.2546148789
44599.60448,0.5438816725,-0.2843749715,0.5229074382,-0.5438816725
44620.31817,0.7385414822,-0.06820917781,0.5137271104,-0.7385414822
44641.03187,0.6794325404,0.1521854371,0.8157754499,-0.6794325404
44647.19501,0.6134489546,0.2169671297,0.9865946662,-0.6134489546
44652.60078,0.537632114,0.2734263889,1.159023088,-0.537632114
44654.96223,0.4993067446,0.2978372974,1.23535208,-0.4993067446
44671.81625,0.1382034571,0.4612337005,1.78887907,-0.1382034571
44688.67027,-0.3565005086,0.5906834453,2.337866648,0.3565005086
44707.94813,-1.032083614,0.6753031723,2.914709972,1.032083614
44730.70087,-1.87102718,0.6681596049,3.449476189,1.87102718
44755.90819,-2.679856326,0.5211776709,3.763109979,2.679856326
44784.19031,-3.21624101,0.2171498664,3.693200804,3.21624101
44813.37358,-3.193848959,-0.1659534629,3.176580499,3.193848959
44842.55685,-2.576519266,-0.5053414287,2.359532114,2.576519266
44874.87591,-1.410589663,-0.7028919282,1.403284632,1.410589663
44889.45659,-0.8244781555,-0.7068449659,1.049502173,0.8244781555
44893.67928,-0.6575022884,-0.6973800079,0.9615244467,0.6575022884
44896.28202,-0.556134674,-0.6892373644,0.9063672409,0.556134674
44912.42364,0.03101803745,-0.6049584562,0.5375417365,-0.03101803745
44928.56526,0.5158734957,-0.4782847922,0.1478847553,-0.5158734957
44948.4664,0.9350478897,-0.2968842289,-0.3232207257,-0.9350478897
44969.80437,1.159070938,-0.1130183267,-0.7985181586,-1.159070938
44978.03472,1.190114043,-0.05361153579,-0.9776808063,-1.190114043
44986.28429,1.195941846,-0.00327431098,-1.140477273,-1.195941846
44989.86016,1.191718156,0.01565809249,-1.198576142,-1.191718156
45004.24467,1.141994057,0.07517884586,-1.371376147,-1.141994057
45018.62919,1.055491862,0.1098291432,-1.475657742,-1.055491862
45037.80397,0.9159229259,0.1213383378,-1.560519476,-0.9159229259
45059.18266,0.7715536159,0.09456359742,-1.638465247,-0.7715536159
45086.01986,0.6695164077,0.01850812697,-1.772008804,-0.6695164077
45112.85706,0.7014097093,-0.07926803348,-1.971542084,-0.7014097093
45139.69427,0.8748488102,-0.1690934015,-2.221739368,-0.8748488102
45170.24766,1.198865371,-0.2284329515,-2.509865005,-1.198865371
45201.98127,1.573363386,-0.2180317456,-2.727003692,-1.573363386
45237.07132,1.874942519,-0.1221408621,-2.782475974,-1.874942519
45272.95043,1.924467977,0.02797775522,-2.61302063,-1.924467977
45308.82955,1.679389781,0.1640660654,-2.285798335,-1.679389781
45344.70866,1.240771846,0.222429196,-1.946795451,-1.240771846
45382.59082,0.7838888323,0.1667232322,-1.749297091,-0.7838888323
45420.95905,0.56441642,0.01173895181,-1.825926654,-0.56441642
45459.32728,0.7165106528,-0.1653532113,-2.15343225,-0.7165106528
45497.6955,1.17743824,-0.2719331066,-2.570579244,-1.17743824
45537.03918,1.730342553,-0.245865552,-2.865083835,-1.730342553
45578.01033,2.069492866,-0.08274965451,-2.84893816,-2.069492866
45618.98149,1.956071619,0.1286914514,-2.49855362,-1.956071619
45659.95264,1.435102213,0.2640047001,-2.00721772,-1.435102213
45701.61693,0.7890144253,0.2361592239,-1.659586244,-0.7890144253
45743.28123,0.4179616056,0.05050875894,-1.686871258,-0.4179616056
45784.94553,0.5662087975,-0.1860438157,-2.091591165,-0.5662087975
45826.60983,1.168775118,-0.3295014186,-2.642428722,-1.168775118
45868.27412,1.875686231,-0.2861117653,-3.005501414,-1.875686231
45911.07636,2.256757397,-0.06588931511,-2.937941557,-2.256757397
45953.87861,2.02497207,0.1985758941,-2.446122218,-2.02497207
45996.68085,1.298966891,0.3370195869,-1.828458139,-1.298966891
46039.48309,0.5262866542,0.2523621878,-1.481405494,-0.5262866542
46082.28533,0.2087879264,-0.01202601923,-1.645911032,-0.2087879264
46125.08757,0.5779612858,-0.2931500842,-2.241855577,-0.5779612858
46167.88981,1.429427273,-0.4084065501,-2.903242371,-1.429427273
46210.69205,2.233114864,-0.2737275215,-3.201858205,-2.233114864
46254.35259,2.458536643,0.04307002865,-2.91240026,-2.458536643
46298.01313,1.901776912,0.3369905925,-2.187593366,-1.901776912
46341.67367,0.8977611082,0.4075246478,-1.495151893,-0.8977611082
46385.33421,0.1028477529,0.1947057493,-1.306281377,-0.1028477529
46420.13346,0.001103358883,-0.09676992003,-1.635544368,-0.001103358883
46454.9327,0.4576409131,-0.3654979993,-2.266951484,-0.4576409131
46493.94098,1.408314067,-0.4948862019,-3.006338755,-1.408314067
46532.94925,2.33864525,-0.3690721407,-3.392254324,-2.33864525
46573.48198,2.739840614,-0.02976277842,-3.177394047,-2.739840614
46614.0147,2.306885644,0.3346861369,-2.432000727,-2.306885644
46654.54743,1.252306613,0.5112623465,-1.567598472,-1.252306613
46695.08015,0.1648245404,0.3866807512,-1.086418938,-0.1648245404
46730.76092,-0.3068763789,0.06996395107,-1.229059361,0.3068763789
46766.4417,-0.067205254,-0.3002977179,-1.867087722,0.067205254
46802.6884,0.822383411,-0.5587030797,-2.742657712,-0.822383411
46838.9351,1.971930962,-0.5716593094,-3.444778003,-1.971930962
46876.25125,2.865226279,-0.3114698113,-3.628893013,-2.865226279
46914.70621,2.999019229,0.1220797823,-3.128685984,-2.999019229
46953.16118,2.229568177,0.5029317436,-2.160900127,-2.229568177
46991.61615,0.9225070849,0.6262481246,-1.217332632,-0.9225070849
47002.19293,0.5553996909,0.6004491813,-1.033153422,-0.5553996909
47006.06294,0.4266365685,0.5845081286,-0.9770678179,-0.4266365685
47009.1558,0.3266651015,0.5693755,-0.9331049755,-0.3266651015
47023.43436,-0.09129720287,0.4755705471,-0.7384668299,0.09129720287
47037.71292,-0.4183256477,0.351506644,-0.5836817821,0.4183256477
47056.67476,-0.6819846502,0.1598417008,-0.5005874146,0.6819846502
47076.37108,-0.7320849367,-0.05055528219,-0.6482556936,0.7320849367
47085.56756,-0.6766577151,-0.148574181,-0.829670123,0.6766577151
47091.49108,-0.6147724141,-0.2112992699,-0.9935093935,0.6147724141
47096.39802,-0.5481295202,-0.2629979159,-1.148074796,0.5481295202
47098.60112,-0.5137173949,-0.2860104538,-1.218379625,0.5137173949
47114.7882,-0.1791075659,-0.4457649502,-1.745022695,0.1791075659
47130.97528,0.2825903688,-0.5756935954,-2.271968132,-0.2825903688
47149.27864,0.912645582,-0.6670727746,-2.828877286,-0.912645582
47171.40588,1.73143606,-0.6790384083,-3.377733675,-1.73143606
47195.83242,2.550643696,-0.559738923,-3.73527912,-2.550643696
47223.48481,3.15825463,-0.282924411,-3.745078332,-3.15825463
47252.62004,3.249113641,0.09548451708,-3.302955321,-3.249113641
47281.75528,2.733723821,0.4518686667,-2.524288469,-2.733723821
47312.83028,1.675421672,0.683911225,-1.586165434,-1.675421672
47328.68398,1.040199263,0.7135282503,-1.168929661,-1.040199263
47335.4043,0.7706273442,0.7058908303,-1.018814984,-0.7706273442
47339.94157,0.5919423202,0.6939281191,-0.9238100498,-0.5919423202
47342.21183,0.5040441779,0.6859800697,-0.8746136758,-0.5040441779
47357.24207,-0.04047855252,0.6050277081,-0.5268161024,0.04047855252
47372.2723,-0.4956834651,0.4876258459,-0.1605641293,0.4956834651
47391.15759,-0.9090113842,0.3163586308,0.2942076005,0.9090113842
47411.24983,-1.147131448,0.1404999374,0.7548761447,1.147131448
47419.89217,-1.191616094,0.075571135,0.9490557363,1.191616094
47424.27855,-1.202759138,0.04627060599,1.046704366,1.202759138
47426.42443,-1.205677728,0.03290651783,1.090518235,1.205677728
47439.19355,-1.193363233,-0.03401524301,1.294910255,1.193363233
47451.96267,-1.141161836,-0.08066429048,1.425569664,1.141161836
47469.50757,-1.030048584,-0.1145585685,1.531592907,1.030048584
47489.00036,-0.8891585023,-0.1157252694,1.603794585,0.8891585023
47512.66812,-0.7460398348,-0.07498032014,1.689686736,0.7460398348
47541.11892,-0.6801190795,0.01405620919,1.846644505,0.6801190795
47569.56972,-0.7691674472,0.1155822026,2.075413231,0.7691674472
47599.42945,-1.017271623,0.1987535203,2.355833158,1.017271623
47631.68517,-1.383812116,0.227742731,2.624246529,1.383812116
47665.78162,-1.740766378,0.1744655893,2.771174211,1.740766378
47703.30179,-1.924221535,0.03874907964,2.701608281,1.924221535
47740.82196,-1.792400418,-0.1144041576,2.419351775,1.792400418
47778.34213,-1.397918294,-0.2084379457,2.059051205,1.397918294
47817.47189,-0.9104405775,-0.1897728419,1.793828053,0.9104405775
47857.43305,-0.6030212608,-0.0534288181,1.793151593,0.6030212608
47897.39422,-0.6714533653,0.1294661839,2.07858691,0.6714533653
47937.35538,-1.095269052,0.2565822812,2.501096947,1.095269052
47978.03299,-1.658853782,0.2509983076,2.829362946,1.658853782
48019.73498,-2.035086853,0.1011631433,2.853071843,2.035086853
48061.43696,-1.96613264,-0.109275648,2.530517223,1.96613264
48095.46704,-1.584359126,-0.2366562335,2.132711459,1.584359126
48135.35868,-0.972943874,-0.256105942,1.742473399,0.972943874
48175.25032,-0.5101320322,-0.1213207306,1.647060752,0.5101320322
48215.14196,-0.4671792417,0.09849237495,1.915491627,0.4671792417
48255.0336,-0.8893897723,0.2822138807,2.412746754,0.8893897723
48295.51373,-1.569002623,0.3225607843,2.871562253,1.569002623
48336.1062,-2.118249428,0.1846101811,3.014230652,2.118249428
48378.1121,-2.197735451,-0.06846164474,2.723076538,2.197735451
48420.11801,-1.707741942,-0.2815248788,2.146195854,1.707741942
48462.12392,-0.9270370024,-0.3183297531,1.631897134,0.9270370024
48504.12982,-0.3320098518,-0.1464892344,1.507287728,0.3320098518
48546.13573,-0.3070334757,0.1366995085,1.871197307,0.3070334757
48588.14164,-0.8976287056,0.3587418093,2.520017092,0.8976287056
48630.35667,-1.768207154,0.3761078317,3.061852782,1.768207154
48672.5717,-2.378446153,0.1655240173,3.143701622,2.378446153
48714.78673,-2.326749009,-0.1511191915,2.689369223,2.326749009
48749.2936,-1.776815705,-0.3516248271,2.093578968,1.776815705
48789.24064,-0.8684275721,-0.3938218016,1.496006461,0.8684275721
48829.18768,-0.1540894528,-0.2037652649,1.324688428,0.1540894528
48864.12755,-0.02405687245,0.07909677837,1.625578599,0.02405687245
48899.06743,-0.4453725226,0.3464077753,2.234108416,0.4453725226
48937.21073,-1.338778864,0.4821943246,2.94793992,1.338778864
48975.35404,-2.247264639,0.3806602873,3.353318607,2.247264639
49015.18354,-2.700403167,0.06806383517,3.205131792,2.700403167
49055.01305,-2.372323711,-0.2895531865,2.53135147,2.372323711
49094.84256,-1.410867339,-0.4911218819,1.688993277,1.410867339
49134.90324,-0.325886434,-0.4130517352,1.147090832,0.325886434
49170.27823,0.2335191958,-0.1310137134,1.19109949,-0.2335191958
49205.65321,0.1305112572,0.2298562579,1.735154856,-0.1305112572
49241.02819,-0.6174045883,0.5099511713,2.555341307,0.6174045883
49277.75495,-1.742335894,0.5767159457,3.314770928,1.742335894
49314.50785,-2.69757871,0.3738319423,3.612439108,2.69757871
49353.2671,-3.002896518,-0.03544884182,3.246871671,3.002896518
49392.02636,-2.397232393,-0.436632962,2.349458444,2.397232393
49430.78562,-1.163425022,-0.6129382718,1.37865147,1.163425022
49448.17029,-0.5690541836,-0.5846919297,1.062364074,0.5690541836
49453.48664,-0.3977306875,-0.5623206134,0.9900650207,0.3977306875
49456.83311,-0.293948991,-0.5450924398,0.9477748581,0.293948991
49475.6209,0.2102121403,-0.4105105601,0.7384589871,-0.2102121403
49490.6774,0.4921232755,-0.2688157204,0.6464213749,-0.4921232755
49511.80658,0.6686025165,-0.04363958229,0.7271985966,-0.6686025165
49520.9893,0.6605985774,0.05853161259,0.8711699499,-0.6605985774
49526.74508,0.6289715801,0.1231916932,1.004894789,-0.6289715801
49530.21708,0.5999493022,0.1623586679,1.097018381,-0.5999493022
49547.19222,0.3519717111,0.3490189006,1.581562414,-0.3519717111
49564.16735,-0.0582100149,0.5109966659,2.101399522,0.0582100149
49584.23305,-0.7037512324,0.6437567043,2.708940464,0.7037512324
49606.25039,-1.514390793,0.690503444,3.285041281,1.514390793
49631.49763,-2.403848785,0.6018848932,3.716781851,2.403848785
49659.24109,-3.100141842,0.3478742169,3.803994755,3.100141842
49689.2548,-3.299763607,-0.03726297895,3.414534856,3.299763607
49719.26852,-2.845071212,-0.4183968847,2.63725799,2.845071212
49750.03425,-1.832741113,-0.6746605716,1.69315293,1.832741113
49766.72293,-1.1625426,-0.7213954485,1.231931267,1.1625426
49774.8902,-0.8298460946,-0.7171623748,1.039598308,0.8298460946
49783.08491,-0.5039554817,-0.6949469535,0.860719382,0.5039554817
49787.36223,-0.3396401927,-0.6767755542,0.761730905,0.3396401927
49805.22579,0.2800308908,-0.5624622843,0.3186597615,-0.2800308908
49819.48176,0.6740448918,-0.4418651175,-0.04996665374,-0.6740448918
49838.5996,1.03964587,-0.2687525773,-0.5428873105,-1.03964587
49849.02077,1.161233744,-0.1802767038,-0.8104456655,-1.161233744
49856.45036,1.217556712,-0.1234818015,-1.004661743,-1.217556712
49860.7644,1.239842466,-0.09361166031,-1.110206299,-1.239842466
49877.17573,1.265921117,-0.0002785079819,-1.398838601,-1.265921117
49890.02104,1.235238089,0.05202801363,-1.532082104,-1.235238089
49907.38864,1.146969936,0.09615791068,-1.632209554,-1.146969936
49926.90098,1.016277182,0.1123144472,-1.688251672,-1.016277182
49950.23752,0.8647121279,0.09147153896,-1.739520749,-0.8647121279
49977.97666,0.7553145693,0.02454855483,-1.839057927,-0.7553145693
50000,0.7560883446,-0.04569245202,-1.966820554,-0.7560883446
