time,excitingCoil.Phiˍt,core.Phi,voltageSensor.v,magFluxSensor.Phi
0,-0,0,0,0
1e-06,0,0,0,0
0.010001,-0.004784785423,4.784785423e-09,-0.004784785423,4.784785423e-09
0.05,0,7.177178134e-05,0,7.177178134e-05
