time,pmActuator.g_mLeak2.port_p.Phi,cActuator.x,cActuator.electroTranslationalConverter.p.i,pmActuator.g_mLeak1.port_p.Phi,pmActuator.g_mb.port_p.Phi,pmActuator.x,cActuator.armature.mass.v,pmActuator.armature.mass.a,pmActuator.coil.Phi,pmActuator.armature.mass.v,cActuator.armature.mass.a,cActuator.l.i,pmActuator.armature.stopper_xMax.v_rel,cActuator.armature.stopper_xMax.v_rel,pmActuator.g_ma.port_p.Phi,pmActuator.coil.i
0,-0,-0.004,0,-0,-0.0003880801438,-0.004,0,0,-0.0001663200616,0,0,0,-0,-0,-0.0001663200616,0
1e-06,-5.415051094e-09,-0.004,0.0008409406487,-5.319138342e-09,-0.0003880801438,-0.004,2.631576362e-08,0.07488357908,-0.0001663506923,3.744602201e-08,0.05262660834,0.0008409406487,-3.744602201e-08,-2.631576362e-08,-0.0001663399581,0.001196274608
6.012363546e-06,-3.249223938e-08,-0.003999999998,0.005048940911,-3.191672863e-08,-0.0003880801437,-0.003999999997,9.503850641e-07,0.4494625845,-0.0001665038564,1.352085146e-06,0.3159659796,0.005048940911,-1.352085146e-06,-9.503850641e-07,-0.0001664394475,0.007178074637
4.603007953e-05,-2.448256224e-07,-0.00399999915,0.03822331829,-2.404892092e-07,-0.0003880801103,-0.003999998792,5.529020304e-05,3.394593726,-0.0001677049695,7.853560911e-05,2.392039919,0.03822331829,-7.853560911e-05,-5.529020304e-05,-0.0001672196547,0.05408604098
0.0001008269036,-5.24747909e-07,-0.003999991133,0.08245336667,-5.154534416e-07,-0.000388079795,-0.00399998742,0.0002625945588,7.298251052,-0.0001692886896,0.0003721776846,5.159984882,0.08245336667,-0.0003721776846,-0.0002625945588,-0.0001682484883,0.1159255172
0.000167565381,-8.493999059e-07,-0.003999959675,0.1345022456,-8.343551203e-07,-0.0003880785611,-0.003999942905,0.000716342117,11.85566621,-0.0001711263672,0.001012516654,8.417237303,0.1345022456,-0.001012516654,-0.000716342117,-0.0001694426122,0.1876465284
0.0002492065203,-1.223378731e-06,-0.003999868848,0.1955416769,-1.201709938e-06,-0.0003880750092,-0.003999814769,0.001560677046,17.14543103,-0.000173245467,0.002198459031,12.23712429,0.1955416769,-0.002198459031,-0.001560677046,-0.0001708203784,0.2702646541
0.0003451234731,-1.631995242e-06,-0.003999656231,0.2636952388,-1.60308893e-06,-0.0003880667255,-0.003999515936,0.002940856163,22.97397439,-0.0001755654651,0.004125791337,16.50221817,0.2636952388,-0.004125791337,-0.002940856163,-0.000172330381,0.3605348192
0.0004564536712,-2.067329136e-06,-0.00399921677,0.3381954357,-2.030712081e-06,-0.0003880496801,-0.003998901023,0.005040380701,29.23973414,-0.0001780459164,0.007037126515,21.16448856,0.3381954357,-0.007037126515,-0.005040380701,-0.0001739478752,0.4567072976
0.0005834558574,-2.516687465e-06,-0.003998392359,0.4174552274,-2.472111261e-06,-0.0003880178707,-0.003997753499,0.008047221594,35.76806888,-0.0001806216252,0.01117197207,26.12461746,0.4174552274,-0.01117197207,-0.008047221594,-0.0001756328265,0.5559780059
0.0007270021644,-2.969107266e-06,-0.003996949904,0.500125981,-2.916517688e-06,-0.0003879625514,-0.003995757851,0.01217395757,42.40319681,-0.0001832403415,0.01679167766,31.29820655,0.500125981,-0.01679167766,-0.01217395757,-0.0001773547166,0.6559250444
0.0008879423969,-3.413035567e-06,-0.003994561883,0.5846728823,-3.35258302e-06,-0.0003878716038,-0.003992476915,0.01764383146,48.97456749,-0.000185850413,0.02415665344,36.58920618,0.5846728823,-0.02415665344,-0.01764383146,-0.0001790847944,0.7539961698
0.001067439465,-3.837615323e-06,-0.003990776096,0.6695758671,-3.769642512e-06,-0.0003877285575,-0.003987316518,0.02469724671,55.31584949,-0.0001884092093,0.03353140138,41.90248975,0.6695758671,-0.03353140138,-0.02469724671,-0.0001808019515,0.8477928805
0.001266684392,-4.232118511e-06,-0.003984987831,0.7531877541,-4.157158159e-06,-0.0003875117853,-0.003979496454,0.03357848284,61.25728036,-0.0001908808491,0.04516281799,47.13497558,0.7531877541,-0.04516281799,-0.03357848284,-0.0001824915725,0.9349451784
0.00148663141,-4.586100838e-06,-0.003976420115,0.8336975066,-4.504870662e-06,-0.0003871940914,-0.003968035642,0.04451325212,66.6289141,-0.0001932375018,0.05924829631,52.17332783,0.8336975066,-0.05924829631,-0.04451325212,-0.0001841465303,1.013145746
0.001727395528,-4.889722555e-06,-0.003964143255,0.9090883536,-4.803114554e-06,-0.0003867438146,-0.003951791895,0.05765848143,71.26682919,-0.0001954598203,0.07587263116,56.89133568,0.9090883536,-0.07587263116,-0.05765848143,-0.0001857669832,1.080220819
0.001987811883,-5.135134833e-06,-0.003947148384,0.9773140576,-5.044180028e-06,-0.0003861278483,-0.003929570895,0.07304752097,75.0361575,-0.0001975411017,0.09494829889,61.16094425,0.9773140576,-0.09494829889,-0.07304752097,-0.0001873617869,1.134436462
0.00226562679,-5.318329069e-06,-0.003924444051,1.036679872,-5.224129482e-06,-0.0003853152717,-0.003900257177,0.09057376629,77.86186147,-0.0001994933013,0.1162129282,64.87609524,1.036679872,-0.1162129282,-0.09057376629,-0.0001889508427,1.174907108
0.002558331751,-5.439982936e-06,-0.003895106462,1.086178827,-5.343628585e-06,-0.0003842790405,-0.003862875115,0.1100356856,79.74399234,-0.0002013496396,0.1393035705,67.97377173,1.086178827,-0.1393035705,-0.1100356856,-0.0001905660281,1.201782465
0.002863781607,-5.504554276e-06,-0.003858283988,1.125513747,-5.407056221e-06,-0.000382995901,-0.003816585827,0.1311927704,80.74482491,-0.0002031594898,0.1638364819,70.43537644,1.125513747,-0.1638364819,-0.1311927704,-0.0001922478793,1.216047345
0.003180441263,-5.518693608e-06,-0.003813175569,1.154926989,-5.420945114e-06,-0.0003814453702,-0.003760650394,0.1538058647,80.96414947,-0.0002049806251,0.189459166,72.27607609,1.154926989,-0.189459166,-0.1538058647,-0.0001940409863,1.219170958
0.003507321008,-5.489855988e-06,-0.003759013133,1.174990443,-5.392618273e-06,-0.000379608903,-0.003694399799,0.1776530345,80.51689477,-0.0002068724701,0.2158678012,73.53166,1.174990443,-0.2158678012,-0.1776530345,-0.0001959899958,1.21280025
0.003844109006,-5.425355215e-06,-0.003694995415,1.186452976,-5.329259954e-06,-0.0003774674938,-0.003617148412,0.2025534103,79.51744488,-0.0002088936138,0.242829762,74.24899267,1.186452976,-0.242829762,-0.2025534103,-0.0001981389987,1.198550959
0.004190614505,-5.33193261e-06,-0.003620345208,1.190110282,-5.237492074e-06,-0.0003750035065,-0.003528260013,0.2283343063,78.07210003,-0.0002110974824,0.2701428557,74.47786928,1.190110282,-0.2701428557,-0.2283343063,-0.0002005280577,1.177912356
0.004546877239,-5.215567699e-06,-0.003534273978,1.18676607,-5.123188247e-06,-0.0003721993561,-0.003427100223,0.2548428164,76.27554254,-0.0002135328858,0.297644681,74.26858632,1.18676607,-0.297644681,-0.2548428164,-0.0002031941298,1.152205417
0.004913071527,-5.081431557e-06,-0.003435983765,1.177199639,-4.991427958e-06,-0.0003690374782,-0.003313035406,0.2819405917,74.20974737,-0.000216243897,0.3252034646,73.66991289,1.177199639,-0.3252034646,-0.2819405917,-0.0002061710375,1.122572518
0.005289452666,-4.933918285e-06,-0.003324668983,1.16215136,-4.846527478e-06,-0.0003655002945,-0.003185431424,0.3095005817,71.94428051,-0.000219270152,0.3527116119,72.72818187,1.16215136,-0.3527116119,-0.3095005817,-0.0002094897063,1.089984389
0.005676306558,-4.776717841e-06,-0.003199524798,1.142317792,-4.692111408e-06,-0.0003615703846,-0.003043659835,0.3374035618,69.53735731,-0.0002226471365,0.3800795713,71.48698437,1.142317792,-0.3800795713,-0.3374035618,-0.0002131783072,1.055256204
0.006073923445,-4.612896929e-06,-0.003059754632,1.118351096,-4.531192134e-06,-0.00035723062,-0.002887102729,0.3655363702,67.03709964,-0.0002264065456,0.4072318454,69.98713309,1.118351096,-0.4072318454,-0.3655363702,-0.0002172624565,1.019065447
0.00648257996,-4.444980059e-06,-0.002904578674,1.090860082,-4.36624945e-06,-0.0003524643241,-0.002715158496,0.3937908293,64.48283723,-0.000230576605,0.4341039613,68.26672768,1.090860082,-0.4341039613,-0.3937908293,-0.0002217653755,0.9819698251
0.006902537045,-4.275021864e-06,-0.002733238676,1.060410909,-4.199301597e-06,-0.0003472553162,-0.002527243419,0.4220638782,61.90629439,-0.0002351824573,0.4606408134,66.36119884,1.060410909,-0.4606408134,-0.4220638782,-0.0002267081338,0.9444232407
0.007334046746,-4.10467155e-06,-0.002544998994,1.027527117,-4.031968572e-06,-0.0003415878503,-0.002322789456,0.4502582967,59.33266175,-0.0002402466074,0.4867957102,64.3033099,1.027527117,-0.4867957102,-0.4502582967,-0.0002321099672,0.9067900308
0.00777736715,-3.935229613e-06,-0.002339142443,0.9926889664,-3.865527832e-06,-0.0003354464125,-0.002101236949,0.4782838282,56.78154683,-0.0002457894624,0.5125299334,62.12311596,0.9926889664,-0.5125299334,-0.4782838282,-0.0002379887049,0.8693574962
0.008232780732,-3.767698958e-06,-0.002114961734,0.9563326891,-3.700964523e-06,-0.0003288154109,-0.001862023418,0.5060582592,54.2678309,-0.0002518299449,0.5378124137,59.84791667,0.9563326891,-0.5378124137,-0.5060582592,-0.0002443612815,0.8323471958
0.008700613358,-3.602831518e-06,-0.001871747388,0.9188501476,-3.539017256e-06,-0.0003216787861,-0.001604569514,0.5335082146,51.80244567,-0.0002583861532,0.5626193382,57.50223505,0.9188501476,-0.5626193382,-0.5335082146,-0.0002512443044,0.7959252434
0.009181251419,-3.441170975e-06,-0.001608773589,0.8805893245,-3.380220086e-06,-0.0003140195859,-0.001328263692,0.5605695109,49.39307827,-0.0002654760276,0.5869335716,55.10784805,0.8805893245,-0.5869335716,-0.5605695109,-0.0002586546365,0.7602117481
0.009675156284,-3.283091483e-06,-0.001325283029,0.8418557638,-3.224940537e-06,-0.0003058195328,-0.001032446591,0.587187065,47.04480257,-0.0002731179963,0.6107439043,52.68387683,0.8418557638,-0.6107439043,-0.587187065,-0.0002666099643,0.7252893661
0.01018287478,-3.128832424e-06,-0.001020472283,0.8029149907,-3.073413754e-06,-0.000297058623,-0.0007163965714,0.6133143664,44.76063877,-0.0002813315612,0.6340441242,50.24693813,0.8029149907,-0.6340441242,-0.6133143664,-0.000275129315,0.6912109813
0.01070504739,-2.978528543e-06,-0.0006934776051,0.7639956098,-2.925772093e-06,-0.0002877147482,-0.0003793160761,0.6389126941,42.5420326,-0.0002901378304,0.6568320521,47.81133816,0.7639956098,-0.6568320521,-0.6389126941,-0.0002842335298,0.6580063608
0.01124241343,-2.832235801e-06,-0.0003433622028,0.7252929286,-2.782070525e-06,-0.0002777633656,-2.031972194e-05,0.6639501212,40.3892615,-0.0002995599774,0.6791085438,45.3892994,0.7252929286,-0.6791085438,-0.6639501212,-0.0002939456711,0.6256878675
0.01179581528,-2.68995276e-06,3.089566055e-05,0.6869727653,-2.642307638e-06,-0.0002671771927,0.0003615767047,0.6884004724,38.30176664,-0.0003096236493,0.7008765673,42.99119886,0.6869727653,-0.7008765673,-0.6884004724,-0.0003042913889,0.5942551837
0.01236620166,-2.551638015e-06,0.0004304135686,0.6491752669,-2.506442758e-06,-0.0002559259291,0.0007674662959,0.7122422834,36.27842034,-0.0003203573269,0.7221403633,40.62580702,0.6491752669,-0.7221403633,-0.7122422834,-0.0003152992461,0.5636991622
0.01295463085,-2.417224099e-06,0.0008564151608,0.6120185677,-2.374409615e-06,-0.0002439759932,0.001198560504,0.7354578252,34.31773684,-0.0003317926507,0.7429047101,38.30051682,0.6120185677,-0.7429047101,-0.7354578252,-0.000327001017,0.5340048986
0.01356227437,-2.286628345e-06,0.001310240063,0.5756021684,-2.246127006e-06,-0.0002312902624,0.001656198531,0.7580322336,32.41803477,-0.0003439647304,0.7631743059,36.02155506,0.5756021684,-0.7631743059,-0.7580322336,-0.000339431975,0.5051541303
0.01419042138,-2.159761276e-06,0.001793353632,0.5400099921,-2.121507039e-06,-0.0002178278119,0.00214185674,0.7799527483,30.57756083,-0.0003569124424,0.7829532497,33.7941737,0.5400099921,-0.7829532497,-0.7799527483,-0.000352631174,0.4771270905
0.01484048416,-2.036532942e-06,0.002307356996,0.5053130717,-2.000461356e-06,-0.0002035436393,0.00265715859,0.80120808,28.79458171,-0.0003706787342,0.8022446238,31.62281804,0.5053130717,-0.8022446238,-0.80120808,-0.0003666417399,0.4499039074
0.01551400451,-1.916857717e-06,0.002853997218,0.4715718962,-1.882905849e-06,-0.0001883883802,0.003203884904,0.8217878834,27.0674523,-0.0003853109326,0.8210501482,29.51127351,0.4715718962,-0.8210501482,-0.8217878834,-0.000381511169,0.4234656651
0.0162126612,-1.800657871e-06,0.003435177842,0.4388384144,-1.768764164e-06,-0.0001723080071,0.003783984732,0.8416823395,25.39466532,-0.0004008610641,0.8393699028,27.46279109,0.4388384144,-0.8393699028,-0.8416823395,-0.000397291642,0.3977951918
0.01646902874,-1.75992222e-06,0.003651852456,0.4273826485,-1.728750033e-06,-0.0001663200616,0.004,0.8486306215,24.80922046,-0.0004066572172,0.8458049103,26.74588187,0.4273826485,-0.8458049103,-0.8486306215,-0.0004031685449,0.3887960108
0.01646902874,-1.75992222e-06,0.003651852456,0.4273826485,-1.728750033e-06,-0.0001663200616,0.004,0.8486306215,24.80922046,-0.0004066572172,0.8458049103,26.74588187,0.4273826485,-0.8458049103,-0.8486306215,-0.0004031685449,0.3887960108
0.0164770224,-1.758670028e-06,0.003658636973,0.4270301255,-1.72752002e-06,-0.0001661326443,0.004006761083,0.8488443308,-122.6675898,-0.0004068386983,0.8456102226,26.72382076,0.4270301255,-0.8456102226,-0.8488443308,-0.0004033525083,0.3885193807
0.016483548,-1.757667886e-06,0.003664176757,0.4267425526,-1.726535628e-06,-0.0001659798116,0.004012274525,0.8490186609,-461.2359679,-0.0004069868831,0.8438113197,26.70582426,0.4267425526,-0.8438113197,-0.8490186609,-0.0004035026796,0.3882979909
0.01649086893,-1.756616284e-06,0.003670393078,0.4264201529,-1.725502653e-06,-0.0001658090506,0.004018434736,0.8492140985,-1071.494604,-0.0004071531626,0.8383477593,26.68564828,0.4264201529,-0.8383477593,-0.8492140985,-0.0004036710437,0.3880656747
0.01649818986,-1.755727801e-06,0.00367661083,0.4260979882,-1.724629906e-06,-0.0001656399106,0.004024536464,0.8494093884,-1917.309278,-0.0004073194745,0.8275471992,26.66548701,0.4260979882,-0.8275471992,-0.8494093884,-0.0004038391168,0.3878693939
0.01650656991,-1.755069946e-06,0.00368372986,0.4257295041,-1.723983704e-06,-0.0001654499206,0.004031390356,0.84963275,-3153.822831,-0.0004075098769,0.8064884224,26.64242703,0.4257295041,-0.8064884224,-0.84963275,-0.0004040308232,0.3877240629
0.01651705314,-1.755136005e-06,0.003692638224,0.4252689727,-1.724048593e-06,-0.000165221279,0.004039638607,0.8499118977,-5043.706252,-0.0004077480823,0.7638139066,26.61360668,0.4252689727,-0.7638139066,-0.8499118977,-0.0004042688978,0.3877386565
0.01652516135,-1.756191631e-06,0.00369953036,0.4249131067,-1.725085521e-06,-0.0001650546927,0.004045648212,0.850127596,-6697.047852,-0.0004079323002,0.716301426,26.59133636,0.4249131067,-0.716301426,-0.850127596,-0.000404451023,0.3879718617
0.01652885593,-1.757049976e-06,0.003702671404,0.4247510485,-1.725928663e-06,-0.00016498265,0.004048247154,0.850225821,-7484.225095,-0.0004080162236,0.6901089059,26.58119465,0.4247510485,-0.6901089059,-0.850225821,-0.000404533245,0.3881614844
0.01653089078,-1.757638778e-06,0.003704401544,0.4246618176,-1.726507036e-06,-0.0001649441615,0.004049635628,0.8502799042,-7922.628576,-0.0004080624392,0.6744339581,26.57561052,0.4246618176,-0.6744339581,-0.8502799042,-0.0004045782934,0.3882915605
0.01653228128,-1.758091787e-06,0.003705583884,0.4246008528,-1.726952021e-06,-0.0001649183807,0.004050565672,0.8503168549,-8223.240321,-0.0004080940169,0.663208605,26.5717953,0.4246008528,-0.663208605,-0.8503168549,-0.0004046089731,0.3883916377
0.0165332,-1.758414545e-06,0.0037063651,0.4245605772,-1.727269063e-06,-0.0001649015877,0.004051171478,0.8503412659,-8422.051652,-0.0004081148791,0.6555624145,26.56927483,0.4245605772,-0.6555624145,-0.8503412659,-0.0004046291955,0.3884629404
0.01653342984,-1.75849827e-06,0.003706560538,0.4245505021,-1.727351305e-06,-0.0001648974173,0.004051321926,0.8503473723,-8440.431671,-0.0004081200979,0.6536241078,26.56864433,0.4245505021,-0.6536241078,-0.8503473723,-0.0004046342483,0.3884814366
0.01653353144,-1.758535665e-06,0.003706646933,0.4245460485,-1.727388037e-06,-0.0001648955777,0.00405138829,0.8503500717,-8445.890526,-0.0004081224049,0.6527662873,26.56836561,0.4245460485,-0.6527662873,-0.8503500717,-0.0004046364812,0.3884896977
0.01653454743,-1.758922571e-06,0.003707510897,0.4245015143,-1.72776809e-06,-0.0001648773147,0.004052047128,0.8503770636,-8500.260286,-0.0004081454738,0.644157655,26.56557864,0.4245015143,-0.644157655,-0.8503770636,-0.0004046587831,0.3885751716
0.01653671649,-1.759827939e-06,0.003709355475,0.424406453,-1.728657422e-06,-0.0001648391407,0.004053424256,0.8504346793,-8614.761781,-0.0004081947174,0.6255955144,26.55962964,0.424406453,-0.6255955144,-0.8504346793,-0.0004047062321,0.3887751824
0.0165394805,-1.761140043e-06,0.003711706186,0.424285347,-1.729946286e-06,-0.0001647921258,0.004055120318,0.8505080799,-8756.781061,-0.0004082574545,0.6015868386,26.55205075,0.424285347,-0.6015868386,-0.8505080799,-0.0004047663682,0.389065048
0.01654284342,-1.76297945e-06,0.003714566525,0.4241380446,-1.731753112e-06,-0.0001647374272,0.004057093573,0.8505973568,-8922.09526,-0.0004083337617,0.5718579748,26.54283247,0.4241380446,-0.5718579748,-0.8505973568,-0.0004048390291,0.3894714034
0.01654678291,-1.765479345e-06,0.003717917657,0.4239655497,-1.734208729e-06,-0.000164676911,0.004059276695,0.8507019009,-9102.724971,-0.0004084231135,0.536348527,26.53203763,0.4239655497,-0.536348527,-0.8507019009,-0.0004049234254,0.3900236717
0.01655126163,-1.768782023e-06,0.003721727978,0.4237695267,-1.737452909e-06,-0.0001646128716,0.004061586917,0.850820703,-9287.287826,-0.0004085246369,0.4951576817,26.51977038,0.4237695267,-0.4951576817,-0.850820703,-0.000405018402,0.3907532882
0.0165562338,-1.773033094e-06,0.003725958728,0.4235520092,-1.741628684e-06,-0.000164547828,0.004063933368,0.8509525299,-9461.461791,-0.0004086372613,0.4485323137,26.50615799,0.4235520092,-0.4485323137,-0.8509525299,-0.0004051225995,0.3916924203
0.01656165416,-1.778379615e-06,0.00373057159,0.4233150071,-1.746880506e-06,-0.0001644843093,0.004066224807,0.8510961627,-9608.850056,-0.0004087599207,0.3968270232,26.49132625,0.4233150071,-0.3968270232,-0.8510961627,-0.0004052346605,0.3928735554
0.01656748464,-1.784971024e-06,0.003735534339,0.4230602161,-1.753355167e-06,-0.0001644247196,0.004068374506,0.8512505734,-9711.87237,-0.0004088917039,0.3404731723,26.47538126,0.4230602161,-0.3404731723,-0.8512505734,-0.0004053533777,0.3943297071
0.01657370131,-1.792966358e-06,0.003740826794,0.4227887117,-1.761208885e-06,-0.0001643712599,0.004070303067,0.8514151092,-9752.543638,-0.0004090320116,0.2799329799,26.45839034,0.4227887117,-0.2799329799,-0.8514151092,-0.0004054778364,0.3960960089
0.01658030152,-1.802549272e-06,0.003746446883,0.4225006412,-1.770622064e-06,-0.0001643259287,0.004071938389,0.8515896805,-9712.838042,-0.0004091807141,0.2156473398,26.44036271,0.4225006412,-0.2156473398,-0.8515896805,-0.0004056075427,0.3982130336
0.01658732185,-1.813970552e-06,0.003752425981,0.4221944418,-1.781841047e-06,-0.0001642905718,0.004073213891,0.8517752335,-9574.135264,-0.0004093385497,0.1478883674,26.42120055,0.4221944418,-0.1478883674,-0.8517752335,-0.0004057427381,0.4007361837
0.01659487043,-1.827639166e-06,0.003758856423,0.4218654419,-1.795267559e-06,-0.000164267127,0.004074059663,0.8519745982,-9314.441243,-0.0004095078347,0.07652630612,26.40061152,0.4218654419,-0.07652630612,-0.8519745982,-0.000405884928,0.4037558073
0.01660326794,-1.84448202e-06,0.003766011824,0.4214997324,-1.811812088e-06,-0.0001642582916,0.004074378399,0.8521962016,-8896.603142,-0.0004096955808,-2.91843797e-05,26.37772519,0.4214997324,2.91843797e-05,-0.8521962016,-0.0004060392867,0.4074766731
0.01661516075,-1.871120275e-06,0.003776148691,0.4209823283,-1.83797852e-06,-0.000164275256,0.004073766408,0.8525097142,-8096.620415,-0.0004099603118,-0.1013012549,26.34534571,0.4209823283,0.1013012549,-0.8525097142,-0.000406251213,0.4133615054
0.01662308568,-1.890544659e-06,0.0037829056,0.4206378898,-1.857058855e-06,-0.0001643043759,0.004072715907,0.8527184138,-7450.363403,-0.0004101358896,-0.1629577619,26.32379052,0.4206378898,0.1629577619,-0.8527184138,-0.0004063882861,0.4176526742
0.01663203552,-1.913928595e-06,0.003790538345,0.4202492337,-1.880028608e-06,-0.0001643527817,0.004070969667,0.8529538986,-6638.23261,-0.0004103333104,-0.2260584368,26.29946818,0.4202492337,0.2260584368,-0.8529538986,-0.0004065393532,0.4228185734
0.01664098535,-1.938674711e-06,0.003798173196,0.4198609248,-1.904336415e-06,-0.0001644159157,0.004068692105,0.8531891658,-5766.484259,-0.0004105297585,-0.2816020664,26.27516755,0.4198609248,0.2816020664,-0.8531891658,-0.0004066867474,0.4282854009
0.01664993519,-1.964590926e-06,0.003805810152,0.4194729627,-1.929793596e-06,-0.0001644918478,0.004065952854,0.8534242156,-4864.237514,-0.0004107251829,-0.3291857742,26.25088863,0.4194729627,0.3291857742,-0.8534242156,-0.0004068307984,0.4340107228
0.01665888503,-1.991478879e-06,0.00381344921,0.4190853472,-1.956205302e-06,-0.0001645785798,0.004062823997,0.8536590482,-3959.282634,-0.0004109195402,-0.3686625279,26.2266314,0.4190853472,0.3686625279,-0.8536590482,-0.000406971856,0.4399507176
0.01666783486,-2.019139881e-06,0.00382109037,0.418698078,-1.983376365e-06,-0.000164674107,0.004059377852,0.8538936638,-3076.680027,-0.0004111127952,-0.4001227014,26.20239585,0.418698078,0.4001227014,-0.8538936638,-0.0004071102789,0.4460614917
0.0166767847,-2.047380301e-06,0.003828733628,0.4183111549,-2.011116584e-06,-0.0001647764736,0.004055684973,0.8541280626,-2237.753337,-0.0004113049205,-0.4238648299,26.17818195,0.4183111549,0.4238648299,-0.8541280626,-0.0004072464237,0.452300269
0.01668573454,-2.076016168e-06,0.003836378982,0.4179245776,-2.039245245e-06,-0.0001648838201,0.004051812445,0.8543622448,-1459.49375,-0.0004114958967,-0.4403591992,26.1539897,0.4179245776,0.4403591992,-0.8543622448,-0.0004073806353,0.4586264069
0.01669468438,-2.104876844e-06,0.003844026432,0.4175383459,-2.067594734e-06,-0.0001649944208,0.004047822522,0.8545962106,-754.349714,-0.0004116857112,-0.4502078597,26.12981906,0.4175383459,0.4502078597,-0.8545962106,-0.0004075132396,0.4650022089
0.01670363421,-2.133807736e-06,0.003851675975,0.4171524594,-2.096013195e-06,-0.0001651067115,0.004043771634,0.8548299601,-130.3447966,-0.000411874358,-0.4541042796,26.10567004,0.4171524594,0.4541042796,-0.8548299601,-0.0004076445371,0.471393523
0.01670545994,-2.13970547e-06,0.003853236707,0.4170737825,-2.101806466e-06,-0.0001651296976,0.00404294241,0.8548776175,-13.43972475,-0.0004119126977,-0.4542349936,26.10074639,0.4170737825,0.4542349936,-0.8548776175,-0.0004076711858,0.4726964302
0.01670585363,-2.140976736e-06,0.003853573263,0.4170568192,-2.103055216e-06,-0.0001651346546,0.004042763584,0.8548878928,11.30153218,-0.0004119209586,-0.454235409,26.09968481,0.4170568192,0.454235409,-0.8548878928,-0.0004076769266,0.472977274
0.0167060216,-2.14151907e-06,0.003853716857,0.4170495818,-2.103587943e-06,-0.0001651367696,0.004042687287,0.8548922767,21.80697566,-0.0004119244825,-0.454232628,26.0992319,0.4170495818,0.454232628,-0.8548922767,-0.0004076793755,0.4730970845
0.01670613897,-2.141898038e-06,0.003853817203,0.4170445244,-2.1039602e-06,-0.0001651382475,0.00404263397,0.8548953401,29.13036889,-0.0004119269447,-0.4542296384,26.0989154,0.4170445244,0.4542296384,-0.8548953401,-0.0004076810865,0.4731808049
0.01670616373,-2.141977956e-06,0.003853838365,0.4170434579,-2.104038702e-06,-0.0001651385592,0.004042622726,0.8548959862,30.31996758,-0.000411927464,-0.4542288997,26.09884865,0.4170434579,0.4542288997,-0.8548959862,-0.0004076814473,0.4731984601
0.01670617462,-2.142013128e-06,0.003853847678,0.4170429885,-2.104073251e-06,-0.0001651386964,0.004042617778,0.8548962705,30.32047861,-0.0004119276925,-0.4542285694,26.09881928,0.4170429885,0.4542285694,-0.8548962705,-0.0004076816061,0.4732062302
0.01670628357,-2.142364843e-06,0.003853940814,0.4170382945,-2.104418736e-06,-0.0001651400681,0.004042568293,0.8548991138,30.32557228,-0.0004119299776,-0.4542252659,26.09852553,0.4170382945,0.4542252659,-0.8548991138,-0.000407683194,0.4732839299
0.016707373,-2.145881151e-06,0.003854872186,0.4169913578,-2.107872762e-06,-0.0001651537848,0.004042073462,0.8549275448,30.37649878,-0.0004119528191,-0.4541922004,26.0955882,0.4169913578,0.4541922004,-0.8549275448,-0.0004076990652,0.4740607405
0.01671826734,-2.180960082e-06,0.003864187605,0.416522272,-2.142330366e-06,-0.0001652908966,0.004037127151,0.8552116791,30.88475199,-0.0004121802849,-0.4538584983,26.0662325,0.416522272,0.4538584983,-0.8552116791,-0.0004078569944,0.4818102583
0.01674771692,-2.275022168e-06,0.003889384517,0.4152567937,-2.234726401e-06,-0.0001656610239,0.004023774801,0.8559781519,32.24945841,-0.0004127865778,-0.4529288275,25.98703806,0.4152567937,0.4529288275,-0.8559781519,-0.0004082768292,0.5025901334
0.0167937563,-2.419854499e-06,0.00392882072,0.4132858884,-2.376993425e-06,-0.000166238089,0.004002957163,0.8571717376,34.3560533,-0.0004137095675,-0.4513954635,25.86369753,0.4132858884,0.4513954635,-0.8571717376,-0.0004089127196,0.5345859977
0.01680030909,-2.440250027e-06,0.003934438148,0.4130061064,-2.397027703e-06,-0.0001663200616,0.004,0.8573411598,34.6532222,-0.0004138385003,-0.4511693612,25.84618859,0.4130061064,0.4511693612,-0.8573411598,-0.0004090012225,0.5390917082
0.01680030909,-2.440250027e-06,0.003934438148,0.4130061064,-2.397027703e-06,-0.0001663200616,0.004,0.8573411598,34.6532222,-0.0004138385003,-0.4511693612,25.84618859,0.4130061064,0.4511693612,-0.8573411598,-0.0004090012225,0.5390917082
0.01685714303,-2.614880642e-06,0.003983205882,0.4105871762,-2.568565216e-06,-0.000167029261,0.003974415616,0.8588057946,37.20284407,-0.0004149316672,-0.4491271938,25.69481038,0.4105871762,0.4491271938,-0.8588057946,-0.0004097482214,0.5776705076
0.01687669252,-2.674016719e-06,0.004,0.4097583011,-2.626653859e-06,-0.0001672724498,0.003965642574,0.8593076078,38.06834733,-0.000415297404,-0.4483914277,25.64293884,0.4097583011,0.4483914277,-0.8593076078,-0.0004099967334,0.5907346478
0.01687669252,-2.674016719e-06,0.004,0.4097583011,-2.626653859e-06,-0.0001672724498,0.003965642574,0.8593076078,38.06834733,-0.000415297404,-0.4483914277,25.64293884,0.4097583011,0.4483914277,-0.8593076078,-0.0004099967334,0.5907346478
0.01688515805,-2.699477329e-06,0.004007274394,0.409400651,-2.651663505e-06,-0.0001673776335,0.003961848072,0.8590428734,38.44131249,-0.0004154541645,-0.4480675795,-145.0787886,0.409400651,0.4480675795,-0.8590428734,-0.0004101030237,0.596359319
0.01689014614,-2.714437799e-06,0.004011556617,0.4091937654,-2.666358992e-06,-0.0001674395745,0.003959613549,0.8577194226,38.66055649,-0.0004155460767,-0.4478752837,-405.2162138,0.4091937654,0.4478752837,-0.8577194226,-0.0004101652799,0.599664335
0.01689753967,-2.736556204e-06,0.004017882225,0.4089046271,-2.688085629e-06,-0.0001675313366,0.003956303228,0.852659575,38.98482446,-0.0004156816935,-0.4475882464,-1005.939362,0.4089046271,0.4475882464,-0.852659575,-0.0004102570517,0.6045506574
0.01690353138,-2.754431443e-06,0.004022969282,0.4087009657,-2.705644258e-06,-0.0001676056571,0.003953622113,0.8447041467,39.24699449,-0.0004157910565,-0.4473538751,-1676.319761,0.4087009657,0.4473538751,-0.8447041467,-0.0004103309808,0.6084995943
0.01691260685,-2.781422383e-06,0.00403054954,0.4084886663,-2.732157127e-06,-0.000167718154,0.003949563785,0.8238078928,39.64304636,-0.0004159557867,-0.4469958918,-2984.998606,0.4084886663,0.4469958918,-0.8238078928,-0.0004104422072,0.6144623406
0.01691829385,-2.798284211e-06,0.00403518113,0.4084461448,-2.748720295e-06,-0.0001677886023,0.003947022361,0.8040940255,39.89058153,-0.0004160584497,-0.4467697376,-3967.058074,0.4084461448,0.4467697376,-0.8040940255,-0.0004105114452,0.6181873982
0.0169245633,-2.816826949e-06,0.004040136689,0.4085136448,-2.766934599e-06,-0.0001678662242,0.003944222149,0.7755085844,40.16289309,-0.000416171126,-0.446518792,-5171.059996,0.4085136448,0.446518792,-0.7755085844,-0.0004105873645,0.6222837966
0.01693083274,-2.835321504e-06,0.004044888669,0.4087355273,-2.785101574e-06,-0.0001679438024,0.003941423516,0.7390466577,40.43460168,-0.0004162832785,-0.4462661409,-6474.396987,0.4087355273,0.4462661409,-0.7390466577,-0.0004106628554,0.6263695506
0.01693710218,-2.853767947e-06,0.004049385955,0.4091500694,-2.803221289e-06,-0.0001680213364,0.003938626472,0.6941920538,40.70570752,-0.0004163949083,-0.4460117884,-7842.048287,0.4091500694,0.4460117884,-0.6941920538,-0.000410737919,0.6304446758
0.01693930974,-2.860251752e-06,0.004050898917,0.4093493427,-2.809590251e-06,-0.0001680486267,0.003937641975,0.6763404375,40.80102415,-0.0004164340905,-0.445921823,-8331.478767,0.4093493427,0.445921823,-0.6763404375,-0.0004107642485,0.6318770558
0.01694012256,-2.862637598e-06,0.004051445892,0.4094303348,-2.811933838e-06,-0.0001680586736,0.003937279532,0.6694950193,40.83610104,-0.0004164485012,-0.4458886446,-8512.054336,0.4094303348,0.4458886446,-0.6694950193,-0.0004107739297,0.6324041287
0.01694043368,-2.863550599e-06,0.004051653772,0.409462453,-2.812830668e-06,-0.000168062519,0.00393714081,0.6668356396,40.84952452,-0.0004164540147,-0.4458759376,-8579.948017,0.409462453,0.4458759376,-0.6668356396,-0.0004107776335,0.6326058258
0.01694057006,-2.863950764e-06,0.004051744632,0.4094767287,-2.813223745e-06,-0.0001680642046,0.003937080004,0.6656650289,40.85540805,-0.0004164564311,-0.4458703664,-8587.547355,0.4094767287,0.4458703664,-0.6656650289,-0.0004107792566,0.6326942288
0.01694193381,-2.867951161e-06,0.004052644425,0.4096261244,-2.817153286e-06,-0.0001680810588,0.003936471985,0.6539021056,40.91422772,-0.0004164805815,-0.4458146096,-8663.145856,0.4096261244,0.4458146096,-0.6539021056,-0.0004107954771,0.633577983
0.01694430434,-2.874899405e-06,0.004054170056,0.4099147547,-2.823978461e-06,-0.0001681103506,0.003935415284,0.6332120028,41.01640255,-0.0004165225022,-0.4457175002,-8792.481055,0.4099147547,0.4457175002,-0.6332120028,-0.0004108236243,0.6351129654
0.01694713874,-2.883198307e-06,0.004055929311,0.410308712,-2.83213037e-06,-0.0001681453659,0.003934152107,0.6080764146,41.13845828,-0.0004165725284,-0.4456010702,-8942.699205,0.410308712,0.4456010702,-0.6080764146,-0.0004108571997,0.6369463303
0.01695064028,-2.893437011e-06,0.004058003325,0.410870024,-2.842187724e-06,-0.0001681886101,0.003932592069,0.5764501644,41.28907258,-0.000416634183,-0.4454567585,-9119.749449,0.410870024,0.4454567585,-0.5764501644,-0.0004108985583,0.63920823
0.01695466565,-2.905188966e-06,0.004060249342,0.4116190283,-2.853731525e-06,-0.0001682383064,0.003930799276,0.5393536576,41.4619867,-0.0004167048613,-0.4452902067,-9308.753201,0.4116190283,0.4452902067,-0.5393536576,-0.0004109459408,0.6418044317
0.01695923851,-2.918515389e-06,0.004062617713,0.4126070068,-2.866821908e-06,-0.0001682947393,0.003928763459,0.496337423,41.65811805,-0.0004167848939,-0.4451001581,-9500.513797,0.4126070068,0.4451001581,-0.496337423,-0.0004109995566,0.6447484597
0.01696427925,-2.933175852e-06,0.004064998128,0.413868092,-2.8812227e-06,-0.0001683569181,0.003926520356,0.4479835381,41.87394576,-0.0004168727967,-0.4448896262,-9678.439813,0.413868092,0.4448896262,-0.4479835381,-0.0004110583981,0.6479871991
0.01696976036,-2.949082049e-06,0.004067307387,0.4154473343,-2.896847164e-06,-0.0001684244955,0.0039240825,0.3945071763,42.10818713,-0.0004169680007,-0.4446594687,-9826.11884,0.4154473343,0.4446594687,-0.3945071763,-0.0004111220715,0.651501142
0.01697563766,-2.966097548e-06,0.004069455653,0.4173844226,-2.913561279e-06,-0.0001684969188,0.003921469829,0.3364334432,42.3588501,-0.0004170696499,-0.4444112491,-9925.204872,0.4173844226,0.4444112491,-0.3364334432,-0.0004111899911,0.6552601478
0.0169818946,-2.984166138e-06,0.004071366076,0.4197256513,-2.931309834e-06,-0.0001685739754,0.003918690007,0.2741906403,42.62512346,-0.0004171773695,-0.4441453792,-9957.409705,0.4197256513,0.4441453792,-0.2741906403,-0.0004112618936,0.6592517991
0.01698853143,-3.00328005e-06,0.004072966757,0.4225233739,-2.950085195e-06,-0.0001686556602,0.003915743228,0.2082305582,42.90691009,-0.0004172910727,-0.4438615478,-9904.315942,0.4225233739,0.4438615478,-0.2082305582,-0.0004113377075,0.6634743793
0.01699559487,-3.023564151e-06,0.0040741916,0.4258530141,-2.970010019e-06,-0.000168742538,0.003912609111,0.1387672121,43.20607027,-0.0004174114566,-0.4435574203,-9746.676335,0.4258530141,0.4435574203,-0.1387672121,-0.0004114178824,0.6679554736
0.01700320961,-3.04536403e-06,0.004074968174,0.4298406876,-2.991423773e-06,-0.0001688361295,0.003909232794,0.0655616574,43.52772604,-0.0004175405131,-0.4432271923,-9460.961284,0.4298406876,0.4432271923,-0.0655616574,-0.0004115037253,0.6727714284
0.01701177398,-3.069799205e-06,0.004075187867,0.4348015553,-3.015426147e-06,-0.0001689413092,0.003905438434,-0.01360402242,43.88843801,-0.0004176847707,-0.4428528594,-9003.111126,0.4348015553,0.4428528594,0.01360402242,-0.0004115995453,0.678169564
0.01702249525,-3.100264158e-06,0.004074538144,0.4416798518,-3.045351497e-06,-0.0001690728522,0.003900693017,-0.106248026,44.33841699,-0.0004178640307,-0.4423799056,-8248.073691,0.4416798518,0.4423799056,0.106248026,-0.000411718415,0.6848997775
0.01703055353,-3.12307144e-06,0.004073421285,0.4472994851,-3.06775481e-06,-0.0001691716291,0.003897129639,-0.1700359115,44.67547481,-0.0004179977969,-0.4420212555,-7569.655124,0.4472994851,0.4420212555,0.1700359115,-0.0004118069706,0.6899382842
0.01703921648,-3.147503497e-06,0.004071674142,0.4537272875,-3.09175412e-06,-0.0001692777281,0.003893302115,-0.232153918,45.03672071,-0.0004181406768,-0.4416326688,-6759.616706,0.4537272875,0.4416326688,0.232153918,-0.0004119014192,0.6953357309
0.01704787942,-3.171846007e-06,0.004069420071,0.4605086479,-3.115665469e-06,-0.0001693837334,0.003889477971,-0.286987313,45.39682393,-0.0004182826034,-0.4412409577,-5892.466502,0.4605086479,0.4412409577,0.286987313,-0.0004119950919,0.7007133952
0.01705654236,-3.196099152e-06,0.004066723975,0.4675925933,-3.139489037e-06,-0.0001694896443,0.003885657234,-0.3341605805,45.75578518,-0.00041842358,-0.4408461319,-4995.65149,0.4675925933,0.4408461319,0.3341605805,-0.0004120879918,0.7060713173
0.01706520531,-3.220263116e-06,0.004063652994,0.4749267029,-3.163225002e-06,-0.00016959546,0.00388183993,-0.3735317277,46.11360519,-0.0004185636101,-0.4404482015,-4095.402422,0.4749267029,0.4404482015,0.3735317277,-0.000412180122,0.7114095376
0.01707386825,-3.244338079e-06,0.004060274538,0.4824586032,-3.186873543e-06,-0.0001697011797,0.003878026087,-0.4051760767,46.47028467,-0.0004187026973,-0.4400471762,-3215.477729,0.4824586032,0.4400471762,0.4051760767,-0.0004122714857,0.7167280963
0.01708253119,-3.268324223e-06,0.004056654516,0.4901373163,-3.210434839e-06,-0.0001698068028,0.003874215732,-0.4293606279,46.82582434,-0.000418840845,-0.4396430659,-2376.24887,0.4901373163,0.4396430659,0.4293606279,-0.0004123620859,0.7220270335
0.01709119413,-3.292221731e-06,0.004052855806,0.4979144109,-3.233909068e-06,-0.0001699123285,0.00387040889,-0.446512051,47.18022496,-0.0004189780566,-0.4392358806,-1594.143398,0.4979144109,0.4392358806,0.446512051,-0.0004124519258,0.7273063893
0.01709985708,-3.316030782e-06,0.004048937026,0.5057449244,-3.257296408e-06,-0.000170017756,0.00386660559,-0.4571813406,47.53348726,-0.0004191143357,-0.43882563,-881.4261153,0.5057449244,0.43882563,0.4571813406,-0.0004125410085,0.7325662037
0.01710852002,-3.339751558e-06,0.004044951611,0.5135880451,-3.280597035e-06,-0.0001701230847,0.003862805856,-0.4620078815,47.885612,-0.0004192496857,-0.4384123241,-246.2719075,0.5135880451,0.4384123241,0.4620078815,-0.0004126293371,0.7378065166
0.01711028711,-3.344579349e-06,0.004044134882,0.5151860967,-3.285339315e-06,-0.0001701445576,0.003862031219,-0.4623369084,47.95729954,-0.0004192771809,-0.4383276427,-126.6950481,0.5151860967,0.4383276427,0.4623369084,-0.0004126472622,0.7388730556
0.01711152903,-3.347970168e-06,0.004043560619,0.5163084704,-3.288670075e-06,-0.0001701596465,0.003861486887,-0.46244317,48.00765383,-0.0004192964817,-0.4382680522,-44.71297839,0.5163084704,0.4382680522,0.46244317,-0.0004126598414,0.7396221438
0.01711211654,-3.349573624e-06,0.004043288922,0.5168391809,-3.29024513e-06,-0.0001701667839,0.003861229407,-0.4624582024,48.03146668,-0.0004193056057,-0.4382398401,-6.523495515,0.5168391809,0.4382398401,0.4624582024,-0.0004126657869,0.7399763738
0.01711255355,-3.350766043e-06,0.004043086826,0.517233822,-3.291416429e-06,-0.0001701720925,0.003861037899,-0.4624548928,48.04917575,-0.0004193123895,-0.4382188463,21.63496313,0.517233822,0.4382188463,0.4624548928,-0.000412670207,0.7402397991
0.01711269124,-3.351141712e-06,0.004043023149,0.5173581476,-3.291785444e-06,-0.0001701737651,0.00386097756,-0.4624513057,48.05475504,-0.0004193145265,-0.4382122298,30.46351809,0.5173581476,0.4382122298,0.4624513057,-0.0004126715993,0.7403227906
0.01711272297,-3.351228275e-06,0.004043008476,0.5173867946,-3.291870473e-06,-0.0001701741505,0.003860963656,-0.4624503061,48.05604064,-0.0004193150189,-0.4382107051,32.37839788,0.5173867946,0.4382107051,0.4624503061,-0.0004126719201,0.7403419136
0.0171127372,-3.35126709e-06,0.004043001896,0.51739964,-3.291908601e-06,-0.0001701743233,0.003860957421,-0.4624498455,48.05661711,-0.0004193152397,-0.4382100214,32.37920328,0.51739964,0.4382100214,0.4624498455,-0.000412672064,0.7403504885
0.01711287947,-3.351655228e-06,0.004042936101,0.5175280885,-3.292289864e-06,-0.0001701760516,0.003860895075,-0.4624452381,48.06238164,-0.0004193174475,-0.4382031837,32.38724167,0.5175280885,0.4382031837,0.4624452381,-0.0004126735024,0.7404362347
0.01711398764,-3.354677568e-06,0.004042423655,0.5185281876,-3.295258672e-06,-0.0001701895116,0.003860409503,-0.462409313,48.10727032,-0.0004193346351,-0.4381498977,32.44982852,0.5185281876,0.4381498977,0.462409313,-0.0004126846989,0.7411039197
0.01712106554,-3.373947436e-06,0.004039151585,0.5249005061,-3.314187227e-06,-0.0001702754429,0.003857309529,-0.4621782241,48.39353764,-0.000419444057,-0.4378083857,32.84861232,0.5249005061,0.4378083857,0.4621782241,-0.0004127559224,0.7453609532
0.01714743771,-3.445231279e-06,0.004026974537,0.5484111544,-3.384208473e-06,-0.0001705950271,0.003845780524,-0.4612924839,49.45349476,-0.0004198463655,-0.4365181434,34.31992386,0.5484111544,0.4365181434,0.4612924839,-0.0004130169258,0.7611087366
0.01719516734,-3.572190817e-06,0.004004997303,0.5900415817,-3.508919271e-06,-0.0001711709879,0.003825002724,-0.4595919397,51.34516751,-0.000420553099,-0.4341124651,36.92518285,0.5900415817,0.4341124651,0.4595919397,-0.000413471989,0.7891562043
0.01720604547,-3.600758669e-06,0.004,0.599365984,-3.536981122e-06,-0.0001713018065,0.00382028344,-0.4591870856,51.77150167,-0.0004207103642,-0.4335516054,37.50870997,0.599365984,0.4335516054,0.4591870856,-0.0004135726244,0.7954673168
0.01720604547,-3.600758669e-06,0.004,0.599365984,-3.536981122e-06,-0.0001713018065,0.00382028344,-0.4591870856,51.77150167,-0.0004207103642,-0.4335516054,37.50870997,0.599365984,0.4335516054,0.4591870856,-0.0004135726244,0.7954673168
0.01726887742,-3.763120925e-06,0.003971224609,0.6520577462,-3.696467577e-06,-0.000172054047,0.003793146347,-0.4567260996,54.19926008,-0.0004215915531,-0.4302221208,40.80619444,0.6520577462,0.4302221208,0.4567260996,-0.0004141319646,0.8313358323
0.0173550814,-3.978632234e-06,0.003932010047,0.7211970564,-3.908161695e-06,-0.0001730764009,0.003756264909,-0.4530203384,57.43418039,-0.0004227268962,-0.4254097029,45.13297708,0.7211970564,0.4254097029,0.4530203384,-0.0004148401023,0.8789458552
0.01745627623,-4.221136321e-06,0.00388640614,0.7978892546,-4.146370489e-06,-0.0001742614003,0.003713516028,-0.4482077827,61.09123932,-0.0004239549789,-0.4194113504,49.93242432,0.7978892546,0.4194113504,0.4482077827,-0.0004155874721,0.9325190304
0.0175777441,-4.497635409e-06,0.003832345139,0.8838786057,-4.417972155e-06,-0.0001756608139,0.003663032147,-0.4418116872,65.28287549,-0.0004252866307,-0.411733979,55.31369339,0.8838786057,0.411733979,0.4418116872,-0.0004163710232,0.9936022654
0.01771856569,-4.798845753e-06,0.003770696393,0.9757541872,-4.713847385e-06,-0.0001772496783,0.00360571383,-0.4336115154,69.87570507,-0.0004266466307,-0.402214022,61.06332655,0.9757541872,0.402214022,0.4336115154,-0.0004171339376,1.060144627
0.01788072652,-5.120848842e-06,0.003701211498,1.0718456,-5.030147074e-06,-0.0001790315918,0.003541431259,-0.4232133879,74.81623225,-0.0004279843269,-0.3904773531,67.07678913,1.0718456,0.3904773531,0.4232133879,-0.000417833331,1.13128045
0.01806568717,-5.456946955e-06,0.003624117039,1.169727488,-5.360292133e-06,-0.000180997299,0.003470518327,-0.4102287787,80.00680519,-0.0004292349897,-0.3761520607,73.20230084,1.169727488,0.3761520607,0.4102287787,-0.0004184177506,1.205530098
0.01827650104,-5.801390094e-06,0.003539308678,1.267381991,-5.698634408e-06,-0.0001831450306,0.003393038863,-0.3941370196,85.36205931,-0.0004303361276,-0.3587107117,79.31358266,1.267381991,0.3587107117,0.3941370196,-0.0004188361031,1.281623301
0.01851852029,-6.148836007e-06,0.003446303747,1.363030686,-6.039926271e-06,-0.0001854807192,0.003308778841,-0.3741962573,90.80071736,-0.0004312215286,-0.3373783489,85.29933967,1.363030686,0.3373783489,0.3741962573,-0.0004190327664,1.358379866
0.0188032409,-6.49618691e-06,0.003343302356,1.455602612,-6.381124807e-06,-0.0001880393012,0.003216477938,-0.34905503,96.27475052,-0.000431815235,-0.3107231662,91.09255056,1.455602612,0.3107231662,0.34905503,-0.0004189379233,1.435115442
0.01913838101,-6.826707307e-06,0.003231542373,1.540608238,-6.705790943e-06,-0.0001907731883,0.003117852901,-0.317592915,101.5177671,-0.0004319993015,-0.277544117,96.41225749,1.540608238,0.277544117,0.317592915,-0.0004184668032,1.508132881
0.01947352111,-7.080287698e-06,0.003130598396,1.603542028,-6.954879855e-06,-0.0001931913125,0.003030619014,-0.2845859714,105.5629146,-0.0004317426576,-0.2428116462,100.3506947,1.603542028,0.2428116462,0.2845859714,-0.00041770749,1.564152995
0.01983723477,-7.277584628e-06,0.003033800419,1.65089766,-7.148682211e-06,-0.0001954437068,0.002949363839,-0.2475103522,108.7238082,-0.0004310936074,-0.2038053749,103.3142407,1.65089766,0.2038053749,0.2475103522,-0.0004166673405,1.60773916
0.02021398195,-7.406424015e-06,0.002947934643,1.680866743,-7.275239563e-06,-0.0001973566993,0.002880352591,-0.2081991539,110.7943618,-0.0004301446966,-0.1624178697,105.1897252,1.680866743,0.1624178697,0.2081991539,-0.000415463033,1.636201917
0.02061756409,-7.470488647e-06,0.002872507395,1.695366775,-7.338169466e-06,-0.0001989226073,0.002823862424,-0.1655288926,111.8258202,-0.0004289526743,-0.1174567996,106.0971466,1.695366775,0.1174567996,0.1655288926,-0.0004141440161,1.650354857
0.02104887957,-7.467164381e-06,0.002810986972,1.694697803,-7.33490408e-06,-0.0002000384051,0.002783609993,-0.1197431771,111.7722677,-0.0004276201168,-0.06919690099,106.0552819,1.694697803,0.06919690099,0.1197431771,-0.0004128180483,1.649620472
0.02152206045,-7.39320389e-06,0.002766170964,1.67891819,-7.262253596e-06,-0.0002006001285,0.002763345809,-0.06975944455,110.5816702,-0.0004262410419,-0.01654822788,105.0677835,1.67891819,0.01654822788,0.06975944455,-0.0004115855844,1.633281372
0.02203813248,-7.246088645e-06,0.002744084388,1.648106436,-7.117744093e-06,-0.000200431272,0.00276943731,-0.01600168837,108.2184135,-0.0004249954466,0.03995172254,103.139564,1.648106436,-0.03995172254,0.01600168837,-0.0004106316138,1.600781175
0.02255420451,-7.046479626e-06,0.002749452646,1.606910643,-6.9216706e-06,-0.0001994639846,0.002804332225,0.03658396837,105.0224689,-0.0004241567328,0.09500577113,100.5615047,1.606910643,-0.09500577113,-0.03658396837,-0.0004101885826,1.556684231
0.02307141051,-6.808574254e-06,0.002781692889,1.558280505,-6.687979068e-06,-0.0001977170489,0.002867352971,0.08782428459,101.2292589,-0.000423829386,0.1483638502,97.51819938,1.558280505,-0.1483638502,-0.08782428459,-0.0004103328327,1.504126988
0.02359058311,-6.544056626e-06,0.002840282963,1.50447415,-6.428146642e-06,-0.0001952088313,0.002957836978,0.1375897565,97.03203705,-0.0004240915387,0.1998427766,94.15096296,1.50447415,-0.1998427766,-0.1375897565,-0.0004111193354,1.445690657
0.02411374718,-6.261705929e-06,0.002924987466,1.447080411,-6.150797012e-06,-0.0001919481831,0.003075464934,0.1859131405,92.57543437,-0.0004250030464,0.2494474737,90.55922574,1.447080411,-0.2494474737,-0.1859131405,-0.0004125905434,1.383314704
0.02464254285,-5.968546893e-06,0.003035785383,1.387313386,-5.862830483e-06,-0.0001879388716,0.003220100939,0.2328146941,87.97400354,-0.0004266125073,0.2971861294,86.81896674,1.387313386,-0.2971861294,-0.2328146941,-0.0004147811299,1.318551011
0.025178949,-5.669870923e-06,0.003172975171,1.326049172,-5.569444738e-06,-0.0001831753315,0.003391945755,0.2783570688,83.31297839,-0.0004289626491,0.3431235574,82.98501267,1.326049172,-0.3431235574,-0.2783570688,-0.0004177233334,1.252568535
0.02572489931,-5.369772243e-06,0.003337118098,1.263950972,-5.274661481e-06,-0.0001776448612,0.003591457599,0.3226001212,78.65719726,-0.0004320932004,0.3873318485,79.09886729,1.263950972,-0.3873318485,-0.3226001212,-0.0004214487667,1.186271758
0.02628239046,-5.071360294e-06,0.003529053224,1.201518837,-4.98153508e-06,-0.0001713270109,0.003819374191,0.3656042414,74.05486436,-0.0004360436036,0.4298914431,75.19182402,1.201518837,-0.4298914431,-0.3656042414,-0.0004259907082,1.120347609
0.02668855582,-4.860690471e-06,0.003683674164,1.156962255,-4.774596694e-06,-0.0001663200616,0.004,0.3955764036,70.82213754,-0.0004393877543,0.4593097663,72.40344436,1.156962255,-0.4593097663,-0.3955764036,-0.0004297524671,1.073807151
0.02668855582,-4.860690471e-06,0.003683674164,1.156962255,-4.774596694e-06,-0.0001663200616,0.004,0.3955764036,70.82213754,-0.0004393877543,0.4593097663,72.40344436,1.156962255,-0.4593097663,-0.3955764036,-0.0004297524671,1.073807151
0.02669964224,-4.855031485e-06,0.003688064138,1.15575887,-4.769037942e-06,-0.0001661788117,0.004005095594,0.396378681,-13.02281816,-0.0004394844199,0.4597850057,72.32813572,1.15575887,-0.4597850057,-0.396378681,-0.0004298603505,1.072556987
0.02670818084,-4.850696374e-06,0.003691451296,1.154832527,-4.764779615e-06,-0.0001660700501,0.004009019172,0.3969960151,-191.735592,-0.0004395590631,0.4589812782,72.27016458,1.154832527,-0.4589812782,-0.3969960151,-0.0004299435871,1.071599289
0.02671807462,-4.845751887e-06,0.003695382621,1.153759696,-4.759922706e-06,-0.0001659445664,0.004013545998,0.3977107077,-521.322896,-0.0004396457605,0.4555608286,72.20302615,1.153759696,-0.4555608286,-0.3977107077,-0.0004300400859,1.07050697
0.0267279684,-4.840981741e-06,0.003699321015,1.152687439,-4.75523705e-06,-0.0001658205259,0.004018020763,0.3984247363,-977.0533828,-0.0004397326751,0.4482489611,72.13592363,1.152687439,-0.4482489611,-0.3984247363,-0.0004301364563,1.069453165
0.02673894757,-4.83604884e-06,0.003703699737,1.151498224,-4.750391522e-06,-0.0001656860748,0.004022871089,0.399216321,-1616.931302,-0.0004398293662,0.4341291899,72.06150174,1.151498224,-0.4341291899,-0.399216321,-0.0004302429258,1.068363406
0.02675044414,-4.831523925e-06,0.003708294116,1.150253729,-4.745946753e-06,-0.0001655511547,0.004027738335,0.4000443333,-2411.608508,-0.0004399308605,0.4110769218,71.98362045,1.150253729,-0.4110769218,-0.4000443333,-0.0004303533898,1.067363777
0.02675943896,-4.828629648e-06,0.003711895354,1.149280592,-4.743103741e-06,-0.0001654516144,0.004031329253,0.400691539,-3095.86884,-0.000440010419,0.3863380902,71.92272094,1.149280592,-0.3863380902,-0.400691539,-0.0004304386856,1.066724383
0.02676843378,-4.826473287e-06,0.00371550241,1.148307936,-4.740985573e-06,-0.0001653590224,0.004034669511,0.401338197,-3807.040269,-0.0004400900804,0.3553022495,71.86185149,1.148307936,-0.3553022495,-0.401338197,-0.0004305226216,1.066248007
0.02677173469,-4.825899183e-06,0.003716827581,1.147951113,-4.740421638e-06,-0.0001653271,0.004035821114,0.4015753694,-4068.911114,-0.000440119334,0.3423030292,71.83952126,1.147951113,-0.3423030292,-0.4015753694,-0.0004305530132,1.066121178
0.02677357949,-4.825634163e-06,0.003717568529,1.147751721,-4.740161312e-06,-0.0001653097895,0.004036445588,0.4017078874,-4214.491566,-0.0004401356865,0.3346623004,71.82704318,1.147751721,-0.3346623004,-0.4017078874,-0.0004305698911,1.066062631
0.02677385942,-4.825597567e-06,0.003717680982,1.147721467,-4.740125364e-06,-0.0001653071973,0.004036539104,0.4017279936,-4234.592626,-0.0004401381681,0.3334794684,71.82514988,1.147721467,-0.3334794684,-0.4017279936,-0.0004305724451,1.066054546
0.0267739985,-4.825579744e-06,0.003717736855,1.147706436,-4.740107857e-06,-0.0001653059127,0.004036585443,0.4017379829,-4236.257735,-0.000440139401,0.3328904059,71.82420922,1.147706436,-0.3328904059,-0.4017379829,-0.0004305737134,1.066050609
0.02677538929,-4.82541466e-06,0.003718295661,1.147556131,-4.739945697e-06,-0.0001652931926,0.004037044325,0.4018378694,-4252.670458,-0.0004401517309,0.326987159,71.81480303,1.147556131,-0.326987159,-0.4018378694,-0.0004305863705,1.066014139
0.02677821862,-4.825152831e-06,0.00371943288,1.147250398,-4.739688505e-06,-0.0001652680203,0.004037952414,0.4020410301,-4284.597576,-0.0004401768167,0.3149093014,71.79567005,1.147250398,-0.3149093014,-0.4020410301,-0.0004306119754,1.065956296
0.02678178327,-4.824964996e-06,0.003720866469,1.146865276,-4.739503998e-06,-0.0001652376603,0.004039047652,0.4022969131,-4321.65277,-0.0004402084257,0.2995690706,71.77156886,1.146865276,-0.2995690706,-0.4022969131,-0.0004306439567,1.065914801
0.02678614158,-4.824952006e-06,0.003722620487,1.146394509,-4.739491237e-06,-0.00016520261,0.004040312092,0.4026096519,-4361.409677,-0.0004402470746,0.2806449492,71.742108,1.146394509,-0.2806449492,-0.4026096519,-0.0004306826314,1.065911931
0.02679124048,-4.825241469e-06,0.003724674284,1.145843892,-4.739775574e-06,-0.0001651645197,0.004041686202,0.4029753697,-4399.018592,-0.0004402922879,0.2583063443,71.70765004,1.145843892,-0.2583063443,-0.4029753697,-0.0004307272709,1.065975878
0.02679705393,-4.825974715e-06,0.003727018175,1.145216303,-4.740495833e-06,-0.0001651249596,0.004043113332,0.4033921247,-4428.608811,-0.0004403438242,0.232639589,71.66837506,1.145216303,-0.232639589,-0.4033921247,-0.0004307773537,1.066137864
0.02680352427,-4.827297922e-06,0.003729629757,1.144518038,-4.741795602e-06,-0.0001650858074,0.004044525749,0.4038557016,-4442.998811,-0.000440401154,0.2039274361,71.62467723,1.144518038,-0.2039274361,-0.4038557016,-0.0004308320604,1.066430183
0.02681061137,-4.829360351e-06,0.003732493724,1.143753502,-4.743821501e-06,-0.0001650488374,0.004045859443,0.4043631439,-4434.345274,-0.0004404638947,0.1724544918,71.57683206,1.143753502,-0.1724544918,-0.4043631439,-0.0004308907129,1.066885808
0.02681828855,-4.832313876e-06,0.0037356002,1.142925653,-4.746722712e-06,-0.0001650157508,0.004047053041,0.404912453,-4394.39288,-0.0004405317726,0.1385438297,71.52502471,1.142925653,-0.1385438297,-0.404912453,-0.000430952736,1.06753829
0.02682657028,-4.83632813e-06,0.003738956027,1.142033012,-4.750665865e-06,-0.0001649881005,0.004048050528,0.4055045726,-4314.507299,-0.0004406048658,0.1024549515,71.4691627,1.142033012,-0.1024549515,-0.4055045726,-0.0004310178718,1.068425105
0.02683553369,-4.841619753e-06,0.003742593602,1.141067365,-4.755863761e-06,-0.0001649674044,0.004048797139,0.4061449092,-4185.07968,-0.0004406837876,0.06432933269,71.40873189,1.141067365,-0.06432933269,-0.4061449092,-0.0004310863041,1.069594113
0.02684543291,-4.848567769e-06,0.003746617617,1.140001469,-4.762688712e-06,-0.0001649553547,0.004049231833,0.4068514697,-3992.30618,-0.0004407706763,0.02381277157,71.34202741,1.140001469,-0.02381277157,-0.4068514697,-0.0004311594198,1.071129045
0.0268575382,-4.858553766e-06,0.003751547897,1.138698845,-4.772497835e-06,-0.0001649552806,0.004049234507,0.4077145922,-3692.077246,-0.0004408764678,-0.02276484017,71.26050839,1.138698845,0.02276484017,-0.4077145922,-0.0004312454162,1.073335117
0.02686964349,-4.870051318e-06,0.00375648862,1.137397117,-4.78379174e-06,-0.0001649701836,0.00404869688,0.4085767282,-3332.340833,-0.0004409816719,-0.0653340459,71.1790454,1.137397117,0.0653340459,-0.4085767282,-0.0004313278288,1.075875117
0.02688174878,-4.88290183e-06,0.003761439773,1.136096287,-4.79641464e-06,-0.0001649986076,0.004047671483,0.4094378784,-2928.061882,-0.0004410862101,-0.1032628109,71.09763863,1.136096287,0.1032628109,-0.4094378784,-0.0004314068936,1.078714008
0.02689385407,-4.896928737e-06,0.003766401345,1.134796359,-4.810193099e-06,-0.000165038916,0.004046217356,0.4102980435,-2495.720284,-0.0004411900132,-0.1361108743,71.01628827,1.134796359,0.1361108743,-0.4102980435,-0.0004314828914,1.081812785
0.02690595936,-4.911944425e-06,0.003771373323,1.133497335,-4.824942825e-06,-0.0001650893583,0.00404439765,0.4111572242,-2051.9296,-0.0004412930223,-0.1636395976,70.9349945,1.133497335,0.1636395976,-0.4111572242,-0.000431556135,1.085129999
0.02691806465,-4.927757192e-06,0.003776355696,1.132199218,-4.840475512e-06,-0.000165148137,0.004042277207,0.4120154211,-1612.243383,-0.0004413951883,-0.185806115,70.85375751,1.132199218,0.185806115,-0.4120154211,-0.0004316269556,1.088623302
0.02693016994,-4.944177767e-06,0.003781348451,1.130902011,-4.856605242e-06,-0.0001652134707,0.004039920292,0.412872635,-1190.238866,-0.000441496473,-0.2027446455,70.77257746,1.130902011,0.2027446455,-0.412872635,-0.00043169569,1.092250879
0.02694227523,-4.961024993e-06,0.003786351578,1.129605717,-4.873154066e-06,-0.000165283649,0.004037388609,0.4137288666,-796.9198765,-0.0004415968482,-0.2147386272,70.69145455,1.129605717,0.2147386272,-0.4137288666,-0.0004317626691,1.095972711
0.02695438052,-4.978130429e-06,0.003791365064,1.128310339,-4.889956526e-06,-0.0001653570769,0.004034739696,0.4145841164,-440.4358273,-0.0004416962952,-0.2221875597,70.61038894,1.128310339,0.2221875597,-0.4145841164,-0.0004318282082,1.099751585
0.02696648581,-4.995341757e-06,0.003796388896,1.127015879,-4.906863002e-06,-0.0001654323082,0.004032025726,0.4154383853,-126.0783453,-0.0004417948041,-0.225572178,70.52938083,1.127015879,0.225572178,-0.4154383853,-0.0004318925994,1.103553853
0.02696919055,-4.999187876e-06,0.003797512805,1.126726779,-4.910640998e-06,-0.0001654492311,0.004031415231,0.4156291241,-61.91397478,-0.0004418166858,-0.2258259051,70.51128873,1.126726779,0.2258259051,-0.4156291241,-0.000431906857,1.104403525
0.02697150548,-5.00247749e-06,0.003798475147,1.126479379,-4.913872346e-06,-0.0001654637256,0.004030892341,0.415792335,-8.78917305,-0.0004418353767,-0.225907422,70.49580632,1.126479379,0.225907422,-0.415792335,-0.0004319190269,1.105130255
0.02697515189,-5.007652973e-06,0.003799991764,1.126089752,-4.918956159e-06,-0.0001654865566,0.004030068712,0.4160493471,71.52698873,-0.0004418647483,-0.2257917865,70.4714232,1.126089752,0.2257917865,-0.4160493471,-0.0004319381392,1.106273605
0.02697550346,-5.008151474e-06,0.003800138039,1.12605219,-4.919445831e-06,-0.000165488757,0.004029989335,0.4160741223,73.08350539,-0.0004418675757,-0.2257661604,70.46907256,1.12605219,0.2257661604,-0.4160741223,-0.0004319399784,1.106383732
0.02697569839,-5.00842783e-06,0.003800219146,1.126031364,-4.919717291e-06,-0.0001654899768,0.004029945327,0.4160878588,73.08774606,-0.000441869143,-0.2257519138,70.46776926,1.126031364,0.2257519138,-0.4160878588,-0.0004319409979,1.106444784
0.0269776477,-5.011189753e-06,0.003801030364,1.125823117,-4.922430295e-06,-0.0001655021715,0.004029505406,0.4162252095,73.1301647,-0.0004418848029,-0.2256094019,70.45473703,1.125823117,0.2256094019,-0.4162252095,-0.0004319511828,1.107054938
0.02699464614,-5.035148911e-06,0.003808115717,1.12400817,-4.945965082e-06,-0.0001656081846,0.004025680981,0.4174218648,73.49823603,-0.0004420203341,-0.22436317,70.34115642,1.12400817,0.22436317,-0.4174218648,-0.0004320392201,1.112347914
0.02704618526,-5.106425709e-06,0.003829722543,1.118516477,-5.015979407e-06,-0.0001659260049,0.004014215605,0.4210383251,74.59425901,-0.0004424201525,-0.2205467631,69.99748277,1.118516477,0.2205467631,-0.4210383251,-0.0004322977474,1.128094141
0.02711136424,-5.193658734e-06,0.003857313772,1.111595805,-5.101667339e-06,-0.0001663200616,0.004,0.4255865662,75.93775281,-0.0004429024413,-0.2156407444,69.56438266,1.111595805,0.2156407444,-0.4255865662,-0.0004326071153,1.147365363
0.02711136424,-5.193658734e-06,0.003857313772,1.111595805,-5.101667339e-06,-0.0001663200616,0.004,0.4255865662,75.93775281,-0.0004429024413,-0.2156407444,69.56438266,1.111595805,0.2156407444,-0.4255865662,-0.0004326071153,1.147365363
0.02719697735,-5.303401056e-06,0.003894003805,1.102547477,-5.209465877e-06,-0.000166824047,0.003981818717,0.431517928,77.63121867,-0.0004434978071,-0.2090664141,68.99813244,1.102547477,0.2090664141,-0.431517928,-0.0004329849401,1.171609262
0.02732178279,-5.453796696e-06,0.003948394828,1.089444073,-5.357197672e-06,-0.0001675304047,0.003956336847,0.4400780311,79.95799357,-0.00044429219,-0.199230687,68.17811295,1.089444073,0.199230687,-0.4400780311,-0.0004334811956,1.204834154
0.02743800405,-5.583945522e-06,0.004,1.077336727,-5.485041269e-06,-0.0001681571598,0.00393372664,0.4479576922,81.97710643,-0.000444958441,-0.1898191767,67.42042742,1.077336727,0.1898191767,-0.4479576922,-0.0004338894542,1.233586188
0.02743800405,-5.583945522e-06,0.004,1.077336727,-5.485041269e-06,-0.0001681571598,0.00393372664,0.4479576922,81.97710643,-0.000444958441,-0.1898191767,67.42042742,1.077336727,0.1898191767,-0.4479576922,-0.0004338894542,1.233586188
0.0274494483,-5.596257514e-06,0.004005130027,1.076150242,-5.497135188e-06,-0.0001682172281,0.003931559675,0.4484050772,82.16838107,-0.0004450204074,-0.1888799144,-17.54794929,1.076150242,0.1888799144,-0.4484050772,-0.0004339270147,1.236306112
0.02745576596,-5.603016029e-06,0.004007961837,1.075498634,-5.503773994e-06,-0.0001682502604,0.003930368036,0.4479434871,82.27339858,-0.0004450543436,-0.1883604707,-137.1812067,1.075498634,0.1883604707,-0.4479434871,-0.0004339475535,1.237799179
0.02746567721,-5.613564341e-06,0.004012390529,1.074491575,-5.514135472e-06,-0.0001683018984,0.003928505192,0.4452457212,82.43733194,-0.0004451071959,-0.1875442252,-428.0002381,1.074491575,0.1875442252,-0.4452457212,-0.0004339794961,1.240129477
0.02747311444,-5.62143594e-06,0.004015687486,1.073759496,-5.521867647e-06,-0.0001683404993,0.003927112665,0.4409936551,82.55968812,-0.0004451465463,-0.186930665,-726.6654452,1.073759496,0.186930665,-0.4409936551,-0.0004340032427,1.241868443
0.02748442201,-5.633332422e-06,0.004020616057,1.072716119,-5.533553415e-06,-0.0001683989456,0.003925004214,0.4296467313,82.74464303,-0.0004452058702,-0.1859960681,-1303.906601,1.072716119,0.1859960681,-0.4296467313,-0.0004340389843,1.244496574
0.0274935803,-5.642904603e-06,0.004024488597,1.071966375,-5.542956052e-06,-0.0001684460677,0.003923304282,0.4151839732,82.89349338,-0.0004452534745,-0.1852375871,-1867.40382,1.071966375,0.1852375871,-0.4151839732,-0.0004340676138,1.246611227
0.02750273858,-5.652420509e-06,0.004028204031,1.071339704,-5.55230341e-06,-0.0001684929971,0.003921611302,0.3952339412,83.04149635,-0.0004453006843,-0.1844777468,-2498.978569,1.071339704,0.1844777468,-0.3952339412,-0.0004340959603,1.248713449
0.02751189686,-5.661880294e-06,0.004031709544,1.070875559,-5.56159564e-06,-0.0001685397335,0.003919925288,0.3692704508,83.18865389,-0.0004453475019,-0.1837165548,-3176.516513,1.070875559,0.1837165548,-0.3692704508,-0.000434124026,1.250803272
0.02752105514,-5.671284114e-06,0.004034948494,1.070616085,-5.570832898e-06,-0.0001685862764,0.00391824625,0.3369928582,83.33496793,-0.0004453939298,-0.1829540191,-3872.991154,1.070616085,0.1829540191,-0.3369928582,-0.0004341518128,1.252880732
0.02752368668,-5.673975875e-06,0.004035821663,1.07058547,-5.573476981e-06,-0.0001685996142,0.003917765089,0.3265383582,83.37685401,-0.0004454071986,-0.1827346649,-4072.329559,1.07058547,0.1827346649,-0.3265383582,-0.0004341597457,1.253475386
0.02752423103,-5.674532109e-06,0.004035998809,1.070581785,-5.574023364e-06,-0.0001686023712,0.003917665629,0.3243104045,83.38550977,-0.0004454099393,-0.1826892762,-4113.370866,1.070581785,0.1826892762,-0.3243104045,-0.0004341613838,1.253598268
0.02752444513,-5.674750827e-06,0.004036068149,1.070580589,-5.574238208e-06,-0.0001686034554,0.003917626518,0.3234290825,83.38891334,-0.0004454110169,-0.1826714232,-4117.885884,1.070580589,0.1826714232,-0.3234290825,-0.0004341620279,1.253646586
0.02752454294,-5.674850741e-06,0.004036099765,1.070580091,-5.574336352e-06,-0.0001686039507,0.00391760865,0.3230262446,83.39046815,-0.0004454115091,-0.1826632665,-4118.96695,1.070580091,0.1826632665,-0.3230262446,-0.000434162322,1.253668659
0.02752552108,-5.675849531e-06,0.004036413756,1.070576759,-5.575317451e-06,-0.0001686089023,0.003917430021,0.3189920878,83.406011,-0.0004454164291,-0.1825816918,-4129.663917,1.070576759,0.1825816918,-0.3189920878,-0.0004341652621,1.253889308
0.02752807552,-5.678454915e-06,0.0040372151,1.070582253,-5.577876688e-06,-0.0001686218232,0.003916963899,0.3084084325,83.44655658,-0.000445429257,-0.1823685842,-4156.546446,1.070582253,0.1823685842,-0.3084084325,-0.0004341729254,1.254464881
0.02753154653,-5.681988203e-06,0.00403826048,1.070622767,-5.581347393e-06,-0.0001686393561,0.003916331399,0.2939214033,83.50154573,-0.0004454466397,-0.182078845,-4190.338368,1.070622767,0.182078845,-0.2939214033,-0.0004341833041,1.255245443
0.02753571469,-5.686220594e-06,0.004039449084,1.070722034,-5.585504819e-06,-0.0001686603737,0.00391557319,0.2763788595,83.56742016,-0.0004454674406,-0.1817306596,-4226.131699,1.070722034,0.1817306596,-0.2763788595,-0.0004341957152,1.256180448
0.02754070039,-5.691268008e-06,0.004040774348,1.070913765,-5.590462832e-06,-0.0001686854607,0.003914668174,0.2552177285,83.64598704,-0.000445492217,-0.1813138214,-4261.075604,1.070913765,0.1813138214,-0.2552177285,-0.0004342104862,1.257295505
0.02754639069,-5.697008646e-06,0.004042157457,1.071230266,-5.596101791e-06,-0.0001687140227,0.003913637799,0.2308849347,83.73535396,-0.0004455203563,-0.1808375966,-4289.076107,1.071230266,0.1808375966,-0.2308849347,-0.0004342272459,1.258563708
0.02755277636,-5.703425356e-06,0.004043544234,1.071709826,-5.602404846e-06,-0.0001687459856,0.003912484738,0.2034397883,83.83525747,-0.0004455517592,-0.1803025711,-4303.672757,1.071709826,0.1803025711,-0.2034397883,-0.000434245929,1.259981265
0.0275597916,-5.71044372e-06,0.004044865515,1.072388242,-5.609298899e-06,-0.0001687809904,0.003911221936,0.17325661,83.94454272,-0.0004455860454,-0.1797140631,-4297.310083,1.072388242,0.1797140631,-0.17325661,-0.0004342663028,1.261531738
0.02756741676,-5.718035577e-06,0.004046061964,1.073304608,-5.616756287e-06,-0.0001688189089,0.003909854029,0.1406041386,84.06277495,-0.0004456230612,-0.1790735213,-4262.059483,1.073304608,0.1790735213,-0.1406041386,-0.0004342882693,1.263208906
0.02757565314,-5.726193131e-06,0.004047076186,1.074501157,-5.624769352e-06,-0.0001688597145,0.003908381964,0.1057737879,84.18983671,-0.0004456627513,-0.1783806246,-4189.631894,1.074501157,0.1783806246,-0.1057737879,-0.0004343117888,1.265011045
0.02758456641,-5.734971094e-06,0.004047853985,1.076032518,-5.633391838e-06,-0.0001689036953,0.003906795354,0.06892864323,84.32658466,-0.0004457053626,-0.1776296072,-4070.91682,1.076032518,0.1776296072,-0.06892864323,-0.0004343369997,1.266950242
0.02759436887,-5.744564878e-06,0.004048336721,1.077990583,-5.642815694e-06,-0.0001689518492,0.003905058202,0.02985395053,84.47606883,-0.0004457518185,-0.1768022661,-3893.594136,1.077990583,0.1768022661,-0.02985395053,-0.0004343644379,1.269069668
0.02760597545,-5.755843554e-06,0.004048426649,1.080660447,-5.653894599e-06,-0.0001690085748,0.003903011826,-0.01383912513,84.65184187,-0.0004458062776,-0.1758207667,-3625.571303,1.080660447,0.1758207667,0.01383912513,-0.0004343965394,1.271561315
0.02761758203,-5.767034892e-06,0.004048028772,1.083682884,-5.664887714e-06,-0.0001690649842,0.003900976855,-0.05409851684,84.82629219,-0.0004458601483,-0.1748372348,-3303.745143,1.083682884,0.1748372348,0.05409851684,-0.0004344282256,1.274033667
0.0276291886,-5.778139204e-06,0.004047186309,1.087022828,-5.675795343e-06,-0.0001691210769,0.00389895331,-0.090367737,84.99942377,-0.000445913435,-0.1738516859,-2940.161744,1.087022828,0.1738516859,0.090367737,-0.0004344595004,1.276486794
0.02764079518,-5.789156801e-06,0.004045948086,1.090641194,-5.686617794e-06,-0.0001691768522,0.003896941216,-0.1222395315,85.17124057,-0.0004459661423,-0.1728641351,-2548.308974,1.090641194,0.1728641351,0.1222395315,-0.0004344903677,1.278920764
0.02765240176,-5.800087993e-06,0.004044366735,1.094496261,-5.69735537e-06,-0.0001692323094,0.003894940596,-0.1494663957,85.34174655,-0.0004460182748,-0.1718745977,-2142.056597,1.094496261,0.1718745977,0.1494663957,-0.0004345208315,1.281335645
0.02766400834,-5.810933091e-06,0.004042496833,1.098545107,-5.708008376e-06,-0.0001692874479,0.003892951472,-0.1719593639,85.51094569,-0.000446069837,-0.1708830889,-1734.709343,1.098545107,0.1708830889,0.1719593639,-0.0004345508955,1.283731507
0.02767561492,-5.821692403e-06,0.004040393121,1.102744965,-5.718577117e-06,-0.0001693422671,0.003890973868,-0.1897768143,85.67884197,-0.0004461208334,-0.1698896239,-1338.242635,1.102744965,0.1698896239,0.1897768143,-0.0004345805638,1.286108418
0.02768722149,-5.832366238e-06,0.004038108894,1.107054441,-5.729061895e-06,-0.0001693967664,0.003889007805,-0.2031056693,85.84543934,-0.0004461712684,-0.1688942176,-962.7602778,1.107054441,0.1688942176,0.2031056693,-0.0004346098402,1.288466445
0.02769882807,-5.842954906e-06,0.004035694645,1.111434537,-5.739463013e-06,-0.0001694509451,0.003887053308,-0.2122376453,86.0107418,-0.0004462211465,-0.1678968853,-616.1829156,1.111434537,0.1678968853,0.2122376453,-0.0004346387286,1.290805657
0.02771043465,-5.853458712e-06,0.004033196999,1.115849438,-5.749780774e-06,-0.0001695048026,0.003885110396,-0.2175431542,86.17475331,-0.0004462704722,-0.1668976419,-304.1502631,1.115849438,0.1668976419,0.2175431542,-0.0004346672327,1.293126122
0.02772204123,-5.863877965e-06,0.004030657953,1.120267075,-5.760015478e-06,-0.0001695583383,0.003883179094,-0.2194451463,86.33747786,-0.00044631925,-0.1658965024,-30.10182007,1.120267075,0.1658965024,0.2194451463,-0.0004346953565,1.295427908
0.02772444025,-5.866021061e-06,0.004030131462,1.121177877,-5.762120615e-06,-0.0001695693637,0.003882781352,-0.2194549584,86.37095215,-0.0004463292642,-0.1656893363,21.63961607,1.121177877,0.1656893363,0.2194549584,-0.0004347011225,1.295901354
0.02772571716,-5.867160276e-06,0.004029851264,1.121662136,-5.763239652e-06,-0.0001695752265,0.003882569853,-0.2194101337,86.3887468,-0.0004463345849,-0.1655790375,48.48884584,1.121662136,0.1655790375,0.2194101337,-0.000434704185,1.296153025
0.02772650868,-5.867865941e-06,0.004029677612,1.121962116,-5.763932818e-06,-0.0001695788587,0.00388243882,-0.2193652499,86.39976956,-0.0004463378798,-0.1655106542,64.89112241,1.121962116,0.1655106542,0.2193652499,-0.000434706081,1.296308918
0.02772669279,-5.868030023e-06,0.004029637226,1.122031869,-5.764093993e-06,-0.0001695797034,0.00388240835,-0.219352954,86.4023326,-0.0004463386458,-0.1654947469,68.67985779,1.122031869,0.1654947469,0.219352954,-0.0004347065218,1.296345167
0.02772677173,-5.868100364e-06,0.004029619911,1.122061771,-5.764163089e-06,-0.0001695800655,0.003882395287,-0.2193474669,86.40343137,-0.0004463389742,-0.1654879268,70.21934662,1.122061771,0.1654879268,0.2193474669,-0.0004347067107,1.296360706
0.02772680706,-5.868131849e-06,0.004029612161,1.122075156,-5.764194016e-06,-0.0001695802276,0.00388238944,-0.2193449859,86.40392318,-0.0004463391212,-0.165484874,70.22018715,1.122075156,0.165484874,0.2193449859,-0.0004347067953,1.296367662
0.02772716038,-5.868446651e-06,0.004029534667,1.12220898,-5.764503242e-06,-0.0001695818482,0.003882330976,-0.2193201742,86.40884058,-0.0004463405907,-0.1654543448,70.22856197,1.12220898,0.1654543448,0.2193201742,-0.0004347076408,1.296437207
0.02773038713,-5.871318015e-06,0.004028827341,1.123429614,-5.767323747e-06,-0.0001695966349,0.003881797546,-0.2190934409,86.45369445,-0.0004463539882,-0.1651754527,70.30495004,1.123429614,0.1651754527,0.2190934409,-0.0004347153465,1.297071539
0.02775486801,-5.892891563e-06,0.004023484865,1.132600697,-5.78851518e-06,-0.0001697080056,0.003877779845,-0.2173652683,86.79077767,-0.0004464542795,-0.1630548524,70.87888233,1.132600697,0.1630548524,0.2173652683,-0.0004347728727,1.301837493
0.02782593397,-5.953426545e-06,0.004008217949,1.158340157,-5.847977951e-06,-0.0001700231178,0.003866412166,-0.2122704742,87.73738617,-0.000446732177,-0.1568530671,72.48967436,1.158340157,0.1568530671,0.2122704742,-0.0004349307725,1.315210675
0.02786490888,-5.98532365e-06,0.004,1.171910743,-5.879310086e-06,-0.0001701907287,0.003860365597,-0.2094285681,88.23662365,-0.000446876488,-0.1534237357,73.33893038,1.171910743,0.1534237357,0.2094285681,-0.0004350118542,1.322257275
0.02786490888,-5.98532365e-06,0.004,1.171910743,-5.879310086e-06,-0.0001701907287,0.003860365597,-0.2094285681,88.23662365,-0.000446876488,-0.1534237357,73.33893038,1.171910743,0.1534237357,0.2094285681,-0.0004350118542,1.322257275
0.02798268305,-6.076238788e-06,0.003975849084,1.210655455,-5.968614912e-06,-0.0001706745547,0.003842911564,-0.2006462999,89.66128718,-0.0004472796077,-0.1429466199,75.76359944,1.210655455,0.1429466199,0.2006462999,-0.000435234754,1.342341937
0.02815512893,-6.19504173e-06,0.003942391282,1.26157481,-6.085313586e-06,-0.0001713206481,0.003819603728,-0.1873004221,91.52676533,-0.000447787701,-0.1273203616,78.95016555,1.26157481,0.1273203616,0.1873004221,-0.0004355073457,1.368587477
0.0283659479,-6.318410047e-06,0.003904685164,1.315189999,-6.206496772e-06,-0.000172007898,0.003794811173,-0.1702925858,93.46849365,-0.0004482931226,-0.1078137409,82.30543862,1.315189999,0.1078137409,0.1702925858,-0.0004357682158,1.395841584
0.02862129575,-6.437870034e-06,0.003863922986,1.36869327,-6.323840855e-06,-0.0001726859569,0.003770350182,-0.1488328327,95.35313845,-0.0004487645918,-0.08369564321,85.65370785,1.36869327,0.08369564321,0.1488328327,-0.0004360028809,1.422232277
0.02891254989,-6.53747782e-06,0.003824252823,1.416253809,-6.421684362e-06,-0.0001732488952,0.003750042173,-0.1234320549,96.92792053,-0.0004491577659,-0.05568012206,88.63007709,1.416253809,0.05568012206,0.1234320549,-0.0004361986037,1.444237289
0.02924281272,-6.608024326e-06,0.003788369936,1.455227684,-6.490981331e-06,-0.0001736114609,0.003736962605,-0.09373280369,98.04508223,-0.0004494761358,-0.02346548233,91.06908735,1.455227684,0.02346548233,0.09373280369,-0.0004363771301,1.459822183
0.02960979561,-6.639950622e-06,0.003760148119,1.482814867,-6.52234214e-06,-0.0001736667295,0.003734968788,-0.05996633104,98.55116096,-0.0004497446191,0.01263032719,92.79551103,1.482814867,-0.01263032719,0.05996633104,-0.0004365823264,1.466875231
0.03001442155,-6.626499863e-06,0.003743511905,1.497430365,-6.509129624e-06,-0.0001733014534,0.003748146134,-0.02220230875,98.33790869,-0.0004500235702,0.0524886116,93.71015831,1.497430365,-0.0524886116,0.02220230875,-0.0004368879407,1.463903735
0.03045235475,-6.563936877e-06,0.003742783501,1.498233109,-6.44767477e-06,-0.0001724035894,0.003780536597,0.01887916368,97.3467432,-0.0004504008897,0.09536307205,93.76039457,1.498233109,-0.09536307205,-0.01887916368,-0.0004373892781,1.450082534
0.03091628703,-6.453616232e-06,0.003761611084,1.485734049,-6.339308152e-06,-0.0001708883786,0.003835197861,0.06222531244,95.60188145,-0.0004509824493,0.1401450896,92.97819535,1.485734049,-0.1401450896,-0.06222531244,-0.0004381895249,1.425710874
0.03139959813,-6.301058001e-06,0.003802491775,1.46155393,-6.189452071e-06,-0.0001687037399,0.003914008751,0.1068218145,93.195104,-0.0004518762409,0.1857898633,91.46498788,1.46155393,-0.1857898633,-0.1068218145,-0.0004393857309,1.39200823
0.0318187506,-6.145098968e-06,0.003855252472,1.433625145,-6.036255423e-06,-0.0001663200616,0.004,0.1448054083,90.74202435,-0.0004529454847,0.2243487889,89.71718651,1.433625145,-0.2243487889,-0.1448054083,-0.0004407641303,1.357554292
0.0318187506,-6.145098968e-06,0.003855252472,1.433625145,-6.036255423e-06,-0.0001663200616,0.004,0.1448054083,90.74202435,-0.0004529454847,0.2243487889,89.71718651,1.433625145,-0.2243487889,-0.1448054083,-0.0004407641303,1.357554292
0.03182998667,-6.140672832e-06,0.003856885178,1.432803822,-6.031907684e-06,-0.0001662500323,0.00400252631,0.1458131886,70.08463343,-0.0004529782934,0.2252909547,89.6657876,1.432803822,-0.2252909547,-0.1458131886,-0.0004408057129,1.356576486
0.03183901486,-6.137113724e-06,0.00385820526,1.432141406,-6.028411616e-06,-0.0001661935865,0.004004562592,0.1466225208,23.46421222,-0.0004530048179,0.2257334379,89.62433314,1.432141406,-0.2257334379,-0.1466225208,-0.0004408392926,1.35579022
0.03185002243,-6.132788652e-06,0.003859824647,1.431330785,-6.024163151e-06,-0.0001661247156,0.004007047111,0.1476087882,-69.65056724,-0.0004530373538,0.2255156867,89.57360394,1.431330785,-0.2255156867,-0.1476087882,-0.000440880402,1.35483474
0.03186330078,-6.127639081e-06,0.003861792544,1.430348625,-6.019104791e-06,-0.0001660420014,0.004010031028,0.1487977706,-234.1176561,-0.0004530768858,0.2235608947,89.51213973,1.430348625,-0.2235608947,-0.1487977706,-0.0004409301419,1.353697114
0.03187391388,-6.123630205e-06,0.003863376789,1.429560242,-6.015166921e-06,-0.0001659766808,0.004012387471,0.1497475096,-404.5932741,-0.0004531087023,0.2202009465,89.46280221,1.429560242,-0.2202009465,-0.1497475096,-0.0004409699052,1.352811487
0.03188626996,-6.119163397e-06,0.00386523391,1.428638648,-6.01077923e-06,-0.0001659022764,0.004015071609,0.1508525638,-642.4180679,-0.000453145981,0.2137730733,89.40512827,1.428638648,-0.2137730733,-0.1508525638,-0.0004410160383,1.351824695
0.03189862605,-6.115014165e-06,0.003867104681,1.427713069,-6.00670349e-06,-0.0001658306034,0.004017657217,0.1519569039,-915.4635667,-0.0004531835004,0.2041799232,89.34720495,1.427713069,-0.2041799232,-0.1519569039,-0.0004410617828,1.35090806
0.03191098214,-6.11130402e-06,0.003868989093,1.426783539,-6.00305906e-06,-0.0001657628134,0.004020102741,0.1530605267,-1213.401942,-0.0004532212396,0.1910470518,89.2890344,1.426783539,-0.1910470518,-0.1530605267,-0.0004411068765,1.350088428
0.03192202275,-6.108467868e-06,0.003870684416,1.425949657,-6.000273143e-06,-0.0001657065494,0.004022132467,0.1540460443,-1489.981689,-0.000453255124,0.1761273318,89.23684949,1.425949657,-0.1761273318,-0.1540460443,-0.000441146383,1.349461875
0.03193306336,-6.106184976e-06,0.003872390616,1.425112671,-5.998030685e-06,-0.0001656553195,0.004023980588,0.1550309848,-1764.928798,-0.0004532891363,0.1581523149,89.1844704,1.425112671,-0.1581523149,-0.1550309848,-0.0004411849206,1.348957546
0.03193612069,-6.105663635e-06,0.003872865014,1.424880351,-5.997518579e-06,-0.0001656421481,0.004024455747,0.1553036289,-1839.178847,-0.0004532985736,0.1526425419,89.16993162,1.424880351,-0.1526425419,-0.1553036289,-0.0004411953914,1.348842373
0.03193676753,-6.105559912e-06,0.003872965488,1.424831169,-5.997416693e-06,-0.0001656394218,0.004024554096,0.1553613062,-1854.729052,-0.0004533005711,0.151447863,89.16685378,1.424831169,-0.151447863,-0.1553613062,-0.0004411975945,1.348819459
0.03193708832,-6.105509338e-06,0.003873015331,1.424806773,-5.997367015e-06,-0.0001656380778,0.004024602583,0.1553899099,-1859.386923,-0.0004533015619,0.1508518673,89.16532711,1.424806773,-0.1508518673,-0.1553899099,-0.0004411986855,1.348808287
0.03193722928,-6.105487298e-06,0.003873037235,1.424796053,-5.997345366e-06,-0.0001656374888,0.004024623828,0.1554024782,-1859.383087,-0.0004533019973,0.1505897752,89.16465624,1.424796053,-0.1505897752,-0.1554024782,-0.0004411991646,1.348803418
0.03193863884,-6.105273021e-06,0.003873256374,1.424688825,-5.997134884e-06,-0.000165631656,0.004024834247,0.1555281567,-1859.263058,-0.0004533063517,0.147968924,89.1579458,1.424688825,-0.147968924,-0.1555281567,-0.0004412039438,1.34875608
0.03194220802,-6.104780171e-06,0.00387381205,1.424417085,-5.996650763e-06,-0.0001656173446,0.004025350534,0.1558463473,-1858.257092,-0.0004533173835,0.1413343645,89.14094017,1.424417085,-0.1413343645,-0.1558463473,-0.0004412159525,1.348647201
0.0319470729,-6.104222975e-06,0.003874571278,1.424046183,-5.996103437e-06,-0.0001655988942,0.004026016129,0.1562799509,-1855.129724,-0.0004533324317,0.132300913,89.11772888,1.424046183,-0.132300913,-0.1562799509,-0.0004412321052,1.348524108
0.03195295518,-6.103725082e-06,0.003875492102,1.423596924,-5.995614362e-06,-0.0001655782104,0.004026762299,0.1568040835,-1848.371333,-0.000453350641,0.1214067319,89.08961394,1.423596924,-0.1214067319,-0.1568040835,-0.0004412513016,1.348414115
0.03196002707,-6.10337963e-06,0.003876603231,1.423055667,-5.995275029e-06,-0.0001655556893,0.00402757475,0.1574339958,-1835.52091,-0.0004533725467,0.1083775278,89.05574174,1.423055667,-0.1083775278,-0.1574339958,-0.000441273892,1.348337799
0.03196817103,-6.103320697e-06,0.00387788832,1.422430823,-5.995217139e-06,-0.0001655329042,0.004028396721,0.1581591029,-1813.821948,-0.0004533977808,0.09351230945,89.01663859,1.422430823,-0.09351230945,-0.1581591029,-0.000441299243,1.348324779
0.03197740077,-6.103685556e-06,0.003879351877,1.421720698,-5.995575537e-06,-0.0001655111084,0.004029183004,0.1589804979,-1779.794085,-0.0004534263732,0.07692039089,88.9721985,1.421720698,-0.07692039089,-0.1589804979,-0.0004413271121,1.348405383
0.03198770085,-6.104621688e-06,0.003880994109,1.420925759,-5.996495088e-06,-0.0001654917403,0.00402988171,0.1598966633,-1729.665243,-0.0004534582515,0.05883548742,88.92245074,1.420925759,-0.05883548742,-0.1598966633,-0.0004413571347,1.34861219
0.03199918705,-6.106301762e-06,0.003882836578,1.42003624,-5.998145403e-06,-0.0001654761293,0.004030444879,0.1609177247,-1658.790101,-0.0004534937335,0.0393604053,88.86678404,1.42003624,-0.0393604053,-0.1609177247,-0.0004413892863,1.348983346
0.03201229062,-6.108998726e-06,0.003884952802,1.419017586,-6.000794598e-06,-0.0001654657051,0.004030820932,0.1620817789,-1559.731766,-0.0004535340829,0.01825312061,88.80303603,1.419017586,-0.01825312061,-0.1620817789,-0.0004414242896,1.34957915
0.03203112393,-6.114222946e-06,0.003888021083,1.417546338,-6.005926285e-06,-0.0001654635749,0.004030897776,0.1637533686,-1387.905564,-0.0004535917442,-0.009552901577,88.71096436,1.417546338,0.009552901577,-0.1637533686,-0.000441471595,1.350733267
0.03204411208,-6.118662783e-06,0.003890155417,1.416526836,-6.010287483e-06,-0.0001654701567,0.004030660339,0.1649051457,-1253.518262,-0.0004536312221,-0.02671809456,88.64716328,1.416526836,0.02671809456,-0.1649051457,-0.0004415022718,1.351714101
0.03205892289,-6.124457021e-06,0.003892607516,1.415359462,-6.015979092e-06,-0.0001654847733,0.004030133045,0.1662175416,-1089.703231,-0.0004536758984,-0.04408131873,88.57410828,1.415359462,0.04408131873,-0.1662175416,-0.0004415354623,1.352994144
0.03207373371,-6.130924015e-06,0.003895079045,1.414187024,-6.022331541e-06,-0.0001655060131,0.00402936682,0.1675288531,-920.0261089,-0.0004537201643,-0.05896796211,88.50073632,1.414187024,0.05896796211,-0.1675288531,-0.0004415669088,1.35442281
0.03208854452,-6.137949711e-06,0.003897569987,1.413009574,-6.029232796e-06,-0.000165532847,0.004028398784,0.1688390756,-749.9547999,-0.0004537639787,-0.0713321271,88.42705079,1.413009574,0.0713321271,-0.1688390756,-0.0004415967962,1.355974903
0.03210335533,-6.145420452e-06,0.003900080327,1.411827168,-6.036571214e-06,-0.0001655642435,0.004027266154,0.1701482045,-584.4483088,-0.000453807308,-0.08120550562,88.35305503,1.411827168,0.08120550562,-0.1701482045,-0.0004416253163,1.357625314
0.03211816614,-6.153226167e-06,0.003902610048,1.410639858,-6.044238671e-06,-0.0001655991984,0.004026005159,0.1714562352,-427.7058917,-0.0004538501261,-0.08868785481,88.2787524,1.410639858,0.08868785481,-0.1714562352,-0.0004416526612,1.359349726
0.03213297696,-6.161263059e-06,0.003905159134,1.409447697,-6.052133212e-06,-0.00016563676,0.00402465012,0.1727631631,-283.0206581,-0.0004538924142,-0.09393453399,88.20414619,1.409447697,0.09393453399,-0.1727631631,-0.0004416790179,1.361125208
0.03214778777,-6.169435707e-06,0.003907727568,1.408250737,-6.060161104e-06,-0.00016567605,0.004023232734,0.1740689838,-152.7297303,-0.00045393416,-0.09714260424,88.1292397,1.408250737,0.09714260424,-0.1740689838,-0.0004417045632,1.362930682
0.03216259858,-6.177658536e-06,0.003910315335,1.407049032,-6.068238288e-06,-0.0001657162767,0.004021781556,0.1753736929,-38.24473752,-0.0004539753575,-0.09853680826,88.05403619,1.407049032,0.09853680826,-0.1753736929,-0.0004417294607,1.364747241
0.03217821969,-6.186303185e-06,0.003913065607,1.405776495,-6.076729821e-06,-0.0001657589529,0.00402024201,0.1767485732,64.75225623,-0.0004540182138,-0.0983059816,87.97440002,1.405776495,0.0983059816,-0.1767485732,-0.0004417551808,1.366656987
0.03218185812,-6.188304502e-06,0.003913709275,1.405479356,-6.07869569e-06,-0.0001657688546,0.004019884807,0.1770686274,86.12930508,-0.0004540281085,-0.09803119957,87.95580489,1.405479356,0.09803119957,-0.1770686274,-0.0004417611083,1.367099112
0.03218266174,-6.188745698e-06,0.0039138516,1.405413689,-6.079129072e-06,-0.0001657710375,0.004019806056,0.177139309,90.71925919,-0.0004540302895,-0.09796013671,87.9516954,1.405413689,0.09796013671,-0.177139309,-0.0004417624147,1.367196579
0.03218281038,-6.188827269e-06,0.003913877931,1.405401542,-6.079209198e-06,-0.0001657714412,0.004019791496,0.1771523823,91.42907274,-0.0004540306927,-0.09794659148,87.9509352,1.405401542,0.09794659148,-0.1771523823,-0.0004417626563,1.367214599
0.03218287526,-6.188862872e-06,0.003913889426,1.405396239,-6.07924417e-06,-0.0001657716173,0.004019785141,0.1771580888,91.42963682,-0.0004540308687,-0.09794065924,87.95060336,1.405396239,0.09794065924,-0.1771580888,-0.0004417627617,1.367222465
0.0321835241,-6.189218784e-06,0.00391400439,1.405343208,-6.079593778e-06,-0.0001657733783,0.004019721613,0.177215153,91.43523126,-0.0004540326281,-0.09788133482,87.94728461,1.405343208,0.09788133482,-0.177215153,-0.0004417638156,1.367301092
0.03218744058,-6.191362667e-06,0.003914699126,1.405022911,-6.081699688e-06,-0.0001657839854,0.004019338963,0.1775595583,91.46893093,-0.0004540432262,-0.09752316377,87.92724022,1.405022911,0.09752316377,-0.1775595583,-0.0004417701638,1.367774711
0.03221672126,-6.207148615e-06,0.003919935861,1.402618141,-6.097206031e-06,-0.0001658620532,0.004016522665,0.180131927,91.71711322,-0.0004541212707,-0.09484124174,87.77674818,1.402618141,0.09484124174,-0.180131927,-0.000441816916,1.371262089
0.03230811951,-6.253713388e-06,0.003936765571,1.39500016,-6.142946037e-06,-0.0001660916912,0.00400823847,0.1881328605,92.44963512,-0.0004543518984,-0.08642450013,87.30001003,1.39500016,0.08642450013,-0.1881328605,-0.0004419552389,1.381549019
0.03240889137,-6.300415152e-06,0.003956166429,1.386415646,-6.188820607e-06,-0.0001663200616,0.004,0.1969032745,93.18497736,-0.0004545849436,-0.07707050074,86.76278559,1.386415646,0.07707050074,-0.1969032745,-0.0004420957078,1.391866214
0.03240889137,-6.300415152e-06,0.003956166429,1.386415646,-6.188820607e-06,-0.0001663200616,0.004,0.1969032745,93.18497736,-0.0004545849436,-0.07707050074,86.76278559,1.386415646,0.07707050074,-0.1969032745,-0.0004420957078,1.391866214
0.03257244037,-6.3662781e-06,0.003989526179,1.372106342,-6.253516975e-06,-0.0001666347862,0.003988646304,0.2110203922,94.22315426,-0.00045492118,-0.06174272881,85.86730009,1.372106342,0.06174272881,-0.2110203922,-0.0004423013849,1.406416431
0.03262158369,-6.38375542e-06,0.004,1.367722936,-6.270684732e-06,-0.0001667157384,0.003985725951,0.2152334657,94.49886623,-0.0004550131737,-0.05710544797,85.59298372,1.367722936,0.05710544797,-0.2152334657,-0.0004423587336,1.410277461
0.03262158369,-6.38375542e-06,0.004,1.367722936,-6.270684732e-06,-0.0001667157384,0.003985725951,0.2152334657,94.49886623,-0.0004550131737,-0.05710544797,85.59298372,1.367722936,0.05710544797,-0.2152334657,-0.0004423587336,1.410277461
0.03263350594,-6.387838661e-06,0.004002571897,1.366654228,-6.27469565e-06,-0.0001667344247,0.003985051843,0.2161688231,94.5632945,-0.0004550349159,-0.05597842372,64.18850823,1.366654228,0.05597842372,-0.2161688231,-0.0004423723816,1.411179517
0.03264024673,-6.390120438e-06,0.004004030293,1.366049909,-6.276937012e-06,-0.0001667448249,0.003984676653,0.2165044273,94.59930022,-0.0004550471122,-0.05534087126,33.09065709,1.366049909,0.05534087126,-0.2165044273,-0.0004423800547,1.4116836
0.03265126425,-6.393808269e-06,0.004006416202,1.365065397,-6.280559523e-06,-0.0001667615672,0.003984072677,0.2164594577,94.65749637,-0.0004550668978,-0.05429830017,-47.37217651,1.365065397,0.05429830017,-0.2164594577,-0.00044239253,1.412498303
0.03266279317,-6.397612163e-06,0.004008906088,1.364046817,-6.284296041e-06,-0.0001667787455,0.003983452968,0.2152412844,94.71752842,-0.000455087407,-0.0532066543,-170.5028828,1.364046817,0.0532066543,-0.2152412844,-0.0004424054988,1.413338646
0.0326743221,-6.401359927e-06,0.004011372887,1.363052317,-6.287977423e-06,-0.0001667955749,0.003982845849,0.2123806528,94.77667895,-0.0004551077197,-0.05211432141,-331.9333377,1.363052317,0.05211432141,-0.2123806528,-0.0004424183823,1.414166589
0.03268845439,-6.405877756e-06,0.004014333402,1.361889994,-6.292415232e-06,-0.0001668157281,0.003982118821,0.2060122422,94.84798906,-0.0004551323555,-0.05077440431,-577.5022895,1.361889994,0.05077440431,-0.2060122422,-0.0004424340625,1.415164652
0.03270258668,-6.41031204e-06,0.004017177847,1.360824828,-6.296770975e-06,-0.0001668353562,0.003981410736,0.1958515289,94.91798654,-0.0004551567058,-0.04943348872,-866.7044536,1.360824828,0.04943348872,-0.1958515289,-0.0004424496228,1.416144259
0.0327141431,-6.413876307e-06,0.004019377628,1.360055765,-6.30027211e-06,-0.0001668510162,0.003980845801,0.1843513384,94.9742547,-0.0004551764094,-0.04833625072,-1126.152816,1.360055765,0.04833625072,-0.1843513384,-0.000442462261,1.416931665
0.03272569952,-6.417385239e-06,0.004021426895,1.359405823,-6.303718892e-06,-0.0001668663246,0.00398029355,0.1697829234,95.02965309,-0.0004551959285,-0.0472383675,-1395.933303,1.359405823,0.0472383675,-0.1697829234,-0.0004424748244,1.417706846
0.03273725594,-6.420839075e-06,0.004023289744,1.358901459,-6.307111552e-06,-0.0001668812812,0.003979753991,0.1520912101,95.0841853,-0.0004552152661,-0.04613984907,-1664.675721,1.358901459,0.04613984907,-0.1520912101,-0.0004424873154,1.418469856
0.03274029893,-6.421739393e-06,0.004023744743,1.358796175,-6.307995923e-06,-0.000166885161,0.003979614028,0.1469202913,95.09840092,-0.0004552203281,-0.04585048638,-1733.716719,1.358796175,0.04585048638,-0.1469202913,-0.0004424905928,1.418668751
0.03274146515,-6.422083428e-06,0.004023914899,1.358759082,-6.308333865e-06,-0.0001668866414,0.003979560621,0.1448831343,95.10383315,-0.0004552222649,-0.04573957815,-1759.878886,1.358759082,0.04573957815,-0.1448831343,-0.0004424918476,1.418744754
0.0327419764,-6.422234074e-06,0.004023988741,1.358743401,-6.308481842e-06,-0.0001668872893,0.003979537249,0.1439804659,95.10621181,-0.0004552231133,-0.04569095507,-1771.290509,1.358743401,0.04569095507,-0.1439804659,-0.0004424923974,1.418778034
0.0327422022,-6.422300572e-06,0.004024021205,1.358736589,-6.308547162e-06,-0.0001668875752,0.003979526934,0.1435803799,95.1072618,-0.000455223488,-0.04566948059,-1771.969161,1.358736589,0.04566948059,-0.1435803799,-0.0004424926402,1.418792725
0.03274230416,-6.422330592e-06,0.004024035836,1.358733535,-6.308576651e-06,-0.0001668877043,0.003979522278,0.1433997122,95.10773583,-0.0004552236571,-0.04565978347,-1771.937707,1.358733535,0.04565978347,-0.1433997122,-0.0004424927498,1.418799357
0.03274332375,-6.422630567e-06,0.004024181124,1.358703783,-6.308871313e-06,-0.0001668889934,0.003979475773,0.1415932262,95.11247241,-0.0004552253477,-0.04556280961,-1771.583825,1.358703783,0.04556280961,-0.1415932262,-0.0004424938458,1.418865626
0.03274663939,-6.423603115e-06,0.004024640861,1.358616826,-6.309826634e-06,-0.0001668931666,0.003979325226,0.1357218447,95.12782903,-0.000455230836,-0.04524742572,-1769.9114,1.358616826,0.04524742572,-0.1357218447,-0.0004424974062,1.419080478
0.03275146133,-6.425009464e-06,0.004025274741,1.358517032,-6.311208074e-06,-0.0001668991839,0.003979108152,0.1271962348,95.15003595,-0.0004552387917,-0.04478867136,-1765.946779,1.358517032,0.04478867136,-0.1271962348,-0.0004425025741,1.419391164
0.03275721404,-6.426674851e-06,0.00402597728,1.358439117,-6.312843964e-06,-0.0001669062824,0.00397885207,0.1170569292,95.17633399,-0.0004552482431,-0.04424122482,-1758.611841,1.358439117,0.04424122482,-0.1170569292,-0.0004425087243,1.419759076
0.03276425737,-6.428695497e-06,0.004026758228,1.35840421,-6.314828819e-06,-0.0001669148547,0.003978542826,0.104714111,95.20824302,-0.0004552597564,-0.04357075413,-1745.408291,1.35840421,0.04357075413,-0.104714111,-0.0004425162321,1.42020547
0.03277239095,-6.431003828e-06,0.004027552413,1.35844579,-6.317096265e-06,-0.000166924591,0.003978191589,0.09060040639,95.24469657,-0.0004552729725,-0.04279622154,-1723.918385,1.35844579,0.04279622154,-0.09060040639,-0.0004425248724,1.420715418
0.03278167478,-6.433605829e-06,0.004028319682,1.358598676,-6.319652178e-06,-0.0001669354907,0.003977798382,0.0747425792,95.28578974,-0.0004552879546,-0.0419117954,-1690.743713,1.358598676,0.0419117954,-0.0747425792,-0.0004425346966,1.421290244
0.0327920754,-6.436479491e-06,0.004029006425,1.358900125,-6.322474941e-06,-0.0001669474312,0.003977367627,0.05739921946,95.33117564,-0.0004553046104,-0.04092052683,-1642.329405,1.358900125,0.04092052683,-0.05739921946,-0.000442545656,1.421925083
0.03280372041,-6.439645324e-06,0.004029564943,1.359395115,-6.3255847e-06,-0.0001669604611,0.003976897573,0.03865721283,95.38117895,-0.0004553231003,-0.03981010319,-1574.14542,1.359395115,0.03981010319,-0.03865721283,-0.0004425578703,1.422624468
0.03281706169,-6.443205551e-06,0.004029943284,1.360156503,-6.329081868e-06,-0.0001669749484,0.003976374945,0.01827204861,95.43741523,-0.0004553440809,-0.03853721891,-1478.894185,1.360156503,0.03853721891,-0.01827204861,-0.0004425717935,1.423410981
0.03283654462,-6.448277358e-06,0.004030028708,1.361611808,-6.334063842e-06,-0.0001669952588,0.003975642245,-0.008958552267,95.51753467,-0.0004553743399,-0.03667703482,-1311.38473,1.361611808,0.03667703482,0.008958552267,-0.0004425919987,1.424531428
0.03284962409,-6.451597886e-06,0.004029802921,1.362794385,-6.337325555e-06,-0.00016700833,0.003975170701,-0.02528937045,95.56999336,-0.0004553944064,-0.0354273716,-1184.161578,1.362794385,0.0354273716,0.02528937045,-0.000442605483,1.425264987
0.03286476926,-6.45535871e-06,0.004029290026,1.364343447,-6.341019766e-06,-0.0001670228994,0.00397464511,-0.04204431817,95.62941206,-0.0004554173999,-0.03397949595,-1027.083619,1.364343447,0.03397949595,0.04204431817,-0.0004426210215,1.426095816
0.03287991443,-6.459029744e-06,0.004028541644,1.366057786,-6.344625778e-06,-0.0001670368608,0.003974141455,-0.0563734496,95.6874163,-0.0004554401395,-0.03253073111,-864.7235702,1.366057786,0.03253073111,0.0563734496,-0.000442636484,1.426906808
0.0328950596,-6.462611506e-06,0.004027594915,1.367907866,-6.3481441e-06,-0.0001670502137,0.003973659748,-0.06823710414,95.74401398,-0.0004554626312,-0.03108109844,-702.3485231,1.367907866,0.03108109844,0.06823710414,-0.0004426518756,1.427698079
0.03291020477,-6.466104515e-06,0.004026486992,1.369864394,-6.351575239e-06,-0.0001670629578,0.003973200002,-0.07767188649,95.79921297,-0.0004554848811,-0.0296306192,-544.713658,1.369864394,0.0296306192,0.07767188649,-0.0004426672014,1.428469742
0.03292534995,-6.469509286e-06,0.004025253957,1.371899138,-6.354919704e-06,-0.0001670750929,0.00397276223,-0.08478095239,95.85302115,-0.0004555068953,-0.0281793145,-395.8207308,1.371899138,0.0281793145,0.08478095239,-0.0004426824663,1.429221913
0.03294049512,-6.472826331e-06,0.004023929903,1.373985608,-6.358177997e-06,-0.0001670866184,0.003972346445,-0.08972142795,95.90544634,-0.0004555286798,-0.02672720535,-258.780471,1.373985608,0.02672720535,0.08972142795,-0.0004426976755,1.429954703
0.03295564029,-6.476056164e-06,0.004022546221,1.376099587,-6.361350622e-06,-0.0001670975342,0.003971952658,-0.09269048272,95.95649639,-0.0004555502405,-0.02527431264,-135.7701588,1.376099587,0.02527431264,0.09269048272,-0.0004427128337,1.430668227
0.03297078546,-6.479199294e-06,0.004021131104,1.378219489,-6.36443808e-06,-0.0001671078399,0.003971580881,-0.09391137835,96.0061791,-0.0004555715835,-0.02382065712,-28.06955385,1.378219489,0.02382065712,0.09391137835,-0.0004427279461,1.431362596
0.03298701875,-6.482472553e-06,0.004019607415,1.380477007,-6.367653363e-06,-0.0001671182081,0.003971206846,-0.09354778161,96.05792193,-0.0004555942247,-0.02226173926,69.84341749,1.380477007,0.02226173926,0.09354778161,-0.0004427440988,1.432085714
0.0329885239,-6.482771057e-06,0.004019466693,1.380684864,-6.36794658e-06,-0.000167119134,0.003971173447,-0.09343649303,96.06264077,-0.0004555963119,-0.02211715325,78.00712825,1.380684864,0.02211715325,0.09343649303,-0.0004427455943,1.432151658
0.03298961597,-6.482987108e-06,0.004019364701,1.380835481,-6.368158803e-06,-0.0001671198019,0.003971149351,-0.09334811476,96.06605617,-0.000455597825,-0.02201224439,83.83422263,1.380835481,0.02201224439,0.09334811476,-0.0004427466791,1.432199387
0.03298997587,-6.483058212e-06,0.004019331111,1.380885082,-6.368228648e-06,-0.0001671200213,0.003971141435,-0.09331760007,96.06718021,-0.0004555983235,-0.0219776699,85.73693579,1.380885082,0.0219776699,0.09331760007,-0.0004427470366,1.432215095
0.03299012496,-6.483087652e-06,0.004019317199,1.380905623,-6.368257566e-06,-0.0001671201121,0.003971138159,-0.09330476054,96.06764561,-0.0004555985299,-0.02196334765,86.41796101,1.380905623,0.02196334765,0.09330476054,-0.0004427471847,1.432221599
0.032990191,-6.483100691e-06,0.004019311037,1.380914722,-6.368270374e-06,-0.0001671201523,0.003971136709,-0.09329905324,96.06785173,-0.0004555986213,-0.02195700308,86.41853421,1.380914722,0.02195700308,0.09329905324,-0.0004427472503,1.43222448
0.03299085143,-6.483230989e-06,0.004019249439,1.381005672,-6.368398365e-06,-0.0001671205537,0.003971122229,-0.09324197823,96.06991155,-0.0004555995356,-0.0218935566,86.42422594,1.381005672,0.0218935566,0.09324197823,-0.0004427479062,1.432253265
0.03299573834,-6.484190099e-06,0.004018794806,1.381676734,-6.369340487e-06,-0.0001671234877,0.003971016384,-0.09281952799,96.08507376,-0.0004556062883,-0.02142403434,86.46622142,1.381676734,0.02142403434,0.09281952799,-0.0004427527577,1.432465148
0.03303078014,-6.490808118e-06,0.004015595391,1.386389368,-6.375841286e-06,-0.0001671426623,0.003970324662,-0.0897843972,96.18970315,-0.0004556541041,-0.01805518653,86.76114112,1.386389368,0.01805518653,0.0897843972,-0.0004427874547,1.433927178
0.03315960541,-6.511311058e-06,0.004004751678,1.402259886,-6.395981072e-06,-0.0001671849858,0.003968797839,-0.07854188575,96.51393497,-0.0004558217412,-0.005641630831,87.75432834,1.402259886,0.005641630831,0.07854188575,-0.0004429144491,1.438456618
0.03322230383,-6.51917714e-06,0.004,1.409188175,-6.403707828e-06,-0.0001671895301,0.003968633906,-0.07302606926,96.63836263,-0.0004558994236,0.0004136537675,88.18790512,1.409188175,-0.0004136537675,0.07302606926,-0.0004429765386,1.440194366
0.03322230383,-6.51917714e-06,0.004,1.409188175,-6.403707828e-06,-0.0001671895301,0.003968633906,-0.07302606926,96.63836263,-0.0004558994236,0.0004136537675,88.18790512,1.409188175,-0.0004136537675,0.07302606926,-0.0004429765386,1.440194366
0.03341519848,-6.535142149e-06,0.003987561848,1.427446286,-6.419390061e-06,-0.0001671374294,0.003970513439,-0.05590037919,96.89095928,-0.0004561272601,0.01908213043,89.33050949,1.427446286,-0.01908213043,0.05590037919,-0.0004431727279,1.443721301
0.03367985246,-6.538222324e-06,0.003975910684,1.445635855,-6.422415679e-06,-0.0001669033367,0.003978958339,-0.03209773746,96.93970243,-0.0004564276227,0.04473841247,90.46882446,1.445635855,-0.04473841247,0.03209773746,-0.0004434669847,1.444401763
0.03397386173,-6.518727378e-06,0.003970396453,1.457691124,-6.403266032e-06,-0.0001664226671,0.003996298505,-0.005375952523,96.63124767,-0.0004567719832,0.07320302503,91.22325097,1.457691124,-0.07320302503,0.005375952523,-0.0004438499898,1.440095006
0.03402284344,-6.513341192e-06,0.003970242594,1.458952539,-6.397975248e-06,-0.0001663200616,0.004,-0.0009056965791,96.54604633,-0.0004568325103,0.07793413995,91.30219113,1.458952539,-0.07793413995,0.0009056965791,-0.0004439211939,1.438905108
0.03402284344,-6.513341192e-06,0.003970242594,1.458952539,-6.397975248e-06,-0.0001663200616,0.004,-0.0009056965791,96.54604633,-0.0004568325103,0.07793413995,91.30219113,1.458952539,-0.07793413995,0.0009056965791,-0.0004439211939,1.438905108
0.03403895996,-6.511443049e-06,0.003970239856,1.45932391,-6.396110726e-06,-0.0001662849001,0.004001268453,0.0005659664736,91.32577901,-0.0004568526937,0.07946213826,91.32543179,1.45932391,-0.07946213826,-0.0005659664736,-0.0004439451399,1.438485777
0.03404988143,-6.510123755e-06,0.003970251484,1.459563449,-6.394814799e-06,-0.0001662606971,0.004002141576,0.001563456451,81.70047803,-0.0004568664506,0.0804115689,91.34042232,1.459563449,-0.0804115689,-0.001563456451,-0.000443961512,1.438194323
0.03406481421,-6.508284064e-06,0.003970285016,1.45987524,-6.393007694e-06,-0.0001662271789,0.004003350747,0.002927570334,60.24829307,-0.0004568853665,0.08148350593,91.35993435,1.45987524,-0.08148350593,-0.002927570334,-0.0004439840747,1.437787905
0.034079747,-6.50641668e-06,0.003970338919,1.460168996,-6.391173385e-06,-0.0001661932933,0.00400457317,0.004291967148,28.97239124,-0.0004569044075,0.0821619822,91.3783178,1.460168996,-0.0821619822,-0.004291967148,-0.0004440068174,1.437375368
0.03409581799,-6.504400293e-06,0.003970419697,1.460465163,-6.389192713e-06,-0.0001661566373,0.004005895534,0.005760658038,-15.71576658,-0.0004569250408,0.08228370309,91.39685213,1.460465163,-0.08228370309,-0.005760658038,-0.0004440314478,1.436929915
0.03411188898,-6.502410898e-06,0.00397052408,1.460740795,-6.387238554e-06,-0.0001661201005,0.004007213601,0.007229636451,-71.48500486,-0.0004569458196,0.08159738676,91.41410134,1.460740795,-0.08159738676,-0.007229636451,-0.0004440561701,1.436490425
0.03412795997,-6.500491336e-06,0.003970652073,1.460996072,-6.385352992e-06,-0.0001660840816,0.004008512985,0.008698881826,-137.4342927,-0.0004569667404,0.07993138315,91.43007676,1.460996072,-0.07993138315,-0.008698881826,-0.0004440808961,1.436066362
0.03414403097,-6.498691962e-06,0.00397080368,1.461231174,-6.383585489e-06,-0.0001660490518,0.004009776686,0.01016837378,-212.019762,-0.0004569877964,0.07713358689,91.44478962,1.461231174,-0.07713358689,-0.01016837378,-0.000444105519,1.43566885
0.03416010196,-6.497069388e-06,0.003970978906,1.46144628,-6.381991655e-06,-0.0001660155438,0.004010985488,0.01163809212,-293.0046884,-0.0004570089769,0.07308224217,91.45825107,1.46144628,-0.07308224217,-0.01163809212,-0.0004441299159,1.435310397
0.03417617295,-6.49568472e-06,0.003971177753,1.461641565,-6.380631512e-06,-0.0001659841356,0.004012118539,0.01310801681,-377.4718699,-0.0004570302668,0.06769707267,91.47047216,1.461641565,-0.06769707267,-0.01310801681,-0.0004441539506,1.4350045
0.03419224394,-6.494601274e-06,0.003971400224,1.461817206,-6.379567256e-06,-0.0001659554299,0.004013154098,0.01457812801,-461.9125546,-0.0004570516467,0.06094961209,91.48146388,1.461817206,-0.06094961209,-0.01457812801,-0.0004441774781,1.434765149
0.03420665505,-6.493937539e-06,0.003971619811,1.461958143,-6.378915277e-06,-0.0001659324822,0.004013981937,0.01589654211,-534.3883929,-0.000457070875,0.05376512313,91.49028381,1.461958143,-0.05376512313,-0.01589654211,-0.0004441980222,1.434618519
0.03421036799,-6.493819287e-06,0.003971679465,1.461991934,-6.37879912e-06,-0.0001659270518,0.004014177838,0.01623624356,-552.185594,-0.0004570758352,0.05174779963,91.49239843,1.461991934,-0.05174779963,-0.01623624356,-0.0004442032168,1.434592395
0.03421193124,-6.493776343e-06,0.003971704958,1.462005852,-6.378756937e-06,-0.0001659248282,0.004014258056,0.01637927032,-559.544507,-0.0004570779241,0.0508788292,91.49326948,1.462005852,-0.0508788292,-0.01637927032,-0.0004442053909,1.434582908
0.03421228388,-6.493767225e-06,0.003971710739,1.462008967,-6.37874798e-06,-0.0001659243318,0.004014275962,0.0164115338,-559.4555265,-0.0004570783954,0.05068148365,91.49346439,1.462008967,-0.05068148365,-0.0164115338,-0.0004442058802,1.434580894
0.03421244062,-6.493763239e-06,0.003971713313,1.462010349,-6.378744065e-06,-0.0001659241118,0.0040142839,0.0164258752,-559.2555357,-0.0004570786049,0.05059380597,91.49355084,1.462010349,-0.05059380597,-0.0164258752,-0.0004442060976,1.434580013
0.0342140081,-6.493725663e-06,0.003971739173,1.462024062,-6.378707154e-06,-0.0001659219325,0.004014362518,0.01656928989,-557.2431489,-0.0004570806998,0.04971876007,91.49440907,1.462024062,-0.04971876007,-0.01656928989,-0.000444208267,1.434571712
0.03422020896,-6.493617344e-06,0.003971843675,1.462076522,-6.378600754e-06,-0.0001659136819,0.004014660156,0.01713664424,-549.0473571,-0.0004570889896,0.04628858543,91.497692,1.462076522,-0.04628858543,-0.01713664424,-0.0004442167715,1.434547783
0.03422805284,-6.493571204e-06,0.003971980908,1.462138794,-6.378555431e-06,-0.0001659040824,0.004015006458,0.01785435677,-538.1075301,-0.0004570994788,0.04202439579,91.50158902,1.462138794,-0.04202439579,-0.01785435677,-0.0004442273521,1.43453759
0.03423754519,-6.493647942e-06,0.00397215451,1.462208074,-6.37863081e-06,-0.0001658936909,0.004015381334,0.01872294214,-523.9538799,-0.0004571121718,0.03698285688,91.50592461,1.462208074,-0.03698285688,-0.01872294214,-0.000444239893,1.434554542
0.03424865755,-6.493916606e-06,0.003972368216,1.462280764,-6.378894715e-06,-0.0001658831856,0.004015760312,0.01973981527,-506.0543989,-0.0004571270226,0.03125859752,91.51047362,1.462280764,-0.03125859752,-0.01973981527,-0.0004442542113,1.434613895
0.03426133248,-6.494449295e-06,0.003972625768,1.462352665,-6.379417969e-06,-0.0001658733136,0.004016116444,0.02089973369,-483.8685923,-0.0004571439389,0.02498301732,91.51497322,1.462352665,-0.02498301732,-0.02089973369,-0.0004442700717,1.434731574
0.03427549674,-6.495315648e-06,0.003972930978,1.462419229,-6.380268977e-06,-0.0001658648255,0.004016422654,0.0221960062,-456.9229606,-0.0004571627985,0.01831761698,91.51913882,1.462419229,-0.01831761698,-0.0221960062,-0.0004442872139,1.434922966
0.03429105037,-6.496575939e-06,0.003973287276,1.462475692,-6.381506945e-06,-0.0001658584249,0.004016653557,0.02361948975,-424.9555014,-0.0004571834336,0.0114564052,91.52267231,1.462475692,-0.0114564052,-0.02361948975,-0.0004443053507,1.435201385
0.03430785859,-6.49827311e-06,0.003973697206,1.462517307,-6.383174056e-06,-0.0001658547036,0.004016787801,0.02515784618,-388.0679496,-0.0004572056211,0.004620663029,91.52527666,1.462517307,-0.004620663029,-0.02515784618,-0.0004443241739,1.435576319
0.03432574655,-6.500424982e-06,0.003974161872,1.462539666,-6.385287813e-06,-0.0001658540731,0.004016810545,0.02679506136,-346.8441349,-0.0004572290785,-0.001954792947,91.52667586,1.462539666,0.001954792947,-0.02679506136,-0.0004443433657,1.436051703
0.03434451944,-6.50302155e-06,0.003974681021,1.462539053,-6.38783839e-06,-0.0001658567124,0.004016715333,0.02851328385,-302.3340239,-0.0004572534952,-0.008049476923,91.52663748,1.462539053,0.008049476923,-0.02851328385,-0.0004443626353,1.436625328
0.03436400455,-6.506030792e-06,0.00397525398,1.462512608,-6.390794332e-06,-0.0001658625695,0.004016504038,0.03029667636,-255.8817538,-0.0004572785915,-0.01348743246,91.52498259,1.462512608,0.01348743246,-0.03029667636,-0.0004443817664,1.437290119
0.03438409222,-6.509410455e-06,0.003975881035,1.462458126,-6.394114133e-06,-0.0001658714225,0.004016184666,0.0321351687,-208.8890675,-0.000457304174,-0.01815304504,91.52157302,1.462458126,0.01815304504,-0.0321351687,-0.0004444006494,1.438036743
0.03440476227,-6.51312063e-06,0.003976564822,1.462373538,-6.397758593e-06,-0.0001658829681,0.004015768158,0.03402687338,-162.6227578,-0.0004573301671,-0.02198807892,91.51627949,1.462373538,0.02198807892,-0.03402687338,-0.0004444192879,1.438856382
0.03442611519,-6.517136978e-06,0.003977312258,1.462256127,-6.401703802e-06,-0.0001658969148,0.00401526503,0.03598093777,-118.083842,-0.0004573566463,-0.02497834793,91.50893183,1.462256127,0.02497834793,-0.03598093777,-0.0004444378055,1.43974366
0.03444845698,-6.52147227e-06,0.003978138974,1.462101002,-6.405962306e-06,-0.0001659131011,0.004014681109,0.03802530637,-75.89026157,-0.0004573839302,-0.02713617533,91.49922399,1.462101002,0.02713617533,-0.03802530637,-0.0004444564957,1.440701398
0.03447271,-6.526259061e-06,0.003979088112,1.461895719,-6.410664312e-06,-0.0001659318503,0.004014004732,0.04024428809,-35.85881871,-0.0004574130485,-0.02847870066,91.48637726,1.461895719,0.02847870066,-0.04024428809,-0.0004444761251,1.441758879
0.03450698803,-6.533035554e-06,0.00398052135,1.461541085,-6.417320778e-06,-0.0001659592286,0.004013017059,0.04337989369,9.928424097,-0.000457453307,-0.02888693043,91.46418403,1.461541085,0.02888693043,-0.04337989369,-0.0004445029507,1.443255919
0.03452695325,-6.536931433e-06,0.003981405667,1.461300228,-6.421147653e-06,-0.0001659751204,0.004012443763,0.04520584866,30.86192767,-0.0004574762748,-0.02847291924,91.44911105,1.461300228,0.02847291924,-0.04520584866,-0.0004445181957,1.444116583
0.03455130116,-6.541586764e-06,0.00398253344,1.460972834,-6.425720528e-06,-0.0001659940247,0.004011761789,0.04743219808,51.05319261,-0.0004575038139,-0.02746425959,91.4286225,1.460972834,0.02746425959,-0.04743219808,-0.0004445365066,1.445145023
0.03457620938,-6.546206733e-06,0.003983743251,1.460600124,-6.430258666e-06,-0.0001660125014,0.004011095243,0.04970923738,66.20760072,-0.0004575314651,-0.02599304238,91.40529807,1.460600124,0.02599304238,-0.04970923738,-0.0004445549997,1.446165651
0.03461327244,-6.552759853e-06,0.003985648399,1.459975963,-6.436695716e-06,-0.000166037843,0.004010181043,0.05309628883,80.0127486,-0.0004575716718,-0.02325407062,91.36623767,1.459975963,0.02325407062,-0.05309628883,-0.0004445822162,1.447613344
0.03463387503,-6.556219624e-06,0.00398676171,1.45959358,-6.440094207e-06,-0.0001660506439,0.004009719252,0.05497842679,83.96589514,-0.0004575935585,-0.02156086935,91.34230794,1.45959358,0.02156086935,-0.05497842679,-0.0004445972446,1.448377665
0.03465966044,-6.56035715e-06,0.003988209714,1.459079908,-6.444158448e-06,-0.0001660652728,0.004009191513,0.05733331628,85.95339667,-0.0004576205082,-0.0193637923,91.31016198,1.459079908,0.0193637923,-0.05733331628,-0.0004446159926,1.449291713
0.03468544585,-6.564279203e-06,0.003989718428,1.458527754,-6.448011033e-06,-0.0001660783215,0.004008720779,0.05968734575,85.33633213,-0.0004576469889,-0.01715054231,91.27560784,1.458527754,0.01715054231,-0.05968734575,-0.0004446346987,1.45015816
0.03471123126,-6.567989211e-06,0.003991287831,1.457937689,-6.451655328e-06,-0.0001660898005,0.004008306676,0.06204045356,82.76252525,-0.0004576730257,-0.01497971762,91.23868118,1.457937689,0.01497971762,-0.06204045356,-0.0004446533811,1.450977762
0.03473701667,-6.571494474e-06,0.003992917897,1.457310275,-6.455098504e-06,-0.0001660997562,0.004007947523,0.06439257899,78.78063458,-0.0004576986427,-0.01289448577,91.19941722,1.457310275,0.01289448577,-0.06439257899,-0.0004446720497,1.451752132
0.03476280207,-6.574805032e-06,0.0039946086,1.456646069,-6.458350425e-06,-0.0001661082614,0.004007640698,0.06674366223,73.8418614,-0.0004577238632,-0.01092513454,91.15785075,1.456646069,0.01092513454,-0.06674366223,-0.0004446907078,1.45248349
0.03478858748,-6.577932739e-06,0.003996359912,1.455945619,-6.461422733e-06,-0.0001661154065,0.004007382936,0.06909364434,68.30747075,-0.0004577487093,-0.009091497264,91.11401613,1.455945619,0.009091497264,-0.06909364434,-0.0004447093538,1.453174452
0.03481437289,-6.580890521e-06,0.003998171805,1.455209467,-6.464328126e-06,-0.0001661212932,0.004007170574,0.07144246728,62.45944401,-0.0004577732014,-0.007405138866,91.0679473,1.455209467,0.007405138866,-0.07144246728,-0.0004447279827,1.453827875
0.03483955843,-6.58362831e-06,0.004,1.45445649,-6.467017423e-06,-0.000166125931,0.004007003267,0.07373547319,56.65052322,-0.0004577968002,-0.005905190184,91.02082548,1.45445649,0.005905190184,-0.07373547319,-0.0004447461545,1.454432698
0.03483955843,-6.58362831e-06,0.004,1.45445649,-6.467017423e-06,-0.000166125931,0.004007003267,0.07373547319,56.65052322,-0.0004577968002,-0.005905190184,91.02082548,1.45445649,0.005905190184,-0.07373547319,-0.0004447461545,1.454432698
0.03485648178,-6.585390389e-06,0.004001260763,1.453932022,-6.468748291e-06,-0.0001661284815,0.004006911258,0.07524679605,52.77032624,-0.0004578124861,-0.004979368168,85.86050446,1.453932022,0.004979368168,-0.07524679605,-0.0004447583474,1.454821971
0.03487036599,-6.586792578e-06,0.004002313449,1.453491552,-6.470125644e-06,-0.0001661302597,0.004006847109,0.07636293201,49.63014589,-0.000457825256,-0.004268549207,73.69577166,1.453491552,0.004268549207,-0.07636293201,-0.0004447683378,1.455131737
0.0348861589,-6.588342695e-06,0.004003527781,1.452981856,-6.471648305e-06,-0.0001661319609,0.004006785739,0.07735878065,46.12651681,-0.0004578396762,-0.003512518816,50.78260365,1.452981856,0.003512518816,-0.07735878065,-0.0004447796852,1.455474184
0.0349019518,-6.589847911e-06,0.004004754573,1.452467222,-6.47312686e-06,-0.0001661333431,0.004006735875,0.07791480059,42.71276057,-0.0004578539875,-0.002811132241,17.97385821,1.452467222,0.002811132241,-0.07791480059,-0.0004447910127,1.455806711
0.03491886612,-6.591413445e-06,0.004006072957,1.451917689,-6.474664666e-06,-0.0001661344965,0.004006694267,0.07784483876,39.17218628,-0.0004578691978,-0.002118796244,-28.108382,1.451917689,0.002118796244,-0.07784483876,-0.0004448031196,1.456152564
0.03493578044,-6.592934121e-06,0.00400738304,1.451379639,-6.476158407e-06,-0.0001661353391,0.004006663868,0.07690282569,35.76379566,-0.0004578842903,-0.001485244276,-85.00808672,1.451379639,0.001485244276,-0.07690282569,-0.0004448151978,1.456488506
0.03495269477,-6.594413179e-06,0.00400866857,1.450865269,-6.477611268e-06,-0.0001661358981,0.004006643705,0.07491432657,32.4968712,-0.0004578992683,-0.0009081573063,-151.6042588,1.450865269,0.0009081573063,-0.07491432657,-0.0004448272439,1.456815255
0.03496960909,-6.595853717e-06,0.004009910539,1.450388751,-6.479026291e-06,-0.0001661361992,0.004006632842,0.07172975687,29.37765253,-0.000457914135,-0.0003850858959,-226.0685221,1.450388751,0.0003850858959,-0.07172975687,-0.000444839255,1.457133493
0.03498652341,-6.597258684e-06,0.004011087704,1.449965814,-6.480406373e-06,-0.0001661362672,0.004006630387,0.06723672536,26.40990616,-0.000457928893,8.650327684e-05,-305.8317469,1.449965814,-8.650327684e-05,-0.06723672536,-0.000444851228,1.457443874
0.03500164014,-6.598486523e-06,0.004012066379,1.449646801,-6.481612463e-06,-0.00016613615,0.004006634615,0.06206131349,23.88722816,-0.0004579419929,0.0004665127286,-378.9495158,1.449646801,-0.0004665127286,-0.06206131349,-0.0004448618939,1.457715124
0.03501675686,-6.599690082e-06,0.004012958478,1.449396076,-6.482794705e-06,-0.0001661358814,0.004006644304,0.05578521052,21.48715973,-0.0004579550098,0.0008093146012,-450.9802422,1.449396076,-0.0008093146012,-0.05578521052,-0.0004448725251,1.45798101
0.03503187359,-6.600871161e-06,0.004013747599,1.44922549,-6.483954864e-06,-0.0001661354767,0.004006658905,0.04844696157,19.20906627,-0.0004579679454,0.001116758474,-518.9725591,1.44922549,-0.001116758474,-0.04844696157,-0.0004448831194,1.45824193
0.03503282489,-6.600944775e-06,0.004013793451,1.449217695,-6.484027174e-06,-0.000166135447,0.004006659976,0.04795132181,19.06975776,-0.0004579687568,0.001134965798,-523.0466666,1.449217695,-0.001134965798,-0.04795132181,-0.0004448837849,1.458258192
0.03503323923,-6.600976812e-06,0.004013813274,1.449214414,-6.484058644e-06,-0.0001661354339,0.004006660448,0.04773423686,19.0092313,-0.0004579691101,0.001142854613,-524.8122051,1.449214414,-0.001142854613,-0.04773423686,-0.0004448840746,1.45826527
0.03503351568,-6.600998178e-06,0.00401382645,1.449212263,-6.484079632e-06,-0.0001661354251,0.004006660765,0.04758915006,18.96889816,-0.0004579693458,0.001148104125,-524.6740378,1.449212263,-0.001148104125,-0.04758915006,-0.000444884268,1.45826999
0.0350336348,-6.601007383e-06,0.004013832115,1.449211346,-6.484088673e-06,-0.0001661354213,0.004006660902,0.04752665786,18.95153079,-0.0004579694473,0.001150362737,-524.5236289,1.449211346,-0.001150362737,-0.04752665786,-0.0004448843513,1.458272024
0.03503482604,-6.601099361e-06,0.004013888359,1.449202488,-6.484179023e-06,-0.000166135383,0.004006662286,0.04690272382,18.77826856,-0.0004579704625,0.001172835244,-523.0134851,1.449202488,-0.001172835244,-0.04690272382,-0.0004448851842,1.458292343
0.03504044767,-6.601531721e-06,0.004014143803,1.449168348,-6.484603724e-06,-0.0001661351921,0.004006669171,0.04398289001,17.97069443,-0.0004579752468,0.00127612199,-515.7273901,1.449168348,-0.00127612199,-0.04398289001,-0.0004448891114,1.458387859
0.03504803042,-6.602110578e-06,0.004014462584,1.449142039,-6.485172328e-06,-0.0001661349098,0.004006679354,0.04011086566,16.90761171,-0.0004579816828,0.001408339781,-505.4566139,1.449142039,-0.001408339781,-0.04011086566,-0.0004448943999,1.458515738
0.03505700911,-6.602789816e-06,0.004014802524,1.449139513,-6.485839536e-06,-0.0001661345409,0.004006692664,0.03562969612,15.68744031,-0.0004579892782,0.001554639032,-492.5917332,1.449139513,-0.001554639032,-0.03562969612,-0.0004449006488,1.458665793
0.03506778033,-6.603596242e-06,0.004015158037,1.449176169,-6.486631678e-06,-0.0001661340522,0.004006710292,0.03041163452,14.27830315,-0.0004579983537,0.00171596959,-476.1041638,1.449176169,-0.00171596959,-0.03041163452,-0.0004449081258,1.458843946
0.03508000235,-6.604500806e-06,0.00401549466,1.449268128,-6.48752022e-06,-0.0001661334424,0.004006732293,0.02471411889,12.7504887,-0.0004580086045,0.001881066431,-455.9828562,1.449268128,-0.001881066431,-0.02471411889,-0.0004449165835,1.459043779
0.03509380729,-6.605510014e-06,0.004015793151,1.449433188,-6.488511553e-06,-0.0001661326903,0.004006759423,0.01858621087,11.11406089,-0.0004580201233,0.002045682984,-431.5007207,1.449433188,-0.002045682984,-0.01858621087,-0.0004449261017,1.459266729
0.03510898268,-6.606605257e-06,0.004016026608,1.449684887,-6.489587396e-06,-0.0001661317962,0.004006791681,0.01225472738,9.421973984,-0.0004580327135,0.002201364435,-402.6182231,1.449684887,-0.002201364435,-0.01225472738,-0.0004449365208,1.459508687
0.03512550881,-6.607782561e-06,0.004016175652,1.450036228,-6.490743848e-06,-0.0001661307542,0.004006829268,0.005874793689,7.703063424,-0.0004580463396,0.002342694644,-369.1765965,1.450036228,-0.002342694644,-0.005874793689,-0.0004449478132,1.459768773
0.03514320121,-6.609026799e-06,0.00401622375,1.450493156,-6.491966048e-06,-0.0001661295744,0.004006871831,-0.0003269948352,6.001397429,-0.0004580608306,0.002463719426,-331.6499112,1.450493156,-0.002463719426,0.0003269948352,-0.0004449598377,1.460043646
0.03516193366,-6.610327844e-06,0.004016161816,1.451057441,-6.493244049e-06,-0.0001661282686,0.004006918936,-0.006157817396,4.350244165,-0.0004580760659,0.002560438159,-290.761263,1.451057441,-0.002560438159,0.006157817396,-0.000444972494,1.460331068
0.03518153764,-6.611673422e-06,0.004015987989,1.451724141,-6.494565793e-06,-0.0001661268569,0.004006969864,-0.0114351105,2.781405341,-0.0004580918929,0.002630082366,-247.6587909,1.451724141,-0.002630082366,0.0114351105,-0.0004449856537,1.460628329
0.03520191238,-6.613056615e-06,0.004015706667,1.452485469,-6.495924487e-06,-0.0001661253584,0.004007023924,-0.01602996625,1.315666589,-0.0004581082167,0.002671542384,-203.5856068,1.452485469,-0.002671542384,0.01602996625,-0.0004449992356,1.460933899
0.03522302866,-6.614475765e-06,0.004015326085,1.453332696,-6.497318501e-06,-0.0001661237893,0.004007080527,-0.01986202604,-0.03485580605,-0.0004581250012,0.002684771335,-159.7604312,1.453332696,-0.002684771335,0.01986202604,-0.0004450132069,1.461247413
0.03524499276,-6.615938414e-06,0.004014854791,1.454260383,-6.498755242e-06,-0.0001661221578,0.004007139385,-0.02289698422,-1.267318342,-0.0004581423167,0.002670158466,-117.1799613,1.454260383,-0.002670158466,0.02289698422,-0.000445027623,1.461570536
0.03526815171,-6.617467816e-06,0.004014296839,1.45527235,-6.500257555e-06,-0.0001661204559,0.004007200779,-0.02513040359,-2.387804186,-0.0004581604178,0.002627490674,-76.47327147,1.45527235,-0.002627490674,0.02513040359,-0.0004450426924,1.461908406
0.03529363166,-6.619137551e-06,0.004013636093,1.456406052,-6.501897716e-06,-0.0001661186249,0.004007266835,-0.02656751764,-3.422438602,-0.000458180149,0.002553043491,-37.36193112,1.456406052,-0.002553043491,0.02656751764,-0.0004450591138,1.462277279
0.03532278814,-6.621034243e-06,0.004012851137,1.457705381,-6.503760813e-06,-0.0001661166058,0.004007339675,-0.02709685593,-4.371595549,-0.0004582024927,0.002438837867,-0.3311936933,1.457705381,-0.002438837867,0.02709685593,-0.0004450776977,1.462696289
0.03534585144,-6.622525645e-06,0.004012228301,1.458719666,-6.505225798e-06,-0.0001661150803,0.004007394705,-0.02682392027,-4.959814236,-0.0004582199907,0.00233096846,23.1655937,1.458719666,-0.00233096846,0.02682392027,-0.0004450922392,1.463025765
0.03536977293,-6.624065417e-06,0.004011595217,1.459748143,-6.506738298e-06,-0.0001661135753,0.004007448998,-0.02602938237,-5.431658775,-0.0004582379762,0.002206410484,42.43014667,1.459748143,-0.002206410484,0.02602938237,-0.0004451071724,1.463365926
0.03539607966,-6.625751379e-06,0.004010927121,1.460842109,-6.508394397e-06,-0.0001661120198,0.004007505114,-0.02469452582,-5.802994249,-0.0004582575635,0.00205831539,58.15612537,1.460842109,-0.00205831539,0.02469452582,-0.0004451234177,1.463738383
0.03542748636,-6.627755253e-06,0.004010182518,1.462087188,-6.510362779e-06,-0.0001661103086,0.004007566846,-0.02265810615,-6.066308593,-0.0004582806866,0.001871447117,70.44796328,1.462087188,-0.001871447117,0.02265810615,-0.0004451425686,1.464181072
0.03545262801,-6.629352963e-06,0.004009635801,1.463030946,-6.51193219e-06,-0.0001661090578,0.004007611969,-0.02080939186,-6.153246874,-0.0004582989928,0.001717623257,76.05566852,1.463030946,-0.001717623257,0.02080939186,-0.0004451577076,1.464534032
0.03547870179,-6.631004147e-06,0.004009119454,1.463957488,-6.513554127e-06,-0.0001661078744,0.00400765466,-0.01878584405,-6.14275532,-0.0004583177865,0.001557114551,78.67820334,1.463957488,-0.001557114551,0.01878584405,-0.0004451732283,1.464898806
0.03550477557,-6.63264951e-06,0.004008656451,1.464830292,-6.515170347e-06,-0.0001661068066,0.004007693181,-0.01672878163,-6.044073858,-0.0004583363863,0.001398059834,78.73612615,1.464830292,-0.001398059834,0.01672878163,-0.0004451885665,1.465262294
0.03553084935,-6.634288918e-06,0.004008246866,1.465650084,-6.516780717e-06,-0.0001661058525,0.004007727597,-0.01469686108,-5.870969311,-0.0004583547928,0.001242577451,76.8449507,1.465650084,-0.001242577451,0.01469686108,-0.0004452037232,1.465624467
0.03555692313,-6.635922089e-06,0.004007889443,1.466418583,-6.518384961e-06,-0.0001661050091,0.004007758025,-0.01273384595,-5.636421755,-0.0004583730068,0.001092436881,73.53082891,1.466418583,-0.001092436881,0.01273384595,-0.0004452186998,1.465985261
0.03558299691,-6.637548617e-06,0.004007581954,1.467138216,-6.51998268e-06,-0.0001661042718,0.004007784624,-0.0108709567,-5.352553962,-0.000458391029,0.0009490802009,69.23026925,1.467138216,-0.0009490802009,0.0108709567,-0.0004452334977,1.466344588
0.03560907069,-6.639168002e-06,0.004007321494,1.467811888,-6.521573382e-06,-0.0001661036352,0.004007807586,-0.00912914403,-5.030573398,-0.0004584088602,0.0008136452236,64.29580082,1.467811888,-0.0008136452236,0.00912914403,-0.0004452481188,1.466702337
0.03563514447,-6.640779671e-06,0.004007104726,1.468442786,-6.523156504e-06,-0.0001661030935,0.00400782713,-0.007521165734,-4.68072872,-0.0004584265013,0.0006869899625,59.00501585,1.468442786,-0.0006869899625,0.007521165734,-0.0004452625651,1.467058382
0.03566121825,-6.642382998e-06,0.004006928064,1.46903424,-6.524731434e-06,-0.0001661026399,0.004007843493,-0.006053404927,-4.312281908,-0.0004584439533,0.0005697180298,53.57109425,1.46903424,-0.0005697180298,0.006053404927,-0.0004452768388,1.467412583
0.03568729203,-6.64397733e-06,0.004006787823,1.469589606,-6.526297526e-06,-0.0001661022676,0.004007856924,-0.004727409279,-3.933496384,-0.0004584612171,0.0004622045523,48.15351166,1.469589606,-0.0004622045523,0.004727409279,-0.0004452909422,1.467764798
0.03571364913,-6.645579161e-06,0.004006679324,1.470117693,-6.527870985e-06,-0.0001661019665,0.004007867785,-0.003529020299,-3.547498608,-0.0004584784783,0.0003636165088,42.81173542,1.470117693,-0.0003636165088,0.003529020299,-0.0004453050282,1.468118669
0.03574051001,-6.647200732e-06,0.004006599341,1.470624808,-6.529463835e-06,-0.00016610173,0.004007876319,-0.002449730083,-3.157613086,-0.0004584958742,0.0002735786696,37.59332916,1.470624808,-0.0002735786696,0.002449730083,-0.0004453192096,1.468476901
0.03576816151,-6.648857816e-06,0.004006545317,1.471117559,-6.531091568e-06,-0.0001661015523,0.004007882727,-0.001481107714,-2.766020729,-0.0004585135774,0.000191709176,32.52034505,1.471117559,-0.000191709176,0.001481107714,-0.000445333628,1.468842978
0.03579694905,-6.650569013e-06,0.004006515462,1.471602588,-6.532772455e-06,-0.0001661014296,0.004007887155,-0.0006166382754,-2.374430177,-0.0004585317892,0.0001177640555,27.60239097,1.471602588,-0.0001177640555,0.0006166382754,-0.0004453484477,1.46922101
0.03582738995,-6.652362121e-06,0.004006508726,1.472088296,-6.534533803e-06,-0.000166101359,0.004007889701,0.0001498252487,-1.98329101,-0.0004585508062,5.1503034e-05,22.82937339,1.472088296,-5.1503034e-05,-0.0001498252487,-0.0004453639102,1.469617137
0.03586041661,-6.654287528e-06,0.004006525251,1.472588004,-6.536425107e-06,-0.0001661013398,0.004007890393,0.0008251875103,-1.590269938,-0.0004585711614,-7.413175538e-06,18.15606179,1.472588004,7.413175538e-06,-0.0008251875103,-0.0004453804487,1.470042491
0.03589863021,-6.656488076e-06,0.004006568841,1.473136342,-6.538586678e-06,-0.000166101377,0.004007889052,0.001425848611,-1.180677306,-0.0004585943575,-6.019736101e-05,13.3945564,1.473136342,6.019736101e-05,-0.001425848611,-0.0004453992827,1.470528629
0.03594069523,-6.658875125e-06,0.004006639292,1.473709623,-6.540931448e-06,-0.0001661014728,0.004007885595,0.00189243522,-0.789014442,-0.0004586194559,-0.0001014045214,8.919335056,1.473709623,0.0001014045214,-0.00189243522,-0.0004454196493,1.471055968
0.03598276025,-6.661223839e-06,0.004006725637,1.474257601,-6.543238561e-06,-0.0001661016076,0.004007880733,0.002186744765,-0.4600356018,-0.0004586441048,-0.0001274573471,5.193582708,1.474257601,0.0001274573471,-0.002186744765,-0.0004454396424,1.471574838
0.03602506804,-6.663546376e-06,0.004006821841,1.474788827,-6.54551996e-06,-0.0001661017662,0.004007875014,0.002339524929,-0.1904375487,-0.0004586684499,-0.0001410065906,2.139023706,1.474788827,0.0001410065906,-0.002339524929,-0.0004454593836,1.472087924
0.03607218021,-6.666084888e-06,0.004006933381,1.475362429,-6.54801351e-06,-0.0001661019536,0.004007868251,0.002374640353,0.04232790329,-0.0004586950427,-0.0001442290204,-0.526238734,1.475362429,0.0001442290204,-0.002374640353,-0.0004454809443,1.472648724
0.03611929237,-6.668572558e-06,0.00400704388,1.475921865,-6.550457117e-06,-0.0001661021388,0.004007861572,0.002300714736,0.2112227796,-0.0004587211011,-0.0001380219088,-2.505371528,1.475921865,0.0001380219088,-0.002300714736,-0.0004455020714,1.473198291
0.03616640453,-6.671009276e-06,0.004007148928,1.476470813,-6.552850675e-06,-0.0001661023112,0.00400785535,0.002147909873,0.3248386738,-0.0004587466361,-0.000125195022,-3.889898954,1.476470813,0.000125195022,-0.002147909873,-0.0004455227761,1.473736603
0.0362135167,-6.673395302e-06,0.004007245435,1.477011865,-6.555194439e-06,-0.0001661024639,0.004007849841,0.001942127174,0.3922113071,-0.0004587716583,-0.0001081403358,-4.768998192,1.477011865,0.0001081403358,-0.001942127174,-0.0004455430686,1.474263716
0.03626062886,-6.675731194e-06,0.004007331435,1.477546701,-6.557488958e-06,-0.0001661025927,0.004007845196,0.001705140731,0.4222534195,-0.0004587961786,-8.882512895e-05,-5.22853801,1.477546701,8.882512895e-05,-0.001705140731,-0.0004455629584,1.474779753
0.03630774103,-6.67801775e-06,0.004007405893,1.478076259,-6.559735014e-06,-0.0001661026956,0.004007841483,0.001454777958,0.4233458257,-0.0004588202074,-6.880799128e-05,-5.350001124,1.478076259,6.880799128e-05,-0.001454777958,-0.0004455824547,1.475284891
0.03635485319,-6.680255941e-06,0.004007468524,1.478600889,-6.561933561e-06,-0.0001661027726,0.004007838705,0.001205154246,0.4030654545,-0.0004588437553,-4.927078328e-05,-5.209281983,1.478600889,4.927078328e-05,-0.001205154246,-0.0004456015658,1.475779345
0.03640196535,-6.68244686e-06,0.004007519629,1.479120494,-6.564085674e-06,-0.0001661028249,0.004007836819,0.0009669648478,0.3680270942,-0.0004588668324,-3.106063688e-05,-4.875486147,1.479120494,3.106063688e-05,-0.0009669648478,-0.0004456202998,1.476263355
0.03644907752,-6.68459168e-06,0.004007559936,1.479634655,-6.566192504e-06,-0.0001661028546,0.004007835749,0.0007478300981,0.3238157258,-0.0004588894485,-1.473718989e-05,-4.409892826,1.479634655,1.473718989e-05,-0.0007478300981,-0.0004456386643,1.476737181
0.03649717581,-6.686735093e-06,0.004007591014,1.480153312,-6.568297952e-06,-0.0001661028644,0.004007835395,0.0005488771577,0.2739439834,-0.0004589120726,-3.506424934e-07,-3.853302798,1.480153312,3.506424934e-07,-0.0005488771577,-0.0004456570396,1.477210697
0.03654735345,-6.688922698e-06,0.004007613962,1.480686791,-6.57044681e-06,-0.0001661028559,0.0040078357,0.0003709733933,0.2208801116,-0.0004589351843,1.206106132e-05,-3.234933243,1.480686791,-1.206106132e-05,-0.0003709733933,-0.0004456758148,1.477693975
0.03660158637,-6.691233091e-06,0.004007629652,1.48125358,-6.572716281e-06,-0.0001661028295,0.004007836652,0.0002136655438,0.1659417328,-0.0004589596133,2.253217693e-05,-2.570342748,1.48125358,-2.253217693e-05,-0.0002136655438,-0.000445695664,1.478204379
0.03666650434,-6.693927312e-06,0.00400763864,1.481917076,-6.575362781e-06,-0.0001661027805,0.004007838421,7.124430677e-05,0.1071026454,-0.0004589881218,3.134629095e-05,-1.831317553,1.481917076,-3.134629095e-05,-7.124430677e-05,-0.0004457188317,1.478799577
0.03673142231,-6.696546464e-06,0.004007639875,1.482562638,-6.577935542e-06,-0.0001661027188,0.004007840646,-2.62819747e-05,0.05818234865,-0.0004590158519,3.665384077e-05,-1.192146121,1.482562638,-3.665384077e-05,2.62819747e-05,-0.0004457413699,1.479378191
0.03679634028,-6.699093213e-06,0.004007636043,1.4831889,-6.580437182e-06,-0.0001661026503,0.004007843119,-8.613534983e-05,0.02003705513,-0.0004590428253,3.913448944e-05,-0.6724007631,1.4831889,-3.913448944e-05,8.613534983e-05,-0.0004457632949,1.47994081
0.03686125825,-6.701570017e-06,0.004007629335,1.483794918,-6.582870117e-06,-0.0001661025793,0.004007845681,-0.0001162409633,-0.007698840465,-0.000459069063,3.948117279e-05,-0.2750741955,1.483794918,-3.948117279e-05,0.0001162409633,-0.0004457846228,1.480487978
0.03692617622,-6.703979139e-06,0.004007621427,1.484380163,-6.585236568e-06,-0.0001661025091,0.004007848213,-0.0001243225688,-0.02616364598,-0.0004590945849,3.833581221e-05,0.008207406745,1.484380163,-3.833581221e-05,0.0001243225688,-0.0004458053692,1.481020193
0.03699251963,-6.706373401e-06,0.004007613352,1.484956641,-6.587588422e-06,-0.0001661024404,0.004007850689,-0.0001170397362,-0.03706864732,-0.0004591199482,3.619865383e-05,0.1957197998,1.484956641,-3.619865383e-05,0.0001170397362,-0.0004458259863,1.481549125
0.03706141079,-6.708789306e-06,0.004007605854,1.485532322,-6.589961536e-06,-0.0001661023739,0.00400785309,-9.94353167e-05,-0.04178640908,-0.0004591455376,3.344941178e-05,0.3022380097,1.485532322,-3.344941178e-05,9.94353167e-05,-0.0004458467867,1.482082838
0.03713448036,-6.711275829e-06,0.004007599444,1.486117945,-6.592404017e-06,-0.0001661023092,0.004007855422,-7.55212581e-05,-0.0415674451,-0.0004591718705,3.037767241e-05,0.3417912274,1.486117945,-3.037767241e-05,7.55212581e-05,-0.0004458681907,1.482632152
0.03721400334,-6.713895907e-06,0.004007594516,1.486727078,-6.594977687e-06,-0.0001661022458,0.00400785771,-4.861609913e-05,-0.03753110635,-0.0004591996125,2.721351361e-05,0.3270947552,1.486727078,-2.721351361e-05,4.861609913e-05,-0.0004458907389,1.483210971
0.03730656362,-6.716836354e-06,0.004007591344,1.487400796,-6.597866053e-06,-0.0001661021802,0.004007860078,-2.085319471e-05,-0.03048666984,-0.0004592307403,2.405532056e-05,0.2678431395,1.487400796,-2.405532056e-05,2.085319471e-05,-0.0004459160379,1.483860565
0.03740949077,-6.719973311e-06,0.00400759047,1.488108069,-6.600947447e-06,-0.0001661021156,0.004007862407,2.412483226e-06,-0.02225836881,-0.0004592639421,2.13460749e-05,0.1834077063,1.488108069,-2.13460749e-05,-2.412483226e-06,-0.0004459430213,1.48455357
0.03751241793,-6.722975973e-06,0.004007591544,1.488774238,-6.603896925e-06,-0.0001661020576,0.004007864499,1.709304123e-05,-0.0152783794,-0.0004592957181,1.942926424e-05,0.1040838145,1.488774238,-1.942926424e-05,-1.709304123e-05,-0.0004459688452,1.485216908
0.03761534508,-6.725849903e-06,0.004007593736,1.489402219,-6.606719952e-06,-0.0001661020042,0.004007866428,2.444844576e-05,-0.01021581256,-0.0004593261295,1.813439039e-05,0.04222903325,1.489402219,-1.813439039e-05,-2.444844576e-05,-0.0004459935596,1.485851807
0.03771851373,-6.728606797e-06,0.004007596401,1.489995988,-6.609428014e-06,-0.0001661019536,0.004007868251,2.649823266e-05,-0.007044752674,-0.0004593553015,1.725912184e-05,0.0008775235236,1.489995988,-1.725912184e-05,-2.649823266e-05,-0.0004460172667,1.486460851
0.03782457313,-6.731317269e-06,0.004007599164,1.490571601,-6.612090478e-06,-0.0001661019039,0.004007870045,2.52015368e-05,-0.005375873029,-0.0004593839824,1.661245651e-05,-0.02246301608,1.490571601,-1.661245651e-05,-2.52015368e-05,-0.0004460405747,1.487059639
0.03793546935,-6.734023181e-06,0.004007601796,1.491138143,-6.614748462e-06,-0.0001661018537,0.004007871856,2.209353717e-05,-0.004788941369,-0.0004594126157,1.60571228e-05,-0.03147642223,1.491138143,-1.60571228e-05,-2.209353717e-05,-0.0004460638441,1.48765742
0.03805522919,-6.736805079e-06,0.004007604214,1.491711978,-6.617481086e-06,-0.0001661018013,0.004007873745,1.830746939e-05,-0.004864608301,-0.000459442054,1.548367189e-05,-0.03043880559,1.491711978,-1.548367189e-05,-1.830746939e-05,-0.0004460877678,1.488271987
0.03819294102,-6.739833108e-06,0.004007606467,1.492326297,-6.620455483e-06,-0.0001661017435,0.00400787583,1.457797064e-05,-0.005240912634,-0.0004594740977,1.478860547e-05,-0.02320086729,1.492326297,-1.478860547e-05,-1.457797064e-05,-0.0004461138091,1.488940929
0.03835886945,-6.743252979e-06,0.004007608612,1.493006566,-6.62381478e-06,-0.0001661016776,0.00400787821,1.154304006e-05,-0.005568103082,-0.0004595102889,1.388776098e-05,-0.01369158123,1.493006566,-1.388776098e-05,-1.154304006e-05,-0.0004461432211,1.489696435
0.03852479789,-6.74643919e-06,0.004007610372,1.49362667,-6.626944556e-06,-0.0001661016158,0.004007880437,9.858101887e-06,-0.005567945883,-0.0004595440076,1.295941115e-05,-0.007234261568,1.49362667,-1.295941115e-05,-9.858101887e-06,-0.0004461706239,1.490400322
0.03869545958,-6.749489374e-06,0.004007611968,1.49420719,-6.629940714e-06,-0.0001661015567,0.004007882569,8.932656189e-06,-0.00529795423,-0.0004595762868,1.202938576e-05,-0.004117766655,1.49420719,-1.202938576e-05,-8.932656189e-06,-0.0004461968567,1.491074158
0.03888099102,-6.752562938e-06,0.004007613562,1.494778447,-6.632959838e-06,-0.0001661014973,0.004007884712,8.274647915e-06,-0.004867521486,-0.0004596088133,1.108543318e-05,-0.003264415954,1.494778447,-1.108543318e-05,-8.274647915e-06,-0.0004462232905,1.49175316
0.03910303745,-6.75593563e-06,0.004007615318,1.495388529,-6.636272792e-06,-0.0001661014323,0.004007887058,7.536071181e-06,-0.00435021442,-0.0004596445052,1.006312904e-05,-0.003458432653,1.495388529,-1.006312904e-05,-7.536071181e-06,-0.0004462522968,1.492498243
0.03933808155,-6.759174358e-06,0.004007616992,1.495956816,-6.639454155e-06,-0.0001661013699,0.004007889307,6.69826896e-06,-0.003887851858,-0.0004596787793,9.096837818e-06,-0.003605513198,1.495956816,-9.096837818e-06,-6.69826896e-06,-0.0004462801508,1.493213732
0.03957837925,-6.76216638e-06,0.004007618499,1.49646547,-6.642393181e-06,-0.0001661013123,0.004007891385,5.854579103e-06,-0.003498779249,-0.0004597104426,8.210693007e-06,-0.003363074422,1.49646547,-8.210693007e-06,-5.854579103e-06,-0.000446305883,1.493874719
0.03986067441,-6.765311205e-06,0.004007620024,1.496981897,-6.645482304e-06,-0.0001661012518,0.004007893569,4.97510165e-06,-0.003106455463,-0.0004597437229,7.279602257e-06,-0.002857214704,1.496981897,-7.279602257e-06,-4.97510165e-06,-0.0004463329294,1.494569463
0.04023490509,-6.768937257e-06,0.004007621701,1.497552091,-6.649044132e-06,-0.000166101182,0.004007896086,4.023704083e-06,-0.002651306672,-0.0004597820959,6.204255815e-06,-0.002257757358,1.497552091,-6.204255815e-06,-4.023704083e-06,-0.0004463641145,1.495370518
0.04060913577,-6.772028435e-06,0.00400762306,1.498014562,-6.652080557e-06,-0.0001661011225,0.004007898232,3.264235141e-06,-0.002258807724,-0.0004598148086,5.287404025e-06,-0.001822442965,1.498014562,-5.287404025e-06,-3.264235141e-06,-0.0004463906996,1.496053411
0.04108588235,-6.775315099e-06,0.004007624426,1.498479432,-6.655309007e-06,-0.0001661010593,0.004007900513,2.500407015e-06,-0.001841745363,-0.0004598495899,4.313370229e-06,-0.001400011112,1.498479432,-4.313370229e-06,-2.500407015e-06,-0.0004464189658,1.496779489
0.04157847983,-6.778077238e-06,0.004007625502,1.49884574,-6.658022223e-06,-0.0001661010062,0.004007902429,1.897560125e-06,-0.001492107991,-0.0004598788205,3.4952808e-06,-0.001062639846,1.49884574,-3.4952808e-06,-1.897560125e-06,-0.000446442721,1.497389692
0.04216664745,-6.780698504e-06,0.004007626453,1.499169428,-6.66059706e-06,-0.0001661009558,0.004007904247,1.365179887e-06,-0.001160581872,-0.0004599065602,2.719255915e-06,-0.0007641600724,1.499169428,-2.719255915e-06,-1.365179887e-06,-0.0004464652646,1.497968773
0.04282817266,-6.782958623e-06,0.004007627208,1.499426379,-6.662817148e-06,-0.0001661009124,0.004007905814,9.427230701e-07,-0.000874954153,-0.000459930478,2.050431499e-06,-0.0005276431904,1.499426379,-2.050431499e-06,-9.427230701e-07,-0.0004464847023,1.498468071
0.04359545246,-6.784893807e-06,0.004007627796,1.4996266,-6.664718055e-06,-0.0001661008752,0.004007907156,6.136045881e-07,-0.00063057204,-0.0004599509572,1.477971807e-06,-0.0003434000013,1.4996266,-1.477971807e-06,-6.136045881e-07,-0.0004465013454,1.498895585
0.04449467965,-6.786486143e-06,0.004007628229,1.499774233,-6.666282187e-06,-0.0001661008446,0.00400790826,3.709723681e-07,-0.0004296074087,-0.0004599678082,1.007075702e-06,-0.0002075970984,1.499774233,-1.007075702e-06,-3.709723681e-07,-0.0004465150399,1.499247358
0.04557086517,-6.787740059e-06,0.004007628529,1.499876364,-6.667513893e-06,-0.0001661008205,0.004007909129,2.031435737e-07,-0.000271430925,-0.0004599810779,6.363507519e-07,-0.0001136737361,1.499876364,-6.363507519e-07,-2.031435737e-07,-0.0004465258239,1.499524369
0.04689096883,-6.788666886e-06,0.004007628719,1.499940932,-6.668424304e-06,-0.0001661008027,0.004007909771,9.705103382e-08,-0.0001545587911,-0.0004599908861,3.623827346e-07,-5.430539006e-05,1.499940932,-3.623827346e-07,-9.705103382e-08,-0.0004465337949,1.499729121
0.04855787789,-6.789290734e-06,0.004007628824,1.499976757,-6.669037102e-06,-0.0001661007907,0.004007910204,3.818821171e-08,-7.5912866e-05,-0.000459997488,1.779994227e-07,-2.136798303e-05,1.499976757,-1.779994227e-07,-3.818821171e-08,-0.0004465391601,1.499866939
0.05,-6.789567413e-06,0.004007628862,1.499989628,-6.669308881e-06,-0.0001661007854,0.004007910395,1.70407112e-08,-4.103971453e-05,-0.0004600004159,9.623129107e-08,-9.534940634e-06,1.499989628,-9.623129107e-08,-1.70407112e-08,-0.0004465415397,1.499928062
