time,cActuator.armature.stopper_xMax.v_rel_ref,cActuator.armature.stopper_xMax.v_rel_sim,cActuator.armature.stopper_xMax.v_rel_relerr,cActuator.x_ref,cActuator.x_sim,cActuator.x_relerr,pmActuator.x_ref,pmActuator.x_sim,pmActuator.x_relerr
0,0,-0,0,-0.004,-0.004,0,-0.004,-0.004,0
1e-05,-2.626805613e-06,-2.627154085e-06,4.055e-10,-0.003999999991,-0.003999999991,1.52366e-10,-0.003999999987,-0.003999999988,2.1663e-10
2e-05,-1.048851856e-05,-1.048900612e-05,5.6736e-10,-0.003999999929,-0.00399999993,2.12903e-10,-0.003999999899,-0.0039999999,3.02177e-10
3e-05,-2.355581615e-05,-2.355624559e-05,4.9972e-10,-0.003999999763,-0.003999999764,1.86846e-10,-0.003999999664,-0.003999999665,2.63843e-10
4e-05,-4.179935769e-05,-4.179970114e-05,3.9966e-10,-0.003999999441,-0.003999999442,1.47403e-10,-0.003999999206,-0.003999999206,2.04051e-10
5e-05,-6.519010878e-05,-6.519033993e-05,2.68974e-10,-0.003999998911,-0.003999998911,9.25269e-11,-0.003999998452,-0.003999998453,1.14895e-10
6e-05,-9.369922365e-05,-9.369926729e-05,5.07785e-11,-0.003999998121,-0.003999998121,9.10313e-13,-0.003999997331,-0.003999997331,3.46271e-11
7e-05,-0.0001272978639,-0.0001272977254,1.61081e-10,-0.00399999702,-0.00399999702,9.01925e-11,-0.003999995769,-0.003999995768,1.87689e-10
8e-05,-0.0001659573569,-0.0001659570935,3.06405e-10,-0.003999995559,-0.003999995558,1.53475e-10,-0.003999993695,-0.003999993694,2.95671e-10
9e-05,-0.0002096492383,-0.0002096488865,4.09381e-10,-0.003999993685,-0.003999993684,1.98749e-10,-0.003999991038,-0.003999991036,3.73416e-10
0.0001,-0.0002583452187,-0.000258344755,5.39602e-10,-0.003999991349,-0.003999991348,2.56369e-10,-0.003999987727,-0.003999987725,4.72347e-10
0.00011,-0.0003120170436,-0.0003120164845,6.50621e-10,-0.003999988502,-0.003999988501,3.05565e-10,-0.003999983692,-0.00399998369,5.57546e-10
0.00012,-0.0003706366313,-0.0003706359943,7.41263e-10,-0.003999985093,-0.003999985091,3.45693e-10,-0.003999978863,-0.003999978861,6.27973e-10
0.00013,-0.0004341760712,-0.000434175337,8.54363e-10,-0.003999981073,-0.003999981071,3.95727e-10,-0.003999973172,-0.003999973169,7.15888e-10
0.00014,-0.000502607501,-0.0005026066991,9.33121e-10,-0.003999976393,-0.003999976392,4.30439e-10,-0.003999966548,-0.003999966545,7.77327e-10
0.00015,-0.0005759032594,-0.000575902398,1.00233e-09,-0.003999971005,-0.003999971003,4.60782e-10,-0.003999958925,-0.003999958922,8.29763e-10
0.00016,-0.0006540357619,-0.0006540348839,1.02168e-09,-0.003999964859,-0.003999964857,4.68925e-10,-0.003999950234,-0.003999950231,8.42096e-10
0.00017,-0.0007369776184,-0.0007369767386,1.02374e-09,-0.003999957908,-0.003999957906,4.69323e-10,-0.003999940408,-0.003999940405,8.41638e-10
0.00018,-0.0008247015459,-0.0008247006735,1.01518e-09,-0.003999950104,-0.003999950102,4.65043e-10,-0.00399992938,-0.003999929377,8.34733e-10
0.00019,-0.0009171803997,-0.0009171795293,1.01274e-09,-0.003999941398,-0.003999941397,4.63681e-10,-0.003999917085,-0.003999917081,8.34456e-10
0.0002,-0.001014387126,-0.001014386277,9.88093e-10,-0.003999931744,-0.003999931743,4.52386e-10,-0.003999903455,-0.003999903451,8.1755e-10
0.00021,-0.001116294844,-0.001116294015,9.64279e-10,-0.003999921095,-0.003999921093,4.4154e-10,-0.003999888425,-0.003999888422,8.00423e-10
0.00022,-0.001222876791,-0.001222875973,9.52323e-10,-0.003999909403,-0.003999909401,4.36091e-10,-0.003999871932,-0.003999871929,7.93187e-10
0.00023,-0.001334106305,-0.001334105503,9.32822e-10,-0.003999896622,-0.00399989662,4.27265e-10,-0.003999853909,-0.003999853906,7.75968e-10
0.00024,-0.001449956879,-0.00144995609,9.18578e-10,-0.003999882705,-0.003999882704,4.20809e-10,-0.003999834294,-0.003999834291,7.61834e-10
0.00025,-0.001570402126,-0.001570401342,9.12597e-10,-0.003999867607,-0.003999867606,4.18065e-10,-0.003999813023,-0.00399981302,7.55242e-10
0.00026,-0.001695415767,-0.001695414992,9.01148e-10,-0.003999851282,-0.00399985128,4.1282e-10,-0.003999790031,-0.003999790028,7.46849e-10
0.00027,-0.001824971668,-0.0018249709,8.92772e-10,-0.003999833684,-0.003999833682,4.08958e-10,-0.003999765258,-0.003999765255,7.43154e-10
0.00028,-0.001959043813,-0.001959043049,8.8855e-10,-0.003999814768,-0.003999814766,4.06983e-10,-0.003999738641,-0.003999738638,7.43861e-10
0.00029,-0.002097606304,-0.002097605547,8.80832e-10,-0.003999794488,-0.003999794486,4.03391e-10,-0.003999710117,-0.003999710114,7.4078e-10
0.0003,-0.002240633377,-0.002240632628,8.71667e-10,-0.003999772801,-0.003999772799,3.99148e-10,-0.003999679626,-0.003999679623,7.36787e-10
0.00031,-0.002388099387,-0.002388098642,8.6629e-10,-0.003999749661,-0.003999749659,3.96661e-10,-0.003999647107,-0.003999647104,7.33586e-10
0.00032,-0.002539978806,-0.002539978067,8.60229e-10,-0.003999725024,-0.003999725022,3.93865e-10,-0.003999612499,-0.003999612496,7.24391e-10
0.00033,-0.002696246237,-0.002696245502,8.54444e-10,-0.003999698846,-0.003999698845,3.91205e-10,-0.003999575742,-0.003999575739,7.1396e-10
0.00034,-0.002856876398,-0.00285687567,8.47743e-10,-0.003999671084,-0.003999671083,3.88146e-10,-0.003999536777,-0.003999536774,7.04172e-10
0.00035,-0.003021844129,-0.003021843409,8.3705e-10,-0.003999641694,-0.003999641693,3.83302e-10,-0.003999495545,-0.003999495542,6.94213e-10
0.00036,-0.003191124388,-0.00319112368,8.239e-10,-0.003999610633,-0.003999610632,3.77372e-10,-0.003999451987,-0.003999451985,6.85866e-10
0.00037,-0.003364692255,-0.003364691561,8.07912e-10,-0.003999577858,-0.003999577856,3.70182e-10,-0.003999406045,-0.003999406043,6.78213e-10
0.00038,-0.003542522927,-0.00354252225,7.87484e-10,-0.003999543325,-0.003999543324,3.61003e-10,-0.003999357661,-0.003999357659,6.68197e-10
0.00039,-0.003724591718,-0.003724591066,7.59021e-10,-0.003999506993,-0.003999506991,3.4819e-10,-0.003999306778,-0.003999306775,6.50015e-10
0.0004,-0.003910874072,-0.003910873446,7.27831e-10,-0.003999468819,-0.003999468818,3.34149e-10,-0.003999253338,-0.003999253336,6.27582e-10
0.00041,-0.004101345545,-0.004101344943,7.00657e-10,-0.003999428761,-0.00399942876,3.21946e-10,-0.003999197286,-0.003999197283,6.10238e-10
0.00042,-0.004295981806,-0.00429598122,6.81854e-10,-0.003999386778,-0.003999386777,3.13554e-10,-0.003999138565,-0.003999138562,5.90399e-10
0.00043,-0.004494758643,-0.004494758068,6.6938e-10,-0.003999342828,-0.003999342827,3.08017e-10,-0.003999077119,-0.003999077117,5.71431e-10
0.00044,-0.004697651961,-0.004697651389,6.64704e-10,-0.003999296869,-0.003999296868,3.05972e-10,-0.003999012894,-0.003999012891,5.58549e-10
0.00045,-0.004904637773,-0.004904637203,6.63371e-10,-0.003999248861,-0.00399924886,3.05411e-10,-0.003998945834,-0.003998945831,5.50772e-10
0.00046,-0.005115692201,-0.005115691638,6.54732e-10,-0.003999198763,-0.003999198762,3.01542e-10,-0.003998875885,-0.003998875882,5.40716e-10
0.00047,-0.005330791498,-0.005330790941,6.48021e-10,-0.003999146534,-0.003999146533,2.98528e-10,-0.003998802992,-0.00399880299,5.36925e-10
0.00048,-0.005549912022,-0.005549911468,6.43687e-10,-0.003999092134,-0.003999092132,2.96577e-10,-0.003998727104,-0.003998727102,5.3937e-10
0.00049,-0.005773030243,-0.005773029692,6.41063e-10,-0.003999035522,-0.003999035521,2.95393e-10,-0.003998648165,-0.003998648163,5.46042e-10
0.0005,-0.006000122746,-0.006000122196,6.39553e-10,-0.00399897666,-0.003998976659,2.94708e-10,-0.003998566124,-0.003998566122,5.53667e-10
0.00051,-0.006231166235,-0.006231165679,6.46452e-10,-0.003998915507,-0.003998915505,2.97821e-10,-0.003998480928,-0.003998480925,5.63002e-10
0.00052,-0.006466137514,-0.006466136958,6.46197e-10,-0.003998852023,-0.003998852022,2.97652e-10,-0.003998392524,-0.003998392522,5.68515e-10
0.00053,-0.0067050135,-0.006705012942,6.49571e-10,-0.003998786171,-0.00399878617,2.99136e-10,-0.003998300863,-0.00399830086,5.75057e-10
0.00054,-0.006947771224,-0.006947770658,6.58551e-10,-0.00399871791,-0.003998717909,3.03186e-10,-0.003998205891,-0.003998205889,5.75985e-10
0.00055,-0.007194387824,-0.007194387252,6.64952e-10,-0.003998647203,-0.003998647201,3.06078e-10,-0.003998107559,-0.003998107557,5.70027e-10
0.00056,-0.007444840555,-0.007444839977,6.72043e-10,-0.00399857401,-0.003998574008,3.09262e-10,-0.003998005816,-0.003998005813,5.62814e-10
0.00057,-0.007699106772,-0.007699106192,6.74775e-10,-0.003998498293,-0.003998498292,3.10458e-10,-0.003997900611,-0.003997900609,5.54131e-10
0.00058,-0.007957163943,-0.007957163365,6.72849e-10,-0.003998420015,-0.003998420014,3.09535e-10,-0.003997791897,-0.003997791894,5.46134e-10
0.00059,-0.008218989643,-0.008218989069,6.67393e-10,-0.003998339137,-0.003998339136,3.07009e-10,-0.003997679622,-0.00399767962,5.41106e-10
0.0006,-0.008484561552,-0.008484560985,6.60018e-10,-0.003998255623,-0.003998255621,3.03619e-10,-0.003997563739,-0.003997563736,5.40733e-10
0.00061,-0.008753857464,-0.008753856902,6.54149e-10,-0.003998169434,-0.003998169432,3.00928e-10,-0.003997444198,-0.003997444196,5.46322e-10
0.00062,-0.009026855274,-0.009026854714,6.51342e-10,-0.003998080533,-0.003998080532,2.99646e-10,-0.003997320952,-0.00399732095,5.57137e-10
0.00063,-0.009303532984,-0.009303532424,6.51424e-10,-0.003997988884,-0.003997988883,2.9969e-10,-0.003997193954,-0.003997193951,5.70166e-10
0.00064,-0.009583868702,-0.009583868141,6.53028e-10,-0.00399789445,-0.003997894449,3.0043e-10,-0.003997063155,-0.003997063152,5.80047e-10
0.00065,-0.009867840641,-0.009867840083,6.49692e-10,-0.003997797195,-0.003997797194,2.9891e-10,-0.003996928508,-0.003996928506,5.79799e-10
0.00066,-0.01015542712,-0.01015542657,6.35537e-10,-0.003997697082,-0.00399769708,2.92453e-10,-0.003996789968,-0.003996789966,5.82608e-10
0.00067,-0.01044660656,-0.01044660601,6.36669e-10,-0.003997594074,-0.003997594073,2.9299e-10,-0.003996647488,-0.003996647486,5.82594e-10
0.00068,-0.01074135748,-0.01074135693,6.43649e-10,-0.003997488137,-0.003997488136,2.96197e-10,-0.003996501022,-0.00399650102,5.7789e-10
0.00069,-0.01103965852,-0.01103965796,6.50163e-10,-0.003997379235,-0.003997379234,2.99185e-10,-0.003996350525,-0.003996350522,5.68176e-10
0.0007,-0.01134148841,-0.01134148785,6.52629e-10,-0.003997267333,-0.003997267331,3.00316e-10,-0.003996195951,-0.003996195948,5.54642e-10
0.00071,-0.01164682597,-0.01164682541,6.49936e-10,-0.003997152394,-0.003997152393,2.99082e-10,-0.003996037255,-0.003996037253,5.39539e-10
0.00072,-0.01195565015,-0.01195564959,6.43542e-10,-0.003997034384,-0.003997034383,2.96168e-10,-0.003995874395,-0.003995874392,5.25808e-10
0.00073,-0.01226793997,-0.01226793943,6.34395e-10,-0.003996913269,-0.003996913268,2.91993e-10,-0.003995707324,-0.003995707322,5.16092e-10
0.00074,-0.01258367458,-0.01258367405,6.24558e-10,-0.003996789014,-0.003996789013,2.87499e-10,-0.003995536,-0.003995535998,5.12661e-10
0.00075,-0.01290283322,-0.01290283269,6.16026e-10,-0.003996661584,-0.003996661583,2.83595e-10,-0.00399536038,-0.003995360378,5.16785e-10
0.00076,-0.01322539522,-0.01322539469,6.1019e-10,-0.003996530946,-0.003996530945,2.80918e-10,-0.00399518042,-0.003995180417,5.28261e-10
0.00077,-0.01355134001,-0.01355133948,6.11432e-10,-0.003996397065,-0.003996397064,2.8147e-10,-0.003994996077,-0.003994996075,5.47392e-10
0.00078,-0.01388064714,-0.01388064661,6.17224e-10,-0.003996259908,-0.003996259907,2.84097e-10,-0.00399480731,-0.003994807308,5.68925e-10
0.00079,-0.01421329623,-0.01421329569,6.24812e-10,-0.003996119441,-0.00399611944,2.87543e-10,-0.003994614077,-0.003994614075,5.85873e-10
0.0008,-0.01454926702,-0.01454926648,6.26681e-10,-0.003995975631,-0.00399597563,2.8838e-10,-0.003994416336,-0.003994416333,5.8837e-10
0.00081,-0.01488853934,-0.01488853882,6.05538e-10,-0.003995828445,-0.003995828444,2.78719e-10,-0.003994214045,-0.003994214042,5.91144e-10
0.00082,-0.01523109311,-0.01523109259,6.07979e-10,-0.003995677849,-0.003995677848,2.79817e-10,-0.003994007164,-0.003994007162,5.96167e-10
0.00083,-0.01557690836,-0.01557690782,6.21237e-10,-0.003995523812,-0.003995523811,2.85851e-10,-0.003993795653,-0.00399379565,5.98258e-10
0.00084,-0.0159259652,-0.01592596466,6.35969e-10,-0.0039953663,-0.003995366299,2.92558e-10,-0.00399357947,-0.003993579468,5.94574e-10
0.00085,-0.01627824386,-0.01627824331,6.465e-10,-0.003995205282,-0.003995205281,2.97349e-10,-0.003993358577,-0.003993358574,5.84616e-10
0.00086,-0.01663372464,-0.01663372408,6.49724e-10,-0.003995040725,-0.003995040724,2.98806e-10,-0.003993132933,-0.003993132931,5.694e-10
0.00087,-0.01699238795,-0.0169923874,6.45784e-10,-0.003994872597,-0.003994872596,2.96999e-10,-0.0039929025,-0.003992902498,5.51705e-10
0.00088,-0.01735421429,-0.01735421374,6.36327e-10,-0.003994700867,-0.003994700865,2.9268e-10,-0.003992667238,-0.003992667236,5.34861e-10
0.00089,-0.01771918425,-0.01771918371,6.22788e-10,-0.003994525502,-0.003994525501,2.865e-10,-0.003992427109,-0.003992427107,5.21574e-10
0.0009,-0.01808727852,-0.018087278,6.07842e-10,-0.003994346473,-0.003994346471,2.79678e-10,-0.003992182075,-0.003992182073,5.14626e-10
0.00091,-0.01845847788,-0.01845847737,5.94215e-10,-0.003994163746,-0.003994163745,2.73455e-10,-0.003991932098,-0.003991932096,5.16012e-10
0.00092,-0.0188327632,-0.0188327627,5.84655e-10,-0.003993977293,-0.003993977292,2.69084e-10,-0.00399167714,-0.003991677138,5.26753e-10
0.00093,-0.01921011546,-0.01921011496,5.8187e-10,-0.003993787081,-0.00399378708,2.67812e-10,-0.003991417164,-0.003991417162,5.46704e-10
0.00094,-0.0195905157,-0.0195905152,5.85415e-10,-0.00399359308,-0.003993593079,2.69427e-10,-0.003991152133,-0.003991152131,5.72543e-10
0.00095,-0.01997394508,-0.01997394457,5.9361e-10,-0.00399339526,-0.003993395259,2.73161e-10,-0.003990882011,-0.003990882008,5.98746e-10
0.00096,-0.02036038484,-0.02036038432,6.02329e-10,-0.003993193591,-0.00399319359,2.77131e-10,-0.00399060676,-0.003990606757,6.16705e-10
0.00097,-0.02074981631,-0.0207498158,5.94983e-10,-0.003992988043,-0.003992988042,2.73773e-10,-0.003990326345,-0.003990326343,6.15314e-10
0.00098,-0.0211422209,-0.02114222041,5.69411e-10,-0.003992778585,-0.003992778584,2.62114e-10,-0.003990040731,-0.003990040729,6.15441e-10
0.00099,-0.02153758014,-0.02153757965,5.72399e-10,-0.003992565189,-0.003992565187,2.6347e-10,-0.003989749882,-0.00398974988,6.22406e-10
0.001,-0.02193587561,-0.02193587511,5.89551e-10,-0.003992347824,-0.003992347823,2.71281e-10,-0.003989453763,-0.00398945376,6.28856e-10
0.00101,-0.02233708902,-0.02233708849,6.10201e-10,-0.003992126461,-0.00399212646,2.80684e-10,-0.003989152338,-0.003989152336,6.30196e-10
0.00102,-0.02274120213,-0.02274120159,6.26917e-10,-0.003991901072,-0.003991901071,2.8829e-10,-0.003988845575,-0.003988845572,6.24125e-10
0.00103,-0.02314819681,-0.02314819626,6.3732e-10,-0.003991671628,-0.003991671626,2.93021e-10,-0.003988533438,-0.003988533435,6.11843e-10
0.00104,-0.02355805502,-0.02355805447,6.3905e-10,-0.003991438099,-0.003991438098,2.93801e-10,-0.003988215893,-0.003988215891,5.94348e-10
0.00105,-0.0239707588,-0.02397075826,6.31909e-10,-0.003991200457,-0.003991200456,2.90537e-10,-0.003987892908,-0.003987892905,5.73871e-10
0.00106,-0.02438629027,-0.02438628974,6.17351e-10,-0.003990958674,-0.003990958673,2.83892e-10,-0.003987564448,-0.003987564446,5.53411e-10
0.00107,-0.02480463165,-0.02480463114,5.97726e-10,-0.003990712722,-0.003990712721,2.74935e-10,-0.003987230481,-0.003987230479,5.3609e-10
0.00108,-0.02522576524,-0.02522576475,5.77268e-10,-0.003990462572,-0.003990462571,2.656e-10,-0.003986890974,-0.003986890972,5.25814e-10
0.00109,-0.02564967343,-0.02564967295,5.59682e-10,-0.003990208197,-0.003990208196,2.57576e-10,-0.003986545895,-0.003986545893,5.25378e-10
0.0011,-0.02607633868,-0.02607633821,5.47203e-10,-0.00398994957,-0.003989949569,2.5188e-10,-0.003986195212,-0.00398619521,5.35689e-10
0.00111,-0.02650574356,-0.0265057431,5.41764e-10,-0.003989686661,-0.00398968666,2.49392e-10,-0.003985838892,-0.00398583889,5.56544e-10
0.00112,-0.0269378707,-0.02693787024,5.43909e-10,-0.003989419446,-0.003989419445,2.50357e-10,-0.003985476904,-0.003985476902,5.85739e-10
0.00113,-0.02737270283,-0.02737270236,5.53059e-10,-0.003989147895,-0.003989147894,2.54515e-10,-0.003985109218,-0.003985109215,6.19205e-10
0.00114,-0.02781022276,-0.02781022227,5.67126e-10,-0.003988871983,-0.003988871982,2.6092e-10,-0.003984735802,-0.003984735799,6.50633e-10
0.00115,-0.02825041338,-0.02825041288,5.79471e-10,-0.003988591682,-0.003988591681,2.66539e-10,-0.003984356625,-0.003984356622,6.69049e-10
0.00116,-0.02869325767,-0.02869325719,5.55764e-10,-0.003988306966,-0.003988306964,2.5574e-10,-0.003983971656,-0.003983971654,6.60175e-10
0.00117,-0.02913873868,-0.02913873822,5.272e-10,-0.003988017808,-0.003988017807,2.42725e-10,-0.003983580867,-0.003983580864,6.56577e-10
0.00118,-0.02958683955,-0.02958683909,5.31691e-10,-0.003987724182,-0.003987724181,2.44757e-10,-0.003983184227,-0.003983184224,6.65346e-10
0.00119,-0.03003754351,-0.03003754303,5.54974e-10,-0.003987426062,-0.003987426061,2.55353e-10,-0.003982781706,-0.003982781703,6.78162e-10
0.0012,-0.03049083385,-0.03049083335,5.84176e-10,-0.003987123423,-0.003987123421,2.68643e-10,-0.003982373275,-0.003982373272,6.87765e-10
0.00121,-0.03094669397,-0.03094669345,6.10741e-10,-0.003986816237,-0.003986816236,2.80732e-10,-0.003981958906,-0.003981958903,6.90237e-10
0.00122,-0.03140510733,-0.03140510679,6.29053e-10,-0.00398650448,-0.003986504479,2.89061e-10,-0.003981538568,-0.003981538565,6.83844e-10
0.00123,-0.03186605747,-0.03186605693,6.35977e-10,-0.003986188126,-0.003986188125,2.922e-10,-0.003981112235,-0.003981112232,6.68605e-10
0.00124,-0.03232952802,-0.03232952748,6.32494e-10,-0.003985867151,-0.003985867149,2.90606e-10,-0.003980679877,-0.003980679874,6.47604e-10
0.00125,-0.03279550269,-0.03279550216,6.18901e-10,-0.003985541528,-0.003985541526,2.8441e-10,-0.003980241467,-0.003980241464,6.22967e-10
0.00126,-0.03326396526,-0.03326396474,5.97341e-10,-0.003985211232,-0.003985211231,2.74585e-10,-0.003979796976,-0.003979796974,5.97909e-10
0.00127,-0.03373489958,-0.03373489909,5.70866e-10,-0.00398487624,-0.003984876239,2.62521e-10,-0.003979346378,-0.003979346376,5.75914e-10
0.00128,-0.03420828961,-0.03420828915,5.42879e-10,-0.003984536526,-0.003984536525,2.49765e-10,-0.003978889646,-0.003978889643,5.60225e-10
0.00129,-0.03468411937,-0.03468411892,5.18136e-10,-0.003984192066,-0.003984192065,2.38489e-10,-0.003978426752,-0.003978426749,5.54661e-10
0.0013,-0.03516237294,-0.03516237251,5.00071e-10,-0.003983842836,-0.003983842835,2.30255e-10,-0.003977957669,-0.003977957667,5.61303e-10
0.00131,-0.03564303451,-0.03564303409,4.90677e-10,-0.003983488811,-0.00398348881,2.25969e-10,-0.003977482372,-0.00397748237,5.80357e-10
0.00132,-0.03612608833,-0.03612608791,4.91089e-10,-0.003983129967,-0.003983129966,2.26146e-10,-0.003977000834,-0.003977000831,6.10616e-10
0.00133,-0.03661151873,-0.0366115183,5.00708e-10,-0.003982766281,-0.00398276628,2.30512e-10,-0.003976513029,-0.003976513027,6.48674e-10
0.00134,-0.03709931011,-0.03709930966,5.1762e-10,-0.003982397729,-0.003982397728,2.382e-10,-0.003976018932,-0.003976018929,6.89272e-10
0.00135,-0.03758944695,-0.03758944648,5.37775e-10,-0.003982024287,-0.003982024286,2.47368e-10,-0.003975518517,-0.003975518514,7.24549e-10
0.00136,-0.03808191381,-0.03808191333,5.52697e-10,-0.003981645932,-0.003981645931,2.54155e-10,-0.003975011759,-0.003975011756,7.42013e-10
0.00137,-0.03857669532,-0.03857669489,5.06468e-10,-0.003981262641,-0.00398126264,2.33124e-10,-0.003974498633,-0.00397449863,7.19131e-10
0.00138,-0.03907377619,-0.03907377579,4.74496e-10,-0.00398087439,-0.00398087439,2.18574e-10,-0.003973979115,-0.003973979112,7.10831e-10
0.00139,-0.03957314121,-0.03957314079,4.81539e-10,-0.003980481158,-0.003980481157,2.21765e-10,-0.003973453179,-0.003973453176,7.22607e-10
0.0014,-0.04007477522,-0.04007477478,5.11607e-10,-0.00398008292,-0.003980082919,2.35433e-10,-0.003972920803,-0.003972920799,7.43695e-10
0.00141,-0.04057866315,-0.04057866268,5.50409e-10,-0.003979679655,-0.003979679654,2.53073e-10,-0.003972381961,-0.003972381958,7.64579e-10
0.00142,-0.04108479002,-0.04108478952,5.87939e-10,-0.003979271339,-0.003979271338,2.70133e-10,-0.00397183663,-0.003971836627,7.79297e-10
0.00143,-0.04159314089,-0.04159314036,6.17226e-10,-0.003978857952,-0.00397885795,2.83443e-10,-0.003971284787,-0.003971284784,7.84302e-10
0.00144,-0.04210370092,-0.04210370038,6.3392e-10,-0.003978439469,-0.003978439468,2.91021e-10,-0.003970726408,-0.003970726405,7.78078e-10
0.00145,-0.04261645533,-0.04261645478,6.37969e-10,-0.00397801587,-0.003978015869,2.92854e-10,-0.003970161471,-0.003970161468,7.62677e-10
0.00146,-0.04313138941,-0.04313138887,6.2862e-10,-0.003977587133,-0.003977587132,2.88595e-10,-0.003969589952,-0.003969589949,7.39105e-10
0.00147,-0.04364848853,-0.04364848801,6.0752e-10,-0.003977153235,-0.003977153234,2.7899e-10,-0.00396901183,-0.003969011827,7.10174e-10
0.00148,-0.04416773812,-0.04416773763,5.77414e-10,-0.003976714156,-0.003976714155,2.65288e-10,-0.003968427081,-0.003968427078,6.79294e-10
0.00149,-0.0446891237,-0.04468912324,5.41731e-10,-0.003976269873,-0.003976269872,2.49047e-10,-0.003967835684,-0.003967835681,6.50089e-10
0.0015,-0.04521263085,-0.04521263041,5.06489e-10,-0.003975820366,-0.003975820365,2.33013e-10,-0.003967237616,-0.003967237614,6.28204e-10
0.00151,-0.04573824521,-0.0457382448,4.75881e-10,-0.003975365614,-0.003975365613,2.19095e-10,-0.003966632857,-0.003966632855,6.17125e-10
0.00152,-0.04626595251,-0.04626595212,4.53408e-10,-0.003974905594,-0.003974905594,2.08883e-10,-0.003966021385,-0.003966021382,6.19261e-10
0.00153,-0.04679573854,-0.04679573816,4.42319e-10,-0.003974440288,-0.003974440287,2.03856e-10,-0.003965403178,-0.003965403175,6.36359e-10
0.00154,-0.04732758916,-0.04732758878,4.44725e-10,-0.003973969673,-0.003973969672,2.04975e-10,-0.003964778215,-0.003964778213,6.68674e-10
0.00155,-0.04786149029,-0.0478614899,4.61215e-10,-0.003973493729,-0.003973493728,2.1251e-10,-0.003964146477,-0.003964146474,7.14608e-10
0.00156,-0.04839742795,-0.04839742752,4.90464e-10,-0.003973012436,-0.003973012435,2.25859e-10,-0.003963507941,-0.003963507938,7.70338e-10
0.00157,-0.04893538818,-0.04893538773,5.28844e-10,-0.003972525774,-0.003972525773,2.43373e-10,-0.003962862589,-0.003962862585,8.29459e-10
0.00158,-0.04947535714,-0.04947535665,5.70036e-10,-0.003972033722,-0.003972033721,2.62179e-10,-0.003962210399,-0.003962210396,8.82618e-10
0.00159,-0.05001732101,-0.05001732049,6.04643e-10,-0.00397153626,-0.003971536259,2.78005e-10,-0.003961551352,-0.003961551349,9.17146e-10
0.0016,-0.05056126608,-0.05056126561,5.56044e-10,-0.003971033369,-0.003971033368,2.56045e-10,-0.003960885429,-0.003960885425,8.94788e-10
0.00161,-0.05110717869,-0.05110717822,5.38442e-10,-0.003970525028,-0.003970525027,2.48177e-10,-0.003960212609,-0.003960212605,8.99442e-10
0.00162,-0.05165504523,-0.05165504474,5.69002e-10,-0.003970011219,-0.003970011218,2.62192e-10,-0.003959532874,-0.00395953287,9.35759e-10
0.00163,-0.05220485218,-0.05220485164,6.28376e-10,-0.003969491921,-0.00396949192,2.89301e-10,-0.003958846204,-0.0039588462,9.88876e-10
0.00164,-0.05275658607,-0.05275658547,7.00879e-10,-0.003968967116,-0.003968967114,3.22371e-10,-0.00395815258,-0.003958152576,1.04704e-09
0.00165,-0.05331023352,-0.05331023285,7.7409e-10,-0.003968436783,-0.003968436782,3.55759e-10,-0.003957451984,-0.00395745198,1.10125e-09
0.00166,-0.05386578118,-0.05386578046,8.38473e-10,-0.003967900905,-0.003967900903,3.85124e-10,-0.003956744398,-0.003956744394,1.14487e-09
0.00167,-0.0544232158,-0.05442321504,8.86985e-10,-0.003967359461,-0.00396735946,4.07256e-10,-0.003956029803,-0.003956029798,1.17331e-09
0.00168,-0.05498252418,-0.05498252339,9.14687e-10,-0.003966812434,-0.003966812432,4.19903e-10,-0.003955308181,-0.003955308176,1.18361e-09
0.00169,-0.05554369317,-0.05554369238,9.18362e-10,-0.003966259805,-0.003966259803,4.21587e-10,-0.003954579514,-0.00395457951,1.17412e-09
0.0017,-0.05610670973,-0.05610670894,9.23754e-10,-0.003965701554,-0.003965701552,4.24155e-10,-0.003953843785,-0.003953843781,1.17086e-09
0.00171,-0.05667156085,-0.05667156006,9.19908e-10,-0.003965137664,-0.003965137663,4.2255e-10,-0.003953100977,-0.003953100972,1.164e-09
0.00172,-0.05723823358,-0.0572382328,9.06672e-10,-0.003964568117,-0.003964568115,4.16681e-10,-0.003952351071,-0.003952351066,1.15379e-09
0.00173,-0.05780671504,-0.05780671428,8.8757e-10,-0.003963992894,-0.003963992892,4.08146e-10,-0.00395159405,-0.003951594046,1.14376e-09
0.00174,-0.05837699242,-0.05837699168,8.66337e-10,-0.003963411977,-0.003963411975,3.98638e-10,-0.003950829899,-0.003950829895,1.13733e-09
0.00175,-0.05894905297,-0.05894905224,8.46557e-10,-0.003962825348,-0.003962825347,3.89778e-10,-0.0039500586,-0.003950058596,1.13745e-09
0.00176,-0.059522884,-0.05952288328,8.31289e-10,-0.00396223299,-0.003962232988,3.8295e-10,-0.003949280137,-0.003949280132,1.14631e-09
0.00177,-0.06009847288,-0.06009847217,8.22711e-10,-0.003961634885,-0.003961634883,3.79136e-10,-0.003948494493,-0.003948494489,1.16494e-09
0.00178,-0.06067580704,-0.06067580634,8.21745e-10,-0.003961031015,-0.003961031013,3.78744e-10,-0.003947701653,-0.003947701648,1.19293e-09
0.00179,-0.06125487401,-0.06125487329,8.37538e-10,-0.003960421363,-0.003960421361,3.85978e-10,-0.0039469016,-0.003946901595,1.23801e-09
0.0018,-0.06183566133,-0.06183566058,8.76449e-10,-0.003959805912,-0.00395980591,4.03768e-10,-0.003946094319,-0.003946094314,1.30496e-09
0.00181,-0.06241815663,-0.06241815583,9.26321e-10,-0.003959184644,-0.003959184642,4.26535e-10,-0.003945279794,-0.003945279788,1.37965e-09
0.00182,-0.06300234759,-0.06300234674,9.81848e-10,-0.003958557543,-0.003958557541,4.51869e-10,-0.003944458009,-0.003944458004,1.45481e-09
0.00183,-0.06358822195,-0.06358822106,1.03491e-09,-0.003957924592,-0.00395792459,4.76078e-10,-0.003943628951,-0.003943628944,1.52029e-09
0.00184,-0.06417576751,-0.06417576659,1.07423e-09,-0.003957285773,-0.003957285771,4.94038e-10,-0.003942792602,-0.003942792596,1.56266e-09
0.00185,-0.06476497214,-0.06476497128,1.00365e-09,-0.003956641071,-0.003956641069,4.62137e-10,-0.00394194895,-0.003941948944,1.52142e-09
0.00186,-0.06535582377,-0.06535582294,9.66983e-10,-0.003955990468,-0.003955990466,4.45584e-10,-0.003941097978,-0.003941097972,1.50891e-09
0.00187,-0.06594831037,-0.06594830953,9.78104e-10,-0.003955333949,-0.003955333947,4.50664e-10,-0.003940239673,-0.003940239667,1.53075e-09
0.00188,-0.06654242,-0.06654241913,1.01643e-09,-0.003954671497,-0.003954671495,4.68035e-10,-0.00393937402,-0.003939374014,1.56991e-09
0.00189,-0.06713814077,-0.06713813983,1.08894e-09,-0.003954003095,-0.003954003093,5.01024e-10,-0.003938501006,-0.003938500999,1.63751e-09
0.0019,-0.06773546082,-0.06773545982,1.16655e-09,-0.003953328728,-0.003953328726,5.36318e-10,-0.003937620615,-0.003937620608,1.70639e-09
0.00191,-0.06833436839,-0.06833436733,1.23949e-09,-0.003952648381,-0.003952648378,5.69501e-10,-0.003936732835,-0.003936732828,1.76904e-09
0.00192,-0.06893485175,-0.06893485063,1.30068e-09,-0.003951962036,-0.003951962033,5.9735e-10,-0.003935837651,-0.003935837644,1.82017e-09
0.00193,-0.06953689923,-0.06953689808,1.34533e-09,-0.003951269679,-0.003951269676,6.17689e-10,-0.003934935051,-0.003934935043,1.85643e-09
0.00194,-0.07014049924,-0.07014049806,1.3706e-09,-0.003950571293,-0.00395057129,6.29229e-10,-0.003934025021,-0.003934025013,1.87604e-09
0.00195,-0.07074564022,-0.07074563903,1.37529e-09,-0.003949866863,-0.003949866861,6.31417e-10,-0.003933107547,-0.003933107539,1.87854e-09
0.00196,-0.07135231067,-0.0713523095,1.35947e-09,-0.003949156375,-0.003949156372,6.24281e-10,-0.003932182617,-0.00393218261,1.86443e-09
0.00197,-0.07196049917,-0.07196049804,1.32419e-09,-0.003948439812,-0.00394843981,6.08275e-10,-0.003931250219,-0.003931250211,1.83486e-09
0.00198,-0.07257019436,-0.07257019325,1.28632e-09,-0.00394771716,-0.003947717158,5.91147e-10,-0.003930310339,-0.003930310332,1.80755e-09
0.00199,-0.0731813849,-0.07318138382,1.25085e-09,-0.003946988403,-0.003946988401,5.75164e-10,-0.003929362965,-0.003929362958,1.78732e-09
0.002,-0.07379405953,-0.07379405849,1.21456e-09,-0.003946253527,-0.003946253525,5.58808e-10,-0.003928408085,-0.003928408078,1.77004e-09
0.00201,-0.07440820705,-0.07440820603,1.18155e-09,-0.003945512517,-0.003945512515,5.43937e-10,-0.003927445686,-0.003927445679,1.7592e-09
0.00202,-0.07502381629,-0.0750238153,1.15544e-09,-0.003944765359,-0.003944765356,5.32195e-10,-0.003926475757,-0.00392647575,1.75768e-09
0.00203,-0.07564087616,-0.07564087518,1.1391e-09,-0.003944012036,-0.003944012034,5.24869e-10,-0.003925498286,-0.003925498279,1.76748e-09
0.00204,-0.07625937562,-0.07625937465,1.13426e-09,-0.003943252536,-0.003943252534,5.22741e-10,-0.003924513261,-0.003924513253,1.78937e-09
0.00205,-0.07687930369,-0.07687930271,1.14121e-09,-0.003942486844,-0.003942486842,5.25935e-10,-0.00392352067,-0.003923520663,1.8226e-09
0.00206,-0.07750064942,-0.07750064842,1.15849e-09,-0.003941714946,-0.003941714943,5.33775e-10,-0.003922520502,-0.003922520495,1.86463e-09
0.00207,-0.07812340194,-0.07812340092,1.18715e-09,-0.003940936826,-0.003940936824,5.4676e-10,-0.003921512747,-0.003921512739,1.91575e-09
0.00208,-0.07874755044,-0.07874754938,1.24121e-09,-0.003940152473,-0.003940152471,5.71362e-10,-0.003920497393,-0.003920497385,1.99023e-09
0.00209,-0.07937308415,-0.07937308303,1.29978e-09,-0.003939361871,-0.003939361868,5.98014e-10,-0.003919474428,-0.00391947442,2.06531e-09
0.0021,-0.07999999234,-0.07999999117,1.35367e-09,-0.003938565007,-0.003938565004,6.22549e-10,-0.003918443843,-0.003918443835,2.13098e-09
0.00211,-0.08062826435,-0.08062826315,1.3906e-09,-0.003937761867,-0.003937761864,6.39398e-10,-0.003917405627,-0.003917405618,2.17425e-09
0.00212,-0.08125788957,-0.08125788846,1.29157e-09,-0.003936952437,-0.003936952435,5.94689e-10,-0.003916359769,-0.00391635976,2.1087e-09
0.00213,-0.08188885744,-0.08188885636,1.25762e-09,-0.003936136704,-0.003936136702,5.79415e-10,-0.003915306259,-0.00391530625,2.09736e-09
0.00214,-0.08252115747,-0.08252115637,1.2748e-09,-0.003935314655,-0.003935314653,5.87257e-10,-0.003914245087,-0.003914245078,2.12722e-09
0.00215,-0.08315477919,-0.08315477805,1.32223e-09,-0.003934486277,-0.003934486274,6.08757e-10,-0.003913176242,-0.003913176233,2.1802e-09
0.00216,-0.0837897122,-0.08378971101,1.38227e-09,-0.003933651556,-0.003933651553,6.35909e-10,-0.003912099715,-0.003912099706,2.24099e-09
0.00217,-0.08442594618,-0.08442594492,1.46022e-09,-0.003932810478,-0.003932810476,6.71256e-10,-0.003911015497,-0.003911015487,2.31838e-09
0.00218,-0.08506347081,-0.08506346949,1.53964e-09,-0.003931963032,-0.00393196303,7.07302e-10,-0.003909923577,-0.003909923567,2.39707e-09
0.00219,-0.08570227586,-0.08570227448,1.60867e-09,-0.003931109205,-0.003931109202,7.38645e-10,-0.003908823946,-0.003908823936,2.46614e-09
0.0022,-0.08634235113,-0.08634234971,1.66214e-09,-0.003930248983,-0.00393024898,7.62947e-10,-0.003907716595,-0.003907716585,2.52138e-09
0.00221,-0.08698368648,-0.08698368502,1.69685e-09,-0.003929382354,-0.00392938235,7.78747e-10,-0.003906601514,-0.003906601504,2.56021e-09
0.00222,-0.08762627181,-0.08762627034,1.71122e-09,-0.003928509305,-0.003928509302,7.85336e-10,-0.003905478696,-0.003905478685,2.58145e-09
0.00223,-0.08827009709,-0.08827009562,1.70506e-09,-0.003927629824,-0.003927629821,7.82612e-10,-0.00390434813,-0.003904348119,2.58497e-09
0.00224,-0.08891515231,-0.08891515087,1.67922e-09,-0.003926743899,-0.003926743896,7.70949e-10,-0.003903209807,-0.003903209797,2.5715e-09
0.00225,-0.08956142754,-0.08956142614,1.63528e-09,-0.003925851517,-0.003925851514,7.51061e-10,-0.003902063721,-0.00390206371,2.5423e-09
0.00226,-0.0902089129,-0.09020891154,1.58331e-09,-0.003924952666,-0.003924952663,7.27542e-10,-0.003900909861,-0.00390090985,2.50771e-09
0.00227,-0.09085759855,-0.09085759723,1.5383e-09,-0.003924047335,-0.003924047332,7.07258e-10,-0.003899748219,-0.003899748209,2.48332e-09
0.00228,-0.09150747469,-0.09150747341,1.49346e-09,-0.00392313551,-0.003923135508,6.87051e-10,-0.003898578788,-0.003898578778,2.4607e-09
0.00229,-0.09215853158,-0.09215853033,1.45288e-09,-0.003922217181,-0.003922217179,6.68772e-10,-0.003897401559,-0.003897401549,2.44333e-09
0.0023,-0.09281075952,-0.0928107583,1.4202e-09,-0.003921292336,-0.003921292333,6.54064e-10,-0.003896216524,-0.003896216514,2.43419e-09
0.00231,-0.09346414886,-0.09346414766,1.39832e-09,-0.003920360962,-0.00392036096,6.44231e-10,-0.003895023675,-0.003895023665,2.43551e-09
0.00232,-0.09411869002,-0.09411868883,1.38908e-09,-0.003919423049,-0.003919423047,6.40101e-10,-0.003893823005,-0.003893822995,2.44848e-09
0.00233,-0.09477437343,-0.09477437224,1.393e-09,-0.003918478585,-0.003918478582,6.41906e-10,-0.003892614506,-0.003892614496,2.47304e-09
0.00234,-0.09543118961,-0.0954311884,1.40901e-09,-0.003917527558,-0.003917527555,6.49148e-10,-0.003891398171,-0.003891398161,2.50759e-09
0.00235,-0.09608912908,-0.09608912785,1.43414e-09,-0.003916569957,-0.003916569955,6.60469e-10,-0.003890173992,-0.003890173981,2.54874e-09
0.00236,-0.09674818248,-0.0967481812,1.48491e-09,-0.003915605772,-0.003915605769,6.835e-10,-0.003888941962,-0.003888941951,2.61527e-09
0.00237,-0.09740834041,-0.09740833909,1.54313e-09,-0.00391463499,-0.003914634987,7.09917e-10,-0.003887702074,-0.003887702063,2.68765e-09
0.00238,-0.09806959358,-0.09806959221,1.59965e-09,-0.003913657601,-0.003913657598,7.35561e-10,-0.003886454321,-0.003886454309,2.75693e-09
0.00239,-0.09873193273,-0.09873193131,1.64346e-09,-0.003912673595,-0.003912673592,7.55464e-10,-0.003885198696,-0.003885198684,2.81272e-09
0.0024,-0.09939534862,-0.09939534725,1.58823e-09,-0.003911682959,-0.003911682956,7.30615e-10,-0.003883935192,-0.003883935181,2.78099e-09
0.00241,-0.1000598321,-0.1000598308,1.50971e-09,-0.003910685684,-0.003910685681,6.95227e-10,-0.003882663804,-0.003882663793,2.72974e-09
0.00242,-0.100725374,-0.1007253727,1.49546e-09,-0.003909681759,-0.003909681756,6.8884e-10,-0.003881384524,-0.003881384512,2.73376e-09
0.00243,-0.1013919653,-0.101391964,1.52369e-09,-0.003908671173,-0.00390867117,7.01604e-10,-0.003880097345,-0.003880097334,2.77389e-09
0.00244,-0.102059597,-0.1020595956,1.57574e-09,-0.003907653916,-0.003907653913,7.25079e-10,-0.003878802263,-0.003878802251,2.83364e-09
0.00245,-0.10272826,-0.1027282586,1.64642e-09,-0.003906629978,-0.003906629975,7.57006e-10,-0.00387749927,-0.003877499258,2.91085e-09
0.00246,-0.1033979454,-0.1033979439,1.72844e-09,-0.003905599348,-0.003905599345,7.94111e-10,-0.003876188361,-0.003876188348,3.00018e-09
0.00247,-0.1040686443,-0.1040686428,1.80524e-09,-0.003904562016,-0.003904562012,8.28868e-10,-0.003874869529,-0.003874869516,3.08529e-09
0.00248,-0.1047403479,-0.1047403463,1.8702e-09,-0.003903517972,-0.003903517968,8.58274e-10,-0.003873542769,-0.003873542757,3.16027e-09
0.00249,-0.1054130474,-0.1054130458,1.91868e-09,-0.003902467206,-0.003902467202,8.80231e-10,-0.003872208076,-0.003872208063,3.22095e-09
0.0025,-0.106086734,-0.1060867323,1.94777e-09,-0.003901409708,-0.003901409704,8.93426e-10,-0.003870865443,-0.00387086543,3.2646e-09
0.00251,-0.1067613989,-0.1067613972,1.95606e-09,-0.003900345468,-0.003900345464,8.97213e-10,-0.003869514866,-0.003869514853,3.28973e-09
0.00252,-0.1074370336,-0.1074370319,1.94335e-09,-0.003899274476,-0.003899274473,8.91496e-10,-0.003868156338,-0.003868156325,3.29583e-09
0.00253,-0.1081136293,-0.1081136276,1.91041e-09,-0.003898196724,-0.00389819672,8.76606e-10,-0.003866789855,-0.003866789842,3.28318e-09
0.00254,-0.1087911775,-0.1087911759,1.86065e-09,-0.003897112201,-0.003897112197,8.54093e-10,-0.003865415412,-0.003865415399,3.25481e-09
0.00255,-0.1094696696,-0.109469668,1.81466e-09,-0.003896020897,-0.003896020894,8.33392e-10,-0.003864033003,-0.00386403299,3.23287e-09
0.00256,-0.1101490972,-0.1101490957,1.76363e-09,-0.003894922804,-0.003894922801,8.10417e-10,-0.003862642624,-0.003862642611,3.20636e-09
0.00257,-0.1108294518,-0.1108294503,1.7116e-09,-0.003893817912,-0.003893817909,7.86991e-10,-0.00386124427,-0.003861244257,3.17865e-09
0.00258,-0.1115107249,-0.1115107235,1.66248e-09,-0.003892706212,-0.003892706209,7.64875e-10,-0.003859837935,-0.003859837923,3.153e-09
0.00259,-0.1121929083,-0.1121929069,1.61981e-09,-0.003891587695,-0.003891587692,7.45664e-10,-0.003858423617,-0.003858423604,3.13233e-09
0.0026,-0.1128759935,-0.1128759921,1.58649e-09,-0.003890462351,-0.003890462348,7.30664e-10,-0.003857001309,-0.003857001296,3.119e-09
0.00261,-0.1135599723,-0.1135599709,1.56457e-09,-0.003889330172,-0.003889330169,7.20788e-10,-0.003855571008,-0.003855570995,3.11458e-09
0.00262,-0.1142448364,-0.1142448351,1.55496e-09,-0.003888191149,-0.003888191146,7.16435e-10,-0.003854132709,-0.003854132697,3.11967e-09
0.00263,-0.1149305777,-0.1149305763,1.55716e-09,-0.003887045272,-0.003887045269,7.1738e-10,-0.003852686409,-0.003852686396,3.13362e-09
0.00264,-0.1156171879,-0.1156171866,1.58264e-09,-0.003885892534,-0.003885892531,7.28889e-10,-0.003851232102,-0.003851232089,3.16967e-09
0.00265,-0.116304659,-0.1163046576,1.62739e-09,-0.003884732926,-0.003884732923,7.49147e-10,-0.003849769786,-0.003849769773,3.2241e-09
0.00266,-0.1169929829,-0.1169929815,1.68236e-09,-0.003883566438,-0.003883566435,7.74015e-10,-0.003848299456,-0.003848299443,3.28799e-09
0.00267,-0.1176821516,-0.1176821501,1.74115e-09,-0.003882393063,-0.00388239306,8.00613e-10,-0.003846821108,-0.003846821095,3.35608e-09
0.00268,-0.118372157,-0.1183721554,1.795e-09,-0.003881212793,-0.003881212789,8.24977e-10,-0.00384533474,-0.003845334726,3.42105e-09
0.00269,-0.1190629912,-0.1190629896,1.83247e-09,-0.003880025618,-0.003880025614,8.41942e-10,-0.003843840346,-0.003843840332,3.47334e-09
0.0027,-0.1197546462,-0.1197546447,1.7478e-09,-0.00387883153,-0.003878831527,8.03858e-10,-0.003842337924,-0.00384233791,3.41643e-09
0.00271,-0.1204471143,-0.1204471128,1.66953e-09,-0.003877630522,-0.003877630519,7.68622e-10,-0.00384082747,-0.003840827457,3.36289e-09
0.00272,-0.1211403875,-0.1211403861,1.6505e-09,-0.003876422585,-0.003876422582,7.60024e-10,-0.003839308982,-0.003839308968,3.36108e-09
0.00273,-0.1218344581,-0.1218344567,1.67473e-09,-0.003875207712,-0.003875207708,7.70901e-10,-0.003837782455,-0.003837782441,3.39815e-09
0.00274,-0.1225293183,-0.1225293168,1.7372e-09,-0.003873985893,-0.00387398589,7.99093e-10,-0.003836247886,-0.003836247872,3.47271e-09
0.00275,-0.1232249605,-0.1232249589,1.81446e-09,-0.003872757123,-0.003872757119,8.33945e-10,-0.003834705274,-0.003834705259,3.56171e-09
0.00276,-0.1239213768,-0.1239213752,1.89546e-09,-0.003871521392,-0.003871521388,8.70482e-10,-0.003833154614,-0.003833154599,3.65536e-09
0.00277,-0.1246185598,-0.1246185581,1.97145e-09,-0.003870278693,-0.003870278689,9.04759e-10,-0.003831595904,-0.003831595888,3.74579e-09
0.00278,-0.1253165018,-0.1253165,2.03572e-09,-0.003869029018,-0.003869029014,9.33749e-10,-0.003830029141,-0.003830029125,3.82679e-09
0.00279,-0.1260151952,-0.1260151934,2.08339e-09,-0.00386777236,-0.003867772356,9.55246e-10,-0.003828454322,-0.003828454306,3.89369e-09
0.0028,-0.1267146325,-0.1267146307,2.11116e-09,-0.003866508712,-0.003866508708,9.67758e-10,-0.003826871445,-0.003826871429,3.94308e-09
0.00281,-0.1274148062,-0.1274148044,2.11708e-09,-0.003865238065,-0.003865238061,9.70404e-10,-0.003825280508,-0.003825280492,3.97268e-09
0.00282,-0.128115709,-0.1281157072,2.10037e-09,-0.003863960413,-0.003863960409,9.6281e-10,-0.003823681507,-0.003823681491,3.98112e-09
0.00283,-0.1288173333,-0.1288173315,2.07677e-09,-0.003862675748,-0.003862675745,9.52205e-10,-0.003822074442,-0.003822074425,3.98555e-09
0.00284,-0.1295196719,-0.1295196701,2.04166e-09,-0.003861384064,-0.00386138406,9.36439e-10,-0.003820459308,-0.003820459292,3.97971e-09
0.00285,-0.1302227174,-0.1302227157,1.99584e-09,-0.003860085353,-0.003860085349,9.15854e-10,-0.003818836105,-0.003818836089,3.96338e-09
0.00286,-0.1309264625,-0.1309264608,1.94269e-09,-0.003858779607,-0.003858779604,8.91964e-10,-0.00381720483,-0.003817204814,3.93911e-09
0.00287,-0.1316308999,-0.1316308983,1.88576e-09,-0.003857466821,-0.003857466818,8.66366e-10,-0.003815565482,-0.003815565466,3.90965e-09
0.00288,-0.1323360225,-0.1323360209,1.82858e-09,-0.003856146987,-0.003856146984,8.40642e-10,-0.003813918057,-0.003813918042,3.87775e-09
0.00289,-0.133041823,-0.1330418215,1.77441e-09,-0.003854820099,-0.003854820095,8.16258e-10,-0.003812262556,-0.00381226254,3.84597e-09
0.0029,-0.1337482944,-0.1337482929,1.72605e-09,-0.003853486149,-0.003853486145,7.94465e-10,-0.003810598975,-0.003810598959,3.81648e-09
0.00291,-0.1344554294,-0.134455428,1.68561e-09,-0.003852145131,-0.003852145127,7.76198e-10,-0.003808927313,-0.003808927298,3.79092e-09
0.00292,-0.1351632211,-0.1351632197,1.66128e-09,-0.003850797038,-0.003850797035,7.65202e-10,-0.003807247569,-0.003807247554,3.77811e-09
0.00293,-0.1358716624,-0.135871661,1.66051e-09,-0.003849441864,-0.003849441861,7.64887e-10,-0.003805559741,-0.003805559726,3.78641e-09
0.00294,-0.1365807463,-0.1365807449,1.67634e-09,-0.003848079602,-0.003848079599,7.72044e-10,-0.003803863828,-0.003803863812,3.80827e-09
0.00295,-0.1372904659,-0.1372904645,1.70767e-09,-0.003846710247,-0.003846710244,7.86182e-10,-0.003802159828,-0.003802159812,3.84328e-09
0.00296,-0.1380008142,-0.1380008127,1.75182e-09,-0.003845333791,-0.003845333788,8.0609e-10,-0.00380044774,-0.003800447725,3.8898e-09
0.00297,-0.1387117844,-0.1387117828,1.80429e-09,-0.003843950229,-0.003843950225,8.29738e-10,-0.003798727564,-0.003798727548,3.94478e-09
0.00298,-0.1394233695,-0.1394233679,1.85857e-09,-0.003842559553,-0.00384255955,8.54185e-10,-0.003796999297,-0.003796999281,4.00354e-09
0.00299,-0.1401355628,-0.1401355612,1.90588e-09,-0.003841161759,-0.003841161756,8.75484e-10,-0.003795262939,-0.003795262922,4.05966e-09
0.003,-0.1408483575,-0.1408483558,1.93503e-09,-0.00383975684,-0.003839756837,8.88582e-10,-0.003793518489,-0.003793518472,4.10476e-09
0.00301,-0.1415617468,-0.1415617452,1.8459e-09,-0.00383834479,-0.003838344787,8.48498e-10,-0.003791765946,-0.003791765929,4.04423e-09
0.00302,-0.1422757241,-0.1422757226,1.76519e-09,-0.003836925603,-0.0038369256,8.12303e-10,-0.003790005309,-0.003790005293,3.98985e-09
0.00303,-0.1429902826,-0.1429902811,1.74747e-09,-0.003835499274,-0.003835499271,8.04392e-10,-0.003788236578,-0.003788236562,3.99156e-09
0.00304,-0.1437054157,-0.1437054142,1.77436e-09,-0.003834065796,-0.003834065792,8.16511e-10,-0.003786459752,-0.003786459735,4.0338e-09
0.00305,-0.1444211169,-0.1444211153,1.83014e-09,-0.003832625164,-0.00383262516,8.41596e-10,-0.00378467483,-0.003784674813,4.10313e-09
0.00306,-0.1451373794,-0.1451373778,1.90152e-09,-0.003831177372,-0.003831177368,8.7368e-10,-0.003782881812,-0.003782881795,4.18804e-09
0.00307,-0.1458541968,-0.1458541951,1.97749e-09,-0.003829722414,-0.003829722411,9.07807e-10,-0.003781080697,-0.00378108068,4.27881e-09
0.00308,-0.1465715627,-0.1465715609,2.04904e-09,-0.003828260286,-0.003828260282,9.39933e-10,-0.003779271486,-0.003779271468,4.3673e-09
0.00309,-0.1472894704,-0.1472894686,2.10905e-09,-0.003826790981,-0.003826790977,9.66845e-10,-0.003777454177,-0.003777454158,4.44685e-09
0.0031,-0.1480079135,-0.1480079117,2.152e-09,-0.003825314495,-0.003825314491,9.8606e-10,-0.00377562877,-0.003775628752,4.51207e-09
0.00311,-0.1487268858,-0.1487268839,2.18304e-09,-0.003823830821,-0.003823830817,9.99969e-10,-0.003773795266,-0.003773795247,4.56904e-09
0.00312,-0.1494463807,-0.1494463788,2.20191e-09,-0.003822339955,-0.003822339951,1.00847e-09,-0.003771953664,-0.003771953645,4.61737e-09
0.00313,-0.150166392,-0.1501663901,2.20337e-09,-0.003820841892,-0.003820841888,1.00915e-09,-0.003770103965,-0.003770103946,4.65066e-09
0.00314,-0.1508869133,-0.1508869115,2.18814e-09,-0.003819336626,-0.003819336622,1.00234e-09,-0.003768246168,-0.003768246149,4.66896e-09
0.00315,-0.1516079385,-0.1516079366,2.15776e-09,-0.003817824152,-0.003817824148,9.88728e-10,-0.003766380273,-0.003766380254,4.67296e-09
0.00316,-0.1523294611,-0.1523294593,2.11437e-09,-0.003816304465,-0.003816304462,9.69266e-10,-0.003764506281,-0.003764506262,4.66389e-09
0.00317,-0.153051475,-0.1530514733,2.06056e-09,-0.003814777561,-0.003814777557,9.45108e-10,-0.003762624192,-0.003762624173,4.64336e-09
0.00318,-0.1537739742,-0.1537739724,1.99914e-09,-0.003813243434,-0.003813243431,9.17508e-10,-0.003760734006,-0.003760733987,4.61319e-09
0.00319,-0.1544969523,-0.1544969506,1.93294e-09,-0.00381170208,-0.003811702077,8.87731e-10,-0.003758835723,-0.003758835705,4.57526e-09
0.0032,-0.1552204033,-0.1552204017,1.86707e-09,-0.003810153494,-0.00381015349,8.58082e-10,-0.003756929345,-0.003756929326,4.53406e-09
0.00321,-0.1559443211,-0.1559443195,1.81619e-09,-0.003808597671,-0.003808597667,8.35259e-10,-0.003755014871,-0.003755014852,4.50495e-09
0.00322,-0.1566686997,-0.1566686982,1.77469e-09,-0.003807034606,-0.003807034603,8.16645e-10,-0.003753092302,-0.003753092284,4.48078e-09
0.00323,-0.157393533,-0.1573935315,1.74516e-09,-0.003805464295,-0.003805464292,8.03406e-10,-0.003751161639,-0.003751161621,4.4639e-09
0.00324,-0.1581188151,-0.1581188136,1.72944e-09,-0.003803886734,-0.003803886731,7.9636e-10,-0.003749222882,-0.003749222864,4.45613e-09
0.00325,-0.1588445401,-0.1588445386,1.72841e-09,-0.003802301917,-0.003802301914,7.95902e-10,-0.003747276033,-0.003747276015,4.45863e-09
0.00326,-0.1595707019,-0.1595707004,1.74183e-09,-0.003800709842,-0.003800709838,8.01919e-10,-0.003745321091,-0.003745321073,4.47178e-09
0.00327,-0.1602972947,-0.1602972932,1.76814e-09,-0.003799110502,-0.003799110499,8.13703e-10,-0.003743358059,-0.00374335804,4.49501e-09
0.00328,-0.1610243126,-0.1610243111,1.80428e-09,-0.003797503894,-0.003797503891,8.29871e-10,-0.003741386936,-0.003741386917,4.52664e-09
0.00329,-0.1617517499,-0.1617517483,1.84548e-09,-0.003795890014,-0.003795890011,8.4828e-10,-0.003739407724,-0.003739407705,4.5638e-09
0.0033,-0.1624796007,-0.1624795991,1.89622e-09,-0.003794268858,-0.003794268854,8.71034e-10,-0.003737420423,-0.003737420405,4.61455e-09
0.00331,-0.1632078592,-0.1632078575,1.94596e-09,-0.003792640421,-0.003792640417,8.93377e-10,-0.003735425036,-0.003735425017,4.67105e-09
0.00332,-0.1639365198,-0.1639365181,1.98238e-09,-0.003791004699,-0.003791004696,9.09752e-10,-0.003733421563,-0.003733421544,4.72431e-09
0.00333,-0.1646655766,-0.1646655749,1.92274e-09,-0.003789361689,-0.003789361686,8.83113e-10,-0.003731410005,-0.003731409986,4.69663e-09
0.00334,-0.1653950241,-0.1653950225,1.83146e-09,-0.003787711387,-0.003787711383,8.42296e-10,-0.003729390364,-0.003729390346,4.63433e-09
0.00335,-0.1661248565,-0.166124855,1.8015e-09,-0.003786053788,-0.003786053784,8.28908e-10,-0.003727362641,-0.003727362622,4.62515e-09
0.00336,-0.1668550683,-0.1668550667,1.81521e-09,-0.003784388888,-0.003784388885,8.35035e-10,-0.003725326838,-0.003725326819,4.65457e-09
0.00337,-0.1675856539,-0.1675856523,1.85724e-09,-0.003782716685,-0.003782716682,8.53807e-10,-0.003723282955,-0.003723282936,4.70985e-09
0.00338,-0.1683166076,-0.168316606,1.91442e-09,-0.003781037174,-0.00378103717,8.79318e-10,-0.003721230994,-0.003721230975,4.77981e-09
0.00339,-0.1690479241,-0.1690479224,1.97992e-09,-0.003779350352,-0.003779350348,9.08555e-10,-0.003719170958,-0.003719170938,4.85956e-09
0.0034,-0.1697795977,-0.169779596,2.05235e-09,-0.003777656214,-0.003777656211,9.40971e-10,-0.003717102846,-0.003717102826,4.94955e-09
0.00341,-0.1705116231,-0.1705116213,2.11851e-09,-0.003775954759,-0.003775954755,9.70586e-10,-0.003715026663,-0.003715026642,5.03659e-09
0.00342,-0.1712439947,-0.1712439928,2.17354e-09,-0.003774245981,-0.003774245977,9.95218e-10,-0.003712942408,-0.003712942387,5.11615e-09
0.00343,-0.1719767072,-0.1719767053,2.21399e-09,-0.003772529878,-0.003772529873,1.01332e-09,-0.003710850083,-0.003710850062,5.18475e-09
0.00344,-0.1727097551,-0.1727097532,2.23765e-09,-0.003770806446,-0.003770806441,1.02391e-09,-0.003708749691,-0.00370874967,5.23993e-09
0.00345,-0.1734431332,-0.1734431312,2.24344e-09,-0.003769075681,-0.003769075677,1.02649e-09,-0.003706641234,-0.003706641212,5.28002e-09
0.00346,-0.174176836,-0.1741768341,2.23117e-09,-0.003767337582,-0.003767337578,1.02096e-09,-0.003704524713,-0.003704524691,5.30409e-09
0.00347,-0.1749108583,-0.1749108564,2.2014e-09,-0.003765592144,-0.00376559214,1.00758e-09,-0.00370240013,-0.003702400108,5.3118e-09
0.00348,-0.1756451948,-0.175645193,2.15527e-09,-0.003763839364,-0.00376383936,9.86844e-10,-0.003700267487,-0.003700267466,5.30324e-09
0.00349,-0.1763798403,-0.1763798385,2.10713e-09,-0.003762079239,-0.003762079235,9.653e-10,-0.003698126787,-0.003698126766,5.29285e-09
0.0035,-0.1771147896,-0.1771147878,2.05294e-09,-0.003760311766,-0.003760311762,9.41064e-10,-0.003695978031,-0.00369597801,5.27492e-09
0.00351,-0.1778500374,-0.1778500357,1.99504e-09,-0.003758536942,-0.003758536938,9.15166e-10,-0.003693821222,-0.003693821201,5.25068e-09
0.00352,-0.1785855787,-0.178585577,1.93664e-09,-0.003756754764,-0.003756754761,8.89045e-10,-0.003691656362,-0.003691656341,5.2224e-09
0.00353,-0.1793214082,-0.1793214066,1.88085e-09,-0.00375496523,-0.003754965226,8.64084e-10,-0.003689483454,-0.003689483432,5.19237e-09
0.00354,-0.1800575208,-0.1800575193,1.83049e-09,-0.003753168335,-0.003753168332,8.41542e-10,-0.003687302498,-0.003687302477,5.16273e-09
0.00355,-0.1807939116,-0.1807939101,1.78795e-09,-0.003751364078,-0.003751364075,8.22477e-10,-0.003685113499,-0.003685113478,5.13538e-09
0.00356,-0.1815305754,-0.1815305739,1.75499e-09,-0.003749552456,-0.003749552453,8.07676e-10,-0.003682916457,-0.003682916437,5.11187e-09
0.00357,-0.1822675072,-0.1822675057,1.73262e-09,-0.003747733466,-0.003747733463,7.97578e-10,-0.003680711377,-0.003680711356,5.09324e-09
0.00358,-0.183004702,-0.1830047006,1.72707e-09,-0.003745907105,-0.003745907102,7.95023e-10,-0.00367849826,-0.003678498239,5.08661e-09
0.00359,-0.1837421549,-0.1837421534,1.74135e-09,-0.003744073371,-0.003744073368,8.014e-10,-0.003676277108,-0.003676277088,5.09608e-09
0.0036,-0.1844798609,-0.1844798594,1.7696e-09,-0.003742232261,-0.003742232258,8.14023e-10,-0.003674047925,-0.003674047905,5.11667e-09
0.00361,-0.1852178151,-0.1852178135,1.80945e-09,-0.003740383773,-0.00374038377,8.31838e-10,-0.003671810713,-0.003671810692,5.14774e-09
0.00362,-0.1859560125,-0.1859560109,1.85712e-09,-0.003738527904,-0.003738527901,8.53148e-10,-0.003669565475,-0.003669565454,5.18778e-09
0.00363,-0.1866944484,-0.1866944468,1.90722e-09,-0.003736664652,-0.003736664648,8.75544e-10,-0.003667312213,-0.003667312192,5.23422e-09
0.00364,-0.1874331179,-0.1874331162,1.95263e-09,-0.003734794014,-0.003734794011,8.95832e-10,-0.003665050931,-0.003665050909,5.28337e-09
0.00365,-0.1881720161,-0.1881720144,1.98431e-09,-0.003732915989,-0.003732915985,9.09967e-10,-0.00366278163,-0.003662781609,5.33025e-09
0.00366,-0.1889111383,-0.1889111367,1.93758e-09,-0.003731030573,-0.00373103057,8.89098e-10,-0.003660504315,-0.003660504293,5.31627e-09
0.00367,-0.1896504798,-0.1896504782,1.82979e-09,-0.003729137765,-0.003729137762,8.40972e-10,-0.003658218987,-0.003658218965,5.24078e-09
0.00368,-0.1903900357,-0.1903900342,1.79107e-09,-0.003727237563,-0.00372723756,8.23723e-10,-0.00365592565,-0.003655925628,5.22494e-09
0.00369,-0.1911298015,-0.1911297999,1.79764e-09,-0.003725329964,-0.003725329961,8.26657e-10,-0.003653624306,-0.003653624285,5.24808e-09
0.0037,-0.1918697723,-0.1918697707,1.83561e-09,-0.003723414966,-0.003723414963,8.43578e-10,-0.00365131496,-0.003651314938,5.29934e-09
0.00371,-0.1926099435,-0.1926099419,1.89307e-09,-0.003721492568,-0.003721492564,8.69181e-10,-0.003648997613,-0.003648997591,5.36925e-09
0.00372,-0.1933503106,-0.1933503089,1.95998e-09,-0.003719562767,-0.003719562763,8.98983e-10,-0.003646672269,-0.003646672247,5.44964e-09
0.00373,-0.1940908688,-0.1940908671,2.02798e-09,-0.003717625561,-0.003717625557,9.29259e-10,-0.003644338931,-0.003644338909,5.53355e-09
0.00374,-0.1948316136,-0.1948316118,2.09028e-09,-0.003715680949,-0.003715680945,9.56974e-10,-0.003641997602,-0.00364199758,5.61508e-09
0.00375,-0.1955725405,-0.1955725387,2.14148e-09,-0.003713728928,-0.003713728924,9.79719e-10,-0.003639648286,-0.003639648263,5.68935e-09
0.00376,-0.1963136449,-0.196313643,2.17745e-09,-0.003711769498,-0.003711769493,9.95638e-10,-0.003637290986,-0.003637290962,5.75233e-09
0.00377,-0.1970549223,-0.1970549204,2.20285e-09,-0.003709802655,-0.003709802651,1.0069e-09,-0.003634925704,-0.003634925681,5.80896e-09
0.00378,-0.1977963682,-0.1977963663,2.21607e-09,-0.003707828399,-0.003707828394,1.01278e-09,-0.003632552445,-0.003632552422,5.85715e-09
0.00379,-0.1985379781,-0.1985379762,2.21389e-09,-0.003705846727,-0.003705846723,1.01179e-09,-0.003630171212,-0.003630171188,5.89286e-09
0.0038,-0.1992797476,-0.1992797458,2.19694e-09,-0.003703857638,-0.003703857634,1.00423e-09,-0.003627782008,-0.003627781984,5.91588e-09
0.00381,-0.2000216724,-0.2000216705,2.1665e-09,-0.003701861132,-0.003701861127,9.90657e-10,-0.003625384837,-0.003625384812,5.9265e-09
0.00382,-0.2007637479,-0.2007637461,2.12434e-09,-0.003699857205,-0.003699857201,9.71851e-10,-0.003622979701,-0.003622979677,5.92543e-09
0.00383,-0.2015059699,-0.2015059681,2.0726e-09,-0.003697845856,-0.003697845852,9.4876e-10,-0.003620566605,-0.003620566581,5.91366e-09
0.00384,-0.202248334,-0.2022483322,2.0136e-09,-0.003695827085,-0.003695827081,9.22417e-10,-0.003618145553,-0.003618145529,5.89242e-09
0.00385,-0.2029908358,-0.2029908341,1.94977e-09,-0.003693800889,-0.003693800885,8.93888e-10,-0.003615716547,-0.003615716523,5.86302e-09
0.00386,-0.2037334711,-0.2037334695,1.88596e-09,-0.003691767268,-0.003691767264,8.65359e-10,-0.003613279591,-0.003613279567,5.82944e-09
0.00387,-0.2044762357,-0.2044762341,1.83228e-09,-0.003689726219,-0.003689726216,8.41424e-10,-0.00361083469,-0.003610834666,5.80128e-09
0.00388,-0.2052191252,-0.2052191236,1.78548e-09,-0.003687677742,-0.003687677739,8.20554e-10,-0.003608381846,-0.003608381823,5.77436e-09
0.00389,-0.2059621354,-0.2059621339,1.74796e-09,-0.003685621836,-0.003685621833,8.03819e-10,-0.003605921064,-0.003605921041,5.75067e-09
0.0039,-0.2067052622,-0.2067052607,1.72161e-09,-0.003683558499,-0.003683558496,7.92055e-10,-0.003603452347,-0.003603452324,5.73194e-09
0.00391,-0.2074485013,-0.2074484998,1.70765e-09,-0.003681487731,-0.003681487728,7.85807e-10,-0.003600975699,-0.003600975676,5.71959e-09
0.00392,-0.2081918486,-0.2081918471,1.70654e-09,-0.003679409529,-0.003679409526,7.85263e-10,-0.003598491125,-0.003598491101,5.71457e-09
0.00393,-0.2089352999,-0.2089352984,1.71776e-09,-0.003677323893,-0.00367732389,7.90197e-10,-0.003595998626,-0.003595998603,5.71734e-09
0.00394,-0.2096788512,-0.2096788497,1.73976e-09,-0.003675230823,-0.003675230819,7.99907e-10,-0.003593498209,-0.003593498186,5.72773e-09
0.00395,-0.2104224984,-0.2104224969,1.76977e-09,-0.003673130316,-0.003673130313,8.13151e-10,-0.003590989876,-0.003590989853,5.74488e-09
0.00396,-0.2111662373,-0.2111662358,1.81279e-09,-0.003671022372,-0.003671022369,8.32259e-10,-0.003588473632,-0.003588473608,5.77649e-09
0.00397,-0.211910064,-0.2119100624,1.86046e-09,-0.003668906991,-0.003668906988,8.53466e-10,-0.00358594948,-0.003585949456,5.81716e-09
0.00398,-0.2126539745,-0.2126539728,1.90514e-09,-0.003666784171,-0.003666784167,8.73349e-10,-0.003583417425,-0.003583417401,5.86292e-09
0.00399,-0.2133979646,-0.2133979629,1.93905e-09,-0.003664653911,-0.003664653908,8.88445e-10,-0.00358087747,-0.003580877446,5.91036e-09
0.004,-0.2141420305,-0.2141420289,1.91584e-09,-0.003662516211,-0.003662516208,8.78171e-10,-0.003578329621,-0.003578329597,5.92026e-09
0.00401,-0.2148861682,-0.2148861666,1.81017e-09,-0.003660371071,-0.003660371067,8.31291e-10,-0.00357577388,-0.003575773856,5.85221e-09
0.00402,-0.2156303737,-0.2156303722,1.76225e-09,-0.003658218488,-0.003658218485,8.10006e-10,-0.003573210252,-0.003573210228,5.82973e-09
0.00403,-0.2163746432,-0.2163746417,1.75686e-09,-0.003656058463,-0.00365605846,8.07547e-10,-0.003570638741,-0.003570638717,5.84166e-09
0.00404,-0.2171189727,-0.2171189712,1.78057e-09,-0.003653890995,-0.003653890992,8.17962e-10,-0.003568059352,-0.003568059328,5.87804e-09
0.00405,-0.2178633585,-0.2178633569,1.82568e-09,-0.003651716083,-0.00365171608,8.37873e-10,-0.003565472088,-0.003565472064,5.93398e-09
0.00406,-0.2186077965,-0.2186077949,1.88689e-09,-0.003649533728,-0.003649533724,8.6499e-10,-0.003562876954,-0.00356287693,6.00649e-09
0.00407,-0.2193522831,-0.2193522814,1.952e-09,-0.003647343927,-0.003647343924,8.93839e-10,-0.003560273955,-0.00356027393,6.085e-09
0.00408,-0.2200968143,-0.2200968126,2.01478e-09,-0.003645146682,-0.003645146678,9.21649e-10,-0.003557663094,-0.003557663069,6.16446e-09
0.00409,-0.2208413865,-0.2208413847,2.07027e-09,-0.003642941991,-0.003642941987,9.46228e-10,-0.003555044376,-0.00355504435,6.2407e-09
0.0041,-0.2215859959,-0.221585994,2.11474e-09,-0.003640729854,-0.00364072985,9.65908e-10,-0.003552417805,-0.003552417779,6.31033e-09
0.00411,-0.2223306386,-0.2223306367,2.14548e-09,-0.003638510271,-0.003638510267,9.79489e-10,-0.003549783385,-0.003549783359,6.37067e-09
0.00412,-0.223075311,-0.2230753092,2.16074e-09,-0.003636283241,-0.003636283237,9.86182e-10,-0.003547141122,-0.003547141096,6.41968e-09
0.00413,-0.2238200094,-0.2238200076,2.15954e-09,-0.003634048765,-0.00363404876,9.85555e-10,-0.00354449102,-0.003544490993,6.45584e-09
0.00414,-0.2245647301,-0.2245647283,2.14163e-09,-0.003631806841,-0.003631806837,9.77475e-10,-0.003541833082,-0.003541833056,6.47812e-09
0.00415,-0.2253094695,-0.2253094677,2.11759e-09,-0.00362955747,-0.003629557466,9.66784e-10,-0.003539167314,-0.003539167287,6.49619e-09
0.00416,-0.2260542239,-0.2260542221,2.08246e-09,-0.003627300651,-0.003627300648,9.51179e-10,-0.00353649372,-0.003536493693,6.50404e-09
0.00417,-0.2267989896,-0.2267989879,2.03819e-09,-0.003625036385,-0.003625036382,9.31521e-10,-0.003533812305,-0.003533812278,6.50248e-09
0.00418,-0.2275437632,-0.2275437615,1.98706e-09,-0.003622764672,-0.003622764668,9.0882e-10,-0.003531123073,-0.003531123046,6.49264e-09
0.00419,-0.2282885409,-0.2282885393,1.93152e-09,-0.00362048551,-0.003620485507,8.8416e-10,-0.003528426028,-0.003528426002,6.47584e-09
0.0042,-0.2290333193,-0.2290333177,1.87408e-09,-0.003618198901,-0.003618198897,8.58644e-10,-0.003525721177,-0.00352572115,6.45348e-09
0.00421,-0.2297780948,-0.2297780932,1.81715e-09,-0.003615904844,-0.00361590484,8.33343e-10,-0.003523008522,-0.003523008496,6.42703e-09
0.00422,-0.2305228639,-0.2305228624,1.76299e-09,-0.003613603339,-0.003613603336,8.09239e-10,-0.003520288069,-0.003520288043,6.39789e-09
0.00423,-0.2312676231,-0.2312676216,1.7135e-09,-0.003611294387,-0.003611294383,7.87177e-10,-0.003517559823,-0.003517559797,6.36738e-09
0.00424,-0.2320123688,-0.2320123674,1.67542e-09,-0.003608977987,-0.003608977983,7.70205e-10,-0.003514823789,-0.003514823763,6.34176e-09
0.00425,-0.2327570977,-0.2327570963,1.65159e-09,-0.003606654139,-0.003606654136,7.59595e-10,-0.00351207997,-0.003512079944,6.32374e-09
0.00426,-0.2335018064,-0.233501805,1.64006e-09,-0.003604322845,-0.003604322842,7.54438e-10,-0.003509328372,-0.003509328346,6.31167e-09
0.00427,-0.2342464913,-0.2342464899,1.64129e-09,-0.003601984103,-0.0036019841,7.5494e-10,-0.003506569,-0.003506568974,6.30661e-09
0.00428,-0.2349911491,-0.2349911476,1.65496e-09,-0.003599637915,-0.003599637912,7.60949e-10,-0.003503801858,-0.003503801833,6.30929e-09
0.00429,-0.2357357763,-0.2357357749,1.67981e-09,-0.00359728428,-0.003597284277,7.71906e-10,-0.003501026952,-0.003501026926,6.31993e-09
0.0043,-0.2364803698,-0.2364803683,1.71355e-09,-0.0035949232,-0.003594923196,7.86789e-10,-0.003498244286,-0.00349824426,6.33829e-09
0.00431,-0.237224926,-0.2372249244,1.75272e-09,-0.003592554673,-0.00359255467,8.04064e-10,-0.003495453865,-0.003495453839,6.36349e-09
0.00432,-0.2379694416,-0.2379694401,1.79261e-09,-0.003590178701,-0.003590178698,8.21639e-10,-0.003492655694,-0.003492655668,6.39402e-09
0.00433,-0.2387139134,-0.2387139118,1.82839e-09,-0.003587795284,-0.003587795281,8.37378e-10,-0.003489849778,-0.003489849752,6.42884e-09
0.00434,-0.2394583381,-0.2394583365,1.8601e-09,-0.003585404423,-0.00358540442,8.51405e-10,-0.003487036122,-0.003487036096,6.4723e-09
0.00435,-0.2402027123,-0.2402027107,1.84956e-09,-0.003583006118,-0.003583006114,8.4677e-10,-0.003484214731,-0.003484214705,6.49394e-09
0.00436,-0.2409470329,-0.2409470314,1.74323e-09,-0.003580600369,-0.003580600366,7.99862e-10,-0.00348138561,-0.003481385584,6.43009e-09
0.00437,-0.2416912966,-0.2416912951,1.69267e-09,-0.003578187177,-0.003578187174,7.77542e-10,-0.003478548764,-0.003478548738,6.40775e-09
0.00438,-0.2424355002,-0.2424354987,1.68422e-09,-0.003575766543,-0.00357576654,7.73778e-10,-0.003475704198,-0.003475704172,6.41773e-09
0.00439,-0.2431796405,-0.243179639,1.70586e-09,-0.003573338468,-0.003573338464,7.8327e-10,-0.003472851918,-0.003472851891,6.45178e-09
0.0044,-0.2439237142,-0.2439237127,1.74712e-09,-0.003570902951,-0.003570902948,8.01396e-10,-0.003469991927,-0.0034699919,6.50256e-09
0.00441,-0.2446677184,-0.2446677168,1.79899e-09,-0.003568459994,-0.00356845999,8.24166e-10,-0.003467124231,-0.003467124205,6.56358e-09
0.00442,-0.2454116497,-0.2454116481,1.85375e-09,-0.003566009597,-0.003566009593,8.48176e-10,-0.003464248836,-0.003464248809,6.62914e-09
0.00443,-0.2461555051,-0.2461555035,1.91132e-09,-0.003563551761,-0.003563551757,8.73478e-10,-0.003461365747,-0.00346136572,6.7003e-09
0.00444,-0.2468992815,-0.2468992799,1.96556e-09,-0.003561086487,-0.003561086483,8.97348e-10,-0.003458474968,-0.003458474941,6.77201e-09
0.00445,-0.2476429758,-0.2476429741,2.01112e-09,-0.003558613776,-0.003558613772,9.1739e-10,-0.003455576505,-0.003455576477,6.83958e-09
0.00446,-0.248386585,-0.2483865832,2.04543e-09,-0.003556133628,-0.003556133624,9.32468e-10,-0.003452670364,-0.003452670335,6.90065e-09
0.00447,-0.2491301058,-0.249130104,2.06679e-09,-0.003553646044,-0.00355364604,9.41835e-10,-0.003449756548,-0.00344975652,6.95341e-09
0.00448,-0.2498735354,-0.2498735336,2.07428e-09,-0.003551151026,-0.003551151022,9.4508e-10,-0.003446835064,-0.003446835036,6.99654e-09
0.00449,-0.2506168707,-0.2506168689,2.06765e-09,-0.003548648574,-0.00354864857,9.42083e-10,-0.003443905918,-0.003443905889,7.02915e-09
0.0045,-0.2513601087,-0.251360107,2.04719e-09,-0.003546138689,-0.003546138685,9.3297e-10,-0.003440969113,-0.003440969084,7.05071e-09
0.00451,-0.2521032464,-0.2521032447,2.01366e-09,-0.003543621372,-0.003543621368,9.18062e-10,-0.003438024655,-0.003438024626,7.06101e-09
0.00452,-0.2528462809,-0.2528462792,1.97057e-09,-0.003541096624,-0.003541096621,8.98943e-10,-0.00343507255,-0.003435072522,7.06236e-09
0.00453,-0.2535892092,-0.2535892075,1.92432e-09,-0.003538564447,-0.003538564443,8.78504e-10,-0.003432112804,-0.003432112775,7.05967e-09
0.00454,-0.2543320283,-0.2543320267,1.87304e-09,-0.003536024841,-0.003536024837,8.55847e-10,-0.00342914542,-0.003429145392,7.05018e-09
0.00455,-0.2550747354,-0.2550747339,1.81907e-09,-0.003533477807,-0.003533477803,8.32009e-10,-0.003426170406,-0.003426170377,7.0351e-09
0.00456,-0.2558173276,-0.2558173261,1.76481e-09,-0.003530923346,-0.003530923343,8.08036e-10,-0.003423187766,-0.003423187737,7.01574e-09
0.00457,-0.2565598019,-0.2565598004,1.71255e-09,-0.00352836146,-0.003528361457,7.84938e-10,-0.003420197505,-0.003420197476,6.99344e-09
0.00458,-0.2573021555,-0.2573021541,1.6644e-09,-0.003525792151,-0.003525792147,7.6364e-10,-0.003417199629,-0.0034171996,6.96952e-09
0.00459,-0.2580443856,-0.2580443842,1.62218e-09,-0.003523215418,-0.003523215415,7.44941e-10,-0.003414194143,-0.003414194115,6.94526e-09
0.0046,-0.2587864893,-0.2587864879,1.58735e-09,-0.003520631263,-0.00352063126,7.29468e-10,-0.003411181053,-0.003411181025,6.92176e-09
0.00461,-0.2595284638,-0.2595284625,1.56085e-09,-0.003518039688,-0.003518039686,7.17633e-10,-0.003408160365,-0.003408160337,6.89996e-09
0.00462,-0.2602703063,-0.260270305,1.55045e-09,-0.003515440694,-0.003515440692,7.12971e-10,-0.003405132083,-0.003405132055,6.88733e-09
0.00463,-0.261012014,-0.2610120127,1.55272e-09,-0.003512834283,-0.00351283428,7.13904e-10,-0.003402096213,-0.003402096185,6.88143e-09
0.00464,-0.2617535842,-0.2617535829,1.56666e-09,-0.003510220455,-0.003510220452,7.19986e-10,-0.003399052762,-0.003399052733,6.88239e-09
0.00465,-0.2624950141,-0.2624950127,1.59116e-09,-0.003507599212,-0.003507599209,7.30714e-10,-0.003396001733,-0.003396001705,6.89066e-09
0.00466,-0.263236301,-0.2632362996,1.62416e-09,-0.003504970555,-0.003504970552,7.45192e-10,-0.003392943133,-0.003392943105,6.90627e-09
0.00467,-0.263977442,-0.2639774406,1.66265e-09,-0.003502334486,-0.003502334483,7.6208e-10,-0.003389876968,-0.003389876939,6.92883e-09
0.00468,-0.2647184347,-0.2647184332,1.7025e-09,-0.003499691007,-0.003499691003,7.79557e-10,-0.003386803242,-0.003386803214,6.95748e-09
0.00469,-0.2654592762,-0.2654592747,1.73839e-09,-0.003497040118,-0.003497040115,7.95276e-10,-0.003383721962,-0.003383721933,6.99077e-09
0.0047,-0.2661999638,-0.2661999623,1.76372e-09,-0.003494381822,-0.003494381818,8.06323e-10,-0.003380633133,-0.003380633104,7.02672e-09
0.00471,-0.266940495,-0.2669404935,1.75935e-09,-0.003491716119,-0.003491716116,8.04355e-10,-0.003377536761,-0.003377536732,7.05315e-09
0.00472,-0.2676808671,-0.2676808657,1.65346e-09,-0.003489043012,-0.003489043009,7.57928e-10,-0.00337443285,-0.003374432822,6.99437e-09
0.00473,-0.2684210775,-0.2684210761,1.60018e-09,-0.003486362502,-0.003486362499,7.34551e-10,-0.003371321408,-0.00337132138,6.97213e-09
0.00474,-0.2691611235,-0.2691611221,1.58725e-09,-0.003483674591,-0.003483674588,7.28843e-10,-0.00336820244,-0.003368202411,6.97883e-09
0.00475,-0.2699010025,-0.2699010011,1.60385e-09,-0.003480979281,-0.003480979278,7.36066e-10,-0.00336507595,-0.003365075922,7.0077e-09
0.00476,-0.270640712,-0.2706407106,1.64055e-09,-0.003478276572,-0.003478276569,7.52079e-10,-0.003361941946,-0.003361941917,7.05264e-09
0.00477,-0.2713802495,-0.271380248,1.68919e-09,-0.003475566467,-0.003475566464,7.73303e-10,-0.003358800432,-0.003358800403,7.10829e-09
0.00478,-0.2721196123,-0.2721196108,1.74277e-09,-0.003472848967,-0.003472848964,7.96677e-10,-0.003355651414,-0.003355651385,7.16988e-09
0.00479,-0.2728587979,-0.2728587963,1.79544e-09,-0.003470124075,-0.003470124072,8.19615e-10,-0.003352494898,-0.003352494869,7.23326e-09
0.0048,-0.2735978038,-0.2735978022,1.8427e-09,-0.003467391792,-0.003467391789,8.40157e-10,-0.00334933089,-0.00334933086,7.29517e-09
0.00481,-0.2743366276,-0.274336626,1.88767e-09,-0.00346465212,-0.003464652116,8.59785e-10,-0.003346159396,-0.003346159366,7.35868e-09
0.00482,-0.2750752666,-0.275075265,1.92315e-09,-0.00346190506,-0.003461905057,8.75258e-10,-0.00334298042,-0.00334298039,7.41756e-09
0.00483,-0.2758137186,-0.2758137169,1.94743e-09,-0.003459150615,-0.003459150611,8.85829e-10,-0.00333979397,-0.003339793939,7.47015e-09
0.00484,-0.2765519809,-0.2765519792,1.95953e-09,-0.003456388786,-0.003456388783,8.91061e-10,-0.00333660005,-0.003336600019,7.51522e-09
0.00485,-0.2772900511,-0.2772900494,1.95907e-09,-0.003453619576,-0.003453619572,8.9079e-10,-0.003333398666,-0.003333398636,7.5519e-09
0.00486,-0.2780279268,-0.2780279252,1.94622e-09,-0.003450842986,-0.003450842982,8.85082e-10,-0.003330189825,-0.003330189794,7.57964e-09
0.00487,-0.2787656057,-0.278765604,1.92159e-09,-0.003448059018,-0.003448059015,8.74201e-10,-0.003326973532,-0.003326973501,7.59818e-09
0.00488,-0.2795030852,-0.2795030836,1.88615e-09,-0.003445267675,-0.003445267671,8.58561e-10,-0.003323749793,-0.003323749762,7.60751e-09
0.00489,-0.2802403631,-0.2802403615,1.84112e-09,-0.003442468957,-0.003442468954,8.38695e-10,-0.003320518614,-0.003320518583,7.60778e-09
0.0049,-0.2809774368,-0.2809774353,1.79234e-09,-0.003439662868,-0.003439662865,8.17227e-10,-0.00331728,-0.003317279969,7.60311e-09
0.00491,-0.2817143042,-0.2817143027,1.74187e-09,-0.003436849409,-0.003436849406,7.9506e-10,-0.003314033957,-0.003314033926,7.59438e-09
0.00492,-0.2824509628,-0.2824509613,1.68994e-09,-0.003434028583,-0.00343402858,7.72254e-10,-0.003310780492,-0.003310780461,7.58098e-09
0.00493,-0.2831874103,-0.2831874089,1.63871e-09,-0.003431200391,-0.003431200388,7.49754e-10,-0.00330751961,-0.003307519579,7.56401e-09
0.00494,-0.2839236444,-0.283923643,1.59025e-09,-0.003428364835,-0.003428364832,7.28462e-10,-0.003304251316,-0.003304251286,7.54464e-09
0.00495,-0.2846596627,-0.2846596614,1.54644e-09,-0.003425521919,-0.003425521916,7.09199e-10,-0.003300975618,-0.003300975587,7.52401e-09
0.00496,-0.2853954631,-0.2853954618,1.50891e-09,-0.003422671643,-0.00342267164,6.9267e-10,-0.00329769252,-0.00329769249,7.50323e-09
0.00497,-0.2861310431,-0.2861310419,1.47892e-09,-0.00341981401,-0.003419814007,6.79425e-10,-0.003294402029,-0.003294401999,7.48329e-09
0.00498,-0.2868664007,-0.2868663994,1.45732e-09,-0.003416949023,-0.00341694902,6.6982e-10,-0.003291104151,-0.00329110412,7.46507e-09
0.00499,-0.2876015334,-0.2876015322,1.44577e-09,-0.003414076683,-0.00341407668,6.64605e-10,-0.003287798891,-0.00328779886,7.45043e-09
0.005,-0.2883364392,-0.2883364379,1.44896e-09,-0.003411196993,-0.00341119699,6.65919e-10,-0.003284486255,-0.003284486225,7.44403e-09
0.00501,-0.2890711157,-0.2890711144,1.46284e-09,-0.003408309955,-0.003408309952,6.71913e-10,-0.00328116625,-0.003281166219,7.44351e-09
0.00502,-0.2898055607,-0.2898055594,1.48633e-09,-0.003405415571,-0.003405415568,6.82113e-10,-0.003277838881,-0.00327783885,7.44938e-09
0.00503,-0.2905397721,-0.2905397708,1.51757e-09,-0.003402513844,-0.003402513842,6.95707e-10,-0.003274504154,-0.003274504124,7.46185e-09
0.00504,-0.2912737477,-0.2912737464,1.55384e-09,-0.003399604777,-0.003399604774,7.11497e-10,-0.003271162076,-0.003271162045,7.48084e-09
0.00505,-0.2920074854,-0.292007484,1.59145e-09,-0.00339668837,-0.003396688367,7.27873e-10,-0.003267812651,-0.003267812621,7.50588e-09
0.00506,-0.2927409828,-0.2927409814,1.62571e-09,-0.003393764628,-0.003393764625,7.42774e-10,-0.003264455887,-0.003264455856,7.53615e-09
0.00507,-0.293474238,-0.2934742366,1.6508e-09,-0.003390833551,-0.003390833548,7.53651e-10,-0.003261091789,-0.003261091758,7.57035e-09
0.00508,-0.2942072488,-0.2942072474,1.6548e-09,-0.003387895144,-0.003387895141,7.55292e-10,-0.003257720363,-0.003257720332,7.60271e-09
0.00509,-0.2949400131,-0.2949400118,1.54926e-09,-0.003384949407,-0.003384949404,7.09346e-10,-0.003254341616,-0.003254341585,7.54881e-09
0.0051,-0.2956725288,-0.2956725275,1.49392e-09,-0.003381996344,-0.003381996342,6.85238e-10,-0.003250955552,-0.003250955522,7.52736e-09
0.00511,-0.2964047938,-0.2964047925,1.47676e-09,-0.003379035958,-0.003379035955,6.77719e-10,-0.003247562179,-0.003247562149,7.53133e-09
0.00512,-0.297136806,-0.2971368047,1.48802e-09,-0.003376068249,-0.003376068247,6.82549e-10,-0.003244161502,-0.003244161471,7.55513e-09
0.00513,-0.2978685633,-0.297868562,1.51916e-09,-0.003373093222,-0.003373093219,6.96012e-10,-0.003240753528,-0.003240753497,7.59374e-09
0.00514,-0.2986000638,-0.2986000625,1.56277e-09,-0.003370110879,-0.003370110876,7.1488e-10,-0.003237338261,-0.00323733823,7.64269e-09
0.00515,-0.2993313054,-0.299331304,1.61247e-09,-0.003367121222,-0.003367121219,7.36377e-10,-0.003233915709,-0.003233915678,7.698e-09
0.00516,-0.300062286,-0.3000622845,1.66285e-09,-0.003364124254,-0.003364124251,7.58148e-10,-0.003230485878,-0.003230485846,7.75617e-09
0.00517,-0.3007930036,-0.3007930021,1.70941e-09,-0.003361119977,-0.003361119974,7.78224e-10,-0.003227048773,-0.003227048741,7.81413e-09
0.00518,-0.3015234563,-0.3015234548,1.75065e-09,-0.003358108395,-0.003358108391,7.96e-10,-0.0032236044,-0.003223604368,7.871e-09
0.00519,-0.302253642,-0.3022536405,1.7867e-09,-0.003355089509,-0.003355089505,8.11579e-10,-0.003220152766,-0.003220152734,7.92693e-09
0.0052,-0.3029835588,-0.3029835573,1.81303e-09,-0.003352063323,-0.003352063319,8.22939e-10,-0.003216693877,-0.003216693844,7.97817e-09
0.00521,-0.3037132048,-0.3037132032,1.82855e-09,-0.003349029839,-0.003349029835,8.29602e-10,-0.003213227739,-0.003213227706,8.02352e-09
0.00522,-0.3044425779,-0.3044425763,1.83274e-09,-0.003345989059,-0.003345989056,8.3134e-10,-0.003209754357,-0.003209754324,8.06212e-09
0.00523,-0.3051716762,-0.3051716747,1.82557e-09,-0.003342940988,-0.003342940985,8.28137e-10,-0.003206273739,-0.003206273706,8.09334e-09
0.00524,-0.3059004979,-0.3059004963,1.80744e-09,-0.003339885627,-0.003339885623,8.2016e-10,-0.00320278589,-0.003202785857,8.11685e-09
0.00525,-0.3066290409,-0.3066290394,1.77909e-09,-0.003336822979,-0.003336822976,8.07726e-10,-0.003199290816,-0.003199290783,8.13248e-09
0.00526,-0.3073573035,-0.307357302,1.74153e-09,-0.003333753047,-0.003333753044,7.91268e-10,-0.003195788523,-0.00319578849,8.14027e-09
0.00527,-0.3080852836,-0.3080852822,1.69598e-09,-0.003330675834,-0.003330675831,7.71302e-10,-0.003192279018,-0.003192278985,8.14037e-09
0.00528,-0.3088129795,-0.3088129781,1.64974e-09,-0.003327591342,-0.003327591339,7.5113e-10,-0.003188762306,-0.003188762273,8.13776e-09
0.00529,-0.3095403893,-0.3095403879,1.60111e-09,-0.003324499575,-0.003324499572,7.29917e-10,-0.003185238395,-0.003185238361,8.13036e-09
0.0053,-0.310267511,-0.3102675097,1.55186e-09,-0.003321400535,-0.003321400533,7.08441e-10,-0.003181707289,-0.003181707256,8.1189e-09
0.00531,-0.3109943429,-0.3109943416,1.50391e-09,-0.003318294226,-0.003318294223,6.87527e-10,-0.003178168995,-0.003178168962,8.1043e-09
0.00532,-0.3117208832,-0.3117208819,1.45906e-09,-0.00331518065,-0.003315180647,6.67953e-10,-0.003174623519,-0.003174623486,8.0875e-09
0.00533,-0.31244713,-0.3124471288,1.41893e-09,-0.003312059809,-0.003312059807,6.50421e-10,-0.003171070868,-0.003171070835,8.06944e-09
0.00534,-0.3131730815,-0.3131730803,1.38489e-09,-0.003308931708,-0.003308931705,6.3552e-10,-0.003167511048,-0.003167511015,8.05105e-09
0.00535,-0.3138987359,-0.3138987347,1.35801e-09,-0.003305796349,-0.003305796346,6.23702e-10,-0.003163944064,-0.003163944031,8.03317e-09
0.00536,-0.3146240914,-0.3146240903,1.33893e-09,-0.003302653734,-0.003302653732,6.15245e-10,-0.003160369922,-0.00316036989,8.01657e-09
0.00537,-0.3153491463,-0.3153491452,1.33084e-09,-0.003299503868,-0.003299503865,6.11589e-10,-0.00315678863,-0.003156788598,8.00415e-09
0.00538,-0.3160738988,-0.3160738977,1.33475e-09,-0.003296346752,-0.00329634675,6.13188e-10,-0.003153200194,-0.003153200161,7.99744e-09
0.00539,-0.3167983472,-0.316798346,1.34832e-09,-0.003293182391,-0.003293182388,6.1898e-10,-0.003149604618,-0.003149604586,7.99565e-09
0.0054,-0.3175224897,-0.3175224885,1.37051e-09,-0.003290010786,-0.003290010784,6.28519e-10,-0.00314600191,-0.003146001878,7.99931e-09
0.00541,-0.3182463245,-0.3182463233,1.39962e-09,-0.003286831942,-0.00328683194,6.41059e-10,-0.003142392076,-0.003142392044,8.00877e-09
0.00542,-0.3189698501,-0.3189698488,1.43317e-09,-0.003283645861,-0.003283645858,6.5553e-10,-0.003138775123,-0.00313877509,8.02414e-09
0.00543,-0.3196930645,-0.3196930633,1.4679e-09,-0.003280452546,-0.003280452543,6.70501e-10,-0.003135151055,-0.003135151022,8.04527e-09
0.00544,-0.3204159663,-0.320415965,1.49961e-09,-0.003277252001,-0.003277251998,6.84158e-10,-0.003131519879,-0.003131519847,8.07173e-09
0.00545,-0.3211385536,-0.3211385523,1.52318e-09,-0.003274044228,-0.003274044225,6.94268e-10,-0.003127881603,-0.00312788157,8.10279e-09
0.00546,-0.3218608249,-0.3218608236,1.53309e-09,-0.003270829231,-0.003270829228,6.98441e-10,-0.003124236231,-0.003124236198,8.13785e-09
0.00547,-0.3225827784,-0.3225827772,1.43775e-09,-0.003267607012,-0.00326760701,6.57325e-10,-0.00312058377,-0.003120583737,8.09635e-09
0.00548,-0.3233044125,-0.3233044113,1.38007e-09,-0.003264377576,-0.003264377574,6.32421e-10,-0.003116924227,-0.003116924194,8.07567e-09
0.00549,-0.3240257256,-0.3240257244,1.35845e-09,-0.003261140925,-0.003261140923,6.23039e-10,-0.003113257607,-0.003113257574,8.07716e-09
0.0055,-0.324746716,-0.3247467148,1.36407e-09,-0.003257897063,-0.00325789706,6.25383e-10,-0.003109583916,-0.003109583883,8.09622e-09
0.00551,-0.3254673821,-0.3254673809,1.38919e-09,-0.003254645992,-0.00325464599,6.36109e-10,-0.003105903162,-0.003105903129,8.12873e-09
0.00552,-0.3261877223,-0.3261877211,1.42701e-09,-0.003251387716,-0.003251387714,6.52291e-10,-0.00310221535,-0.003102215317,8.17094e-09
0.00553,-0.326907735,-0.3269077338,1.47167e-09,-0.003248122239,-0.003248122236,6.71397e-10,-0.003098520486,-0.003098520453,8.21953e-09
0.00554,-0.3276274187,-0.3276274174,1.51815e-09,-0.003244849563,-0.00324484956,6.91259e-10,-0.003094818577,-0.003094818543,8.27152e-09
0.00555,-0.3283467717,-0.3283467703,1.5622e-09,-0.003241569691,-0.003241569689,7.10043e-10,-0.003091109629,-0.003091109595,8.32427e-09
0.00556,-0.3290657924,-0.3290657911,1.60397e-09,-0.003238282628,-0.003238282625,7.27897e-10,-0.003087393648,-0.003087393614,8.37814e-09
0.00557,-0.3297844794,-0.329784478,1.64038e-09,-0.003234988377,-0.003234988374,7.4347e-10,-0.003083670641,-0.003083670606,8.43093e-09
0.00558,-0.3305028311,-0.3305028297,1.66845e-09,-0.00323168694,-0.003231686937,7.55458e-10,-0.003079940613,-0.003079940578,8.48036e-09
0.00559,-0.3312208459,-0.3312208444,1.68699e-09,-0.003228378321,-0.003228378318,7.63339e-10,-0.003076203571,-0.003076203536,8.52529e-09
0.0056,-0.3319385223,-0.3319385209,1.69529e-09,-0.003225062524,-0.003225062521,7.66813e-10,-0.003072459521,-0.003072459486,8.56483e-09
0.00561,-0.3326558588,-0.3326558574,1.69312e-09,-0.003221739552,-0.003221739549,7.65773e-10,-0.00306870847,-0.003068708435,8.59831e-09
0.00562,-0.333372854,-0.3333728525,1.68063e-09,-0.003218409408,-0.003218409405,7.60277e-10,-0.003064950423,-0.003064950388,8.62527e-09
0.00563,-0.3340895062,-0.3340895047,1.65829e-09,-0.003215072096,-0.003215072093,7.50524e-10,-0.003061185388,-0.003061185353,8.64542e-09
0.00564,-0.334805814,-0.3348058126,1.62684e-09,-0.003211727619,-0.003211727616,7.36826e-10,-0.003057413369,-0.003057413334,8.65862e-09
0.00565,-0.335521776,-0.3355217746,1.58856e-09,-0.003208375981,-0.003208375978,7.20185e-10,-0.003053634375,-0.003053634339,8.66581e-09
0.00566,-0.3362373906,-0.3362373893,1.54771e-09,-0.003205017185,-0.003205017182,7.02505e-10,-0.003049848409,-0.003049848374,8.66935e-09
0.00567,-0.3369526565,-0.3369526552,1.50337e-09,-0.003201651234,-0.003201651232,6.83329e-10,-0.00304605548,-0.003046055445,8.66795e-09
0.00568,-0.3376675721,-0.3376675709,1.45723e-09,-0.003198278133,-0.00319827813,6.63377e-10,-0.003042255594,-0.003042255558,8.66219e-09
0.00569,-0.3383821361,-0.3383821349,1.41097e-09,-0.003194897884,-0.003194897881,6.43372e-10,-0.003038448755,-0.00303844872,8.65276e-09
0.0057,-0.339096347,-0.3390963459,1.36623e-09,-0.003191510491,-0.003191510489,6.24014e-10,-0.003034634972,-0.003034634937,8.64035e-09
0.00571,-0.3398102034,-0.3398102023,1.32453e-09,-0.003188115958,-0.003188115956,6.05951e-10,-0.00303081425,-0.003030814215,8.62572e-09
0.00572,-0.3405237039,-0.3405237028,1.28721e-09,-0.003184714288,-0.003184714286,5.89758e-10,-0.003026986595,-0.00302698656,8.60961e-09
0.00573,-0.3412368471,-0.341236846,1.25539e-09,-0.003181305485,-0.003181305483,5.75907e-10,-0.003023152014,-0.003023151979,8.59274e-09
0.00574,-0.3419496316,-0.3419496305,1.22989e-09,-0.003177889553,-0.00317788955,5.64743e-10,-0.003019310513,-0.003019310478,8.57581e-09
0.00575,-0.342662056,-0.3426620549,1.21545e-09,-0.003174466494,-0.003174466492,5.58406e-10,-0.003015462098,-0.003015462063,8.5624e-09
0.00576,-0.343374119,-0.3433741179,1.21049e-09,-0.003171036313,-0.003171036311,5.56159e-10,-0.003011606776,-0.003011606741,8.55191e-09
0.00577,-0.3440858191,-0.3440858181,1.21458e-09,-0.003167599013,-0.003167599011,5.57805e-10,-0.003007744552,-0.003007744517,8.54476e-09
0.00578,-0.3447971552,-0.3447971541,1.22729e-09,-0.003164154598,-0.003164154595,5.63156e-10,-0.003003875434,-0.003003875399,8.54162e-09
0.00579,-0.3455081257,-0.3455081246,1.24765e-09,-0.003160703071,-0.003160703069,5.71795e-10,-0.002999999427,-0.002999999392,8.54303e-09
0.0058,-0.3462187294,-0.3462187283,1.27409e-09,-0.003157244436,-0.003157244434,5.83045e-10,-0.002996116537,-0.002996116503,8.54941e-09
0.00581,-0.3469289649,-0.3469289638,1.3044e-09,-0.003153778698,-0.003153778695,5.9595e-10,-0.002992226772,-0.002992226737,8.56101e-09
0.00582,-0.347638831,-0.3476388299,1.33564e-09,-0.003150305858,-0.003150305856,6.09247e-10,-0.002988330137,-0.002988330102,8.57792e-09
0.00583,-0.3483483264,-0.3483483252,1.36414e-09,-0.003146825922,-0.00314682592,6.21343e-10,-0.002984426639,-0.002984426603,8.60003e-09
0.00584,-0.3490574496,-0.3490574484,1.38732e-09,-0.003143338893,-0.00314333889,6.31182e-10,-0.002980516283,-0.002980516248,8.62832e-09
0.00585,-0.3497661996,-0.3497661984,1.40157e-09,-0.003139844775,-0.003139844772,6.37245e-10,-0.002976599076,-0.002976599041,8.66343e-09
0.00586,-0.3504745749,-0.3504745737,1.32562e-09,-0.00313634357,-0.003136343568,6.04842e-10,-0.002972675025,-0.00297267499,8.6399e-09
0.00587,-0.3511825743,-0.3511825732,1.26432e-09,-0.003132835284,-0.003132835282,5.78662e-10,-0.002968744136,-0.002968744101,8.61932e-09
0.00588,-0.3518901966,-0.3518901955,1.23721e-09,-0.00312931992,-0.003129319918,5.67033e-10,-0.002964806415,-0.00296480638,8.61809e-09
0.00589,-0.3525974404,-0.3525974394,1.2363e-09,-0.003125797482,-0.003125797479,5.6655e-10,-0.002960861868,-0.002960861832,8.63243e-09
0.0059,-0.3533043047,-0.3533043036,1.2545e-09,-0.003122267973,-0.00312226797,5.74184e-10,-0.002956910501,-0.002956910466,8.65892e-09
0.00591,-0.354010788,-0.3540107869,1.28556e-09,-0.003118731397,-0.003118731394,5.8727e-10,-0.002952952322,-0.002952952286,8.69445e-09
0.00592,-0.3547168893,-0.3547168881,1.32402e-09,-0.003115187758,-0.003115187756,6.03476e-10,-0.002948987335,-0.0029489873,8.73618e-09
0.00593,-0.3554226072,-0.355422606,1.3653e-09,-0.00311163706,-0.003111637058,6.20854e-10,-0.002945015548,-0.002945015513,8.78167e-09
0.00594,-0.3561279406,-0.3561279394,1.40971e-09,-0.003108079307,-0.003108079305,6.39648e-10,-0.002941036967,-0.002941036931,8.83148e-09
0.00595,-0.3568328883,-0.3568328871,1.45139e-09,-0.003104514503,-0.0031045145,6.57275e-10,-0.002937051598,-0.002937051562,8.88194e-09
0.00596,-0.3575374491,-0.3575374478,1.4879e-09,-0.003100942651,-0.003100942648,6.72708e-10,-0.002933059448,-0.002933059411,8.9315e-09
0.00597,-0.3582416218,-0.3582416205,1.51742e-09,-0.003097363755,-0.003097363752,6.85156e-10,-0.002929060522,-0.002929060485,8.97886e-09
0.00598,-0.3589454053,-0.3589454039,1.53859e-09,-0.00309377782,-0.003093777817,6.9405e-10,-0.002925054826,-0.00292505479,9.02289e-09
0.00599,-0.3596487983,-0.3596487969,1.55054e-09,-0.003090184848,-0.003090184845,6.99013e-10,-0.002921042369,-0.002921042332,9.06271e-09
0.006,-0.3603517997,-0.3603517984,1.55281e-09,-0.003086584845,-0.003086584842,6.99838e-10,-0.002917023154,-0.002917023117,9.09757e-09
0.00601,-0.3610544084,-0.361054407,1.54527e-09,-0.003082977814,-0.003082977811,6.96471e-10,-0.00291299719,-0.002912997153,9.12692e-09
0.00602,-0.3617566232,-0.3617566219,1.52811e-09,-0.003079363758,-0.003079363755,6.88981e-10,-0.002908964481,-0.002908964444,9.15034e-09
0.00603,-0.362458443,-0.3624584417,1.50429e-09,-0.003075742683,-0.00307574268,6.78693e-10,-0.002904925035,-0.002904924998,9.16913e-09
0.00604,-0.3631598667,-0.3631598654,1.47493e-09,-0.003072114591,-0.003072114588,6.66088e-10,-0.002900878858,-0.00290087882,9.18344e-09
0.00605,-0.3638608931,-0.3638608919,1.43998e-09,-0.003068479487,-0.003068479484,6.51105e-10,-0.002896825955,-0.002896825918,9.19265e-09
0.00606,-0.3645615212,-0.36456152,1.40074e-09,-0.003064837374,-0.003064837372,6.34298e-10,-0.002892766334,-0.002892766297,9.19703e-09
0.00607,-0.3652617499,-0.3652617487,1.3586e-09,-0.003061188257,-0.003061188255,6.16256e-10,-0.002888700001,-0.002888699963,9.19693e-09
0.00608,-0.365961578,-0.3659615769,1.315e-09,-0.00305753214,-0.003057532138,5.97582e-10,-0.002884626961,-0.002884626923,9.19278e-09
0.00609,-0.3666610045,-0.3666610034,1.27133e-09,-0.003053869027,-0.003053869025,5.78874e-10,-0.002880547221,-0.002880547184,9.18506e-09
0.0061,-0.3673600283,-0.3673600272,1.22896e-09,-0.003050198922,-0.003050198919,5.60697e-10,-0.002876460788,-0.002876460751,9.17431e-09
0.00611,-0.3680586483,-0.3680586473,1.18912e-09,-0.003046521828,-0.003046521826,5.43569e-10,-0.002872367667,-0.00287236763,9.16107e-09
0.00612,-0.3687568635,-0.3687568625,1.15359e-09,-0.00304283775,-0.003042837748,5.28264e-10,-0.002868267866,-0.002868267828,9.14635e-09
0.00613,-0.3694546729,-0.3694546719,1.12632e-09,-0.003039146692,-0.00303914669,5.16542e-10,-0.002864161389,-0.002864161352,9.13262e-09
0.00614,-0.3701520753,-0.3701520743,1.10602e-09,-0.003035448658,-0.003035448656,5.07781e-10,-0.002860048244,-0.002860048207,9.11923e-09
0.00615,-0.3708490698,-0.3708490688,1.09335e-09,-0.003031743652,-0.00303174365,5.02265e-10,-0.002855928437,-0.0028559284,9.10694e-09
0.00616,-0.3715456552,-0.3715456543,1.08866e-09,-0.003028031678,-0.003028031676,5.00142e-10,-0.002851801974,-0.002851801937,9.09645e-09
0.00617,-0.3722418307,-0.3722418298,1.09193e-09,-0.00302431274,-0.003024312738,5.01399e-10,-0.002847668861,-0.002847668824,9.08844e-09
0.00618,-0.3729375952,-0.3729375943,1.10272e-09,-0.003020586843,-0.003020586841,5.05846e-10,-0.002843529105,-0.002843529068,9.08351e-09
0.00619,-0.3736329477,-0.3736329467,1.12014e-09,-0.00301685399,-0.003016853988,5.13094e-10,-0.002839382712,-0.002839382675,9.08222e-09
0.0062,-0.3743278871,-0.3743278862,1.14274e-09,-0.003013114185,-0.003013114183,5.22534e-10,-0.002835229688,-0.002835229651,9.08501e-09
0.00621,-0.3750224126,-0.3750224116,1.16856e-09,-0.003009367433,-0.003009367431,5.33315e-10,-0.002831070039,-0.002831070002,9.09225e-09
0.00622,-0.3757165231,-0.375716522,1.19801e-09,-0.003005613738,-0.003005613736,5.457e-10,-0.002826903773,-0.002826903735,9.106e-09
0.00623,-0.3764102176,-0.3764102165,1.22719e-09,-0.003001853104,-0.003001853102,5.57998e-10,-0.002822730894,-0.002822730856,9.12597e-09
0.00624,-0.3771034951,-0.3771034941,1.25183e-09,-0.002998085535,-0.002998085533,5.68383e-10,-0.002818551409,-0.002818551371,9.15196e-09
0.00625,-0.3777963548,-0.3777963537,1.26764e-09,-0.002994311036,-0.002994311033,5.75025e-10,-0.002814365324,-0.002814365287,9.18402e-09
0.00626,-0.3784887957,-0.3784887946,1.219e-09,-0.00299052961,-0.002990529607,5.54531e-10,-0.002810172647,-0.00281017261,9.18169e-09
0.00627,-0.3791808167,-0.3791808157,1.15173e-09,-0.002986741261,-0.002986741259,5.26175e-10,-0.002805973382,-0.002805973345,9.16001e-09
0.00628,-0.3798724171,-0.3798724161,1.11708e-09,-0.002982945995,-0.002982945993,5.11502e-10,-0.002801767537,-0.0028017675,9.15529e-09
0.00629,-0.3805635958,-0.3805635948,1.10773e-09,-0.002979143814,-0.002979143812,5.07433e-10,-0.002797555117,-0.00279755508,9.16441e-09
0.0063,-0.3812543519,-0.3812543509,1.11714e-09,-0.002975334724,-0.002975334722,5.11207e-10,-0.002793336129,-0.002793336092,9.18452e-09
0.00631,-0.3819446845,-0.3819446835,1.14071e-09,-0.002971518729,-0.002971518727,5.20934e-10,-0.002789110579,-0.002789110542,9.2137e-09
0.00632,-0.3826345927,-0.3826345917,1.17528e-09,-0.002967695832,-0.00296769583,5.35331e-10,-0.002784878474,-0.002784878436,9.25068e-09
0.00633,-0.3833240756,-0.3833240745,1.21494e-09,-0.002963866038,-0.002963866036,5.51871e-10,-0.002780639818,-0.00278063978,9.29246e-09
0.00634,-0.3840131323,-0.3840131312,1.25617e-09,-0.002960029352,-0.00296002935,5.69062e-10,-0.00277639462,-0.002776394582,9.33724e-09
0.00635,-0.3847017619,-0.3847017608,1.29599e-09,-0.002956185777,-0.002956185775,5.85658e-10,-0.002772142884,-0.002772142846,9.3834e-09
0.00636,-0.3853899636,-0.3853899624,1.33198e-09,-0.002952335318,-0.002952335316,6.00636e-10,-0.002767884618,-0.00276788458,9.42954e-09
0.00637,-0.3860777364,-0.3860777352,1.36219e-09,-0.002948477979,-0.002948477977,6.13178e-10,-0.002763619827,-0.002763619789,9.47443e-09
0.00638,-0.3867650794,-0.3867650783,1.38514e-09,-0.002944613765,-0.002944613762,6.22657e-10,-0.002759348518,-0.002759348479,9.51698e-09
0.00639,-0.387451992,-0.3874519908,1.39975e-09,-0.002940742679,-0.002940742677,6.28611e-10,-0.002755070697,-0.002755070658,9.55628e-09
0.0064,-0.388138473,-0.3881384718,1.4053e-09,-0.002936864726,-0.002936864724,6.3073e-10,-0.00275078637,-0.002750786331,9.59154e-09
0.00641,-0.3888245219,-0.3888245207,1.40485e-09,-0.002932979911,-0.002932979909,6.30406e-10,-0.002746495543,-0.002746495504,9.62407e-09
0.00642,-0.3895101376,-0.3895101364,1.39657e-09,-0.002929088237,-0.002929088235,6.26803e-10,-0.002742198223,-0.002742198184,9.65237e-09
0.00643,-0.3901953193,-0.3901953182,1.38075e-09,-0.00292518971,-0.002925189707,6.20037e-10,-0.002737894416,-0.002737894377,9.67612e-09
0.00644,-0.3908800663,-0.3908800652,1.35806e-09,-0.002921284333,-0.00292128433,6.10386e-10,-0.002733584128,-0.002733584089,9.69517e-09
0.00645,-0.3915643777,-0.3915643766,1.32934e-09,-0.00291737211,-0.002917372108,5.98202e-10,-0.002729267365,-0.002729267326,9.70952e-09
0.00646,-0.3922482527,-0.3922482516,1.29557e-09,-0.002913453046,-0.002913453044,5.83894e-10,-0.002724944134,-0.002724944094,9.71921e-09
0.00647,-0.3929316905,-0.3929316895,1.25784e-09,-0.002909527146,-0.002909527144,5.67912e-10,-0.00272061444,-0.002720614401,9.7244e-09
0.00648,-0.3936146903,-0.3936146893,1.21729e-09,-0.002905594414,-0.002905594412,5.50726e-10,-0.00271627829,-0.002716278251,9.72528e-09
0.00649,-0.3942972513,-0.3942972503,1.17506e-09,-0.002901654854,-0.002901654852,5.32808e-10,-0.002711935691,-0.002711935651,9.72213e-09
0.0065,-0.3949793727,-0.3949793717,1.13396e-09,-0.002897708471,-0.002897708468,5.15388e-10,-0.002707586648,-0.002707586608,9.7162e-09
0.00651,-0.3956610537,-0.3956610527,1.09597e-09,-0.002893755268,-0.002893755266,4.99315e-10,-0.002703231167,-0.002703231127,9.70833e-09
0.00652,-0.3963422936,-0.3963422927,1.06112e-09,-0.002889795251,-0.002889795249,4.84561e-10,-0.002698869255,-0.002698869215,9.69841e-09
0.00653,-0.3970230915,-0.3970230906,1.03054e-09,-0.002885828424,-0.002885828422,4.71596e-10,-0.002694500918,-0.002694500878,9.68702e-09
0.00654,-0.3977034468,-0.397703446,1.00518e-09,-0.002881854791,-0.002881854789,4.60821e-10,-0.002690126161,-0.002690126122,9.67476e-09
0.00655,-0.3983833587,-0.3983833578,9.85822e-10,-0.002877874356,-0.002877874354,4.52553e-10,-0.002685744993,-0.002685744953,9.66222e-09
0.00656,-0.3990628264,-0.3990628255,9.72971e-10,-0.002873887125,-0.002873887123,4.47004e-10,-0.002681357417,-0.002681357378,9.65004e-09
0.00657,-0.3997418491,-0.3997418483,9.66865e-10,-0.002869893101,-0.002869893099,4.44268e-10,-0.002676963442,-0.002676963403,9.6388e-09
0.00658,-0.4004204263,-0.4004204254,9.67417e-10,-0.002865892289,-0.002865892288,4.44302e-10,-0.002672563072,-0.002672563033,9.6291e-09
0.00659,-0.401098557,-0.4010985561,9.74489e-10,-0.002861884694,-0.002861884692,4.47053e-10,-0.002668156314,-0.002668156275,9.62166e-09
0.0066,-0.4017762406,-0.4017762398,9.90138e-10,-0.00285787032,-0.002857870318,4.53471e-10,-0.002663743175,-0.002663743135,9.61855e-09
0.00661,-0.4024534764,-0.4024534756,1.01137e-09,-0.002853849171,-0.002853849169,4.62236e-10,-0.002659323659,-0.00265932362,9.61932e-09
0.00662,-0.4031302637,-0.4031302628,1.03673e-09,-0.002849821252,-0.00284982125,4.72734e-10,-0.002654897775,-0.002654897736,9.62458e-09
0.00663,-0.4038066017,-0.4038066008,1.06426e-09,-0.002845786567,-0.002845786565,4.84149e-10,-0.002650465527,-0.002650465488,9.63484e-09
0.00664,-0.4044824898,-0.4044824889,1.09149e-09,-0.002841745121,-0.002841745119,4.95441e-10,-0.002646026922,-0.002646026882,9.65057e-09
0.00665,-0.4051579273,-0.4051579263,1.11536e-09,-0.002837696919,-0.002837696917,5.05332e-10,-0.002641581965,-0.002641581926,9.67219e-09
0.00666,-0.4058329134,-0.4058329125,1.13224e-09,-0.002833641964,-0.002833641962,5.12291e-10,-0.002637130665,-0.002637130625,9.70002e-09
0.00667,-0.4065074476,-0.4065074466,1.12164e-09,-0.002829580262,-0.00282958026,5.07825e-10,-0.002632673025,-0.002632672985,9.7225e-09
0.00668,-0.4071815291,-0.4071815282,1.04465e-09,-0.002825511817,-0.002825511815,4.75837e-10,-0.002628209053,-0.002628209013,9.69799e-09
0.00669,-0.4078551572,-0.4078551563,1.00096e-09,-0.002821436633,-0.002821436631,4.57649e-10,-0.002623738754,-0.002623738715,9.68947e-09
0.0067,-0.4085283313,-0.4085283305,9.83788e-10,-0.002817354715,-0.002817354713,4.50443e-10,-0.002619262135,-0.002619262096,9.69435e-09
0.00671,-0.4092010508,-0.4092010499,9.86555e-10,-0.002813266068,-0.002813266066,4.51471e-10,-0.002614779202,-0.002614779163,9.70998e-09
0.00672,-0.4098733149,-0.4098733141,1.00408e-09,-0.002809170696,-0.002809170694,4.5859e-10,-0.002610289961,-0.002610289922,9.73427e-09
0.00673,-0.4105451231,-0.4105451222,1.0318e-09,-0.002805068603,-0.002805068601,4.69911e-10,-0.002605794418,-0.002605794379,9.76531e-09
0.00674,-0.4112164747,-0.4112164738,1.06572e-09,-0.002800959795,-0.002800959793,4.83783e-10,-0.00260129258,-0.00260129254,9.80136e-09
0.00675,-0.4118873691,-0.4118873681,1.10239e-09,-0.002796844275,-0.002796844273,4.98775e-10,-0.002596784452,-0.002596784412,9.84083e-09
0.00676,-0.4125578056,-0.4125578046,1.13885e-09,-0.002792722049,-0.002792722047,5.13663e-10,-0.00259227004,-0.00259227,9.88227e-09
0.00677,-0.4132277836,-0.4132277826,1.17262e-09,-0.002788593121,-0.002788593118,5.27411e-10,-0.002587749351,-0.002587749311,9.92437e-09
0.00678,-0.4138973025,-0.4138973015,1.20279e-09,-0.002784457495,-0.002784457493,5.39683e-10,-0.002583222391,-0.00258322235,9.96653e-09
0.00679,-0.4145663617,-0.4145663607,1.23083e-09,-0.002780315176,-0.002780315174,5.51197e-10,-0.002578689165,-0.002578689124,1.00092e-08
0.0068,-0.4152349606,-0.4152349595,1.25342e-09,-0.002776166169,-0.002776166167,5.60492e-10,-0.002574149681,-0.00257414964,1.00506e-08
0.00681,-0.4159030986,-0.4159030975,1.27002e-09,-0.002772010478,-0.002772010476,5.67358e-10,-0.002569603943,-0.002569603902,1.00899e-08
0.00682,-0.416570775,-0.4165707739,1.28046e-09,-0.002767848109,-0.002767848106,5.71719e-10,-0.002565051959,-0.002565051918,1.01268e-08
0.00683,-0.4172379894,-0.4172379883,1.28482e-09,-0.002763679064,-0.002763679062,5.73624e-10,-0.002560493734,-0.002560493692,1.01609e-08
0.00684,-0.4179047411,-0.41790474,1.28347e-09,-0.00275950335,-0.002759503348,5.73229e-10,-0.002555929274,-0.002555929233,1.01919e-08
0.00685,-0.4185710295,-0.4185710284,1.27701e-09,-0.002755320971,-0.002755320969,5.70783e-10,-0.002551358586,-0.002551358544,1.02196e-08
0.00686,-0.4192368541,-0.419236853,1.26623e-09,-0.002751131931,-0.002751131929,5.66618e-10,-0.002546781675,-0.002546781633,1.02441e-08
0.00687,-0.4199022142,-0.4199022132,1.25206e-09,-0.002746936236,-0.002746936233,5.61126e-10,-0.002542198548,-0.002542198506,1.02653e-08
0.00688,-0.4205671095,-0.4205671084,1.23558e-09,-0.002742733889,-0.002742733887,5.54753e-10,-0.00253760921,-0.002537609168,1.02834e-08
0.00689,-0.4212315392,-0.4212315381,1.21794e-09,-0.002738524895,-0.002738524893,5.47979e-10,-0.002533013668,-0.002533013626,1.02984e-08
0.0069,-0.4218955028,-0.4218955017,1.20036e-09,-0.00273430926,-0.002734309257,5.41308e-10,-0.002528411928,-0.002528411886,1.03108e-08
0.00691,-0.4225589998,-0.4225589988,1.18407e-09,-0.002730086987,-0.002730086985,5.3525e-10,-0.002523803995,-0.002523803953,1.03207e-08
0.00692,-0.4232220296,-0.4232220286,1.17029e-09,-0.002725858081,-0.002725858079,5.30309e-10,-0.002519189877,-0.002519189835,1.03285e-08
0.00693,-0.4238845918,-0.4238845908,1.16018e-09,-0.002721622548,-0.002721622546,5.26966e-10,-0.002514569579,-0.002514569536,1.03347e-08
0.00694,-0.4245466857,-0.4245466847,1.15483e-09,-0.002717380391,-0.002717380389,5.25668e-10,-0.002509943106,-0.002509943064,1.03396e-08
0.00695,-0.4252083109,-0.4252083099,1.15522e-09,-0.002713131616,-0.002713131614,5.26812e-10,-0.002505310466,-0.002505310424,1.03437e-08
0.00696,-0.4258694668,-0.4258694658,1.16215e-09,-0.002708876227,-0.002708876224,5.30729e-10,-0.002500671663,-0.002500671621,1.03476e-08
0.00697,-0.4265301529,-0.4265301519,1.17673e-09,-0.002704614228,-0.002704614226,5.37886e-10,-0.002496026705,-0.002496026663,1.03518e-08
0.00698,-0.4271903688,-0.4271903677,1.19972e-09,-0.002700345625,-0.002700345623,5.48605e-10,-0.002491375597,-0.002491375555,1.0357e-08
0.00699,-0.4278501138,-0.4278501128,1.23078e-09,-0.002696070423,-0.00269607042,5.62717e-10,-0.002486718345,-0.002486718303,1.03635e-08
0.007,-0.4285093876,-0.4285093865,1.26982e-09,-0.002691788625,-0.002691788622,5.80175e-10,-0.002482054955,-0.002482054913,1.03719e-08
0.00701,-0.4291681895,-0.4291681884,1.31643e-09,-0.002687500236,-0.002687500234,6.00794e-10,-0.002477385434,-0.002477385392,1.03826e-08
0.00702,-0.4298265192,-0.429826518,1.36982e-09,-0.002683205263,-0.00268320526,6.24244e-10,-0.002472709787,-0.002472709744,1.03962e-08
0.00703,-0.4304843761,-0.4304843748,1.42883e-09,-0.002678903708,-0.002678903705,6.50029e-10,-0.00246802802,-0.002468027977,1.04131e-08
0.00704,-0.4311417597,-0.4311417584,1.49189e-09,-0.002674595577,-0.002674595574,6.77478e-10,-0.002463340139,-0.002463340096,1.04338e-08
0.00705,-0.4317986697,-0.4317986683,1.55693e-09,-0.002670280874,-0.002670280872,7.05725e-10,-0.00245864615,-0.002458646108,1.04586e-08
0.00706,-0.4324551054,-0.432455104,1.62142e-09,-0.002665959605,-0.002665959602,7.33701e-10,-0.00245394606,-0.002453946017,1.04878e-08
0.00707,-0.4331110665,-0.433111065,1.68228e-09,-0.002661631774,-0.002661631771,7.60113e-10,-0.002449239874,-0.002449239831,1.05218e-08
0.00708,-0.4337665524,-0.4337665509,1.73589e-09,-0.002657297386,-0.002657297382,7.83435e-10,-0.002444527598,-0.002444527555,1.05608e-08
0.00709,-0.4344215628,-0.4344215613,1.77801e-09,-0.002652956445,-0.002652956441,8.01891e-10,-0.002439809238,-0.002439809195,1.06049e-08
0.0071,-0.4350760972,-0.4350760957,1.75278e-09,-0.002648608956,-0.002648608953,7.92776e-10,-0.002435084801,-0.002435084758,1.06124e-08
0.00711,-0.4357301551,-0.4357301536,1.71883e-09,-0.002644254924,-0.002644254921,7.79835e-10,-0.002430354292,-0.002430354249,1.06083e-08
0.00712,-0.4363837361,-0.4363837346,1.70373e-09,-0.002639894355,-0.002639894351,7.74185e-10,-0.002425617717,-0.002425617673,1.06128e-08
0.00713,-0.4370368397,-0.4370368382,1.70079e-09,-0.002635527251,-0.002635527248,7.73064e-10,-0.002420875082,-0.002420875038,1.06234e-08
0.00714,-0.4376894656,-0.4376894641,1.72644e-09,-0.00263115362,-0.002631153616,7.84104e-10,-0.002416126393,-0.002416126349,1.06484e-08
0.00715,-0.4383416132,-0.4383416117,1.78544e-09,-0.002626773464,-0.002626773461,8.09656e-10,-0.002411371656,-0.002411371612,1.06906e-08
0.00716,-0.4389932823,-0.4389932807,1.85271e-09,-0.002622386789,-0.002622386786,8.38565e-10,-0.002406610877,-0.002406610833,1.07383e-08
0.00717,-0.4396444723,-0.4396444707,1.92487e-09,-0.0026179936,-0.002617993596,8.69462e-10,-0.002401844062,-0.002401844018,1.07901e-08
0.00718,-0.4402951829,-0.4402951811,1.99901e-09,-0.002613593901,-0.002613593898,9.01149e-10,-0.002397071217,-0.002397071173,1.08448e-08
0.00719,-0.4409454136,-0.4409454118,2.07257e-09,-0.002609187698,-0.002609187694,9.3259e-10,-0.002392292348,-0.002392292303,1.0901e-08
0.0072,-0.441595164,-0.4415951622,2.1434e-09,-0.002604774995,-0.002604774991,9.62898e-10,-0.00238750746,-0.002387507416,1.09578e-08
0.00721,-0.4422444338,-0.4422444319,2.20967e-09,-0.002600355797,-0.002600355792,9.91321e-10,-0.002382716561,-0.002382716516,1.1014e-08
0.00722,-0.4428932225,-0.4428932205,2.26988e-09,-0.002595930108,-0.002595930104,1.01723e-09,-0.002377919654,-0.002377919609,1.10688e-08
0.00723,-0.4435415297,-0.4435415277,2.32277e-09,-0.002591497934,-0.00259149793,1.0401e-09,-0.002373116748,-0.002373116702,1.11213e-08
0.00724,-0.4441893551,-0.4441893531,2.36737e-09,-0.002587059279,-0.002587059275,1.05953e-09,-0.002368307846,-0.002368307801,1.11708e-08
0.00725,-0.4448366983,-0.4448366963,2.40289e-09,-0.002582614149,-0.002582614144,1.07516e-09,-0.002363492957,-0.002363492911,1.12165e-08
0.00726,-0.445483559,-0.4454835569,2.42875e-09,-0.002578162547,-0.002578162542,1.08673e-09,-0.002358672084,-0.002358672038,1.12577e-08
0.00727,-0.4461299366,-0.4461299345,2.44452e-09,-0.002573704479,-0.002573704475,1.09404e-09,-0.002353845235,-0.002353845189,1.1294e-08
0.00728,-0.4467758309,-0.4467758288,2.44988e-09,-0.00256923995,-0.002569239945,1.09694e-09,-0.002349012414,-0.002349012368,1.13246e-08
0.00729,-0.4474212415,-0.4474212394,2.44461e-09,-0.002564768964,-0.00256476896,1.09529e-09,-0.002344173629,-0.002344173583,1.13493e-08
0.0073,-0.448066168,-0.4480661659,2.42857e-09,-0.002560291527,-0.002560291522,1.08899e-09,-0.002339328884,-0.002339328838,1.13675e-08
0.00731,-0.4487106101,-0.4487106081,2.41926e-09,-0.002555807642,-0.002555807638,1.0859e-09,-0.002334478187,-0.00233447814,1.13863e-08
0.00732,-0.4493545675,-0.4493545654,2.42094e-09,-0.002551317316,-0.002551317312,1.08789e-09,-0.002329621541,-0.002329621495,1.14073e-08
0.00733,-0.4499980398,-0.4499980377,2.42069e-09,-0.002546820553,-0.002546820548,1.08909e-09,-0.002324758955,-0.002324758908,1.14246e-08
0.00734,-0.4506410266,-0.4506410245,2.41939e-09,-0.002542317357,-0.002542317353,1.08985e-09,-0.002319890432,-0.002319890386,1.14384e-08
0.00735,-0.4512835276,-0.4512835256,2.41788e-09,-0.002537807734,-0.00253780773,1.09051e-09,-0.00231501598,-0.002315015934,1.14488e-08
0.00736,-0.4519255426,-0.4519255405,2.41698e-09,-0.002533291688,-0.002533291684,1.09138e-09,-0.002310135604,-0.002310135558,1.1456e-08
0.00737,-0.452567071,-0.4525670689,2.4174e-09,-0.002528769225,-0.002528769221,1.09275e-09,-0.00230524931,-0.002305249264,1.14604e-08
0.00738,-0.4532081127,-0.4532081106,2.41978e-09,-0.002524240349,-0.002524240344,1.09484e-09,-0.002300357104,-0.002300357057,1.14622e-08
0.00739,-0.4538486673,-0.4538486652,2.42458e-09,-0.002519705065,-0.00251970506,1.09785e-09,-0.002295458991,-0.002295458945,1.14616e-08
0.0074,-0.4544887344,-0.4544887323,2.43211e-09,-0.002515163377,-0.002515163373,1.10187e-09,-0.002290554978,-0.002290554931,1.14591e-08
0.00741,-0.4551283138,-0.4551283117,2.4425e-09,-0.002510615292,-0.002510615287,1.10693e-09,-0.00228564507,-0.002285645024,1.1455e-08
0.00742,-0.4557674052,-0.4557674031,2.45562e-09,-0.002506060813,-0.002506060808,1.11297e-09,-0.002280729273,-0.002280729227,1.14496e-08
0.00743,-0.4564060083,-0.4564060061,2.47112e-09,-0.002501499945,-0.002501499941,1.11981e-09,-0.002275807594,-0.002275807547,1.14432e-08
0.00744,-0.4570441227,-0.4570441205,2.48834e-09,-0.002496932694,-0.00249693269,1.12716e-09,-0.002270880037,-0.00227087999,1.14364e-08
0.00745,-0.4576817481,-0.4576817459,2.50634e-09,-0.002492359065,-0.00249235906,1.1346e-09,-0.002265946608,-0.002265946562,1.14294e-08
0.00746,-0.4583188843,-0.4583188821,2.5238e-09,-0.002487779061,-0.002487779056,1.14157e-09,-0.002261007314,-0.002261007268,1.14226e-08
0.00747,-0.458955531,-0.4589555288,2.53906e-09,-0.002483192688,-0.002483192684,1.14736e-09,-0.002256062161,-0.002256062114,1.14163e-08
0.00748,-0.4595916878,-0.4595916856,2.57034e-09,-0.002478599952,-0.002478599947,1.16022e-09,-0.002251111153,-0.002251111106,1.1419e-08
0.00749,-0.4602273546,-0.4602273524,2.61663e-09,-0.002474000856,-0.002474000852,1.17976e-09,-0.002246154297,-0.00224615425,1.14315e-08
0.0075,-0.4608625311,-0.4608625288,2.66289e-09,-0.002469395407,-0.002469395402,1.19929e-09,-0.002241191599,-0.002241191552,1.14493e-08
0.00751,-0.4614972169,-0.4614972145,2.7068e-09,-0.002464783608,-0.002464783603,1.2179e-09,-0.002236223064,-0.002236223017,1.14733e-08
0.00752,-0.4621314117,-0.4621314094,2.74562e-09,-0.002460165464,-0.002460165459,1.23445e-09,-0.002231248698,-0.002231248651,1.15039e-08
0.00753,-0.4627651154,-0.4627651131,2.77613e-09,-0.002455540981,-0.002455540976,1.24766e-09,-0.002226268507,-0.00222626846,1.1542e-08
0.00754,-0.4633983277,-0.4633983254,2.73198e-09,-0.002450910164,-0.002450910159,1.23127e-09,-0.002221282497,-0.00222128245,1.15304e-08
0.00755,-0.4640310483,-0.4640310459,2.71225e-09,-0.002446273016,-0.002446273011,1.22447e-09,-0.002216290673,-0.002216290626,1.1529e-08
0.00756,-0.4646632769,-0.4646632746,2.71286e-09,-0.002441629544,-0.002441629539,1.22563e-09,-0.002211293042,-0.002211292995,1.1537e-08
0.00757,-0.4652950133,-0.465295011,2.72899e-09,-0.002436979753,-0.002436979748,1.23283e-09,-0.002206289609,-0.002206289562,1.15528e-08
0.00758,-0.4659262573,-0.4659262549,2.75623e-09,-0.002432323646,-0.002432323641,1.24431e-09,-0.002201280379,-0.002201280332,1.15749e-08
0.00759,-0.4665570085,-0.4665570061,2.79057e-09,-0.002427661229,-0.002427661224,1.25845e-09,-0.002196265359,-0.002196265312,1.16019e-08
0.0076,-0.4671872669,-0.4671872644,2.82837e-09,-0.002422992507,-0.002422992502,1.2738e-09,-0.002191244554,-0.002191244507,1.16325e-08
0.00761,-0.467817032,-0.4678170296,2.86633e-09,-0.002418317486,-0.00241831748,1.289e-09,-0.00218621797,-0.002186217923,1.16653e-08
0.00762,-0.4684463038,-0.4684463013,2.90144e-09,-0.002413636168,-0.002413636163,1.30284e-09,-0.002181185613,-0.002181185566,1.16991e-08
0.00763,-0.4690750819,-0.4690750794,2.93099e-09,-0.002408948561,-0.002408948556,1.31421e-09,-0.002176147488,-0.002176147441,1.17326e-08
0.00764,-0.4697033662,-0.4697033637,2.95253e-09,-0.002404254669,-0.002404254663,1.32209e-09,-0.002171103602,-0.002171103554,1.17648e-08
0.00765,-0.4703311564,-0.4703311539,2.98537e-09,-0.002399554496,-0.00239955449,1.33522e-09,-0.002166053959,-0.002166053911,1.18026e-08
0.00766,-0.4709584524,-0.4709584498,3.02597e-09,-0.002394848047,-0.002394848042,1.35207e-09,-0.002160998566,-0.002160998518,1.18443e-08
0.00767,-0.4715852538,-0.4715852512,3.062e-09,-0.002390135328,-0.002390135323,1.36713e-09,-0.002155937428,-0.00215593738,1.18851e-08
0.00768,-0.4722115605,-0.4722115579,3.09288e-09,-0.002385416344,-0.002385416338,1.38019e-09,-0.002150870551,-0.002150870503,1.19243e-08
0.00769,-0.4728373723,-0.4728373696,3.11823e-09,-0.002380691099,-0.002380691093,1.39107e-09,-0.002145797941,-0.002145797892,1.19615e-08
0.0077,-0.473462689,-0.4734626863,3.13783e-09,-0.002375959598,-0.002375959592,1.39968e-09,-0.002140719603,-0.002140719554,1.19963e-08
0.00771,-0.4740875103,-0.4740875076,3.15159e-09,-0.002371221847,-0.002371221841,1.40598e-09,-0.002135635543,-0.002135635494,1.20281e-08
0.00772,-0.4747118361,-0.4747118334,3.15955e-09,-0.00236647785,-0.002366477844,1.40996e-09,-0.002130545767,-0.002130545718,1.20566e-08
0.00773,-0.4753356663,-0.4753356635,3.16185e-09,-0.002361727612,-0.002361727606,1.41166e-09,-0.002125450281,-0.002125450231,1.20817e-08
0.00774,-0.4759590005,-0.4759589977,3.15868e-09,-0.002356971138,-0.002356971132,1.41113e-09,-0.002120349089,-0.00212034904,1.21028e-08
0.00775,-0.4765818386,-0.4765818359,3.15027e-09,-0.002352208434,-0.002352208428,1.40844e-09,-0.002115242198,-0.002115242149,1.212e-08
0.00776,-0.4772041804,-0.4772041777,3.13689e-09,-0.002347439503,-0.002347439497,1.40367e-09,-0.002110129614,-0.002110129564,1.21329e-08
0.00777,-0.4778260258,-0.4778260231,3.11878e-09,-0.002342664352,-0.002342664346,1.39688e-09,-0.002105011341,-0.002105011292,1.21414e-08
0.00778,-0.4784473745,-0.4784473718,3.09615e-09,-0.002337882984,-0.002337882979,1.38812e-09,-0.002099887386,-0.002099887337,1.21453e-08
0.00779,-0.4790682264,-0.4790682238,3.06916e-09,-0.002333095406,-0.0023330954,1.37741e-09,-0.002094757755,-0.002094757705,1.21446e-08
0.0078,-0.4796885814,-0.4796885788,3.03788e-09,-0.002328301622,-0.002328301616,1.36473e-09,-0.002089622452,-0.002089622403,1.21392e-08
0.00781,-0.4803084392,-0.4803084366,3.00227e-09,-0.002323501636,-0.002323501631,1.35003e-09,-0.002084481484,-0.002084481435,1.21289e-08
0.00782,-0.4809277998,-0.4809277972,2.98541e-09,-0.002318695454,-0.002318695449,1.3436e-09,-0.002079334857,-0.002079334807,1.21224e-08
0.00783,-0.4815466628,-0.4815466603,2.98239e-09,-0.002313883082,-0.002313883076,1.3432e-09,-0.002074182575,-0.002074182526,1.21177e-08
0.00784,-0.4821650283,-0.4821650257,2.98361e-09,-0.002309064523,-0.002309064517,1.3445e-09,-0.002069024645,-0.002069024595,1.21116e-08
0.00785,-0.482782896,-0.4827828934,2.98948e-09,-0.002304239783,-0.002304239777,1.34764e-09,-0.002063861071,-0.002063861022,1.21046e-08
0.00786,-0.4834002658,-0.4834002632,3.00022e-09,-0.002299408867,-0.002299408861,1.35272e-09,-0.002058691861,-0.002058691812,1.20969e-08
0.00787,-0.4840171375,-0.4840171349,3.0159e-09,-0.002294571779,-0.002294571774,1.35972e-09,-0.002053517019,-0.002053516969,1.20892e-08
0.00788,-0.484633511,-0.4846335084,3.03634e-09,-0.002289728526,-0.00228972852,1.36859e-09,-0.00204833655,-0.002048336501,1.20818e-08
0.00789,-0.4852493861,-0.4852493835,3.06116e-09,-0.002284879111,-0.002284879105,1.37914e-09,-0.002043150461,-0.002043150412,1.20752e-08
0.0079,-0.4858647628,-0.4858647601,3.0897e-09,-0.00228002354,-0.002280023534,1.39111e-09,-0.002037958757,-0.002037958708,1.20701e-08
0.00791,-0.4864796408,-0.4864796381,3.12104e-09,-0.002275161818,-0.002275161812,1.4041e-09,-0.002032761444,-0.002032761395,1.20668e-08
0.00792,-0.4870940201,-0.4870940174,3.15396e-09,-0.002270293949,-0.002270293943,1.41762e-09,-0.002027558527,-0.002027558478,1.20661e-08
0.00793,-0.4877079005,-0.4877078978,3.18689e-09,-0.002265419939,-0.002265419933,1.43101e-09,-0.002022350011,-0.002022349962,1.20683e-08
0.00794,-0.4883212819,-0.4883212791,3.21793e-09,-0.002260539793,-0.002260539787,1.44352e-09,-0.002017135903,-0.002017135854,1.20743e-08
0.00795,-0.4889341642,-0.4889341614,3.24481e-09,-0.002255653515,-0.002255653509,1.4542e-09,-0.002011916208,-0.002011916159,1.20844e-08
0.00796,-0.4895465472,-0.4895465444,3.26485e-09,-0.002250761111,-0.002250761105,1.46197e-09,-0.002006690932,-0.002006690882,1.20993e-08
0.00797,-0.4901584308,-0.490158428,3.27498e-09,-0.002245862586,-0.00224586258,1.46558e-09,-0.002001460079,-0.002001460029,1.21197e-08
0.00798,-0.490769815,-0.4907698122,3.26285e-09,-0.002240957944,-0.002240957938,1.46022e-09,-0.001996223656,-0.001996223606,1.21393e-08
0.00799,-0.4913806996,-0.4913806969,3.21338e-09,-0.002236047191,-0.002236047185,1.44161e-09,-0.001990981667,-0.001990981618,1.21249e-08
0.008,-0.4919910845,-0.4919910818,3.19533e-09,-0.002231130332,-0.002231130326,1.43559e-09,-0.00198573412,-0.001985734071,1.21231e-08
0.00801,-0.4926009697,-0.4926009669,3.19598e-09,-0.002226207371,-0.002226207365,1.43674e-09,-0.001980481018,-0.001980480969,1.21298e-08
0.00802,-0.4932103549,-0.4932103522,3.21145e-09,-0.002221278314,-0.002221278308,1.44355e-09,-0.001975222369,-0.001975222319,1.21439e-08
0.00803,-0.4938192402,-0.4938192374,3.2382e-09,-0.002216343166,-0.00221634316,1.45467e-09,-0.001969958176,-0.001969958127,1.21642e-08
0.00804,-0.4944276253,-0.4944276225,3.27305e-09,-0.002211401931,-0.002211401925,1.46887e-09,-0.001964688446,-0.001964688396,1.21897e-08
0.00805,-0.4950355103,-0.4950355075,3.31313e-09,-0.002206454615,-0.002206454609,1.48503e-09,-0.001959413184,-0.001959413135,1.22192e-08
0.00806,-0.495642895,-0.4956428922,3.35588e-09,-0.002201501223,-0.002201501217,1.50216e-09,-0.001954132396,-0.001954132346,1.22518e-08
0.00807,-0.4962497794,-0.4962497765,3.39901e-09,-0.002196541759,-0.002196541753,1.51936e-09,-0.001948846087,-0.001948846037,1.22866e-08
0.00808,-0.4968561633,-0.4968561604,3.44049e-09,-0.002191576229,-0.002191576223,1.53583e-09,-0.001943554263,-0.001943554213,1.23227e-08
0.00809,-0.4974620467,-0.4974620438,3.47852e-09,-0.002186604638,-0.002186604631,1.55087e-09,-0.001938256929,-0.001938256878,1.23593e-08
0.0081,-0.4980674296,-0.4980674265,3.51152e-09,-0.00218162699,-0.002181626983,1.56383e-09,-0.00193295409,-0.00193295404,1.23955e-08
0.00811,-0.4986723117,-0.4986723087,3.53811e-09,-0.002176643291,-0.002176643284,1.57416e-09,-0.001927645753,-0.001927645702,1.24305e-08
0.00812,-0.4992766931,-0.49927669,3.55706e-09,-0.002171653545,-0.002171653539,1.58135e-09,-0.001922331922,-0.001922331871,1.24638e-08
0.00813,-0.4998805737,-0.4998805706,3.56731e-09,-0.002166657759,-0.002166657752,1.58496e-09,-0.001917012603,-0.001917012552,1.24944e-08
0.00814,-0.5004839534,-0.5004839503,3.56792e-09,-0.002161655936,-0.002161655929,1.58458e-09,-0.001911687801,-0.00191168775,1.25219e-08
0.00815,-0.5010868322,-0.5010868291,3.55806e-09,-0.002156648081,-0.002156648075,1.57984e-09,-0.001906357522,-0.001906357471,1.25456e-08
0.00816,-0.5016892099,-0.5016892069,3.56008e-09,-0.002151634201,-0.002151634194,1.58073e-09,-0.001901021772,-0.001901021721,1.25721e-08
0.00817,-0.5022910866,-0.5022910836,3.56398e-09,-0.002146614299,-0.002146614292,1.58276e-09,-0.001895680556,-0.001895680504,1.25981e-08
0.00818,-0.5028924623,-0.5028924592,3.56371e-09,-0.002141588381,-0.002141588374,1.58321e-09,-0.001890333878,-0.001890333827,1.26212e-08
0.00819,-0.5034933367,-0.5034933336,3.55963e-09,-0.002136556451,-0.002136556445,1.5822e-09,-0.001884981746,-0.001884981694,1.26412e-08
0.0082,-0.5040937099,-0.5040937069,3.55215e-09,-0.002131518516,-0.002131518509,1.57989e-09,-0.001879624163,-0.001879624112,1.26581e-08
0.00821,-0.5046935819,-0.5046935788,3.54174e-09,-0.002126474579,-0.002126474572,1.57645e-09,-0.001874261136,-0.001874261085,1.26716e-08
0.00822,-0.5052929525,-0.5052929495,3.5289e-09,-0.002121424646,-0.002121424639,1.57205e-09,-0.00186889267,-0.001868892619,1.26817e-08
0.00823,-0.5058918218,-0.5058918188,3.51411e-09,-0.002116368722,-0.002116368715,1.56686e-09,-0.00186351877,-0.001863518719,1.26884e-08
0.00824,-0.5064901897,-0.5064901867,3.49786e-09,-0.002111306811,-0.002111306805,1.56105e-09,-0.001858139442,-0.001858139391,1.26917e-08
0.00825,-0.5070880562,-0.5070880532,3.48057e-09,-0.00210623892,-0.002106238913,1.55477e-09,-0.001852754691,-0.00185275464,1.26916e-08
0.00826,-0.5076854212,-0.5076854182,3.46265e-09,-0.002101165052,-0.002101165046,1.54814e-09,-0.001847364523,-0.001847364471,1.26882e-08
0.00827,-0.5082822847,-0.5082822817,3.4444e-09,-0.002096085213,-0.002096085207,1.54125e-09,-0.001841968942,-0.001841968891,1.26817e-08
0.00828,-0.5088786467,-0.5088786437,3.42604e-09,-0.002090999408,-0.002090999402,1.53416e-09,-0.001836567955,-0.001836567903,1.26722e-08
0.00829,-0.5094745071,-0.5094745041,3.40767e-09,-0.002085907642,-0.002085907635,1.52688e-09,-0.001831161566,-0.001831161515,1.26598e-08
0.0083,-0.5100698659,-0.510069863,3.38926e-09,-0.002080809919,-0.002080809913,1.51936e-09,-0.001825749782,-0.00182574973,1.26448e-08
0.00831,-0.5106647232,-0.5106647203,3.37063e-09,-0.002075706246,-0.00207570624,1.51149e-09,-0.001820332606,-0.001820332555,1.26274e-08
0.00832,-0.5112590788,-0.5112590759,3.35143e-09,-0.002070596627,-0.002070596621,1.50309e-09,-0.001814910046,-0.001814909994,1.26079e-08
0.00833,-0.5118529328,-0.5118529299,3.35291e-09,-0.002065481066,-0.00206548106,1.50361e-09,-0.001809482105,-0.001809482054,1.25928e-08
0.00834,-0.5124462852,-0.5124462823,3.36366e-09,-0.00206035957,-0.002060359564,1.50798e-09,-0.00180404879,-0.001804048739,1.25794e-08
0.00835,-0.5130391359,-0.513039133,3.37897e-09,-0.002055232142,-0.002055232136,1.5141e-09,-0.001798610106,-0.001798610055,1.2567e-08
0.00836,-0.5136314849,-0.513631482,3.39846e-09,-0.002050098789,-0.002050098783,1.52182e-09,-0.001793166058,-0.001793166007,1.25562e-08
0.00837,-0.5142233322,-0.5142233293,3.42153e-09,-0.002044959514,-0.002044959508,1.53091e-09,-0.001787716651,-0.0017877166,1.25477e-08
0.00838,-0.5148146779,-0.514814675,3.44736e-09,-0.002039814324,-0.002039814318,1.54104e-09,-0.001782261891,-0.00178226184,1.25421e-08
0.00839,-0.5154055219,-0.5154055189,3.47486e-09,-0.002034663223,-0.002034663216,1.55179e-09,-0.001776801783,-0.001776801732,1.25402e-08
0.0084,-0.5159958642,-0.5159958612,3.50268e-09,-0.002029506215,-0.002029506209,1.56264e-09,-0.001771336333,-0.001771336282,1.25429e-08
0.00841,-0.5165857049,-0.5165857018,3.52917e-09,-0.002024343307,-0.002024343301,1.57295e-09,-0.001765865545,-0.001765865494,1.25508e-08
0.00842,-0.5171750438,-0.5171750408,3.5524e-09,-0.002019174503,-0.002019174496,1.58196e-09,-0.001760389425,-0.001760389374,1.25649e-08
0.00843,-0.5177638811,-0.517763878,3.57007e-09,-0.002013999808,-0.002013999801,1.58878e-09,-0.001754907979,-0.001754907927,1.25859e-08
0.00844,-0.5183522167,-0.5183522137,3.57758e-09,-0.002008819227,-0.002008819221,1.59166e-09,-0.001749421211,-0.00174942116,1.26133e-08
0.00845,-0.5189400507,-0.5189400477,3.52533e-09,-0.002003632765,-0.002003632759,1.5723e-09,-0.001743929127,-0.001743929076,1.25969e-08
0.00846,-0.5195273831,-0.5195273801,3.49049e-09,-0.001998440428,-0.001998440421,1.55913e-09,-0.001738431732,-0.001738431681,1.25885e-08
0.00847,-0.5201142138,-0.5201142108,3.46898e-09,-0.001993242219,-0.001993242213,1.5506e-09,-0.001732929032,-0.00173292898,1.25868e-08
0.00848,-0.520700543,-0.52070054,3.45698e-09,-0.001988038145,-0.001988038139,1.54528e-09,-0.001727421031,-0.00172742098,1.25909e-08
0.00849,-0.5212863705,-0.5212863676,3.45097e-09,-0.00198282821,-0.001982828204,1.54181e-09,-0.001721907735,-0.001721907684,1.25997e-08
0.0085,-0.5218716965,-0.5218716936,3.46914e-09,-0.001977612419,-0.001977612413,1.54848e-09,-0.00171638915,-0.001716389098,1.26178e-08
0.00851,-0.5224565211,-0.522456518,3.49633e-09,-0.001972390778,-0.001972390772,1.55874e-09,-0.00171086528,-0.001710865228,1.26409e-08
0.00852,-0.5230408441,-0.523040841,3.52723e-09,-0.001967163291,-0.001967163284,1.57037e-09,-0.001705336131,-0.001705336079,1.26675e-08
0.00853,-0.5236246656,-0.5236246625,3.56003e-09,-0.001961929963,-0.001961929956,1.5827e-09,-0.001699801708,-0.001699801656,1.26969e-08
0.00854,-0.5242079857,-0.5242079826,3.5931e-09,-0.001956690799,-0.001956690793,1.59514e-09,-0.001694262016,-0.001694261964,1.27282e-08
0.00855,-0.5247908044,-0.5247908013,3.62503e-09,-0.001951445805,-0.001951445798,1.60714e-09,-0.00168871706,-0.001688717008,1.27609e-08
0.00856,-0.5253731218,-0.5253731186,3.65463e-09,-0.001946194985,-0.001946194978,1.61827e-09,-0.001683166846,-0.001683166794,1.27942e-08
0.00857,-0.5259549378,-0.5259549346,3.68086e-09,-0.001940938344,-0.001940938338,1.62811e-09,-0.001677611379,-0.001677611327,1.28277e-08
0.00858,-0.5265362525,-0.5265362494,3.70286e-09,-0.001935675888,-0.001935675881,1.63634e-09,-0.001672050664,-0.001672050612,1.28606e-08
0.00859,-0.527117066,-0.5271170628,3.71989e-09,-0.001930407621,-0.001930407614,1.64268e-09,-0.001666484707,-0.001666484654,1.28926e-08
0.0086,-0.5276973784,-0.5276973751,3.73137e-09,-0.001925133548,-0.001925133542,1.64687e-09,-0.001660913512,-0.001660913459,1.29229e-08
0.00861,-0.5282771895,-0.5282771863,3.7368e-09,-0.001919853675,-0.001919853668,1.64871e-09,-0.001655337085,-0.001655337032,1.29513e-08
0.00862,-0.5288564996,-0.5288564964,3.7358e-09,-0.001914568006,-0.001914568,1.64803e-09,-0.00164975543,-0.001649755378,1.29772e-08
0.00863,-0.5294353086,-0.5294353054,3.72805e-09,-0.001909276547,-0.00190927654,1.64469e-09,-0.001644168554,-0.001644168501,1.30002e-08
0.00864,-0.5300136166,-0.5300136134,3.71329e-09,-0.001903979302,-0.001903979295,1.63853e-09,-0.001638576461,-0.001638576408,1.302e-08
0.00865,-0.5305914237,-0.5305914206,3.69132e-09,-0.001898676276,-0.00189867627,1.62946e-09,-0.001632979157,-0.001632979104,1.30361e-08
0.00866,-0.5311687299,-0.5311687268,3.66196e-09,-0.001893367475,-0.001893367468,1.61735e-09,-0.001627376646,-0.001627376593,1.30484e-08
0.00867,-0.5317455353,-0.5317455322,3.6467e-09,-0.001888052903,-0.001888052897,1.61171e-09,-0.001621768935,-0.001621768881,1.30618e-08
0.00868,-0.53232184,-0.5323218369,3.63166e-09,-0.001882732566,-0.00188273256,1.60634e-09,-0.001616156027,-0.001616155973,1.30728e-08
0.00869,-0.532897644,-0.5328976409,3.61529e-09,-0.001877406468,-0.001877406462,1.60049e-09,-0.001610537928,-0.001610537875,1.30807e-08
0.0087,-0.5334729473,-0.5334729442,3.59812e-09,-0.001872074615,-0.001872074608,1.59436e-09,-0.001604914643,-0.00160491459,1.30856e-08
0.00871,-0.5340477501,-0.534047747,3.58066e-09,-0.001866737011,-0.001866737005,1.58813e-09,-0.001599286178,-0.001599286125,1.30874e-08
0.00872,-0.5346220524,-0.5346220494,3.56339e-09,-0.001861393662,-0.001861393655,1.58196e-09,-0.001593652538,-0.001593652485,1.30863e-08
0.00873,-0.5351958543,-0.5351958513,3.54678e-09,-0.001856044572,-0.001856044565,1.576e-09,-0.001588013727,-0.001588013674,1.30823e-08
0.00874,-0.5357691559,-0.5357691528,3.53122e-09,-0.001850689746,-0.00185068974,1.57039e-09,-0.001582369751,-0.001582369698,1.30756e-08
0.00875,-0.5363419572,-0.5363419541,3.51702e-09,-0.00184532919,-0.001845329184,1.56523e-09,-0.001576720615,-0.001576720562,1.30664e-08
0.00876,-0.5369142583,-0.5369142552,3.50444e-09,-0.001839962909,-0.001839962903,1.56058e-09,-0.001571066325,-0.001571066271,1.30549e-08
0.00877,-0.5374860593,-0.5374860563,3.49361e-09,-0.001834590907,-0.001834590901,1.55647e-09,-0.001565406884,-0.001565406831,1.30414e-08
0.00878,-0.5380573602,-0.5380573572,3.48454e-09,-0.001829213189,-0.001829213183,1.55288e-09,-0.001559742299,-0.001559742246,1.30262e-08
0.00879,-0.5386281613,-0.5386281583,3.47713e-09,-0.001823829761,-0.001823829755,1.54974e-09,-0.001554072574,-0.001554072521,1.30096e-08
0.0088,-0.5391984624,-0.5391984595,3.47112e-09,-0.001818440628,-0.001818440622,1.54693e-09,-0.001548397714,-0.001548397661,1.29921e-08
0.00881,-0.5397682639,-0.5397682609,3.46609e-09,-0.001813045794,-0.001813045788,1.54425e-09,-0.001542717726,-0.001542717673,1.2974e-08
0.00882,-0.5403375656,-0.5403375626,3.46142e-09,-0.001807645264,-0.001807645258,1.54145e-09,-0.001537032612,-0.00153703256,1.29558e-08
0.00883,-0.5409063677,-0.5409063648,3.45634e-09,-0.001802239044,-0.001802239038,1.53819e-09,-0.00153134238,-0.001531342327,1.2938e-08
0.00884,-0.5414746704,-0.5414746674,3.47125e-09,-0.001796827139,-0.001796827132,1.54353e-09,-0.001525647034,-0.001525646981,1.29261e-08
0.00885,-0.5420424737,-0.5420424707,3.49005e-09,-0.001791409553,-0.001791409546,1.5504e-09,-0.001519946578,-0.001519946525,1.29173e-08
0.00886,-0.5426097777,-0.5426097746,3.51095e-09,-0.001785986291,-0.001785986285,1.55806e-09,-0.001514241018,-0.001514240966,1.29121e-08
0.00887,-0.5431765824,-0.5431765794,3.53293e-09,-0.001780557359,-0.001780557352,1.56613e-09,-0.00150853036,-0.001508530307,1.29112e-08
0.00888,-0.5437428881,-0.5437428851,3.55476e-09,-0.001775122761,-0.001775122755,1.57415e-09,-0.001502814607,-0.001502814555,1.29157e-08
0.00889,-0.5443086948,-0.5443086917,3.57497e-09,-0.001769682503,-0.001769682496,1.58159e-09,-0.001497093766,-0.001497093713,1.29264e-08
0.0089,-0.5448740026,-0.5448739995,3.59181e-09,-0.001764236589,-0.001764236582,1.58779e-09,-0.001491367841,-0.001491367788,1.29442e-08
0.00891,-0.5454388116,-0.5454388085,3.60329e-09,-0.001758785024,-0.001758785018,1.59203e-09,-0.001485636837,-0.001485636784,1.29702e-08
0.00892,-0.5460031219,-0.5460031188,3.57269e-09,-0.001753327814,-0.001753327808,1.58139e-09,-0.001479900759,-0.001479900706,1.29695e-08
0.00893,-0.5465669336,-0.5465669306,3.53908e-09,-0.001747864964,-0.001747864957,1.56958e-09,-0.001474159612,-0.00147415956,1.29602e-08
0.00894,-0.5471302469,-0.5471302439,3.51966e-09,-0.001742396477,-0.001742396471,1.56261e-09,-0.001468413402,-0.001468413349,1.29577e-08
0.00895,-0.5476930618,-0.5476930588,3.51131e-09,-0.001736922361,-0.001736922354,1.55935e-09,-0.001462662133,-0.00146266208,1.29614e-08
0.00896,-0.5482553785,-0.5482553755,3.51111e-09,-0.001731442618,-0.001731442612,1.55876e-09,-0.001456905811,-0.001456905758,1.29704e-08
0.00897,-0.5488171971,-0.5488171941,3.51638e-09,-0.001725957255,-0.001725957248,1.55986e-09,-0.001451144439,-0.001451144387,1.29838e-08
0.00898,-0.5493785177,-0.5493785147,3.52465e-09,-0.001720466276,-0.001720466269,1.56175e-09,-0.001445378025,-0.001445377972,1.3001e-08
0.00899,-0.5499393404,-0.5499393374,3.53363e-09,-0.001714969686,-0.00171496968,1.56359e-09,-0.001439606571,-0.001439606518,1.3021e-08
0.009,-0.5504996654,-0.5504996623,3.54123e-09,-0.001709467491,-0.001709467484,1.5646e-09,-0.001433830084,-0.00143383003,1.30432e-08
0.00901,-0.5510594927,-0.5510594897,3.56613e-09,-0.001703959694,-0.001703959688,1.57316e-09,-0.001428048568,-0.001428048514,1.30711e-08
0.00902,-0.5516188225,-0.5516188195,3.59107e-09,-0.001698446302,-0.001698446296,1.58175e-09,-0.001422262028,-0.001422261975,1.31008e-08
0.00903,-0.552177655,-0.5521776519,3.61495e-09,-0.00169292732,-0.001692927313,1.58999e-09,-0.001416470469,-0.001416470416,1.31318e-08
0.00904,-0.5527359902,-0.5527359871,3.63688e-09,-0.001687402751,-0.001687402745,1.59754e-09,-0.001410673897,-0.001410673844,1.31633e-08
0.00905,-0.5532938283,-0.5532938251,3.65612e-09,-0.001681872602,-0.001681872595,1.60416e-09,-0.001404872316,-0.001404872262,1.31951e-08
0.00906,-0.5538511693,-0.5538511662,3.67209e-09,-0.001676336876,-0.00167633687,1.60963e-09,-0.001399065731,-0.001399065677,1.32265e-08
0.00907,-0.5544080136,-0.5544080104,3.6843e-09,-0.00167079558,-0.001670795573,1.61376e-09,-0.001393254147,-0.001393254093,1.32571e-08
0.00908,-0.5549643611,-0.5549643579,3.6924e-09,-0.001665248718,-0.001665248711,1.61641e-09,-0.001387437569,-0.001387437515,1.32865e-08
0.00909,-0.555520212,-0.5555202088,3.6961e-09,-0.001659696294,-0.001659696288,1.61748e-09,-0.001381616002,-0.001381615948,1.33143e-08
0.0091,-0.5560755665,-0.5560755633,3.69521e-09,-0.001654138315,-0.001654138309,1.61687e-09,-0.001375789451,-0.001375789397,1.33402e-08
0.00911,-0.5566304246,-0.5566304214,3.68962e-09,-0.001648574785,-0.001648574778,1.61452e-09,-0.001369957921,-0.001369957867,1.33637e-08
0.00912,-0.5571847866,-0.5571847834,3.67926e-09,-0.001643005708,-0.001643005702,1.61038e-09,-0.001364121417,-0.001364121362,1.33846e-08
0.00913,-0.5577386526,-0.5577386494,3.66411e-09,-0.001637431091,-0.001637431084,1.60443e-09,-0.001358279943,-0.001358279889,1.34027e-08
0.00914,-0.5582920226,-0.5582920195,3.64417e-09,-0.001631850937,-0.00163185093,1.59661e-09,-0.001352433505,-0.00135243345,1.34176e-08
0.00915,-0.558844897,-0.5588448939,3.61947e-09,-0.001626265252,-0.001626265246,1.58692e-09,-0.001346582107,-0.001346582053,1.34292e-08
0.00916,-0.5593972757,-0.5593972727,3.59003e-09,-0.001620674041,-0.001620674034,1.57531e-09,-0.001340725755,-0.0013407257,1.34373e-08
0.00917,-0.559949159,-0.559949156,3.55659e-09,-0.001615077308,-0.001615077302,1.56207e-09,-0.001334864453,-0.001334864398,1.34418e-08
0.00918,-0.5605005471,-0.560500544,3.53684e-09,-0.001609475059,-0.001609475053,1.55492e-09,-0.001328998206,-0.001328998152,1.34461e-08
0.00919,-0.56105144,-0.561051437,3.51701e-09,-0.001603867299,-0.001603867293,1.54777e-09,-0.00132312702,-0.001323126965,1.34473e-08
0.0092,-0.5616018379,-0.5616018349,3.49757e-09,-0.001598254032,-0.001598254026,1.54077e-09,-0.001317250898,-0.001317250843,1.34457e-08
0.00921,-0.562151741,-0.562151738,3.47897e-09,-0.001592635264,-0.001592635258,1.53407e-09,-0.001311369846,-0.001311369791,1.34412e-08
0.00922,-0.5627011494,-0.5627011464,3.46162e-09,-0.001587010999,-0.001587010993,1.5278e-09,-0.001305483869,-0.001305483814,1.34341e-08
0.00923,-0.5632500633,-0.5632500603,3.44589e-09,-0.001581381243,-0.001581381236,1.52208e-09,-0.001299592971,-0.001299592917,1.34245e-08
0.00924,-0.5637984829,-0.5637984799,3.43206e-09,-0.001575745999,-0.001575745993,1.517e-09,-0.001293697158,-0.001293697104,1.34127e-08
0.00925,-0.5643464082,-0.5643464053,3.42037e-09,-0.001570105275,-0.001570105268,1.51263e-09,-0.001287796434,-0.00128779638,1.33989e-08
0.00926,-0.5648938395,-0.5648938366,3.41096e-09,-0.001564459073,-0.001564459067,1.50899e-09,-0.001281890805,-0.00128189075,1.33835e-08
0.00927,-0.565440777,-0.5654407741,3.40386e-09,-0.0015588074,-0.001558807393,1.50608e-09,-0.001275980274,-0.00127598022,1.33668e-08
0.00928,-0.5659872207,-0.5659872178,3.39901e-09,-0.001553150259,-0.001553150253,1.50386e-09,-0.001270064847,-0.001270064793,1.33492e-08
0.00929,-0.5665331709,-0.566533168,3.39621e-09,-0.001547487657,-0.001547487651,1.50224e-09,-0.001264144529,-0.001264144475,1.33313e-08
0.0093,-0.5670786278,-0.5670786249,3.39514e-09,-0.001541819597,-0.001541819591,1.50106e-09,-0.001258219324,-0.00125821927,1.33134e-08
0.00931,-0.5676235914,-0.5676235885,3.39532e-09,-0.001536146086,-0.00153614608,1.50015e-09,-0.001252289238,-0.001252289184,1.32961e-08
0.00932,-0.568168062,-0.5681680591,3.39613e-09,-0.001530467127,-0.001530467121,1.49925e-09,-0.001246354274,-0.00124635422,1.328e-08
0.00933,-0.5687120398,-0.5687120369,3.39674e-09,-0.001524782726,-0.00152478272,1.49805e-09,-0.001240414439,-0.001240414385,1.32659e-08
0.00934,-0.5692555249,-0.5692555219,3.3976e-09,-0.001519092888,-0.001519092882,1.49677e-09,-0.001234469737,-0.001234469683,1.32545e-08
0.00935,-0.5697985174,-0.5697985145,3.41262e-09,-0.001513397618,-0.001513397611,1.5016e-09,-0.001228520172,-0.001228520118,1.32492e-08
0.00936,-0.5703410177,-0.5703410147,3.42827e-09,-0.001507696919,-0.001507696913,1.50668e-09,-0.001222565749,-0.001222565695,1.32488e-08
0.00937,-0.5708830258,-0.5708830228,3.44346e-09,-0.001501990799,-0.001501990793,1.51163e-09,-0.001216606473,-0.001216606419,1.32541e-08
0.00938,-0.5714245419,-0.5714245389,3.45691e-09,-0.001496279261,-0.001496279254,1.516e-09,-0.00121064235,-0.001210642296,1.32662e-08
0.00939,-0.5719655662,-0.5719655632,3.46713e-09,-0.00149056231,-0.001490562304,1.51928e-09,-0.001204673383,-0.001204673329,1.32861e-08
0.0094,-0.5725060989,-0.5725060959,3.47067e-09,-0.001484839951,-0.001484839945,1.5203e-09,-0.001198699578,-0.001198699523,1.33132e-08
0.00941,-0.5730461401,-0.5730461372,3.42902e-09,-0.001479112189,-0.001479112183,1.50644e-09,-0.001192720939,-0.001192720884,1.32994e-08
0.00942,-0.5735856902,-0.5735856873,3.40195e-09,-0.00147337903,-0.001473379024,1.49729e-09,-0.00118673747,-0.001186737416,1.32927e-08
0.00943,-0.5741247491,-0.5741247462,3.38677e-09,-0.001467640477,-0.001467640471,1.49194e-09,-0.001180749178,-0.001180749124,1.32922e-08
0.00944,-0.5746633172,-0.5746633143,3.38099e-09,-0.001461896537,-0.001461896531,1.48956e-09,-0.001174756066,-0.001174756012,1.32975e-08
0.00945,-0.5752013946,-0.5752013917,3.38233e-09,-0.001456147213,-0.001456147207,1.48939e-09,-0.00116875814,-0.001168758086,1.33077e-08
0.00946,-0.5757389815,-0.5757389786,3.38868e-09,-0.00145039251,-0.001450392504,1.49071e-09,-0.001162755404,-0.001162755349,1.33223e-08
0.00947,-0.5762760781,-0.5762760752,3.3981e-09,-0.001444632435,-0.001444632429,1.49286e-09,-0.001156747862,-0.001156747808,1.33405e-08
0.00948,-0.5768126846,-0.5768126817,3.40881e-09,-0.001438866991,-0.001438866984,1.49522e-09,-0.00115073552,-0.001150735466,1.33619e-08
0.00949,-0.5773488012,-0.5773487982,3.41917e-09,-0.001433096183,-0.001433096177,1.49722e-09,-0.001144718382,-0.001144718328,1.33856e-08
0.0095,-0.577884428,-0.577884425,3.42768e-09,-0.001427320016,-0.00142732001,1.49834e-09,-0.001138696453,-0.001138696399,1.34112e-08
0.00951,-0.5784195653,-0.5784195623,3.43497e-09,-0.001421538496,-0.00142153849,1.49895e-09,-0.001132669738,-0.001132669684,1.34383e-08
0.00952,-0.5789542133,-0.5789542103,3.45266e-09,-0.001415751626,-0.00141575162,1.50423e-09,-0.001126638242,-0.001126638187,1.34684e-08
0.00953,-0.5794883721,-0.5794883691,3.4688e-09,-0.001409959413,-0.001409959407,1.50902e-09,-0.001120601968,-0.001120601913,1.34993e-08
0.00954,-0.580022042,-0.580022039,3.48281e-09,-0.001404161861,-0.001404161855,1.51313e-09,-0.001114560922,-0.001114560867,1.35304e-08
0.00955,-0.5805552232,-0.5805552202,3.49422e-09,-0.001398358974,-0.001398358968,1.51641e-09,-0.001108515109,-0.001108515054,1.35614e-08
0.00956,-0.5810879158,-0.5810879128,3.50267e-09,-0.001392550758,-0.001392550752,1.51872e-09,-0.001102464533,-0.001102464477,1.35918e-08
0.00957,-0.5816201201,-0.5816201171,3.50789e-09,-0.001386737217,-0.001386737211,1.51998e-09,-0.001096409199,-0.001096409143,1.36212e-08
0.00958,-0.5821518362,-0.5821518332,3.50969e-09,-0.001380918357,-0.001380918351,1.52009e-09,-0.001090349111,-0.001090349055,1.36493e-08
0.00959,-0.5826830645,-0.5826830615,3.50794e-09,-0.001375094182,-0.001375094176,1.51902e-09,-0.001084284275,-0.001084284219,1.36757e-08
0.0096,-0.583213805,-0.583213802,3.50258e-09,-0.001369264698,-0.001369264691,1.51673e-09,-0.001078214694,-0.001078214639,1.37002e-08
0.00961,-0.583744058,-0.583744055,3.4936e-09,-0.001363429908,-0.001363429902,1.51318e-09,-0.001072140375,-0.001072140319,1.37224e-08
0.00962,-0.5842738238,-0.5842738208,3.48102e-09,-0.001357589818,-0.001357589812,1.50836e-09,-0.00106606132,-0.001066061264,1.37421e-08
0.00963,-0.5848031024,-0.5848030994,3.46491e-09,-0.001351744433,-0.001351744427,1.50228e-09,-0.001059977536,-0.001059977479,1.3759e-08
0.00964,-0.5853318941,-0.5853318912,3.44534e-09,-0.001345893758,-0.001345893752,1.49492e-09,-0.001053889026,-0.001053888969,1.37731e-08
0.00965,-0.5858601992,-0.5858601963,3.4224e-09,-0.001340037797,-0.001340037791,1.48628e-09,-0.001047795795,-0.001047795739,1.3784e-08
0.00966,-0.5863880178,-0.5863880149,3.39617e-09,-0.001334176555,-0.001334176549,1.47636e-09,-0.001041697848,-0.001041697792,1.37917e-08
0.00967,-0.5869153502,-0.5869153473,3.36671e-09,-0.001328310038,-0.001328310032,1.46512e-09,-0.001035595189,-0.001035595133,1.37961e-08
0.00968,-0.5874421966,-0.5874421937,3.33659e-09,-0.00132243825,-0.001322438244,1.45365e-09,-0.001029487824,-0.001029487768,1.37975e-08
0.00969,-0.5879685572,-0.5879685543,3.31663e-09,-0.001316561196,-0.00131656119,1.4466e-09,-0.001023375757,-0.0010233757,1.37973e-08
0.0097,-0.5884944321,-0.5884944293,3.2973e-09,-0.001310678881,-0.001310678875,1.43977e-09,-0.001017258991,-0.001017258935,1.37943e-08
0.00971,-0.5890198217,-0.5890198189,3.27897e-09,-0.001304791309,-0.001304791303,1.43329e-09,-0.001011137533,-0.001011137477,1.37885e-08
0.00972,-0.5895447262,-0.5895447234,3.262e-09,-0.001298898486,-0.00129889848,1.42725e-09,-0.001005011387,-0.001005011331,1.37801e-08
0.00973,-0.5900691457,-0.5900691429,3.24668e-09,-0.001293000416,-0.00129300041,1.42174e-09,-0.0009988805564,-0.0009988805003,1.37694e-08
0.00974,-0.5905930805,-0.5905930777,3.23326e-09,-0.001287097105,-0.001287097099,1.41684e-09,-0.0009927450469,-0.0009927449909,1.37565e-08
0.00975,-0.5911165308,-0.5911165281,3.22193e-09,-0.001281188556,-0.00128118855,1.41259e-09,-0.0009866048628,-0.0009866048068,1.37417e-08
0.00976,-0.5916394969,-0.5916394942,3.2128e-09,-0.001275274776,-0.00127527477,1.40902e-09,-0.0009804600087,-0.0009804599528,1.37254e-08
0.00977,-0.592161979,-0.5921619762,3.20591e-09,-0.001269355768,-0.001269355762,1.40611e-09,-0.0009743104892,-0.0009743104334,1.3708e-08
0.00978,-0.5926839772,-0.5926839744,3.20119e-09,-0.001263431538,-0.001263431532,1.40383e-09,-0.0009681563089,-0.0009681562531,1.36898e-08
0.00979,-0.5932054918,-0.5932054891,3.19848e-09,-0.00125750209,-0.001257502084,1.40212e-09,-0.0009619974723,-0.0009619974166,1.36714e-08
0.0098,-0.5937265231,-0.5937265204,3.19753e-09,-0.001251567429,-0.001251567424,1.40085e-09,-0.000955833984,-0.0009558339284,1.36533e-08
0.00981,-0.5942470713,-0.5942470685,3.19794e-09,-0.001245627561,-0.001245627555,1.39988e-09,-0.0009496658487,-0.0009496657931,1.36361e-08
0.00982,-0.5947671365,-0.5947671338,3.19919e-09,-0.00123968249,-0.001239682484,1.39902e-09,-0.0009434930707,-0.0009434930152,1.36203e-08
0.00983,-0.5952867191,-0.5952867164,3.20064e-09,-0.00123373222,-0.001233732214,1.39802e-09,-0.0009373156548,-0.0009373155993,1.36067e-08
0.00984,-0.5958058193,-0.5958058166,3.20148e-09,-0.001227776757,-0.001227776751,1.39659e-09,-0.0009311336054,-0.00093113355,1.35961e-08
0.00985,-0.5963244373,-0.5963244345,3.20366e-09,-0.001221816105,-0.0012218161,1.39564e-09,-0.0009249469271,-0.0009249468717,1.35894e-08
0.00986,-0.5968425733,-0.5968425705,3.21497e-09,-0.00121585027,-0.001215850264,1.39864e-09,-0.0009187556244,-0.000918755569,1.35888e-08
0.00987,-0.5973602276,-0.5973602248,3.2258e-09,-0.001209879255,-0.00120987925,1.40152e-09,-0.0009125597019,-0.0009125596465,1.35941e-08
0.00988,-0.5978774004,-0.5978773976,3.23511e-09,-0.001203903067,-0.001203903061,1.40394e-09,-0.0009063591641,-0.0009063591087,1.36062e-08
0.00989,-0.5983940919,-0.5983940891,3.24167e-09,-0.001197921709,-0.001197921703,1.40551e-09,-0.0009001540155,-0.00090015396,1.36263e-08
0.0099,-0.5989103025,-0.5989102997,3.24245e-09,-0.001191935187,-0.001191935181,1.40528e-09,-0.0008939442607,-0.0008939442051,1.36538e-08
0.00991,-0.5994260322,-0.5994260295,3.20386e-09,-0.001185943505,-0.001185943499,1.39323e-09,-0.0008877299041,-0.0008877298486,1.36407e-08
0.00992,-0.5999412814,-0.5999412787,3.1778e-09,-0.001179946668,-0.001179946662,1.38486e-09,-0.0008815109503,-0.0008815108948,1.36342e-08
0.00993,-0.6004560503,-0.6004560476,3.16209e-09,-0.001173944681,-0.001173944675,1.37951e-09,-0.0008752874038,-0.0008752873483,1.36337e-08
0.00994,-0.6009703392,-0.6009703365,3.15468e-09,-0.001167937548,-0.001167937543,1.37655e-09,-0.0008690592691,-0.0008690592135,1.36386e-08
0.00995,-0.6014841483,-0.6014841456,3.1537e-09,-0.001161925276,-0.00116192527,1.37541e-09,-0.0008628265506,-0.000862826495,1.36484e-08
0.00996,-0.6019974778,-0.601997475,3.15741e-09,-0.001155907867,-0.001155907861,1.37555e-09,-0.0008565892529,-0.0008565891973,1.36625e-08
0.00997,-0.6025103279,-0.6025103252,3.16422e-09,-0.001149885328,-0.001149885322,1.37646e-09,-0.0008503473805,-0.0008503473248,1.36803e-08
0.00998,-0.603022699,-0.6030226963,3.17267e-09,-0.001143857662,-0.001143857656,1.37769e-09,-0.0008441009378,-0.0008441008819,1.37014e-08
0.00999,-0.6035345912,-0.6035345885,3.18142e-09,-0.001137824875,-0.00113782487,1.37881e-09,-0.0008378499293,-0.0008378498733,1.37251e-08
0.01,-0.6040460049,-0.6040460022,3.18923e-09,-0.001131786972,-0.001131786966,1.37941e-09,-0.0008315943594,-0.0008315943034,1.37509e-08
0.01001,-0.6045569402,-0.6045569375,3.19499e-09,-0.001125743957,-0.001125743951,1.37912e-09,-0.0008253342327,-0.0008253341766,1.37784e-08
0.01002,-0.6050673975,-0.6050673947,3.20091e-09,-0.001119695835,-0.001119695829,1.379e-09,-0.0008190695536,-0.0008190694974,1.38073e-08
0.01003,-0.6055773769,-0.6055773741,3.21325e-09,-0.00111364261,-0.001113642605,1.38183e-09,-0.0008128003266,-0.0008128002702,1.38379e-08
0.01004,-0.6060868787,-0.606086876,3.22396e-09,-0.001107584289,-0.001107584283,1.3842e-09,-0.000806526556,-0.0008065264995,1.3869e-08
0.01005,-0.6065959032,-0.6065959004,3.23263e-09,-0.001101520874,-0.001101520869,1.38598e-09,-0.0008002482465,-0.0008002481898,1.39002e-08
0.01006,-0.6071044506,-0.6071044479,3.23894e-09,-0.001095452372,-0.001095452367,1.38707e-09,-0.0007939654023,-0.0007939653455,1.39311e-08
0.01007,-0.6076125212,-0.6076125184,3.24264e-09,-0.001089378787,-0.001089378781,1.38738e-09,-0.0007876780279,-0.000787677971,1.39613e-08
0.01008,-0.6081201152,-0.6081201125,3.24356e-09,-0.001083300124,-0.001083300118,1.38687e-09,-0.0007813861278,-0.0007813860708,1.39904e-08
0.01009,-0.6086272329,-0.6086272302,3.24158e-09,-0.001077216386,-0.001077216381,1.38548e-09,-0.0007750897064,-0.0007750896493,1.40182e-08
0.0101,-0.6091338746,-0.6091338718,3.23664e-09,-0.00107112758,-0.001071127575,1.38318e-09,-0.0007687887681,-0.0007687887109,1.40442e-08
0.01011,-0.6096400404,-0.6096400376,3.22871e-09,-0.001065033711,-0.001065033705,1.37994e-09,-0.0007624833173,-0.00076248326,1.40684e-08
0.01012,-0.6101457307,-0.6101457279,3.21783e-09,-0.001058934781,-0.001058934776,1.37576e-09,-0.0007561733585,-0.0007561733011,1.40903e-08
0.01013,-0.6106509457,-0.6106509429,3.20403e-09,-0.001052830798,-0.001052830792,1.37063e-09,-0.000749858896,-0.0007498588385,1.41097e-08
0.01014,-0.6111556857,-0.6111556829,3.18739e-09,-0.001046721764,-0.001046721758,1.36454e-09,-0.0007435399343,-0.0007435398767,1.41266e-08
0.01015,-0.6116599508,-0.6116599481,3.16799e-09,-0.001040607685,-0.00104060768,1.35748e-09,-0.0007372164777,-0.00073721642,1.41406e-08
0.01016,-0.6121637415,-0.6121637388,3.14592e-09,-0.001034488567,-0.001034488561,1.34946e-09,-0.0007308885306,-0.0007308884729,1.41516e-08
0.01017,-0.612667058,-0.6126670553,3.12126e-09,-0.001028364412,-0.001028364407,1.34046e-09,-0.0007245560974,-0.0007245560397,1.41597e-08
0.01018,-0.6131699004,-0.6131698978,3.09408e-09,-0.001022235227,-0.001022235222,1.33047e-09,-0.0007182191825,-0.0007182191248,1.41646e-08
0.01019,-0.6136722691,-0.6136722665,3.06798e-09,-0.001016101016,-0.00101610101,1.32098e-09,-0.0007118777904,-0.0007118777326,1.41666e-08
0.0102,-0.6141741644,-0.6141741618,3.04872e-09,-0.001009961783,-0.001009961778,1.31442e-09,-0.0007055319252,-0.0007055318675,1.41663e-08
0.01021,-0.6146755865,-0.6146755839,3.03006e-09,-0.001003817534,-0.001003817529,1.30806e-09,-0.0006991815915,-0.0006991815338,1.41632e-08
0.01022,-0.6151765357,-0.6151765331,3.0123e-09,-0.0009976682731,-0.0009976682678,1.30198e-09,-0.0006928267936,-0.0006928267359,1.41573e-08
0.01023,-0.6156770122,-0.6156770096,2.99574e-09,-0.000991514005,-0.0009915139997,1.29625e-09,-0.0006864675358,-0.0006864674782,1.41488e-08
0.01024,-0.6161770163,-0.6161770137,2.9806e-09,-0.0009853547345,-0.0009853547292,1.29095e-09,-0.0006801038225,-0.0006801037649,1.41379e-08
0.01025,-0.6166765482,-0.6166765457,2.9671e-09,-0.0009791904663,-0.0009791904611,1.28611e-09,-0.000673735658,-0.0006737356005,1.41248e-08
0.01026,-0.6171756084,-0.6171756058,2.95539e-09,-0.0009730212051,-0.0009730211999,1.28178e-09,-0.0006673630468,-0.0006673629893,1.41098e-08
0.01027,-0.6176741969,-0.6176741944,2.94556e-09,-0.0009668469557,-0.0009668469505,1.27797e-09,-0.000660985993,-0.0006609859356,1.40932e-08
0.01028,-0.6181723141,-0.6181723116,2.93765e-09,-0.0009606677228,-0.0009606677176,1.27466e-09,-0.0006546045011,-0.0006546044438,1.40755e-08
0.01029,-0.6186699603,-0.6186699578,2.9316e-09,-0.0009544835111,-0.0009544835059,1.27183e-09,-0.0006482185754,-0.0006482185181,1.4057e-08
0.0103,-0.6191671357,-0.6191671332,2.92731e-09,-0.0009482943252,-0.00094829432,1.26943e-09,-0.0006418282202,-0.000641828163,1.40382e-08
0.01031,-0.6196638406,-0.6196638381,2.92455e-09,-0.0009421001699,-0.0009421001648,1.26736e-09,-0.0006354334398,-0.0006354333827,1.40195e-08
0.01032,-0.6201600752,-0.6201600727,2.92302e-09,-0.00093590105,-0.0009359010448,1.26552e-09,-0.0006290342385,-0.0006290341815,1.40017e-08
0.01033,-0.6206558399,-0.6206558374,2.92232e-09,-0.00092969697,-0.0009296969649,1.26375e-09,-0.0006226306207,-0.0006226305638,1.39853e-08
0.01034,-0.6211511349,-0.6211511324,2.92193e-09,-0.0009234879348,-0.0009234879296,1.26188e-09,-0.0006162225907,-0.0006162225338,1.3971e-08
0.01035,-0.6216459605,-0.621645958,2.92121e-09,-0.0009172739489,-0.0009172739438,1.25968e-09,-0.0006098101527,-0.0006098100958,1.39595e-08
0.01036,-0.622140317,-0.6221403145,2.92319e-09,-0.0009110550171,-0.000911055012,1.25852e-09,-0.0006033933111,-0.0006033932542,1.3952e-08
0.01037,-0.6226342047,-0.6226342021,2.93142e-09,-0.0009048311442,-0.000904831139,1.26e-09,-0.0005969720701,-0.0005969720132,1.39495e-08
0.01038,-0.6231276237,-0.6231276212,2.9395e-09,-0.0008986023346,-0.0008986023295,1.26146e-09,-0.000590546434,-0.0005905463771,1.39526e-08
0.01039,-0.6236205744,-0.6236205719,2.94656e-09,-0.0008923685933,-0.0008923685881,1.26267e-09,-0.0005841164071,-0.0005841163502,1.39623e-08
0.0104,-0.6241130572,-0.6241130546,2.95166e-09,-0.0008861299247,-0.0008861299196,1.26334e-09,-0.0005776819938,-0.0005776819368,1.39797e-08
0.01041,-0.6246050722,-0.6246050696,2.95367e-09,-0.0008798863337,-0.0008798863286,1.26314e-09,-0.0005712431981,-0.0005712431411,1.40059e-08
0.01042,-0.6250966197,-0.6250966172,2.92969e-09,-0.0008736378249,-0.0008736378198,1.25605e-09,-0.0005648000245,-0.0005647999674,1.40094e-08
0.01043,-0.6255877,-0.6255876975,2.90096e-09,-0.0008673844029,-0.0008673843978,1.24765e-09,-0.0005583524772,-0.0005583524202,1.40008e-08
0.01044,-0.6260783134,-0.626078311,2.88171e-09,-0.0008611260725,-0.0008611260674,1.24165e-09,-0.0005519005604,-0.0005519005034,1.39981e-08
0.01045,-0.6265684603,-0.6265684578,2.87019e-09,-0.0008548628382,-0.0008548628332,1.23759e-09,-0.0005454442784,-0.0005454442214,1.40008e-08
0.01046,-0.6270581407,-0.6270581383,2.86481e-09,-0.0008485947049,-0.0008485946998,1.23502e-09,-0.0005389836355,-0.0005389835784,1.40085e-08
0.01047,-0.6275473552,-0.6275473527,2.86407e-09,-0.000842321677,-0.000842321672,1.23355e-09,-0.0005325186358,-0.0005325185787,1.40207e-08
0.01048,-0.6280361038,-0.6280361013,2.86662e-09,-0.0008360437593,-0.0008360437543,1.23278e-09,-0.0005260492837,-0.0005260492265,1.40367e-08
0.01049,-0.628524387,-0.6285243845,2.87117e-09,-0.0008297609565,-0.0008297609515,1.23236e-09,-0.0005195755833,-0.000519575526,1.40563e-08
0.0105,-0.6290122049,-0.6290122025,2.87658e-09,-0.0008234732732,-0.0008234732681,1.23196e-09,-0.0005130975389,-0.0005130974815,1.40788e-08
0.01051,-0.629499558,-0.6294995555,2.88176e-09,-0.000817180714,-0.000817180709,1.23127e-09,-0.0005066151547,-0.0005066150972,1.41038e-08
0.01052,-0.6299864464,-0.6299864439,2.88574e-09,-0.0008108832836,-0.0008108832786,1.22998e-09,-0.0005001284349,-0.0005001283774,1.41309e-08
0.01053,-0.6304728704,-0.630472868,2.89155e-09,-0.0008045809866,-0.0008045809816,1.2295e-09,-0.0004936373838,-0.0004936373261,1.41598e-08
0.01054,-0.6309588305,-0.630958828,2.90167e-09,-0.0007982738277,-0.0007982738227,1.23099e-09,-0.0004871420055,-0.0004871419477,1.41902e-08
0.01055,-0.6314443267,-0.6314443242,2.91071e-09,-0.0007919618116,-0.0007919618065,1.23222e-09,-0.0004806423043,-0.0004806422464,1.42215e-08
0.01056,-0.6319293595,-0.631929357,2.91826e-09,-0.0007856449428,-0.0007856449377,1.23308e-09,-0.0004741382844,-0.0004741382263,1.42532e-08
0.01057,-0.632413929,-0.6324139265,2.92401e-09,-0.000779323226,-0.0007793232209,1.23348e-09,-0.0004676299499,-0.0004676298917,1.4285e-08
0.01058,-0.6328980357,-0.6328980332,2.92768e-09,-0.0007729966658,-0.0007729966607,1.23335e-09,-0.000461117305,-0.0004611172467,1.43165e-08
0.01059,-0.6333816798,-0.6333816773,2.92908e-09,-0.0007666652668,-0.0007666652618,1.23262e-09,-0.000454600354,-0.0004546002955,1.43473e-08
0.0106,-0.6338648615,-0.633864859,2.92807e-09,-0.0007603290337,-0.0007603290287,1.23124e-09,-0.000448079101,-0.0004480790424,1.43771e-08
0.01061,-0.6343475812,-0.6343475787,2.92453e-09,-0.0007539879712,-0.0007539879661,1.22918e-09,-0.0004415535502,-0.0004415534915,1.44055e-08
0.01062,-0.6348298392,-0.6348298367,2.91841e-09,-0.0007476420837,-0.0007476420787,1.22641e-09,-0.0004350237057,-0.0004350236469,1.44324e-08
0.01063,-0.6353116357,-0.6353116332,2.90969e-09,-0.0007412913759,-0.000741291371,1.22289e-09,-0.0004284895718,-0.0004284895129,1.44574e-08
0.01064,-0.6357929711,-0.6357929686,2.89836e-09,-0.0007349358525,-0.0007349358476,1.2186e-09,-0.0004219511526,-0.0004219510936,1.44802e-08
0.01065,-0.6362738456,-0.6362738431,2.88445e-09,-0.0007285755181,-0.0007285755131,1.21354e-09,-0.0004154084522,-0.0004154083931,1.45007e-08
0.01066,-0.6367542596,-0.6367542571,2.868e-09,-0.0007222103772,-0.0007222103723,1.20767e-09,-0.0004088614749,-0.0004088614157,1.45187e-08
0.01067,-0.6372342133,-0.6372342108,2.84906e-09,-0.0007158404344,-0.0007158404295,1.20099e-09,-0.0004023102247,-0.0004023101655,1.4534e-08
0.01068,-0.637713707,-0.6377137045,2.82767e-09,-0.0007094656945,-0.0007094656896,1.19346e-09,-0.0003957547058,-0.0003957546465,1.45465e-08
0.01069,-0.638192741,-0.6381927386,2.8039e-09,-0.0007030861618,-0.000703086157,1.18508e-09,-0.0003891949224,-0.000389194863,1.4556e-08
0.0107,-0.6386713156,-0.6386713132,2.78186e-09,-0.0006967018412,-0.0006967018364,1.17752e-09,-0.0003826308785,-0.0003826308192,1.45627e-08
0.01071,-0.6391494312,-0.6391494288,2.76387e-09,-0.0006903127371,-0.0006903127323,1.17174e-09,-0.0003760625784,-0.000376062519,1.45666e-08
0.01072,-0.639627088,-0.6396270856,2.746e-09,-0.0006839188541,-0.0006839188494,1.16601e-09,-0.000369490026,-0.0003694899667,1.45676e-08
0.01073,-0.6401042863,-0.6401042839,2.72851e-09,-0.0006775201969,-0.0006775201921,1.16039e-09,-0.0003629132257,-0.0003629131664,1.45658e-08
0.01074,-0.6405810264,-0.640581024,2.71165e-09,-0.0006711167699,-0.0006711167652,1.15494e-09,-0.0003563321814,-0.0003563321221,1.45611e-08
0.01075,-0.6410573086,-0.6410573062,2.69565e-09,-0.0006647085779,-0.0006647085732,1.1497e-09,-0.0003497468974,-0.0003497468381,1.45537e-08
0.01076,-0.6415331332,-0.6415331309,2.6807e-09,-0.0006582956253,-0.0006582956207,1.14473e-09,-0.0003431573776,-0.0003431573183,1.45438e-08
0.01077,-0.6420085005,-0.6420084982,2.66697e-09,-0.0006518779168,-0.0006518779121,1.14005e-09,-0.0003365636262,-0.000336563567,1.45317e-08
0.01078,-0.6424834108,-0.6424834085,2.65459e-09,-0.0006454554569,-0.0006454554522,1.13567e-09,-0.0003299656474,-0.0003299655882,1.45174e-08
0.01079,-0.6429578644,-0.6429578622,2.64363e-09,-0.0006390282501,-0.0006390282455,1.1316e-09,-0.0003233634451,-0.000323363386,1.45014e-08
0.0108,-0.6434318617,-0.6434318594,2.63412e-09,-0.0006325963011,-0.0006325962965,1.12784e-09,-0.0003167570235,-0.0003167569645,1.4484e-08
0.01081,-0.6439054028,-0.6439054006,2.62605e-09,-0.0006261596144,-0.0006261596099,1.12434e-09,-0.0003101463867,-0.0003101463278,1.44656e-08
0.01082,-0.6443784882,-0.6443784859,2.61932e-09,-0.0006197181946,-0.00061971819,1.12108e-09,-0.0003035315388,-0.0003035314799,1.44465e-08
0.01083,-0.644851118,-0.6448511158,2.61378e-09,-0.0006132720462,-0.0006132720417,1.11799e-09,-0.0002969124838,-0.000296912425,1.44274e-08
0.01084,-0.6453232927,-0.6453232905,2.60921e-09,-0.0006068211738,-0.0006068211692,1.11497e-09,-0.0002902892258,-0.0002902891671,1.44087e-08
0.01085,-0.6457950125,-0.6457950103,2.60528e-09,-0.0006003655819,-0.0006003655774,1.11192e-09,-0.0002836617688,-0.0002836617102,1.4391e-08
0.01086,-0.6462662778,-0.6462662755,2.60161e-09,-0.0005939052751,-0.0005939052705,1.1087e-09,-0.000277030117,-0.0002770300585,1.4375e-08
0.01087,-0.6467370888,-0.6467370865,2.6019e-09,-0.0005874402579,-0.0005874402533,1.10693e-09,-0.0002703942744,-0.0002703942159,1.43615e-08
0.01088,-0.6472074458,-0.6472074435,2.60696e-09,-0.0005809705348,-0.0005809705303,1.10699e-09,-0.0002637542451,-0.0002637541866,1.43513e-08
0.01089,-0.6476773491,-0.6476773469,2.61282e-09,-0.0005744961105,-0.000574496106,1.10729e-09,-0.000257110033,-0.0002571099745,1.4345e-08
0.0109,-0.6481467991,-0.6481467969,2.61893e-09,-0.0005680169894,-0.0005680169849,1.10768e-09,-0.0002504616423,-0.0002504615838,1.43437e-08
0.01091,-0.6486157961,-0.6486157938,2.62469e-09,-0.000561533176,-0.0005615331715,1.10801e-09,-0.0002438090769,-0.0002438090185,1.43481e-08
0.01092,-0.6490843403,-0.649084338,2.62938e-09,-0.000555044675,-0.0005550446705,1.1081e-09,-0.000237152341,-0.0002371522825,1.43595e-08
0.01093,-0.6495524321,-0.6495524298,2.63216e-09,-0.0005485514908,-0.0005485514862,1.10772e-09,-0.0002304914386,-0.00023049138,1.43787e-08
0.01094,-0.6500200717,-0.6500200695,2.63211e-09,-0.0005420536279,-0.0005420536234,1.10664e-09,-0.0002238263736,-0.0002238263149,1.44069e-08
0.01095,-0.6504872596,-0.6504872573,2.6067e-09,-0.0005355510909,-0.0005355510864,1.10002e-09,-0.0002171571501,-0.0002171570914,1.44062e-08
0.01096,-0.6509539959,-0.6509539937,2.58116e-09,-0.0005290438842,-0.0005290438798,1.09326e-09,-0.0002104837721,-0.0002104837135,1.43986e-08
0.01097,-0.6514202811,-0.6514202789,2.56321e-09,-0.0005225320125,-0.000522532008,1.08802e-09,-0.0002038062437,-0.000203806185,1.43967e-08
0.01098,-0.6518861153,-0.6518861131,2.55143e-09,-0.0005160154801,-0.0005160154757,1.08395e-09,-0.0001971245688,-0.0001971245101,1.44e-08
0.01099,-0.652351499,-0.6523514968,2.54451e-09,-0.0005094942917,-0.0005094942873,1.08076e-09,-0.0001904387514,-0.0001904386927,1.44081e-08
0.011,-0.6528164324,-0.6528164302,2.54121e-09,-0.0005029684517,-0.0005029684473,1.07816e-09,-0.0001837487957,-0.0001837487369,1.44205e-08
0.01101,-0.6532809158,-0.6532809136,2.5404e-09,-0.0004964379645,-0.0004964379602,1.07588e-09,-0.0001770547054,-0.0001770546466,1.44369e-08
0.01102,-0.6537449496,-0.6537449474,2.54102e-09,-0.0004899028348,-0.0004899028305,1.07365e-09,-0.0001703564847,-0.0001703564258,1.44566e-08
0.01103,-0.6542085341,-0.6542085319,2.54208e-09,-0.0004833630671,-0.0004833630627,1.07124e-09,-0.0001636541375,-0.0001636540785,1.44794e-08
0.01104,-0.6546716695,-0.6546716673,2.54692e-09,-0.0004768186657,-0.0004768186613,1.07018e-09,-0.0001569476678,-0.0001569476087,1.45049e-08
0.01105,-0.6551343562,-0.655134354,2.55532e-09,-0.0004702696352,-0.0004702696308,1.07051e-09,-0.0001502370796,-0.0001502370204,1.45325e-08
0.01106,-0.6555965945,-0.6555965923,2.56373e-09,-0.0004637159801,-0.0004637159757,1.07086e-09,-0.0001435223769,-0.0001435223175,1.4562e-08
0.01107,-0.6560583848,-0.6560583826,2.57168e-09,-0.0004571577048,-0.0004571577004,1.07113e-09,-0.0001368035635,-0.0001368035041,1.45928e-08
0.01108,-0.6565197272,-0.656519725,2.57874e-09,-0.0004505948139,-0.0004505948095,1.07122e-09,-0.0001300806436,-0.000130080584,1.46245e-08
0.01109,-0.6569806222,-0.65698062,2.58457e-09,-0.0004440273118,-0.0004440273074,1.07105e-09,-0.000123353621,-0.0001233535613,1.46569e-08
0.0111,-0.6574410701,-0.6574410679,2.58886e-09,-0.000437455203,-0.0004374551986,1.07054e-09,-0.0001166224998,-0.0001166224399,1.46894e-08
0.01111,-0.6579010711,-0.6579010689,2.59137e-09,-0.0004308784919,-0.0004308784875,1.06964e-09,-0.0001098872838,-0.0001098872238,1.47218e-08
0.01112,-0.6583606256,-0.6583606234,2.59189e-09,-0.000424297183,-0.0004242971787,1.06829e-09,-0.000103147977,-0.0001031479169,1.47537e-08
0.01113,-0.658819734,-0.6588197317,2.59027e-09,-0.0004177112809,-0.0004177112765,1.06644e-09,-9.640458335e-05,-9.640452311e-05,1.47848e-08
0.01114,-0.6592783964,-0.6592783942,2.58639e-09,-0.0004111207899,-0.0004111207855,1.06404e-09,-8.96571068e-05,-8.965704644e-05,1.48148e-08
0.01115,-0.6597366132,-0.659736611,2.58014e-09,-0.0004045257145,-0.0004045257101,1.06106e-09,-8.290555129e-05,-8.290549081e-05,1.48433e-08
0.01116,-0.6601943848,-0.6601943826,2.57148e-09,-0.0003979260591,-0.0003979260548,1.05745e-09,-7.614992073e-05,-7.614986014e-05,1.48702e-08
0.01117,-0.6606517115,-0.6606517093,2.56036e-09,-0.0003913218283,-0.000391321824,1.05319e-09,-6.939021905e-05,-6.939015836e-05,1.48951e-08
0.01118,-0.6611085935,-0.6611085913,2.54674e-09,-0.0003847130264,-0.0003847130221,1.04823e-09,-6.262645018e-05,-6.26263894e-05,1.49179e-08
0.01119,-0.6615650313,-0.6615650291,2.53063e-09,-0.0003780996579,-0.0003780996536,1.04254e-09,-5.585861803e-05,-5.585855717e-05,1.49383e-08
0.0112,-0.662021025,-0.6620210229,2.51202e-09,-0.0003714817272,-0.000371481723,1.03609e-09,-4.908672652e-05,-4.908666558e-05,1.49562e-08
0.01121,-0.6624765751,-0.662476573,2.49517e-09,-0.0003648592389,-0.0003648592347,1.03059e-09,-4.231077954e-05,-4.231071855e-05,1.49715e-08
0.01122,-0.6629316819,-0.6629316797,2.48006e-09,-0.0003582321972,-0.0003582321931,1.02601e-09,-3.553078102e-05,-3.553071997e-05,1.49839e-08
0.01123,-0.6633863456,-0.6633863434,2.4644e-09,-0.0003516006067,-0.0003516006026,1.02134e-09,-2.874673485e-05,-2.874667376e-05,1.49935e-08
0.01124,-0.6638405666,-0.6638405645,2.44838e-09,-0.0003449644718,-0.0003449644677,1.01661e-09,-2.195864492e-05,-2.19585838e-05,1.50002e-08
0.01125,-0.6642943452,-0.6642943431,2.43222e-09,-0.0003383237969,-0.0003383237928,1.01186e-09,-1.516651512e-05,-1.516645399e-05,1.5004e-08
0.01126,-0.6647476817,-0.6647476796,2.41612e-09,-0.0003316785864,-0.0003316785823,1.00712e-09,-8.370349345e-06,-8.37028821e-06,1.50048e-08
0.01127,-0.6652005765,-0.6652005744,2.40026e-09,-0.0003250288448,-0.0003250288407,1.00243e-09,-1.570151476e-06,-1.570090349e-06,1.50028e-08
0.01128,-0.6656530298,-0.6656530278,2.38483e-09,-0.0003183745764,-0.0003183745723,9.97796e-10,5.23407461e-06,5.234135717e-06,1.4998e-08
0.01129,-0.6661050421,-0.66610504,2.36996e-09,-0.0003117157857,-0.0003117157816,9.93246e-10,1.204232504e-05,1.204238611e-05,1.49905e-08
0.0113,-0.6665566135,-0.6665566115,2.3558e-09,-0.000305052477,-0.000305052473,9.88788e-10,1.885459594e-05,1.885465697e-05,1.49805e-08
0.01131,-0.6670077445,-0.6670077425,2.34243e-09,-0.0002983846549,-0.0002983846509,9.84424e-10,2.567088345e-05,2.567094443e-05,1.49682e-08
0.01132,-0.6674584353,-0.6674584333,2.32994e-09,-0.0002917123236,-0.0002917123196,9.80147e-10,3.24911837e-05,3.249124463e-05,1.49539e-08
0.01133,-0.6679086863,-0.6679086843,2.31834e-09,-0.0002850354877,-0.0002850354837,9.75939e-10,3.931549284e-05,3.93155537e-05,1.49378e-08
0.01134,-0.6683584978,-0.6683584958,2.30763e-09,-0.0002783541514,-0.0002783541474,9.71773e-10,4.614380701e-05,4.61438678e-05,1.49203e-08
0.01135,-0.6688078701,-0.6688078681,2.29775e-09,-0.0002716683192,-0.0002716683152,9.67606e-10,5.297612238e-05,5.297618309e-05,1.49017e-08
0.01136,-0.6692568035,-0.6692568016,2.28859e-09,-0.0002649779954,-0.0002649779915,9.63387e-10,5.981243508e-05,5.981249572e-05,1.48825e-08
0.01137,-0.6697052984,-0.6697052965,2.27997e-09,-0.0002582831846,-0.0002582831807,9.59046e-10,6.665274129e-05,6.665280184e-05,1.48631e-08
0.01138,-0.6701533551,-0.6701533532,2.27596e-09,-0.0002515838909,-0.000251583887,9.56264e-10,7.349703716e-05,7.349709764e-05,1.4844e-08
0.01139,-0.6706009739,-0.670600972,2.27566e-09,-0.0002448801189,-0.0002448801151,9.54695e-10,8.034531886e-05,8.034537927e-05,1.48259e-08
0.0114,-0.6710481551,-0.6710481532,2.27686e-09,-0.0002381718729,-0.0002381718691,9.53456e-10,8.719758258e-05,8.719764291e-05,1.48093e-08
0.01141,-0.6714948991,-0.6714948972,2.27934e-09,-0.0002314591573,-0.0002314591534,9.525e-10,9.405382447e-05,9.405388475e-05,1.4795e-08
0.01142,-0.6719412062,-0.6719412042,2.28282e-09,-0.0002247419764,-0.0002247419726,9.51764e-10,0.0001009140407,0.000100914101,1.47836e-08
0.01143,-0.6723870767,-0.6723870747,2.28695e-09,-0.0002180203347,-0.0002180203308,9.51173e-10,0.0001077782275,0.0001077782877,1.4776e-08
0.01144,-0.6728325109,-0.6728325089,2.29131e-09,-0.0002112942364,-0.0002112942325,9.50635e-10,0.0001146463811,0.0001146464413,1.4773e-08
0.01145,-0.6732775091,-0.6732775071,2.2954e-09,-0.0002045636859,-0.0002045636821,9.50042e-10,0.0001215184976,0.0001215185578,1.47755e-08
0.01146,-0.6737220717,-0.6737220698,2.29863e-09,-0.0001978286877,-0.0001978286838,9.49268e-10,0.0001283945732,0.0001283946334,1.47846e-08
0.01147,-0.6741661991,-0.6741661971,2.30035e-09,-0.000191089246,-0.0001910892421,9.48168e-10,0.0001352746041,0.0001352746644,1.48011e-08
0.01148,-0.6746098914,-0.6746098895,2.29981e-09,-0.0001843453652,-0.0001843453613,9.4658e-10,0.0001421585866,0.000142158647,1.48262e-08
0.01149,-0.6750531491,-0.6750531472,2.28792e-09,-0.0001775970496,-0.0001775970458,9.43091e-10,0.0001490465168,0.0001490465773,1.48453e-08
0.0115,-0.6754959725,-0.6754959706,2.26071e-09,-0.0001708443036,-0.0001708442998,9.37112e-10,0.000155938391,0.0001559384515,1.48355e-08
0.01151,-0.675938362,-0.67593836,2.23998e-09,-0.0001640871316,-0.0001640871278,9.31897e-10,0.0001628342054,0.0001628342658,1.48313e-08
0.01152,-0.6763803177,-0.6763803158,2.2245e-09,-0.0001573255379,-0.0001573255341,9.27235e-10,0.0001697339561,0.0001697340166,1.48325e-08
0.01153,-0.6768218401,-0.6768218382,2.21314e-09,-0.0001505595267,-0.0001505595229,9.22922e-10,0.0001766376395,0.0001766377,1.48385e-08
0.01154,-0.6772629295,-0.6772629276,2.20483e-09,-0.0001437891025,-0.0001437890988,9.18763e-10,0.0001835452518,0.0001835453123,1.48491e-08
0.01155,-0.6777035862,-0.6777035843,2.20284e-09,-0.0001370142696,-0.0001370142658,9.16311e-10,0.0001904567892,0.0001904568497,1.48636e-08
0.01156,-0.6781438105,-0.6781438087,2.20512e-09,-0.0001302350322,-0.0001302350285,9.14933e-10,0.0001973722479,0.0001973723085,1.48817e-08
0.01157,-0.6785836029,-0.678583601,2.20933e-09,-0.0001234513948,-0.0001234513911,9.13846e-10,0.0002042916241,0.0002042916849,1.49031e-08
0.01158,-0.6790229635,-0.6790229616,2.21484e-09,-0.0001166633616,-0.0001166633579,9.12955e-10,0.0002112149142,0.0002112149751,1.49274e-08
0.01159,-0.6794618927,-0.6794618908,2.2211e-09,-0.000109870937,-0.0001098709333,9.12173e-10,0.0002181421144,0.0002181421754,1.49541e-08
0.0116,-0.679900391,-0.679900389,2.2276e-09,-0.0001030741252,-0.0001030741215,9.11417e-10,0.0002250732209,0.000225073282,1.49828e-08
0.01161,-0.6803384584,-0.6803384565,2.23388e-09,-9.627293064e-05,-9.627292693e-05,9.10614e-10,0.00023200823,0.0002320082912,1.50132e-08
0.01162,-0.6807760955,-0.6807760936,2.23956e-09,-8.946735752e-05,-8.946735381e-05,9.09696e-10,0.000238947138,0.0002389471993,1.50449e-08
0.01163,-0.6812133026,-0.6812133007,2.24427e-09,-8.265741018e-05,-8.265740648e-05,9.08596e-10,0.0002458899411,0.0002458900025,1.50775e-08
0.01164,-0.6816500799,-0.681650078,2.24773e-09,-7.584309292e-05,-7.584308922e-05,9.07257e-10,0.0002528366356,0.0002528366972,1.51107e-08
0.01165,-0.6820864278,-0.6820864259,2.24965e-09,-6.902441003e-05,-6.902440634e-05,9.05621e-10,0.0002597872178,0.0002597872795,1.51441e-08
0.01166,-0.6825223467,-0.6825223447,2.24982e-09,-6.220136581e-05,-6.220136213e-05,9.03634e-10,0.0002667416839,0.0002667417457,1.51773e-08
0.01167,-0.6829578368,-0.6829578348,2.24804e-09,-5.537396454e-05,-5.537396087e-05,9.01244e-10,0.0002737000302,0.0002737000922,1.52101e-08
0.01168,-0.6833928985,-0.6833928965,2.24413e-09,-4.854221051e-05,-4.854220685e-05,8.984e-10,0.0002806622531,0.0002806623152,1.52421e-08
0.01169,-0.6838275321,-0.6838275302,2.23797e-09,-4.170610801e-05,-4.170610436e-05,8.95052e-10,0.0002876283488,0.0002876284111,1.52731e-08
0.0117,-0.684261738,-0.684261736,2.22943e-09,-3.48656613e-05,-3.486565767e-05,8.9115e-10,0.0002945983136,0.000294598376,1.53027e-08
0.01171,-0.6846955164,-0.6846955145,2.21841e-09,-2.802087468e-05,-2.802087106e-05,8.8664e-10,0.0003015721439,0.0003015722064,1.53307e-08
0.01172,-0.6851288678,-0.6851288659,2.20903e-09,-2.117175241e-05,-2.117174881e-05,8.83185e-10,0.0003085498359,0.0003085498984,1.53568e-08
0.01173,-0.6855617924,-0.6855617905,2.19971e-09,-1.431829876e-05,-1.431829517e-05,8.8011e-10,0.0003155313858,0.0003155314485,1.53807e-08
0.01174,-0.6859942906,-0.6859942887,2.18925e-09,-7.460517997e-06,-7.460514424e-06,8.76898e-10,0.0003225167902,0.0003225168529,1.54023e-08
0.01175,-0.6864263626,-0.6864263608,2.17776e-09,-5.984143851e-07,-5.984108252e-07,8.7356e-10,0.0003295060452,0.000329506108,1.54215e-08
0.01176,-0.686858009,-0.6868580071,2.16537e-09,6.268007819e-06,6.268011365e-06,8.70106e-10,0.0003364991472,0.0003364992101,1.5438e-08
0.01177,-0.6872892299,-0.687289228,2.15221e-09,1.313874436e-05,1.313874789e-05,8.66546e-10,0.0003434960924,0.0003434961554,1.54519e-08
0.01178,-0.6877200256,-0.6877200238,2.13842e-09,2.001379098e-05,2.00137945e-05,8.62891e-10,0.0003504968774,0.0003504969404,1.54629e-08
0.01179,-0.6881503967,-0.6881503948,2.12415e-09,2.689314344e-05,2.689314694e-05,8.59147e-10,0.0003575014983,0.0003575015613,1.54711e-08
0.0118,-0.6885803433,-0.6885803414,2.10952e-09,3.377679748e-05,3.377680097e-05,8.55318e-10,0.0003645099515,0.0003645100145,1.54763e-08
0.01181,-0.6890098657,-0.6890098639,2.09467e-09,4.066474887e-05,4.066475234e-05,8.51406e-10,0.0003715222333,0.0003715222964,1.54787e-08
0.01182,-0.6894389645,-0.6894389627,2.07971e-09,4.755699337e-05,4.755699682e-05,8.4741e-10,0.0003785383401,0.0003785384032,1.54781e-08
0.01183,-0.6898676397,-0.689867638,2.06476e-09,5.445352674e-05,5.445353017e-05,8.43322e-10,0.0003855582683,0.0003855583313,1.54748e-08
0.01184,-0.6902958919,-0.6902958901,2.0499e-09,6.135434474e-05,6.135434816e-05,8.39131e-10,0.0003925820142,0.0003925820772,1.54688e-08
0.01185,-0.6907237213,-0.6907237195,2.0352e-09,6.825944316e-05,6.825944656e-05,8.34821e-10,0.0003996095741,0.0003996096371,1.54601e-08
0.01186,-0.6911511282,-0.6911511265,2.02071e-09,7.516881775e-05,7.516882114e-05,8.30368e-10,0.0004066409444,0.0004066410073,1.54492e-08
0.01187,-0.6915781131,-0.6915781114,2.00646e-09,8.208246431e-05,8.208246767e-05,8.25742e-10,0.0004136761215,0.0004136761844,1.5436e-08
0.01188,-0.6920046762,-0.6920046744,1.99242e-09,8.90003786e-05,8.900038195e-05,8.20907e-10,0.0004207151018,0.0004207151646,1.54209e-08
0.01189,-0.6924308178,-0.6924308161,1.98271e-09,9.592255642e-05,9.592255975e-05,8.17495e-10,0.0004277578815,0.0004277579443,1.5404e-08
0.0119,-0.6928565383,-0.6928565366,1.97538e-09,0.0001028489935,0.0001028489969,8.14696e-10,0.0004348044572,0.0004348045199,1.53858e-08
0.01191,-0.6932818381,-0.6932818364,1.96949e-09,0.0001097796858,0.0001097796891,8.12114e-10,0.0004418548251,0.0004418548877,1.53665e-08
0.01192,-0.6937067174,-0.6937067157,1.96502e-09,0.0001167146289,0.0001167146322,8.09744e-10,0.0004489089817,0.0004489090442,1.53468e-08
0.01193,-0.6941311766,-0.6941311749,1.96196e-09,0.0001236538187,0.000123653822,8.07575e-10,0.0004559669233,0.0004559669858,1.5327e-08
0.01194,-0.694555216,-0.6945552143,1.96022e-09,0.000130597251,0.0001305972543,8.05591e-10,0.0004630286464,0.0004630287088,1.53076e-08
0.01195,-0.694978836,-0.6949788343,1.95968e-09,0.0001375449216,0.0001375449249,8.03766e-10,0.0004700941473,0.0004700942096,1.52893e-08
0.01196,-0.6954020369,-0.6954020352,1.9602e-09,0.0001444968263,0.0001444968296,8.0207e-10,0.0004771634225,0.0004771634847,1.52727e-08
0.01197,-0.6958248191,-0.6958248174,1.96155e-09,0.0001514529609,0.0001514529642,8.00461e-10,0.0004842364683,0.0004842365305,1.52584e-08
0.01198,-0.6962471827,-0.6962471811,1.96347e-09,0.0001584133213,0.0001584133245,7.98893e-10,0.0004913132812,0.0004913133433,1.52472e-08
0.01199,-0.6966691283,-0.6966691267,1.96565e-09,0.0001653779032,0.0001653779064,7.97307e-10,0.0004983938575,0.0004983939196,1.52398e-08
0.012,-0.6970906562,-0.6970906545,1.9677e-09,0.0001723467024,0.0001723467057,7.95637e-10,0.0005054781937,0.0005054782557,1.52371e-08
0.01201,-0.6975117666,-0.6975117649,1.96918e-09,0.0001793197149,0.0001793197181,7.93804e-10,0.0005125662862,0.0005125663482,1.52399e-08
0.01202,-0.6979324599,-0.6979324582,1.96959e-09,0.0001862969364,0.0001862969396,7.91722e-10,0.0005196581314,0.0005196581935,1.52494e-08
0.01203,-0.6983527364,-0.6983527347,1.96836e-09,0.0001932783627,0.0001932783659,7.89292e-10,0.0005267537257,0.0005267537879,1.52663e-08
0.01204,-0.6987725966,-0.6987725949,1.96484e-09,0.0002002639897,0.0002002639929,7.86403e-10,0.0005338530657,0.000533853128,1.52919e-08
0.01205,-0.6991920406,-0.6991920389,1.95326e-09,0.0002072538132,0.0002072538164,7.82616e-10,0.0005409561476,0.00054095621,1.53156e-08
0.01206,-0.6996110689,-0.6996110672,1.92975e-09,0.0002142478291,0.0002142478323,7.79047e-10,0.0005480629681,0.0005480630304,1.53054e-08
0.01207,-0.7000296818,-0.7000296801,1.91287e-09,0.0002212460332,0.0002212460364,7.76118e-10,0.0005551735234,0.0005551735857,1.53008e-08
0.01208,-0.7004478795,-0.7004478779,1.90104e-09,0.0002282484214,0.0002282484245,7.73487e-10,0.00056228781,0.0005622878724,1.53013e-08
0.01209,-0.7008656626,-0.700865661,1.89344e-09,0.0002352549894,0.0002352549926,7.71099e-10,0.0005694058245,0.0005694058869,1.53066e-08
0.0121,-0.7012830312,-0.7012830296,1.88933e-09,0.0002422657332,0.0002422657364,7.68905e-10,0.0005765275632,0.0005765276256,1.53164e-08
0.01211,-0.7016999858,-0.7016999841,1.88801e-09,0.0002492806486,0.0002492806518,7.66854e-10,0.0005836530227,0.0005836530851,1.53302e-08
0.01212,-0.7021165266,-0.702116525,1.88885e-09,0.0002562997315,0.0002562997347,7.649e-10,0.0005907821993,0.0005907822618,1.53478e-08
0.01213,-0.702532654,-0.7025326524,1.89126e-09,0.0002633229778,0.0002633229809,7.62997e-10,0.0005979150895,0.0005979151521,1.53686e-08
0.01214,-0.7029483683,-0.7029483667,1.8947e-09,0.0002703503832,0.0002703503863,7.61101e-10,0.0006050516899,0.0006050517526,1.53924e-08
0.01215,-0.70336367,-0.7033636683,1.89869e-09,0.0002773819438,0.0002773819469,7.59166e-10,0.0006121919968,0.0006121920596,1.54188e-08
0.01216,-0.7037785592,-0.7037785575,1.90278e-09,0.0002844176552,0.0002844176583,7.57148e-10,0.0006193360068,0.0006193360698,1.54474e-08
0.01217,-0.7041930363,-0.7041930347,1.90657e-09,0.0002914575136,0.0002914575166,7.55004e-10,0.0006264837164,0.0006264837794,1.54778e-08
0.01218,-0.7046071018,-0.7046071001,1.90967e-09,0.0002985015146,0.0002985015177,7.52689e-10,0.000633635122,0.0006336351852,1.55097e-08
0.01219,-0.7050207559,-0.7050207542,1.91177e-09,0.0003055496542,0.0003055496573,7.50155e-10,0.0006407902201,0.0006407902834,1.55427e-08
0.0122,-0.7054339989,-0.7054339972,1.91255e-09,0.0003126019283,0.0003126019314,7.47356e-10,0.0006479490072,0.0006479490707,1.55765e-08
0.01221,-0.7058468312,-0.7058468295,1.91175e-09,0.0003196583328,0.0003196583359,7.44243e-10,0.0006551114798,0.0006551115434,1.56108e-08
0.01222,-0.7062592531,-0.7062592514,1.90912e-09,0.0003267188636,0.0003267188666,7.40764e-10,0.0006622776345,0.0006622776982,1.56452e-08
0.01223,-0.706671265,-0.7066712633,1.90844e-09,0.0003337835165,0.0003337835195,7.38451e-10,0.0006694474676,0.0006694475315,1.5679e-08
0.01224,-0.7070828672,-0.7070828655,1.9071e-09,0.0003408522875,0.0003408522905,7.36295e-10,0.0006766209758,0.0006766210398,1.57123e-08
0.01225,-0.70749406,-0.7074940584,1.90457e-09,0.0003479251725,0.0003479251755,7.34099e-10,0.0006837981555,0.0006837982197,1.57447e-08
0.01226,-0.7079048438,-0.7079048422,1.90082e-09,0.0003550021673,0.0003550021703,7.31856e-10,0.0006909790033,0.0006909790676,1.57759e-08
0.01227,-0.7083152189,-0.7083152173,1.89585e-09,0.000362083268,0.0003620832709,7.29561e-10,0.0006981635156,0.00069816358,1.58058e-08
0.01228,-0.7087251857,-0.708725184,1.88968e-09,0.0003691684703,0.0003691684733,7.27205e-10,0.0007053516891,0.0007053517536,1.5834e-08
0.01229,-0.7091347444,-0.7091347428,1.88233e-09,0.0003762577703,0.0003762577733,7.24781e-10,0.0007125435201,0.0007125435847,1.58603e-08
0.0123,-0.7095438955,-0.7095438939,1.87385e-09,0.0003833511638,0.0003833511668,7.22278e-10,0.0007197390053,0.0007197390701,1.58845e-08
0.01231,-0.7099526392,-0.7099526376,1.86428e-09,0.0003904486469,0.0003904486498,7.19684e-10,0.0007269381412,0.000726938206,1.59065e-08
0.01232,-0.7103609759,-0.7103609743,1.85369e-09,0.0003975502153,0.0003975502182,7.16987e-10,0.0007341409244,0.0007341409893,1.5926e-08
0.01233,-0.710768906,-0.7107689044,1.84214e-09,0.000404655865,0.0004046558679,7.1417e-10,0.0007413473513,0.0007413474162,1.5943e-08
0.01234,-0.7111764297,-0.7111764281,1.8297e-09,0.000411765592,0.0004117655949,7.11216e-10,0.0007485574185,0.0007485574835,1.59573e-08
0.01235,-0.7115835474,-0.7115835459,1.81644e-09,0.0004188793922,0.0004188793951,7.08103e-10,0.0007557711226,0.0007557711876,1.59689e-08
0.01236,-0.7119902595,-0.7119902579,1.80242e-09,0.0004259972616,0.0004259972645,7.04807e-10,0.00076298846,0.0007629885251,1.59776e-08
0.01237,-0.7123965663,-0.7123965647,1.78771e-09,0.0004331191961,0.0004331191989,7.01302e-10,0.0007702094275,0.0007702094926,1.59835e-08
0.01238,-0.712802468,-0.7128024665,1.77236e-09,0.0004402451916,0.0004402451944,6.97557e-10,0.0007774340215,0.0007774340867,1.59866e-08
0.01239,-0.7132079652,-0.7132079637,1.75641e-09,0.0004473752441,0.0004473752469,6.93535e-10,0.0007846622386,0.0007846623038,1.59868e-08
0.0124,-0.713613058,-0.7136130565,1.7438e-09,0.0004545093495,0.0004545093523,6.90732e-10,0.0007918940754,0.0007918941405,1.59839e-08
0.01241,-0.7140177469,-0.7140177454,1.73194e-09,0.0004616475039,0.0004616475067,6.88084e-10,0.0007991295284,0.0007991295935,1.59783e-08
0.01242,-0.7144220321,-0.7144220307,1.72068e-09,0.0004687897031,0.0004687897059,6.85484e-10,0.0008063685943,0.0008063686593,1.597e-08
0.01243,-0.7148259141,-0.7148259126,1.71013e-09,0.0004759359432,0.0004759359459,6.82933e-10,0.0008136112695,0.0008136113345,1.59593e-08
0.01244,-0.7152293931,-0.7152293916,1.70038e-09,0.00048308622,0.0004830862228,6.80427e-10,0.0008208575507,0.0008208576157,1.59463e-08
0.01245,-0.7156324695,-0.715632468,1.69151e-09,0.0004902405297,0.0004902405324,6.77962e-10,0.0008281074345,0.0008281074994,1.59312e-08
0.01246,-0.7160351436,-0.7160351421,1.68357e-09,0.0004973988681,0.0004973988708,6.7553e-10,0.0008353609174,0.0008353609823,1.59145e-08
0.01247,-0.7164374158,-0.7164374143,1.6766e-09,0.0005045612312,0.0005045612339,6.73121e-10,0.0008426179961,0.0008426180609,1.58962e-08
0.01248,-0.7168392863,-0.7168392849,1.6706e-09,0.000511727615,0.0005117276178,6.70721e-10,0.0008498786672,0.0008498787318,1.58769e-08
0.01249,-0.7172407556,-0.7172407542,1.66556e-09,0.0005188980156,0.0005188980183,6.68315e-10,0.0008571429271,0.0008571429918,1.58569e-08
0.0125,-0.717641824,-0.7176418226,1.66142e-09,0.0005260724288,0.0005260724315,6.65882e-10,0.0008644107727,0.0008644108372,1.58366e-08
0.01251,-0.7180424918,-0.7180424904,1.65811e-09,0.0005332508507,0.0005332508534,6.63401e-10,0.0008716822004,0.0008716822648,1.58165e-08
0.01252,-0.7184427593,-0.7184427579,1.65552e-09,0.0005404332773,0.00054043328,6.60845e-10,0.0008789572069,0.0008789572712,1.57972e-08
0.01253,-0.718842627,-0.7188426256,1.65349e-09,0.0005476197046,0.0005476197072,6.58183e-10,0.0008862357888,0.000886235853,1.57793e-08
0.01254,-0.719242095,-0.7192420936,1.65182e-09,0.0005548101285,0.0005548101312,6.55381e-10,0.0008935179426,0.0008935180069,1.57634e-08
0.01255,-0.7196411638,-0.7196411624,1.6503e-09,0.0005620045451,0.0005620045478,6.524e-10,0.0009008036652,0.0009008037293,1.57501e-08
0.01256,-0.7200398338,-0.7200398323,1.64865e-09,0.0005692029504,0.0005692029531,6.49198e-10,0.000908092953,0.0009080930171,1.57402e-08
0.01257,-0.7204381051,-0.7204381037,1.65036e-09,0.0005764053405,0.0005764053431,6.47203e-10,0.0009153858026,0.0009153858667,1.57341e-08
0.01258,-0.7208359783,-0.7208359768,1.65229e-09,0.0005836117112,0.0005836117138,6.45293e-10,0.0009226822109,0.000922682275,1.57329e-08
0.01259,-0.7212334535,-0.7212334521,1.65406e-09,0.0005908220587,0.0005908220613,6.43422e-10,0.0009299821742,0.0009299822383,1.57375e-08
0.0126,-0.7216305312,-0.7216305298,1.65532e-09,0.0005980363789,0.0005980363816,6.41574e-10,0.0009372856894,0.0009372857536,1.57488e-08
0.01261,-0.7220272117,-0.7220272103,1.65566e-09,0.000605254668,0.0006052546706,6.39733e-10,0.000944592753,0.0009445928173,1.57678e-08
0.01262,-0.7224234953,-0.7224234939,1.65464e-09,0.0006124769218,0.0006124769244,6.3788e-10,0.0009519033618,0.0009519034261,1.57957e-08
0.01263,-0.7228193824,-0.722819381,1.64463e-09,0.0006197031366,0.0006197031391,6.36414e-10,0.0009592175123,0.0009592175767,1.58123e-08
0.01264,-0.7232148733,-0.7232148719,1.62633e-09,0.0006269333082,0.0006269333107,6.35331e-10,0.0009665352012,0.0009665352656,1.5803e-08
0.01265,-0.7236099684,-0.723609967,1.61245e-09,0.0006341674327,0.0006341674353,6.33891e-10,0.0009738564252,0.0009738564895,1.57991e-08
0.01266,-0.7240046679,-0.7240046665,1.6023e-09,0.0006414055062,0.0006414055088,6.32122e-10,0.0009811811809,0.0009811812452,1.58002e-08
0.01267,-0.7243989722,-0.7243989709,1.59523e-09,0.0006486475247,0.0006486475273,6.30044e-10,0.000988509465,0.0009885095294,1.5806e-08
0.01268,-0.7247928817,-0.7247928804,1.59064e-09,0.0006558934843,0.0006558934869,6.27673e-10,0.0009958412741,0.0009958413386,1.58162e-08
0.01269,-0.7251863967,-0.7251863954,1.58794e-09,0.000663143381,0.0006631433836,6.2502e-10,0.001003176605,0.00100317667,1.58304e-08
0.0127,-0.7255795176,-0.7255795162,1.58662e-09,0.0006703972109,0.0006703972135,6.22092e-10,0.001010515454,0.001010515519,1.58483e-08
0.01271,-0.7259722446,-0.7259722432,1.58617e-09,0.0006776549701,0.0006776549726,6.18889e-10,0.001017857819,0.001017857883,1.58695e-08
0.01272,-0.7263645781,-0.7263645767,1.58614e-09,0.0006849166545,0.000684916657,6.15405e-10,0.001025203695,0.00102520376,1.58937e-08
0.01273,-0.7267565184,-0.726756517,1.58616e-09,0.0006921822603,0.0006921822628,6.11657e-10,0.00103255308,0.001032553145,1.59205e-08
0.01274,-0.7271480659,-0.7271480646,1.58934e-09,0.0006994517836,0.000699451786,6.08968e-10,0.00103990597,0.001039906035,1.59492e-08
0.01275,-0.727539221,-0.7275392196,1.59262e-09,0.0007067252203,0.0007067252228,6.06292e-10,0.001047262361,0.001047262426,1.59797e-08
0.01276,-0.7279299839,-0.7279299825,1.59576e-09,0.0007140025667,0.0007140025691,6.03642e-10,0.001054622252,0.001054622317,1.60117e-08
0.01277,-0.728320355,-0.7283203536,1.59855e-09,0.0007212838187,0.0007212838211,6.01028e-10,0.001061985637,0.001061985702,1.60449e-08
0.01278,-0.7287103347,-0.7287103333,1.6008e-09,0.0007285689724,0.0007285689749,5.98458e-10,0.001069352515,0.00106935258,1.6079e-08
0.01279,-0.7290999232,-0.7290999218,1.60236e-09,0.0007358580241,0.0007358580265,5.95933e-10,0.001076722881,0.001076722946,1.61135e-08
0.0128,-0.7294891209,-0.7294891195,1.6031e-09,0.0007431509696,0.000743150972,5.93455e-10,0.001084096732,0.001084096798,1.61482e-08
0.01281,-0.7298779282,-0.7298779268,1.60289e-09,0.0007504478052,0.0007504478076,5.91018e-10,0.001091474066,0.001091474132,1.61829e-08
0.01282,-0.7302663453,-0.7302663439,1.60164e-09,0.0007577485268,0.0007577485292,5.88617e-10,0.001098854879,0.001098854945,1.62171e-08
0.01283,-0.7306543727,-0.7306543713,1.59928e-09,0.0007650531308,0.0007650531331,5.86239e-10,0.001106239167,0.001106239233,1.62506e-08
0.01284,-0.7310420106,-0.7310420093,1.59575e-09,0.000772361613,0.0007723616154,5.8387e-10,0.001113626927,0.001113626993,1.62831e-08
0.01285,-0.7314292595,-0.7314292581,1.591e-09,0.0007796739697,0.000779673972,5.81492e-10,0.001121018156,0.001121018223,1.63145e-08
0.01286,-0.7318161195,-0.7318161182,1.585e-09,0.0007869901969,0.0007869901992,5.79083e-10,0.001128412851,0.001128412918,1.63443e-08
0.01287,-0.7322025912,-0.7322025898,1.57772e-09,0.0007943102908,0.0007943102931,5.76617e-10,0.001135811009,0.001135811076,1.63725e-08
0.01288,-0.7325886747,-0.7325886734,1.56914e-09,0.0008016342474,0.0008016342497,5.74064e-10,0.001143212626,0.001143212693,1.63988e-08
0.01289,-0.7329743705,-0.7329743692,1.55926e-09,0.000808962063,0.0008089620653,5.71391e-10,0.001150617698,0.001150617765,1.64231e-08
0.0129,-0.7333596789,-0.7333596776,1.54826e-09,0.0008162937335,0.0008162937358,5.68636e-10,0.001158026224,0.001158026291,1.64451e-08
0.01291,-0.7337446002,-0.7337445989,1.53914e-09,0.0008236292552,0.0008236292575,5.66886e-10,0.001165438199,0.001165438266,1.64643e-08
0.01292,-0.7341291348,-0.7341291334,1.52953e-09,0.0008309686242,0.0008309686265,5.65204e-10,0.00117285362,0.001172853687,1.64809e-08
0.01293,-0.7345132829,-0.7345132816,1.51951e-09,0.0008383118366,0.0008383118389,5.63578e-10,0.001180272484,0.001180272551,1.64948e-08
0.01294,-0.734897045,-0.7348970437,1.50918e-09,0.0008456588886,0.0008456588909,5.61995e-10,0.001187694788,0.001187694855,1.6506e-08
0.01295,-0.7352804213,-0.7352804201,1.49864e-09,0.0008530097762,0.0008530097785,5.6044e-10,0.001195120528,0.001195120595,1.65142e-08
0.01296,-0.7356634123,-0.735663411,1.48797e-09,0.0008603644957,0.000860364498,5.58897e-10,0.001202549702,0.001202549769,1.65197e-08
0.01297,-0.7360460182,-0.7360460169,1.47727e-09,0.0008677230432,0.0008677230455,5.57346e-10,0.001209982305,0.001209982373,1.65222e-08
0.01298,-0.7364282394,-0.7364282381,1.46663e-09,0.0008750854148,0.0008750854171,5.55769e-10,0.001217418336,0.001217418403,1.65219e-08
0.01299,-0.7368100762,-0.7368100749,1.45612e-09,0.0008824516067,0.000882451609,5.54145e-10,0.00122485779,0.001224857857,1.65188e-08
0.013,-0.7371915289,-0.7371915277,1.44582e-09,0.000889821615,0.0008898216173,5.5245e-10,0.001232300664,0.001232300732,1.6513e-08
0.01301,-0.737572598,-0.7375725967,1.43578e-09,0.000897195436,0.0008971954382,5.5066e-10,0.001239746956,0.001239747023,1.65046e-08
0.01302,-0.7379532836,-0.7379532824,1.42606e-09,0.0009045730657,0.0009045730679,5.48751e-10,0.001247196661,0.001247196729,1.64939e-08
0.01303,-0.7383335862,-0.738333585,1.41668e-09,0.0009119545004,0.0009119545026,5.46694e-10,0.001254649778,0.001254649845,1.64808e-08
0.01304,-0.7387135062,-0.738713505,1.40767e-09,0.0009193397362,0.0009193397384,5.44462e-10,0.001262106302,0.001262106369,1.64658e-08
0.01305,-0.7390930437,-0.7390930425,1.39903e-09,0.0009267287692,0.0009267287714,5.42025e-10,0.00126956623,0.001269566297,1.6449e-08
0.01306,-0.7394721993,-0.7394721981,1.39074e-09,0.0009341215958,0.0009341215979,5.39352e-10,0.001277029559,0.001277029626,1.64308e-08
0.01307,-0.7398509731,-0.7398509719,1.38324e-09,0.0009415182119,0.0009415182141,5.36592e-10,0.001284496286,0.001284496353,1.64115e-08
0.01308,-0.7402293656,-0.7402293644,1.38042e-09,0.0009489186139,0.0009489186161,5.35159e-10,0.001291966408,0.001291966475,1.63907e-08
0.01309,-0.740607377,-0.7406073759,1.37895e-09,0.000956322798,0.0009563228001,5.33829e-10,0.001299439922,0.001299439989,1.63694e-08
0.0131,-0.7409850078,-0.7409850066,1.37887e-09,0.0009637307602,0.0009637307624,5.32618e-10,0.001306916824,0.001306916891,1.63481e-08
0.01311,-0.7413622583,-0.7413622571,1.38018e-09,0.0009711424968,0.000971142499,5.31545e-10,0.001314397111,0.001314397178,1.63273e-08
0.01312,-0.7417391287,-0.7417391275,1.38288e-09,0.0009785580041,0.0009785580062,5.30632e-10,0.00132188078,0.001321880847,1.63074e-08
0.01313,-0.7421156194,-0.7421156182,1.38693e-09,0.0009859772781,0.0009859772803,5.29903e-10,0.001329367828,0.001329367895,1.62891e-08
0.01314,-0.7424917308,-0.7424917296,1.39228e-09,0.0009934003152,0.0009934003173,5.29384e-10,0.001336858252,0.001336858319,1.6273e-08
0.01315,-0.7428674632,-0.742867462,1.39885e-09,0.001000827111,0.001000827114,5.29103e-10,0.001344352048,0.001344352115,1.62597e-08
0.01316,-0.743242817,-0.7432428157,1.40654e-09,0.001008257663,0.001008257665,5.29092e-10,0.001351849214,0.00135184928,1.62501e-08
0.01317,-0.7436177924,-0.7436177911,1.41519e-09,0.001015691966,0.001015691969,5.29388e-10,0.001359349746,0.001359349812,1.62447e-08
0.01318,-0.7439923898,-0.7439923885,1.42466e-09,0.001023130018,0.00102313002,5.30026e-10,0.001366853641,0.001366853707,1.62445e-08
0.01319,-0.7443666095,-0.7443666083,1.43474e-09,0.001030571813,0.001030571815,5.31048e-10,0.001374360896,0.001374360962,1.62503e-08
0.0132,-0.7447404519,-0.7447404507,1.44521e-09,0.001038017349,0.001038017351,5.32498e-10,0.001381871507,0.001381871573,1.62631e-08
0.01321,-0.7451139173,-0.7451139161,1.45579e-09,0.001045466621,0.001045466623,5.34425e-10,0.001389385472,0.001389385539,1.62838e-08
0.01322,-0.7454870061,-0.7454870048,1.46619e-09,0.001052919626,0.001052919628,5.36878e-10,0.001396902788,0.001396902854,1.63134e-08
0.01323,-0.7458597185,-0.7458597173,1.46644e-09,0.00106037636,0.001060376362,5.42226e-10,0.001404423451,0.001404423517,1.63136e-08
0.01324,-0.746232055,-0.7462320537,1.46675e-09,0.001067836819,0.001067836821,5.48134e-10,0.001411947458,0.001411947524,1.63035e-08
0.01325,-0.7466040158,-0.7466040145,1.4715e-09,0.001075300999,0.001075301002,5.53591e-10,0.001419474806,0.001419474872,1.62982e-08
0.01326,-0.7469756013,-0.7469756,1.48026e-09,0.001082768898,0.0010827689,5.58723e-10,0.001427005492,0.001427005558,1.62976e-08
0.01327,-0.7473468118,-0.7473468105,1.49259e-09,0.00109024051,0.001090240512,5.63651e-10,0.001434539512,0.001434539579,1.63013e-08
0.01328,-0.7477176476,-0.7477176463,1.50812e-09,0.001097715833,0.001097715835,5.68481e-10,0.001442076865,0.001442076931,1.6309e-08
0.01329,-0.7480881092,-0.7480881079,1.5265e-09,0.001105194862,0.001105194864,5.73316e-10,0.001449617546,0.001449617612,1.63204e-08
0.0133,-0.7484581967,-0.7484581954,1.54739e-09,0.001112677594,0.001112677596,5.78246e-10,0.001457161552,0.001457161619,1.6335e-08
0.01331,-0.7488279107,-0.7488279093,1.57049e-09,0.001120164024,0.001120164027,5.83354e-10,0.001464708881,0.001464708947,1.63526e-08
0.01332,-0.7491972513,-0.7491972499,1.59554e-09,0.00112765415,0.001127654153,5.88713e-10,0.001472259529,0.001472259595,1.63729e-08
0.01333,-0.7495662189,-0.7495662175,1.62227e-09,0.001135147968,0.00113514797,5.94389e-10,0.001479813493,0.001479813559,1.63955e-08
0.01334,-0.7499348139,-0.7499348125,1.65047e-09,0.001142645473,0.001142645476,6.00438e-10,0.001487370769,0.001487370836,1.64201e-08
0.01335,-0.7503030366,-0.7503030351,1.67992e-09,0.001150146663,0.001150146665,6.06909e-10,0.001494931356,0.001494931423,1.64463e-08
0.01336,-0.7506708873,-0.7506708858,1.71044e-09,0.001157651533,0.001157651535,6.13843e-10,0.00150249525,0.001502495317,1.64738e-08
0.01337,-0.7510383663,-0.7510383649,1.74186e-09,0.001165160079,0.001165160082,6.2127e-10,0.001510062447,0.001510062514,1.65024e-08
0.01338,-0.7514054741,-0.7514054726,1.77402e-09,0.001172672299,0.001172672301,6.29216e-10,0.001517632945,0.001517633012,1.65316e-08
0.01339,-0.7517722109,-0.7517722093,1.80678e-09,0.001180188188,0.00118018819,6.37697e-10,0.00152520674,0.001525206808,1.65613e-08
0.0134,-0.752138577,-0.7521385755,1.84001e-09,0.001187707742,0.001187707744,6.4672e-10,0.00153278383,0.001532783898,1.6591e-08
0.01341,-0.7525045729,-0.7525045713,1.87375e-09,0.001195230958,0.00119523096,6.56325e-10,0.001540364211,0.001540364279,1.66204e-08
0.01342,-0.7528701987,-0.7528701971,1.90833e-09,0.001202757832,0.001202757835,6.66623e-10,0.001547947881,0.001547947949,1.66491e-08
0.01343,-0.753235455,-0.7532354533,1.94318e-09,0.00121028836,0.001210288363,6.77473e-10,0.001555534836,0.001555534904,1.6677e-08
0.01344,-0.7536003419,-0.7536003402,1.97821e-09,0.00121782254,0.001217822542,6.88857e-10,0.001563125072,0.00156312514,1.67039e-08
0.01345,-0.7539648598,-0.7539648581,2.01336e-09,0.001225360366,0.001225360369,7.00749e-10,0.001570718588,0.001570718656,1.67295e-08
0.01346,-0.7543290091,-0.7543290073,2.04854e-09,0.001232901835,0.001232901838,7.13117e-10,0.00157831538,0.001578315448,1.67535e-08
0.01347,-0.7546927901,-0.7546927883,2.08369e-09,0.001240446945,0.001240446948,7.25921e-10,0.001585915445,0.001585915513,1.67758e-08
0.01348,-0.7550562031,-0.7550562013,2.11874e-09,0.00124799569,0.001247995693,7.39114e-10,0.001593518779,0.001593518848,1.67962e-08
0.01349,-0.7554192484,-0.7554192466,2.15363e-09,0.001255548067,0.00125554807,7.52644e-10,0.001601125381,0.001601125449,1.68144e-08
0.0135,-0.7557819265,-0.7557819246,2.18827e-09,0.001263104073,0.001263104077,7.66453e-10,0.001608735246,0.001608735315,1.68304e-08
0.01351,-0.7561442376,-0.7561442357,2.2226e-09,0.001270663704,0.001270663708,7.80474e-10,0.001616348372,0.001616348441,1.6844e-08
0.01352,-0.756506182,-0.75650618,2.25655e-09,0.001278226957,0.00127822696,7.94636e-10,0.001623964756,0.001623964824,1.6855e-08
0.01353,-0.7568677601,-0.7568677581,2.29001e-09,0.001285793827,0.00128579383,8.08862e-10,0.001631584394,0.001631584463,1.68634e-08
0.01354,-0.7572289722,-0.7572289702,2.3229e-09,0.001293364311,0.001293364314,8.23068e-10,0.001639207284,0.001639207352,1.68692e-08
0.01355,-0.7575898187,-0.7575898166,2.35512e-09,0.001300938405,0.001300938408,8.37165e-10,0.001646833422,0.001646833491,1.68722e-08
0.01356,-0.7579502998,-0.7579502977,2.38654e-09,0.001308516106,0.001308516109,8.51057e-10,0.001654462806,0.001654462875,1.68724e-08
0.01357,-0.7583104159,-0.7583104139,2.41705e-09,0.001316097409,0.001316097413,8.64645e-10,0.001662095432,0.001662095501,1.68699e-08
0.01358,-0.7586701674,-0.7586701653,2.4465e-09,0.001323682313,0.001323682316,8.77822e-10,0.001669731298,0.001669731367,1.68647e-08
0.01359,-0.7590295546,-0.7590295524,2.47473e-09,0.001331270811,0.001331270815,8.90477e-10,0.001677370401,0.001677370469,1.68569e-08
0.0136,-0.7593885777,-0.7593885756,2.50156e-09,0.001338862902,0.001338862906,9.02494e-10,0.001685012736,0.001685012805,1.68465e-08
0.01361,-0.7597472372,-0.759747235,2.52681e-09,0.001346458582,0.001346458585,9.13751e-10,0.001692658302,0.001692658371,1.68337e-08
0.01362,-0.7601055334,-0.7601055312,2.55025e-09,0.001354057846,0.00135405785,9.24121e-10,0.001700307096,0.001700307164,1.68187e-08
0.01363,-0.7604634665,-0.7604634643,2.57166e-09,0.001361660691,0.001361660695,9.33475e-10,0.001707959114,0.001707959182,1.68015e-08
0.01364,-0.760821037,-0.7608210348,2.59076e-09,0.001369267114,0.001369267118,9.41674e-10,0.001715614353,0.001715614421,1.67826e-08
0.01365,-0.7611782451,-0.7611782429,2.60728e-09,0.00137687711,0.001376877114,9.4858e-10,0.001723272811,0.001723272879,1.67621e-08
0.01366,-0.7615350912,-0.761535089,2.6209e-09,0.001384490677,0.001384490681,9.54047e-10,0.001730934484,0.001730934552,1.67403e-08
0.01367,-0.7618915756,-0.7618915734,2.63128e-09,0.001392107811,0.001392107815,9.57925e-10,0.001738599369,0.001738599437,1.67176e-08
0.01368,-0.7622476987,-0.7622476964,2.63806e-09,0.001399728508,0.001399728512,9.60062e-10,0.001746267464,0.001746267532,1.66943e-08
0.01369,-0.7626034607,-0.7626034585,2.64082e-09,0.001407352764,0.001407352768,9.60299e-10,0.001753938765,0.001753938833,1.66709e-08
0.0137,-0.7629588621,-0.7629588598,2.63915e-09,0.001414980576,0.00141498058,9.58476e-10,0.00176161327,0.001761613337,1.66479e-08
0.01371,-0.763313903,-0.7633139008,2.63256e-09,0.00142261194,0.001422611944,9.54426e-10,0.001769290974,0.001769291042,1.66256e-08
0.01372,-0.763668584,-0.7636685817,2.65341e-09,0.001430246852,0.001430246856,9.59866e-10,0.001776971877,0.001776971945,1.65991e-08
0.01373,-0.7640229053,-0.764022903,2.68872e-09,0.00143788531,0.001437885314,9.70124e-10,0.001784655974,0.001784656041,1.65711e-08
0.01374,-0.7643768672,-0.7643768648,2.72472e-09,0.001445527309,0.001445527313,9.80252e-10,0.001792343262,0.001792343329,1.65444e-08
0.01375,-0.76473047,-0.7647304677,2.7613e-09,0.001453172846,0.00145317285,9.90254e-10,0.001800033739,0.001800033806,1.65198e-08
0.01376,-0.7650837142,-0.7650837118,2.79832e-09,0.001460821917,0.001460821921,1.00014e-09,0.001807727401,0.001807727468,1.64977e-08
0.01377,-0.7654365999,-0.7654365975,2.83563e-09,0.001468474519,0.001468474523,1.00992e-09,0.001815424246,0.001815424313,1.64789e-08
0.01378,-0.7657891276,-0.7657891251,2.87304e-09,0.001476130648,0.001476130652,1.01962e-09,0.001823124271,0.001823124338,1.64642e-08
0.01379,-0.7661412975,-0.766141295,2.91035e-09,0.0014837903,0.001483790304,1.02925e-09,0.001830827472,0.001830827539,1.64542e-08
0.0138,-0.7664931101,-0.7664931076,2.94732e-09,0.001491453473,0.001491453477,1.03884e-09,0.001838533847,0.001838533914,1.645e-08
0.01381,-0.7668445656,-0.766844563,2.98368e-09,0.001499120161,0.001499120165,1.04843e-09,0.001846243392,0.001846243459,1.64522e-08
0.01382,-0.7671956643,-0.7671956617,3.01916e-09,0.001506790363,0.001506790367,1.05805e-09,0.001853956106,0.001853956173,1.6462e-08
0.01383,-0.7675464066,-0.767546404,3.05342e-09,0.001514464073,0.001514464077,1.06775e-09,0.001861671984,0.001861672051,1.64801e-08
0.01384,-0.7678967928,-0.7678967902,3.08558e-09,0.001522141289,0.001522141294,1.07785e-09,0.001869391024,0.001869391091,1.65053e-08
0.01385,-0.7682468233,-0.7682468206,3.10667e-09,0.001529822008,0.001529822012,1.09292e-09,0.001877113223,0.00187711329,1.64858e-08
0.01386,-0.7685964983,-0.7685964956,3.1297e-09,0.001537506224,0.001537506229,1.10621e-09,0.001884838578,0.001884838645,1.64716e-08
0.01387,-0.7689458183,-0.7689458155,3.1542e-09,0.001545193936,0.001545193941,1.11786e-09,0.001892567086,0.001892567153,1.64624e-08
0.01388,-0.7692947834,-0.7692947807,3.17971e-09,0.00155288514,0.001552885144,1.12802e-09,0.001900298744,0.001900298811,1.6458e-08
0.01389,-0.7696433941,-0.7696433913,3.20579e-09,0.001560579831,0.001560579835,1.13679e-09,0.00190803355,0.001908033617,1.6458e-08
0.0139,-0.7699916506,-0.7699916479,3.232e-09,0.001568278006,0.001568278011,1.14429e-09,0.001915771499,0.001915771566,1.64623e-08
0.01391,-0.7703395534,-0.7703395506,3.25794e-09,0.001575979662,0.001575979667,1.1506e-09,0.00192351259,0.001923512657,1.64706e-08
0.01392,-0.7706871027,-0.7706870999,3.28319e-09,0.001583684796,0.001583684801,1.1558e-09,0.00193125682,0.001931256887,1.64825e-08
0.01393,-0.7710342988,-0.771034296,3.30738e-09,0.001591393403,0.001591393408,1.15996e-09,0.001939004185,0.001939004252,1.64979e-08
0.01394,-0.7713811422,-0.7713811393,3.33013e-09,0.001599105481,0.001599105485,1.1631e-09,0.001946754682,0.00194675475,1.65164e-08
0.01395,-0.771727633,-0.7717276301,3.35105e-09,0.001606821025,0.001606821029,1.16528e-09,0.00195450831,0.001954508377,1.65378e-08
0.01396,-0.7720737717,-0.7720737688,3.3698e-09,0.001614540032,0.001614540037,1.16651e-09,0.001962265064,0.001962265131,1.65617e-08
0.01397,-0.7724195585,-0.7724195556,3.38601e-09,0.001622262499,0.001622262504,1.16679e-09,0.001970024942,0.001970025009,1.6588e-08
0.01398,-0.7727649938,-0.7727649909,3.39933e-09,0.001629988422,0.001629988427,1.16611e-09,0.001977787941,0.001977788008,1.66164e-08
0.01399,-0.7731100779,-0.773110075,3.40943e-09,0.001637717798,0.001637717802,1.16447e-09,0.001985554058,0.001985554125,1.66465e-08
0.014,-0.7734548111,-0.7734548082,3.41595e-09,0.001645450622,0.001645450627,1.16182e-09,0.00199332329,0.001993323358,1.66783e-08
0.01401,-0.7737991938,-0.7737991909,3.41857e-09,0.001653186893,0.001653186897,1.15813e-09,0.002001095634,0.002001095702,1.67114e-08
0.01402,-0.7741432263,-0.7741432234,3.422e-09,0.001660926605,0.00166092661,1.15505e-09,0.002008871088,0.002008871156,1.67444e-08
0.01403,-0.774486909,-0.774486906,3.44709e-09,0.001668669756,0.001668669761,1.15974e-09,0.002016649648,0.002016649717,1.67726e-08
0.01404,-0.774830242,-0.774830239,3.47151e-09,0.001676416342,0.001676416347,1.16463e-09,0.002024431312,0.002024431381,1.68005e-08
0.01405,-0.7751732259,-0.7751732229,3.49519e-09,0.001684166359,0.001684166364,1.16973e-09,0.002032216077,0.002032216146,1.68278e-08
0.01406,-0.7755158608,-0.7755158578,3.5181e-09,0.001691919805,0.00169191981,1.17502e-09,0.00204000394,0.002040004008,1.68544e-08
0.01407,-0.7758581471,-0.7758581441,3.5402e-09,0.001699676675,0.00169967668,1.18051e-09,0.002047794897,0.002047794966,1.688e-08
0.01408,-0.7762000852,-0.7762000821,3.56144e-09,0.001707436967,0.001707436972,1.18617e-09,0.002055588947,0.002055589016,1.69044e-08
0.01409,-0.7765416753,-0.7765416722,3.5818e-09,0.001715200676,0.001715200681,1.192e-09,0.002063386086,0.002063386155,1.69272e-08
0.0141,-0.7768829178,-0.7768829147,3.60124e-09,0.001722967799,0.001722967804,1.19796e-09,0.002071186311,0.00207118638,1.69485e-08
0.01411,-0.777223813,-0.7772238099,3.61975e-09,0.001730738333,0.001730738338,1.20403e-09,0.00207898962,0.002078989689,1.69679e-08
0.01412,-0.7775643612,-0.7775643581,3.63728e-09,0.001738512274,0.001738512279,1.21015e-09,0.00208679601,0.002086796079,1.69853e-08
0.01413,-0.7779045628,-0.7779045597,3.65383e-09,0.001746289619,0.001746289624,1.21629e-09,0.002094605477,0.002094605546,1.70006e-08
0.01414,-0.7782444181,-0.778244415,3.66935e-09,0.001754070364,0.001754070369,1.2224e-09,0.002102418019,0.002102418088,1.70137e-08
0.01415,-0.7785839274,-0.7785839242,3.68382e-09,0.001761854506,0.001761854511,1.22843e-09,0.002110233633,0.002110233703,1.70243e-08
0.01416,-0.778923091,-0.7789230878,3.69721e-09,0.001769642041,0.001769642046,1.23432e-09,0.002118052317,0.002118052386,1.70325e-08
0.01417,-0.7792619092,-0.7792619061,3.70947e-09,0.001777432966,0.001777432972,1.24001e-09,0.002125874067,0.002125874136,1.70382e-08
0.01418,-0.7796003825,-0.7796003793,3.72057e-09,0.001785227278,0.001785227283,1.24543e-09,0.00213369888,0.00213369895,1.70414e-08
0.01419,-0.779938511,-0.7799385078,3.73044e-09,0.001793024973,0.001793024978,1.25051e-09,0.002141526755,0.002141526824,1.7042e-08
0.0142,-0.7802762951,-0.7802762919,3.73905e-09,0.001800826047,0.001800826052,1.25518e-09,0.002149357687,0.002149357756,1.704e-08
0.01421,-0.7806137351,-0.7806137319,3.74631e-09,0.001808630498,0.001808630503,1.25937e-09,0.002157191674,0.002157191743,1.70355e-08
0.01422,-0.7809508315,-0.7809508282,3.75216e-09,0.001816438321,0.001816438326,1.263e-09,0.002165028713,0.002165028782,1.70285e-08
0.01423,-0.7812875843,-0.7812875811,3.7565e-09,0.001824249513,0.001824249518,1.26599e-09,0.002172868802,0.002172868871,1.70191e-08
0.01424,-0.7816239941,-0.7816239909,3.75925e-09,0.001832064071,0.001832064076,1.26826e-09,0.002180711937,0.002180712006,1.70075e-08
0.01425,-0.7819600612,-0.7819600579,3.76029e-09,0.001839881992,0.001839881997,1.26972e-09,0.002188558116,0.002188558185,1.69938e-08
0.01426,-0.7822957857,-0.7822957825,3.7595e-09,0.001847703271,0.001847703276,1.2703e-09,0.002196407336,0.002196407405,1.69782e-08
0.01427,-0.7826311681,-0.7826311649,3.75674e-09,0.001855527906,0.001855527911,1.2699e-09,0.002204259594,0.002204259663,1.69609e-08
0.01428,-0.7829662087,-0.7829662055,3.75186e-09,0.001863355893,0.001863355899,1.26843e-09,0.002212114887,0.002212114956,1.69421e-08
0.01429,-0.7833009079,-0.7833009046,3.74468e-09,0.001871187229,0.001871187234,1.26583e-09,0.002219973213,0.002219973282,1.69221e-08
0.0143,-0.7836352658,-0.7836352626,3.73503e-09,0.00187902191,0.001879021915,1.26199e-09,0.002227834569,0.002227834637,1.69012e-08
0.01431,-0.7839692829,-0.7839692797,3.72269e-09,0.001886859933,0.001886859938,1.25682e-09,0.002235698951,0.00223569902,1.68799e-08
0.01432,-0.7843029594,-0.7843029562,3.70743e-09,0.001894701295,0.0018947013,1.25026e-09,0.002243566357,0.002243566426,1.68583e-08
0.01433,-0.7846362958,-0.7846362926,3.70803e-09,0.001902545991,0.001902545996,1.24834e-09,0.002251436785,0.002251436853,1.68323e-08
0.01434,-0.7849692923,-0.7849692891,3.71834e-09,0.00191039402,0.001910394025,1.24909e-09,0.002259310231,0.002259310299,1.68035e-08
0.01435,-0.7853019492,-0.785301946,3.72912e-09,0.001918245376,0.001918245381,1.24953e-09,0.002267186693,0.002267186761,1.6775e-08
0.01436,-0.7856342668,-0.7856342636,3.74034e-09,0.001926100057,0.001926100062,1.24968e-09,0.002275066167,0.002275066236,1.67472e-08
0.01437,-0.7859662455,-0.7859662423,3.75196e-09,0.00193395806,0.001933958065,1.24956e-09,0.002282948652,0.00228294872,1.67205e-08
0.01438,-0.7862978856,-0.7862978824,3.7639e-09,0.001941819381,0.001941819386,1.24917e-09,0.002290834144,0.002290834212,1.66956e-08
0.01439,-0.7866291874,-0.7866291842,3.77608e-09,0.001949684017,0.001949684022,1.24856e-09,0.002298722641,0.002298722709,1.6673e-08
0.0144,-0.7869601513,-0.786960148,3.7884e-09,0.001957551964,0.001957551969,1.24775e-09,0.002306614139,0.002306614207,1.66534e-08
0.01441,-0.7872907775,-0.7872907742,3.80074e-09,0.001965423218,0.001965423224,1.24678e-09,0.002314508636,0.002314508704,1.66374e-08
0.01442,-0.7876210663,-0.787621063,3.81297e-09,0.001973297778,0.001973297783,1.24569e-09,0.00232240613,0.002322406197,1.66258e-08
0.01443,-0.7879510181,-0.7879510148,3.82492e-09,0.001981175639,0.001981175644,1.24455e-09,0.002330306617,0.002330306684,1.66194e-08
0.01444,-0.7882806332,-0.7882806299,3.83642e-09,0.001989056797,0.001989056802,1.24341e-09,0.002338210094,0.002338210162,1.6619e-08
0.01445,-0.788609912,-0.7886099087,3.84726e-09,0.00199694125,0.001996941255,1.24234e-09,0.00234611656,0.002346116627,1.66255e-08
0.01446,-0.7889388546,-0.7889388513,3.85722e-09,0.002004828994,0.002004828999,1.24142e-09,0.00235402601,0.002354026078,1.66397e-08
0.01447,-0.7892674616,-0.7892674582,3.86606e-09,0.002012720026,0.002012720031,1.24074e-09,0.002361938443,0.002361938511,1.66626e-08
0.01448,-0.7895957331,-0.7895957297,3.87127e-09,0.002020614342,0.002020614347,1.24264e-09,0.002369853856,0.002369853924,1.668e-08
0.01449,-0.7899236694,-0.7899236661,3.87072e-09,0.002028511939,0.002028511945,1.24918e-09,0.002377772245,0.002377772313,1.66637e-08
0.0145,-0.790251271,-0.7902512677,3.87119e-09,0.002036412814,0.00203641282,1.25353e-09,0.002385693609,0.002385693677,1.66525e-08
0.01451,-0.7905785381,-0.7905785348,3.87234e-09,0.002044316964,0.002044316969,1.2559e-09,0.002393617944,0.002393618011,1.66463e-08
0.01452,-0.7909054711,-0.7909054677,3.87381e-09,0.002052224384,0.002052224389,1.25646e-09,0.002401545247,0.002401545315,1.66448e-08
0.01453,-0.7912320701,-0.7912320668,3.87528e-09,0.002060135072,0.002060135077,1.25541e-09,0.002409475517,0.002409475584,1.66479e-08
0.01454,-0.7915583357,-0.7915583324,3.87642e-09,0.002068049024,0.002068049029,1.2529e-09,0.002417408749,0.002417408817,1.66552e-08
0.01455,-0.7918842681,-0.7918842647,3.87693e-09,0.002075966238,0.002075966243,1.24906e-09,0.002425344942,0.00242534501,1.66665e-08
0.01456,-0.7922098675,-0.7922098642,3.87647e-09,0.002083886708,0.002083886714,1.24402e-09,0.002433284093,0.002433284161,1.66816e-08
0.01457,-0.7925351344,-0.792535131,3.87475e-09,0.002091810434,0.002091810439,1.23788e-09,0.002441226198,0.002441226266,1.67003e-08
0.01458,-0.792860069,-0.7928600656,3.87145e-09,0.00209973741,0.002099737415,1.23073e-09,0.002449171256,0.002449171324,1.67222e-08
0.01459,-0.7931846716,-0.7931846683,3.86627e-09,0.002107667634,0.002107667639,1.22264e-09,0.002457119263,0.002457119331,1.67472e-08
0.0146,-0.7935089426,-0.7935089393,3.8589e-09,0.002115601102,0.002115601107,1.21366e-09,0.002465070217,0.002465070285,1.6775e-08
0.01461,-0.7938328823,-0.793832879,3.84904e-09,0.002123537812,0.002123537817,1.20385e-09,0.002473024115,0.002473024183,1.68054e-08
0.01462,-0.7941564909,-0.7941564877,3.83639e-09,0.002131477759,0.002131477764,1.19321e-09,0.002480980954,0.002480981023,1.68382e-08
0.01463,-0.7944797689,-0.7944797656,3.82427e-09,0.00213942094,0.002139420945,1.18287e-09,0.002488940732,0.002488940801,1.68721e-08
0.01464,-0.7948027166,-0.7948027133,3.83261e-09,0.002147367353,0.002147367358,1.17905e-09,0.002496903446,0.002496903515,1.6901e-08
0.01465,-0.7951253341,-0.7951253308,3.84095e-09,0.002155316994,0.002155316998,1.17553e-09,0.002504869093,0.002504869162,1.69306e-08
0.01466,-0.7954476219,-0.7954476186,3.84923e-09,0.002163269859,0.002163269863,1.17236e-09,0.002512837671,0.00251283774,1.69605e-08
0.01467,-0.7957695803,-0.795769577,3.85739e-09,0.002171225945,0.00217122595,1.16958e-09,0.002520809176,0.002520809245,1.69906e-08
0.01468,-0.7960912096,-0.7960912062,3.86536e-09,0.002179185249,0.002179185254,1.16722e-09,0.002528783606,0.002528783676,1.70205e-08
0.01469,-0.79641251,-0.7964125067,3.87311e-09,0.002187147768,0.002187147773,1.16528e-09,0.002536760959,0.002536761029,1.705e-08
0.0147,-0.796733482,-0.7967334786,3.88058e-09,0.002195113498,0.002195113503,1.16377e-09,0.002544741231,0.002544741301,1.70789e-08
0.01471,-0.7970541257,-0.7970541224,3.88772e-09,0.002203082436,0.002203082441,1.1627e-09,0.002552724421,0.002552724491,1.7107e-08
0.01472,-0.7973744416,-0.7973744383,3.89447e-09,0.002211054579,0.002211054584,1.16204e-09,0.002560710525,0.002560710594,1.7134e-08
0.01473,-0.79769443,-0.7976944266,3.9008e-09,0.002219029924,0.002219029929,1.16177e-09,0.00256869954,0.00256869961,1.71597e-08
0.01474,-0.7980140911,-0.7980140877,3.90666e-09,0.002227008467,0.002227008472,1.16187e-09,0.002576691464,0.002576691534,1.71839e-08
0.01475,-0.7983334253,-0.7983334219,3.91198e-09,0.002234990205,0.002234990209,1.16231e-09,0.002584686295,0.002584686365,1.72065e-08
0.01476,-0.7986524328,-0.7986524295,3.91673e-09,0.002242975134,0.002242975139,1.16303e-09,0.002592684029,0.002592684099,1.72273e-08
0.01477,-0.7989711141,-0.7989711107,3.92084e-09,0.002250963252,0.002250963257,1.16399e-09,0.002600684664,0.002600684734,1.72461e-08
0.01478,-0.7992894693,-0.799289466,3.92425e-09,0.002258954555,0.00225895456,1.16513e-09,0.002608688197,0.002608688267,1.72629e-08
0.01479,-0.7996074989,-0.7996074955,3.92691e-09,0.00226694904,0.002266949045,1.1664e-09,0.002616694626,0.002616694696,1.72775e-08
0.0148,-0.7999252031,-0.7999251997,3.92874e-09,0.002274946704,0.002274946709,1.16772e-09,0.002624703947,0.002624704018,1.72899e-08
0.01481,-0.8002425823,-0.8002425789,3.92966e-09,0.002282947543,0.002282947548,1.16903e-09,0.002632716159,0.00263271623,1.72999e-08
0.01482,-0.8005596366,-0.8005596333,3.9296e-09,0.002290951555,0.002290951559,1.17024e-09,0.002640731259,0.002640731329,1.73075e-08
0.01483,-0.8008763666,-0.8008763632,3.92848e-09,0.002298958735,0.00229895874,1.17129e-09,0.002648749243,0.002648749314,1.73127e-08
0.01484,-0.8011927724,-0.801192769,3.92618e-09,0.002306969081,0.002306969086,1.17207e-09,0.00265677011,0.00265677018,1.73155e-08
0.01485,-0.8015088544,-0.801508851,3.92261e-09,0.002314982589,0.002314982594,1.17252e-09,0.002664793856,0.002664793926,1.73159e-08
0.01486,-0.8018246129,-0.8018246095,3.91765e-09,0.002322999257,0.002322999262,1.17253e-09,0.002672820479,0.002672820549,1.7314e-08
0.01487,-0.8021400482,-0.8021400448,3.91119e-09,0.00233101908,0.002331019085,1.17201e-09,0.002680849976,0.002680850047,1.73098e-08
0.01488,-0.8024551606,-0.8024551572,3.90308e-09,0.002339042057,0.002339042062,1.17088e-09,0.002688882345,0.002688882416,1.73034e-08
0.01489,-0.8027699504,-0.8027699471,3.89318e-09,0.002347068183,0.002347068187,1.16902e-09,0.002696917583,0.002696917654,1.72949e-08
0.0149,-0.803084418,-0.8030844146,3.88132e-09,0.002355097455,0.002355097459,1.16635e-09,0.002704955687,0.002704955758,1.72846e-08
0.01491,-0.8033985636,-0.8033985602,3.86735e-09,0.00236312987,0.002363129875,1.16277e-09,0.002712996656,0.002712996726,1.72725e-08
0.01492,-0.8037123875,-0.8037123842,3.85107e-09,0.002371165425,0.00237116543,1.15817e-09,0.002721040485,0.002721040555,1.72589e-08
0.01493,-0.8040258901,-0.8040258868,3.83228e-09,0.002379204116,0.002379204121,1.15245e-09,0.002729087172,0.002729087243,1.7244e-08
0.01494,-0.8043390717,-0.8043390684,3.82685e-09,0.002387245942,0.002387245946,1.15033e-09,0.002737136716,0.002737136786,1.72234e-08
0.01495,-0.8046519325,-0.8046519292,3.83094e-09,0.002395290897,0.002395290901,1.15063e-09,0.002745189112,0.002745189182,1.71984e-08
0.01496,-0.8049644729,-0.8049644696,3.83557e-09,0.002403338979,0.002403338984,1.15064e-09,0.00275324436,0.002753244429,1.71719e-08
0.01497,-0.8052766933,-0.80527669,3.84073e-09,0.002411390185,0.00241139019,1.15033e-09,0.002761302455,0.002761302525,1.71443e-08
0.01498,-0.8055885938,-0.8055885905,3.8464e-09,0.002419444512,0.002419444516,1.1497e-09,0.002769363395,0.002769363465,1.71159e-08
0.01499,-0.8059001748,-0.8059001715,3.85255e-09,0.002427501956,0.002427501961,1.14873e-09,0.002777427178,0.002777427248,1.7087e-08
0.015,-0.8062114367,-0.8062114333,3.85913e-09,0.002435562514,0.002435562519,1.14741e-09,0.002785493802,0.002785493871,1.70581e-08
0.01501,-0.8065223796,-0.8065223763,3.8661e-09,0.002443626183,0.002443626188,1.14575e-09,0.002793563262,0.002793563332,1.70296e-08
0.01502,-0.806833004,-0.8068330007,3.87337e-09,0.002451692961,0.002451692965,1.14374e-09,0.002801635558,0.002801635627,1.70019e-08
0.01503,-0.8071433102,-0.8071433068,3.88089e-09,0.002459762842,0.002459762847,1.1414e-09,0.002809710686,0.002809710755,1.69757e-08
0.01504,-0.8074532983,-0.807453295,3.88855e-09,0.002467835826,0.00246783583,1.13876e-09,0.002817788643,0.002817788713,1.69514e-08
0.01505,-0.8077629688,-0.8077629655,3.89626e-09,0.002475911907,0.002475911912,1.13583e-09,0.002825869428,0.002825869497,1.69296e-08
0.01506,-0.808072322,-0.8080723186,3.90391e-09,0.002483991084,0.002483991089,1.13266e-09,0.002833953037,0.002833953106,1.6911e-08
0.01507,-0.8083813581,-0.8083813548,3.91135e-09,0.002492073353,0.002492073357,1.12928e-09,0.002842039468,0.002842039537,1.68963e-08
0.01508,-0.8086900775,-0.8086900742,3.91844e-09,0.00250015871,0.002500158715,1.12576e-09,0.002850128719,0.002850128787,1.68861e-08
0.01509,-0.8089984805,-0.8089984771,3.92504e-09,0.002508247153,0.002508247158,1.12214e-09,0.002858220785,0.002858220854,1.68812e-08
0.0151,-0.8093065673,-0.8093065639,3.93095e-09,0.002516338679,0.002516338683,1.11851e-09,0.002866315667,0.002866315735,1.68824e-08
0.01511,-0.8096143383,-0.809614335,3.93599e-09,0.002524433283,0.002524433288,1.11495e-09,0.002874413359,0.002874413428,1.68906e-08
0.01512,-0.8099217938,-0.8099217905,3.93995e-09,0.002532530964,0.002532530969,1.11156e-09,0.002882513861,0.002882513929,1.69067e-08
0.01513,-0.8102289341,-0.8102289308,3.94259e-09,0.002540631718,0.002540631723,1.10842e-09,0.002890617168,0.002890617237,1.69316e-08
0.01514,-0.8105357595,-0.8105357561,3.94241e-09,0.002548735542,0.002548735546,1.10823e-09,0.00289872328,0.002898723349,1.69525e-08
0.01515,-0.8108422703,-0.8108422669,3.93757e-09,0.002556842432,0.002556842437,1.11443e-09,0.002906832193,0.002906832262,1.69377e-08
0.01516,-0.8111484668,-0.8111484634,3.93254e-09,0.002564952386,0.002564952391,1.11786e-09,0.002914943904,0.002914943973,1.6928e-08
0.01517,-0.8114543493,-0.8114543459,3.92703e-09,0.0025730654,0.002573065405,1.11874e-09,0.002923058412,0.002923058481,1.69234e-08
0.01518,-0.8117599181,-0.8117599147,3.92075e-09,0.002581181472,0.002581181477,1.11732e-09,0.002931175713,0.002931175782,1.69236e-08
0.01519,-0.8120651735,-0.8120651702,3.9134e-09,0.002589300598,0.002589300602,1.11379e-09,0.002939295805,0.002939295874,1.69285e-08
0.0152,-0.8123701159,-0.8123701125,3.90471e-09,0.002597422774,0.002597422779,1.10836e-09,0.002947418685,0.002947418754,1.69378e-08
0.01521,-0.8126747454,-0.8126747421,3.89438e-09,0.002605547999,0.002605548003,1.10117e-09,0.002955544351,0.00295554442,1.69514e-08
0.01522,-0.8129790625,-0.8129790591,3.88213e-09,0.002613676268,0.002613676273,1.09239e-09,0.002963672801,0.00296367287,1.6969e-08
0.01523,-0.8132830674,-0.813283064,3.86765e-09,0.002621807579,0.002621807584,1.08213e-09,0.002971804031,0.0029718041,1.69905e-08
0.01524,-0.8135867604,-0.8135867571,3.85317e-09,0.002629941929,0.002629941933,1.07124e-09,0.002979938039,0.002979938108,1.70148e-08
0.01525,-0.8138901419,-0.8138901386,3.85792e-09,0.002638079313,0.002638079318,1.06535e-09,0.002988074823,0.002988074892,1.70354e-08
0.01526,-0.8141932121,-0.8141932088,3.86287e-09,0.00264621973,0.002646219735,1.05922e-09,0.00299621438,0.002996214449,1.70583e-08
0.01527,-0.8144959713,-0.814495968,3.86797e-09,0.002654363176,0.002654363181,1.05298e-09,0.003004356707,0.003004356777,1.7083e-08
0.01528,-0.8147984199,-0.8147984166,3.87312e-09,0.002662509649,0.002662509653,1.04672e-09,0.003012501802,0.003012501872,1.71094e-08
0.01529,-0.8151005581,-0.8151005548,3.87826e-09,0.002670659144,0.002670659148,1.04054e-09,0.003020649663,0.003020649733,1.71372e-08
0.0153,-0.8154023863,-0.8154023829,3.88331e-09,0.002678811659,0.002678811663,1.03453e-09,0.003028800287,0.003028800357,1.7166e-08
0.01531,-0.8157039046,-0.8157039013,3.88821e-09,0.00268696719,0.002686967195,1.02875e-09,0.003036953671,0.003036953741,1.71958e-08
0.01532,-0.8160051136,-0.8160051102,3.89288e-09,0.002695125736,0.00269512574,1.02327e-09,0.003045109813,0.003045109883,1.72262e-08
0.01533,-0.8163060133,-0.81630601,3.89727e-09,0.002703287292,0.002703287296,1.01811e-09,0.00305326871,0.00305326878,1.72569e-08
0.01534,-0.8166066043,-0.8166066009,3.90131e-09,0.002711451855,0.002711451859,1.01333e-09,0.00306143036,0.00306143043,1.72878e-08
0.01535,-0.8169068866,-0.8169068833,3.90493e-09,0.002719619423,0.002719619427,1.00893e-09,0.00306959476,0.00306959483,1.73186e-08
0.01536,-0.8172068607,-0.8172068573,3.90807e-09,0.002727789992,0.002727789996,1.00493e-09,0.003077761908,0.003077761978,1.7349e-08
0.01537,-0.8175065268,-0.8175065235,3.91066e-09,0.002735963559,0.002735963563,1.00133e-09,0.003085931801,0.003085931872,1.73789e-08
0.01538,-0.8178058853,-0.8178058819,3.91264e-09,0.002744140121,0.002744140125,9.98131e-10,0.003094104437,0.003094104508,1.74081e-08
0.01539,-0.8181049364,-0.8181049331,3.91394e-09,0.002752319675,0.002752319679,9.95307e-10,0.003102279813,0.003102279884,1.74364e-08
0.0154,-0.8184036805,-0.8184036771,3.9145e-09,0.002760502219,0.002760502223,9.92835e-10,0.003110457926,0.003110457997,1.74636e-08
0.01541,-0.8187021178,-0.8187021144,3.91423e-09,0.002768687748,0.002768687752,9.90683e-10,0.003118638775,0.003118638846,1.74895e-08
0.01542,-0.8190002486,-0.8190002452,3.91307e-09,0.00277687626,0.002776876264,9.8881e-10,0.003126822357,0.003126822428,1.75139e-08
0.01543,-0.8192980732,-0.8192980699,3.91093e-09,0.002785067752,0.002785067756,9.87167e-10,0.003135008668,0.00313500874,1.75368e-08
0.01544,-0.819595592,-0.8195955887,3.90774e-09,0.00279326222,0.002793262224,9.85701e-10,0.003143197707,0.003143197779,1.75581e-08
0.01545,-0.8198928052,-0.8198928019,3.90341e-09,0.002801459663,0.002801459667,9.84352e-10,0.003151389472,0.003151389544,1.75775e-08
0.01546,-0.8201897132,-0.8201897098,3.89786e-09,0.002809660075,0.002809660079,9.83053e-10,0.003159583959,0.003159584031,1.7595e-08
0.01547,-0.8204863161,-0.8204863128,3.89098e-09,0.002817863456,0.00281786346,9.81732e-10,0.003167781166,0.003167781238,1.76106e-08
0.01548,-0.8207826144,-0.8207826111,3.88267e-09,0.002826069801,0.002826069805,9.80316e-10,0.003175981091,0.003175981163,1.76241e-08
0.01549,-0.8210786083,-0.821078605,3.87284e-09,0.002834279107,0.002834279111,9.78723e-10,0.003184183731,0.003184183803,1.76356e-08
0.0155,-0.8213742981,-0.8213742948,3.86136e-09,0.002842491372,0.002842491376,9.7687e-10,0.003192389084,0.003192389156,1.7645e-08
0.01551,-0.8216696842,-0.8216696809,3.84812e-09,0.002850706592,0.002850706596,9.7467e-10,0.003200597147,0.003200597219,1.76524e-08
0.01552,-0.8219647667,-0.8219647634,3.83299e-09,0.002858924764,0.002858924768,9.72034e-10,0.003208807918,0.00320880799,1.76577e-08
0.01553,-0.822259546,-0.8222595428,3.81584e-09,0.002867145886,0.00286714589,9.6887e-10,0.003217021394,0.003217021466,1.7661e-08
0.01554,-0.8225540225,-0.8225540192,3.79652e-09,0.002875369954,0.002875369958,9.65085e-10,0.003225237573,0.003225237645,1.76624e-08
0.01555,-0.8228481963,-0.8228481931,3.78616e-09,0.002883596966,0.00288359697,9.63447e-10,0.003233456452,0.003233456524,1.76578e-08
0.01556,-0.8231420679,-0.8231420646,3.7831e-09,0.002891826917,0.002891826921,9.63483e-10,0.003241678029,0.003241678101,1.76478e-08
0.01557,-0.8234356374,-0.8234356342,3.78017e-09,0.002900059806,0.00290005981,9.63316e-10,0.003249902301,0.003249902373,1.76352e-08
0.01558,-0.8237289052,-0.823728902,3.77737e-09,0.002908295629,0.002908295633,9.62895e-10,0.003258129267,0.003258129338,1.76201e-08
0.01559,-0.8240218716,-0.8240218684,3.7747e-09,0.002916534383,0.002916534387,9.62176e-10,0.003266358922,0.003266358994,1.76027e-08
0.0156,-0.8243145369,-0.8243145336,3.77215e-09,0.002924776065,0.002924776069,9.61114e-10,0.003274591266,0.003274591338,1.75831e-08
0.01561,-0.8246069013,-0.8246068981,3.76974e-09,0.002933020673,0.002933020677,9.59669e-10,0.003282826295,0.003282826367,1.75615e-08
0.01562,-0.8248989652,-0.824898962,3.76743e-09,0.002941268202,0.002941268206,9.57805e-10,0.003291064007,0.003291064079,1.75381e-08
0.01563,-0.8251907289,-0.8251907256,3.76522e-09,0.002949518651,0.002949518655,9.55491e-10,0.0032993044,0.003299304472,1.75131e-08
0.01564,-0.8254821926,-0.8254821893,3.76308e-09,0.002957772016,0.00295777202,9.52699e-10,0.003307547471,0.003307547543,1.74869e-08
0.01565,-0.8257733566,-0.8257733534,3.76099e-09,0.002966028294,0.002966028298,9.49407e-10,0.003315793218,0.003315793289,1.74597e-08
0.01566,-0.8260642213,-0.8260642181,3.75891e-09,0.002974287482,0.002974287486,9.456e-10,0.003324041638,0.003324041709,1.74318e-08
0.01567,-0.8263547869,-0.8263547837,3.75681e-09,0.002982549577,0.002982549581,9.41268e-10,0.003332292729,0.0033322928,1.74037e-08
0.01568,-0.8266450537,-0.8266450505,3.75463e-09,0.002990814577,0.002990814581,9.36409e-10,0.003340546488,0.003340546559,1.73757e-08
0.01569,-0.8269350221,-0.8269350188,3.75233e-09,0.002999082477,0.002999082481,9.31029e-10,0.003348802913,0.003348802984,1.73482e-08
0.0157,-0.8272246922,-0.827224689,3.74984e-09,0.003007353276,0.00300735328,9.25139e-10,0.003357062002,0.003357062073,1.73217e-08
0.01571,-0.8275140645,-0.8275140612,3.74709e-09,0.00301562697,0.003015626974,9.18761e-10,0.003365323752,0.003365323822,1.72967e-08
0.01572,-0.8278031391,-0.8278031359,3.74401e-09,0.003023903556,0.00302390356,9.11926e-10,0.00337358816,0.003373588231,1.72738e-08
0.01573,-0.8280919164,-0.8280919132,3.74051e-09,0.003032183032,0.003032183036,9.04674e-10,0.003381855225,0.003381855295,1.72535e-08
0.01574,-0.8283803967,-0.8283803935,3.7365e-09,0.003040465394,0.003040465397,8.97053e-10,0.003390124943,0.003390125013,1.72364e-08
0.01575,-0.8286685803,-0.8286685771,3.73187e-09,0.003048750639,0.003048750642,8.89125e-10,0.003398397313,0.003398397383,1.72231e-08
0.01576,-0.8289564674,-0.8289564642,3.72651e-09,0.003057038764,0.003057038768,8.8096e-10,0.003406672332,0.003406672402,1.72144e-08
0.01577,-0.8292440584,-0.8292440552,3.7203e-09,0.003065329767,0.003065329771,8.7264e-10,0.003414949997,0.003414950067,1.7211e-08
0.01578,-0.8295313535,-0.8295313503,3.71311e-09,0.003073623644,0.003073623648,8.64261e-10,0.003423230306,0.003423230376,1.72136e-08
0.01579,-0.829818353,-0.8298183499,3.70479e-09,0.003081920393,0.003081920397,8.55931e-10,0.003431513257,0.003431513327,1.72231e-08
0.0158,-0.8301050573,-0.8301050541,3.69518e-09,0.003090220011,0.003090220014,8.47767e-10,0.003439798847,0.003439798918,1.72402e-08
0.01581,-0.8303914666,-0.8303914634,3.68413e-09,0.003098522493,0.003098522497,8.39905e-10,0.003448087075,0.003448087145,1.7266e-08
0.01582,-0.8306775811,-0.830677578,3.67146e-09,0.003106827839,0.003106827842,8.32492e-10,0.003456377936,0.003456378007,1.73013e-08
0.01583,-0.8309634013,-0.8308082828,0.000180504,0.003115136044,0.003109452072,0.00139477,0.00346467143,0.003459019646,0.00138717
0.01584,-0.8312489273,-0.8309003339,0.000405641,0.003123447106,0.003110612287,0.0031495,0.003472967553,0.003460205925,0.0031322
0.01585,-0.8315341595,-0.8309958215,0.000626438,0.003131761022,0.003111847551,0.0048865,0.003481266304,0.003461467245,0.00485946
0.01586,-0.8318190982,-0.8310952996,0.00084225,0.003140077788,0.003113182296,0.0065998,0.003489567679,0.003462827865,0.006563
0.01587,-0.8321037436,-0.8311992935,0.00105246,0.003148397403,0.003114639854,0.00828366,0.003497871677,0.003464310946,0.00823712
0.01588,-0.8323880961,-0.8313083002,0.00125651,0.003156719862,0.003116242453,0.00993262,0.003506178295,0.003465938556,0.0098764
0.01589,-0.8326721558,-0.8314227883,0.00145383,0.003165045163,0.00311801122,0.0115415,0.00351448753,0.003467731667,0.0114757
0.0159,-0.8329559232,-0.8315431979,0.00164392,0.003173373304,0.003119966179,0.0131054,0.003522799381,0.003469710154,0.0130302
0.01591,-0.8332393985,-0.8316699409,0.0018263,0.003181704281,0.003122126252,0.0146197,0.003531113845,0.003471892798,0.0145352
0.01592,-0.833522582,-0.8318034006,0.00200053,0.003190038091,0.003124509262,0.0160799,0.003539430919,0.003474297285,0.0159863
0.01593,-0.8338054739,-0.831943932,0.00216619,0.003198374732,0.003127131925,0.017482,0.003547750602,0.003476940205,0.0173796
0.01594,-0.8340880746,-0.8320918616,0.0023229,0.0032067142,0.003130009859,0.0188222,0.00355607289,0.003479837054,0.0187113
0.01595,-0.8343703844,-0.8322474877,0.00247031,0.003215056492,0.003133157579,0.0200969,0.003564397781,0.003483002229,0.0199777
0.01596,-0.8346524034,-0.8324110801,0.00260812,0.003223401606,0.003136588497,0.0213028,0.003572725274,0.003486449036,0.0211756
0.01597,-0.8349341321,-0.8325828801,0.00273604,0.003231749539,0.003140314924,0.0224369,0.003581055365,0.003490189682,0.022302
0.01598,-0.8352155708,-0.8327631006,0.00285382,0.003240100288,0.003144348069,0.0234963,0.003589388052,0.003494235282,0.0233542
0.01599,-0.8354967196,-0.8329519263,0.00296125,0.00324845385,0.003148698038,0.0244788,0.003597723334,0.003498595853,0.0243298
0.016,-0.8357775789,-0.8331495134,0.00305815,0.003256810221,0.003153373835,0.0253819,0.003606061207,0.003503280318,0.0252264
0.01601,-0.8360581489,-0.8333559895,0.00314437,0.0032651694,0.003158383365,0.0262039,0.003614401669,0.003508296504,0.0260424
0.01602,-0.83633843,-0.8335714541,0.0032198,0.003273531383,0.003163733427,0.026943,0.003622744717,0.003513651142,0.0267758
0.01603,-0.8366184224,-0.8337959781,0.00328434,0.003281896168,0.003169429721,0.0275978,0.003631090351,0.00351934987,0.0274255
0.01604,-0.8368981265,-0.8340296041,0.00333796,0.003290263751,0.003175476842,0.0281672,0.003639438566,0.003525397228,0.0279902
0.01605,-0.8371775424,-0.8342723463,0.00338064,0.003298634129,0.003181878286,0.0286504,0.003647789361,0.003531796661,0.0284691
0.01606,-0.8374566706,-0.8345241904,0.00341239,0.003307007301,0.003188636446,0.0290467,0.003656142734,0.003538550522,0.0288617
0.01607,-0.8377355112,-0.8347850938,0.00343326,0.003315383262,0.003195752612,0.0293558,0.003664498681,0.003545660063,0.0291676
0.01608,-0.8380140646,-0.8350549854,0.00344334,0.00332376201,0.003203226972,0.0295777,0.003672857201,0.003553125446,0.0293869
0.01609,-0.838292331,-0.8353337658,0.00344274,0.003332143542,0.003211058615,0.0297127,0.003681218292,0.003560945734,0.0295196
0.0161,-0.8385703108,-0.8356213073,0.00343161,0.003340527856,0.003219245525,0.0297611,0.00368958195,0.003569118896,0.0295663
0.01611,-0.8388480041,-0.8359174534,0.00341014,0.003348914947,0.003227784584,0.0297238,0.003697948174,0.003577641805,0.0295279
0.01612,-0.8391254113,-0.8362220196,0.00337854,0.003357304815,0.003236671573,0.0296018,0.003706316962,0.00358651024,0.0294053
0.01613,-0.8394025328,-0.8365347928,0.00333705,0.003365697455,0.003245901171,0.0293964,0.00371468831,0.003595718884,0.0291997
0.01614,-0.8396793686,-0.8368555316,0.00328596,0.003374092864,0.003255466955,0.0291092,0.003723062218,0.003605261323,0.0289129
0.01615,-0.8399559192,-0.8371839662,0.00322559,0.003382491041,0.0032653614,0.0287421,0.003731438681,0.003615130051,0.0285467
0.01616,-0.8402321849,-0.8375197982,0.00315627,0.003390891982,0.003275575879,0.0282971,0.003739817699,0.003625316463,0.0281031
0.01617,-0.8405081658,-0.8378627011,0.0030784,0.003399295684,0.003286100662,0.0277766,0.003748199268,0.00363581086,0.0275845
0.01618,-0.8407838624,-0.8382123198,0.00299238,0.003407702144,0.003296924918,0.0271833,0.003756583386,0.00364660245,0.0269936
0.01619,-0.8410592748,-0.8385682708,0.00289866,0.00341611136,0.003308036715,0.0265201,0.003764970052,0.003657679342,0.0263333
0.0162,-0.8413344033,-0.8389301423,0.00279772,0.003424523329,0.003319423016,0.0257902,0.003773359262,0.003669028552,0.0256068
0.01621,-0.8416092483,-0.839297494,0.00269008,0.003432938047,0.003331069686,0.0249972,0.003781751015,0.003680635999,0.0248176
0.01622,-0.84188381,-0.8396698573,0.00257627,0.003441355513,0.003342961485,0.0241446,0.003790145308,0.003692486507,0.0239693
0.01623,-0.8421580887,-0.8400467351,0.00245688,0.003449775722,0.003355082071,0.0232366,0.003798542138,0.003704563807,0.023066
0.01624,-0.8424320846,-0.8404276019,0.00233252,0.003458198673,0.003367414002,0.0222774,0.003806941504,0.003716850531,0.0221118
0.01625,-0.8427057981,-0.840811904,0.00220383,0.003466624363,0.003379938733,0.0212715,0.003815343403,0.003729328218,0.0211115
0.01626,-0.8429792294,-0.8411990589,0.0020715,0.003475052788,0.003392636616,0.0202238,0.003823747833,0.003741977312,0.0200697
0.01627,-0.8432523789,-0.8415884561,0.00193623,0.003483483947,0.003405486903,0.0191394,0.003832154792,0.003754777158,0.0189915
0.01628,-0.8435252467,-0.8419794566,0.00179876,0.003491917835,0.003418467742,0.0180237,0.003840564277,0.003767706011,0.0178823
0.01629,-0.8437978332,-0.8423713927,0.00165988,0.003500354451,0.00343155618,0.0168822,0.003848976285,0.003780741026,0.0167476
0.0163,-0.8440701387,-0.8427635687,0.00152039,0.003508793791,0.003444728163,0.0157209,0.003857390816,0.003793858265,0.0155934
0.01631,-0.8443421634,-0.8431552604,0.00138114,0.003517235853,0.003457958534,0.0145459,0.003865807865,0.003807032695,0.0144257
0.01632,-0.8446139076,-0.8435457149,0.001243,0.003525680633,0.003471221033,0.0133637,0.003874227432,0.003820238186,0.0132511
0.01633,-0.8448853715,-0.8439341513,0.00110689,0.00353412813,0.003484488299,0.012181,0.003882649514,0.003833447513,0.0120761
0.01634,-0.8451565556,-0.8443197601,0.000973739,0.00354257834,0.003497731869,0.0110047,0.003891074108,0.003846632356,0.0109077
0.01635,-0.84542746,-0.8447017035,0.000844528,0.00355103126,0.003510922179,0.00984224,0.003899501212,0.003859763301,0.00975324
0.01636,-0.845698085,-0.845079115,0.000720265,0.003559486888,0.003524028561,0.00870101,0.003907930824,0.003872809836,0.00862006
0.01637,-0.8459684309,-0.8454511002,0.000601993,0.003567945221,0.003537019246,0.00758883,0.003916362942,0.003885740356,0.00751598
0.01638,-0.8462384979,-0.8458167358,0.000490784,0.003576406256,0.003549861364,0.00651377,0.003924797563,0.003898522159,0.00644901
0.01639,-0.8465082865,-0.8461750704,0.000387747,0.00358486999,0.003562520941,0.00548416,0.003933234686,0.003911121447,0.00542745
0.0164,-0.8467777967,-0.8465251242,0.000294023,0.00359333642,0.003574962903,0.00450862,0.003941674307,0.00392350333,0.00445987
0.01641,-0.847047029,-0.8468658888,0.000210784,0.003601805545,0.003587151072,0.00359602,0.003950116424,0.003935631819,0.00355509
0.01642,-0.8473159835,-0.8471963276,0.000139238,0.00361027736,0.00359904817,0.0027555,0.003958561036,0.003947469831,0.00272222
0.01643,-0.8475846606,-0.8475153755,8.06237e-05,0.003618751863,0.003610615815,0.00199648,0.00396700814,0.003958979189,0.00197062
0.01644,-0.8478530605,-0.8478219389,3.62146e-05,0.003627229052,0.003621814526,0.00132865,0.003975457734,0.003970120618,0.00130994
0.01645,-0.8481211835,-0.8481148961,7.31632e-06,0.003635708924,0.003632603716,0.000761977,0.003983909815,0.003980853749,0.000750078
0.01646,-0.8483890299,-0.8483930968,4.73237e-06,0.003644191475,0.003642941699,0.000306679,0.003992364381,0.003991137119,0.000301218
0.01646902883,-0.8486306266,-0.8486306238,3.16319e-09,0.003651852528,0.00365185253,5.0348e-10,0.004,0.004000000072,1.76642e-08
0.01646902883,-0.8486306266,-0.8486306238,3.16319e-09,0.003651852528,0.00365185253,5.0348e-10,0.004,0.004000000072,1.76642e-08
0.01647,-0.8486566,-0.8486565973,3.16158e-09,0.003652676703,0.003652676705,5.02829e-10,0.00400082143,0.004000821502,1.76691e-08
0.01648,-0.848923894,-0.8489238913,3.14502e-09,0.003661164606,0.003661164608,4.96177e-10,0.004009278164,0.004009278246,2.02623e-08
0.01649,-0.8491909122,-0.8491909095,3.12855e-09,0.00366965518,0.003669655182,4.89562e-10,0.004017705795,0.004017705876,1.98631e-08
0.0165,-0.8494576549,-0.8494576522,3.11215e-09,0.003678148423,0.003678148425,4.82982e-10,0.00402603109,0.004026031168,1.9143e-08
0.01651,-0.8497241224,-0.8497241197,3.09582e-09,0.003686644333,0.003686644334,4.76436e-10,0.004034136938,0.004034137013,1.8322e-08
0.01652,-0.8499903149,-0.8499903122,3.07957e-09,0.003695142905,0.003695142907,4.69924e-10,0.004041866647,0.004041866715,1.6779e-08
0.01653,-0.8502562326,-0.85025623,3.0634e-09,0.003703644138,0.00370364414,4.63446e-10,0.004049031674,0.004049031734,1.47164e-08
0.01654,-0.850521876,-0.8505218734,3.04107e-09,0.003712148029,0.003712148031,4.44271e-10,0.004055431586,0.00405543166,1.80991e-08
0.01655,-0.8507872452,-0.8507872426,3.02506e-09,0.003720654575,0.003720654576,4.3788e-10,0.004060954766,0.004060954831,1.60364e-08
0.01656,-0.8510523406,-0.851052338,3.00912e-09,0.003729163773,0.003729163774,4.3152e-10,0.004065555204,0.004065555261,1.40288e-08
0.01657,-0.8513171623,-0.8513171598,2.99326e-09,0.00373767562,0.003737675622,4.2519e-10,0.004069200115,0.004069200164,1.19146e-08
0.01658,-0.8515817108,-0.8515817082,2.97747e-09,0.003746190115,0.003746190117,4.18894e-10,0.004071872886,0.004071872926,9.68018e-09
0.01659,-0.8518459861,-0.8518459836,2.96176e-09,0.003754707254,0.003754707255,4.12631e-10,0.004073575682,0.004073575713,7.51832e-09
0.0166,-0.8521099887,-0.8521099862,2.94612e-09,0.003763227034,0.003763227036,4.06402e-10,0.00407433064,0.004074330663,5.70933e-09
0.01661,-0.8523737188,-0.8523737162,2.93055e-09,0.003771749453,0.003771749454,4.00206e-10,0.004074179658,0.004074179671,3.22681e-09
0.01662,-0.8526371766,-0.8526371741,2.91506e-09,0.003780274507,0.003780274509,3.94043e-10,0.004073182851,0.004073182855,1.00471e-09
0.01663,-0.8529003625,-0.85290036,2.89963e-09,0.003788802195,0.003788802197,3.87913e-10,0.004071415934,0.004071415929,1.27617e-09
0.01664,-0.8531632766,-0.8531632741,2.88429e-09,0.003797332514,0.003797332515,3.81814e-10,0.004068966783,0.004068966769,3.50082e-09
0.01665,-0.8534259194,-0.8534259169,2.86901e-09,0.00380586546,0.003805865461,3.75749e-10,0.004065931534,0.004065931511,5.66118e-09
0.01666,-0.8536882909,-0.8536882885,2.8538e-09,0.003814401031,0.003814401033,3.69715e-10,0.004062410543,0.004062410511,7.6397e-09
0.01667,-0.8539503916,-0.8539503892,2.83867e-09,0.003822939225,0.003822939226,3.63713e-10,0.004058504523,0.004058504484,9.48988e-09
0.01668,-0.8542122217,-0.8542122193,2.82361e-09,0.003831480038,0.00383148004,3.57743e-10,0.004054311099,0.004054311054,1.10923e-08
0.01669,-0.8544737815,-0.8544737791,2.80862e-09,0.003840023468,0.00384002347,3.51805e-10,0.004049921946,0.004049921895,1.23991e-08
0.0167,-0.8547350711,-0.8547350687,2.7937e-09,0.003848569513,0.003848569514,3.45898e-10,0.004045420612,0.004045420557,1.34156e-08
0.01671,-0.8549960905,-0.8549960886,2.19048e-09,0.003857118174,0.00385711817,8.6087e-10,0.004040880468,0.004040880405,1.55236e-08
0.01672,-0.8552568408,-0.855256839,2.17238e-09,0.003865669439,0.003865669435,8.72575e-10,0.004036340884,0.004036340815,1.67086e-08
0.01673,-0.8555173219,-0.85551732,2.21174e-09,0.003874223309,0.003874223306,7.64183e-10,0.004031804401,0.004031804322,1.94172e-08
0.01674,-0.8557775341,-0.8557775321,2.26853e-09,0.003882779783,0.003882779781,6.19292e-10,0.004027271065,0.004027270972,2.26952e-08
0.01675,-0.8560374775,-0.8560374755,2.32295e-09,0.003891338858,0.003891338856,4.79595e-10,0.004022740917,0.004022740811,2.58412e-08
0.01676,-0.8562971524,-0.8562971504,2.38714e-09,0.003899900531,0.003899900529,3.19478e-10,0.004018214005,0.004018213886,2.93197e-08
0.01677,-0.8565565592,-0.8565565571,2.43448e-09,0.003908464799,0.003908464798,1.9504e-10,0.004013690373,0.004013690242,3.21698e-08
0.01678,-0.856815698,-0.8568156959,2.45585e-09,0.00391703166,0.003917031659,1.25531e-10,0.004009170064,0.004009169925,3.40592e-08
0.01679,-0.8570745691,-0.8570348588,4.6209e-05,0.003925601111,0.003924279511,0.000324303,0.004004653124,0.004005346591,0.000170204
0.0168,-0.8573331728,-0.8573320587,1.29647e-06,0.00393417315,0.00393413526,9.29783e-06,0.004000139601,0.004000158965,4.7525e-06
0.01680030964,-0.857341176,-0.8573411739,2.4365e-09,0.003934438616,0.003934438615,1.17073e-10,0.0039999999,0.003999999755,3.56002e-08
0.01680030964,-0.857341176,-0.8573411739,2.4365e-09,0.003934438616,0.003934438615,1.17073e-10,0.0039999999,0.003999999755,3.56002e-08
0.01681,-0.8575915095,-0.8575915074,2.43654e-09,0.003942747774,0.003942747774,9.36043e-11,0.003995629545,0.003995629395,3.6685e-08
0.01682,-0.8578495793,-0.8578495771,2.46945e-09,0.003951324979,0.003951324979,2.54343e-13,0.003991123002,0.003991122843,3.89699e-08
0.01683,-0.8581073825,-0.8581073803,2.5034e-09,0.003959904764,0.003959904764,9.51527e-11,0.003986620014,0.003986619845,4.12814e-08
0.01684,-0.8583649194,-0.8583649172,2.5363e-09,0.003968487125,0.003968487126,1.88195e-10,0.003982120624,0.003982120447,4.35432e-08
0.01685,-0.8586221902,-0.858622188,2.5433e-09,0.003977072061,0.003977072062,2.26551e-10,0.003977624875,0.003977624692,4.48731e-08
0.01686,-0.8588791953,-0.8588042969,8.71556e-05,0.003985659568,0.003983134977,0.000619501,0.003973132811,0.003974443322,0.000321651
0.01687,-0.8591359348,-0.8590627244,8.51914e-05,0.003994249644,0.003991768157,0.000608924,0.00396864448,0.003969926228,0.000314591
0.01687669252,-0.8593076099,-0.8593076078,2.50796e-09,0.004,0.004000000001,2.14619e-10,0.003965642764,0.003965642574,4.64898e-08
0.01687669252,-0.8593076099,-0.8593076078,2.50796e-09,0.004,0.004000000001,2.14619e-10,0.003965642764,0.003965642574,4.64898e-08
0.01688,-0.8593635861,-0.8593636827,1.1245e-07,0.004002842261,0.004002842263,3.65337e-10,0.003964159926,0.003964159736,4.66888e-08
0.01689,-0.8577779136,-0.8577779593,5.31192e-08,0.004011431242,0.004011431267,6.18208e-09,0.003959679194,0.003959679001,4.72896e-08
0.0169,-0.849875607,-0.8498755898,1.99502e-08,0.004019976727,0.004019976753,6.36595e-09,0.003955202327,0.003955202132,4.78905e-08
0.01691,-0.8310490492,-0.8310489959,6.20367e-08,0.004028392301,0.004028392326,6.31418e-09,0.003950729369,0.003950729172,4.84914e-08
0.01692,-0.7970574608,-0.7970573412,1.39152e-07,0.004036547081,0.004036547106,5.96856e-09,0.003946260364,0.003946260164,4.90921e-08
0.01693,-0.744364277,-0.7443640941,2.12828e-07,0.004044270989,0.004044271011,5.53809e-09,0.003941795356,0.003941795154,4.96929e-08
0.01694,-0.6705368644,-0.6705366187,2.85927e-07,0.004051363752,0.004051363772,4.99272e-09,0.003937334388,0.003937334183,5.02935e-08
0.01695,-0.582279898,-0.5822794863,4.79114e-07,0.004057632347,0.004057632371,5.88004e-09,0.003932877502,0.003932877295,5.08987e-08
0.01696,-0.4890923269,-0.4890919118,4.82988e-07,0.004062992895,0.004062992915,4.79519e-09,0.003928424743,0.003928424533,5.14993e-08
0.01697,-0.3921523451,-0.392151932,4.80691e-07,0.004067401637,0.004067401653,3.90536e-09,0.003923976153,0.003923975941,5.20998e-08
0.01698,-0.2930562074,-0.2930557956,4.79196e-07,0.00407082872,0.004070828732,3.06246e-09,0.003919531775,0.00391953156,5.27002e-08
0.01699,-0.1937031093,-0.1937027029,4.72849e-07,0.004073261885,0.004073261894,2.18258e-09,0.003915091651,0.003915091434,5.33006e-08
0.017,-0.09615004767,-0.09614963716,4.77699e-07,0.004074708779,0.004074708786,1.71761e-09,0.003910655824,0.003910655604,5.39008e-08
0.01701,-0.002462744903,-0.00246232624,4.87177e-07,0.004075197783,0.004075197788,1.25196e-09,0.003906224336,0.003906224114,5.4501e-08
0.01702,0.08542500096,0.08542542412,4.92408e-07,0.004074777391,0.004074777392,4.11375e-10,0.00390179723,0.003901797005,5.51011e-08
0.01703,0.1658317969,0.1658322252,4.98384e-07,0.004073514256,0.004073514255,4.65719e-10,0.003897374547,0.00389737432,5.57011e-08
0.01704,0.2374198975,0.2374203237,4.95897e-07,0.004071490194,0.004071490189,1.37328e-09,0.003892956329,0.0038929561,5.63011e-08
0.01705,0.2992517187,0.2992521283,4.76678e-07,0.004068798426,0.004068798416,2.42593e-09,0.003888542618,0.003888542386,5.69009e-08
0.01706,0.3508104391,0.3508108185,4.41466e-07,0.004065539449,0.004065539435,3.49753e-09,0.003884133456,0.003884133221,5.75007e-08
0.01707,0.3919875142,0.3919878559,3.97642e-07,0.004061816865,0.004061816846,4.47781e-09,0.003879728883,0.003879728647,5.81003e-08
0.01708,0.4230429871,0.423043285,3.46695e-07,0.004057733473,0.004057733451,5.36203e-09,0.003875328942,0.003875328703,5.86999e-08
0.01709,0.4445463704,0.4445466158,2.856e-07,0.004053387873,0.004053387848,6.16613e-09,0.003870933673,0.003870933431,5.92994e-08
0.0171,0.4573064451,0.4573066298,2.14852e-07,0.004048871711,0.004048871682,7.03162e-09,0.003866543116,0.003866542872,5.98987e-08
0.01711,0.4622978079,0.4622978901,9.56489e-08,0.004044267655,0.004044267622,8.24752e-09,0.003862157314,0.003862157068,6.0498e-08
0.01712,0.4622132468,0.4622133047,6.73166e-08,0.004039644113,0.004039644076,9.10551e-09,0.00385777631,0.003857776058,6.19123e-08
0.01713,0.4618825549,0.4618826103,6.44703e-08,0.004035023634,0.004035023592,1.02824e-08,0.00385340014,0.003853399883,6.32683e-08
0.01714,0.4615462703,0.461546323,6.13412e-08,0.004030406489,0.004030406442,1.15273e-08,0.003849028846,0.003849028583,6.46702e-08
0.01715,0.4612044242,0.4612044756,5.98165e-08,0.004025792733,0.004025792684,1.21889e-08,0.003844662466,0.003844662199,6.56548e-08
0.01716,0.4608570495,0.4608571007,5.96293e-08,0.004021182422,0.004021182371,1.23706e-08,0.00384030104,0.00384030077,6.62953e-08
0.01717,0.4605041796,0.460504231,5.9805e-08,0.004016575611,0.00401657556,1.2424e-08,0.003835944609,0.003835944337,6.68434e-08
0.01718,0.460145847,0.4605495574,0.000469778,0.004011972355,0.004014319583,0.000575979,0.003831593213,0.003833804357,0.000542701
0.01719,0.4597820839,0.4594651076,0.00036885,0.00400737271,0.004010386896,0.000739642,0.003827246892,0.003830077272,0.000694686
0.0172,0.4594129228,0.4582078477,0.00140229,0.004002776729,0.004003755236,0.000240113,0.003822905685,0.003823813948,0.000222923
0.01720604578,0.4591871314,0.4591871849,6.22667e-08,0.0039999999,0.003999999852,1.1896e-08,0.003820283583,0.003820283305,6.83887e-08
0.01720604578,0.4591871314,0.4591871849,6.22667e-08,0.0039999999,0.003999999852,1.1896e-08,0.003820283583,0.003820283305,6.83887e-08
0.01721,0.4590383961,0.4590384495,6.21493e-08,0.003998184467,0.003998184418,1.19854e-08,0.003818569631,0.003818569352,6.86524e-08
0.01722,0.4586585373,0.4586585885,5.96363e-08,0.003993595982,0.003993595929,1.29963e-08,0.003814238773,0.003814238489,6.98957e-08
0.01723,0.4582733763,0.4582734248,5.64767e-08,0.003989011322,0.003989011264,1.42343e-08,0.003809913148,0.003809912857,7.13083e-08
0.01724,0.4578829429,0.4578829898,5.46417e-08,0.003984430539,0.003984430478,1.50003e-08,0.003805592791,0.003805592496,7.23776e-08
0.01725,0.4574872682,0.4574873149,5.43985e-08,0.003979853684,0.003979853622,1.52004e-08,0.003801277742,0.003801277445,7.30337e-08
0.01726,0.4570863843,0.4570864313,5.46025e-08,0.003975280811,0.003975280749,1.52421e-08,0.00379696804,0.00379696774,7.35733e-08
0.01727,0.4566803226,0.4566803699,5.50274e-08,0.003970711973,0.003970711911,1.51992e-08,0.003792663724,0.003792663422,7.40583e-08
0.01728,0.4562691138,0.4562691617,5.57973e-08,0.00396614722,0.003966147159,1.50232e-08,0.003788364831,0.003788364528,7.44605e-08
0.01729,0.4558527888,0.4558528374,5.6619e-08,0.003961586605,0.003961586545,1.48215e-08,0.003784071401,0.003784071096,7.48532e-08
0.0173,0.4554313785,0.4554314276,5.7109e-08,0.003957030179,0.003957030119,1.47442e-08,0.003779783471,0.003779783164,7.53274e-08
0.01731,0.4550049131,0.4550049627,5.76786e-08,0.003952477992,0.003952477933,1.46256e-08,0.00377550108,0.003775500771,7.57867e-08
0.01732,0.454573423,0.4545734731,5.81973e-08,0.003947930096,0.003947930036,1.45251e-08,0.003771224263,0.003771223953,7.6258e-08
0.01733,0.4541369383,0.4541369888,5.86992e-08,0.003943386539,0.00394338648,1.44271e-08,0.00376695306,0.003766952748,7.67346e-08
0.01734,0.453695489,0.4536955398,5.92086e-08,0.003938847372,0.003938847313,1.43229e-08,0.003762687508,0.003762687193,7.72107e-08
0.01735,0.453249105,0.4532491562,5.95802e-08,0.003934312644,0.003934312586,1.42769e-08,0.003758427643,0.003758427326,7.77159e-08
0.01736,0.4527978158,0.4527978674,6.00987e-08,0.003929782404,0.003929782346,1.41658e-08,0.003754173503,0.003754173184,7.81904e-08
0.01737,0.4523416513,0.4523417032,6.03998e-08,0.003925256702,0.003925256645,1.41499e-08,0.003749925124,0.003749924803,7.87123e-08
0.01738,0.4518806406,0.4518806929,6.09297e-08,0.003920735586,0.003920735529,1.40334e-08,0.003745682543,0.003745682221,7.91832e-08
0.01739,0.4514148133,0.4514148659,6.11879e-08,0.003916219104,0.003916219047,1.40363e-08,0.003741445798,0.003741445473,7.97118e-08
0.0174,0.4509441982,0.4509442512,6.1724e-08,0.003911707304,0.003911707247,1.39176e-08,0.003737214924,0.003737214597,8.01774e-08
0.01741,0.4504688247,0.450468878,6.20245e-08,0.003907200234,0.003907200178,1.39021e-08,0.003732989957,0.003732989628,8.06933e-08
0.01742,0.4499887214,0.449988775,6.23337e-08,0.003902697942,0.003902697885,1.38832e-08,0.003728770934,0.003728770603,8.12052e-08
0.01743,0.4495039171,0.449503971,6.26224e-08,0.003898200474,0.003898200418,1.38738e-08,0.003724557891,0.003724557558,8.172e-08
0.01744,0.4490144405,0.4490144945,6.2805e-08,0.003893707878,0.003893707822,1.39114e-08,0.003720350864,0.003720350528,8.22566e-08
0.01745,0.4485203201,0.4485203741,6.28372e-08,0.0038892202,0.003889220143,1.40155e-08,0.003716149888,0.00371614955,8.28229e-08
0.01746,0.4480215841,0.4480216381,6.27776e-08,0.003884737487,0.003884737429,1.41599e-08,0.003711954999,0.003711954659,8.34116e-08
0.01747,0.4475182606,0.4475183145,6.27287e-08,0.003880259784,0.003880259726,1.42996e-08,0.003707766232,0.00370776589,8.39971e-08
0.01748,0.4470103777,0.4470104316,6.26572e-08,0.003875787137,0.003875787078,1.44489e-08,0.003703583623,0.003703583278,8.4587e-08
0.01749,0.4464979633,0.4464980171,6.26065e-08,0.003871319592,0.003871319532,1.45884e-08,0.003699407206,0.003699406859,8.51726e-08
0.0175,0.4459810451,0.4459810989,6.26153e-08,0.003866857193,0.003866857133,1.47006e-08,0.003695237017,0.003695236668,8.57467e-08
0.01751,0.4454596509,0.4454597046,6.24875e-08,0.003862399986,0.003862399925,1.48738e-08,0.003691073091,0.003691072739,8.63425e-08
0.01752,0.444933808,0.4449338616,6.23503e-08,0.003857948015,0.003857947954,1.50508e-08,0.003686915461,0.003686915107,8.69391e-08
0.01753,0.444403544,0.4444035975,6.22209e-08,0.003853501325,0.003853501263,1.52237e-08,0.003682764164,0.003682763807,8.75351e-08
0.01754,0.4438688859,0.4438689393,6.21199e-08,0.003849059959,0.003849059896,1.53836e-08,0.003678619232,0.003678618873,8.81293e-08
0.01755,0.443329861,0.4433299143,6.20017e-08,0.003844623962,0.003844623899,1.5551e-08,0.003674480701,0.00367448034,8.8726e-08
0.01756,0.4427864962,0.4427865494,6.18566e-08,0.003840193377,0.003840193313,1.57303e-08,0.003670348605,0.003670348241,8.93223e-08
0.01757,0.4422388184,0.4422388714,6.17328e-08,0.003835768247,0.003835768182,1.58999e-08,0.003666222976,0.00366622261,8.99181e-08
0.01758,0.4416868542,0.4416869071,6.16454e-08,0.003831348615,0.003831348549,1.6053e-08,0.00366210385,0.003662103481,9.05138e-08
0.01759,0.4411306302,0.4411306831,6.15801e-08,0.003826934524,0.003826934458,1.6196e-08,0.00365799126,0.003657990889,9.11087e-08
0.0176,0.440570173,0.4405702258,6.14769e-08,0.003822526017,0.00382252595,1.6356e-08,0.003653885239,0.003653884865,9.17056e-08
0.01761,0.4400055088,0.4400055616,6.13767e-08,0.003818123135,0.003818123068,1.65147e-08,0.003649785821,0.003649785445,9.23006e-08
0.01762,0.4394366639,0.4394367166,6.12877e-08,0.003813725921,0.003813725853,1.66682e-08,0.003645693039,0.00364569266,9.28929e-08
0.01763,0.4388636643,0.4388637169,6.12233e-08,0.003809334416,0.003809334347,1.68104e-08,0.003641606925,0.003641606545,9.34815e-08
0.01764,0.4382865361,0.4382865886,6.11293e-08,0.003804948661,0.003804948592,1.69661e-08,0.003637527514,0.003637527131,9.40687e-08
0.01765,0.4377053049,0.4377053574,6.10348e-08,0.003800568699,0.003800568629,1.7122e-08,0.003633454838,0.003633454452,9.46538e-08
0.01766,0.4371199966,0.437120049,6.09518e-08,0.003796194569,0.003796194498,1.72725e-08,0.003629388929,0.003629388541,9.52373e-08
0.01767,0.4365306367,0.436530689,6.08903e-08,0.003791826312,0.003791826241,1.74131e-08,0.00362532982,0.00362532943,9.582e-08
0.01768,0.4359372507,0.4359373029,6.08333e-08,0.00378746397,0.003787463898,1.75514e-08,0.003621277544,0.003621277151,9.64046e-08
0.01769,0.4353398638,0.435339916,6.07517e-08,0.003783107581,0.003783107509,1.7701e-08,0.003617232132,0.003617231737,9.69926e-08
0.0177,0.4347385014,0.4347385535,6.06569e-08,0.003778757186,0.003778757113,1.78564e-08,0.003613193617,0.00361319322,9.75769e-08
0.01771,0.4341331885,0.4341332405,6.05821e-08,0.003774412824,0.003774412751,1.80025e-08,0.003609162031,0.003609161631,9.81676e-08
0.01772,0.43352395,0.433524002,6.05165e-08,0.003770074535,0.003770074461,1.81444e-08,0.003605137405,0.003605137002,9.8763e-08
0.01773,0.4329108108,0.4329108628,6.0454e-08,0.003765742358,0.003765742284,1.82849e-08,0.003601119771,0.003601119366,9.9361e-08
0.01774,0.4322937957,0.4322938476,6.03926e-08,0.003761416332,0.003761416257,1.84247e-08,0.00359710916,0.003597108753,9.99599e-08
0.01775,0.4316729291,0.431672981,6.03341e-08,0.003757096495,0.00375709642,1.85633e-08,0.003593105605,0.003593105195,1.00558e-07
0.01776,0.4310482357,0.4310482875,6.02832e-08,0.003752782886,0.00375278281,1.86985e-08,0.003589109136,0.003589108723,1.01153e-07
0.01777,0.4304197398,0.4304197915,6.02161e-08,0.003748475543,0.003748475467,1.88407e-08,0.003585119784,0.003585119369,1.01749e-07
0.01778,0.4297874656,0.4297875173,6.0141e-08,0.003744174504,0.003744174427,1.89862e-08,0.00358113758,0.003581137163,1.02343e-07
0.01779,0.4291514373,0.4291514889,6.0068e-08,0.003739879807,0.003739879729,1.91305e-08,0.003577162556,0.003577162136,1.02934e-07
0.0178,0.4285116788,0.4285117304,5.99993e-08,0.003735591488,0.00373559141,1.92727e-08,0.003573194741,0.003573194319,1.03524e-07
0.01781,0.4278682141,0.4278682656,5.99357e-08,0.003731309586,0.003731309506,1.94123e-08,0.003569234167,0.003569233742,1.04111e-07
0.01782,0.427221067,0.4272211184,5.98761e-08,0.003727034136,0.003727034057,1.95498e-08,0.003565280863,0.003565280436,1.04698e-07
0.01783,0.4265702611,0.4265703125,5.98168e-08,0.003722765177,0.003722765096,1.96869e-08,0.00356133486,0.003561334431,1.05286e-07
0.01784,0.42591582,0.4259158713,5.97509e-08,0.003718502743,0.003718502662,1.98267e-08,0.003557396188,0.003557395757,1.05877e-07
0.01785,0.425257767,0.4252578183,5.96454e-08,0.003714246872,0.003714246791,1.99842e-08,0.003553464877,0.003553464443,1.06461e-07
0.01786,0.4245961256,0.4245961768,5.95778e-08,0.0037099976,0.003709997518,2.01245e-08,0.003549540957,0.003549540521,1.0705e-07
0.01787,0.423930919,0.4239309701,5.95374e-08,0.003705754962,0.003705754879,2.02522e-08,0.003545624457,0.003545624019,1.07646e-07
0.01788,0.4232621701,0.4232622212,5.95102e-08,0.003701518993,0.00370151891,2.03738e-08,0.003541715408,0.003541714967,1.08246e-07
0.01789,0.4225899021,0.4225899532,5.94868e-08,0.00369728973,0.003697289647,2.04936e-08,0.003537813838,0.003537813394,1.08848e-07
0.0179,0.4219141377,0.4219141888,5.94616e-08,0.003693067207,0.003693067123,2.06141e-08,0.003533919777,0.003533919331,1.09449e-07
0.01791,0.4212348998,0.4212349509,5.9432e-08,0.003688851459,0.003688851374,2.07366e-08,0.003530033253,0.003530032805,1.1005e-07
0.01792,0.420552211,0.420552262,5.93974e-08,0.003684642521,0.003684642436,2.08614e-08,0.003526154297,0.003526153846,1.10646e-07
0.01793,0.4198660938,0.4198661448,5.93593e-08,0.003680440426,0.003680440341,2.09879e-08,0.003522282936,0.003522282483,1.11238e-07
0.01794,0.4191765706,0.4191766216,5.93208e-08,0.00367624521,0.003676245124,2.11147e-08,0.0035184192,0.003518418744,1.11824e-07
0.01795,0.4184836639,0.4184837148,5.92889e-08,0.003672056906,0.003672056819,2.12378e-08,0.003514563117,0.003514562659,1.12407e-07
0.01796,0.4177873957,0.4177874467,5.92638e-08,0.003667875548,0.003667875461,2.13579e-08,0.003510714715,0.003510714255,1.12986e-07
0.01797,0.4170877883,0.4170878392,5.92476e-08,0.003663701169,0.003663701082,2.14737e-08,0.003506874023,0.00350687356,1.13559e-07
0.01798,0.4163848635,0.4163849144,5.92412e-08,0.003659533803,0.003659533715,2.15851e-08,0.003503041069,0.003503040604,1.14129e-07
0.01799,0.4156786433,0.4156786942,5.92433e-08,0.003655373483,0.003655373394,2.16925e-08,0.003499215881,0.003499215414,1.14696e-07
0.018,0.4149691495,0.4149692004,5.92501e-08,0.003651220241,0.003651220152,2.17978e-08,0.003495398487,0.003495398017,1.15264e-07
0.01801,0.4142564037,0.4142564546,5.92541e-08,0.00364707411,0.003647074021,2.19043e-08,0.003491588915,0.003491588443,1.15835e-07
0.01802,0.4135404275,0.4135404784,5.92442e-08,0.003642935124,0.003642935034,2.20171e-08,0.003487787192,0.003487786717,1.16414e-07
0.01803,0.4128212424,0.4128212933,5.91833e-08,0.003638803312,0.003638803222,2.21529e-08,0.003483993345,0.003483992869,1.16979e-07
0.01804,0.4120988697,0.4120989206,5.9185e-08,0.003634678709,0.003634678618,2.22602e-08,0.003480207403,0.003480206924,1.17549e-07
0.01805,0.4113733307,0.4113733816,5.92224e-08,0.003630561345,0.003630561254,2.23512e-08,0.003476429393,0.003476428911,1.18128e-07
0.01806,0.4106446466,0.4106446975,5.92783e-08,0.003626451253,0.003626451161,2.24337e-08,0.00347265934,0.003472658857,1.18713e-07
0.01807,0.4099128383,0.4099128893,5.93398e-08,0.003622348463,0.003622348371,2.25136e-08,0.003468897273,0.003468896787,1.19302e-07
0.01808,0.4091779268,0.4091779779,5.93978e-08,0.003618253006,0.003618252914,2.25949e-08,0.003465143219,0.00346514273,1.19893e-07
0.01809,0.408439933,0.4084399841,5.94464e-08,0.003614164914,0.003614164822,2.26805e-08,0.003461397203,0.003461396712,1.20486e-07
0.0181,0.4076988776,0.4076989288,5.94823e-08,0.003610084217,0.003610084125,2.27717e-08,0.003457659253,0.003457658759,1.21077e-07
0.01811,0.4069547813,0.4069548325,5.95042e-08,0.003606010947,0.003606010853,2.28692e-08,0.003453929394,0.003453928898,1.21665e-07
0.01812,0.4062076646,0.4062077157,5.95121e-08,0.003601945132,0.003601945038,2.29729e-08,0.003450207654,0.003450207156,1.22249e-07
0.01813,0.4054575479,0.405457599,5.95072e-08,0.003597886803,0.003597886709,2.30823e-08,0.003446494058,0.003446493557,1.22828e-07
0.01814,0.4047044516,0.4047045027,5.94904e-08,0.00359383599,0.003593835896,2.31969e-08,0.003442788632,0.003442788129,1.23401e-07
0.01815,0.4039483958,0.403948447,5.95089e-08,0.003589792724,0.003589792629,2.32955e-08,0.003439091402,0.003439090897,1.2397e-07
0.01816,0.4031894008,0.403189452,5.95414e-08,0.003585757032,0.003585756937,2.33875e-08,0.003435402394,0.003435401887,1.24534e-07
0.01817,0.4024274866,0.4024275378,5.95855e-08,0.003581728945,0.003581728849,2.34741e-08,0.003431721634,0.003431721125,1.25094e-07
0.01818,0.4016626731,0.4016627244,5.96421e-08,0.003577708492,0.003577708396,2.3555e-08,0.003428049147,0.003428048635,1.25651e-07
0.01819,0.4008949802,0.4008950315,5.97094e-08,0.003573695701,0.003573695604,2.36308e-08,0.003424384958,0.003424384444,1.26207e-07
0.0182,0.4001244276,0.400124479,5.97831e-08,0.003569690601,0.003569690504,2.37036e-08,0.003420729093,0.003420728576,1.26765e-07
0.01821,0.3993510349,0.3993510864,5.98551e-08,0.003565693221,0.003565693124,2.37771e-08,0.003417081576,0.003417081058,1.27328e-07
0.01822,0.3985748218,0.3985748733,5.99135e-08,0.003561703589,0.003561703492,2.38566e-08,0.003413442433,0.003413441912,1.27901e-07
0.01823,0.3977958077,0.3977958592,5.98874e-08,0.003557721734,0.003557721636,2.39744e-08,0.003409811689,0.003409811165,1.28466e-07
0.01824,0.397014012,0.3970140634,5.98479e-08,0.003553747682,0.003553747584,2.40983e-08,0.003406189367,0.003406188841,1.29025e-07
0.01825,0.3962294538,0.3962295052,5.98422e-08,0.003549781463,0.003549781364,2.42067e-08,0.003402575493,0.003402574965,1.29593e-07
0.01826,0.3954421525,0.3954422039,5.98754e-08,0.003545823102,0.003545823003,2.42973e-08,0.003398970091,0.003398969561,1.30172e-07
0.01827,0.3946521269,0.3946521785,5.99712e-08,0.003541872628,0.003541872529,2.43591e-08,0.003395373186,0.003395372653,1.30763e-07
0.01828,0.3938593962,0.3938594478,6.00669e-08,0.003537930068,0.003537929969,2.44209e-08,0.003391784801,0.003391784266,1.3136e-07
0.01829,0.3930639793,0.3930640309,6.01519e-08,0.003533995449,0.003533995349,2.44873e-08,0.003388204961,0.003388204423,1.31961e-07
0.0183,0.3922658948,0.3922659466,6.02189e-08,0.003530068797,0.003530068697,2.45618e-08,0.003384633689,0.003384633149,1.32564e-07
0.01831,0.3914651616,0.3914652134,6.02634e-08,0.00352615014,0.003526150039,2.46463e-08,0.00338107101,0.003381070467,1.33165e-07
0.01832,0.3906617983,0.3906618501,6.02832e-08,0.003522239503,0.003522239402,2.47421e-08,0.003377516946,0.003377516401,1.33764e-07
0.01833,0.3898558234,0.3898558752,6.02775e-08,0.003518336912,0.003518336811,2.48493e-08,0.003373971522,0.003373970975,1.34357e-07
0.01834,0.3890472552,0.389047307,6.0247e-08,0.003514442395,0.003514442293,2.49677e-08,0.003370434761,0.003370434211,1.34944e-07
0.01835,0.3882361123,0.388236164,6.01927e-08,0.003510555976,0.003510555873,2.5097e-08,0.003366906686,0.003366906133,1.35522e-07
0.01836,0.3874224127,0.3874224644,6.01158e-08,0.003506677681,0.003506677578,2.52365e-08,0.00336338732,0.003363386765,1.3609e-07
0.01837,0.3866061748,0.3866062263,6.00169e-08,0.003502807536,0.003502807432,2.53861e-08,0.003359876686,0.003359876129,1.36648e-07
0.01838,0.3857874164,0.3857874679,5.99799e-08,0.003498945566,0.003498945462,2.5507e-08,0.003356374807,0.003356374248,1.37205e-07
0.01839,0.3849661556,0.3849662071,5.99675e-08,0.003495091796,0.003495091691,2.56165e-08,0.003352881707,0.003352881145,1.37755e-07
0.0184,0.3841424103,0.3841424618,5.99695e-08,0.003491246251,0.003491246146,2.57194e-08,0.003349397406,0.003349396843,1.383e-07
0.01841,0.3833161983,0.3833162499,5.99862e-08,0.003487408955,0.00348740885,2.58155e-08,0.003345921929,0.003345921363,1.38842e-07
0.01842,0.3824875374,0.3824875889,6.00155e-08,0.003483579934,0.003483579829,2.59058e-08,0.003342455297,0.003342454729,1.39382e-07
0.01843,0.3816564451,0.3816564967,6.00521e-08,0.003479759212,0.003479759107,2.59927e-08,0.003338997533,0.003338996963,1.39925e-07
0.01844,0.380822939,0.3808229906,6.00872e-08,0.003475946813,0.003475946707,2.60803e-08,0.003335548658,0.003335548086,1.40474e-07
0.01845,0.3799870365,0.3799870882,6.01078e-08,0.003472142762,0.003472142655,2.61744e-08,0.003332108696,0.003332108121,1.41035e-07
0.01846,0.3791487551,0.3791488067,6.00409e-08,0.003468347081,0.003468346973,2.63082e-08,0.003328677666,0.003328677089,1.41597e-07
0.01847,0.378308112,0.3783081635,5.98783e-08,0.003464559794,0.003464559686,2.64854e-08,0.003325255592,0.003325255013,1.42133e-07
0.01848,0.3774651244,0.3774651758,5.97921e-08,0.003460780926,0.003460780818,2.66281e-08,0.003321842496,0.003321841914,1.4268e-07
0.01849,0.3766198095,0.3766198608,5.97737e-08,0.003457010499,0.003457010391,2.67399e-08,0.003318438397,0.003318437813,1.4324e-07
0.0185,0.3757721841,0.3757722355,5.98434e-08,0.003453248538,0.003453248428,2.68112e-08,0.003315043318,0.003315042732,1.43816e-07
0.01851,0.3749222653,0.3749223168,5.99312e-08,0.003449495063,0.003449494954,2.68742e-08,0.003311657281,0.003311656692,1.44401e-07
0.01852,0.37407007,0.3740701216,6.00201e-08,0.0034457501,0.00344574999,2.69367e-08,0.003308280305,0.003308279714,1.44993e-07
0.01853,0.3732156149,0.3732156665,6.0097e-08,0.003442013669,0.003442013559,2.70044e-08,0.003304912413,0.00330491182,1.4559e-07
0.01854,0.3723589167,0.3723589684,6.01525e-08,0.003438285795,0.003438285684,2.70819e-08,0.003301553624,0.003301553029,1.4619e-07
0.01855,0.371499992,0.3715000438,6.01798e-08,0.003434566498,0.003434566387,2.7172e-08,0.003298203961,0.003298203363,1.46791e-07
0.01856,0.3706388575,0.3706389092,6.0175e-08,0.003430855802,0.003430855691,2.72767e-08,0.003294863443,0.003294862842,1.4739e-07
0.01857,0.3697755294,0.3697755811,6.01358e-08,0.003427153728,0.003427153617,2.73969e-08,0.003291532091,0.003291531488,1.47984e-07
0.01858,0.3689100242,0.3689100758,6.00615e-08,0.003423460299,0.003423460186,2.7533e-08,0.003288209925,0.003288209319,1.48572e-07
0.01859,0.3680423581,0.3680424097,5.99525e-08,0.003419775535,0.003419775422,2.76849e-08,0.003284896965,0.003284896357,1.49152e-07
0.0186,0.3671725475,0.3671725989,5.98096e-08,0.003416099459,0.003416099345,2.78522e-08,0.003281593232,0.003281592622,1.49722e-07
0.01861,0.3663006083,0.3663006596,5.97129e-08,0.003412432091,0.003412431977,2.79981e-08,0.003278298746,0.003278298134,1.50285e-07
0.01862,0.3654265565,0.3654266078,5.96357e-08,0.003408773453,0.003408773339,2.8135e-08,0.003275013527,0.003275012912,1.50838e-07
0.01863,0.3645504083,0.3645504595,5.95671e-08,0.003405123567,0.003405123451,2.82678e-08,0.003271737594,0.003271736977,1.51381e-07
0.01864,0.3636721794,0.3636722306,5.95121e-08,0.003401482452,0.003401482336,2.83944e-08,0.003268470967,0.003268470348,1.51913e-07
0.01865,0.3627918857,0.3627919369,5.94741e-08,0.00339785013,0.003397850013,2.85132e-08,0.003265213665,0.003265213044,1.52436e-07
0.01866,0.361909543,0.3619095941,5.94547e-08,0.003394226621,0.003394226504,2.86234e-08,0.003261965708,0.003261965085,1.5295e-07
0.01867,0.3610251667,0.3610252178,5.94534e-08,0.003390611945,0.003390611828,2.87254e-08,0.003258727116,0.00325872649,1.53459e-07
0.01868,0.3601387726,0.3601388237,5.94666e-08,0.003387006124,0.003387006007,2.88208e-08,0.003255497907,0.003255497279,1.53964e-07
0.01869,0.3592503761,0.3592504272,5.94877e-08,0.003383409177,0.003383409059,2.89125e-08,0.0032522781,0.003252277471,1.54471e-07
0.0187,0.3583599927,0.3583600438,5.95064e-08,0.003379821123,0.003379821005,2.90052e-08,0.003249067715,0.003249067083,1.54982e-07
0.01871,0.3574676376,0.3574676887,5.95081e-08,0.003376241983,0.003376241865,2.91057e-08,0.00324586677,0.003245866136,1.55505e-07
0.01872,0.3565733262,0.3565733773,5.94999e-08,0.003372671777,0.003372671658,2.92106e-08,0.003242675283,0.003242674648,1.56047e-07
0.01873,0.3556770735,0.3556771246,5.94672e-08,0.003369110523,0.003369110404,2.9326e-08,0.003239493274,0.003239492636,1.56609e-07
0.01874,0.3547788947,0.3547789456,5.91896e-08,0.003365558242,0.003365558121,2.95522e-08,0.003236320762,0.003236320121,1.57123e-07
0.01875,0.3538788049,0.3538788557,5.90748e-08,0.003362014951,0.00336201483,2.97045e-08,0.003233157763,0.003233157121,1.57651e-07
0.01876,0.3529768191,0.3529768698,5.90783e-08,0.003358480672,0.00335848055,2.98032e-08,0.003230004297,0.003230003652,1.58192e-07
0.01877,0.352072952,0.3520730028,5.91615e-08,0.003354955421,0.003354955299,2.98658e-08,0.003226860381,0.003226859734,1.58748e-07
0.01878,0.3511672185,0.3511672695,5.92909e-08,0.003351439219,0.003351439097,2.99074e-08,0.003223726034,0.003223725385,1.59316e-07
0.01879,0.3502596334,0.3502596845,5.94383e-08,0.003347932083,0.003347931961,2.99408e-08,0.003220601273,0.003220600621,1.59896e-07
0.0188,0.3493502114,0.3493502626,5.95797e-08,0.003344434032,0.00334443391,2.99768e-08,0.003217486116,0.003217485462,1.60486e-07
0.01881,0.3484389669,0.3484390182,5.96954e-08,0.003340945084,0.003340944962,3.00245e-08,0.003214380581,0.003214379925,1.61085e-07
0.01882,0.3475259146,0.347525966,5.97691e-08,0.003337465259,0.003337465136,3.00912e-08,0.003211284686,0.003211284027,1.61689e-07
0.01883,0.3466110689,0.3466111203,5.97878e-08,0.003333994572,0.003333994449,3.01828e-08,0.003208198447,0.003208197786,1.62297e-07
0.01884,0.3456944441,0.3456944955,5.98141e-08,0.003330533043,0.00333053292,3.02705e-08,0.003205121882,0.003205121218,1.62911e-07
0.01885,0.3447760545,0.3447761059,5.98217e-08,0.003327080689,0.003327080565,3.03664e-08,0.003202055008,0.003202054342,1.63526e-07
0.01886,0.3438559144,0.3438559658,5.9791e-08,0.003323637528,0.003323637403,3.04796e-08,0.003198997843,0.003198997174,1.64138e-07
0.01887,0.3429340379,0.3429340892,5.9724e-08,0.003320203576,0.003320203452,3.0609e-08,0.003195950402,0.003195949731,1.64745e-07
0.01888,0.3420104391,0.3420104904,5.96241e-08,0.003316778852,0.003316778727,3.07532e-08,0.003192912704,0.00319291203,1.65344e-07
0.01889,0.3410851321,0.3410851832,5.94962e-08,0.003313363373,0.003313363247,3.09101e-08,0.003189884764,0.003189884088,1.65934e-07
0.0189,0.3401581307,0.3401581817,5.93456e-08,0.003309957155,0.003309957029,3.10771e-08,0.003186866599,0.003186865921,1.66511e-07
0.01891,0.339229449,0.3392294998,5.91781e-08,0.003306560216,0.003306560089,3.12518e-08,0.003183858227,0.003183857546,1.67074e-07
0.01892,0.3382991005,0.3382991512,5.89992e-08,0.003303172572,0.003303172444,3.14315e-08,0.003180859662,0.003180858979,1.67622e-07
0.01893,0.3373670992,0.3373671498,5.8814e-08,0.003299794239,0.003299794111,3.16142e-08,0.003177870922,0.003177870237,1.68153e-07
0.01894,0.3364334587,0.3364335091,5.86265e-08,0.003296425235,0.003296425106,3.17979e-08,0.003174892022,0.003174891335,1.68667e-07
0.01895,0.3354981925,0.3354982428,5.84576e-08,0.003293065576,0.003293065445,3.19731e-08,0.003171922979,0.00317192229,1.69166e-07
0.01896,0.3345613142,0.3345613644,5.83685e-08,0.003289715277,0.003289715146,3.21117e-08,0.003168963808,0.003168963117,1.69654e-07
0.01897,0.3336228373,0.3336228874,5.8313e-08,0.003286374355,0.003286374223,3.2235e-08,0.003166014526,0.003166013833,1.70129e-07
0.01898,0.3326827751,0.3326828252,5.82929e-08,0.003283042825,0.003283042693,3.23422e-08,0.003163075148,0.003163074453,1.70594e-07
0.01899,0.331741141,0.3317411911,5.83075e-08,0.003279720704,0.003279720572,3.24336e-08,0.003160145689,0.003160144992,1.71053e-07
0.019,0.3307979482,0.3307979984,5.8353e-08,0.003276408007,0.003276407875,3.25108e-08,0.003157226165,0.003157225466,1.71509e-07
0.01901,0.32985321,0.3298532602,5.84226e-08,0.00327310475,0.003273104617,3.25772e-08,0.003154316592,0.003154315891,1.71967e-07
0.01902,0.3289069394,0.3289069897,5.85053e-08,0.003269810948,0.003269810815,3.26375e-08,0.003151416984,0.003151416281,1.72434e-07
0.01903,0.3279591496,0.3279592,5.85865e-08,0.003266526616,0.003266526483,3.26986e-08,0.003148527357,0.003148526653,1.72918e-07
0.01904,0.3270098535,0.3270099039,5.86465e-08,0.00326325177,0.003263251637,3.27691e-08,0.003145647726,0.003145647019,1.73426e-07
0.01905,0.3260590641,0.3260591145,5.86612e-08,0.003259986424,0.00325998629,3.28602e-08,0.003142778106,0.003142777397,1.73969e-07
0.01906,0.3251067942,0.3251068445,5.84381e-08,0.003256730594,0.003256730459,3.30587e-08,0.003139918511,0.0031399178,1.74514e-07
0.01907,0.3241530566,0.3241531067,5.82072e-08,0.003253484293,0.003253484158,3.32603e-08,0.003137068957,0.003137068243,1.75033e-07
0.01908,0.3231978641,0.323197914,5.81272e-08,0.003250247537,0.003250247401,3.33936e-08,0.003134229457,0.003134228742,1.75556e-07
0.01909,0.3222412293,0.3222412792,5.81419e-08,0.003247020341,0.003247020204,3.3484e-08,0.003131400027,0.003131399309,1.76085e-07
0.0191,0.3212831648,0.3212832148,5.822e-08,0.003243802717,0.003243802581,3.35457e-08,0.00312858068,0.003128579961,1.76622e-07
0.01911,0.3203236831,0.3203237333,5.83344e-08,0.003240594682,0.003240594545,3.35909e-08,0.003125771432,0.00312577071,1.77167e-07
0.01912,0.3193627969,0.3193628471,5.84625e-08,0.003237396248,0.003237396111,3.36299e-08,0.003122972295,0.003122971571,1.7772e-07
0.01913,0.3184005184,0.3184005688,5.85854e-08,0.003234207431,0.003234207293,3.36712e-08,0.003120183285,0.003120182559,1.78281e-07
0.01914,0.3174368601,0.3174369105,5.86877e-08,0.003231028242,0.003231028105,3.37217e-08,0.003117404415,0.003117403687,1.7885e-07
0.01915,0.3164718341,0.3164718846,5.87574e-08,0.003227858698,0.00322785856,3.37869e-08,0.003114635699,0.003114634968,1.79424e-07
0.01916,0.3155054529,0.3155055034,5.87848e-08,0.00322469881,0.003224698672,3.38711e-08,0.003111877151,0.003111876418,1.80003e-07
0.01917,0.3145377284,0.3145377789,5.87629e-08,0.003221548593,0.003221548455,3.39777e-08,0.003109128784,0.003109128048,1.80584e-07
0.01918,0.3135686729,0.3135687234,5.86998e-08,0.00321840806,0.003218407921,3.41027e-08,0.003106390612,0.003106389874,1.81165e-07
0.01919,0.3125982984,0.3125983488,5.86528e-08,0.003215277224,0.003215277085,3.42201e-08,0.003103662648,0.003103661908,1.81748e-07
0.0192,0.3116266167,0.3116266671,5.85761e-08,0.003212156098,0.003212155958,3.43507e-08,0.003100944906,0.003100944163,1.82329e-07
0.01921,0.31065364,0.3106536902,5.84736e-08,0.003209044696,0.003209044555,3.44929e-08,0.003098237399,0.003098236654,1.82903e-07
0.01922,0.30967938,0.3096794301,5.835e-08,0.00320594303,0.003205942888,3.46444e-08,0.00309554014,0.003095539392,1.83471e-07
0.01923,0.3087038485,0.3087038985,5.82107e-08,0.003202851112,0.003202850971,3.4803e-08,0.003092853141,0.003092852391,1.8403e-07
0.01924,0.3077270573,0.3077271072,5.80613e-08,0.003199768957,0.003199768814,3.4966e-08,0.003090176416,0.003090175664,1.84578e-07
0.01925,0.306749018,0.3067490678,5.79073e-08,0.003196696575,0.003196696432,3.51311e-08,0.003087509978,0.003087509224,1.85114e-07
0.01926,0.3057697424,0.305769792,5.77536e-08,0.00319363398,0.003193633837,3.5296e-08,0.003084853839,0.003084853083,1.85637e-07
0.01927,0.3047892419,0.3047892914,5.76045e-08,0.003190581184,0.00319058104,3.54588e-08,0.003082208012,0.003082207254,1.86145e-07
0.01928,0.303807528,0.3038075774,5.74627e-08,0.0031875382,0.003187538054,3.56182e-08,0.00307957251,0.003079571749,1.8664e-07
0.01929,0.3028246123,0.3028246616,5.73296e-08,0.003184505038,0.003184504892,3.57738e-08,0.003076947344,0.003076946581,1.87122e-07
0.0193,0.3018405061,0.3018405553,5.72547e-08,0.003181481711,0.003181481565,3.59028e-08,0.003074332527,0.003074331762,1.87593e-07
0.01931,0.3008552206,0.3008552698,5.72335e-08,0.003178468232,0.003178468085,3.60073e-08,0.003071728071,0.003071727305,1.88055e-07
0.01932,0.2998687672,0.2998688164,5.72442e-08,0.003175464611,0.003175464464,3.60973e-08,0.003069133988,0.00306913322,1.88511e-07
0.01933,0.2988811571,0.2988812064,5.72837e-08,0.00317247086,0.003172470713,3.61742e-08,0.003066550291,0.003066549521,1.88963e-07
0.01934,0.2978924015,0.2978924508,5.73459e-08,0.003169486991,0.003169486843,3.62407e-08,0.00306397699,0.003063976218,1.89417e-07
0.01935,0.2969025115,0.2969025608,5.74216e-08,0.003166513016,0.003166512868,3.63011e-08,0.003061414098,0.003061413325,1.89878e-07
0.01936,0.295911498,0.2959115474,5.74979e-08,0.003163548945,0.003163548796,3.63611e-08,0.003058861627,0.003058860851,1.90352e-07
0.01937,0.2949193722,0.2949194216,5.75581e-08,0.003160594789,0.003160594641,3.64283e-08,0.003056319588,0.00305631881,1.90847e-07
0.01938,0.2939261448,0.2939261943,5.75812e-08,0.003157650561,0.003157650412,3.65122e-08,0.003053787992,0.003053787212,1.91372e-07
0.01939,0.2929318269,0.2929318762,5.73429e-08,0.00315471627,0.00315471612,3.67138e-08,0.003051266851,0.003051266069,1.91912e-07
0.0194,0.2919364292,0.2919364783,5.70453e-08,0.003151791928,0.003151791777,3.69421e-08,0.003048756176,0.003048755392,1.92431e-07
0.01941,0.2909399625,0.2909400114,5.68831e-08,0.003148877545,0.003148877394,3.71095e-08,0.003046255978,0.003046255192,1.92943e-07
0.01942,0.2899424375,0.2899424863,5.68755e-08,0.003145973132,0.00314597298,3.72068e-08,0.003043766269,0.003043765481,1.93454e-07
0.01943,0.2889438648,0.2889439137,5.69444e-08,0.0031430787,0.003143078548,3.72695e-08,0.003041287059,0.003041286269,1.93965e-07
0.01944,0.287944255,0.287944304,5.70621e-08,0.003140194258,0.003140194106,3.73102e-08,0.003038818359,0.003038817567,1.94481e-07
0.01945,0.2869436187,0.2869436679,5.72048e-08,0.003137319818,0.003137319666,3.73395e-08,0.00303636018,0.003036359386,1.95003e-07
0.01946,0.2859419664,0.2859420157,5.73528e-08,0.003134455389,0.003134455237,3.73664e-08,0.003033912533,0.003033911736,1.95531e-07
0.01947,0.2849393085,0.2849393579,5.74896e-08,0.003131600982,0.003131600829,3.73983e-08,0.003031475427,0.003031474628,1.96067e-07
0.01948,0.2839356554,0.2839357049,5.76019e-08,0.003128756606,0.003128756453,3.74411e-08,0.003029048875,0.003029048074,1.96611e-07
0.01949,0.2829310175,0.2829310671,5.76793e-08,0.003125922272,0.003125922119,3.74995e-08,0.003026632885,0.003026632082,1.97162e-07
0.0195,0.281925405,0.2819254546,5.7714e-08,0.003123097989,0.003123097836,3.75773e-08,0.003024227468,0.003024226663,1.97719e-07
0.01951,0.2809188281,0.2809188777,5.77e-08,0.003120283767,0.003120283613,3.76768e-08,0.003021832636,0.003021831828,1.98281e-07
0.01952,0.279911297,0.2799113465,5.76336e-08,0.003117479615,0.003117479461,3.78001e-08,0.003019448396,0.003019447586,1.98846e-07
0.01953,0.2789028218,0.2789028713,5.75521e-08,0.003114685544,0.003114685389,3.79298e-08,0.00301707476,0.003017073948,1.99413e-07
0.01954,0.2778934126,0.277893462,5.74587e-08,0.003111901562,0.003111901407,3.80646e-08,0.003014711738,0.003014710923,1.9998e-07
0.01955,0.2768830795,0.2768831287,5.73366e-08,0.003109127679,0.003109127523,3.82122e-08,0.003012359338,0.003012358521,2.00545e-07
0.01956,0.2758718322,0.2758718814,5.71907e-08,0.003106363903,0.003106363747,3.83704e-08,0.003010017572,0.003010016753,2.01105e-07
0.01957,0.2748596809,0.2748597299,5.70266e-08,0.003103610245,0.003103610088,3.85367e-08,0.003007686448,0.003007685627,2.01658e-07
0.01958,0.2738466353,0.2738466842,5.68501e-08,0.003100866713,0.003100866555,3.87084e-08,0.003005365977,0.003005365153,2.02203e-07
0.01959,0.2728327053,0.272832754,5.66674e-08,0.003098133315,0.003098133157,3.8883e-08,0.003003056166,0.00300305534,2.02737e-07
0.0196,0.2718179006,0.2718179491,5.6484e-08,0.003095410061,0.003095409902,3.90578e-08,0.003000757027,0.003000756199,2.03259e-07
0.01961,0.2708022309,0.2708022793,5.6305e-08,0.00309269696,0.0030926968,3.92305e-08,0.002998468568,0.002998467737,2.03768e-07
0.01962,0.2697857059,0.2697857541,5.61347e-08,0.00308999402,0.003089993859,3.93994e-08,0.002996190797,0.002996189965,2.04263e-07
0.01963,0.2687683352,0.2687683833,5.59762e-08,0.003087301249,0.003087301087,3.95629e-08,0.002993923725,0.002993922891,2.04743e-07
0.01964,0.2677501284,0.2677501764,5.58362e-08,0.003084618656,0.003084618494,3.97182e-08,0.002991667361,0.002991666525,2.0521e-07
0.01965,0.2667310949,0.2667311428,5.57719e-08,0.003081946249,0.003081946086,3.98388e-08,0.002989421712,0.002989420874,2.05664e-07
0.01966,0.2657112442,0.2657112921,5.57425e-08,0.003079284036,0.003079283874,3.99437e-08,0.002987186788,0.002987185948,2.06107e-07
0.01967,0.2646905858,0.2646906337,5.57475e-08,0.003076632026,0.003076631863,4.0033e-08,0.002984962597,0.002984961756,2.06541e-07
0.01968,0.2636691289,0.2636691768,5.57839e-08,0.003073990227,0.003073990064,4.01081e-08,0.002982749149,0.002982748306,2.06969e-07
0.01969,0.262646883,0.262646931,5.58462e-08,0.003071358646,0.003071358483,4.01714e-08,0.002980546451,0.002980545606,2.07396e-07
0.0197,0.2616238572,0.2616239053,5.59261e-08,0.003068737292,0.003068737128,4.02268e-08,0.002978354512,0.002978353666,2.07826e-07
0.01971,0.2606000608,0.260600109,5.6012e-08,0.003066126172,0.003066126008,4.02794e-08,0.002976173341,0.002976172492,2.08266e-07
0.01972,0.2595755031,0.2595755513,5.60886e-08,0.003063525293,0.003063525129,4.03361e-08,0.002974002945,0.002974002094,2.08723e-07
0.01973,0.258550193,0.2585502412,5.61372e-08,0.003060934664,0.003060934499,4.04053e-08,0.002971843332,0.00297184248,2.09205e-07
0.01974,0.2575241396,0.2575241879,5.61348e-08,0.003058354292,0.003058354127,4.04976e-08,0.002969694512,0.002969693657,2.09722e-07
0.01975,0.2564973521,0.2564974,5.5773e-08,0.003055784184,0.003055784018,4.0751e-08,0.002967556491,0.002967555634,2.10262e-07
0.01976,0.2554698393,0.2554698871,5.55359e-08,0.003053224347,0.00305322418,4.09482e-08,0.002965429277,0.002965428418,2.10779e-07
0.01977,0.2544416103,0.2544416579,5.54479e-08,0.003050674789,0.003050674622,4.10783e-08,0.002963312879,0.002963312018,2.11279e-07
0.01978,0.2534126738,0.2534127214,5.5455e-08,0.003048135517,0.003048135349,4.11657e-08,0.002961207303,0.002961206441,2.11769e-07
0.01979,0.2523830387,0.2523830864,5.55285e-08,0.003045606538,0.00304560637,4.12231e-08,0.002959112559,0.002959111694,2.12254e-07
0.0198,0.2513527139,0.2513527617,5.56435e-08,0.003043087859,0.00304308769,4.12619e-08,0.002957028652,0.002957027785,2.12737e-07
0.01981,0.250321708,0.250321756,5.57786e-08,0.003040579486,0.003040579318,4.12917e-08,0.002954955591,0.002954954722,2.13223e-07
0.01982,0.2492900299,0.2492900779,5.59157e-08,0.003038081427,0.003038081258,4.13204e-08,0.002952893382,0.002952892512,2.13714e-07
0.01983,0.2482576881,0.2482577362,5.60397e-08,0.003035593687,0.003035593519,4.1355e-08,0.002950842034,0.002950841161,2.14211e-07
0.01984,0.2472246912,0.2472247394,5.61382e-08,0.003033116275,0.003033116106,4.1401e-08,0.002948801553,0.002948800678,2.14715e-07
0.01985,0.2461910479,0.2461910962,5.62013e-08,0.003030649196,0.003030649027,4.14628e-08,0.002946771946,0.00294677107,2.15228e-07
0.01986,0.2451567666,0.2451568149,5.62212e-08,0.003028192456,0.003028192287,4.15441e-08,0.002944753221,0.002944752342,2.15748e-07
0.01987,0.2441218558,0.2441219041,5.61943e-08,0.003025746063,0.003025745893,4.16463e-08,0.002942745384,0.002942744503,2.16276e-07
0.01988,0.243086324,0.2430863722,5.6173e-08,0.003023310021,0.003023309851,4.17455e-08,0.002940748442,0.002940747558,2.16809e-07
0.01989,0.2420501795,0.2420502277,5.61173e-08,0.003020884338,0.003020884167,4.186e-08,0.002938762401,0.002938761516,2.17348e-07
0.0199,0.2410134306,0.2410134788,5.60292e-08,0.003018469019,0.003018468848,4.19889e-08,0.002936787269,0.002936786382,2.17889e-07
0.01991,0.2399760858,0.2399761339,5.59118e-08,0.003016064071,0.0030160639,4.21309e-08,0.002934823052,0.002934822162,2.18432e-07
0.01992,0.2389381532,0.2389382012,5.5769e-08,0.0030136695,0.003013669327,4.22842e-08,0.002932869757,0.002932868865,2.18973e-07
0.01993,0.2378996411,0.2378996889,5.56055e-08,0.00301128531,0.003011285137,4.24467e-08,0.002930927389,0.002930926495,2.19512e-07
0.01994,0.2368605577,0.2368606053,5.54262e-08,0.003008911509,0.003008911335,4.26162e-08,0.002928995955,0.002928995059,2.20046e-07
0.01995,0.2358209109,0.2358209584,5.52361e-08,0.003006548101,0.003006547926,4.27905e-08,0.002927075462,0.002927074563,2.20573e-07
0.01996,0.2347807091,0.2347807564,5.50402e-08,0.003004195092,0.003004194917,4.29674e-08,0.002925165915,0.002925165015,2.21091e-07
0.01997,0.2337399601,0.2337400073,5.48427e-08,0.003001852488,0.003001852312,4.3145e-08,0.002923267321,0.002923266418,2.21599e-07
0.01998,0.2326986721,0.232698719,5.46475e-08,0.002999520295,0.002999520118,4.33216e-08,0.002921379686,0.002921378781,2.22095e-07
0.01999,0.2316568529,0.2316568997,5.44848e-08,0.002997198517,0.002997198339,4.34835e-08,0.002919503014,0.002919502107,2.22579e-07
0.02,0.2306145104,0.2306145571,5.43682e-08,0.002994887159,0.002994886982,4.36243e-08,0.002917637313,0.002917636405,2.23049e-07
0.02001,0.2295716525,0.2295716992,5.42807e-08,0.002992586228,0.00299258605,4.37519e-08,0.002915782588,0.002915781678,2.23506e-07
0.02002,0.2285282872,0.2285283338,5.42244e-08,0.002990295728,0.002990295549,4.38656e-08,0.002913938845,0.002913937932,2.23951e-07
0.02003,0.2274844221,0.2274844687,5.41998e-08,0.002988015664,0.002988015485,4.39649e-08,0.002912106089,0.002912105174,2.24384e-07
0.02004,0.226440065,0.2264401116,5.42053e-08,0.002985746041,0.002985745861,4.40506e-08,0.002910284325,0.002910283409,2.24808e-07
0.02005,0.2253952237,0.2253952703,5.42375e-08,0.002983486864,0.002983486684,4.41244e-08,0.00290847356,0.002908472642,2.25226e-07
0.02006,0.2243499057,0.2243499524,5.42902e-08,0.002981238138,0.002981237958,4.41888e-08,0.002906673798,0.002906672878,2.25641e-07
0.02007,0.2233041188,0.2233041655,5.4355e-08,0.002978999867,0.002978999687,4.42479e-08,0.002904885044,0.002904884123,2.26057e-07
0.02008,0.2222578705,0.2222579173,5.44201e-08,0.002976772057,0.002976771877,4.43067e-08,0.002903107304,0.002903106382,2.26481e-07
0.02009,0.2212111684,0.2212112152,5.44709e-08,0.002974554712,0.002974554531,4.4372e-08,0.002901340584,0.002901339659,2.26919e-07
0.0201,0.2201640199,0.2201640667,5.44893e-08,0.002972347835,0.002972347654,4.44518e-08,0.002899584887,0.00289958396,2.27379e-07
0.02011,0.2191164325,0.2191164794,5.4507e-08,0.002970151433,0.002970151251,4.45314e-08,0.002897840219,0.00289783929,2.27868e-07
0.02012,0.2180684137,0.2180684603,5.41542e-08,0.002967965508,0.002967965325,4.47764e-08,0.002896106584,0.002896105653,2.28424e-07
0.02013,0.2170199709,0.2170200172,5.39015e-08,0.002965790066,0.002965789882,4.49766e-08,0.002894383988,0.002894383055,2.28949e-07
0.02014,0.2159711113,0.2159711575,5.37833e-08,0.00296362511,0.002963624926,4.51167e-08,0.002892672435,0.0028926715,2.29443e-07
0.02015,0.2149218424,0.2149218886,5.37672e-08,0.002961470645,0.00296147046,4.52111e-08,0.00289097193,0.002890970993,2.29914e-07
0.02016,0.2138721713,0.2138722176,5.38243e-08,0.002959326674,0.00295932649,4.52728e-08,0.002889282477,0.002889281538,2.30369e-07
0.02017,0.2128221054,0.2128221517,5.39292e-08,0.002957193202,0.002957193018,4.53131e-08,0.00288760408,0.00288760314,2.30816e-07
0.02018,0.2117716517,0.2117716982,5.40598e-08,0.002955070233,0.002955070049,4.53419e-08,0.002885936745,0.002885935803,2.3126e-07
0.02019,0.2107208175,0.2107208641,5.41969e-08,0.002952957771,0.002952957586,4.53678e-08,0.002884280475,0.002884279531,2.31704e-07
0.0202,0.2096696099,0.2096696566,5.43239e-08,0.002950855818,0.002950855633,4.53982e-08,0.002882635275,0.002882634329,2.32153e-07
0.02021,0.208618036,0.2086180828,5.44269e-08,0.00294876438,0.002948764195,4.54394e-08,0.002881001149,0.002881000201,2.32608e-07
0.02022,0.2075661028,0.2075661496,5.45166e-08,0.002946683459,0.002946683273,4.54863e-08,0.0028793781,0.00287937715,2.33072e-07
0.02023,0.2065138172,0.2065138641,5.45982e-08,0.002944613059,0.002944612873,4.55364e-08,0.002877766133,0.002877765182,2.33544e-07
0.02024,0.2054611863,0.2054612333,5.46465e-08,0.002942553183,0.002942552998,4.56013e-08,0.002876165252,0.002876164299,2.34027e-07
0.02025,0.204408217,0.204408264,5.46587e-08,0.002940503836,0.00294050365,4.56823e-08,0.002874575461,0.002874574505,2.34519e-07
0.02026,0.2033549162,0.2033549632,5.46336e-08,0.00293846502,0.002938464834,4.57798e-08,0.002872996762,0.002872995805,2.3502e-07
0.02027,0.2023012908,0.2023013377,5.45712e-08,0.002936436739,0.002936436552,4.58939e-08,0.002871429161,0.002871428202,2.35529e-07
0.02028,0.2012473475,0.2012473943,5.44728e-08,0.002934418995,0.002934418808,4.60239e-08,0.002869872661,0.002869871699,2.36046e-07
0.02029,0.2001930931,0.2001931398,5.43408e-08,0.002932411793,0.002932411605,4.6169e-08,0.002868327265,0.002868326301,2.36567e-07
0.0203,0.1991385344,0.199138581,5.41781e-08,0.002930415134,0.002930414946,4.63276e-08,0.002866792976,0.00286679201,2.37091e-07
0.02031,0.1980836782,0.1980837246,5.39884e-08,0.002928429023,0.002928428834,4.64984e-08,0.002865269799,0.002865268831,2.37617e-07
0.02032,0.197028531,0.1970285772,5.37754e-08,0.002926453462,0.002926453272,4.66795e-08,0.002863757736,0.002863756766,2.38142e-07
0.02033,0.1959730995,0.1959731455,5.3543e-08,0.002924488453,0.002924488262,4.68694e-08,0.002862256791,0.002862255819,2.38665e-07
0.02034,0.1949173903,0.1949174361,5.33412e-08,0.002922534001,0.002922533809,4.70451e-08,0.002860766967,0.002860765992,2.3918e-07
0.02035,0.19386141,0.1938614556,5.31464e-08,0.002920590106,0.002920589914,4.72175e-08,0.002859288266,0.00285928729,2.39687e-07
0.02036,0.192805165,0.1928052105,5.29628e-08,0.002918656773,0.00291865658,4.73849e-08,0.002857820693,0.002857819714,2.40184e-07
0.02037,0.191748662,0.1917487073,5.27955e-08,0.002916734004,0.00291673381,4.75449e-08,0.00285636425,0.002856363269,2.40671e-07
0.02038,0.1906919073,0.1906919525,5.26493e-08,0.002914821801,0.002914821606,4.76954e-08,0.002854918939,0.002854917957,2.41145e-07
0.02039,0.1896349074,0.1896349525,5.25276e-08,0.002912920166,0.002912919972,4.78349e-08,0.002853484764,0.00285348378,2.41607e-07
0.0204,0.1885776686,0.1885777137,5.24329e-08,0.002911029103,0.002911028908,4.79623e-08,0.002852061728,0.002852060742,2.42055e-07
0.02041,0.1875201974,0.1875202424,5.23663e-08,0.002909148614,0.002909148418,4.80771e-08,0.002850649833,0.002850648845,2.4249e-07
0.02042,0.1864625,0.186462545,5.23273e-08,0.0029072787,0.002907278504,4.81796e-08,0.002849249082,0.002849248092,2.42912e-07
0.02043,0.1854045828,0.1854046278,5.23134e-08,0.002905419365,0.002905419168,4.82709e-08,0.002847859477,0.002847858485,2.43324e-07
0.02044,0.184346452,0.1843464969,5.23203e-08,0.002903570609,0.002903570412,4.83529e-08,0.00284648102,0.002846480027,2.43728e-07
0.02045,0.1832881137,0.1832881587,5.23595e-08,0.002901732436,0.002901732239,4.84204e-08,0.002845113715,0.002845112721,2.44125e-07
0.02046,0.1822295742,0.1822296193,5.24387e-08,0.002899904848,0.00289990465,4.84696e-08,0.002843757564,0.002843756568,2.44518e-07
0.02047,0.1811708397,0.1811708848,5.25292e-08,0.002898087845,0.002898087648,4.85137e-08,0.002842412568,0.00284241157,2.44914e-07
0.02048,0.1801119162,0.1801119614,5.26196e-08,0.002896281431,0.002896281233,4.85578e-08,0.00284107873,0.002841077731,2.45318e-07
0.02049,0.1790528098,0.1790528551,5.26954e-08,0.002894485607,0.002894485409,4.86082e-08,0.002839756052,0.002839755051,2.45737e-07
0.0205,0.1779935266,0.1779935719,5.27394e-08,0.002892700376,0.002892700177,4.86728e-08,0.002838444537,0.002838443534,2.4618e-07
0.02051,0.1769340727,0.1769341178,5.2591e-08,0.002890925737,0.002890925538,4.88228e-08,0.002837144185,0.00283714318,2.46693e-07
0.02052,0.1758744539,0.1758744987,5.2209e-08,0.002889161695,0.002889161495,4.90765e-08,0.002835855,0.002835853993,2.47265e-07
0.02053,0.1748146762,0.1748147209,5.19803e-08,0.002887408249,0.002887408048,4.92622e-08,0.002834576983,0.002834575973,2.47783e-07
0.02054,0.1737547457,0.1737547903,5.18707e-08,0.002885665402,0.0028856652,4.93949e-08,0.002833310135,0.002833309124,2.48259e-07
0.02055,0.1726946681,0.1726947126,5.18497e-08,0.002883933154,0.002883932953,4.94884e-08,0.002832054459,0.002832053446,2.48703e-07
0.02056,0.1716344493,0.1716344939,5.18896e-08,0.002882211509,0.002882211307,4.95549e-08,0.002830809956,0.002830808941,2.49125e-07
0.02057,0.1705740951,0.1705741398,5.20046e-08,0.002880500466,0.002880500264,4.95876e-08,0.002829576627,0.002829575611,2.4953e-07
0.02058,0.1695136113,0.1695136561,5.21526e-08,0.002878800027,0.002878799825,4.96055e-08,0.002828354475,0.002828353457,2.49925e-07
0.02059,0.1684530037,0.1684530487,5.23135e-08,0.002877110194,0.002877109992,4.96176e-08,0.002827143501,0.002827142481,2.50318e-07
0.0206,0.167392278,0.1673923231,5.24731e-08,0.002875430967,0.002875430765,4.96302e-08,0.002825943705,0.002825942684,2.50712e-07
0.02061,0.16633144,0.1663314852,5.26196e-08,0.002873762349,0.002873762146,4.96485e-08,0.00282475509,0.002824754067,2.51112e-07
0.02062,0.1652704952,0.1652705405,5.27435e-08,0.002872104339,0.002872104136,4.96768e-08,0.002823577657,0.002823576632,2.5152e-07
0.02063,0.1642094492,0.1642094946,5.28369e-08,0.002870456939,0.002870456736,4.97186e-08,0.002822411406,0.00282241038,2.51939e-07
0.02064,0.1631483078,0.1631483533,5.28941e-08,0.00286882015,0.002868819947,4.97764e-08,0.00282125634,0.002821255311,2.52371e-07
0.02065,0.1620870765,0.162087122,5.29107e-08,0.002867193973,0.00286719377,4.98522e-08,0.002820112458,0.002820111428,2.52815e-07
0.02066,0.1610257608,0.1610258063,5.2884e-08,0.002865578409,0.002865578205,4.99473e-08,0.002818979763,0.002818978731,2.53273e-07
0.02067,0.1599643663,0.1599644117,5.28124e-08,0.002863973458,0.002863973254,5.00623e-08,0.002817858254,0.00281785722,2.53744e-07
0.02068,0.1589028983,0.1589029436,5.27095e-08,0.002862379122,0.002862378917,5.01911e-08,0.002816747934,0.002816746898,2.54226e-07
0.02069,0.1578413624,0.1578414076,5.25937e-08,0.0028607954,0.002860795195,5.03251e-08,0.002815648802,0.002815647764,2.54716e-07
0.0207,0.156779764,0.1567798091,5.24495e-08,0.002859222295,0.002859222089,5.04718e-08,0.00281456086,0.00281455982,2.55214e-07
0.02071,0.1557181084,0.1557181534,5.22809e-08,0.002857659805,0.002857659599,5.06291e-08,0.002813484108,0.002813483066,2.55718e-07
0.02072,0.1546564011,0.1546564459,5.20926e-08,0.002856107933,0.002856107726,5.07951e-08,0.002812418546,0.002812417502,2.56227e-07
0.02073,0.1535946473,0.1535946919,5.18895e-08,0.002854566677,0.00285456647,5.09676e-08,0.002811364176,0.00281136313,2.56738e-07
0.02074,0.1525328524,0.1525328968,5.16767e-08,0.00285303604,0.002853035831,5.11444e-08,0.002810320998,0.00281031995,2.57249e-07
0.02075,0.1514710216,0.1514710659,5.14593e-08,0.00285151602,0.002851515811,5.13231e-08,0.002809289012,0.002809287962,2.57758e-07
0.02076,0.1504091602,0.1504092043,5.12422e-08,0.002850006619,0.00285000641,5.15017e-08,0.002808268219,0.002808267167,2.58262e-07
0.02077,0.1493472734,0.1493473173,5.10299e-08,0.002848507837,0.002848507627,5.16781e-08,0.002807258619,0.002807257565,2.58759e-07
0.02078,0.1482853664,0.1482854101,5.08263e-08,0.002847019674,0.002847019463,5.18507e-08,0.002806260212,0.002806259156,2.59249e-07
0.02079,0.1472234443,0.1472234878,5.06347e-08,0.00284554213,0.002845541918,5.2018e-08,0.002805272999,0.00280527194,2.59728e-07
0.0208,0.1461615122,0.1461615556,5.04904e-08,0.002844075205,0.002844074993,5.21639e-08,0.002804296979,0.002804295919,2.60192e-07
0.02081,0.1450995753,0.1450996186,5.03798e-08,0.0028426189,0.002842618687,5.22947e-08,0.002803332153,0.002803331091,2.60643e-07
0.02082,0.1440376386,0.1440376818,5.03008e-08,0.002841173214,0.002841173,5.24114e-08,0.00280237852,0.002802377456,2.61079e-07
0.02083,0.1429757071,0.1429757503,5.02546e-08,0.002839738147,0.002839737933,5.25135e-08,0.002801436082,0.002801435016,2.61502e-07
0.02084,0.1419137859,0.1419138291,5.02407e-08,0.002838313699,0.002838313485,5.26011e-08,0.002800504836,0.002800503769,2.61911e-07
0.02085,0.14085188,0.1408519232,5.02573e-08,0.002836899871,0.002836899656,5.26751e-08,0.002799584785,0.002799583716,2.62307e-07
0.02086,0.1397899943,0.1397900375,5.03009e-08,0.002835496662,0.002835496447,5.27371e-08,0.002798675926,0.002798674856,2.62693e-07
0.02087,0.1387281337,0.138728177,5.03658e-08,0.002834104071,0.002834103856,5.27897e-08,0.002797778261,0.002797777189,2.63071e-07
0.02088,0.1376663031,0.1376663465,5.04443e-08,0.002832722099,0.002832721883,5.28361e-08,0.002796891788,0.002796890714,2.63446e-07
0.02089,0.1366045075,0.1366045509,5.05267e-08,0.002831350745,0.002831350529,5.28808e-08,0.002796016507,0.002796015432,2.6382e-07
0.0209,0.1355427517,0.1355427951,5.06004e-08,0.002829990008,0.002829989793,5.29293e-08,0.002795152418,0.002795151342,2.642e-07
0.02091,0.1344810404,0.1344810839,5.06619e-08,0.00282863989,0.002828639674,5.29831e-08,0.002794299521,0.002794298443,2.64591e-07
0.02092,0.1334193784,0.133419422,5.07125e-08,0.002827300387,0.002827300171,5.30414e-08,0.002793457814,0.002793456734,2.64998e-07
0.02093,0.1323577706,0.1323578142,5.06341e-08,0.002825971502,0.002825971285,5.31565e-08,0.002792627297,0.002792626215,2.65466e-07
0.02094,0.1312962217,0.1312962648,5.01593e-08,0.002824653232,0.002824653014,5.34465e-08,0.00279180797,0.002791806886,2.661e-07
0.02095,0.1302347364,0.1302347792,4.98605e-08,0.002823345577,0.002823345358,5.36588e-08,0.002790999831,0.002790998745,2.66655e-07
0.02096,0.1291733193,0.129173362,4.97047e-08,0.002822048537,0.002822048317,5.3808e-08,0.00279020288,0.002790201792,2.67143e-07
0.02097,0.1281119751,0.1281120178,4.96617e-08,0.00282076211,0.002820761891,5.39074e-08,0.002789417117,0.002789416027,2.6758e-07
0.02098,0.1270507085,0.1270507512,4.97043e-08,0.002819486297,0.002819486077,5.3969e-08,0.002788642539,0.002788641448,2.67976e-07
0.02099,0.1259895241,0.1259895669,4.9808e-08,0.002818221096,0.002818220876,5.40037e-08,0.002787879147,0.002787878054,2.68342e-07
0.021,0.1249284264,0.1249284693,4.9951e-08,0.002816966506,0.002816966286,5.4021e-08,0.002787126939,0.002787125845,2.68688e-07
0.02101,0.12386742,0.123867463,5.0114e-08,0.002815722527,0.002815722307,5.40296e-08,0.002786385915,0.002786384819,2.69022e-07
0.02102,0.1228065094,0.1228065526,5.02799e-08,0.002814489157,0.002814488937,5.40369e-08,0.002785656072,0.002785654975,2.69352e-07
0.02103,0.1217456991,0.1217457425,5.04617e-08,0.002813266396,0.002813266176,5.40369e-08,0.00278493741,0.002784936311,2.69678e-07
0.02104,0.1206849936,0.1206850371,5.0636e-08,0.002812054243,0.002812054023,5.40399e-08,0.002784229928,0.002784228828,2.70009e-07
0.02105,0.1196243974,0.119624441,5.07886e-08,0.002810852696,0.002810852476,5.40525e-08,0.002783533624,0.002783532523,2.70348e-07
0.02106,0.1185639148,0.1185639585,5.09124e-08,0.002809661755,0.002809661534,5.40776e-08,0.002782848498,0.002782847395,2.707e-07
0.02107,0.1175035503,0.1175035941,5.10019e-08,0.002808481417,0.002808481197,5.41179e-08,0.002782174547,0.002782173442,2.71066e-07
0.02108,0.1164433082,0.1164433521,5.10532e-08,0.002807311683,0.002807311462,5.41749e-08,0.00278151177,0.002781510664,2.71448e-07
0.02109,0.1153831929,0.1153832368,5.10636e-08,0.002806152551,0.00280615233,5.42498e-08,0.002780860166,0.002780859058,2.71848e-07
0.0211,0.1143232088,0.1143232526,5.1032e-08,0.002805004019,0.002805003797,5.43432e-08,0.002780219733,0.002780218624,2.72265e-07
0.02111,0.11326336,0.1132634038,5.0958e-08,0.002803866086,0.002803865864,5.44553e-08,0.00277959047,0.002779589359,2.72699e-07
0.02112,0.112203651,0.1122036947,5.08424e-08,0.002802738751,0.002802738529,5.45858e-08,0.002778972375,0.002778971262,2.73151e-07
0.02113,0.1111440859,0.1111441294,5.06865e-08,0.002801622013,0.00280162179,5.4734e-08,0.002778365446,0.002778364331,2.73618e-07
0.02114,0.1100846689,0.1100847123,5.0501e-08,0.002800515869,0.002800515645,5.48952e-08,0.002777769682,0.002777768565,2.74098e-07
0.02115,0.1090254043,0.1090254475,5.0308e-08,0.002799420319,0.002799420094,5.50593e-08,0.00277718508,0.002777183962,2.74586e-07
0.02116,0.1079662963,0.1079663393,5.00947e-08,0.00279833536,0.002798335135,5.52322e-08,0.00277661164,0.002776610519,2.75084e-07
0.02117,0.1069073489,0.1069073917,4.98664e-08,0.002797260992,0.002797260766,5.54117e-08,0.002776049358,0.002776048235,2.75588e-07
0.02118,0.1058485664,0.105848609,4.96283e-08,0.002796197213,0.002796196986,5.55954e-08,0.002775498234,0.002775497109,2.76096e-07
0.02119,0.1047899527,0.1047899952,4.93859e-08,0.00279514402,0.002795143793,5.5781e-08,0.002774958264,0.002774957137,2.76606e-07
0.0212,0.1037315121,0.1037315544,4.91443e-08,0.002794101413,0.002794101185,5.59661e-08,0.002774429448,0.002774428319,2.77114e-07
0.02121,0.1026732486,0.1026732906,4.89086e-08,0.002793069389,0.002793069161,5.61486e-08,0.002773911782,0.002773910651,2.7762e-07
0.02122,0.1016151662,0.101615208,4.86835e-08,0.002792047947,0.002792047718,5.63264e-08,0.002773405265,0.002773404132,2.78119e-07
0.02123,0.1005572689,0.1005573105,4.84731e-08,0.002791037085,0.002791036855,5.64977e-08,0.002772909895,0.00277290876,2.78611e-07
0.02124,0.09949956069,0.09949960218,4.82807e-08,0.002790036801,0.002790036571,5.6661e-08,0.002772425669,0.002772424532,2.79093e-07
0.02125,0.09844204556,0.0984420869,4.8109e-08,0.002789047094,0.002789046862,5.68153e-08,0.002771952585,0.002771951446,2.79564e-07
0.02126,0.09738472742,0.09738476865,4.79831e-08,0.00278806796,0.002788067728,5.69491e-08,0.00277149064,0.002771489499,2.80017e-07
0.02127,0.09632761019,0.09632765136,4.78968e-08,0.002787099398,0.002787099166,5.70652e-08,0.002771039833,0.002771038691,2.80455e-07
0.02128,0.09527069779,0.09527073891,4.78456e-08,0.002786141407,0.002786141174,5.71658e-08,0.002770600161,0.002770599017,2.80876e-07
0.02129,0.09421399408,0.09421403518,4.78294e-08,0.002785193984,0.00278519375,5.72509e-08,0.002770171621,0.002770170475,2.81281e-07
0.0213,0.09315750291,0.09315754403,4.78467e-08,0.002784257126,0.002784256893,5.73212e-08,0.002769754211,0.002769753063,2.81671e-07
0.02131,0.09210122811,0.09210126927,4.78947e-08,0.002783330833,0.002783330599,5.73778e-08,0.002769347928,0.002769346779,2.82046e-07
0.02132,0.09104517349,0.09104521471,4.79689e-08,0.002782415101,0.002782414867,5.74229e-08,0.00276895277,0.002768951619,2.82409e-07
0.02133,0.08998934282,0.08998938412,4.80629e-08,0.002781509928,0.002781509694,5.74592e-08,0.002768568733,0.002768567581,2.82762e-07
0.02134,0.08893373987,0.08893378127,4.81684e-08,0.002780615313,0.002780615079,5.74903e-08,0.002768195816,0.002768194663,2.83108e-07
0.02135,0.08787836838,0.08787840987,4.82752e-08,0.002779731253,0.002779731018,5.75209e-08,0.002767834015,0.00276783286,2.83452e-07
0.02136,0.08682323207,0.08682327364,4.83707e-08,0.002778857745,0.002778857511,5.75564e-08,0.002767483328,0.002767482172,2.838e-07
0.02137,0.08576833462,0.08576837626,4.84467e-08,0.002777994787,0.002777994553,5.76004e-08,0.002767143752,0.002767142594,2.84156e-07
0.02138,0.0847136797,0.08471372139,4.85055e-08,0.002777142378,0.002777142143,5.76517e-08,0.002766815283,0.002766814124,2.84524e-07
0.02139,0.08365927097,0.08365931257,4.84118e-08,0.002776300513,0.002776300278,5.77695e-08,0.002766497919,0.002766496758,2.84972e-07
0.0214,0.08260511205,0.08260515317,4.78463e-08,0.002775469191,0.002775468955,5.80937e-08,0.002766191657,0.002766190493,2.85689e-07
0.02141,0.08155120656,0.08155124736,4.74731e-08,0.00277464841,0.002774648172,5.83337e-08,0.002765896494,0.002765895328,2.86297e-07
0.02142,0.08049755808,0.0804975987,4.72595e-08,0.002773838166,0.002773837928,5.8504e-08,0.002765612427,0.002765611258,2.86813e-07
0.02143,0.07944417018,0.07944421073,4.71756e-08,0.002773038458,0.002773038219,5.86175e-08,0.002765339452,0.002765338282,2.87253e-07
0.02144,0.07839104641,0.07839108697,4.7194e-08,0.002772249282,0.002772249043,5.86863e-08,0.002765077567,0.002765076395,2.87632e-07
0.02145,0.07733819028,0.07733823092,4.72901e-08,0.002771470636,0.002771470397,5.87211e-08,0.002764826768,0.002764825595,2.87963e-07
0.02146,0.0762856053,0.07628564607,4.74414e-08,0.002770702517,0.002770702278,5.87318e-08,0.002764587052,0.002764585878,2.88257e-07
0.02147,0.07523329496,0.07523333589,4.76279e-08,0.002769944923,0.002769944684,5.87272e-08,0.002764358416,0.00276435724,2.88526e-07
0.02148,0.0741812627,0.07418130381,4.78315e-08,0.00276919785,0.002769197611,5.87151e-08,0.002764140856,0.002764139679,2.8878e-07
0.02149,0.07312951197,0.07312955326,4.8056e-08,0.002768461297,0.002768461058,5.86937e-08,0.002763934369,0.002763933191,2.89021e-07
0.0215,0.07207804617,0.07207808766,4.82836e-08,0.002767735259,0.00276773502,5.86706e-08,0.002763738951,0.002763737772,2.89259e-07
0.02151,0.07102686872,0.0710269104,4.84974e-08,0.002767019735,0.002767019496,5.86535e-08,0.002763554599,0.00276355342,2.89501e-07
0.02152,0.06997598299,0.06997602483,4.86884e-08,0.002766314721,0.002766314482,5.86463e-08,0.00276338131,0.002763380129,2.89753e-07
0.02153,0.06892539235,0.06892543433,4.88495e-08,0.002765620214,0.002765619975,5.86521e-08,0.002763219079,0.002763217898,2.90017e-07
0.02154,0.06787510012,0.06787514221,4.89749e-08,0.002764936212,0.002764935973,5.86734e-08,0.002763067904,0.002763066722,2.90299e-07
0.02155,0.06682510963,0.06682515179,4.90603e-08,0.002764262711,0.002764262472,5.87122e-08,0.002762927781,0.002762926597,2.90601e-07
0.02156,0.06577542418,0.06577546638,4.91025e-08,0.002763599709,0.002763599469,5.87698e-08,0.002762798706,0.00276279752,2.90924e-07
0.02157,0.06472604704,0.06472608924,4.90995e-08,0.002762947201,0.002762946962,5.8847e-08,0.002762680674,0.002762679488,2.9127e-07
0.02158,0.06367698148,0.06367702363,4.90506e-08,0.002762305187,0.002762304946,5.89444e-08,0.002762573684,0.002762572495,2.91639e-07
0.02159,0.06262823073,0.0626282728,4.89556e-08,0.002761673661,0.00276167342,5.90619e-08,0.002762477729,0.00276247654,2.92033e-07
0.0216,0.06157979801,0.06157983996,4.882e-08,0.002761052621,0.00276105238,5.91971e-08,0.002762392808,0.002762391617,2.92449e-07
0.02161,0.0605316865,0.06053172832,4.86646e-08,0.002760442064,0.002760441822,5.93406e-08,0.002762318916,0.002762317722,2.92882e-07
0.02162,0.0594838994,0.05948394106,4.84773e-08,0.002759841986,0.002759841744,5.94979e-08,0.002762256048,0.002762254853,2.93334e-07
0.02163,0.05843643986,0.05843648134,4.8262e-08,0.002759252385,0.002759252141,5.96673e-08,0.002762204202,0.002762203005,2.93803e-07
0.02164,0.05738931104,0.05738935231,4.80233e-08,0.002758673256,0.002758673012,5.98469e-08,0.002762163372,0.002762162173,2.94288e-07
0.02165,0.05634251604,0.05634255709,4.77658e-08,0.002758104597,0.002758104353,6.00346e-08,0.002762133555,0.002762132354,2.94785e-07
0.02166,0.05529605798,0.05529609879,4.74946e-08,0.002757546405,0.002757546159,6.02282e-08,0.002762114748,0.002762113545,2.95293e-07
0.02167,0.05424993993,0.05424998051,4.72148e-08,0.002756998675,0.002756998429,6.04256e-08,0.002762106945,0.002762105739,2.95809e-07
0.02168,0.05320416497,0.0532042053,4.69312e-08,0.002756461405,0.002756461158,6.06246e-08,0.002762110142,0.002762108935,2.9633e-07
0.02169,0.05215873614,0.05215877623,4.66487e-08,0.00275593459,0.002755934343,6.08231e-08,0.002762124336,0.002762123126,2.96853e-07
0.0217,0.05111365648,0.05111369633,4.63719e-08,0.002755418229,0.00275541798,6.10191e-08,0.002762149522,0.00276214831,2.97375e-07
0.02171,0.05006892898,0.0500689686,4.61049e-08,0.002754912316,0.002754912067,6.12108e-08,0.002762185695,0.002762184482,2.97895e-07
0.02172,0.04902455663,0.04902459605,4.58679e-08,0.002754416849,0.002754416599,6.13892e-08,0.002762232852,0.002762231637,2.98405e-07
0.02173,0.04798054241,0.04798058165,4.56627e-08,0.002753931824,0.002753931573,6.15535e-08,0.002762290989,0.002762289771,2.98903e-07
0.02174,0.04693688926,0.04693692835,4.54867e-08,0.002753457237,0.002753456985,6.1705e-08,0.002762360099,0.00276235888,2.99389e-07
0.02175,0.04589360014,0.04589363911,4.53429e-08,0.002752993085,0.002752992833,6.18423e-08,0.00276244018,0.002762438959,2.99861e-07
0.02176,0.04485067795,0.04485071682,4.52336e-08,0.002752539364,0.002752539111,6.19645e-08,0.002762531227,0.002762530004,3.00317e-07
0.02177,0.0438081256,0.04380816441,4.51602e-08,0.00275209607,0.002752095817,6.2071e-08,0.002762633236,0.00276263201,3.00756e-07
0.02178,0.04276594597,0.04276598474,4.51229e-08,0.0027516632,0.002751662947,6.21616e-08,0.002762746201,0.002762744973,3.01176e-07
0.02179,0.04172414192,0.04172418069,4.51209e-08,0.00275124075,0.002751240496,6.22368e-08,0.002762870118,0.002762868889,3.01578e-07
0.0218,0.0406827163,0.0406827551,4.51519e-08,0.002750828716,0.002750828462,6.22975e-08,0.002763004982,0.002763003752,3.01962e-07
0.02181,0.03964167193,0.03964171079,4.52126e-08,0.002750427094,0.00275042684,6.23453e-08,0.00276315079,0.002763149558,3.02328e-07
0.02182,0.03860101164,0.03860105057,4.52977e-08,0.002750035881,0.002750035627,6.23825e-08,0.002763307535,0.002763306302,3.02678e-07
0.02183,0.03756073821,0.03756077722,4.54039e-08,0.002749655073,0.002749654818,6.24103e-08,0.002763475214,0.00276347398,3.03014e-07
0.02184,0.03652085439,0.03652089353,4.55419e-08,0.002749284665,0.002749284411,6.24239e-08,0.002763653822,0.002763652586,3.03333e-07
0.02185,0.03548136297,0.03548140224,4.56881e-08,0.002748924654,0.0027489244,6.24338e-08,0.002763843354,0.002763842117,3.03642e-07
0.02186,0.03444226669,0.03444230607,4.58319e-08,0.002748575036,0.002748574782,6.24447e-08,0.002764043805,0.002764042566,3.03947e-07
0.02187,0.03340356826,0.03340360775,4.59608e-08,0.002748235807,0.002748235553,6.24619e-08,0.002764255169,0.00276425393,3.04252e-07
0.02188,0.03236527039,0.03236530997,4.60601e-08,0.002747906964,0.002747906709,6.24919e-08,0.002764477444,0.002764476203,3.04563e-07
0.02189,0.03132737578,0.03132741541,4.61132e-08,0.002747588501,0.002747588246,6.2542e-08,0.002764710622,0.00276470938,3.04888e-07
0.0219,0.03028988709,0.03028992649,4.58401e-08,0.002747280415,0.002747280159,6.27332e-08,0.0027649547,0.002764953456,3.05427e-07
0.02191,0.02925280699,0.02925284601,4.54041e-08,0.002746982702,0.002746982445,6.2995e-08,0.002765209672,0.002765208425,3.06089e-07
0.02192,0.02821613811,0.02821617688,4.51171e-08,0.002746695357,0.0027466951,6.31924e-08,0.002765475534,0.002765474285,3.06648e-07
0.02193,0.02717988308,0.02717992171,4.49526e-08,0.002746418377,0.002746418119,6.33369e-08,0.00276575228,0.002765751029,3.07122e-07
0.02194,0.0261440445,0.02614408307,4.48861e-08,0.002746151758,0.0027461515,6.34391e-08,0.002766039905,0.002766038652,3.07525e-07
0.02195,0.02510862494,0.02510866354,4.49088e-08,0.002745895495,0.002745895236,6.35025e-08,0.002766338404,0.002766337149,3.07866e-07
0.02196,0.024073627,0.02407366567,4.50012e-08,0.002745649584,0.002745649325,6.35357e-08,0.002766647772,0.002766646516,3.08158e-07
0.02197,0.02303905321,0.02303909201,4.51394e-08,0.002745414021,0.002745413762,6.35489e-08,0.002766968003,0.002766966747,3.08415e-07
0.02198,0.02200490614,0.02200494507,4.53079e-08,0.002745188802,0.002745188543,6.3549e-08,0.002767299093,0.002767297835,3.08645e-07
0.02199,0.02097118829,0.02097122738,4.54932e-08,0.002744973921,0.002744973663,6.35418e-08,0.002767641036,0.002767639777,3.08858e-07
0.022,0.01993790218,0.01993794144,4.56833e-08,0.002744769376,0.002744769117,6.35325e-08,0.002767993827,0.002767992567,3.09062e-07
0.02201,0.0189050503,0.01890508971,4.58679e-08,0.002744575162,0.002744574903,6.35255e-08,0.00276835746,0.0027683562,3.09263e-07
0.02202,0.01787263512,0.01787267468,4.60381e-08,0.002744391274,0.002744391015,6.35247e-08,0.00276873193,0.002768730669,3.09468e-07
0.02203,0.01684065911,0.0168406988,4.61862e-08,0.002744217708,0.002744217449,6.35334e-08,0.002769117232,0.00276911597,3.09682e-07
0.02204,0.01580912471,0.0158091645,4.63061e-08,0.002744054459,0.0027440542,6.35544e-08,0.002769513361,0.002769512098,3.0991e-07
0.02205,0.01477803434,0.01477807421,4.63925e-08,0.002743901524,0.002743901265,6.35898e-08,0.00276992031,0.002769919046,3.10154e-07
0.02206,0.01374739043,0.01374743034,4.64434e-08,0.002743758897,0.002743758638,6.36405e-08,0.002770338074,0.002770336809,3.10417e-07
0.02207,0.01271719534,0.01271723528,4.64744e-08,0.002743626574,0.002743626315,6.36995e-08,0.002770766648,0.002770765383,3.10696e-07
0.02208,0.01168745148,0.01168749142,4.64705e-08,0.002743504552,0.002743504292,6.37733e-08,0.002771206027,0.00277120476,3.10997e-07
0.02209,0.01065816121,0.01065820112,4.64317e-08,0.002743392824,0.002743392564,6.38622e-08,0.002771656204,0.002771654936,3.1132e-07
0.0221,0.009629326884,0.009629366723,4.63586e-08,0.002743291387,0.002743291126,6.39658e-08,0.002772117174,0.002772115904,3.11665e-07
0.02211,0.00860095083,0.008600990578,4.62526e-08,0.002743200236,0.002743199975,6.40836e-08,0.002772588932,0.002772587661,3.12032e-07
0.02212,0.007573035372,0.007573075002,4.61157e-08,0.002743119366,0.002743119105,6.42147e-08,0.002773071471,0.002773070198,3.12422e-07
0.02213,0.006545582814,0.006545622302,4.59503e-08,0.002743048773,0.002743048511,6.4358e-08,0.002773564786,0.002773563512,3.12832e-07
0.02214,0.005518595447,0.00551863477,4.57592e-08,0.002742988453,0.00274298819,6.45123e-08,0.002774068872,0.002774067596,3.13261e-07
0.02215,0.004492075545,0.004492114685,4.55457e-08,0.0027429384,0.002742938136,6.46763e-08,0.002774583722,0.002774582444,3.13708e-07
0.02216,0.003466025368,0.003466064309,4.53132e-08,0.00274289861,0.002742898346,6.48486e-08,0.002775109331,0.002775108051,3.14172e-07
0.02217,0.002440447163,0.00244048589,4.5065e-08,0.002742869078,0.002742868813,6.50276e-08,0.002775645693,0.002775644411,3.14649e-07
0.02218,0.00141534315,0.001415381663,4.48161e-08,0.002742849799,0.002742849534,6.52067e-08,0.002776192802,0.002776191518,3.15134e-07
0.02219,0.000390715543,0.0003907538468,4.45723e-08,0.002742840769,0.002742840503,6.53833e-08,0.002776750652,0.002776749366,3.15624e-07
0.0222,-0.0006334334512,-0.0006333953544,4.43315e-08,0.002742841983,0.002742841716,6.55586e-08,0.002777319237,0.002777317949,3.16119e-07
0.02221,-0.001657101647,-0.001657063751,4.4098e-08,0.002742853436,0.002742853169,6.57307e-08,0.002777898551,0.002777897261,3.16615e-07
0.02222,-0.002680286872,-0.002680249167,4.3876e-08,0.002742875124,0.002742874855,6.58977e-08,0.002778488589,0.002778487297,3.17111e-07
0.02223,-0.00370298697,-0.003702949442,4.36693e-08,0.002742907041,0.002742906771,6.6058e-08,0.002779089344,0.00277908805,3.17603e-07
0.02224,-0.004725199797,-0.004725162431,4.34814e-08,0.002742949182,0.002742948912,6.62102e-08,0.002779700811,0.002779699515,3.1809e-07
0.02225,-0.005746923225,-0.005746886002,4.33152e-08,0.002743001543,0.002743001273,6.6353e-08,0.002780322983,0.002780321685,3.18569e-07
0.02226,-0.00676815514,-0.006768118038,4.31731e-08,0.002743064119,0.002743063848,6.64855e-08,0.002780955854,0.002780954554,3.19037e-07
0.02227,-0.00778889344,-0.007788856439,4.30565e-08,0.002743136904,0.002743136633,6.66068e-08,0.002781599418,0.002781598117,3.19494e-07
0.02228,-0.008809136039,-0.008809099115,4.29664e-08,0.002743219895,0.002743219623,6.67167e-08,0.002782253669,0.002782252366,3.19938e-07
0.02229,-0.009828880866,-0.009828843996,4.29039e-08,0.002743313085,0.002743312813,6.68148e-08,0.002782918602,0.002782917296,3.20367e-07
0.0223,-0.01084812588,-0.01084808902,4.2886e-08,0.002743416471,0.002743416198,6.68932e-08,0.002783594208,0.002783592901,3.20773e-07
0.02231,-0.01186686902,-0.01186683215,4.28988e-08,0.002743530046,0.002743529773,6.69583e-08,0.002784280483,0.002784279175,3.21162e-07
0.02232,-0.01288510826,-0.01288507135,4.29404e-08,0.002743653807,0.002743653533,6.70109e-08,0.002784977421,0.002784976111,3.21533e-07
0.02233,-0.01390284158,-0.01390280462,4.30078e-08,0.002743787747,0.002743787473,6.70523e-08,0.002785685014,0.002785683703,3.21886e-07
0.02234,-0.01492006698,-0.01492002994,4.30968e-08,0.002743931862,0.002743931588,6.70843e-08,0.002786403257,0.002786401944,3.22223e-07
0.02235,-0.01593678247,-0.01593674534,4.32018e-08,0.002744086146,0.002744085873,6.71092e-08,0.002787132143,0.002787130829,3.22544e-07
0.02236,-0.01695298607,-0.01695294884,4.33161e-08,0.002744250596,0.002744250322,6.71302e-08,0.002787871666,0.002787870351,3.22852e-07
0.02237,-0.01796867582,-0.0179686385,4.34313e-08,0.002744425204,0.002744424931,6.71507e-08,0.00278862182,0.002788620504,3.2315e-07
0.02238,-0.01898384978,-0.01898381236,4.35374e-08,0.002744609967,0.002744609694,6.7175e-08,0.002789382599,0.002789381281,3.23441e-07
0.02239,-0.019998506,-0.01999846851,4.36231e-08,0.00274480488,0.002744804606,6.72081e-08,0.002790153995,0.002790152676,3.23731e-07
0.0224,-0.02101264257,-0.02101260503,4.3675e-08,0.002745009936,0.002745009662,6.72557e-08,0.002790936002,0.002790934682,3.24023e-07
0.02241,-0.02202625757,-0.02202622003,4.36877e-08,0.002745225131,0.002745224856,6.732e-08,0.002791728614,0.002791727293,3.24321e-07
0.02242,-0.02303934913,-0.02303931191,4.33119e-08,0.002745450459,0.002745450184,6.75498e-08,0.002792531825,0.002792530501,3.24942e-07
0.02243,-0.02405191534,-0.02405187838,4.30131e-08,0.002745685916,0.00274568564,6.77468e-08,0.002793345628,0.002793344301,3.25511e-07
0.02244,-0.02506395435,-0.02506391754,4.28258e-08,0.002745931496,0.002745931219,6.78962e-08,0.002794170016,0.002794168688,3.25993e-07
0.02245,-0.02607546428,-0.02607542756,4.27301e-08,0.002746187193,0.002746186916,6.80066e-08,0.002795004983,0.002795003653,3.26403e-07
0.02246,-0.02708644331,-0.02708640661,4.27082e-08,0.002746453003,0.002746452726,6.80855e-08,0.002795850522,0.002795849191,3.26753e-07
0.02247,-0.02809688959,-0.02809685286,4.27435e-08,0.00274672892,0.002746728643,6.81401e-08,0.002796706627,0.002796705294,3.27054e-07
0.02248,-0.02910680132,-0.02910676452,4.28213e-08,0.002747014939,0.002747014661,6.81765e-08,0.00279757329,0.002797571957,3.27316e-07
0.02249,-0.03011617667,-0.03011613978,4.29282e-08,0.002747311054,0.002747310776,6.82005e-08,0.002798450506,0.002798449172,3.27551e-07
0.0225,-0.03112501387,-0.03112497687,4.30521e-08,0.002747617261,0.002747616983,6.82173e-08,0.002799338268,0.002799336933,3.27765e-07
0.02251,-0.03213331112,-0.03213327401,4.31826e-08,0.002747933553,0.002747933275,6.82313e-08,0.002800236569,0.002800235233,3.27966e-07
0.02252,-0.03314106667,-0.03314102945,4.33103e-08,0.002748259925,0.002748259647,6.82466e-08,0.002801145402,0.002801144065,3.28162e-07
0.02253,-0.03414827877,-0.03414824143,4.34443e-08,0.002748596372,0.002748596094,6.82587e-08,0.002802064761,0.002802063423,3.28352e-07
0.02254,-0.03515494566,-0.03515490822,4.35663e-08,0.002748942889,0.002748942611,6.82759e-08,0.002802994638,0.002802993299,3.28545e-07
0.02255,-0.03616106562,-0.03616102809,4.36711e-08,0.002749299469,0.002749299191,6.83003e-08,0.002803935027,0.002803933687,3.28745e-07
0.02256,-0.03716663692,-0.03716659932,4.37546e-08,0.002749666108,0.00274966583,6.83337e-08,0.002804885921,0.002804884581,3.28958e-07
0.02257,-0.03817165787,-0.03817162022,4.38137e-08,0.0027500428,0.002750042522,6.83775e-08,0.002805847314,0.002805845972,3.29184e-07
0.02258,-0.03917612676,-0.03917608908,4.38459e-08,0.00275042954,0.002750429261,6.84326e-08,0.002806819198,0.002806817855,3.29427e-07
0.02259,-0.04018004192,-0.04018000424,4.38499e-08,0.002750826321,0.002750826042,6.84998e-08,0.002807801566,0.002807800223,3.29689e-07
0.0226,-0.04118340167,-0.04118336401,4.38246e-08,0.002751233139,0.002751232859,6.85793e-08,0.002808794412,0.002808793068,3.29971e-07
0.02261,-0.04218620436,-0.04218616675,4.377e-08,0.002751649987,0.002751649707,6.86713e-08,0.002809797729,0.002809796383,3.30274e-07
0.02262,-0.04318844834,-0.0431884108,4.36862e-08,0.002752076861,0.002752076581,6.87758e-08,0.00281081151,0.002810810163,3.30597e-07
0.02263,-0.04419013198,-0.04419009453,4.35741e-08,0.002752513754,0.002752513474,6.88923e-08,0.002811835747,0.002811834399,3.30942e-07
0.02264,-0.04519125365,-0.04519121632,4.34425e-08,0.002752960662,0.00275296038,6.90169e-08,0.002812870434,0.002812869085,3.31305e-07
0.02265,-0.04619181176,-0.04619177455,4.32974e-08,0.002753417577,0.002753417296,6.9147e-08,0.002813915564,0.002813914213,3.31683e-07
0.02266,-0.04719180469,-0.04719176762,4.31349e-08,0.002753884496,0.002753884214,6.92845e-08,0.00281497113,0.002814969777,3.32078e-07
0.02267,-0.04819123087,-0.04819119395,4.29581e-08,0.002754361412,0.002754361129,6.94279e-08,0.002816037125,0.00281603577,3.32489e-07
0.02268,-0.0491900887,-0.04919005195,4.27702e-08,0.002754848319,0.002754848035,6.9576e-08,0.002817113541,0.002817112185,3.32913e-07
0.02269,-0.05018837664,-0.05018834005,4.25744e-08,0.002755345211,0.002755344927,6.97274e-08,0.002818200372,0.002818199014,3.33348e-07
0.0227,-0.05118609313,-0.05118605671,4.23741e-08,0.002755852084,0.002755851799,6.98807e-08,0.00281929761,0.00281929625,3.33794e-07
0.02271,-0.05218323661,-0.05218320037,4.21726e-08,0.002756368931,0.002756368646,7.00344e-08,0.002820405249,0.002820403887,3.34247e-07
0.02272,-0.05317980558,-0.05317976951,4.1973e-08,0.002756895747,0.002756895461,7.01873e-08,0.002821523281,0.002821521917,3.34705e-07
0.02273,-0.0541757985,-0.0541757626,4.17784e-08,0.002757432526,0.002757432239,7.03381e-08,0.002822651698,0.002822650333,3.35167e-07
0.02274,-0.05517121387,-0.05517117813,4.15915e-08,0.002757979261,0.002757978974,7.04856e-08,0.002823790495,0.002823789128,3.35631e-07
0.02275,-0.05616605019,-0.0561660146,4.14147e-08,0.002758535948,0.00275853566,7.06288e-08,0.002824939663,0.002824938294,3.36093e-07
0.02276,-0.05716030599,-0.05716027053,4.12655e-08,0.00275910258,0.002759102292,7.07599e-08,0.002826099196,0.002826097825,3.36546e-07
0.02277,-0.05815397978,-0.05815394443,4.11362e-08,0.002759679152,0.002759678863,7.08825e-08,0.002827269086,0.002827267713,3.36993e-07
0.02278,-0.05914707011,-0.05914703485,4.10283e-08,0.002760265658,0.002760265368,7.09959e-08,0.002828449326,0.002828447951,3.3743e-07
0.02279,-0.06013957552,-0.06013954033,4.09433e-08,0.002760862091,0.002760861802,7.10995e-08,0.002829639908,0.002829638532,3.37857e-07
0.0228,-0.06113149456,-0.06113145943,4.08821e-08,0.002761468447,0.002761468157,7.11929e-08,0.002830840826,0.002830839448,3.38271e-07
0.02281,-0.06212282582,-0.06212279072,4.0845e-08,0.002762084719,0.002762084429,7.1276e-08,0.002832052072,0.002832050692,3.38673e-07
0.02282,-0.06311356786,-0.06311353277,4.08314e-08,0.002762710902,0.002762710611,7.13491e-08,0.002833273638,0.002833272257,3.3906e-07
0.02283,-0.06410371928,-0.06410368418,4.084e-08,0.002763346989,0.002763346698,7.14127e-08,0.002834505518,0.002834504135,3.39432e-07
0.02284,-0.06509327868,-0.06509324356,4.08686e-08,0.002763992974,0.002763992683,7.14677e-08,0.002835747704,0.002835746319,3.39789e-07
0.02285,-0.06608224468,-0.06608220952,4.09141e-08,0.002764648852,0.002764648561,7.15156e-08,0.002837000188,0.002836998802,3.40131e-07
0.02286,-0.06707061589,-0.06707058068,4.09724e-08,0.002765314617,0.002765314326,7.15581e-08,0.002838262963,0.002838261576,3.4046e-07
0.02287,-0.06805839095,-0.06805835568,4.10443e-08,0.002765990263,0.002765989971,7.15946e-08,0.002839536022,0.002839534634,3.40773e-07
0.02288,-0.06904556851,-0.06904553317,4.11287e-08,0.002766675783,0.002766675491,7.16255e-08,0.002840819357,0.002840817968,3.41069e-07
0.02289,-0.07003214723,-0.07003211181,4.12125e-08,0.002767371172,0.00276737088,7.16565e-08,0.002842112962,0.002842111571,3.41355e-07
0.0229,-0.07101812576,-0.07101809028,4.1288e-08,0.002768076424,0.002768076132,7.1691e-08,0.002843416827,0.002843415435,3.41632e-07
0.02291,-0.07200350278,-0.07200346725,4.13459e-08,0.002768791533,0.00276879124,7.17328e-08,0.002844730946,0.002844729553,3.41903e-07
0.02292,-0.07298827697,-0.07298824141,4.13757e-08,0.002769516492,0.002769516199,7.17864e-08,0.002846055312,0.002846053918,3.42173e-07
0.02293,-0.07397244704,-0.07397241157,4.12664e-08,0.002770251296,0.002770251003,7.18985e-08,0.002847389917,0.002847388521,3.42545e-07
0.02294,-0.07495601168,-0.07495597648,4.09563e-08,0.002770995939,0.002770995645,7.20948e-08,0.002848734752,0.002848733354,3.43115e-07
0.02295,-0.07593896961,-0.0759389346,4.07435e-08,0.002771750414,0.00277175012,7.22503e-08,0.002850089812,0.002850088412,3.43604e-07
0.02296,-0.07692131956,-0.07692128466,4.06113e-08,0.002772514716,0.002772514421,7.23722e-08,0.002851455087,0.002851453686,3.44023e-07
0.02297,-0.07790306026,-0.07790302542,4.05441e-08,0.002773288839,0.002773288543,7.24669e-08,0.002852830571,0.002852829168,3.44385e-07
0.02298,-0.07888419046,-0.07888415563,4.05276e-08,0.002774072775,0.00277407248,7.25404e-08,0.002854216257,0.002854214852,3.447e-07
0.02299,-0.07986470893,-0.07986467407,4.05621e-08,0.00277486652,0.002774866225,7.25923e-08,0.002855612135,0.002855610729,3.44971e-07
0.023,-0.08084461442,-0.0808445795,4.06286e-08,0.002775670067,0.002775669771,7.26306e-08,0.002857018199,0.002857016792,3.4521e-07
0.02301,-0.0818239057,-0.08182387071,4.07164e-08,0.002776483411,0.002776483114,7.266e-08,0.002858434441,0.002858433034,3.45426e-07
0.02302,-0.08280258157,-0.0828025465,4.08168e-08,0.002777306543,0.002777306247,7.2684e-08,0.002859860853,0.002859859445,3.45625e-07
0.02303,-0.08378064082,-0.08378060566,4.0922e-08,0.00277813946,0.002778139164,7.2706e-08,0.002861297429,0.00286129602,3.45814e-07
0.02304,-0.08475808225,-0.084758047,4.10255e-08,0.002778982154,0.002778981858,7.27286e-08,0.002862744159,0.002862742749,3.45999e-07
0.02305,-0.08573490468,-0.08573486934,4.11215e-08,0.00277983462,0.002779834323,7.27544e-08,0.002864201036,0.002864199625,3.46183e-07
0.02306,-0.08671110693,-0.08671107152,4.1205e-08,0.00278069685,0.002780696554,7.27854e-08,0.002865668053,0.002865666641,3.46372e-07
0.02307,-0.08768668783,-0.08768665236,4.1272e-08,0.00278156884,0.002781568543,7.28232e-08,0.002867145201,0.002867143789,3.46569e-07
0.02308,-0.08866164623,-0.08866161072,4.13192e-08,0.002782450582,0.002782450285,7.28694e-08,0.002868632474,0.002868631061,3.46777e-07
0.02309,-0.08963598097,-0.08963594544,4.13438e-08,0.002783342071,0.002783341773,7.2925e-08,0.002870129863,0.002870128449,3.46999e-07
0.0231,-0.09060969093,-0.0906096554,4.13488e-08,0.002784243299,0.002784243002,7.29887e-08,0.00287163736,0.002871635945,3.47235e-07
0.02311,-0.09158277498,-0.09158273945,4.13383e-08,0.002785154262,0.002785153965,7.30586e-08,0.002873154958,0.002873153542,3.47483e-07
0.02312,-0.09255523198,-0.09255519649,4.13059e-08,0.002786074953,0.002786074655,7.31376e-08,0.002874682649,0.002874681232,3.47748e-07
0.02313,-0.09352706085,-0.09352702539,4.1252e-08,0.002787005365,0.002787005066,7.32255e-08,0.002876220425,0.002876219007,3.48031e-07
0.02314,-0.09449826046,-0.09449822507,4.11772e-08,0.002787945492,0.002787945193,7.3322e-08,0.002877768278,0.002877766858,3.48331e-07
0.02315,-0.09546882973,-0.09546879442,4.10829e-08,0.002788895328,0.002788895029,7.34267e-08,0.0028793262,0.002879324779,3.48648e-07
0.02316,-0.09643876757,-0.09643873237,4.09704e-08,0.002789854866,0.002789854567,7.35389e-08,0.002880894184,0.002880892762,3.48982e-07
0.02317,-0.09740807292,-0.09740803782,4.08414e-08,0.002790824101,0.002790823801,7.3658e-08,0.002882472221,0.002882470798,3.49333e-07
0.02318,-0.09837674471,-0.09837670973,4.0698e-08,0.002791803026,0.002791802725,7.3783e-08,0.002884060304,0.002884058879,3.49699e-07
0.02319,-0.09934478187,-0.09934474703,4.05422e-08,0.002792791634,0.002792791333,7.39133e-08,0.002885658425,0.002885656998,3.50079e-07
0.0232,-0.1003121834,-0.1003121487,4.03762e-08,0.002793789919,0.002793789617,7.40478e-08,0.002887266575,0.002887265147,3.50473e-07
0.02321,-0.1012789482,-0.1012789136,4.02022e-08,0.002794797875,0.002794797573,7.41856e-08,0.002888884748,0.002888883318,3.50878e-07
0.02322,-0.1022450752,-0.1022450408,4.00337e-08,0.002795815496,0.002795815193,7.43209e-08,0.002890512934,0.002890511503,3.51288e-07
0.02323,-0.1032105635,-0.1032105293,3.98675e-08,0.002796842775,0.002796842471,7.44551e-08,0.002892151127,0.002892149694,3.51704e-07
0.02324,-0.1041754121,-0.1041753779,3.9705e-08,0.002797879705,0.002797879401,7.45877e-08,0.002893799317,0.002893797882,3.52124e-07
0.02325,-0.1051396198,-0.1051395859,3.95489e-08,0.002798926281,0.002798925976,7.47175e-08,0.002895457497,0.002895456061,3.52547e-07
0.02326,-0.1061031858,-0.106103152,3.94018e-08,0.002799982495,0.00279998219,7.48435e-08,0.00289712566,0.002897124222,3.5297e-07
0.02327,-0.1070661091,-0.1070660754,3.92658e-08,0.002801048342,0.002801048037,7.49648e-08,0.002898803796,0.002898802356,3.53393e-07
0.02328,-0.1080283886,-0.108028355,3.9143e-08,0.002802123815,0.002802123509,7.50805e-08,0.002900491899,0.002900490457,3.53812e-07
0.02329,-0.1089900235,-0.1089899899,3.90349e-08,0.002803208908,0.002803208602,7.51901e-08,0.002902189959,0.002902188516,3.54227e-07
0.0233,-0.1099510127,-0.1099509792,3.89427e-08,0.002804303614,0.002804303307,7.5293e-08,0.00290389797,0.002903896525,3.54635e-07
0.02331,-0.1109113552,-0.1109113218,3.88672e-08,0.002805407926,0.002805407619,7.5389e-08,0.002905615922,0.002905614475,3.55036e-07
0.02332,-0.1118710502,-0.1118710169,3.88085e-08,0.002806521839,0.002806521531,7.54779e-08,0.002907343808,0.00290734236,3.55428e-07
0.02333,-0.1128300968,-0.1128300635,3.87703e-08,0.002807645345,0.002807645037,7.55582e-08,0.00290908162,0.00290908017,3.55808e-07
0.02334,-0.1137884939,-0.1137884606,3.87576e-08,0.002808778438,0.00280877813,7.56275e-08,0.002910829349,0.002910827898,3.56172e-07
0.02335,-0.1147462407,-0.1147462074,3.87634e-08,0.002809921113,0.002809920804,7.5689e-08,0.002912586988,0.002912585536,3.56523e-07
0.02336,-0.1157033362,-0.1157033029,3.87863e-08,0.002811073361,0.002811073052,7.57434e-08,0.002914354528,0.002914353074,3.5686e-07
0.02337,-0.1166597796,-0.1166597463,3.88238e-08,0.002812235177,0.002812234868,7.57915e-08,0.002916131962,0.002916130507,3.57183e-07
0.02338,-0.11761557,-0.1176155366,3.8873e-08,0.002813406554,0.002813406245,7.58348e-08,0.002917919281,0.002917917824,3.57493e-07
0.02339,-0.1185707064,-0.118570673,3.89297e-08,0.002814587486,0.002814587177,7.58748e-08,0.002919716477,0.002919715019,3.5779e-07
0.0234,-0.1195251881,-0.1195251546,3.89894e-08,0.002815777966,0.002815777657,7.59135e-08,0.002921523541,0.002921522082,3.58074e-07
0.02341,-0.120479014,-0.1204789805,3.90461e-08,0.002816977988,0.002816977678,7.59534e-08,0.002923340467,0.002923339006,3.58349e-07
0.02342,-0.1214321835,-0.1214321499,3.90931e-08,0.002818187544,0.002818187235,7.59972e-08,0.002925167244,0.002925165783,3.58615e-07
0.02343,-0.1223846955,-0.1223846619,3.91228e-08,0.002819406629,0.00281940632,7.60483e-08,0.002927003866,0.002927002404,3.58875e-07
0.02344,-0.1233365493,-0.1233365157,3.91261e-08,0.002820635236,0.002820634926,7.61103e-08,0.002928850325,0.002928848862,3.59132e-07
0.02345,-0.124287744,-0.1242877105,3.89743e-08,0.002821873358,0.002821873048,7.62358e-08,0.002930706611,0.002930705146,3.59527e-07
0.02346,-0.1252382789,-0.1252382456,3.87349e-08,0.002823120989,0.002823120678,7.63972e-08,0.002932572717,0.00293257125,3.60024e-07
0.02347,-0.126188153,-0.1261881198,3.85722e-08,0.002824378122,0.00282437781,7.65271e-08,0.002934448634,0.002934447166,3.60455e-07
0.02348,-0.1271373655,-0.1271373325,3.84733e-08,0.00282564475,0.002825644437,7.66308e-08,0.002936334355,0.002936332885,3.60828e-07
0.02349,-0.1280859158,-0.1280858827,3.84264e-08,0.002826920867,0.002826920554,7.67133e-08,0.00293822987,0.002938228399,3.61153e-07
0.0235,-0.1290338028,-0.1290337698,3.84206e-08,0.002828206466,0.002828206153,7.67788e-08,0.002940135173,0.0029401337,3.61438e-07
0.02351,-0.129981026,-0.1299809929,3.84464e-08,0.00282950154,0.002829501227,7.68314e-08,0.002942050253,0.00294204878,3.61691e-07
0.02352,-0.1309275844,-0.1309275513,3.84947e-08,0.002830806084,0.002830805771,7.68748e-08,0.002943975104,0.00294397363,3.61919e-07
0.02353,-0.1318734773,-0.1318734442,3.85576e-08,0.00283212009,0.002832119777,7.69121e-08,0.002945909717,0.002945908242,3.62129e-07
0.02354,-0.1328187039,-0.1328186707,3.86281e-08,0.002833443551,0.002833443238,7.69464e-08,0.002947854084,0.002947852608,3.62326e-07
0.02355,-0.1337632635,-0.1337632303,3.86999e-08,0.002834776462,0.002834776148,7.69802e-08,0.002949808196,0.002949806719,3.62516e-07
0.02356,-0.1347071554,-0.134707122,3.87703e-08,0.002836118814,0.002836118501,7.70145e-08,0.002951772045,0.002951770567,3.62702e-07
0.02357,-0.1356503787,-0.1356503453,3.88408e-08,0.002837470603,0.002837470289,7.70484e-08,0.002953745622,0.002953744144,3.62884e-07
0.02358,-0.1365929327,-0.1365928993,3.8902e-08,0.00283883182,0.002838831506,7.70861e-08,0.00295572892,0.002955727441,3.63069e-07
0.02359,-0.1375348167,-0.1375347832,3.89511e-08,0.002840202459,0.002840202145,7.71287e-08,0.00295772193,0.00295772045,3.6326e-07
0.0236,-0.13847603,-0.1384759965,3.89858e-08,0.002841582514,0.002841582199,7.71771e-08,0.002959724644,0.002959723163,3.63459e-07
0.02361,-0.1394165718,-0.1394165383,3.90042e-08,0.002842971977,0.002842971663,7.72321e-08,0.002961737052,0.002961735571,3.63669e-07
0.02362,-0.1403564415,-0.140356408,3.90052e-08,0.002844370843,0.002844370528,7.72943e-08,0.002963759148,0.002963757666,3.63892e-07
0.02363,-0.1412956384,-0.1412956048,3.89879e-08,0.002845779104,0.002845778789,7.73638e-08,0.002965790923,0.002965789439,3.64128e-07
0.02364,-0.1422341616,-0.1422341281,3.8952e-08,0.002847196754,0.002847196438,7.74409e-08,0.002967832368,0.002967830883,3.64379e-07
0.02365,-0.1431720106,-0.1431719772,3.88976e-08,0.002848623785,0.002848623469,7.75256e-08,0.002969883474,0.002969881989,3.64645e-07
0.02366,-0.1441091847,-0.1441091514,3.88248e-08,0.002850060191,0.002850059875,7.76178e-08,0.002971944234,0.002971942748,3.64927e-07
0.02367,-0.1450456832,-0.1450456499,3.87344e-08,0.002851505966,0.00285150565,7.77173e-08,0.00297401464,0.002974013152,3.65224e-07
0.02368,-0.1459815054,-0.1459814722,3.86352e-08,0.002852961103,0.002852960786,7.78201e-08,0.002976094681,0.002976093192,3.65533e-07
0.02369,-0.1469166507,-0.1469166176,3.85255e-08,0.002854425594,0.002854425277,7.7927e-08,0.002978184351,0.002978182861,3.65855e-07
0.0237,-0.1478511184,-0.1478510854,3.84055e-08,0.002855899434,0.002855899116,7.8038e-08,0.002980283641,0.002980282149,3.66189e-07
0.02371,-0.1487849079,-0.148784875,3.8277e-08,0.002857382614,0.002857382296,7.81525e-08,0.002982392543,0.002982391049,3.66534e-07
0.02372,-0.1497180185,-0.1497179857,3.81421e-08,0.00285887513,0.002858874811,7.82695e-08,0.002984511047,0.002984509552,3.66891e-07
0.02373,-0.1506504495,-0.1506504169,3.80028e-08,0.002860376972,0.002860376653,7.83882e-08,0.002986639145,0.002986637649,3.67256e-07
0.02374,-0.1515822005,-0.151582168,3.78613e-08,0.002861888136,0.002861887816,7.85078e-08,0.00298877683,0.002988775332,3.6763e-07
0.02375,-0.1525132707,-0.1525132383,3.77197e-08,0.002863408614,0.002863408294,7.86275e-08,0.002990924093,0.002990922593,3.6801e-07
0.02376,-0.1534436595,-0.1534436272,3.75798e-08,0.002864938399,0.002864938078,7.87464e-08,0.002993080924,0.002993079423,3.68396e-07
0.02377,-0.1543733663,-0.1543733342,3.74436e-08,0.002866477485,0.002866477164,7.88638e-08,0.002995247316,0.002995245814,3.68785e-07
0.02378,-0.1553023906,-0.1553023585,3.73128e-08,0.002868025864,0.002868025543,7.8979e-08,0.002997423261,0.002997421757,3.69177e-07
0.02379,-0.1562307317,-0.1562306997,3.7191e-08,0.002869583531,0.002869583208,7.90904e-08,0.002999608749,0.002999607243,3.69568e-07
0.0238,-0.157158389,-0.1571583571,3.70859e-08,0.002871150477,0.002871150154,7.91948e-08,0.003001803772,0.003001802265,3.69954e-07
0.02381,-0.158085362,-0.1580853302,3.69934e-08,0.002872726696,0.002872726373,7.9294e-08,0.003004008322,0.003004006813,3.70336e-07
0.02382,-0.1590116501,-0.1590116184,3.69147e-08,0.002874312182,0.002874311858,7.93874e-08,0.00300622239,0.00300622088,3.70713e-07
0.02383,-0.1599372527,-0.159937221,3.68508e-08,0.002875906927,0.002875906603,7.94747e-08,0.003008445968,0.003008444457,3.71083e-07
0.02384,-0.1608621693,-0.1608621376,3.68022e-08,0.002877510924,0.0028775106,7.95557e-08,0.003010679048,0.003010677534,3.71445e-07
0.02385,-0.1617863992,-0.1617863676,3.67688e-08,0.002879124168,0.002879123843,7.96305e-08,0.00301292162,0.003012920105,3.71799e-07
0.02386,-0.1627099421,-0.1627099105,3.67502e-08,0.00288074665,0.002880746325,7.96992e-08,0.003015173676,0.003015172159,3.72142e-07
0.02387,-0.1636327972,-0.1636327656,3.67456e-08,0.002882378364,0.002882378039,7.97621e-08,0.003017435207,0.00301743369,3.72476e-07
0.02388,-0.1645549641,-0.1645549325,3.67535e-08,0.002884019304,0.002884018978,7.98199e-08,0.003019706206,0.003019704687,3.72798e-07
0.02389,-0.1654764423,-0.1654764107,3.67718e-08,0.002885669461,0.002885669136,7.98735e-08,0.003021986663,0.003021985143,3.7311e-07
0.0239,-0.1663972311,-0.1663971995,3.67978e-08,0.00288732883,0.002887328505,7.99239e-08,0.003024276571,0.003024275049,3.73411e-07
0.02391,-0.1673173302,-0.1673172986,3.68349e-08,0.002888997404,0.002888997078,7.99695e-08,0.00302657592,0.003026574397,3.73697e-07
0.02392,-0.168236739,-0.1682367073,3.68774e-08,0.002890675175,0.002890674849,8.00128e-08,0.003028884701,0.003028883178,3.73971e-07
0.02393,-0.169155457,-0.1691554253,3.69192e-08,0.002892362136,0.00289236181,8.00562e-08,0.003031202907,0.003031201383,3.74233e-07
0.02394,-0.1700734837,-0.1700734519,3.69551e-08,0.002894058281,0.002894057955,8.01019e-08,0.003033530529,0.003033529003,3.74487e-07
0.02395,-0.1709908186,-0.1709907868,3.69795e-08,0.002895763604,0.002895763277,8.01523e-08,0.003035867558,0.003035866031,3.74732e-07
0.02396,-0.1719074612,-0.1719074294,3.69856e-08,0.002897478095,0.002897477769,8.021e-08,0.003038213986,0.003038212458,3.74972e-07
0.02397,-0.172823411,-0.1728233793,3.68918e-08,0.00289920175,0.002899201423,8.03077e-08,0.003040569803,0.003040568274,3.75292e-07
0.02398,-0.1737386676,-0.173738636,3.66792e-08,0.002900934561,0.002900934234,8.04529e-08,0.003042935002,0.003042933471,3.75747e-07
0.02399,-0.1746532304,-0.174653199,3.6529e-08,0.002902676521,0.002902676193,8.05732e-08,0.003045309574,0.003045308042,3.76146e-07
0.024,-0.1755670991,-0.1755670678,3.64307e-08,0.002904427624,0.002904427295,8.06729e-08,0.003047693511,0.003047691977,3.76498e-07
0.02401,-0.1764802732,-0.1764802419,3.63743e-08,0.002906187861,0.002906187532,8.0756e-08,0.003050086802,0.003050085267,3.7681e-07
0.02402,-0.1773927522,-0.1773927209,3.63526e-08,0.002907957227,0.002907956897,8.08252e-08,0.003052489441,0.003052487905,3.77088e-07
0.02403,-0.1783045357,-0.1783045044,3.63634e-08,0.002909735714,0.002909735384,8.08811e-08,0.003054901419,0.003054899881,3.77335e-07
0.02404,-0.1792156232,-0.1792155919,3.63947e-08,0.002911523315,0.002911522985,8.09288e-08,0.003057322726,0.003057321188,3.77559e-07
0.02405,-0.1801260143,-0.1801259829,3.64401e-08,0.002913320024,0.002913319694,8.09708e-08,0.003059753354,0.003059751815,3.77767e-07
0.02406,-0.1810357085,-0.1810356772,3.64941e-08,0.002915125833,0.002915125503,8.10094e-08,0.003062193295,0.003062191755,3.77961e-07
0.02407,-0.1819447056,-0.1819446741,3.65518e-08,0.002916940736,0.002916940405,8.10465e-08,0.00306464254,0.003064640999,3.78148e-07
0.02408,-0.1828530049,-0.1828529735,3.66087e-08,0.002918764725,0.002918764394,8.10838e-08,0.00306710108,0.003067099539,3.78331e-07
0.02409,-0.1837606062,-0.1837605747,3.66612e-08,0.002920597794,0.002920597463,8.11229e-08,0.003069568907,0.003069567365,3.78512e-07
0.0241,-0.184667509,-0.1846674775,3.67061e-08,0.002922439935,0.002922439604,8.11649e-08,0.003072046012,0.003072044469,3.78696e-07
0.02411,-0.1855737129,-0.1855736814,3.67407e-08,0.002924291141,0.00292429081,8.12111e-08,0.003074532387,0.003074530843,3.78884e-07
0.02412,-0.1864792176,-0.186479186,3.67628e-08,0.002926151407,0.002926151075,8.12623e-08,0.003077028022,0.003077026478,3.79079e-07
0.02413,-0.1873840225,-0.1873839909,3.67705e-08,0.002928020723,0.002928020392,8.13192e-08,0.00307953291,0.003079531364,3.79284e-07
0.02414,-0.1882881275,-0.1882880959,3.67681e-08,0.002929899085,0.002929898753,8.13799e-08,0.00308204704,0.003082045494,3.79495e-07
0.02415,-0.189191532,-0.1891915004,3.67538e-08,0.002931786484,0.002931786152,8.14452e-08,0.003084570406,0.003084568859,3.79716e-07
0.02416,-0.1900942357,-0.1900942041,3.67255e-08,0.002933682913,0.002933682581,8.1516e-08,0.003087102998,0.00308710145,3.79948e-07
0.02417,-0.1909962383,-0.1909962067,3.66831e-08,0.002935588366,0.002935588033,8.15923e-08,0.003089644807,0.003089643258,3.80192e-07
0.02418,-0.1918975393,-0.1918975078,3.66271e-08,0.002937502835,0.002937502503,8.16739e-08,0.003092195826,0.003092194276,3.80448e-07
0.02419,-0.1927981384,-0.192798107,3.65581e-08,0.002939426314,0.002939425981,8.17607e-08,0.003094756044,0.003094754493,3.80716e-07
0.0242,-0.1936980353,-0.193698004,3.6477e-08,0.002941358796,0.002941358462,8.18523e-08,0.003097325454,0.003097323902,3.80996e-07
0.02421,-0.1945972297,-0.1945971984,3.63848e-08,0.002943300273,0.002943299939,8.19482e-08,0.003099904047,0.003099902493,3.81288e-07
0.02422,-0.1954957211,-0.1954956899,3.62827e-08,0.002945250738,0.002945250404,8.20481e-08,0.003102491814,0.003102490259,3.81592e-07
0.02423,-0.1963935092,-0.1963934782,3.6172e-08,0.002947210185,0.00294720985,8.21514e-08,0.003105088746,0.00310508719,3.81906e-07
0.02424,-0.1972905938,-0.1972905628,3.60539e-08,0.002949178606,0.002949178271,8.22576e-08,0.003107694835,0.003107693278,3.82231e-07
0.02425,-0.1981869745,-0.1981869436,3.59318e-08,0.002951155994,0.002951155659,8.23654e-08,0.003110310073,0.003110308514,3.82565e-07
0.02426,-0.1990826509,-0.1990826202,3.58165e-08,0.002953142343,0.002953142007,8.24699e-08,0.00311293445,0.00311293289,3.82899e-07
0.02427,-0.1999776228,-0.1999775922,3.57027e-08,0.002955137645,0.002955137308,8.25737e-08,0.003115567957,0.003115566396,3.83239e-07
0.02428,-0.2008718899,-0.2008718593,3.55924e-08,0.002957141893,0.002957141556,8.26759e-08,0.003118210587,0.003118209024,3.83582e-07
0.02429,-0.2017654518,-0.2017654213,3.54877e-08,0.00295915508,0.002959154743,8.27758e-08,0.00312086233,0.003120860765,3.83927e-07
0.0243,-0.2026583083,-0.2026582779,3.53905e-08,0.0029611772,0.002961176862,8.28724e-08,0.003123523177,0.003123521612,3.84272e-07
0.02431,-0.203550459,-0.2035504287,3.53026e-08,0.002963208244,0.002963207906,8.29652e-08,0.003126193121,0.003126191554,3.84617e-07
0.02432,-0.2044419037,-0.2044418734,3.52259e-08,0.002965248206,0.002965247868,8.30533e-08,0.003128872152,0.003128870584,3.84959e-07
0.02433,-0.205332642,-0.2053326118,3.51618e-08,0.00296729708,0.002967296741,8.31362e-08,0.003131560261,0.003131558692,3.85296e-07
0.02434,-0.2062226738,-0.2062226436,3.51116e-08,0.002969354857,0.002969354518,8.32133e-08,0.003134257441,0.00313425587,3.85629e-07
0.02435,-0.2071119987,-0.2071119686,3.50766e-08,0.002971421531,0.002971421191,8.32842e-08,0.003136963681,0.003136962109,3.85955e-07
0.02436,-0.2080006165,-0.2080005863,3.50574e-08,0.002973497094,0.002973496755,8.33485e-08,0.003139678974,0.003139677401,3.86272e-07
0.02437,-0.2088885268,-0.2088884967,3.50547e-08,0.002975581541,0.002975581201,8.34061e-08,0.003142403311,0.003142401736,3.86581e-07
0.02438,-0.2097757295,-0.2097756994,3.50687e-08,0.002977674862,0.002977674522,8.34567e-08,0.003145136683,0.003145135107,3.86879e-07
0.02439,-0.2106622243,-0.2106621941,3.5099e-08,0.002979777053,0.002979776712,8.35006e-08,0.003147879081,0.003147877504,3.87166e-07
0.0244,-0.2115480109,-0.2115479807,3.51452e-08,0.002981888104,0.002981887764,8.35378e-08,0.003150630497,0.003150628919,3.8744e-07
0.02441,-0.2124330891,-0.2124330588,3.52063e-08,0.00298400801,0.00298400767,8.3569e-08,0.003153390922,0.003153389342,3.87702e-07
0.02442,-0.2133174586,-0.2133174283,3.52807e-08,0.002986136764,0.002986136423,8.35945e-08,0.003156160347,0.003156158766,3.87952e-07
0.02443,-0.2142011193,-0.2142010889,3.53664e-08,0.002988274357,0.002988274016,8.36152e-08,0.003158938763,0.003158937182,3.88188e-07
0.02444,-0.2150840708,-0.2150840403,3.54608e-08,0.002990420783,0.002990420442,8.36322e-08,0.003161726162,0.00316172458,3.88411e-07
0.02445,-0.215966313,-0.2159662824,3.55609e-08,0.002992576036,0.002992575695,8.36466e-08,0.003164522536,0.003164520952,3.88621e-07
0.02446,-0.2168478456,-0.2168478149,3.5663e-08,0.002994740107,0.002994739766,8.36599e-08,0.003167327874,0.00316732629,3.8882e-07
0.02447,-0.2177286684,-0.2177286377,3.57626e-08,0.00299691299,0.002996912649,8.36739e-08,0.00317014217,0.003170140585,3.89007e-07
0.02448,-0.2186087812,-0.2186087504,3.58553e-08,0.002999094678,0.002999094337,8.36904e-08,0.003172965413,0.003172963827,3.89183e-07
0.02449,-0.2194881839,-0.219488153,3.5939e-08,0.003001285163,0.003001284822,8.37099e-08,0.003175797595,0.003175796009,3.89349e-07
0.0245,-0.2203668761,-0.2203668452,3.5891e-08,0.003003484439,0.003003484097,8.37801e-08,0.003178638708,0.00317863712,3.89642e-07
0.02451,-0.2212448577,-0.2212448269,3.58268e-08,0.003005692498,0.003005692156,8.38564e-08,0.003181488742,0.003181487154,3.89967e-07
0.02452,-0.2221221285,-0.2221220977,3.58145e-08,0.003007909333,0.003007908991,8.39124e-08,0.00318434769,0.0031843461,3.90246e-07
0.02453,-0.2229986883,-0.2229986575,3.58455e-08,0.003010134937,0.003010134595,8.39517e-08,0.003187215542,0.003187213951,3.90486e-07
0.02454,-0.2238745369,-0.223874506,3.59118e-08,0.003012369304,0.003012368962,8.39771e-08,0.003190092289,0.003190090698,3.90694e-07
0.02455,-0.2247496741,-0.2247496432,3.6006e-08,0.003014612425,0.003014612083,8.39917e-08,0.003192977924,0.003192976331,3.90875e-07
0.02456,-0.2256240999,-0.2256240688,3.61214e-08,0.003016864295,0.003016863952,8.39981e-08,0.003195872436,0.003195870843,3.91034e-07
0.02457,-0.2264978139,-0.2264977827,3.62517e-08,0.003019124905,0.003019124562,8.39988e-08,0.003198775818,0.003198774224,3.91176e-07
0.02458,-0.227370816,-0.2273707847,3.63909e-08,0.003021394248,0.003021393906,8.39961e-08,0.003201688061,0.003201686466,3.91307e-07
0.02459,-0.228243106,-0.2282430746,3.65338e-08,0.003023672318,0.003023671976,8.3992e-08,0.003204609155,0.00320460756,3.91429e-07
0.0246,-0.2291146839,-0.2291146524,3.66755e-08,0.003025959107,0.003025958765,8.39886e-08,0.003207539093,0.003207537498,3.91547e-07
0.02461,-0.2299855494,-0.2299855178,3.68114e-08,0.003028254609,0.003028254267,8.39878e-08,0.003210477865,0.003210476269,3.91665e-07
0.02462,-0.2308557024,-0.2308556706,3.69372e-08,0.003030558816,0.003030558473,8.39911e-08,0.003213425463,0.003213423867,3.91786e-07
0.02463,-0.2317251427,-0.2317251108,3.70492e-08,0.00303287172,0.003032871378,8.40003e-08,0.003216381879,0.003216380282,3.91914e-07
0.02464,-0.2325938702,-0.2325938383,3.71436e-08,0.003035193316,0.003035192973,8.40167e-08,0.003219347102,0.003219345505,3.92051e-07
0.02465,-0.2334618847,-0.2334618528,3.72173e-08,0.003037523595,0.003037523252,8.40418e-08,0.003222321125,0.003222319527,3.92201e-07
0.02466,-0.2343291862,-0.2343291542,3.72671e-08,0.003039862551,0.003039862208,8.40769e-08,0.003225303939,0.003225302341,3.92367e-07
0.02467,-0.2351957745,-0.2351957424,3.72901e-08,0.003042210176,0.003042209833,8.41233e-08,0.003228295536,0.003228293936,3.9255e-07
0.02468,-0.2360616494,-0.2360616173,3.72834e-08,0.003044566464,0.003044566121,8.41822e-08,0.003231295906,0.003231294305,3.92753e-07
0.02469,-0.2369268108,-0.2369267788,3.72896e-08,0.003046931407,0.003046931063,8.42345e-08,0.00323430504,0.003234303439,3.92949e-07
0.0247,-0.2377912588,-0.2377912267,3.73511e-08,0.003049304997,0.003049304654,8.42614e-08,0.003237322931,0.003237321329,3.9311e-07
0.02471,-0.2386549931,-0.2386549609,3.74025e-08,0.003051687229,0.003051686885,8.42919e-08,0.003240349568,0.003240347966,3.93281e-07
0.02472,-0.2395180136,-0.2395179814,3.74442e-08,0.003054078094,0.003054077751,8.43262e-08,0.003243384944,0.003243383341,3.9346e-07
0.02473,-0.2403803201,-0.2403802879,3.74766e-08,0.003056477586,0.003056477243,8.43639e-08,0.00324642905,0.003246427446,3.93649e-07
0.02474,-0.2412419127,-0.2412418805,3.75004e-08,0.003058885698,0.003058885354,8.44048e-08,0.003249481877,0.003249480273,3.93846e-07
0.02475,-0.2421027912,-0.242102759,3.75163e-08,0.003061302422,0.003061302078,8.44488e-08,0.003252543417,0.003252541811,3.94054e-07
0.02476,-0.2429629555,-0.2429629233,3.75251e-08,0.003063727751,0.003063727407,8.44956e-08,0.00325561366,0.003255612054,3.9427e-07
0.02477,-0.2438224055,-0.2438223733,3.75275e-08,0.003066161678,0.003066161334,8.45448e-08,0.003258692598,0.003258690991,3.94494e-07
0.02478,-0.2446811412,-0.2446811089,3.75244e-08,0.003068604196,0.003068603852,8.45962e-08,0.003261780223,0.003261778615,3.94728e-07
0.02479,-0.2455391624,-0.2455391301,3.75166e-08,0.003071055298,0.003071054953,8.46496e-08,0.003264876525,0.003264874916,3.94969e-07
0.0248,-0.246396469,-0.2463964368,3.75047e-08,0.003073514977,0.003073514632,8.47047e-08,0.003267981496,0.003267979885,3.95217e-07
0.02481,-0.2472530611,-0.2472530289,3.74895e-08,0.003075983225,0.003075982879,8.47614e-08,0.003271095126,0.003271093515,3.95473e-07
0.02482,-0.2481089384,-0.2481089062,3.74714e-08,0.003078460035,0.00307845969,8.48194e-08,0.003274217409,0.003274215796,3.95736e-07
0.02483,-0.2489641011,-0.2489640689,3.74509e-08,0.003080945401,0.003080945055,8.48787e-08,0.003277348334,0.00327734672,3.96005e-07
0.02484,-0.2498185489,-0.2498185167,3.74282e-08,0.003083439314,0.003083438968,8.49393e-08,0.003280487893,0.003280486278,3.9628e-07
0.02485,-0.2506722818,-0.2506722497,3.74032e-08,0.003085941769,0.003085941423,8.50012e-08,0.003283636077,0.003283634462,3.96561e-07
0.02486,-0.2515252999,-0.2515252677,3.73759e-08,0.003088452757,0.003088452411,8.50646e-08,0.003286792878,0.003286791261,3.96848e-07
0.02487,-0.2523776029,-0.2523775708,3.73458e-08,0.003090972272,0.003090971926,8.51298e-08,0.003289958287,0.003289956669,3.9714e-07
0.02488,-0.2532291909,-0.2532291588,3.7312e-08,0.003093500307,0.00309349996,8.51971e-08,0.003293132295,0.003293130676,3.97438e-07
0.02489,-0.2540800638,-0.2540800318,3.72736e-08,0.003096036854,0.003096036506,8.52671e-08,0.003296314894,0.003296313273,3.97741e-07
0.0249,-0.2549302217,-0.2549301897,3.72859e-08,0.003098581906,0.003098581558,8.5315e-08,0.003299506074,0.003299504452,3.98012e-07
0.02491,-0.2557796644,-0.2557796324,3.73371e-08,0.003101135455,0.003101135108,8.53462e-08,0.003302705827,0.003302704204,3.98256e-07
0.02492,-0.256628392,-0.2566283599,3.73979e-08,0.003103697496,0.003103697148,8.53737e-08,0.003305914144,0.003305912521,3.98495e-07
0.02493,-0.2574764044,-0.2574763722,3.74677e-08,0.003106268021,0.003106267673,8.53977e-08,0.003309131018,0.003309129393,3.98726e-07
0.02494,-0.2583237015,-0.2583236692,3.75456e-08,0.003108847021,0.003108846673,8.54186e-08,0.003312356438,0.003312354812,3.9895e-07
0.02495,-0.2591702834,-0.259170251,3.76299e-08,0.003111434492,0.003111434144,8.54371e-08,0.003315590396,0.00331558877,3.99166e-07
0.02496,-0.26001615,-0.2600161176,3.77189e-08,0.003114030424,0.003114030076,8.54538e-08,0.003318832884,0.003318831257,3.99375e-07
0.02497,-0.2608613013,-0.2608612688,3.78103e-08,0.003116634812,0.003116634464,8.54697e-08,0.003322083893,0.003322082265,3.99576e-07
0.02498,-0.2617057373,-0.2617057047,3.79013e-08,0.003119247648,0.003119247299,8.54857e-08,0.003325343414,0.003325341785,3.9977e-07
0.02499,-0.262549458,-0.2625494253,3.79888e-08,0.003121868924,0.003121868576,8.55033e-08,0.003328611439,0.003328609809,3.99957e-07
0.025,-0.2633924633,-0.2633924306,3.80688e-08,0.003124498634,0.003124498286,8.55238e-08,0.003331887958,0.003331886328,4.00139e-07
0.02501,-0.2642347534,-0.2642347206,3.81372e-08,0.003127136771,0.003127136422,8.5549e-08,0.003335172964,0.003335171333,4.00316e-07
0.02502,-0.2650763281,-0.2650762953,3.8189e-08,0.003129783326,0.003129782978,8.55807e-08,0.003338466448,0.003338464816,4.0049e-07
0.02503,-0.2659171875,-0.2659171547,3.81769e-08,0.003132438295,0.003132437946,8.56365e-08,0.0033417684,0.003341766767,4.00709e-07
0.02504,-0.2667573316,-0.2667572989,3.80645e-08,0.003135101668,0.003135101318,8.57299e-08,0.003345078812,0.003345077178,4.01036e-07
0.02505,-0.2675967604,-0.2675967277,3.79869e-08,0.003137773439,0.003137773089,8.58111e-08,0.003348397676,0.003348396041,4.01334e-07
0.02506,-0.2684354739,-0.2684354413,3.79364e-08,0.0031404536,0.00314045325,8.58829e-08,0.003351724982,0.003351723346,4.01607e-07
0.02507,-0.2692734721,-0.2692734395,3.79055e-08,0.003143142145,0.003143141795,8.59483e-08,0.003355060723,0.003355059086,4.01861e-07
0.02508,-0.2701107551,-0.2701107225,3.78875e-08,0.003145839067,0.003145838717,8.60098e-08,0.00335840489,0.003358403251,4.021e-07
0.02509,-0.2709473228,-0.2709472903,3.78758e-08,0.003148544358,0.003148544007,8.607e-08,0.003361757473,0.003361755834,4.0233e-07
0.0251,-0.2717831754,-0.2717831428,3.78643e-08,0.003151258011,0.00315125766,8.61311e-08,0.003365118464,0.003365116824,4.02555e-07
0.02511,-0.2726183128,-0.2726182802,3.79282e-08,0.003153980019,0.003153979668,8.61595e-08,0.003368487855,0.003368486214,4.02723e-07
0.02512,-0.2734527351,-0.2734527025,3.80073e-08,0.003156710375,0.003156710024,8.61816e-08,0.003371865637,0.003371863995,4.02875e-07
0.02513,-0.2742864424,-0.2742864096,3.80901e-08,0.003159449071,0.00315944872,8.62023e-08,0.003375251801,0.003375250159,4.0302e-07
0.02514,-0.2751194346,-0.2751194018,3.81736e-08,0.003162196101,0.00316219575,8.62227e-08,0.003378646338,0.003378644695,4.03162e-07
0.02515,-0.2759517118,-0.2759516789,3.82553e-08,0.003164951457,0.003164951106,8.62438e-08,0.00338204924,0.003382047597,4.03302e-07
0.02516,-0.276783274,-0.2767832411,3.83327e-08,0.003167715132,0.003167714781,8.62664e-08,0.003385460499,0.003385458855,4.03442e-07
0.02517,-0.2776141213,-0.2776140883,3.84039e-08,0.00317048712,0.003170486768,8.62913e-08,0.003388880105,0.003388878461,4.03584e-07
0.02518,-0.2784442538,-0.2784442208,3.84671e-08,0.003173267412,0.00317326706,8.63192e-08,0.003392308051,0.003392306406,4.0373e-07
0.02519,-0.2792736715,-0.2792736384,3.85209e-08,0.003176056002,0.00317605565,8.63506e-08,0.003395744327,0.003395742681,4.03881e-07
0.0252,-0.2801023745,-0.2801023413,3.8564e-08,0.003178852883,0.003178852531,8.6386e-08,0.003399188924,0.003399187278,4.04039e-07
0.02521,-0.2809303627,-0.2809303296,3.85954e-08,0.003181658047,0.003181657695,8.6426e-08,0.003402641835,0.003402640188,4.04205e-07
0.02522,-0.2817576364,-0.2817576032,3.8614e-08,0.003184471488,0.003184471135,8.64708e-08,0.00340610305,0.003406101402,4.0438e-07
0.02523,-0.2825841955,-0.2825841623,3.86193e-08,0.003187293197,0.003187292845,8.65207e-08,0.003409572561,0.003409570913,4.04565e-07
0.02524,-0.2834100402,-0.283410007,3.86105e-08,0.003190123169,0.003190122816,8.65762e-08,0.003413050359,0.00341304871,4.04761e-07
0.02525,-0.2842351704,-0.2842351373,3.85871e-08,0.003192961395,0.003192961042,8.66373e-08,0.003416536436,0.003416534786,4.04968e-07
0.02526,-0.2850595863,-0.2850595532,3.85487e-08,0.00319580787,0.003195807516,8.67045e-08,0.003420030784,0.003420029133,4.05188e-07
0.02527,-0.285883288,-0.285883255,3.8495e-08,0.003198662585,0.003198662231,8.67778e-08,0.003423533392,0.00342353174,4.05422e-07
0.02528,-0.2867062756,-0.2867062425,3.84254e-08,0.003201525533,0.003201525179,8.68576e-08,0.003427044254,0.003427042601,4.05669e-07
0.02529,-0.287528549,-0.2875285161,3.83397e-08,0.003204396708,0.003204396353,8.6944e-08,0.003430563359,0.003430561706,4.05931e-07
0.0253,-0.2883501085,-0.2883500756,3.82375e-08,0.003207276101,0.003207275747,8.70374e-08,0.003434090701,0.003434089046,4.06208e-07
0.02531,-0.2891709541,-0.2891709213,3.8131e-08,0.003210163707,0.003210163352,8.71323e-08,0.003437626269,0.003437624613,4.06491e-07
0.02532,-0.2899910859,-0.2899910532,3.80844e-08,0.003213059518,0.003213059163,8.72004e-08,0.003441170056,0.003441168399,4.06736e-07
0.02533,-0.2908105041,-0.2908104714,3.80374e-08,0.003215963526,0.003215963171,8.72685e-08,0.003444722053,0.003444720395,4.06984e-07
0.02534,-0.2916292087,-0.291629176,3.79913e-08,0.003218875725,0.00321887537,8.73362e-08,0.003448282251,0.003448280592,4.07236e-07
0.02535,-0.2924471998,-0.2924471671,3.79468e-08,0.003221796108,0.003221795752,8.74031e-08,0.003451850642,0.003451848981,4.07492e-07
0.02536,-0.2932644775,-0.2932644449,3.7905e-08,0.003224724667,0.00322472431,8.7469e-08,0.003455427217,0.003455425555,4.0775e-07
0.02537,-0.2940810419,-0.2940810094,3.78666e-08,0.003227661395,0.003227661038,8.75336e-08,0.003459011967,0.003459010305,4.08009e-07
0.02538,-0.2948968932,-0.2948968607,3.78324e-08,0.003230606285,0.003230605928,8.75966e-08,0.003462604885,0.003462603221,4.0827e-07
0.02539,-0.2957120314,-0.2957119989,3.78028e-08,0.00323355933,0.003233558973,8.76579e-08,0.00346620596,0.003466204296,4.08532e-07
0.0254,-0.2965264567,-0.2965264242,3.77782e-08,0.003236520523,0.003236520166,8.77175e-08,0.003469815186,0.003469813521,4.08794e-07
0.02541,-0.2973401692,-0.2973401367,3.77588e-08,0.003239489857,0.003239489499,8.77751e-08,0.003473432553,0.003473430887,4.09057e-07
0.02542,-0.298153169,-0.2981531366,3.77446e-08,0.003242467324,0.003242466966,8.78311e-08,0.003477058053,0.003477056386,4.09318e-07
0.02543,-0.2989654562,-0.2989654238,3.77354e-08,0.003245452917,0.003245452559,8.78854e-08,0.003480691678,0.003480690009,4.09579e-07
0.02544,-0.2997770311,-0.2997769986,3.77306e-08,0.00324844663,0.003248446272,8.79383e-08,0.003484333418,0.003484331748,4.09839e-07
0.02545,-0.3005878936,-0.3005878611,3.77294e-08,0.003251448455,0.003251448097,8.79902e-08,0.003487983265,0.003487981594,4.10098e-07
0.02546,-0.3013980439,-0.3013980115,3.77307e-08,0.003254458386,0.003254458027,8.80416e-08,0.003491641211,0.003491639539,4.10356e-07
0.02547,-0.3022074822,-0.3022074498,3.77332e-08,0.003257476414,0.003257476055,8.8093e-08,0.003495307246,0.003495305573,4.10614e-07
0.02548,-0.3030162086,-0.3030161762,3.77351e-08,0.003260502533,0.003260502173,8.81452e-08,0.003498981364,0.00349897969,4.10871e-07
0.02549,-0.3038242233,-0.3038241908,3.77342e-08,0.003263536735,0.003263536376,8.8199e-08,0.003502663554,0.003502661879,4.11128e-07
0.0255,-0.3046315263,-0.3046314939,3.77281e-08,0.003266579015,0.003266578655,8.82555e-08,0.00350635381,0.003506352133,4.11385e-07
0.02551,-0.3054381179,-0.3054380855,3.77137e-08,0.003269629363,0.003269629004,8.83158e-08,0.003510052121,0.003510050444,4.11644e-07
0.02552,-0.3062439981,-0.3062439657,3.77221e-08,0.003272687775,0.003272687414,8.83662e-08,0.003513758479,0.003513756801,4.11881e-07
0.02553,-0.3070491673,-0.3070491348,3.77749e-08,0.003275754241,0.003275753881,8.83968e-08,0.003517472877,0.003517471198,4.12079e-07
0.02554,-0.3078536254,-0.3078535929,3.78263e-08,0.003278828755,0.003278828395,8.84278e-08,0.003521195305,0.003521193625,4.1227e-07
0.02555,-0.3086573727,-0.3086573402,3.78732e-08,0.003281911311,0.00328191095,8.84603e-08,0.003524925755,0.003524924074,4.12452e-07
0.02556,-0.3094604094,-0.3094603768,3.79122e-08,0.0032850019,0.003285001539,8.84954e-08,0.003528664218,0.003528662537,4.12627e-07
0.02557,-0.3102627354,-0.3102627028,3.79393e-08,0.003288100516,0.003288100155,8.85348e-08,0.003532410687,0.003532409005,4.12797e-07
0.02558,-0.3110643512,-0.3110643186,3.78412e-08,0.003291207152,0.003291206791,8.86178e-08,0.003536165152,0.003536163469,4.13089e-07
0.02559,-0.3118652567,-0.3118652242,3.77758e-08,0.003294321801,0.003294321439,8.86896e-08,0.003539927605,0.003539925921,4.13358e-07
0.0256,-0.3126654522,-0.3126654198,3.77404e-08,0.003297444455,0.003297444093,8.87509e-08,0.003543698037,0.003543696352,4.13604e-07
0.02561,-0.3134649378,-0.3134649054,3.77296e-08,0.003300575107,0.003300574745,8.88039e-08,0.003547476441,0.003547474755,4.13829e-07
0.02562,-0.3142637138,-0.3142636814,3.77382e-08,0.003303713751,0.003303713389,8.88503e-08,0.003551262808,0.003551261121,4.14038e-07
0.02563,-0.3150617803,-0.3150617478,3.77611e-08,0.003306860379,0.003306860016,8.8892e-08,0.003555057128,0.00355505544,4.14234e-07
0.02564,-0.3158591374,-0.3158591049,3.7794e-08,0.003310014984,0.003310014621,8.89305e-08,0.003558859394,0.003558857706,4.1442e-07
0.02565,-0.3166557854,-0.3166557529,3.78326e-08,0.003313177559,0.003313177196,8.89675e-08,0.003562669598,0.003562667909,4.14599e-07
0.02566,-0.3174517244,-0.3174516918,3.78728e-08,0.003316348097,0.003316347734,8.90043e-08,0.003566487731,0.003566486041,4.14774e-07
0.02567,-0.3182469546,-0.318246922,3.79111e-08,0.003319526591,0.003319526228,8.90423e-08,0.003570313783,0.003570312093,4.14948e-07
0.02568,-0.3190414763,-0.3190414436,3.79439e-08,0.003322713033,0.00332271267,8.90829e-08,0.003574147748,0.003574146057,4.15122e-07
0.02569,-0.3198352895,-0.3198352569,3.7968e-08,0.003325907418,0.003325907055,8.91272e-08,0.003577989617,0.003577987925,4.153e-07
0.0257,-0.3206283945,-0.3206283619,3.79805e-08,0.003329109737,0.003329109373,8.91764e-08,0.00358183938,0.003581837687,4.15484e-07
0.02571,-0.3214207915,-0.3214207589,3.79784e-08,0.003332319983,0.00333231962,8.92317e-08,0.00358569703,0.003585695337,4.15676e-07
0.02572,-0.3222124807,-0.3222124481,3.7959e-08,0.00333553815,0.003335537786,8.9294e-08,0.003589562559,0.003589560865,4.15878e-07
0.02573,-0.3230034623,-0.3230034296,3.79744e-08,0.00333876423,0.003338763866,8.93405e-08,0.003593435957,0.003593434262,4.16054e-07
0.02574,-0.3237937365,-0.3237937038,3.80075e-08,0.003341998217,0.003341997853,8.93784e-08,0.003597317217,0.003597315521,4.16216e-07
0.02575,-0.3245833035,-0.3245832708,3.80339e-08,0.003345240102,0.003345239738,8.94184e-08,0.003601206329,0.003601204633,4.16381e-07
0.02576,-0.3253721635,-0.3253721308,3.80532e-08,0.00334848988,0.003348489516,8.94609e-08,0.003605103287,0.00360510159,4.16551e-07
0.02577,-0.3261603167,-0.326160284,3.8065e-08,0.003351747543,0.003351747178,8.95059e-08,0.00360900808,0.003609006382,4.16726e-07
0.02578,-0.3269477633,-0.3269477306,3.80691e-08,0.003355013084,0.003355012719,8.95536e-08,0.003612920702,0.003612919003,4.16906e-07
0.02579,-0.3277345036,-0.3277344708,3.80653e-08,0.003358286496,0.003358286131,8.9604e-08,0.003616841142,0.003616839443,4.17093e-07
0.0258,-0.3285205377,-0.328520505,3.80536e-08,0.003361567771,0.003361567406,8.96571e-08,0.003620769394,0.003620767694,4.17285e-07
0.02581,-0.3293058658,-0.3293058331,3.80341e-08,0.003364856904,0.003364856538,8.9713e-08,0.003624705449,0.003624703748,4.17485e-07
0.02582,-0.3300904882,-0.3300904556,3.80069e-08,0.003368153886,0.00336815352,8.97716e-08,0.003628649298,0.003628647596,4.17691e-07
0.02583,-0.3308744052,-0.3308743726,3.79721e-08,0.003371458711,0.003371458345,8.9833e-08,0.003632600933,0.00363259923,4.17905e-07
0.02584,-0.3316576168,-0.3316575843,3.793e-08,0.003374771372,0.003374771005,8.98971e-08,0.003636560345,0.003636558642,4.18126e-07
0.02585,-0.3324401235,-0.3324400909,3.78808e-08,0.003378091861,0.003378091494,8.9964e-08,0.003640527527,0.003640525823,4.18355e-07
0.02586,-0.3332219252,-0.3332218927,3.78246e-08,0.003381420172,0.003381419805,9.00337e-08,0.00364450247,0.003644500765,4.18592e-07
0.02587,-0.3340030224,-0.33400299,3.77615e-08,0.003384756297,0.00338475593,9.01061e-08,0.003648485166,0.003648483459,4.18836e-07
0.02588,-0.3347834153,-0.3347833829,3.76916e-08,0.003388100229,0.003388099862,9.01814e-08,0.003652475605,0.003652473898,4.19089e-07
0.02589,-0.335563104,-0.3355630716,3.76151e-08,0.003391451963,0.003391451595,9.02596e-08,0.003656473781,0.003656472073,4.1935e-07
0.0259,-0.3363420888,-0.3363420565,3.75317e-08,0.003394811489,0.003394811121,9.03408e-08,0.003660479684,0.003660477975,4.19619e-07
0.02591,-0.3371203699,-0.3371203377,3.74413e-08,0.003398178802,0.003398178433,9.04252e-08,0.003664493307,0.003664491596,4.19897e-07
0.02592,-0.3378979476,-0.3378979155,3.73438e-08,0.003401553894,0.003401553525,9.0513e-08,0.003668514641,0.003668512929,4.20185e-07
0.02593,-0.3386748222,-0.3386747902,3.72385e-08,0.003404936759,0.003404936389,9.06045e-08,0.003672543677,0.003672541964,4.20481e-07
0.02594,-0.3394509938,-0.3394509619,3.71922e-08,0.003408327388,0.003408327019,9.06704e-08,0.003676580408,0.003676578693,4.20738e-07
0.02595,-0.3402264628,-0.3402264309,3.71556e-08,0.003411725776,0.003411725406,9.07325e-08,0.003680624824,0.003680623109,4.20992e-07
0.02596,-0.3410012294,-0.3410011974,3.7125e-08,0.003415131915,0.003415131545,9.07924e-08,0.003684676919,0.003684675202,4.21245e-07
0.02597,-0.3417752937,-0.3417752618,3.71006e-08,0.003418545798,0.003418545428,9.08502e-08,0.003688736682,0.003688734965,4.21496e-07
0.02598,-0.3425486562,-0.3425486243,3.70826e-08,0.003421967418,0.003421967048,9.09057e-08,0.003692804107,0.003692802389,4.21746e-07
0.02599,-0.3433213169,-0.3433212851,3.70711e-08,0.003425396768,0.003425396398,9.0959e-08,0.003696879185,0.003696877466,4.21993e-07
0.026,-0.3440932763,-0.3440932444,3.70658e-08,0.003428833842,0.003428833471,9.10102e-08,0.003700961908,0.003700960188,4.22237e-07
0.02601,-0.3448645344,-0.3448645026,3.70664e-08,0.003432278631,0.00343227826,9.10593e-08,0.003705052267,0.003705050546,4.22479e-07
0.02602,-0.3456350917,-0.3456350598,3.70723e-08,0.00343573113,0.003435730759,9.11067e-08,0.003709150254,0.003709148532,4.22717e-07
0.02603,-0.3464049483,-0.3464049165,3.70826e-08,0.003439191331,0.003439190959,9.11527e-08,0.003713255862,0.003713254138,4.22952e-07
0.02604,-0.3471741046,-0.3471740727,3.70963e-08,0.003442659226,0.003442658855,9.11976e-08,0.00371736908,0.003717367356,4.23183e-07
0.02605,-0.3479425607,-0.3479425288,3.7112e-08,0.00344613481,0.003446134438,9.12421e-08,0.003721489903,0.003721488177,4.23411e-07
0.02606,-0.3487103169,-0.348710285,3.7128e-08,0.003449618075,0.003449617703,9.12866e-08,0.00372561832,0.003725616594,4.23635e-07
0.02607,-0.3494773736,-0.3494773417,3.71425e-08,0.003453109014,0.003453108642,9.1332e-08,0.003729754324,0.003729752597,4.23856e-07
0.02608,-0.350243731,-0.3502436991,3.7153e-08,0.00345660762,0.003456607248,9.1379e-08,0.003733897907,0.003733896179,4.24074e-07
0.02609,-0.3510093893,-0.3510093574,3.71572e-08,0.003460113886,0.003460113514,9.14287e-08,0.003738049061,0.003738047332,4.24289e-07
0.0261,-0.3517743489,-0.351774317,3.71519e-08,0.003463627805,0.003463627433,9.1482e-08,0.003742207777,0.003742206047,4.24502e-07
0.02611,-0.3525386099,-0.352538578,3.71338e-08,0.003467149371,0.003467148998,9.15402e-08,0.003746374047,0.003746372316,4.24715e-07
0.02612,-0.3533021728,-0.3533021409,3.70993e-08,0.003470678575,0.003470678202,9.16047e-08,0.003750547862,0.003750546131,4.24926e-07
0.02613,-0.3540650377,-0.3537448457,0.000372592,0.003474215412,0.003472000627,0.000543479,0.003754729216,0.003752211017,0.000618065
0.02614,-0.354827205,-0.3539683445,0.000999415,0.003477759874,0.003471766471,0.0014707,0.003758918099,0.003752111333,0.00167065
0.02615,-0.3555886749,-0.3542023053,0.00161325,0.003481311954,0.003471554521,0.00239435,0.003763114503,0.00375204223,0.00271757
0.02616,-0.3563494477,-0.3544487947,0.0022117,0.003484871645,0.00347138371,0.00330976,0.003767318421,0.003752024745,0.00375367
0.02617,-0.3571095238,-0.3547097596,0.00279249,0.00348843894,0.003471272064,0.00421253,0.003771529843,0.003752078893,0.00477402
0.02618,-0.3578689033,-0.3549870271,0.0033535,0.003492013833,0.003471236699,0.00509844,0.003775748763,0.003752223664,0.00577398
0.02619,-0.3586275866,-0.3552823046,0.00389274,0.003495596316,0.003471293825,0.00596351,0.00377997517,0.003752477024,0.00674912
0.0262,-0.359385574,-0.3555971799,0.00440837,0.003499186382,0.003471458742,0.006804,0.003784209059,0.003752855916,0.00769529
0.02621,-0.3601428658,-0.3559331207,0.00489868,0.003502784024,0.003471745844,0.00761636,0.00378845042,0.003753376258,0.00860857
0.02622,-0.3608994622,-0.3562914752,0.00536209,0.003506389237,0.003472168617,0.00839729,0.003792699245,0.003754052945,0.00948531
0.02623,-0.3616553636,-0.3566734719,0.00579719,0.003510002011,0.003472739636,0.0091437,0.003796955526,0.003754899848,0.0103221
0.02624,-0.3624105702,-0.3570802195,0.00620267,0.003513622341,0.003473470572,0.00985272,0.003801219255,0.003755929814,0.0111158
0.02625,-0.3631650824,-0.3575127068,0.0065774,0.00351725022,0.003474372186,0.0105217,0.003805490424,0.003757154667,0.0118635
0.02626,-0.3639189004,-0.357971803,0.00692035,0.003520885641,0.00347545433,0.0111482,0.003809769024,0.003758585204,0.0125625
0.02627,-0.3646720246,-0.3584582576,0.00723066,0.003524528596,0.003476725952,0.0117301,0.003814055048,0.003760231203,0.0132105
0.02628,-0.3654244552,-0.3589727002,0.0075076,0.003528179079,0.003478195086,0.0122654,0.003818348488,0.003762101414,0.0138052
0.02629,-0.3661761926,-0.3595156409,0.00775056,0.003531837082,0.003479868864,0.0127523,0.003822649335,0.003764203565,0.0143449
0.0263,-0.3669272371,-0.3600874697,0.00795911,0.0035355026,0.003481753506,0.0131893,0.003826957582,0.003766544361,0.0148278
0.02631,-0.367677589,-0.3606884572,0.00813292,0.003539175625,0.003483854326,0.0135751,0.00383127322,0.003769129481,0.0152525
0.02632,-0.3684272485,-0.361318754,0.00827181,0.003542856149,0.00348617573,0.0139086,0.003835596241,0.003771963582,0.0156179
0.02633,-0.3691762161,-0.3619783911,0.00837576,0.003546544167,0.003488721214,0.014189,0.003839926637,0.003775050295,0.0159232
0.02634,-0.3699244919,-0.3626672798,0.00844487,0.003550239671,0.003491493369,0.0144156,0.0038442644,0.00377839223,0.0161676
0.02635,-0.3706720765,-0.3633852115,0.00847937,0.003553942655,0.003494493875,0.0145879,0.003848609522,0.00378199097,0.0163508
0.02636,-0.37141897,-0.364131858,0.00847966,0.00355765311,0.003497723506,0.0147059,0.003852961995,0.003785847077,0.0164726
0.02637,-0.3721651727,-0.3649067711,0.00844625,0.003561371032,0.003501182129,0.0147696,0.003857321811,0.003789960088,0.0165332
0.02638,-0.3729106851,-0.3657093832,0.00837981,0.003565096411,0.0035048687,0.0147791,0.003861688962,0.003794328516,0.0165329
0.02639,-0.3736555074,-0.3665390068,0.00828113,0.003568829243,0.003508781269,0.014735,0.003866063439,0.003798949849,0.0164723
0.0264,-0.3743996399,-0.3673948346,0.00815115,0.003572569519,0.003512916978,0.0146379,0.003870445235,0.003803820554,0.0163523
0.02641,-0.375143083,-0.3682759396,0.00799096,0.003576317233,0.003517272061,0.0144889,0.003874834343,0.003808936071,0.016174
0.02642,-0.3758858369,-0.369181275,0.00780178,0.003580072378,0.003521841842,0.014289,0.003879230752,0.003814290819,0.0159388
0.02643,-0.3766279021,-0.3701096744,0.00758495,0.003583834947,0.003526620741,0.0140396,0.003883634457,0.003819878191,0.0156483
0.02644,-0.3773692788,-0.3710598515,0.00734198,0.003587604934,0.003531602266,0.0137423,0.003888045448,0.003825690557,0.0153043
0.02645,-0.3781099674,-0.3720304004,0.0070745,0.003591382331,0.003536779019,0.0133989,0.003892463718,0.003831719263,0.0149091
0.02646,-0.3788499682,-0.3730197954,0.00678429,0.003595167131,0.003542142695,0.0130115,0.003896889259,0.003837954632,0.0144649
0.02647,-0.3795892815,-0.3740263909,0.00647327,0.003598959328,0.003547684079,0.0125823,0.003901322063,0.003844385961,0.0139743
0.02648,-0.3803279077,-0.3750484218,0.00614348,0.003602758914,0.003553393049,0.0121137,0.003905762121,0.003851001525,0.0134404
0.02649,-0.3810658471,-0.3760840031,0.00579713,0.003606565883,0.003559258574,0.0116086,0.003910209426,0.003857788575,0.0128661
0.0265,-0.3818031001,-0.37713113,0.00543655,0.003610380228,0.003565268717,0.0110698,0.003914663971,0.003864733338,0.0122549
0.02651,-0.3825396669,-0.3781876783,0.0050642,0.003614201943,0.003571410632,0.0105004,0.003919125746,0.003871821016,0.0116104
0.02652,-0.383275548,-0.3792514036,0.0046827,0.003618031019,0.003577670565,0.00990393,0.003923594744,0.003879035789,0.0109365
0.02653,-0.3840107436,-0.380319942,0.00429481,0.003621867451,0.003584033853,0.00928387,0.003928070957,0.003886360812,0.0102373
0.02654,-0.3847452541,-0.3813908098,0.00390341,0.003625711232,0.003590484926,0.00864407,0.003932554377,0.003893778216,0.00951719
0.02655,-0.3854790798,-0.3824614037,0.00351152,0.003629562354,0.003597007308,0.00798858,0.003937044997,0.003901269109,0.0087808
0.02656,-0.3862122212,-0.3835290003,0.00312233,0.003633420811,0.003603583611,0.00732166,0.003941542808,0.003908813574,0.00803303
0.02657,-0.3869446785,-0.3845907569,0.00273915,0.003637286596,0.003610195541,0.00664779,0.003946047802,0.003916390671,0.00727902
0.02658,-0.3876764521,-0.3856437108,0.0023654,0.003641159702,0.003616823898,0.00597169,0.003950559971,0.003923978436,0.00652415
0.02659,-0.3884075424,-0.3866847795,0.0020047,0.003645040123,0.00362344857,0.00529828,0.003955079308,0.003931553882,0.00577406
0.0266,-0.3891379496,-0.3877107609,0.00166075,0.003648927851,0.003630048541,0.00463273,0.003959605805,0.003939092995,0.00503465
0.02661,-0.3898676742,-0.3887183331,0.00133743,0.003652822879,0.003636601884,0.00398042,0.003964139453,0.003946570742,0.00431205
0.02662,-0.3905967165,-0.3897040544,0.00103875,0.003656725202,0.003643085766,0.00334694,0.003968680245,0.003953961062,0.00361266
0.02663,-0.3913250768,-0.3906643635,0.00076884,0.003660634811,0.003649476444,0.00273812,0.003973228174,0.003961236872,0.00294313
0.02664,-0.3920527555,-0.3915955792,0.000531994,0.003664551701,0.00365574927,0.00216,0.00397778323,0.003968370065,0.00231036
0.02665,-0.392779753,-0.3924939006,0.000332633,0.003668475864,0.003661878685,0.00161886,0.003982345407,0.003975331509,0.00172148
0.02666,-0.3935060696,-0.3933554072,0.000175319,0.003672407294,0.003667838224,0.00112119,0.003986914696,0.00398209105,0.00118391
0.02667,-0.3942317057,-0.3941760585,6.4754e-05,0.003676345983,0.003673600513,0.000673702,0.00399149109,0.003988617509,0.000705289
0.02668,-0.3949566617,-0.3949516945,5.78006e-06,0.003680291925,0.00367913727,0.000283337,0.00399607458,0.003994878684,0.00029352
0.02668855199,-0.3955761039,-0.3955760796,2.82096e-08,0.003683672239,0.003683671375,2.12082e-07,0.004,0.00399999773,5.57191e-07
0.02668855199,-0.3955761039,-0.3955760796,2.82096e-08,0.003683672239,0.003683671375,2.12082e-07,0.004,0.00399999773,5.57191e-07
0.02669,-0.3956809378,-0.3956809073,3.5462e-08,0.003684245114,0.003684244727,9.49793e-08,0.004000665159,0.004000663377,4.37513e-07
0.0267,-0.3964045344,-0.396404504,3.53944e-08,0.003688205542,0.003688205154,9.50541e-08,0.004005261832,0.004005260063,4.3421e-07
0.02671,-0.397127452,-0.3971274217,3.5327e-08,0.003692173202,0.003692172815,9.51286e-08,0.004009855516,0.004009853762,4.30605e-07
0.02672,-0.3978496909,-0.3978496606,3.52599e-08,0.003696148088,0.0036961477,9.52031e-08,0.004014423826,0.004014422088,4.26504e-07
0.02673,-0.3985712514,-0.3985712212,3.51929e-08,0.003700130194,0.003700129805,9.52773e-08,0.004018931019,0.004018929315,4.18449e-07
0.02674,-0.399292134,-0.3992921038,3.51262e-08,0.003704119511,0.003704119123,9.53515e-08,0.004023328698,0.004023327047,4.05326e-07
0.02675,-0.400012339,-0.4000123088,3.50597e-08,0.003708116034,0.003708115645,9.54255e-08,0.004027557071,0.0040275555,3.85817e-07
0.02676,-0.4007318667,-0.4007318366,3.49934e-08,0.003712119756,0.003712119367,9.54994e-08,0.00403154696,0.004031545494,3.5987e-07
0.02677,-0.4014507175,-0.4014506875,3.49272e-08,0.003716130669,0.00371613028,9.55731e-08,0.004035222585,0.004035221254,3.26582e-07
0.02678,-0.4021688919,-0.402168862,3.48613e-08,0.003720148768,0.003720148378,9.56467e-08,0.004038507731,0.004038506562,2.86822e-07
0.02679,-0.4028863902,-0.4028863603,3.47956e-08,0.003724174045,0.003724173655,9.57201e-08,0.004041363385,0.004041362383,2.45955e-07
0.0268,-0.4036032127,-0.4036031828,3.47301e-08,0.003728206493,0.003728206103,9.57934e-08,0.004043780292,0.004043779459,2.04349e-07
0.02681,-0.4043193598,-0.40431933,3.46648e-08,0.003732246107,0.003732245716,9.58666e-08,0.004045753832,0.004045753171,1.62402e-07
0.02682,-0.405034832,-0.4050348022,3.45997e-08,0.003736292878,0.003736292487,9.59396e-08,0.004047284208,0.004047283716,1.20724e-07
0.02683,-0.4057496295,-0.4057495998,3.45348e-08,0.003740346801,0.00374034641,9.60125e-08,0.004048376946,0.004048376623,7.91704e-08
0.02684,-0.4064637528,-0.4064637232,3.44701e-08,0.003744407869,0.003744407477,9.60853e-08,0.004049043128,0.00404904297,3.89248e-08
0.02685,-0.4071772023,-0.4071771727,3.44056e-08,0.003748476074,0.003748475682,9.61579e-08,0.004049299315,0.00404929931,1.21321e-09
0.02686,-0.4078899783,-0.4078899487,3.43413e-08,0.00375255141,0.003752551018,9.62304e-08,0.004049167209,0.004049167348,3.40604e-08
0.02687,-0.4086020811,-0.4086020517,3.42771e-08,0.003756633871,0.003756633479,9.63027e-08,0.004048673109,0.00404867338,6.66101e-08
0.02688,-0.4093135113,-0.4093134819,3.42132e-08,0.00376072345,0.003760723057,9.63749e-08,0.004047847173,0.004047847564,9.59069e-08
0.02689,-0.4100242692,-0.4100242398,3.41495e-08,0.003764820139,0.003764819746,9.6447e-08,0.004046722565,0.004046723062,1.21853e-07
0.0269,-0.4107343551,-0.4107343258,3.4086e-08,0.003768923933,0.00376892354,9.6519e-08,0.004045334526,0.004045335114,1.44322e-07
0.02691,-0.4114437695,-0.4114437402,3.40226e-08,0.003773034824,0.003773034431,9.65908e-08,0.004043719438,0.004043720103,1.63348e-07
0.02692,-0.4121525127,-0.4121524835,3.39595e-08,0.003777152806,0.003777152412,9.66625e-08,0.004041913912,0.004041914642,1.7898e-07
0.02693,-0.4128605851,-0.412860556,3.38965e-08,0.003781277872,0.003781277478,9.6734e-08,0.004039953961,0.00403995474,1.91217e-07
0.02694,-0.4135679871,-0.413567958,3.38338e-08,0.003785410016,0.003785409621,9.68054e-08,0.004037874261,0.004037875077,2.00242e-07
0.02695,-0.4142747192,-0.4142746901,3.37712e-08,0.00378954923,0.003789548835,9.68767e-08,0.004035707546,0.004035708386,2.06243e-07
0.02696,-0.4149807816,-0.4149807526,3.37088e-08,0.003793695508,0.003793695113,9.69479e-08,0.004033484136,0.004033484984,2.08299e-07
0.02697,-0.4156861748,-0.4156861459,3.36466e-08,0.003797848843,0.003797848448,9.70189e-08,0.004031231581,0.004031232429,2.08194e-07
0.02698,-0.4163908983,-0.4163908704,3.2482e-08,0.003802009239,0.003802008833,9.95397e-08,0.004028974083,0.004028974919,2.05184e-07
0.02699,-0.4170949542,-0.4170949264,3.23929e-08,0.003806176669,0.003806176263,9.96162e-08,0.004026723379,0.004026724208,2.03631e-07
0.027,-0.4177983423,-0.4177983144,3.24208e-08,0.003810351135,0.00381035073,9.93435e-08,0.004024480017,0.004024480838,2.01415e-07
0.02701,-0.4185010627,-0.4185010348,3.24708e-08,0.00381453263,0.003814532227,9.90143e-08,0.004022244017,0.004022244828,1.99164e-07
0.02702,-0.4192031159,-0.4192030879,3.25261e-08,0.00381872115,0.003818720748,9.86734e-08,0.0040200154,0.004020016202,1.96918e-07
0.02703,-0.4199045022,-0.4199044742,3.25497e-08,0.003822916688,0.003822916287,9.84508e-08,0.004017794185,0.004017794979,1.95081e-07
0.02704,-0.420605222,-0.4205632373,4.88555e-05,0.003827119236,0.003826854789,6.48919e-05,0.004015580393,0.004015704714,3.05133e-05
0.02705,-0.4213052758,-0.4207455087,0.000651374,0.003831328789,0.003827775472,0.000871937,0.004013374046,0.004015015706,0.000402927
0.02706,-0.4220046639,-0.4210941203,0.00105956,0.00383554534,0.003829721183,0.00142917,0.004011175166,0.004013851409,0.000656855
0.02707,-0.4227033868,-0.4216748243,0.00119689,0.00383976888,0.003833135837,0.00162766,0.004008983775,0.004012035068,0.000748907
0.02708,-0.4234014448,-0.4224918609,0.00105844,0.003843999405,0.003838071314,0.00145468,0.004006799892,0.004009551033,0.000675238
0.02709,-0.4240988384,-0.4234879585,0.000710852,0.003848236908,0.003844187459,0.000993682,0.004004623538,0.004006544761,0.000471543
0.0271,-0.424795568,-0.424544334,0.000292349,0.00385248138,0.003850752086,0.000424346,0.004002454734,0.004003322815,0.000213061
0.02711,-0.425491634,-0.4254806921,1.27326e-05,0.003856732817,0.003856640974,2.25371e-05,0.004000293501,0.004000352864,1.45699e-05
0.0271113612,-0.4255863314,-0.425586287,5.15713e-08,0.003857312062,0.003857311499,1.3807e-07,0.0039999999,0.004000000782,2.16457e-07
0.0271113612,-0.4255863314,-0.425586287,5.15713e-08,0.003857312062,0.003857311499,1.3807e-07,0.0039999999,0.004000000782,2.16457e-07
0.02712,-0.4261870368,-0.4261870092,3.2036e-08,0.003860991211,0.003860990807,9.91421e-08,0.003998139861,0.003998140625,1.87638e-07
0.02713,-0.4268817768,-0.4268817493,3.20748e-08,0.003865256554,0.003865256151,9.88793e-08,0.003995993836,0.003995994592,1.85698e-07
0.02714,-0.4275758545,-0.4275758269,3.21524e-08,0.003869528841,0.00386952844,9.84861e-08,0.003993855443,0.00399385619,1.8337e-07
0.02715,-0.4282692702,-0.4282692425,3.22383e-08,0.003873808065,0.003873807666,9.80674e-08,0.003991724702,0.00399172544,1.80977e-07
0.02716,-0.4289620243,-0.4289619965,3.23282e-08,0.00387809422,0.003878093822,9.76379e-08,0.003989601633,0.003989602361,1.78563e-07
0.02717,-0.4296541172,-0.4296540894,3.23843e-08,0.0038823873,0.003882386903,9.73278e-08,0.003987486253,0.003987486972,1.76527e-07
0.02718,-0.4303455493,-0.4303455215,3.23662e-08,0.003886687298,0.003886686902,9.72724e-08,0.00398537858,0.003985379294,1.75263e-07
0.02719,-0.4310363211,-0.4310362933,3.23328e-08,0.003890994208,0.003890993812,9.72732e-08,0.003983278637,0.003983279347,1.74186e-07
0.0272,-0.4317264328,-0.4317264051,3.2277e-08,0.003895308022,0.003895307626,9.7347e-08,0.003981186443,0.003981187149,1.73308e-07
0.02721,-0.4324158851,-0.4324158574,3.22133e-08,0.003899628735,0.003899628338,9.74484e-08,0.003979102017,0.00397910272,1.72513e-07
0.02722,-0.4331046783,-0.4331046506,3.21495e-08,0.003903956338,0.003903955941,9.75429e-08,0.00397702538,0.003977026079,1.7165e-07
0.02723,-0.4337928127,-0.4337927852,3.20799e-08,0.003908290826,0.003908290428,9.76794e-08,0.003974956549,0.003974957245,1.71031e-07
0.02724,-0.4344802889,-0.4344802614,3.20092e-08,0.003912632193,0.003912631794,9.78332e-08,0.003972895543,0.003972896238,1.70539e-07
0.02725,-0.4351671073,-0.4351670798,3.19386e-08,0.003916980431,0.003916980031,9.79976e-08,0.003970842383,0.003970843076,1.70135e-07
0.02726,-0.4358532682,-0.4358532408,3.18695e-08,0.003921335534,0.003921335134,9.81637e-08,0.003968797086,0.003968797778,1.6977e-07
0.02727,-0.4365387721,-0.4365387447,3.18075e-08,0.003925697495,0.003925697094,9.8318e-08,0.003966759672,0.003966760363,1.69439e-07
0.02728,-0.4372236194,-0.4372235921,3.17495e-08,0.003930066308,0.003930065906,9.84516e-08,0.00396473016,0.003964730849,1.69002e-07
0.02729,-0.4379078105,-0.4379077833,3.16942e-08,0.003934441965,0.003934441564,9.85524e-08,0.003962708568,0.003962709254,1.68334e-07
0.0273,-0.4385913459,-0.4385913187,3.1645e-08,0.003938824462,0.00393882406,9.86564e-08,0.003960694914,0.003960695598,1.67804e-07
0.02731,-0.4392742259,-0.4392741988,3.16004e-08,0.00394321379,0.003943213388,9.87656e-08,0.003958689216,0.003958689898,1.67404e-07
0.02732,-0.4399564511,-0.4396671861,0.000336604,0.003947609944,0.00394558957,0.000495773,0.003956691493,0.003957451211,0.000186464
0.02733,-0.4406380217,-0.4398525134,0.000914058,0.003952012917,0.003946482958,0.00135698,0.003954701763,0.003956736351,0.000499367
0.02734,-0.4413189383,-0.4401238475,0.00139067,0.003956422703,0.003947947562,0.00207969,0.003952720043,0.003955776636,0.000750207
0.02735,-0.4419992012,-0.4405100621,0.00173284,0.003960839294,0.003950203062,0.00260999,0.003950746351,0.003954507577,0.000923152
0.02736,-0.4426788109,-0.4410282672,0.00192066,0.003965262685,0.003953385592,0.00291448,0.003948780706,0.003952894681,0.00100973
0.02737,-0.4433577679,-0.4416838083,0.00194791,0.003969692868,0.003957547736,0.00298026,0.003946823124,0.003950933457,0.00100884
0.02738,-0.4440360725,-0.4424702668,0.00182205,0.003974129838,0.003962658532,0.00281491,0.003944873625,0.003948649409,0.000926725
0.02739,-0.4447137251,-0.44336946,0.00156426,0.003978573588,0.003968603469,0.00244654,0.003942932223,0.003946098043,0.000777016
0.0274,-0.4453907263,-0.4443514409,0.00120937,0.00398302411,0.00397518449,0.00192374,0.003940998937,0.003943364861,0.00058069
0.02741,-0.4460670763,-0.4453744983,0.00080592,0.0039874814,0.003982119987,0.00131562,0.003939073785,0.003940565364,0.000366092
0.02742,-0.4467427757,-0.446385157,0.000416144,0.00399194545,0.003989044808,0.000711779,0.003937156785,0.003937845053,0.000168928
0.02743,-0.4474178249,-0.4473181775,0.000115955,0.003996416253,0.003995510251,0.000222321,0.00393524795,0.003935379426,3.22695e-05
0.02743800501,-0.4479577344,-0.4479577036,3.57831e-08,0.004,0.003999999538,1.13291e-07,0.003933725822,0.003933726465,1.57839e-07
0.02743800501,-0.4479577344,-0.4479577036,3.57831e-08,0.004,0.003999999538,1.13291e-07,0.003933725822,0.003933726465,1.57839e-07
0.02744,-0.4480904446,-0.4480904861,4.82449e-08,0.004000893803,0.004000893397,9.97671e-08,0.0039333473,0.003933347948,1.591e-07
0.02745,-0.4483930941,-0.4483932249,1.52203e-07,0.004005376966,0.004005376572,9.67799e-08,0.003931454852,0.003931455496,1.58104e-07
0.02746,-0.4471403546,-0.4471406451,3.38014e-07,0.004009856436,0.004009856076,8.82767e-08,0.003929570622,0.003929571262,1.57106e-07
0.02747,-0.4430469435,-0.4430474867,6.32105e-07,0.004014310268,0.004014309911,8.74276e-08,0.003927694626,0.003927695262,1.56106e-07
0.02748,-0.4348699364,-0.434870864,1.07938e-06,0.004018703754,0.004018703405,8.56888e-08,0.003925826881,0.003925827513,1.55105e-07
0.02749,-0.4214575539,-0.4214589304,1.60184e-06,0.004022990199,0.004022989861,8.30077e-08,0.003923967404,0.003923968031,1.54101e-07
0.0275,-0.4018123101,-0.4018142187,2.22097e-06,0.004027112104,0.004027111782,7.91077e-08,0.003922116209,0.003922116833,1.53096e-07
0.02751,-0.3751634192,-0.375165935,2.92753e-06,0.00403100307,0.004031002766,7.45876e-08,0.003920273315,0.003920273935,1.52089e-07
0.02752,-0.3410410066,-0.3410441993,3.71516e-06,0.004034590427,0.004034590148,6.85617e-08,0.003918438737,0.003918439352,1.51079e-07
0.02753,-0.3003949973,-0.3003984595,4.02875e-06,0.004037800602,0.004037800363,5.87723e-08,0.00391661249,0.003916613101,1.50055e-07
0.02754,-0.258205082,-0.2582085954,4.08827e-06,0.00404059428,0.004040594075,5.02354e-08,0.003914794591,0.003914795198,1.49042e-07
0.02755,-0.2153879909,-0.2153915582,4.15104e-06,0.004042962605,0.004042962434,4.1785e-08,0.003912985055,0.003912985659,1.48027e-07
0.02756,-0.1723655287,-0.1723691043,4.16079e-06,0.004044901349,0.004044901214,3.30613e-08,0.003911183899,0.003911184498,1.47011e-07
0.02757,-0.1296221676,-0.1296256919,4.10112e-06,0.00404641084,0.004046410743,2.38649e-08,0.003909391138,0.003909391732,1.45992e-07
0.02758,-0.08767725719,-0.08768066785,3.96882e-06,0.004047496449,0.004047496389,1.48555e-08,0.003907606786,0.003907607377,1.44972e-07
0.02759,-0.0470575045,-0.04706075185,3.77879e-06,0.004048168801,0.004048168775,6.25554e-09,0.003905830861,0.003905831447,1.43951e-07
0.0276,-0.008271097268,-0.008274131033,3.53025e-06,0.004048443712,0.004048443719,1.83985e-09,0.003904063376,0.003904063958,1.42927e-07
0.02761,0.02821534642,0.0282125561,3.24695e-06,0.004048341893,0.004048341931,9.21832e-09,0.003902304348,0.003902304926,1.41902e-07
0.02762,0.06199584244,0.0619933208,2.93431e-06,0.004047888432,0.004047888497,1.58962e-08,0.00390055379,0.003900554364,1.40875e-07
0.02763,0.09273941526,0.09273718824,2.59148e-06,0.004047112108,0.004047112197,2.18176e-08,0.003898811719,0.003898812289,1.39846e-07
0.02764,0.1201994078,0.1201974838,2.23882e-06,0.004046044598,0.004046044708,2.6947e-08,0.003897078149,0.003897078715,1.38816e-07
0.02765,0.1442176153,0.1442159961,1.88415e-06,0.004044719602,0.00404471973,3.12431e-08,0.003895353095,0.003895353657,1.37784e-07
0.02766,0.1647236728,0.1647223532,1.53555e-06,0.004043171962,0.004043172104,3.47664e-08,0.003893636572,0.003893637129,1.3675e-07
0.02767,0.1817302675,0.1817292383,1.19753e-06,0.004041436803,0.004041436956,3.75893e-08,0.003891928594,0.003891929147,1.35714e-07
0.02768,0.1953250202,0.1953242672,8.76152e-07,0.004039548738,0.0040395489,3.97197e-08,0.003890229176,0.003890229725,1.34677e-07
0.02769,0.2056599621,0.2056594603,5.83921e-07,0.004037541175,0.004037541343,4.1142e-08,0.003888538332,0.003888538876,1.33638e-07
0.0277,0.2129395489,0.2129392716,3.22667e-07,0.004035445729,0.0040354459,4.1966e-08,0.003886856076,0.003886856617,1.32598e-07
0.02771,0.2174081003,0.2174080213,9.19693e-08,0.004033291758,0.00403329193,4.22618e-08,0.003885182424,0.00388518296,1.31556e-07
0.02772,0.2193374256,0.2193375191,1.08852e-07,0.004031106033,0.004031106205,4.21198e-08,0.003883517388,0.003883517919,1.30512e-07
0.02773,0.2191206064,0.2191208321,2.62618e-07,0.004028912402,0.004028912572,4.1681e-08,0.003881860983,0.00388186151,1.29464e-07
0.02774,0.2184164695,0.2184166947,2.6204e-07,0.004026724716,0.004026724882,4.08686e-08,0.003880213223,0.003880213746,1.28265e-07
0.02775,0.2177099861,0.2177102087,2.58984e-07,0.004024544086,0.004024544246,3.93284e-08,0.003878574124,0.00387857464,1.26638e-07
0.02776,0.21700117,0.2170013903,2.56402e-07,0.004022370531,0.004022370686,3.79336e-08,0.003876943697,0.003876944207,1.25094e-07
0.02777,0.2162900383,0.2162902562,2.53531e-07,0.004020204077,0.004020204226,3.64563e-08,0.003875321956,0.003875322459,1.23501e-07
0.02778,0.2155766064,0.2155768225,2.51405e-07,0.004018044745,0.004018044888,3.52059e-08,0.003873708914,0.003873709412,1.22039e-07
0.02779,0.2148608899,0.2163580507,0.00174217,0.004015892557,0.004016591455,0.000171501,0.003872104584,0.003872615568,0.000125415
0.0278,0.2141429058,0.2170564823,0.00339039,0.004013747536,0.004015808548,0.000505745,0.003870508981,0.003871985437,0.00036238
0.02781,0.2134226703,0.2143269196,0.00105223,0.004011609706,0.004014572162,0.000726948,0.003868922116,0.003870989357,0.000507382
0.02782,0.2127001998,0.2083523423,0.00505939,0.004009479089,0.004012763531,0.000805959,0.003867344005,0.003869553764,0.000542361
0.02783,0.2119755099,0.2005774233,0.0132634,0.004007355708,0.004010375646,0.000741053,0.003865774659,0.00386769798,0.000472058
0.02784,0.2112486165,0.1937085291,0.0204106,0.004005239585,0.004007513252,0.000557928,0.003864214092,0.003865534211,0.000324009
0.02785,0.2105195357,0.1917137196,0.0218834,0.004003130741,0.004004392847,0.000309704,0.003862662317,0.003863267549,0.000148548
0.02786,0.2097882831,0.1998227484,0.0115964,0.004001029199,0.004001342688,7.69261e-05,0.003861119347,0.00386119597,1.88063e-05
0.02786491058,0.2094284057,0.2094282777,1.48922e-07,0.0039999999,0.004000000036,3.33491e-08,0.003860364887,0.00386036535,1.13698e-07
0.02786491058,0.2094284057,0.2094282777,1.48922e-07,0.0039999999,0.004000000036,3.33491e-08,0.003860364887,0.00386036535,1.13698e-07
0.02787,0.209054875,0.2090550954,2.56499e-07,0.003998934981,0.003998935109,3.14109e-08,0.003859585195,0.003859585656,1.13216e-07
0.02788,0.2083193277,0.2083195471,2.55288e-07,0.00399684811,0.003996848234,3.04436e-08,0.003858059874,0.00385806033,1.11909e-07
0.02789,0.2075816567,0.2075818735,2.52345e-07,0.003994768607,0.003994768725,2.89764e-08,0.003856543396,0.003856543846,1.10308e-07
0.0279,0.2068418755,0.2068420902,2.49908e-07,0.003992696491,0.003992696603,2.76595e-08,0.003855035774,0.003855036217,1.08794e-07
0.02791,0.2061000003,0.2061002125,2.46885e-07,0.003990631783,0.00399063189,2.6177e-08,0.003853537019,0.003853537456,1.07181e-07
0.02792,0.2053560449,0.2053562555,2.45054e-07,0.003988574504,0.003988574606,2.50439e-08,0.003852047143,0.003852047574,1.05774e-07
0.02793,0.2046100242,0.2046102345,2.44688e-07,0.003986524673,0.003986524772,2.43385e-08,0.003850566158,0.003850566585,1.04616e-07
0.02794,0.2038619541,0.2038621645,2.44835e-07,0.003984482311,0.003984482408,2.3784e-08,0.003849094077,0.003849094499,1.03547e-07
0.02795,0.2031118498,0.2031120606,2.45297e-07,0.00398244744,0.003982447535,2.33217e-08,0.003847630911,0.003847631329,1.02531e-07
0.02796,0.2023597263,0.2023599376,2.45807e-07,0.00398042008,0.003980420174,2.2875e-08,0.003846176673,0.003846177087,1.01522e-07
0.02797,0.2016055984,0.2016058104,2.46701e-07,0.003978400251,0.003978400343,2.25615e-08,0.003844731375,0.003844731785,1.00595e-07
0.02798,0.200849481,0.2008496939,2.47789e-07,0.003976387973,0.003976388064,2.2318e-08,0.003843295027,0.003843295434,9.97055e-08
0.02799,0.2000913888,0.2000916027,2.48952e-07,0.003974383266,0.003974383356,2.21057e-08,0.003841867643,0.003841868046,9.88325e-08
0.028,0.1993313366,0.1993315515,2.50055e-07,0.003972386149,0.003972386239,2.18861e-08,0.003840449233,0.003840449632,9.79544e-08
0.02801,0.1985693394,0.1985695549,2.50758e-07,0.003970396644,0.003970396731,2.15214e-08,0.00383903981,0.003839040205,9.69891e-08
0.02802,0.197805411,0.1978056273,2.51617e-07,0.003968414767,0.003968414854,2.12263e-08,0.003837639383,0.003837639775,9.6066e-08
0.02803,0.1970395662,0.1970397831,2.52382e-07,0.00396644054,0.003966440625,2.08984e-08,0.003836247966,0.003836248353,9.51235e-08
0.02804,0.1962718195,0.1962720368,2.52899e-07,0.003964473981,0.003964474065,2.04743e-08,0.003834865568,0.003834865952,9.41233e-08
0.02805,0.1955021846,0.1955024026,2.53636e-07,0.003962515109,0.003962515191,2.01449e-08,0.003833492202,0.003833492581,9.31808e-08
0.02806,0.1947306763,0.1947308947,2.54182e-07,0.003960563942,0.003960564023,1.97368e-08,0.003832127877,0.003832128253,9.21902e-08
0.02807,0.1939573083,0.1939575273,2.54763e-07,0.0039586205,0.003958620579,1.93453e-08,0.003830772606,0.003830772977,9.12095e-08
0.02808,0.1931820949,0.1931823144,2.55405e-07,0.003956684801,0.003956684878,1.89812e-08,0.003829426398,0.003829426766,9.02448e-08
0.02809,0.1924050501,0.19240527,2.55843e-07,0.003954756863,0.003954756939,1.85301e-08,0.003828089265,0.003828089628,8.92255e-08
0.0281,0.1916261877,0.1916264081,2.56527e-07,0.003952836705,0.003952836779,1.81843e-08,0.003826761217,0.003826761577,8.82697e-08
0.02811,0.1908455216,0.1908457425,2.5708e-07,0.003950924344,0.003950924417,1.7783e-08,0.003825442265,0.00382544262,8.72784e-08
0.02812,0.1900630658,0.190063287,2.57489e-07,0.0039490198,0.00394901987,1.73195e-08,0.003824132419,0.003824132771,8.62543e-08
0.02813,0.1892788337,0.1892790554,2.57998e-07,0.003947123088,0.003947123157,1.68987e-08,0.00382283169,0.003822832037,8.52511e-08
0.02814,0.1884928392,0.1884930613,2.58468e-07,0.003945234228,0.003945234295,1.64612e-08,0.003821540088,0.003821540431,8.42342e-08
0.02815,0.1877050958,0.1877053182,2.58869e-07,0.003943353236,0.003943353302,1.59945e-08,0.003820257624,0.003820257963,8.31974e-08
0.02816,0.1869156171,0.1869158398,2.59174e-07,0.003941480131,0.003941480194,1.54863e-08,0.003818984307,0.003818984642,8.21341e-08
0.02817,0.1861244165,0.1861246394,2.59393e-07,0.00393961493,0.003939614991,1.49419e-08,0.003817720148,0.003817720478,8.10484e-08
0.02818,0.1853315074,0.1853317305,2.59614e-07,0.003937757649,0.003937757707,1.43976e-08,0.003816465156,0.003816465482,7.99644e-08
0.02819,0.184536903,0.1845371263,2.59793e-07,0.003935908305,0.003935908362,1.38361e-08,0.003815219342,0.003815219663,7.88706e-08
0.0282,0.1837406167,0.1837408401,2.59948e-07,0.003934066916,0.00393406697,1.32656e-08,0.003813982715,0.003813983032,7.77715e-08
0.02821,0.1829426616,0.1829428851,2.60103e-07,0.003932233499,0.00393223355,1.26968e-08,0.003812755285,0.003812755598,7.66727e-08
0.02822,0.1821430508,0.1821432745,2.6027e-07,0.003930408069,0.003930408118,1.21348e-08,0.003811537062,0.00381153737,7.5577e-08
0.02823,0.1813417974,0.1813420212,2.60359e-07,0.003928590643,0.00392859069,1.15387e-08,0.003810328056,0.003810328359,7.44638e-08
0.02824,0.1805389144,0.1805391382,2.60446e-07,0.003926781239,0.003926781283,1.09431e-08,0.003809128275,0.003809128574,7.33502e-08
0.02825,0.1797344147,0.1797346386,2.60548e-07,0.003924979871,0.003924979913,1.0355e-08,0.003807937729,0.003807938023,7.22396e-08
0.02826,0.1789283111,0.1789285352,2.60682e-07,0.003923186556,0.003923186596,9.78283e-09,0.003806756428,0.003806756718,7.11357e-08
0.02827,0.1781206165,0.1781208406,2.60871e-07,0.00392140131,0.003921401348,9.23572e-09,0.003805584381,0.003805584666,7.00425e-08
0.02828,0.1773113435,0.1773115678,2.60994e-07,0.003919624149,0.003919624184,8.66021e-09,0.003804421596,0.003804421877,6.89342e-08
0.02829,0.1765005049,0.1765007293,2.6112e-07,0.003917855088,0.003917855121,8.08684e-09,0.003803268084,0.00380326836,6.78248e-08
0.0283,0.1756881133,0.1756883378,2.61216e-07,0.003916094144,0.003916094175,7.50078e-09,0.003802123853,0.003802124124,6.67127e-08
0.02831,0.1748741811,0.1748744057,2.61333e-07,0.003914341331,0.00391434136,6.92401e-09,0.003800988911,0.003800989178,6.56057e-08
0.02832,0.1740587209,0.1740589456,2.61522e-07,0.003912596666,0.003912596692,6.38008e-09,0.003799863269,0.003799863531,6.45079e-08
0.02833,0.1732417451,0.17324197,2.61705e-07,0.003910860162,0.003910860186,5.83447e-09,0.003798746934,0.003798747192,6.34057e-08
0.02834,0.172423266,0.1724234911,2.61887e-07,0.003909131836,0.003909131857,5.28899e-09,0.003797639915,0.003797640169,6.23008e-08
0.02835,0.171603296,0.1716035212,2.62073e-07,0.003907411702,0.003907411721,4.74604e-09,0.003796542221,0.003796542471,6.11947e-08
0.02836,0.1707818472,0.1707820726,2.62262e-07,0.003905699775,0.003905699792,4.20452e-09,0.003795453861,0.003795454106,6.00874e-08
0.02837,0.1699589319,0.1699591574,2.62455e-07,0.00390399607,0.003903996085,3.66535e-09,0.003794374842,0.003794375083,5.89796e-08
0.02838,0.1691345621,0.1691347878,2.62623e-07,0.003902300601,0.003902300614,3.11529e-09,0.003793305174,0.00379330541,5.78671e-08
0.02839,0.1683087499,0.1683089757,2.62758e-07,0.003900613383,0.003900613394,2.55144e-09,0.003792244864,0.003792245096,5.67492e-08
0.0284,0.1674815073,0.1674817332,2.62881e-07,0.003898934431,0.003898934439,1.98211e-09,0.003791193921,0.003791194148,5.56293e-08
0.02841,0.1666528462,0.1666530722,2.62997e-07,0.003897263758,0.003897263764,1.41055e-09,0.003790152353,0.003790152575,5.45086e-08
0.02842,0.1658227785,0.1658230046,2.63117e-07,0.003895601379,0.003895601382,8.41433e-10,0.003789120168,0.003789120386,5.33891e-08
0.02843,0.1649913159,0.1649915422,2.63233e-07,0.003893947307,0.003893947308,2.71591e-10,0.003788097374,0.003788097587,5.22698e-08
0.02844,0.1641584703,0.1641586966,2.63332e-07,0.003892301557,0.003892301556,3.05643e-10,0.003787083978,0.003787084187,5.11484e-08
0.02845,0.1633242534,0.1633244797,2.63434e-07,0.003890664142,0.003890664139,8.80728e-10,0.003786079989,0.003786080193,5.00284e-08
0.02846,0.1624886766,0.1624889031,2.63544e-07,0.003889035077,0.003889035071,1.4513e-09,0.003785085415,0.003785085614,4.89108e-08
0.02847,0.1616517517,0.1616519783,2.63668e-07,0.003887414373,0.003887414365,2.01505e-09,0.003784100262,0.003784100457,4.77964e-08
0.02848,0.1608134901,0.1608137168,2.63804e-07,0.003885802046,0.003885802035,2.57226e-09,0.003783124539,0.003783124729,4.66843e-08
0.02849,0.1599739033,0.1599741301,2.63938e-07,0.003884198108,0.003884198095,3.12947e-09,0.003782158253,0.003782158439,4.55701e-08
0.0285,0.1591330027,0.1591332296,2.64076e-07,0.003882602572,0.003882602557,3.68419e-09,0.003781201412,0.003781201593,4.44547e-08
0.02851,0.1582907996,0.1582910266,2.64212e-07,0.003881015452,0.003881015435,4.23902e-09,0.003780254023,0.003780254199,4.33362e-08
0.02852,0.1574473053,0.1574475325,2.64337e-07,0.003879436761,0.003879436741,4.79786e-09,0.003779316093,0.003779316265,4.22118e-08
0.02853,0.156602531,0.1566027583,2.64418e-07,0.003877866511,0.003877866489,5.37638e-09,0.003778387629,0.003778387796,4.10761e-08
0.02854,0.155756488,0.1557567152,2.6441e-07,0.003876304715,0.00387630469,5.994e-09,0.003777468639,0.003777468802,3.99298e-08
0.02855,0.1549091873,0.1549094145,2.64451e-07,0.003874751385,0.003874751358,6.5893e-09,0.00377655913,0.003776559288,3.87867e-08
0.02856,0.1540606399,0.1540608673,2.64515e-07,0.003873206535,0.003873206506,7.17387e-09,0.003775659108,0.003775659261,3.76422e-08
0.02857,0.153210857,0.1532110844,2.64579e-07,0.003871670177,0.003871670145,7.75801e-09,0.003774768581,0.003774768729,3.64924e-08
0.02858,0.1523598494,0.1523600768,2.64625e-07,0.003870142323,0.003870142289,8.35084e-09,0.003773887555,0.003773887699,3.53337e-08
0.02859,0.1515076279,0.1515078554,2.64716e-07,0.003868622984,0.003868622948,8.9207e-09,0.003773016037,0.003773016177,3.41849e-08
0.0286,0.1506542035,0.1506544311,2.64805e-07,0.003867112174,0.003867112136,9.49125e-09,0.003772154035,0.003772154169,3.3034e-08
0.02861,0.1497995869,0.1497998145,2.64883e-07,0.003865609904,0.003865609863,1.00658e-08,0.003771301553,0.003771301683,3.18803e-08
0.02862,0.1489437888,0.1489440165,2.64952e-07,0.003864116187,0.003864116143,1.06442e-08,0.0037704586,0.003770458725,3.07245e-08
0.02863,0.1480868199,0.1480870476,2.65012e-07,0.003862631033,0.003862630987,1.12252e-08,0.003769625181,0.003769625301,2.95681e-08
0.02864,0.1472286908,0.1472289186,2.6507e-07,0.003861154454,0.003861154406,1.18068e-08,0.003768801303,0.003768801419,2.84128e-08
0.02865,0.1463694121,0.1463696399,2.65132e-07,0.003859686463,0.003859686412,1.23857e-08,0.003767986972,0.003767987083,2.72608e-08
0.02866,0.1455089942,0.1455092221,2.65207e-07,0.00385822707,0.003858227017,1.29582e-08,0.003767182195,0.003767182301,2.61146e-08
0.02867,0.1446474477,0.1446476757,2.65303e-07,0.003856776287,0.003856776232,1.35198e-08,0.003766386977,0.003766387078,2.49773e-08
0.02868,0.1437847829,0.143785011,2.65433e-07,0.003855334125,0.003855334067,1.40655e-08,0.003765601325,0.003765601422,2.38517e-08
0.02869,0.1429210102,0.1429212384,2.65546e-07,0.003853900595,0.003853900535,1.46184e-08,0.003764825244,0.003764825337,2.27215e-08
0.0287,0.1420561399,0.1420563682,2.65635e-07,0.003852475708,0.003852475646,1.51817e-08,0.003764058742,0.00376405883,2.15838e-08
0.02871,0.1411901822,0.1411904106,2.65739e-07,0.003851059475,0.003851059411,1.57383e-08,0.003763301823,0.003763301906,2.04503e-08
0.02872,0.1403231474,0.1403233759,2.65857e-07,0.003849651908,0.003849651841,1.62875e-08,0.003762554494,0.003762554572,1.93209e-08
0.02873,0.1394550456,0.1394552742,2.6599e-07,0.003848253016,0.003848252947,1.68297e-08,0.00376181676,0.003761816834,1.81951e-08
0.02874,0.1385858868,0.1385861155,2.66135e-07,0.00384686281,0.003846862739,1.73659e-08,0.003761088627,0.003761088696,1.70718e-08
0.02875,0.1377156811,0.1377159099,2.66288e-07,0.003845481301,0.003845481228,1.78984e-08,0.0037603701,0.003760370165,1.59496e-08
0.02876,0.1368444385,0.1368446675,2.66441e-07,0.0038441085,0.003844108425,1.84303e-08,0.003759661186,0.003759661246,1.48263e-08
0.02877,0.1359721689,0.135972398,2.66585e-07,0.003842744416,0.003842744338,1.89662e-08,0.003758961889,0.003758961945,1.36989e-08
0.02878,0.1350988823,0.1350991115,2.66706e-07,0.00384138906,0.00384138898,1.95123e-08,0.003758272215,0.003758272267,1.25639e-08
0.02879,0.1342245884,0.1342248177,2.66811e-07,0.003840042441,0.00384004236,2.00649e-08,0.00375759217,0.003757592217,1.14219e-08
0.0288,0.1333492969,0.1333495263,2.66922e-07,0.003838704571,0.003838704487,2.06141e-08,0.003756921758,0.0037569218,1.02794e-08
0.02881,0.1324730177,0.1324732471,2.66917e-07,0.003837375459,0.003837375372,2.12146e-08,0.003756260985,0.003756261023,9.12088e-09
0.02882,0.1315957605,0.1315959899,2.67001e-07,0.003836055114,0.003836055025,2.17748e-08,0.003755609856,0.003755609889,7.97734e-09
0.02883,0.1307175348,0.1307177644,2.67146e-07,0.003834743546,0.003834743456,2.23066e-08,0.003754968377,0.003754968404,6.84372e-09
0.02884,0.1298383503,0.12983858,2.67331e-07,0.003833440766,0.003833440673,2.28202e-08,0.003754336551,0.003754336574,5.71573e-09
0.02885,0.1289582165,0.1289584464,2.67535e-07,0.003832146782,0.003832146687,2.33245e-08,0.003753714384,0.003753714403,4.58986e-09
0.02886,0.1280771428,0.1280773729,2.67743e-07,0.003830861605,0.003830861508,2.38269e-08,0.003753101881,0.003753101895,3.46326e-09
0.02887,0.1271951388,0.1271953691,2.67939e-07,0.003829585242,0.003829585143,2.43334e-08,0.003752499047,0.003752499056,2.33373e-09
0.02888,0.1263122138,0.1263124442,2.68115e-07,0.003828317705,0.003828317604,2.4849e-08,0.003751905886,0.003751905891,1.1996e-09
0.02889,0.1254283772,0.1254286077,2.68259e-07,0.003827059001,0.003827058898,2.53778e-08,0.003751322403,0.003751322403,5.97311e-11
0.0289,0.1245436382,0.1245438689,2.68404e-07,0.00382580914,0.003825809035,2.5906e-08,0.003750748603,0.003750748598,1.08362e-09
0.02891,0.1236580061,0.1236582368,2.68527e-07,0.003824568131,0.003824568023,2.64435e-08,0.003750184489,0.00375018448,2.23209e-09
0.02892,0.1227714901,0.1227717209,2.68624e-07,0.003823335983,0.003823335873,2.69922e-08,0.003749630068,0.003749630054,3.38571e-09
0.02893,0.1218840993,0.1218843302,2.68696e-07,0.003822112704,0.003822112592,2.75517e-08,0.003749085343,0.003749085324,4.54391e-09
0.02894,0.1209958429,0.1209960738,2.68744e-07,0.003820898304,0.003820898189,2.81211e-08,0.003748550318,0.003748550295,5.7059e-09
0.02895,0.1201067298,0.1201069608,2.68772e-07,0.00381969279,0.003819692673,2.86991e-08,0.003748024998,0.00374802497,6.87071e-09
0.02896,0.1192167693,0.1192170002,2.68783e-07,0.003818496172,0.003818496052,2.92841e-08,0.003747509386,0.003747509353,8.03724e-09
0.02897,0.1183259701,0.118326201,2.68781e-07,0.003817308457,0.003817308336,2.98745e-08,0.003747003488,0.00374700345,9.20434e-09
0.02898,0.1174343412,0.1174345721,2.68769e-07,0.003816129655,0.003816129531,3.04683e-08,0.003746507307,0.003746507264,1.03709e-08
0.02899,0.1165418914,0.1165421224,2.68752e-07,0.003814959773,0.003814959647,3.1064e-08,0.003746020847,0.0037460208,1.15357e-08
0.029,0.1156486297,0.1156488607,2.68746e-07,0.00381379882,0.003813798691,3.1654e-08,0.003745544112,0.00374554406,1.26978e-08
0.02901,0.1147545648,0.1147547958,2.68761e-07,0.003812646803,0.003812646672,3.22343e-08,0.003745077106,0.003745077049,1.38563e-08
0.02902,0.1138597054,0.1138599364,2.68789e-07,0.003811503731,0.003811503597,3.28078e-08,0.003744619832,0.003744619771,1.50107e-08
0.02903,0.1129640602,0.1129642912,2.68833e-07,0.003810369612,0.003810369476,3.33733e-08,0.003744172296,0.00374417223,1.61607e-08
0.02904,0.1120676378,0.1120678689,2.68895e-07,0.003809244452,0.003809244314,3.39304e-08,0.003743734499,0.003743734429,1.73064e-08
0.02905,0.1111704469,0.1111706781,2.68973e-07,0.003808128261,0.003808128121,3.44794e-08,0.003743306447,0.003743306371,1.84481e-08
0.02906,0.1102724961,0.1102727273,2.69066e-07,0.003807021046,0.003807020903,3.50214e-08,0.003742888142,0.003742888062,1.9587e-08
0.02907,0.1093737937,0.1093740251,2.69168e-07,0.003805922814,0.003805922669,3.55585e-08,0.003742479587,0.003742479503,2.07243e-08
0.02908,0.1084743484,0.1084745798,2.69272e-07,0.003804833573,0.003804833425,3.60938e-08,0.003742080788,0.003742080699,2.18622e-08
0.02909,0.1075741685,0.1075744,2.6937e-07,0.003803753329,0.00380375318,3.66318e-08,0.003741691746,0.003741691652,2.30033e-08
0.0291,0.1066732624,0.106673494,2.69452e-07,0.003802682092,0.00380268194,3.71764e-08,0.003741312465,0.003741312367,2.41512e-08
0.02911,0.1057716385,0.10577187,2.69456e-07,0.003801619866,0.003801619713,3.77551e-08,0.003740942949,0.003740942846,2.53227e-08
0.02912,0.1048693049,0.1048695364,2.69303e-07,0.003800566661,0.003800566505,3.84032e-08,0.0037405832,0.003740583092,2.65246e-08
0.02913,0.1039662701,0.1039665015,2.69262e-07,0.003799522483,0.003799522324,3.90009e-08,0.003740233222,0.003740233109,2.77018e-08
0.02914,0.1030625422,0.1030627736,2.69303e-07,0.003798487338,0.003798487177,3.95611e-08,0.003739893018,0.003739892901,2.88608e-08
0.02915,0.1021581293,0.1021583608,2.69402e-07,0.003797461234,0.003797461071,4.00949e-08,0.003739562591,0.003739562469,3.00073e-08
0.02916,0.1012530397,0.1012532713,2.69536e-07,0.003796444178,0.003796444012,4.06119e-08,0.003739241944,0.003739241817,3.11461e-08
0.02917,0.1003472813,0.100347513,2.69689e-07,0.003795436175,0.003795436008,4.11204e-08,0.003738931079,0.003738930947,3.22812e-08
0.02918,0.09944086219,0.09944109408,2.69843e-07,0.003794437234,0.003794437064,4.16275e-08,0.00373863,0.003738629864,3.3416e-08
0.02919,0.09853379043,0.09853402245,2.69987e-07,0.00379344736,0.003793447188,4.21389e-08,0.003738338709,0.003738338568,3.45531e-08
0.0292,0.09762607394,0.09762630607,2.70109e-07,0.00379246656,0.003792466386,4.26595e-08,0.003738057209,0.003738057064,3.56946e-08
0.02921,0.09671772063,0.09671795285,2.70227e-07,0.003791494841,0.003791494665,4.31811e-08,0.003737785503,0.003737785353,3.68402e-08
0.02922,0.09580873836,0.09580897067,2.70325e-07,0.003790532208,0.00379053203,4.37112e-08,0.003737523594,0.003737523439,3.79917e-08
0.02923,0.09489913498,0.09489936735,2.70396e-07,0.003789578668,0.003789578488,4.42528e-08,0.003737271483,0.003737271324,3.91496e-08
0.02924,0.09398891828,0.09398915069,2.70438e-07,0.003788634227,0.003788634045,4.48065e-08,0.003737029174,0.00373702901,4.0314e-08
0.02925,0.09307809602,0.09307832844,2.70453e-07,0.003787698892,0.003787698707,4.53722e-08,0.003736796669,0.0037367965,4.14844e-08
0.02926,0.0921666759,0.09216690831,2.70441e-07,0.003786772667,0.00378677248,4.59493e-08,0.003736573969,0.003736573796,4.26603e-08
0.02927,0.0912546656,0.09125489797,2.70405e-07,0.00378585556,0.00378585537,4.65369e-08,0.003736361079,0.0037363609,4.38409e-08
0.02928,0.09034207274,0.09034230507,2.70346e-07,0.003784947576,0.003784947384,4.71338e-08,0.003736157999,0.003736157815,4.50252e-08
0.02929,0.08942890493,0.08942913718,2.70269e-07,0.00378404872,0.003784048526,4.77386e-08,0.003735964732,0.003735964544,4.62121e-08
0.0293,0.0885151697,0.08851540188,2.70176e-07,0.003783158999,0.003783158802,4.835e-08,0.00373578128,0.003735781087,4.74005e-08
0.02931,0.08760087457,0.08760110667,2.70087e-07,0.003782278419,0.003782278219,4.89589e-08,0.003735607646,0.003735607448,4.85875e-08
0.02932,0.08668602699,0.08668625903,2.70016e-07,0.003781406984,0.003781406782,4.95592e-08,0.00373544383,0.003735443627,4.9771e-08
0.02933,0.08577063442,0.0857708664,2.69954e-07,0.0037805447,0.003780544495,5.0155e-08,0.003735289836,0.003735289629,5.09512e-08
0.02934,0.08485470423,0.08485493618,2.69904e-07,0.003779691573,0.003779691366,5.07446e-08,0.003735145665,0.003735145453,5.21271e-08
0.02935,0.0839382438,0.08393847572,2.6987e-07,0.003778847607,0.003778847398,5.13263e-08,0.003735011319,0.003735011102,5.32979e-08
0.02936,0.08302126044,0.08302149234,2.69855e-07,0.003778012809,0.003778012598,5.18993e-08,0.0037348868,0.003734886578,5.4463e-08
0.02937,0.08210376142,0.08210399333,2.6986e-07,0.003777187184,0.00377718697,5.24628e-08,0.00373477211,0.003734771883,5.56222e-08
0.02938,0.08118575399,0.08118598592,2.69884e-07,0.003776370736,0.00377637052,5.30172e-08,0.003734667249,0.003734667018,5.67756e-08
0.02939,0.08026724536,0.08026747732,2.69924e-07,0.00377556347,0.003775563252,5.35634e-08,0.003734572221,0.003734571985,5.79239e-08
0.0294,0.07934824267,0.07934847468,2.69978e-07,0.003774765392,0.003774765172,5.41032e-08,0.003734487026,0.003734486786,5.90682e-08
0.02941,0.07842875307,0.07842898513,2.70043e-07,0.003773976507,0.003773976284,5.46378e-08,0.003734411667,0.003734411421,6.02097e-08
0.02942,0.07750878361,0.07750901575,2.70137e-07,0.003773196819,0.003773196594,5.51585e-08,0.003734346144,0.003734345894,6.1348e-08
0.02943,0.07658834136,0.07658857359,2.70231e-07,0.003772426333,0.003772426106,5.56785e-08,0.003734290458,0.003734290204,6.24877e-08
0.02944,0.07566743335,0.07566766565,2.70314e-07,0.003771665054,0.003771664824,5.62028e-08,0.003734244612,0.003734244353,6.36323e-08
0.02945,0.07474606654,0.07474629889,2.70371e-07,0.003770912986,0.003770912754,5.67381e-08,0.003734208607,0.003734208343,6.47859e-08
0.02946,0.07382424788,0.07382448008,2.70206e-07,0.003770170134,0.0037701699,5.73726e-08,0.003734182444,0.003734182175,6.60009e-08
0.02947,0.07290198426,0.07290221628,2.69986e-07,0.003769436502,0.003769436266,5.80304e-08,0.003734166124,0.00373416585,6.72282e-08
0.02948,0.07197928257,0.0719795145,2.69887e-07,0.003768712095,0.003768711856,5.86343e-08,0.003734159648,0.003734159369,6.84212e-08
0.02949,0.07105614963,0.07105638155,2.69877e-07,0.003767996918,0.003767996677,5.91976e-08,0.003734163017,0.003734162734,6.95881e-08
0.0295,0.07013259223,0.07013282419,2.6993e-07,0.003767290974,0.00376729073,5.97321e-08,0.003734176233,0.003734175945,7.0736e-08
0.02951,0.06920861713,0.06920884918,2.70023e-07,0.003766594267,0.003766594022,6.02484e-08,0.003734199297,0.003734199004,7.18713e-08
0.02952,0.06828423105,0.06828446321,2.70155e-07,0.003765906803,0.003765906555,6.07465e-08,0.003734232209,0.003734231911,7.29975e-08
0.02953,0.06735944067,0.06735967296,2.70303e-07,0.003765228584,0.003765228334,6.12367e-08,0.00373427497,0.003734274668,7.41199e-08
0.02954,0.06643425265,0.06643448506,2.7045e-07,0.003764559615,0.003764559364,6.17271e-08,0.003734327581,0.003734327275,7.52424e-08
0.02955,0.06550867361,0.06550890614,2.70584e-07,0.0037638999,0.003763899647,6.22226e-08,0.003734390044,0.003734389732,7.63681e-08
0.02956,0.06458271012,0.06458294275,2.70697e-07,0.003763249443,0.003763249187,6.27268e-08,0.003734462358,0.003734462042,7.74993e-08
0.02957,0.06365636874,0.06365660144,2.70783e-07,0.003762608247,0.003762607989,6.32429e-08,0.003734544524,0.003734544204,7.86376e-08
0.02958,0.06272965598,0.06272988872,2.70836e-07,0.003761976317,0.003761976057,6.37727e-08,0.003734636543,0.003734636218,7.97843e-08
0.02959,0.06180257831,0.06180281107,2.70854e-07,0.003761353655,0.003761353393,6.43178e-08,0.003734738417,0.003734738087,8.09401e-08
0.0296,0.06087514217,0.06087537492,2.70836e-07,0.003760740266,0.003760740002,6.48788e-08,0.003734850144,0.003734849809,8.21052e-08
0.02961,0.05994735398,0.05994758668,2.7078e-07,0.003760136153,0.003760135887,6.54559e-08,0.003734971726,0.003734971386,8.32794e-08
0.02962,0.05901922011,0.05901945274,2.70697e-07,0.00375954132,0.003759541051,6.60444e-08,0.003735103163,0.003735102819,8.44615e-08
0.02963,0.05809074688,0.05809097942,2.70599e-07,0.00375895577,0.003758955498,6.66392e-08,0.003735244455,0.003735244106,8.56497e-08
0.02964,0.05716194061,0.05716217304,2.70478e-07,0.003758379506,0.003758379232,6.72434e-08,0.003735395604,0.00373539525,8.6844e-08
0.02965,0.05623280757,0.05623303989,2.7034e-07,0.003757812532,0.003757812256,6.7855e-08,0.003735556609,0.00373555625,8.80429e-08
0.02966,0.055303354,0.05530358619,2.70188e-07,0.003757254851,0.003757254572,6.84718e-08,0.00373572747,0.003735727106,8.92452e-08
0.02967,0.05437358611,0.05437381816,2.70029e-07,0.003756706466,0.003756706185,6.90917e-08,0.003735908187,0.003735907819,9.04491e-08
0.02968,0.05344351007,0.05344374198,2.69867e-07,0.00375616738,0.003756167096,6.97123e-08,0.003736098762,0.003736098388,9.16533e-08
0.02969,0.05251313201,0.05251336379,2.69706e-07,0.003755637597,0.00375563731,7.03315e-08,0.003736299193,0.003736298814,9.28562e-08
0.0297,0.05158245806,0.0515826897,2.69552e-07,0.003755117119,0.00375511683,7.09475e-08,0.003736509481,0.003736509098,9.40564e-08
0.02971,0.05065149427,0.05065172579,2.69408e-07,0.003754605949,0.003754605657,7.15586e-08,0.003736729626,0.003736729238,9.52527e-08
0.02972,0.04972024669,0.0497204781,2.69278e-07,0.00375410409,0.003754103796,7.21627e-08,0.003736959628,0.003736959235,9.64437e-08
0.02973,0.04878872132,0.04878895265,2.69188e-07,0.003753611545,0.003753611248,7.27484e-08,0.003737199486,0.003737199089,9.76261e-08
0.02974,0.04785692414,0.04785715541,2.69123e-07,0.003753128316,0.003753128017,7.3322e-08,0.003737449202,0.003737448799,9.88009e-08
0.02975,0.04692486109,0.04692509233,2.69086e-07,0.003752654407,0.003752654106,7.3883e-08,0.003737708773,0.003737708366,9.99678e-08
0.02976,0.04599253809,0.04599276932,2.69075e-07,0.00375218982,0.003752189516,7.44313e-08,0.003737978201,0.003737977789,1.01127e-07
0.02977,0.04505996102,0.04506019226,2.6909e-07,0.003751734557,0.003751734251,7.49679e-08,0.003738257485,0.003738257069,1.02278e-07
0.02978,0.04412713572,0.044127367,2.69127e-07,0.003751288621,0.003751288314,7.54942e-08,0.003738546625,0.003738546203,1.03423e-07
0.02979,0.04319406802,0.04319429934,2.69179e-07,0.003750852015,0.003750851705,7.60129e-08,0.00373884562,0.003738845194,1.04562e-07
0.0298,0.0422607637,0.04226099508,2.6924e-07,0.003750424741,0.003750424429,7.65272e-08,0.003739154469,0.003739154039,1.05699e-07
0.02981,0.04132722852,0.04132745995,2.69299e-07,0.0037500068,0.003750006486,7.70419e-08,0.003739473173,0.003739472738,1.06835e-07
0.02982,0.0403934682,0.04039369966,2.69344e-07,0.003749598197,0.003749597881,7.75624e-08,0.003739801731,0.003739801291,1.07974e-07
0.02983,0.03945948841,0.03945971991,2.69377e-07,0.003749198932,0.003749198613,7.80875e-08,0.003740140142,0.003740139697,1.09119e-07
0.02984,0.03852529483,0.03852552633,2.69377e-07,0.003748809008,0.003748808687,7.8627e-08,0.003740488406,0.003740487957,1.10273e-07
0.02985,0.0375908931,0.03759112424,2.68971e-07,0.003748428426,0.003748428103,7.93462e-08,0.003740846522,0.003740846067,1.11566e-07
0.02986,0.0366562888,0.03665651973,2.6872e-07,0.00374805719,0.003748056864,7.99961e-08,0.003741214489,0.003741214029,1.12805e-07
0.02987,0.03572148751,0.03572171833,2.68592e-07,0.003747695301,0.003747694973,8.05908e-08,0.003741592307,0.003741591842,1.14001e-07
0.02988,0.03478649478,0.03478672557,2.68559e-07,0.003747342761,0.00374734243,8.11429e-08,0.003741979975,0.003741979505,1.15164e-07
0.02989,0.0338513161,0.03385154692,2.68594e-07,0.003746999572,0.003746999239,8.16638e-08,0.003742377491,0.003742377018,1.16302e-07
0.0299,0.03291595697,0.03291618786,2.68677e-07,0.003746665735,0.0037466654,8.21634e-08,0.003742784856,0.003742784378,1.17421e-07
0.02991,0.03198042283,0.03198065382,2.68786e-07,0.003746341253,0.003746340916,8.26505e-08,0.003743202069,0.003743201586,1.18528e-07
0.02992,0.03104471911,0.0310449502,2.68905e-07,0.003746026127,0.003746025789,8.31328e-08,0.003743629127,0.00374362864,1.1963e-07
0.02993,0.03010885118,0.03010908238,2.69027e-07,0.003745720359,0.003745720019,8.36133e-08,0.003744066031,0.003744065539,1.20729e-07
0.02994,0.02917282441,0.02917305571,2.6915e-07,0.003745423951,0.003745423608,8.40925e-08,0.003744512779,0.003744512283,1.21828e-07
0.02995,0.02823664414,0.02823687552,2.69255e-07,0.003745136903,0.003745136559,8.45793e-08,0.00374496937,0.003744968869,1.22932e-07
0.02996,0.02730031566,0.02730054711,2.69335e-07,0.003744859218,0.003744858872,8.5077e-08,0.003745435804,0.003745435298,1.24043e-07
0.02997,0.02636384425,0.02636407575,2.69383e-07,0.003744590897,0.003744590549,8.55879e-08,0.003745912078,0.003745911568,1.25163e-07
0.02998,0.02542723516,0.02542746667,2.69397e-07,0.003744331942,0.003744331591,8.61135e-08,0.003746398192,0.003746397677,1.26294e-07
0.02999,0.02449049361,0.0244907251,2.69374e-07,0.003744082353,0.003744082,8.6655e-08,0.003746894144,0.003746893625,1.27436e-07
0.03,0.02355362478,0.02355385622,2.69314e-07,0.003743842132,0.003743841777,8.72127e-08,0.003747399933,0.003747399409,1.28589e-07
0.03001,0.02261663383,0.02261686519,2.69216e-07,0.003743611281,0.003743610923,8.77865e-08,0.003747915559,0.00374791503,1.29755e-07
0.03002,0.02167952591,0.02167975715,2.69082e-07,0.0037433898,0.00374338944,8.83759e-08,0.003748441018,0.003748440485,1.30931e-07
0.03003,0.0207423061,0.02074253719,2.68915e-07,0.003743177691,0.003743177328,8.89799e-08,0.003748976311,0.003748975773,1.32118e-07
0.03004,0.01980497947,0.01980521041,2.68737e-07,0.003742974954,0.003742974589,8.95877e-08,0.003749521435,0.003749520892,1.33312e-07
0.03005,0.01886755108,0.01886778186,2.68539e-07,0.003742781591,0.003742781224,9.02039e-08,0.003750076389,0.003750075841,1.34513e-07
0.03006,0.01793002595,0.01793025654,2.68325e-07,0.003742597603,0.003742597233,9.08263e-08,0.003750641172,0.003750640619,1.3572e-07
0.03007,0.01699240908,0.01699263947,2.68102e-07,0.003742422991,0.003742422618,9.14527e-08,0.003751215781,0.003751215223,1.36931e-07
0.03008,0.01605470542,0.01605493562,2.67874e-07,0.003742257755,0.00374225738,9.20807e-08,0.003751800216,0.003751799653,1.38145e-07
0.03009,0.01511691991,0.01511714991,2.67646e-07,0.003742101897,0.003742101519,9.27081e-08,0.003752394475,0.003752393907,1.39359e-07
0.0301,0.01417905747,0.01417928728,2.67423e-07,0.003741955417,0.003741955037,9.33327e-08,0.003752998555,0.003752997982,1.40573e-07
0.03011,0.01324112297,0.0132413526,2.67209e-07,0.003741818316,0.003741817933,9.39526e-08,0.003753612455,0.003753611878,1.41784e-07
0.03012,0.01230312128,0.01230335074,2.67009e-07,0.003741690595,0.00374169021,9.45661e-08,0.003754236174,0.003754235592,1.42991e-07
0.03013,0.01136505723,0.01136528653,2.66826e-07,0.003741572254,0.003741571866,9.51717e-08,0.00375486971,0.003754869122,1.44193e-07
0.03014,0.0104269356,0.01042716477,2.66675e-07,0.003741463294,0.003741462904,9.57623e-08,0.00375551306,0.003755512467,1.45386e-07
0.03015,0.009488761181,0.00948899025,2.66557e-07,0.003741363715,0.003741363323,9.63376e-08,0.003756166223,0.003756165625,1.4657e-07
0.03016,0.008550538718,0.008550767711,2.66468e-07,0.003741273519,0.003741273124,9.68994e-08,0.003756829196,0.003756828594,1.47745e-07
0.03017,0.007612272937,0.007612501879,2.66409e-07,0.003741192705,0.003741192308,9.74474e-08,0.003757501979,0.003757501372,1.48911e-07
0.03018,0.006673968535,0.006674197451,2.66379e-07,0.003741121274,0.003741120874,9.79821e-08,0.003758184568,0.003758183957,1.50066e-07
0.03019,0.005735630183,0.005735859096,2.66374e-07,0.003741059225,0.003741058824,9.85048e-08,0.003758876962,0.003758876346,1.51213e-07
0.0302,0.004797262527,0.004797491454,2.66392e-07,0.003741006561,0.003741006157,9.90175e-08,0.003759579159,0.003759578538,1.52351e-07
0.03021,0.003858870187,0.003859099142,2.66424e-07,0.00374096328,0.003740962875,9.95228e-08,0.003760291157,0.003760290531,1.53483e-07
0.03022,0.002920457755,0.002920686744,2.66463e-07,0.003740929384,0.003740928976,1.00024e-07,0.003761012952,0.003761012322,1.5461e-07
0.03023,0.001982029801,0.001982258821,2.665e-07,0.003740904871,0.003740904461,1.00527e-07,0.003761744544,0.00376174391,1.55735e-07
0.03024,0.001043590864,0.001043819906,2.66525e-07,0.003740889743,0.003740889331,1.01034e-07,0.00376248593,0.003762485291,1.5686e-07
0.03025,0.0001051454508,0.0001053745029,2.66537e-07,0.003740883999,0.003740883585,1.01546e-07,0.003763237108,0.003763236464,1.57988e-07
0.03026,-0.0008333019375,-0.0008330729105,2.66508e-07,0.00374088764,0.003740887224,1.02076e-07,0.003763998075,0.003763997426,1.59125e-07
0.03027,-0.001771746834,-0.001771518187,2.66066e-07,0.003740900665,0.003740900246,1.02788e-07,0.003764768828,0.003764768175,1.60432e-07
0.03028,-0.002710184798,-0.002709956443,2.65726e-07,0.003740923075,0.003740922653,1.03455e-07,0.003765549367,0.003765548708,1.61699e-07
0.03029,-0.003648611411,-0.003648383235,2.65517e-07,0.003740954869,0.003740954445,1.04062e-07,0.003766339687,0.003766339023,1.62911e-07
0.0303,-0.004587022282,-0.004586794197,2.65412e-07,0.003740996047,0.003740995621,1.04624e-07,0.003767139787,0.003767139119,1.6408e-07
0.03031,-0.005525413042,-0.005525184979,2.65385e-07,0.003741046609,0.003741046181,1.05151e-07,0.003767949665,0.003767948991,1.65214e-07
0.03032,-0.006463779348,-0.00646355126,2.65415e-07,0.003741106555,0.003741106125,1.05652e-07,0.003768769317,0.003768768639,1.66322e-07
0.03033,-0.007402116881,-0.007401888736,2.65481e-07,0.003741175885,0.003741175452,1.06136e-07,0.00376959874,0.003769598058,1.67412e-07
0.03034,-0.008340421345,-0.008340193127,2.65567e-07,0.003741254597,0.003741254163,1.06612e-07,0.003770437934,0.003770437247,1.68489e-07
0.03035,-0.009278688488,-0.009278460176,2.65676e-07,0.003741342693,0.003741342257,1.07076e-07,0.003771286894,0.003771286203,1.69557e-07
0.03036,-0.01021691405,-0.01021668565,2.65783e-07,0.003741440171,0.003741439733,1.07541e-07,0.003772145618,0.003772144923,1.70623e-07
0.03037,-0.01115509381,-0.01115486533,2.65878e-07,0.003741547031,0.003741546591,1.0801e-07,0.003773014104,0.003773013405,1.7169e-07
0.03038,-0.01209322357,-0.01209299502,2.65954e-07,0.003741663273,0.00374166283,1.08488e-07,0.003773892348,0.003773891645,1.72762e-07
0.03039,-0.01303129916,-0.01303107057,2.66003e-07,0.003741788895,0.003741788451,1.08977e-07,0.003774780349,0.00377477964,1.73842e-07
0.0304,-0.01396931642,-0.01396908781,2.6602e-07,0.003741923898,0.003741923452,1.09479e-07,0.003775678102,0.003775677389,1.74933e-07
0.03041,-0.01490727123,-0.01490704263,2.66002e-07,0.003742068281,0.003742067833,1.09997e-07,0.003776585605,0.003776584888,1.76035e-07
0.03042,-0.01584515948,-0.01584493093,2.65947e-07,0.003742222043,0.003742221593,1.1053e-07,0.003777502856,0.003777502134,1.7715e-07
0.03043,-0.01678297709,-0.01678274862,2.65853e-07,0.003742385184,0.003742384731,1.1108e-07,0.003778429851,0.003778429125,1.78279e-07
0.03044,-0.01772072,-0.01772049165,2.65721e-07,0.003742557703,0.003742557248,1.11647e-07,0.003779366587,0.003779365856,1.79422e-07
0.03045,-0.01865838419,-0.01865815597,2.65561e-07,0.003742739598,0.003742739141,1.12225e-07,0.003780313062,0.003780312327,1.80576e-07
0.03046,-0.01959596564,-0.01959573758,2.65377e-07,0.00374293087,0.00374293041,1.12813e-07,0.003781269272,0.003781268532,1.81743e-07
0.03047,-0.02053346036,-0.02053323249,2.65166e-07,0.003743131517,0.003743131055,1.13413e-07,0.003782235215,0.00378223447,1.8292e-07
0.03048,-0.02147086439,-0.02147063672,2.64933e-07,0.003743341539,0.003743341074,1.14022e-07,0.003783210887,0.003783210137,1.84108e-07
0.03049,-0.02240817378,-0.02240794633,2.64681e-07,0.003743560934,0.003743560467,1.14639e-07,0.003784196285,0.00378419553,1.85304e-07
0.0305,-0.02334538462,-0.02334515739,2.64415e-07,0.003743789702,0.003743789232,1.15261e-07,0.003785191406,0.003785190646,1.86508e-07
0.03051,-0.02428249299,-0.024282266,2.64139e-07,0.003744027841,0.003744027369,1.15887e-07,0.003786196246,0.003786195481,1.87718e-07
0.03052,-0.02521949503,-0.02521926828,2.63859e-07,0.003744275351,0.003744274877,1.16515e-07,0.003787210803,0.003787210034,1.88931e-07
0.03053,-0.02615638688,-0.02615616037,2.63579e-07,0.003744532231,0.003744531754,1.17142e-07,0.003788235074,0.003788234299,1.90147e-07
0.03054,-0.0270931647,-0.02709293843,2.63303e-07,0.003744798479,0.003744797999,1.17767e-07,0.003789269054,0.003789268275,1.91363e-07
0.03055,-0.0280298247,-0.02802959865,2.63039e-07,0.003745074094,0.003745073611,1.18386e-07,0.003790312742,0.003790311957,1.92577e-07
0.03056,-0.02896636308,-0.02896613724,2.62801e-07,0.003745359075,0.00374535859,1.18993e-07,0.003791366132,0.003791365343,1.93786e-07
0.03057,-0.02990277609,-0.02990255043,2.62585e-07,0.003745653421,0.003745652933,1.1959e-07,0.003792429223,0.003792428428,1.94989e-07
0.03058,-0.03083905996,-0.03083883447,2.62394e-07,0.00374595713,0.00374595664,1.20175e-07,0.00379350201,0.00379350121,1.96185e-07
0.03059,-0.03177521098,-0.03177498563,2.62229e-07,0.003746270201,0.003746269709,1.20748e-07,0.00379458449,0.003794583685,1.97373e-07
0.0306,-0.03271122545,-0.03271100022,2.62094e-07,0.003746592634,0.003746592139,1.21308e-07,0.003795676659,0.00379567585,1.98551e-07
0.03061,-0.03364709969,-0.03364687454,2.61987e-07,0.003746924425,0.003746923929,1.21855e-07,0.003796778515,0.003796777701,1.99719e-07
0.03062,-0.03458283003,-0.03458260495,2.61909e-07,0.003747265575,0.003747265076,1.22388e-07,0.003797890054,0.003797889235,2.00877e-07
0.03063,-0.03551841284,-0.03551818781,2.61856e-07,0.003747616081,0.00374761558,1.2291e-07,0.003799011271,0.003799010448,2.02024e-07
0.03064,-0.0364538445,-0.03645361949,2.61827e-07,0.003747975943,0.00374797544,1.23421e-07,0.003800142164,0.003800141336,2.03161e-07
0.03065,-0.03738912141,-0.03738889641,2.61815e-07,0.003748345158,0.003748344653,1.23924e-07,0.003801282728,0.003801281896,2.04289e-07
0.03066,-0.03832424001,-0.038324015,2.61829e-07,0.003748723725,0.003748723218,1.24414e-07,0.003802432961,0.003802432124,2.05406e-07
0.03067,-0.03925919674,-0.03925897171,2.61853e-07,0.003749111642,0.003749111133,1.249e-07,0.003803592858,0.003803592017,2.06515e-07
0.03068,-0.04019398807,-0.04019376302,2.61876e-07,0.003749508908,0.003749508397,1.25386e-07,0.003804762416,0.00380476157,2.0762e-07
0.03069,-0.04112861047,-0.04112838541,2.61887e-07,0.003749915521,0.003749915008,1.25876e-07,0.003805941631,0.003805940781,2.08723e-07
0.0307,-0.04206306046,-0.04206283542,2.61873e-07,0.00375033148,0.003750330965,1.26377e-07,0.003807130499,0.003807129644,2.09827e-07
0.03071,-0.04299733457,-0.04299710957,2.61818e-07,0.003750756782,0.003750756264,1.26896e-07,0.003808329016,0.003808328157,2.10937e-07
0.03072,-0.04393142934,-0.04393120471,2.61387e-07,0.003751191426,0.003751190906,1.27578e-07,0.003809537179,0.003809536315,2.12227e-07
0.03073,-0.04486534134,-0.04486511705,2.60991e-07,0.00375163541,0.003751634887,1.28246e-07,0.003810754984,0.003810754114,2.13505e-07
0.03074,-0.04579906716,-0.0457988431,2.6072e-07,0.003752088732,0.003752088207,1.28858e-07,0.003811982426,0.003811981551,2.14722e-07
0.03075,-0.0467326034,-0.04673237949,2.6055e-07,0.00375255139,0.003752550863,1.29425e-07,0.003813219503,0.003813218623,2.1589e-07
0.03076,-0.0476659467,-0.04766572287,2.60465e-07,0.003753023383,0.003753022854,1.29955e-07,0.003814466209,0.003814465325,2.17017e-07
0.03077,-0.04859909371,-0.04859886989,2.60448e-07,0.003753504708,0.003753504177,1.30454e-07,0.003815722541,0.003815721652,2.1811e-07
0.03078,-0.04953204109,-0.04953181725,2.60474e-07,0.003753995364,0.003753994831,1.30933e-07,0.003816988495,0.003816987602,2.19179e-07
0.03079,-0.05046478553,-0.05046456164,2.6053e-07,0.003754495349,0.003754494813,1.314e-07,0.003818264067,0.00381826317,2.2023e-07
0.0308,-0.05139732373,-0.05139709978,2.606e-07,0.003755004659,0.003755004122,1.31859e-07,0.003819549253,0.003819548351,2.2127e-07
0.03081,-0.05232965242,-0.05232942841,2.60674e-07,0.003755523294,0.003755522755,1.32317e-07,0.003820844048,0.003820843142,2.22304e-07
0.03082,-0.05326176835,-0.05326154428,2.6074e-07,0.003756051252,0.00375605071,1.32777e-07,0.003822148449,0.003822147539,2.23337e-07
0.03083,-0.05419366827,-0.05419344416,2.60791e-07,0.003756588529,0.003756587986,1.33244e-07,0.003823462452,0.003823461538,2.24372e-07
0.03084,-0.05512534898,-0.05512512484,2.60819e-07,0.003757135124,0.003757134579,1.3372e-07,0.003824786052,0.003824785133,2.25414e-07
0.03085,-0.05605680726,-0.05605658313,2.60818e-07,0.003757691035,0.003757690488,1.34208e-07,0.003826119245,0.003826118322,2.26465e-07
0.03086,-0.05698803996,-0.05698781585,2.60788e-07,0.00375825626,0.003758255711,1.34709e-07,0.003827462027,0.0038274611,2.27526e-07
0.03087,-0.05791904391,-0.05791881984,2.60734e-07,0.003758830795,0.003758830244,1.35219e-07,0.003828814393,0.003828813462,2.28598e-07
0.03088,-0.05884981597,-0.05884959198,2.60648e-07,0.00375941464,0.003759414086,1.35743e-07,0.00383017634,0.003830175404,2.29682e-07
0.03089,-0.05978035301,-0.05978012912,2.60529e-07,0.003760007791,0.003760007235,1.36281e-07,0.003831547863,0.003831546922,2.30781e-07
0.0309,-0.06071065193,-0.06071042817,2.60378e-07,0.003760610246,0.003760609688,1.36833e-07,0.003832928957,0.003832928013,2.31893e-07
0.03091,-0.06164070965,-0.06164048604,2.60195e-07,0.003761222003,0.003761221443,1.37397e-07,0.003834319619,0.00383431867,2.3302e-07
0.03092,-0.06257052309,-0.06257029967,2.59984e-07,0.003761843059,0.003761842497,1.37974e-07,0.003835719844,0.00383571889,2.3416e-07
0.03093,-0.06350008922,-0.063499866,2.59746e-07,0.003762473412,0.003762472848,1.38562e-07,0.003837129627,0.003837128669,2.35313e-07
0.03094,-0.06442940499,-0.064429182,2.59485e-07,0.00376311306,0.003763112493,1.3916e-07,0.003838548965,0.003838548001,2.36479e-07
0.03095,-0.0653584674,-0.06535824465,2.59204e-07,0.003763762,0.00376376143,1.39767e-07,0.003839977852,0.003839976884,2.37655e-07
0.03096,-0.06628727345,-0.06628705095,2.58906e-07,0.003764420229,0.003764419656,1.4038e-07,0.003841416284,0.003841415311,2.38841e-07
0.03097,-0.06721582017,-0.06721559793,2.58607e-07,0.003765087744,0.00376508717,1.40993e-07,0.003842864257,0.003842863279,2.40032e-07
0.03098,-0.0681441046,-0.06814388263,2.58306e-07,0.003765764544,0.003765763967,1.41606e-07,0.003844321766,0.003844320784,2.41228e-07
0.03099,-0.06907212381,-0.06907190209,2.58006e-07,0.003766450625,0.003766450046,1.42219e-07,0.003845788807,0.003845787819,2.42428e-07
0.031,-0.06999987486,-0.06999965339,2.57711e-07,0.003767145986,0.003767145404,1.42828e-07,0.003847265375,0.003847264382,2.43629e-07
0.03101,-0.07092735485,-0.07092713363,2.57425e-07,0.003767850622,0.003767850037,1.43433e-07,0.003848751464,0.003848750467,2.44831e-07
0.03102,-0.07185456089,-0.0718543399,2.57153e-07,0.003768564532,0.003768563945,1.44032e-07,0.003850247072,0.00385024607,2.4603e-07
0.03103,-0.07278149012,-0.07278126935,2.56897e-07,0.003769287712,0.003769287123,1.44623e-07,0.003851752193,0.003851751185,2.47227e-07
0.03104,-0.07370813967,-0.07370791911,2.56661e-07,0.003770020161,0.003770019569,1.45205e-07,0.003853266822,0.00385326581,2.48418e-07
0.03105,-0.07463450672,-0.07463428634,2.56447e-07,0.003770761874,0.00377076128,1.45777e-07,0.003854790954,0.003854789937,2.49602e-07
0.03106,-0.07556058844,-0.07556036823,2.56256e-07,0.00377151285,0.003771512253,1.46339e-07,0.003856324586,0.003856323564,2.50779e-07
0.03107,-0.07648638204,-0.07648616196,2.56095e-07,0.003772273085,0.003772272486,1.46886e-07,0.003857867712,0.003857866685,2.51946e-07
0.03108,-0.07741188474,-0.07741166477,2.55968e-07,0.003773042576,0.003773041976,1.47419e-07,0.003859420327,0.003859419295,2.53101e-07
0.03109,-0.07833709376,-0.07833687387,2.55869e-07,0.003773821321,0.003773820719,1.47938e-07,0.003860982426,0.00386098139,2.54245e-07
0.0311,-0.07926200635,-0.07926178653,2.55796e-07,0.003774609317,0.003774608712,1.48446e-07,0.003862554006,0.003862552965,2.55377e-07
0.03111,-0.08018661979,-0.08018640001,2.55747e-07,0.003775406561,0.003775405954,1.48942e-07,0.00386413506,0.003864134015,2.56498e-07
0.03112,-0.08111093134,-0.08111071159,2.55718e-07,0.003776213049,0.00377621244,1.4943e-07,0.003865725584,0.003865724535,2.57607e-07
0.03113,-0.08203493832,-0.08203471858,2.55703e-07,0.003777028778,0.003777028167,1.49911e-07,0.003867325574,0.00386732452,2.58707e-07
0.03114,-0.08295863804,-0.08295841831,2.55694e-07,0.003777853746,0.003777853133,1.50388e-07,0.003868935024,0.003868933965,2.59798e-07
0.03115,-0.08388202783,-0.0838818081,2.55685e-07,0.00377868795,0.003778687335,1.50866e-07,0.003870553929,0.003870552866,2.60882e-07
0.03116,-0.08480510503,-0.08480488533,2.55664e-07,0.003779531386,0.003779530769,1.51348e-07,0.003872182284,0.003872181216,2.61962e-07
0.03117,-0.08572786703,-0.08572764736,2.55621e-07,0.003780384051,0.003780383432,1.51839e-07,0.003873820084,0.003873819013,2.63039e-07
0.03118,-0.0866503112,-0.08665009158,2.55552e-07,0.003781245942,0.003781245321,1.52341e-07,0.003875467325,0.003875466249,2.64116e-07
0.03119,-0.08757243493,-0.08757221558,2.55249e-07,0.003782117056,0.003782116433,1.52944e-07,0.003877124001,0.00387712292,2.65311e-07
0.0312,-0.08849423565,-0.08849401668,2.54804e-07,0.00378299739,0.003782996764,1.53609e-07,0.003878790108,0.003878789021,2.66595e-07
0.03121,-0.08941571077,-0.08941549208,2.54482e-07,0.00378388694,0.003783886311,1.54219e-07,0.003880465639,0.003880464548,2.67813e-07
0.03122,-0.09033685775,-0.09033663925,2.54261e-07,0.003784785703,0.003784785072,1.54785e-07,0.003882150591,0.003882149495,2.68977e-07
0.03123,-0.09125767405,-0.09125745567,2.54121e-07,0.003785693676,0.003785693043,1.55316e-07,0.003883844957,0.003883843857,2.70096e-07
0.03124,-0.09217815715,-0.09217793883,2.54043e-07,0.003786610855,0.00378661022,1.55819e-07,0.003885548733,0.003885547629,2.71178e-07
0.03125,-0.09309830453,-0.09309808624,2.54011e-07,0.003787537238,0.003787536601,1.56303e-07,0.003887261914,0.003887260805,2.72232e-07
0.03126,-0.0940181137,-0.09401789542,2.5401e-07,0.00378847282,0.003788472181,1.56772e-07,0.003888984495,0.003888983381,2.73265e-07
0.03127,-0.0949375822,-0.0949373639,2.54026e-07,0.003789417599,0.003789416958,1.57233e-07,0.003890716469,0.003890715352,2.74283e-07
0.03128,-0.09585670756,-0.09585648923,2.54058e-07,0.00379037157,0.003790370928,1.57687e-07,0.003892457833,0.003892456711,2.75289e-07
0.03129,-0.09677548734,-0.09677526898,2.54093e-07,0.003791334732,0.003791334087,1.58139e-07,0.00389420858,0.003894207455,2.7629e-07
0.0313,-0.0976939191,-0.09769370072,2.5412e-07,0.003792307079,0.003792306433,1.58594e-07,0.003895968706,0.003895967576,2.77289e-07
0.03131,-0.09861200044,-0.09861178205,2.54133e-07,0.003793288609,0.003793287961,1.59055e-07,0.003897738205,0.003897737071,2.78291e-07
0.03132,-0.09952972896,-0.09952951057,2.54126e-07,0.003794279318,0.003794278668,1.59523e-07,0.003899517072,0.003899515934,2.79299e-07
0.03133,-0.1004471023,-0.1004468839,2.54096e-07,0.003795279202,0.00379527855,1.60002e-07,0.003901305302,0.00390130416,2.80316e-07
0.03134,-0.101364118,-0.1013638997,2.54037e-07,0.003796288259,0.003796287605,1.60492e-07,0.003903102889,0.003903101743,2.81343e-07
0.03135,-0.1022807738,-0.1022805555,2.5395e-07,0.003797306483,0.003797305827,1.60995e-07,0.003904909828,0.003904908677,2.82382e-07
0.03136,-0.1031970673,-0.1031968491,2.53831e-07,0.003798333873,0.003798333215,1.6151e-07,0.003906726113,0.003906724958,2.83434e-07
0.03137,-0.1041129962,-0.1041127782,2.5368e-07,0.003799370423,0.003799369763,1.62039e-07,0.003908551739,0.00390855058,2.84501e-07
0.03138,-0.1050285582,-0.1050283403,2.53503e-07,0.003800416131,0.003800415469,1.62579e-07,0.003910386702,0.003910385538,2.85581e-07
0.03139,-0.105943751,-0.1059435333,2.53303e-07,0.003801470993,0.003801470329,1.63128e-07,0.003912230994,0.003912229826,2.86674e-07
0.0314,-0.1068585723,-0.1068583548,2.53079e-07,0.003802535005,0.003802534338,1.63688e-07,0.003914084611,0.003914083438,2.8778e-07
0.03141,-0.1077730199,-0.1077728026,2.52832e-07,0.003803608163,0.003803607494,1.64256e-07,0.003915947547,0.00391594637,2.889e-07
0.03142,-0.1086870915,-0.1086868744,2.52565e-07,0.003804690464,0.003804689793,1.64833e-07,0.003917819797,0.003917818616,2.90031e-07
0.03143,-0.1096007848,-0.109600568,2.52282e-07,0.003805781904,0.00380578123,1.65417e-07,0.003919701356,0.00391970017,2.91173e-07
0.03144,-0.1105140977,-0.1105138812,2.51985e-07,0.003806882479,0.003806881802,1.66006e-07,0.003921592217,0.003921591026,2.92325e-07
0.03145,-0.1114270279,-0.1114268116,2.51678e-07,0.003807992185,0.003807991506,1.66598e-07,0.003923492375,0.00392349118,2.93486e-07
0.03146,-0.1123395733,-0.1123393572,2.51366e-07,0.003809111018,0.003809110337,1.67193e-07,0.003925401825,0.003925400625,2.94653e-07
0.03147,-0.1132517316,-0.1132515158,2.5105e-07,0.003810238975,0.003810238291,1.67789e-07,0.003927320561,0.003927319356,2.95827e-07
0.03148,-0.1141635006,-0.1141632852,2.50736e-07,0.003811376051,0.003811375365,1.68384e-07,0.003929248577,0.003929247367,2.97003e-07
0.03149,-0.1150748784,-0.1150746632,2.50437e-07,0.003812522243,0.003812521555,1.68971e-07,0.003931185868,0.003931184654,2.9818e-07
0.0315,-0.1159858626,-0.1159856476,2.50149e-07,0.003813677548,0.003813676857,1.69553e-07,0.003933132429,0.003933131209,2.99355e-07
0.03151,-0.1168964512,-0.1168962365,2.49876e-07,0.003814841959,0.003814841266,1.70129e-07,0.003935088252,0.003935087028,3.00529e-07
0.03152,-0.1178066421,-0.1178064276,2.4962e-07,0.003816015475,0.00381601478,1.70696e-07,0.003937053334,0.003937052104,3.01699e-07
0.03153,-0.1187164331,-0.1187162188,2.49384e-07,0.003817198091,0.003817197393,1.71255e-07,0.003939027667,0.003939026433,3.02864e-07
0.03154,-0.1196258223,-0.1196256081,2.4917e-07,0.003818389802,0.003818389102,1.71803e-07,0.003941011247,0.003941010008,3.04022e-07
0.03155,-0.1205348074,-0.1205345934,2.48979e-07,0.003819590606,0.003819589904,1.72341e-07,0.003943004067,0.003943002824,3.05172e-07
0.03156,-0.1214433865,-0.1214431727,2.48812e-07,0.003820800497,0.003820799793,1.72868e-07,0.003945006122,0.003945004874,3.06313e-07
0.03157,-0.1223515575,-0.1223513438,2.48668e-07,0.003822019472,0.003822018766,1.73385e-07,0.003947017407,0.003947016154,3.07444e-07
0.03158,-0.1232593184,-0.1232591048,2.48547e-07,0.003823247527,0.003823246818,1.73892e-07,0.003949037914,0.003949036657,3.08565e-07
0.03159,-0.1241666672,-0.1241664537,2.48453e-07,0.003824484657,0.003824483947,1.74386e-07,0.003951067639,0.003951066378,3.09673e-07
0.0316,-0.1250736018,-0.1250733883,2.48382e-07,0.003825730859,0.003825730146,1.74869e-07,0.003953106576,0.00395310531,3.10769e-07
0.03161,-0.1259801203,-0.1259799069,2.48329e-07,0.003826986128,0.003826985413,1.75345e-07,0.003955154719,0.003955153448,3.11853e-07
0.03162,-0.1268862207,-0.1268860073,2.48288e-07,0.00382825046,0.003828249743,1.75815e-07,0.003957212061,0.003957210786,3.12927e-07
0.03163,-0.127791901,-0.1277916877,2.48254e-07,0.003829523851,0.003829523132,1.76281e-07,0.003959278598,0.003959277318,3.13991e-07
0.03164,-0.1286971594,-0.1286969461,2.48219e-07,0.003830806296,0.003830805576,1.76747e-07,0.003961354322,0.003961353039,3.15046e-07
0.03165,-0.1296019937,-0.1296017805,2.48174e-07,0.003832097793,0.00383209707,1.77217e-07,0.00396343923,0.003963437942,3.16095e-07
0.03166,-0.1305064022,-0.130506189,2.48111e-07,0.003833398335,0.003833397611,1.77695e-07,0.003965533313,0.003965532021,3.17139e-07
0.03167,-0.1314103829,-0.1314101698,2.48016e-07,0.003834707919,0.003834707193,1.78186e-07,0.003967636567,0.003967635271,3.18182e-07
0.03168,-0.1323139339,-0.1320372588,0.000321954,0.003836026541,0.003835511536,0.000126375,0.003969748986,0.003968984739,0.000187576
0.03169,-0.1332170534,-0.1322501506,0.00112514,0.003837354196,0.003835518427,0.000450474,0.003971870563,0.003969162788,0.000664594
0.0317,-0.1341197393,-0.1325478391,0.00182914,0.003838690881,0.003835651863,0.000745735,0.003974001292,0.003969542025,0.00109448
0.03171,-0.13502199,-0.1329645401,0.00239416,0.00384003659,0.003835990078,0.000992961,0.003976141169,0.003970232222,0.00145029
0.03172,-0.1359238035,-0.1335242146,0.00279229,0.003841391319,0.003836591207,0.00117788,0.003978290185,0.003971313776,0.00171228
0.03173,-0.136825178,-0.1342405686,0.00300759,0.003842755064,0.003837493289,0.00129117,0.003980448337,0.003972837707,0.00186795
0.03174,-0.1377261117,-0.1351170535,0.00303604,0.003844127821,0.003838714263,0.00132842,0.003982615616,0.003974825664,0.00191196
0.03175,-0.1386266027,-0.1361468655,0.00288555,0.003845509585,0.003840251974,0.00129015,0.003984792018,0.003977269919,0.00184622
0.03176,-0.1395266493,-0.137312946,0.00257598,0.003846900352,0.003842084168,0.00118183,0.003986977537,0.003980133367,0.00167983
0.03177,-0.1404262497,-0.1385879818,0.0021391,0.003848300116,0.003844168495,0.00101385,0.003989172166,0.003983349533,0.0014291
0.03178,-0.1413254021,-0.1399344044,0.00161864,0.003849708875,0.003846442506,0.000801524,0.003991375898,0.003986822563,0.00111757
0.03179,-0.1422241047,-0.1413043907,0.00107023,0.003851126623,0.003848823657,0.000565118,0.003993588729,0.00399042723,0.000775955
0.0318,-0.1431223558,-0.1426398626,0.000561454,0.003852553356,0.003851209305,0.000329812,0.003995810652,0.003994008934,0.000442212
0.03181,-0.1440201536,-0.1438724873,0.000171832,0.003853989069,0.003853476712,0.000125726,0.003998041661,0.003997383696,0.00016149
0.03181874447,-0.144804857,-0.1448046045,2.93848e-07,0.003855251879,0.003855250864,2.49078e-07,0.004,0.003999998335,4.08654e-07
0.03181874447,-0.144804857,-0.1448046045,2.93848e-07,0.003855251879,0.003855250864,2.49078e-07,0.004,0.003999998335,4.08654e-07
0.03182,-0.1449174965,-0.1449172849,2.46174e-07,0.003855433757,0.003855433001,1.85677e-07,0.004000281749,0.004000280388,3.33929e-07
0.03183,-0.1458143826,-0.1458141712,2.45998e-07,0.003856887417,0.003856886658,1.86196e-07,0.00400253069,0.004002529328,3.34207e-07
0.03184,-0.1467108104,-0.1467105991,2.45822e-07,0.003858350043,0.003858349282,1.86714e-07,0.004004786339,0.004004784998,3.29147e-07
0.03185,-0.147606778,-0.1476065669,2.45645e-07,0.003859821632,0.003859820869,1.87233e-07,0.004007043384,0.004007042069,3.22877e-07
0.03186,-0.1485022839,-0.1485020729,2.45469e-07,0.003861302177,0.003861301412,1.8775e-07,0.004009293232,0.004009291927,3.20411e-07
0.03187,-0.1493973263,-0.1493971155,2.45292e-07,0.003862791676,0.003862790909,1.88268e-07,0.00401152401,0.004011522721,3.16385e-07
0.03188,-0.1502919037,-0.150291693,2.45115e-07,0.003864290122,0.003864289353,1.88785e-07,0.00401372075,0.004013719486,3.10166e-07
0.03189,-0.1511860142,-0.1511858037,2.44938e-07,0.003865797512,0.003865796741,1.89302e-07,0.004015865581,0.004015864354,3.01146e-07
0.0319,-0.1520796564,-0.1520794461,2.44761e-07,0.003867313841,0.003867313068,1.89818e-07,0.004017938067,0.004017936889,2.89162e-07
0.03191,-0.1529728286,-0.1529726184,2.44583e-07,0.003868839104,0.003868838328,1.90334e-07,0.004019915655,0.004019914537,2.74355e-07
0.03192,-0.1538655292,-0.1538653191,2.44406e-07,0.003870373296,0.003870372518,1.9085e-07,0.004021774247,0.004021773203,2.56169e-07
0.03193,-0.1547577565,-0.1547575466,2.44228e-07,0.003871916413,0.003871915633,1.91365e-07,0.004023488906,0.004023487957,2.32992e-07
0.03194,-0.1556495089,-0.1556492993,2.43897e-07,0.003873468452,0.003873467668,1.9248e-07,0.004025034735,0.004025033943,1.94465e-07
0.03195,-0.1565407851,-0.1565405756,2.43717e-07,0.003875029404,0.003875028617,1.92994e-07,0.004026396135,0.004026395451,1.67957e-07
0.03196,-0.1574315832,-0.157431374,2.43539e-07,0.003876599266,0.003876598478,1.93508e-07,0.004027572399,0.004027571822,1.41704e-07
0.03197,-0.1583219019,-0.1583216928,2.4336e-07,0.003878178034,0.003878177243,1.94021e-07,0.004028565199,0.004028564727,1.1583e-07
0.03198,-0.1592117395,-0.1592115305,2.43181e-07,0.003879765703,0.00387976491,1.94534e-07,0.004029377311,0.004029376942,9.04957e-08
0.03199,-0.1601010945,-0.1601008857,2.43001e-07,0.003881362267,0.003881361472,1.95047e-07,0.004030012692,0.004030012423,6.58958e-08
0.032,-0.1609899654,-0.1609897568,2.42822e-07,0.003882967723,0.003882966926,1.95559e-07,0.004030476502,0.00403047633,4.21293e-08
0.03201,-0.1618783507,-0.1618781422,2.42642e-07,0.003884582065,0.003884581266,1.96071e-07,0.004030775092,0.004030775013,1.94503e-08
0.03202,-0.1627662489,-0.1627660405,2.42463e-07,0.003886205288,0.003886204487,1.96582e-07,0.004030915937,0.004030915945,1.96528e-09
0.03203,-0.1636536584,-0.1636534502,2.42283e-07,0.003887837388,0.003887836585,1.97094e-07,0.004030907542,0.004030907631,2.19721e-08
0.03204,-0.1645405778,-0.1645403697,2.42103e-07,0.00388947836,0.003889477555,1.97604e-07,0.004030759316,0.004030759481,4.05259e-08
0.03205,-0.1654270056,-0.1654267977,2.41923e-07,0.003891128198,0.003891127391,1.98115e-07,0.004030481427,0.004030481661,5.74576e-08
0.03206,-0.1663129404,-0.1663127327,2.41743e-07,0.003892786898,0.003892786089,1.98625e-07,0.004030084633,0.004030084929,7.27044e-08
0.03207,-0.1671983807,-0.1671981732,2.41562e-07,0.003894454455,0.003894453644,1.99134e-07,0.004029580118,0.00402958047,8.63869e-08
0.03208,-0.1680833251,-0.1680831177,2.41382e-07,0.003896130864,0.003896130051,1.99643e-07,0.004028979312,0.004028979712,9.83034e-08
0.03209,-0.1689677722,-0.1689675649,2.41201e-07,0.00389781612,0.003897815304,2.00152e-07,0.004028293724,0.004028294166,1.08529e-07
0.0321,-0.1698517205,-0.1698515134,2.4102e-07,0.003899510218,0.0038995094,2.00661e-07,0.004027534782,0.00402753526,1.17232e-07
0.03211,-0.1707351686,-0.1707349616,2.40839e-07,0.003901213153,0.003901212333,2.01169e-07,0.004026713685,0.004026714192,1.24286e-07
0.03212,-0.1716181151,-0.1716179083,2.40658e-07,0.00390292492,0.003902924098,2.01676e-07,0.004025841272,0.004025841801,1.29842e-07
0.03213,-0.1725005587,-0.172500352,2.40477e-07,0.003904645513,0.00390464469,2.02184e-07,0.00402492791,0.004024928456,1.3405e-07
0.03214,-0.1733824979,-0.1733822914,2.40296e-07,0.003906374929,0.003906374103,2.02691e-07,0.004023983399,0.004023983957,1.36893e-07
0.03215,-0.1742639315,-0.1742637251,2.40114e-07,0.003908113162,0.003908112334,2.03197e-07,0.004023016903,0.004023017465,1.3805e-07
0.03216,-0.1751448579,-0.1751446518,2.39933e-07,0.003909860206,0.003909859376,2.03703e-07,0.004022036893,0.004022037454,1.37682e-07
0.03217,-0.176025276,-0.17602507,2.39751e-07,0.003911616057,0.003911615225,2.04209e-07,0.004021051107,0.004021051664,1.3659e-07
0.03218,-0.1769051843,-0.1769049785,2.39569e-07,0.00391338071,0.003913379876,2.04715e-07,0.004020066545,0.004020067096,1.35244e-07
0.03219,-0.1777845799,-0.1777843759,2.37456e-07,0.003915154188,0.003915153323,2.12171e-07,0.004019089138,0.004019089653,1.26363e-07
0.0322,-0.1786634646,-0.1786632609,2.36986e-07,0.003916936428,0.003916935562,2.12703e-07,0.004018120833,0.004018121339,1.24093e-07
0.03221,-0.1795418353,-0.1795416322,2.36256e-07,0.003918727454,0.003918726586,2.12858e-07,0.004017161687,0.004017162182,1.2155e-07
0.03222,-0.1804196909,-0.1804194886,2.35496e-07,0.00392052726,0.003920526392,2.1291e-07,0.004016211707,0.004016212192,1.19004e-07
0.03223,-0.1812970303,-0.1812968286,2.34694e-07,0.003922335842,0.003922334974,2.12889e-07,0.004015270901,0.004015271376,1.16415e-07
0.03224,-0.1821738521,-0.1821736511,2.33907e-07,0.003924153195,0.003924152327,2.12862e-07,0.004014339279,0.004014339742,1.13855e-07
0.03225,-0.1830501551,-0.1830499548,2.3314e-07,0.003925979313,0.003925978446,2.12838e-07,0.004013416847,0.0040134173,1.11325e-07
0.03226,-0.1839259382,-0.1839257384,2.32589e-07,0.003927814193,0.003927813325,2.12986e-07,0.004012503612,0.004012504057,1.09093e-07
0.03227,-0.1848012001,-0.1848010006,2.32168e-07,0.003929657828,0.003929656959,2.13232e-07,0.004011599585,0.004011600021,1.07043e-07
0.03228,-0.1856759396,-0.1856757403,2.31968e-07,0.003931510214,0.003931509343,2.1366e-07,0.004010704771,0.0040107052,1.05296e-07
0.03229,-0.1865501553,-0.1865499561,2.31791e-07,0.003933371344,0.003933370472,2.14101e-07,0.00400981918,0.004009819602,1.03582e-07
0.0323,-0.187423846,-0.187423647,2.31652e-07,0.003935241215,0.00393524034,2.14585e-07,0.00400894282,0.004008943236,1.01914e-07
0.03231,-0.1882970105,-0.1882968116,2.3155e-07,0.00393711982,0.003937118943,2.15087e-07,0.004008075699,0.004008076107,1.00302e-07
0.03232,-0.1891696476,-0.1891694487,2.31423e-07,0.003939007153,0.003939006275,2.15585e-07,0.004007217824,0.004007218226,9.86485e-08
0.03233,-0.1900417561,-0.1900415572,2.31405e-07,0.003940903211,0.00394090233,2.161e-07,0.004006369202,0.004006369598,9.71661e-08
0.03234,-0.1909133348,-0.1909131359,2.3144e-07,0.003942807987,0.003942807104,2.16618e-07,0.004005529842,0.004005530232,9.57693e-08
0.03235,-0.1917843826,-0.1911504157,0.000737717,0.003944721476,0.003943184534,0.000377145,0.00400469975,0.004005175875,0.00011686
0.03236,-0.1926548982,-0.1915712157,0.00126103,0.003946643673,0.003943978861,0.00065391,0.004003878935,0.004004658387,0.000191308
0.03237,-0.1935248805,-0.1922970169,0.00142881,0.003948574572,0.003945508904,0.000752275,0.004003067403,0.004003908629,0.00020647
0.03238,-0.1943943283,-0.1933329555,0.00123507,0.003950514169,0.00394781077,0.000663379,0.004002265162,0.004002944133,0.000166646
0.03239,-0.1952632405,-0.1945942373,0.000778487,0.003952462457,0.003950700826,0.000432281,0.00400147222,0.004001848332,9.23126e-05
0.0324,-0.1961316159,-0.1959061383,0.000262377,0.003954419432,0.003953775699,0.000157964,0.004000688584,0.004000770553,2.01185e-05
0.03240888805,-0.1969029805,-0.1969027575,2.59454e-07,0.003956166087,0.003956165085,2.45761e-07,0.0039999999,0.004000000227,8.03409e-08
0.03240888805,-0.1969029805,-0.1969027575,2.59454e-07,0.003956166087,0.003956165085,2.45761e-07,0.0039999999,0.004000000227,8.03409e-08
0.03241,-0.1969994534,-0.1969992542,2.31855e-07,0.003956385088,0.003956384191,2.20091e-07,0.003999914259,0.003999914611,8.62908e-08
0.03242,-0.1978667518,-0.1978665528,2.31607e-07,0.003958359419,0.00395835852,2.20506e-07,0.003999149256,0.0039991496,8.4462e-08
0.03243,-0.19873351,-0.1987333113,2.31227e-07,0.00396034242,0.00396034152,2.20777e-07,0.003998393579,0.003998393915,8.24582e-08
0.03244,-0.1995997267,-0.1995995286,2.30527e-07,0.003962334084,0.003962333185,2.20706e-07,0.003997647237,0.003997647563,8.00359e-08
0.03245,-0.2004654011,-0.2004652037,2.29752e-07,0.003964334408,0.003964333509,2.20543e-07,0.003996910235,0.003996910551,7.75155e-08
0.03246,-0.2013305322,-0.2013303354,2.29032e-07,0.003966343385,0.003966342487,2.20429e-07,0.003996182579,0.003996182885,7.50707e-08
0.03247,-0.202195119,-0.2021949228,2.28333e-07,0.003968361012,0.003968360114,2.20326e-07,0.003995464276,0.003995464573,7.26565e-08
0.03248,-0.2030591603,-0.2030589647,2.27658e-07,0.003970387281,0.003970386384,2.20239e-07,0.003994755333,0.003994755619,7.0276e-08
0.03249,-0.2039226552,-0.20392246,2.27097e-07,0.003972422189,0.003972421291,2.20267e-07,0.003994055755,0.003994056032,6.80469e-08
0.0325,-0.2047856026,-0.2047854078,2.26607e-07,0.003974465729,0.003974464831,2.20354e-07,0.003993365548,0.003993365817,6.5917e-08
0.03251,-0.2056480016,-0.2056478071,2.26381e-07,0.003976517897,0.003976516997,2.20724e-07,0.003992684719,0.00399268498,6.41288e-08
0.03252,-0.206509851,-0.2065096567,2.26191e-07,0.003978578686,0.003978577785,2.21113e-07,0.003992013275,0.003992013529,6.23949e-08
0.03253,-0.2073711499,-0.2073709556,2.26048e-07,0.003980648092,0.003980647189,2.21563e-07,0.003991351221,0.003991351468,6.07191e-08
0.03254,-0.2082318971,-0.2082317029,2.25944e-07,0.003982726107,0.003982725202,2.22049e-07,0.003990698564,0.003990698805,5.90936e-08
0.03255,-0.2090920917,-0.2090918976,2.25851e-07,0.003984812728,0.003984811821,2.22544e-07,0.003990055311,0.003990055545,5.74843e-08
0.03256,-0.2099517326,-0.2099515386,2.25759e-07,0.003986907948,0.003986907039,2.23037e-07,0.003989421467,0.003989421694,5.5875e-08
0.03257,-0.2108108191,-0.210810625,2.25769e-07,0.003989011761,0.00398901085,2.2355e-07,0.003988797037,0.003988797258,5.44296e-08
0.03258,-0.2116693499,-0.2116691558,2.25828e-07,0.003991124162,0.003991123249,2.24069e-07,0.003988182027,0.003988182244,5.30637e-08
0.03259,-0.2125273242,-0.21252713,2.25918e-07,0.003993245146,0.003993244231,2.24593e-07,0.003987576444,0.003987576655,5.17475e-08
0.0326,-0.213384741,-0.2129013734,0.000562471,0.003995374707,0.003994117198,0.000308576,0.003986980294,0.003987264963,6.98689e-05
0.03261,-0.2142415993,-0.2138135087,0.000498148,0.00399751284,0.003996378776,0.000278284,0.003986393581,0.003986627121,5.73198e-05
0.03262,-0.2150978981,-0.2150725088,2.95443e-05,0.003999659538,0.003999584298,1.84629e-05,0.003985816312,0.003985823296,1.71422e-06
0.03262158233,-0.2152333413,-0.2152331142,2.64237e-07,0.004,0.003999998966,2.53699e-07,0.003985725835,0.003985726023,4.63538e-08
0.03262158233,-0.2152333413,-0.2152331142,2.64237e-07,0.004,0.003999998966,2.53699e-07,0.003985725835,0.003985726023,4.63538e-08
0.03263,-0.2159238275,-0.2159237039,1.43743e-07,0.004001814732,0.00400181381,2.26257e-07,0.003985248493,0.003985248682,4.62931e-08
0.03264,-0.2164959798,-0.216496039,6.88952e-08,0.004003977152,0.004003976246,2.22379e-07,0.003984690129,0.003984690311,4.45776e-08
0.03265,-0.21651209,-0.216512437,4.03817e-07,0.004006142757,0.004006141878,2.15921e-07,0.003984141225,0.003984141399,4.28611e-08
0.03266,-0.2156700207,-0.2156707645,8.65437e-07,0.004008304507,0.004008303634,2.14292e-07,0.003983601786,0.003983601953,4.11435e-08
0.03267,-0.2136728951,-0.213674153,1.46384e-06,0.004010452305,0.004010451442,2.11854e-07,0.003983071817,0.003983071978,3.94249e-08
0.03268,-0.210236069,-0.2102379677,2.20945e-06,0.004012573164,0.004012572316,2.08155e-07,0.003982551324,0.003982551477,3.77054e-08
0.03269,-0.2050959438,-0.2050985724,3.05873e-06,0.004014651346,0.00401465052,2.02656e-07,0.003982040311,0.003982040458,3.59848e-08
0.0327,-0.1980201972,-0.1980236477,4.01518e-06,0.004016668627,0.004016667831,1.95219e-07,0.003981538784,0.003981538923,3.42633e-08
0.03271,-0.1888189897,-0.1888233268,5.0469e-06,0.00401860466,0.004018603903,1.85858e-07,0.003981046747,0.00398104688,3.25409e-08
0.03272,-0.1773563559,-0.177361642,6.15111e-06,0.004020437466,0.004020436752,1.75207e-07,0.003980564206,0.003980564331,3.08175e-08
0.03273,-0.1635610277,-0.1635672707,7.26465e-06,0.004022144008,0.004022143351,1.61166e-07,0.003980091165,0.003980091283,2.90932e-08
0.03274,-0.1474354451,-0.1474426092,8.33653e-06,0.00402370091,0.004023700321,1.44494e-07,0.003979627629,0.00397962774,2.7368e-08
0.03275,-0.1297759141,-0.1297830862,8.34588e-06,0.004025087065,0.004025086605,1.12849e-07,0.003979173606,0.003979173707,2.48904e-08
0.03276,-0.1121618988,-0.1121689418,8.19561e-06,0.004026296644,0.004026296254,9.5769e-08,0.003978729094,0.003978729188,2.31633e-08
0.03277,-0.09472888698,-0.09473580293,8.04775e-06,0.004027330907,0.004027330586,7.87124e-08,0.0039782941,0.003978294188,2.14354e-08
0.03278,-0.07757804431,-0.07758478812,7.84745e-06,0.004028192163,0.00402819191,6.19907e-08,0.003977868631,0.003977868711,1.97063e-08
0.03279,-0.06081710311,-0.06082362835,7.59311e-06,0.004028883767,0.004028883581,4.56505e-08,0.003977452689,0.003977452762,1.79764e-08
0.0328,-0.0445559691,-0.04456221953,7.27333e-06,0.00402941017,0.004029410049,2.97517e-08,0.003977046279,0.003977046345,1.62456e-08
0.03281,-0.028902572,-0.02890850904,6.90866e-06,0.004029776912,0.004029776852,1.46947e-08,0.003976649406,0.003976649465,1.4514e-08
0.03282,-0.01395921414,-0.01396480668,6.50778e-06,0.004029990588,0.004029990586,4.97636e-10,0.003976262074,0.003976262126,1.27816e-08
0.03283,0.0001806076673,0.0001753954705,6.06518e-06,0.004030058776,0.004030058828,1.28213e-08,0.003975884287,0.003975884332,1.10485e-08
0.03284,0.01343482289,0.01343001129,5.59903e-06,0.00402998993,0.004029990032,2.51221e-08,0.003975516048,0.003975516086,9.31449e-09
0.03285,0.02573477179,0.02573037833,5.11246e-06,0.004029793262,0.00402979341,3.64015e-08,0.003975157363,0.003975157394,7.57976e-09
0.03286,0.0370265635,0.03702260406,4.60741e-06,0.004029478596,0.004029478787,4.66442e-08,0.003974808235,0.003974808259,5.84425e-09
0.03287,0.04727184838,0.0472683323,4.09149e-06,0.00402905622,0.004029056448,5.5823e-08,0.003974468668,0.003974468685,4.108e-09
0.03288,0.056447985,0.05644491362,3.57401e-06,0.004028536725,0.004028536985,6.39184e-08,0.003974138666,0.003974138676,2.37101e-09
0.03289,0.0645476926,0.06454505762,3.06619e-06,0.004027930851,0.004027931139,7.08904e-08,0.003973818233,0.003973818236,6.33283e-10
0.0329,0.07157825549,0.07157604774,2.56905e-06,0.004027249337,0.00402724965,7.68027e-08,0.003973507373,0.003973507368,1.10516e-09
0.03291,0.07756036205,0.07755856781,2.08787e-06,0.004026502782,0.004026503115,8.17143e-08,0.003973206088,0.003973206077,2.8443e-09
0.03292,0.08252665448,0.08252525055,1.63368e-06,0.004025701517,0.004025701866,8.5595e-08,0.003972914384,0.003972914365,4.58415e-09
0.03293,0.08652009183,0.08651905621,1.2051e-06,0.004024855493,0.004024855854,8.85371e-08,0.003972632262,0.003972632237,6.32467e-09
0.03294,0.08959219949,0.08959151003,8.023e-07,0.004023974187,0.004023974556,9.06435e-08,0.003972359728,0.003972359695,8.06587e-09
0.03295,0.09180128276,0.09180090795,4.36154e-07,0.004023066527,0.004023066901,9.18528e-08,0.003972096784,0.003972096744,9.80773e-09
0.03296,0.09321067581,0.09321058305,1.0794e-07,0.004022140829,0.004022141204,9.20616e-08,0.003971843434,0.003971843387,1.15502e-08
0.03297,0.09388706428,0.09388722334,1.8509e-07,0.00402120476,0.004021205133,9.15714e-08,0.003971599681,0.003971599627,1.32934e-08
0.03298,0.09389894337,0.09389932104,4.39472e-07,0.004020265306,0.004020265675,9.05983e-08,0.003971365528,0.003971365467,1.50372e-08
0.03299,0.09331522582,0.09331580569,6.74773e-07,0.004019328768,0.004019329132,8.93203e-08,0.003971140979,0.003971140911,1.67938e-08
0.033,0.09245063677,0.09245123735,6.98872e-07,0.004018399986,0.004018400296,7.60437e-08,0.003970926091,0.003970925962,3.16534e-08
0.03301,0.09158518575,0.09158578572,6.98159e-07,0.004017479808,0.00401748011,7.41586e-08,0.003970720759,0.003970720622,3.36727e-08
0.03302,0.0907188909,0.0907194896,6.9667e-07,0.004016568288,0.004016568583,7.22591e-08,0.00397052504,0.003970524895,3.55999e-08
0.03303,0.08985176071,0.08985235782,6.94821e-07,0.004015665436,0.004015665723,7.03208e-08,0.003970338937,0.003970338784,3.75184e-08
0.03304,0.08898380313,0.08898439917,6.93581e-07,0.004014771259,0.004014771538,6.85192e-08,0.003970162452,0.003970162292,3.93791e-08
0.03305,0.0881150267,0.08811562241,6.93204e-07,0.004013885765,0.004013886038,6.69018e-08,0.003969995589,0.003969995421,4.11678e-08
0.03306,0.0872454403,0.08724603623,6.93454e-07,0.004013008962,0.004013009229,6.54154e-08,0.00396983835,0.003969838175,4.29073e-08
0.03307,0.0863750529,0.08637564928,6.93981e-07,0.004012140859,0.004012141119,6.39784e-08,0.003969690738,0.003969690556,4.46334e-08
0.03308,0.08550387327,0.08550447017,6.94587e-07,0.004011281463,0.004011281718,6.25578e-08,0.003969552756,0.003969552567,4.63536e-08
0.03309,0.08463190996,0.08463250747,6.95298e-07,0.004010430783,0.004010431033,6.11681e-08,0.003969424406,0.00396942421,4.80572e-08
0.0331,0.08375917137,0.08375976971,6.96263e-07,0.004009588827,0.004009589071,5.9856e-08,0.003969305691,0.003969305488,4.97168e-08
0.03311,0.08288566609,0.08288626536,6.97333e-07,0.004008755601,0.00400875584,5.85775e-08,0.003969196613,0.003969196404,5.13569e-08
0.03312,0.08201140263,0.08201200285,6.98444e-07,0.004007931114,0.004007931348,5.73194e-08,0.003969097176,0.00396909696,5.29825e-08
0.03313,0.08113638943,0.08113699057,6.9952e-07,0.004007115374,0.004007115602,5.60653e-08,0.00396900738,0.003969007158,5.46e-08
0.03314,0.08026063504,0.08026123688,7.00331e-07,0.004006308388,0.004006308611,5.473e-08,0.00396892723,0.003968927001,5.6264e-08
0.03315,0.07938414757,0.07938475008,7.01106e-07,0.004005510162,0.00400551038,5.3393e-08,0.003968856727,0.003968856491,5.79252e-08
0.03316,0.07850693517,0.07903129039,0.000610167,0.004004720706,0.004005083423,8.90061e-05,0.003968795873,0.003968719789,1.86741e-05
0.03317,0.07762900633,0.07868677889,0.00123088,0.004003940025,0.00400463828,0.000171343,0.003968744671,0.003968556564,4.61687e-05
0.03318,0.07675036899,0.07804815772,0.00151017,0.004003168127,0.0040039828,0.00019991,0.003968703122,0.003968428896,6.73057e-05
0.03319,0.07587103128,0.07708475275,0.00141235,0.004002405019,0.004003118096,0.00017498,0.003968671229,0.003968364317,7.53281e-05
0.0332,0.0749910015,0.07585418843,0.00100445,0.004001650708,0.004002104117,0.000111261,0.003968648993,0.003968375221,6.71945e-05
0.03321,0.07411028742,0.07450238777,0.000456268,0.0040009052,0.004001059654,3.79009e-05,0.003968636417,0.003968458863,4.35788e-05
0.03322,0.07322889717,0.07326357238,4.03499e-05,0.004000168503,0.004000162335,1.51357e-06,0.003968633503,0.003968597362,8.87052e-06
0.03322230561,0.07302558775,0.07302620426,7.17398e-07,0.0039999999,0.00400000007,4.16502e-08,0.003968634202,0.0039686339,7.40544e-08
0.03322230561,0.07302558775,0.07302620426,7.17398e-07,0.0039999999,0.00400000007,4.16502e-08,0.003968634202,0.0039686339,7.40544e-08
0.03323,0.07234683912,0.07234744591,7.06093e-07,0.003999440624,0.003999440797,4.24205e-08,0.003968640253,0.003968639962,7.13362e-08
0.03324,0.07146412141,0.07146472773,7.05539e-07,0.003998721569,0.003998721735,4.07762e-08,0.003968656668,0.00396865637,7.31326e-08
0.03325,0.07058075154,0.07058135715,7.04718e-07,0.003998011345,0.003998011504,3.90904e-08,0.00396868275,0.003968682444,7.49374e-08
0.03326,0.06969673669,0.06969734201,7.04381e-07,0.003997309958,0.00399731011,3.74931e-08,0.0039687185,0.003968718187,7.67165e-08
0.03327,0.06881208463,0.06881269011,7.04576e-07,0.003996617413,0.00399661756,3.59912e-08,0.003968763921,0.003968763601,7.84692e-08
0.03328,0.06792680341,0.06792740921,7.04943e-07,0.003995933718,0.003995933859,3.45189e-08,0.003968819013,0.003968818686,8.02145e-08
0.03329,0.06704090089,0.06704150703,7.05339e-07,0.003995258879,0.003995259014,3.30514e-08,0.003968883779,0.003968883445,8.19588e-08
0.0333,0.06615438465,0.06615499124,7.05868e-07,0.003994592902,0.003994593031,3.16195e-08,0.00396895822,0.003968957879,8.36843e-08
0.03331,0.0652672624,0.0652678695,7.06455e-07,0.003993935793,0.003993935916,3.02033e-08,0.003969042337,0.003969041989,8.54015e-08
0.03332,0.06437954176,0.06438014939,7.07068e-07,0.003993287558,0.003993287675,2.88032e-08,0.003969136131,0.003969135777,8.71057e-08
0.03333,0.06349123039,0.06349183848,7.07602e-07,0.003992648203,0.003992648315,2.73865e-08,0.003969239605,0.003969239243,8.88162e-08
0.03334,0.06260233579,0.0626029443,7.08086e-07,0.003992017735,0.00399201784,2.59633e-08,0.003969352759,0.00396935239,9.05269e-08
0.03335,0.06171286525,0.06171347432,7.08746e-07,0.003991396158,0.003991396258,2.46085e-08,0.003969475595,0.003969475219,9.21917e-08
0.03336,0.06082282638,0.060823436,7.09386e-07,0.003990783478,0.003990783573,2.32503e-08,0.003969608113,0.00396960773,9.38578e-08
0.03337,0.05993222665,0.05993283673,7.09922e-07,0.003990179702,0.003990179791,2.18544e-08,0.003969750315,0.003969749925,9.55488e-08
0.03338,0.05904107314,0.05904168388,7.10691e-07,0.003989584834,0.003989584918,2.05571e-08,0.003969902201,0.003969901805,9.71709e-08
0.03339,0.05814937343,0.05814998478,7.11399e-07,0.003988998881,0.003988998959,1.92389e-08,0.003970063774,0.003970063371,9.88064e-08
0.0334,0.05725713493,0.05725774671,7.11898e-07,0.003988421847,0.00398842192,1.78406e-08,0.003970235033,0.003970234624,1.00496e-07
0.03341,0.0563643646,0.05636497692,7.12535e-07,0.003987853739,0.003987853806,1.64994e-08,0.003970415981,0.003970415564,1.02146e-07
0.03342,0.05547106969,0.05547168259,7.132e-07,0.00398729456,0.003987294622,1.51695e-08,0.003970606616,0.003970606194,1.03784e-07
0.03343,0.05457725761,0.05457787094,7.13701e-07,0.003986744318,0.003986744374,1.37754e-08,0.003970806942,0.003970806512,1.05467e-07
0.03344,0.05368293541,0.05368354911,7.14134e-07,0.003986203016,0.003986203066,1.23574e-08,0.003971016958,0.003971016521,1.07168e-07
0.03345,0.05278810991,0.05278872422,7.14843e-07,0.00398567066,0.003985670705,1.10523e-08,0.003971236664,0.003971236221,1.08791e-07
0.03346,0.05189278847,0.05189340329,7.15442e-07,0.003985147254,0.003985147294,9.70494e-09,0.003971466063,0.003971465613,1.10444e-07
0.03347,0.05099697825,0.05099759337,7.15783e-07,0.003984632805,0.003984632838,8.25494e-09,0.003971705153,0.003971704696,1.12168e-07
0.03348,0.0501006857,0.05010130141,7.16473e-07,0.003984127315,0.003984127344,6.94603e-09,0.003971953937,0.003971953473,1.13792e-07
0.03349,0.04920391815,0.04920453438,7.17087e-07,0.003983630791,0.003983630814,5.60736e-09,0.003972212413,0.003972211943,1.15437e-07
0.0335,0.04830668261,0.04830729919,7.17485e-07,0.003983143237,0.003983143254,4.18322e-09,0.003972480584,0.003972480107,1.17141e-07
0.03351,0.04740898582,0.04740960271,7.1785e-07,0.003982664658,0.00398266467,2.746e-09,0.003972758449,0.003972757965,1.18852e-07
0.03352,0.04651083453,0.04651145178,7.18274e-07,0.003982195058,0.003982195064,1.33213e-09,0.003973046009,0.003973045518,1.20546e-07
0.03353,0.04561223564,0.04561285322,7.1864e-07,0.003981734442,0.003981734442,1.04383e-10,0.003973343264,0.003973342765,1.22254e-07
0.03354,0.04471319595,0.04471381378,7.18939e-07,0.003981282815,0.003981282808,1.56765e-09,0.003973650214,0.003973649708,1.2398e-07
0.03355,0.0438137222,0.04381434021,7.19159e-07,0.00398084018,0.003980840167,3.06183e-09,0.003973966859,0.003973966347,1.25727e-07
0.03356,0.04291382108,0.04291443921,7.1929e-07,0.003980406541,0.003980406523,4.59123e-09,0.0039742932,0.003974292681,1.27498e-07
0.03357,0.04201349929,0.04201411745,7.1932e-07,0.003979981905,0.00397998188,6.16018e-09,0.003974629238,0.003974628711,1.29295e-07
0.03358,0.04111276333,0.04111338154,7.19387e-07,0.003979566273,0.003979566242,7.71392e-09,0.003974974971,0.003974974437,1.31081e-07
0.03359,0.04021161984,0.04021223809,7.19432e-07,0.003979159651,0.003979159613,9.27503e-09,0.0039753304,0.003975329858,1.32872e-07
0.0336,0.03931007538,0.03931069366,7.19465e-07,0.003978762042,0.003978761998,1.08391e-08,0.003975695525,0.003975694976,1.34665e-07
0.03361,0.03840813645,0.03840875477,7.19504e-07,0.003978373451,0.003978373401,1.23985e-08,0.003976070346,0.00397606979,1.36455e-07
0.03362,0.03750580953,0.0375064279,7.1957e-07,0.003977993881,0.003977993824,1.39448e-08,0.003976454863,0.0039764543,1.38237e-07
0.03363,0.03660310105,0.03660371952,7.19684e-07,0.003977623336,0.003977623273,1.54682e-08,0.003976849075,0.003976848505,1.40004e-07
0.03364,0.03570001745,0.03570063604,7.19825e-07,0.00397726182,0.003977261751,1.69787e-08,0.003977252983,0.003977252406,1.41763e-07
0.03365,0.03479656523,0.03479718384,7.19843e-07,0.003976909337,0.003976909262,1.85394e-08,0.003977666587,0.003977666002,1.43554e-07
0.03366,0.03389275066,0.03389336927,7.19854e-07,0.003976565891,0.003976565809,2.0102e-08,0.003978089885,0.003978089293,1.45346e-07
0.03367,0.03298858003,0.03298919865,7.19857e-07,0.003976231484,0.003976231396,2.16658e-08,0.003978522879,0.003978522279,1.47139e-07
0.03368,0.03208405963,0.03208467821,7.19817e-07,0.003975906121,0.003975906026,2.32475e-08,0.003978965566,0.003978964959,1.48943e-07
0.03369,0.03117919569,0.03117981423,7.19763e-07,0.003975589804,0.003975589703,2.48342e-08,0.003979417948,0.003979417333,1.50751e-07
0.0337,0.03027399443,0.03027461299,7.19786e-07,0.003975282538,0.003975282431,2.63847e-08,0.003979880023,0.003979879401,1.52536e-07
0.03371,0.02936846206,0.02936908065,7.19822e-07,0.003974984326,0.003974984212,2.79278e-08,0.003980351791,0.003980351162,1.54315e-07
0.03372,0.02846260477,0.02846322337,7.19832e-07,0.00397469517,0.00397469505,2.94808e-08,0.003980833251,0.003980832615,1.56098e-07
0.03373,0.02755642863,0.02755704725,7.19853e-07,0.003974415075,0.003974414949,3.10272e-08,0.003981324404,0.00398132376,1.57877e-07
0.03374,0.02664993973,0.02665055837,7.19884e-07,0.003974144043,0.003974143911,3.25681e-08,0.003981825247,0.003981824597,1.59651e-07
0.03375,0.0257431441,0.02574376277,7.19924e-07,0.003973882078,0.003973881939,3.41032e-08,0.003982335782,0.003982335124,1.61422e-07
0.03376,0.02483604776,0.02483666648,7.19978e-07,0.003973629182,0.003973629037,3.56307e-08,0.003982856006,0.003982855341,1.63188e-07
0.03377,0.02392865669,0.02392927547,7.20054e-07,0.003973385358,0.003973385207,3.7147e-08,0.003983385919,0.003983385247,1.64947e-07
0.03378,0.02302097691,0.02302159571,7.20066e-07,0.00397315061,0.003973150452,3.86902e-08,0.003983925521,0.003983924842,1.66722e-07
0.03379,0.02211301434,0.02211363312,7.20047e-07,0.00397292494,0.003972924776,4.02458e-08,0.00398447481,0.003984474124,1.68504e-07
0.0338,0.02120477483,0.02120539359,7.20017e-07,0.003972708351,0.00397270818,4.18051e-08,0.003985033786,0.003985033092,1.70289e-07
0.03381,0.02029626425,0.02029688298,7.1998e-07,0.003972500845,0.003972500669,4.33657e-08,0.003985602448,0.003985601747,1.72075e-07
0.03382,0.01938748842,0.01938810712,7.19946e-07,0.003972302426,0.003972302243,4.49238e-08,0.003986180794,0.003986180086,1.73859e-07
0.03383,0.01847845314,0.01847907181,7.19923e-07,0.003972113097,0.003972112907,4.64751e-08,0.003986768824,0.003986768108,1.7564e-07
0.03384,0.01756916416,0.01756978283,7.19915e-07,0.003971932858,0.003971932663,4.80183e-08,0.003987366537,0.003987365814,1.77417e-07
0.03385,0.0166596273,0.01666024591,7.19845e-07,0.003971761714,0.003971761512,4.95875e-08,0.003987973931,0.003987973201,1.79209e-07
0.03386,0.01574984821,0.01575046675,7.19774e-07,0.003971599667,0.003971599458,5.11558e-08,0.003988591006,0.003988590268,1.81e-07
0.03387,0.01483983255,0.01484045104,7.19708e-07,0.003971446718,0.003971446504,5.27205e-08,0.00398921776,0.003989217015,1.8279e-07
0.03388,0.01392958598,0.01393020443,7.19653e-07,0.003971302871,0.00397130265,5.42782e-08,0.003989854192,0.00398985344,1.84576e-07
0.03389,0.0130191141,0.01301973251,7.19619e-07,0.003971168128,0.0039711679,5.58253e-08,0.003990500301,0.003990499542,1.86355e-07
0.0339,0.01210842247,0.01210904088,7.19615e-07,0.00397104249,0.003971042256,5.73575e-08,0.003991156086,0.003991155319,1.88125e-07
0.03391,0.01119751668,0.0111981351,7.19622e-07,0.00397092596,0.00397092572,5.8883e-08,0.003991821544,0.003991820771,1.89891e-07
0.03392,0.01028640227,0.01028702067,7.19604e-07,0.00397081854,0.003970818294,6.04179e-08,0.003992496676,0.003992495895,1.91663e-07
0.03393,0.009375084708,0.009375703099,7.19592e-07,0.003970720233,0.00397071998,6.1949e-08,0.003993181479,0.003993180691,1.93432e-07
0.03394,0.008463569459,0.008464187841,7.19581e-07,0.00397063104,0.003970630781,6.34775e-08,0.003993875952,0.003993875157,1.952e-07
0.03395,0.007551861953,0.007552480324,7.19569e-07,0.003970550962,0.003970550697,6.50053e-08,0.003994580094,0.003994579291,1.96966e-07
0.03396,0.006639967594,0.006640585947,7.19548e-07,0.003970480003,0.003970479732,6.65351e-08,0.003995293902,0.003995293092,1.98733e-07
0.03397,0.005727891756,0.005821250694,0.000108637,0.003970418164,0.003970410989,1.76047e-06,0.003996017376,0.003995929243,2.16311e-05
0.03398,0.004815639783,0.005551244775,0.000855988,0.003970365446,0.003970286696,1.93241e-05,0.003996750513,0.003996032831,0.000176147
0.03399,0.00390321699,0.004931932508,0.00119707,0.003970321852,0.003970180064,3.47929e-05,0.003997493313,0.003996456588,0.000254453
0.034,0.002990628664,0.003889725434,0.00104624,0.003970287382,0.003970126504,3.94775e-05,0.003998245773,0.003997301073,0.000231866
0.03401,0.002077880061,0.002545689892,0.000544368,0.00397026204,0.00397014018,2.99027e-05,0.003999007891,0.003998476503,0.000130424
0.03402,0.001164976411,0.001215547021,5.88466e-05,0.003970245825,0.003970214009,7.8073e-06,0.003999779667,0.003999702753,1.88778e-05
0.03402283343,0.0009062838061,0.0009069859848,8.17092e-07,0.003970242891,0.003970242471,1.03141e-07,0.0040000001,0.003999999058,2.55865e-07
0.03402283343,0.0009062838061,0.0009069859848,8.17092e-07,0.003970242891,0.003970242471,1.03141e-07,0.0040000001,0.003999999058,2.55865e-07
0.03403,0.0002519229056,0.000252540907,7.19138e-07,0.003970238741,0.003970238426,7.73146e-08,0.004000561093,0.004000560233,2.11104e-07
0.03404,-0.0006612752777,-0.0006606572902,7.19122e-07,0.003970240787,0.003970240466,7.88309e-08,0.004001352035,0.004001351171,2.1213e-07
0.03405,-0.001574612982,-0.001573995013,7.19102e-07,0.003970251967,0.003970251639,8.03473e-08,0.004002152004,0.004002151137,2.12819e-07
0.03406,-0.002488085093,-0.002487467144,7.19078e-07,0.00397027228,0.003970271947,8.18637e-08,0.004002960094,0.004002959223,2.13789e-07
0.03407,-0.003401686521,-0.003401068596,7.1905e-07,0.003970301729,0.003970301389,8.338e-08,0.00400377497,0.004003774096,2.14476e-07
0.03408,-0.004315412206,-0.004314794307,7.19019e-07,0.003970340314,0.003970339968,8.48963e-08,0.004004594858,0.004004593983,2.14647e-07
0.03409,-0.005229257114,-0.005228639244,7.18986e-07,0.003970388038,0.003970387685,8.64125e-08,0.004005417541,0.004005416668,2.14256e-07
0.0341,-0.006143216241,-0.006142598403,7.18948e-07,0.0039704449,0.003970444542,8.79286e-08,0.004006240363,0.004006239494,2.13173e-07
0.03411,-0.007057284609,-0.007056666805,7.18908e-07,0.003970510902,0.003970510538,8.94447e-08,0.004007060227,0.004007059366,2.11309e-07
0.03412,-0.007971457266,-0.0079708395,7.18864e-07,0.003970586046,0.003970585675,9.09606e-08,0.004007873618,0.004007872767,2.08829e-07
0.03413,-0.00888572929,-0.008885111564,7.18818e-07,0.003970670332,0.003970669955,9.24765e-08,0.004008676615,0.004008675778,2.0525e-07
0.03414,-0.009800095783,-0.0097994781,7.18768e-07,0.003970763761,0.003970763378,9.39923e-08,0.004009464932,0.004009464116,2.00148e-07
0.03415,-0.01071455188,-0.01071393424,7.18715e-07,0.003970866334,0.003970865945,9.55079e-08,0.00401023396,0.00401023317,1.93779e-07
0.03416,-0.01162909273,-0.01162847514,7.18659e-07,0.003970978052,0.003970977657,9.70235e-08,0.004010978816,0.004010978057,1.86351e-07
0.03417,-0.01254371352,-0.01254309599,7.18599e-07,0.003971098916,0.003971098515,9.85389e-08,0.004011694408,0.004011693685,1.77559e-07
0.03418,-0.01345840947,-0.01345779199,7.18537e-07,0.003971228927,0.003971228519,1.00054e-07,0.004012375507,0.004012374825,1.67416e-07
0.03419,-0.01437317581,-0.01437255838,7.18472e-07,0.003971368085,0.003971367671,1.01569e-07,0.00401301683,0.004013016195,1.55877e-07
0.0342,-0.0152880078,-0.01528739043,7.18403e-07,0.00397151639,0.00397151597,1.03084e-07,0.004013613133,0.00401361255,1.42983e-07
0.03421,-0.01620290073,-0.01620228342,7.18332e-07,0.003971673845,0.003971673419,1.04599e-07,0.004014159298,0.004014158773,1.28842e-07
0.03422,-0.01711784992,-0.01711723267,7.18258e-07,0.003971840449,0.003971840016,1.06114e-07,0.004014650948,0.004014650484,1.13898e-07
0.03423,-0.01803285071,-0.01803223353,7.1818e-07,0.003972016202,0.003972015763,1.07628e-07,0.004015087685,0.004015087279,9.95269e-08
0.03424,-0.01894789846,-0.01894728136,7.181e-07,0.003972201106,0.003972200661,1.09143e-07,0.004015470903,0.004015470555,8.55774e-08
0.03425,-0.01986298858,-0.01986237154,7.18017e-07,0.00397239516,0.003972394709,1.10657e-07,0.00401580212,0.004015801827,7.19303e-08
0.03426,-0.02077811647,-0.02077749951,7.1793e-07,0.003972598366,0.003972597909,1.12171e-07,0.00401608297,0.004016082731,5.87429e-08
0.03427,-0.02169327759,-0.0216926607,7.17841e-07,0.003972810723,0.003972810259,1.13685e-07,0.004016315202,0.004016315015,4.6066e-08
0.03428,-0.0226084674,-0.02260785059,7.17749e-07,0.003973032231,0.003973031762,1.15199e-07,0.004016500682,0.004016500544,3.39122e-08
0.03429,-0.02352368139,-0.02352306467,7.17654e-07,0.003973262892,0.003973262416,1.16712e-07,0.004016641381,0.004016641291,2.22992e-08
0.0343,-0.02443891509,-0.02443829845,7.17556e-07,0.003973502705,0.003973502223,1.18225e-07,0.004016739372,0.004016739326,1.12827e-08
0.03431,-0.02535416404,-0.02535354749,7.17455e-07,0.00397375167,0.003973751182,1.19738e-07,0.004016796814,0.00401679681,9.18012e-10
0.03432,-0.02626942381,-0.02626880735,7.17352e-07,0.003974009788,0.003974009294,1.21251e-07,0.004016815941,0.004016815976,8.74428e-09
0.03433,-0.02718469,-0.02718407362,7.17245e-07,0.003974277059,0.003974276559,1.22764e-07,0.004016799049,0.004016799121,1.77268e-08
0.03434,-0.02809995821,-0.02809934193,7.17136e-07,0.003974553482,0.003974552976,1.24276e-07,0.004016748478,0.004016748584,2.60507e-08
0.03435,-0.0290152241,-0.02901460792,7.17024e-07,0.003974839058,0.003974838545,1.25788e-07,0.004016666601,0.004016666738,3.37171e-08
0.03436,-0.02993048334,-0.02992986725,7.16909e-07,0.003975133787,0.003975133268,1.273e-07,0.004016555801,0.004016555967,4.07034e-08
0.03437,-0.0308457316,-0.03084511562,7.16791e-07,0.003975437668,0.003975437143,1.28812e-07,0.004016418464,0.004016418655,4.70382e-08
0.03438,-0.03176096463,-0.03176034874,7.16671e-07,0.003975750701,0.00397575017,1.30323e-07,0.004016256955,0.00401625717,5.27173e-08
0.03439,-0.03267617814,-0.03267556236,7.16548e-07,0.003976072887,0.00397607235,1.31834e-07,0.004016073612,0.004016073848,5.77756e-08
0.0344,-0.0335913679,-0.03359075224,7.16422e-07,0.003976404225,0.003976403681,1.33345e-07,0.004015870727,0.004015870981,6.22125e-08
0.03441,-0.03450652971,-0.03450591415,7.16294e-07,0.003976744714,0.003976744165,1.34856e-07,0.004015650535,0.004015650804,6.60564e-08
0.03442,-0.03542165937,-0.03542104393,7.16162e-07,0.003977094355,0.003977093799,1.36366e-07,0.004015415202,0.004015415485,6.93388e-08
0.03443,-0.03633675273,-0.0363361374,7.16029e-07,0.003977453147,0.003977452585,1.37876e-07,0.00401516682,0.004015167114,7.20633e-08
0.03444,-0.03725180563,-0.03725119041,7.15892e-07,0.00397782109,0.003977820522,1.39386e-07,0.004014907392,0.004014907695,7.42982e-08
0.03445,-0.03816681395,-0.03816619886,7.15753e-07,0.003978198183,0.003978197609,1.40896e-07,0.00401463883,0.004014639139,7.59255e-08
0.03446,-0.03908177362,-0.03908115865,7.15611e-07,0.003978584426,0.003978583846,1.42405e-07,0.004014362945,0.004014363259,7.68996e-08
0.03447,-0.03999668054,-0.0399960657,7.15467e-07,0.003978979818,0.003978979232,1.43914e-07,0.004014081449,0.004014081763,7.71537e-08
0.03448,-0.04091153068,-0.04091091596,7.1532e-07,0.00397938436,0.003979383767,1.45422e-07,0.004013795943,0.004013796257,7.71415e-08
0.03449,-0.04182632001,-0.04182570542,7.15171e-07,0.003979798049,0.00397979745,1.46931e-07,0.004013507923,0.004013508236,7.68233e-08
0.0345,-0.04274104452,-0.04274043006,7.15018e-07,0.003980220886,0.003980220281,1.48439e-07,0.004013218777,0.004013219088,7.64417e-08
0.03451,-0.04365570024,-0.04365508591,7.14864e-07,0.00398065287,0.003980652258,1.49946e-07,0.004012929784,0.004012930094,7.60411e-08
0.03452,-0.0445702832,-0.04456966901,7.14707e-07,0.003981094,0.003981093382,1.51454e-07,0.004012642118,0.004012642425,7.53863e-08
0.03453,-0.04548478948,-0.04548417542,7.14547e-07,0.003981544275,0.003981543652,1.52961e-07,0.004012356849,0.004012357152,7.44034e-08
0.03454,-0.04639921515,-0.04639860123,7.14385e-07,0.003982003695,0.003982003066,1.54467e-07,0.004012074942,0.00401207524,7.31454e-08
0.03455,-0.04731355633,-0.04731294255,7.1422e-07,0.003982472259,0.003982471623,1.55974e-07,0.004011797267,0.004011797559,7.17042e-08
0.03456,-0.04822780915,-0.04822719552,7.14053e-07,0.003982949966,0.003982949324,1.57479e-07,0.004011524596,0.004011524881,7.00681e-08
0.03457,-0.04914196976,-0.04914135628,7.13884e-07,0.003983436815,0.003983436167,1.58985e-07,0.004011257613,0.004011257891,6.83475e-08
0.03458,-0.05005603434,-0.050055421,7.13712e-07,0.003983932805,0.003983932151,1.6049e-07,0.004010996915,0.004010997186,6.65149e-08
0.03459,-0.05096999909,-0.0509693859,7.13537e-07,0.003984437935,0.003984437275,1.61995e-07,0.004010743018,0.004010743281,6.4561e-08
0.0346,-0.05188386022,-0.05188324718,7.1336e-07,0.003984952205,0.003984951538,1.635e-07,0.004010496361,0.004010496616,6.25704e-08
0.03461,-0.05279761397,-0.05279700109,7.13181e-07,0.003985475612,0.00398547494,1.65004e-07,0.004010257314,0.004010257561,6.0454e-08
0.03462,-0.05371125661,-0.05371064389,7.12999e-07,0.003986008156,0.003986007478,1.66508e-07,0.004010026179,0.004010026416,5.82791e-08
0.03463,-0.05462478443,-0.05462417186,7.12815e-07,0.003986549837,0.003986549152,1.68011e-07,0.004009803195,0.004009803423,5.61515e-08
0.03464,-0.05553819372,-0.05553758131,7.12629e-07,0.003987100652,0.003987099961,1.69514e-07,0.004009588546,0.004009588766,5.39244e-08
0.03465,-0.05645148081,-0.05645086856,7.1244e-07,0.0039876606,0.003987659903,1.71016e-07,0.004009382365,0.004009382575,5.16875e-08
0.03466,-0.05736464205,-0.05736402997,7.12249e-07,0.003988229681,0.003988228978,1.72519e-07,0.004009184735,0.004009184937,4.95165e-08
0.03467,-0.05827767381,-0.05827706189,7.12056e-07,0.003988807893,0.003988807184,1.7402e-07,0.004008995698,0.004008995891,4.72672e-08
0.03468,-0.05919057247,-0.05918996073,7.1186e-07,0.003989395234,0.003989394519,1.75522e-07,0.004008815257,0.00400881544,4.50457e-08
0.03469,-0.06010333446,-0.06010272288,7.11662e-07,0.003989991704,0.003989990982,1.77023e-07,0.004008643377,0.004008643552,4.28951e-08
0.0347,-0.06101595619,-0.06101534478,7.11462e-07,0.0039905973,0.003990596573,1.78523e-07,0.004008479996,0.004008480162,4.06973e-08
0.03471,-0.06192843412,-0.06192782289,7.1126e-07,0.003991212022,0.003991211289,1.80023e-07,0.004008325021,0.004008325178,3.85643e-08
0.03472,-0.06284076472,-0.06284015367,7.11055e-07,0.003991835868,0.003991835129,1.81523e-07,0.004008178337,0.004008178486,3.64947e-08
0.03473,-0.06375294449,-0.06375233361,7.10848e-07,0.003992468837,0.003992468091,1.83022e-07,0.004008039805,0.004008039945,3.44273e-08
0.03474,-0.06466496993,-0.06466435923,7.10639e-07,0.003993110927,0.003993110175,1.84521e-07,0.004007909268,0.004007909401,3.2582e-08
0.03475,-0.06557683758,-0.06557622707,7.10428e-07,0.003993762136,0.003993761378,1.86019e-07,0.004007786554,0.004007786681,3.10195e-08
0.03476,-0.066488544,-0.06648793367,7.10214e-07,0.003994422463,0.003994421699,1.87517e-07,0.004007671478,0.004007671598,2.96836e-08
0.03477,-0.06740008575,-0.0673994756,7.09998e-07,0.003995091906,0.003995091136,1.89015e-07,0.004007563841,0.004007563957,2.83589e-08
0.03478,-0.06831145943,-0.06831084947,7.09781e-07,0.003995770464,0.003995769688,1.90512e-07,0.004007463439,0.004007463549,2.70037e-08
0.03479,-0.06922266165,-0.06922205188,7.09561e-07,0.003996458135,0.003996457352,1.92008e-07,0.004007370055,0.00400737016,2.58058e-08
0.0348,-0.07013368905,-0.07013307947,7.09338e-07,0.003997154917,0.003997154128,1.93504e-07,0.004007283471,0.00400728357,2.44407e-08
0.03481,-0.07104453827,-0.07104392888,7.09114e-07,0.003997860808,0.003997860013,1.95e-07,0.00400720346,0.004007203554,2.31298e-08
0.03482,-0.07195520599,-0.0719545968,7.08888e-07,0.003998575807,0.003998575006,1.96495e-07,0.004007129797,0.004007129885,2.1511e-08
0.03483,-0.0728656889,-0.07251828485,0.000404257,0.003999299912,0.003998997836,7.41254e-05,0.00400706225,0.004007072981,2.6337e-06
0.0348395523,-0.0737352342,-0.07373454316,8.04121e-07,0.0040000001,0.003999999182,2.2522e-07,0.004007003227,0.004007003287,1.47231e-08
0.0348395523,-0.0737352342,-0.07373454316,8.04121e-07,0.0040000001,0.003999999182,2.2522e-07,0.004007003227,0.004007003287,1.47231e-08
0.03484,-0.07377598306,-0.07377537438,7.08293e-07,0.00400003312,0.004000032307,1.9948e-07,0.004007000589,0.004007000664,1.83881e-08
0.03485,-0.07467930136,-0.07467876605,6.22913e-07,0.004000775412,0.004000774594,2.00798e-07,0.004006944583,0.004006944651,1.68868e-08
0.03486,-0.07554500893,-0.07554453735,5.48757e-07,0.004001526576,0.004001525757,2.00951e-07,0.004006894001,0.004006894064,1.53402e-08
0.03487,-0.0763360081,-0.07633565323,4.12944e-07,0.004002286054,0.004002285236,2.00676e-07,0.004006848617,0.004006848674,1.38694e-08
0.03488,-0.07701416348,-0.0770139471,2.51791e-07,0.004003052913,0.004003052094,2.00796e-07,0.004006808204,0.004006808255,1.24586e-08
0.03489,-0.07754039153,-0.07754033897,6.11626e-08,0.004003825829,0.004003825009,2.01137e-07,0.004006772539,0.004006772585,1.11108e-08
0.0349,-0.07787500553,-0.07787516489,1.85443e-07,0.004004603082,0.004004602263,2.01012e-07,0.004006741403,0.004006741443,9.82782e-09
0.03491,-0.07797817434,-0.07797858466,4.77472e-07,0.004005382557,0.004005381741,2.00294e-07,0.00400671458,0.004006714615,8.60481e-09
0.03492,-0.07781044082,-0.07781113932,8.12817e-07,0.004006161742,0.004006160931,1.98969e-07,0.004006691859,0.004006691889,7.43974e-09
0.03493,-0.07733332562,-0.07733434727,1.18885e-06,0.004006937735,0.004006936932,1.96946e-07,0.004006673031,0.004006673057,6.33196e-09
0.03494,-0.0765100709,-0.07651146417,1.62128e-06,0.004007707255,0.004007706464,1.9403e-07,0.004006657895,0.004006657917,5.28121e-09
0.03495,-0.07530645903,-0.0753082619,2.09792e-06,0.004008466668,0.004008465893,1.90159e-07,0.004006646253,0.00400664627,4.28525e-09
0.03496,-0.07369166851,-0.07369390482,2.60229e-06,0.004009212014,0.004009211259,1.853e-07,0.004006637912,0.004006637925,3.34187e-09
0.03497,-0.07163916712,-0.07164186366,3.13783e-06,0.004009939043,0.004009938312,1.79273e-07,0.004006632684,0.004006632694,2.45002e-09
0.03498,-0.06912763445,-0.069130806,3.69058e-06,0.004010643267,0.004010642565,1.72197e-07,0.004006630387,0.004006630393,1.60845e-09
0.03499,-0.06614185105,-0.06614551186,4.25991e-06,0.004011320014,0.004011319347,1.63829e-07,0.004006630843,0.004006630847,8.15637e-10
0.035,-0.0626735166,-0.06267766745,4.83014e-06,0.004011964495,0.004011963866,1.54294e-07,0.004006633882,0.004006633883,7.01429e-11
0.03501,-0.05872196561,-0.05872660095,5.39393e-06,0.004012571873,0.004012571288,1.43594e-07,0.004006639337,0.004006639335,6.29318e-10
0.03502,-0.05429474298,-0.05429984995,5.94274e-06,0.004013137348,0.004013136812,1.31606e-07,0.004006647047,0.004006647041,1.28425e-09
0.03503,-0.04940798658,-0.04941353793,6.45984e-06,0.004013656236,0.004013655752,1.18598e-07,0.004006656855,0.004006656848,1.89602e-09
0.03504,-0.04421018242,-0.04421572714,6.45212e-06,0.004014124321,0.004014123909,1.01113e-07,0.004006668613,0.004006668603,2.56522e-09
0.03505,-0.03911444785,-0.03911981527,6.24581e-06,0.004014540831,0.004014540473,8.7795e-08,0.004006682174,0.004006682161,3.09871e-09
0.03506,-0.03415960582,-0.03416478396,6.02556e-06,0.004014907081,0.004014906775,7.51169e-08,0.004006697399,0.004006697384,3.59757e-09
0.03507,-0.02935544353,-0.02936042914,5.80152e-06,0.004015224527,0.004015224271,6.27802e-08,0.004006714153,0.004006714137,4.04828e-09
0.03508,-0.02471199948,-0.02471679605,5.58153e-06,0.004015494726,0.004015494519,5.06451e-08,0.004006732307,0.004006732289,4.45002e-09
0.03509,-0.02023924282,-0.02024383894,5.34828e-06,0.004015719335,0.004015719176,3.90581e-08,0.004006751737,0.004006751717,4.82128e-09
0.0351,-0.01594673775,-0.0159511219,5.10163e-06,0.004015900111,0.004015899997,2.80171e-08,0.004006772322,0.004006772301,5.16204e-09
0.03511,-0.01184339701,-0.01184755897,4.84307e-06,0.0040160389,0.004016038829,1.74818e-08,0.004006793948,0.004006793926,5.47027e-09
0.03512,-0.007937265985,-0.007941197091,4.57444e-06,0.004016137636,0.004016137605,7.47093e-09,0.004006816506,0.004006816483,5.74773e-09
0.03513,-0.004235354681,-0.004239040925,4.2895e-06,0.004016198326,0.004016198334,1.97494e-09,0.004006839891,0.004006839866,5.99645e-09
0.03514,-0.0007434791139,-0.0007469113384,3.99391e-06,0.004016223042,0.004016223086,1.07968e-08,0.004006864001,0.004006863976,6.21776e-09
0.03515,0.002533827363,0.002530649845,3.69753e-06,0.00401621391,0.004016213987,1.89565e-08,0.004006888742,0.004006888716,6.41219e-09
0.03516,0.00559337493,0.005590447023,3.40707e-06,0.004016173092,0.0040161732,2.64673e-08,0.004006914021,0.004006913994,6.58071e-09
0.03517,0.00843334126,0.008430659003,3.12121e-06,0.004016102775,0.004016102911,3.33413e-08,0.004006939752,0.004006939725,6.72487e-09
0.03518,0.01105327791,0.0110508408,2.83595e-06,0.004016005158,0.00401600532,3.96285e-08,0.004006965852,0.004006965824,6.84586e-09
0.03519,0.01345408873,0.01345189415,2.55373e-06,0.00401588244,0.004015882624,4.52996e-08,0.004006992242,0.004006992214,6.94496e-09
0.0352,0.01563797677,0.01563601963,2.27744e-06,0.0040157368,0.004015737005,5.03877e-08,0.004007018847,0.004007018819,7.0229e-09
0.03521,0.01760836949,0.01760664167,2.01058e-06,0.004015570392,0.004015570616,5.48777e-08,0.004007045598,0.004007045569,7.08101e-09
0.03522,0.01936983081,0.01936832482,1.75244e-06,0.004015385329,0.004015385569,5.88182e-08,0.004007072426,0.004007072397,7.12016e-09
0.03523,0.02092796227,0.02092667011,1.50363e-06,0.004015183674,0.004015183927,6.22238e-08,0.004007099269,0.00400709924,7.14163e-09
0.03524,0.02228929349,0.02228820527,1.26631e-06,0.004014967426,0.004014967692,6.51014e-08,0.004007126069,0.00400712604,7.14621e-09
0.03525,0.02346116501,0.02346027224,1.03887e-06,0.00401473852,0.004014738795,6.75107e-08,0.004007152768,0.004007152739,7.13498e-09
0.03526,0.02445160795,0.02445089727,8.26979e-07,0.004014498808,0.004014499091,6.94175e-08,0.004007179315,0.004007179286,7.10889e-09
0.03527,0.02526922415,0.02526868758,6.24382e-07,0.004014250064,0.004014250353,7.08984e-08,0.004007205661,0.004007205632,7.06883e-09
0.03528,0.02592306941,0.02592269087,4.40486e-07,0.004013993971,0.004013994263,7.16773e-08,0.00400723176,0.004007231731,7.01583e-09
0.03529,0.02642253691,0.02642230392,2.71118e-07,0.004013732122,0.004013732414,7.16878e-08,0.00400725757,0.004007257542,6.95045e-09
0.0353,0.02677724583,0.02677714372,1.18821e-07,0.004013466009,0.0040134663,7.12818e-08,0.004007283051,0.004007283023,6.87411e-09
0.03531,0.02699693772,0.02699695201,1.66268e-08,0.004013197032,0.004013197321,7.08714e-08,0.004007308168,0.00400730814,6.7872e-09
0.03532,0.02709138234,0.02709151373,1.52889e-07,0.00401292649,0.004012926778,7.07807e-08,0.004007332886,0.004007332859,6.6903e-09
0.03533,0.02707030498,0.02707054498,2.79267e-07,0.004012655588,0.004012655876,7.0616e-08,0.004007357175,0.004007357149,6.58474e-09
0.03534,0.02694330134,0.02694363905,3.92979e-07,0.004012385435,0.004012385721,7.01559e-08,0.004007381008,0.004007380982,6.47072e-09
0.03535,0.02671976419,0.02672018902,4.94351e-07,0.004012117043,0.004012117325,6.91856e-08,0.004007404358,0.004007404333,6.34943e-09
0.03536,0.02640883005,0.02640932948,5.81169e-07,0.004011851332,0.004011851608,6.78853e-08,0.004007427204,0.004007427178,6.22135e-09
0.03537,0.02601932678,0.02601989105,6.56614e-07,0.00401158913,0.0040115894,6.63704e-08,0.004007449524,0.004007449499,6.08727e-09
0.03538,0.02555973587,0.02556035507,7.20535e-07,0.00401133118,0.004011331444,6.48154e-08,0.004007471301,0.004007471276,5.9478e-09
0.03539,0.02503815597,0.02503882573,7.79358e-07,0.004011078142,0.0040110784,6.32525e-08,0.004007492518,0.004007492494,5.80318e-09
0.0354,0.02446228844,0.02446300156,8.29812e-07,0.004010830597,0.004010830848,6.15612e-08,0.004007513163,0.00400751314,5.65469e-09
0.03541,0.02383941231,0.02384016191,8.72268e-07,0.004010589053,0.004010589296,5.98153e-08,0.004007533223,0.0040075332,5.50262e-09
0.03542,0.023176373,0.02317715096,9.05278e-07,0.004010353943,0.004010354179,5.78432e-08,0.004007552689,0.004007552667,5.34693e-09
0.03543,0.02247957554,0.02248037604,9.31506e-07,0.004010125638,0.004010125866,5.58237e-08,0.004007571553,0.004007571532,5.1895e-09
0.03544,0.02175498855,0.02175580749,9.52961e-07,0.004009904445,0.004009904664,5.38285e-08,0.004007589809,0.004007589789,5.0296e-09
0.03545,0.02100814678,0.02100897837,9.67683e-07,0.004009690613,0.004009690824,5.17893e-08,0.004007607454,0.004007607434,4.86808e-09
0.03546,0.02024415724,0.02024499764,9.7793e-07,0.004009484339,0.004009484542,4.97666e-08,0.004007624483,0.004007624464,4.7056e-09
0.03547,0.01946771201,0.01946855767,9.84052e-07,0.004009285771,0.004009285965,4.77188e-08,0.004007640897,0.004007640878,4.54215e-09
0.03548,0.0186831012,0.01868394737,9.84649e-07,0.004009095012,0.004009095198,4.56269e-08,0.004007656695,0.004007656677,4.37871e-09
0.03549,0.0178942282,0.01789507189,9.81756e-07,0.004008912123,0.004008912301,4.35663e-08,0.004007671879,0.004007671862,4.21529e-09
0.0355,0.01710462605,0.0171054638,9.74857e-07,0.004008737129,0.004008737299,4.14964e-08,0.004007686452,0.004007686436,4.05217e-09
0.03551,0.01631747749,0.016318307,9.65269e-07,0.004008570022,0.004008570183,3.946e-08,0.004007700419,0.004007700403,3.89008e-09
0.03552,0.01553563373,0.01553645347,9.53895e-07,0.004008410762,0.004008410915,3.74731e-08,0.004007713784,0.004007713769,3.72894e-09
0.03553,0.01476163358,0.01476244024,9.38676e-07,0.004008259283,0.004008259428,3.54894e-08,0.004007726554,0.00400772654,3.56942e-09
0.03554,0.01399772315,0.01399851567,9.22214e-07,0.004008115496,0.004008115632,3.35553e-08,0.004007738737,0.004007738723,3.41157e-09
0.03555,0.01324587589,0.01324665226,9.03424e-07,0.004007979288,0.004007979417,3.16402e-08,0.00400775034,0.004007750327,3.25546e-09
0.03556,0.01250781182,0.01250857038,8.82698e-07,0.004007850532,0.004007850653,2.97627e-08,0.004007761373,0.00400776136,3.1018e-09
0.03557,0.01178501564,0.01178575717,8.6288e-07,0.004007729081,0.004007729195,2.80532e-08,0.004007771845,0.004007771833,2.95153e-09
0.03558,0.01107875637,0.01107948076,8.42941e-07,0.004007614775,0.004007614883,2.65444e-08,0.004007781767,0.004007781756,2.80574e-09
0.03559,0.01039010516,0.01039081425,8.25131e-07,0.004007507443,0.004007507547,2.53131e-08,0.004007791151,0.00400779114,2.66528e-09
0.0356,0.009719951468,0.009720647504,8.09944e-07,0.004007406906,0.004007407005,2.42792e-08,0.004007800008,0.004007799997,2.52945e-09
0.03561,0.009069025396,0.009069705097,7.90934e-07,0.004007312976,0.004007313069,2.30009e-08,0.00400780835,0.00400780834,2.39426e-09
0.03562,0.008437897187,0.008438562932,7.74694e-07,0.004007225456,0.004007225545,2.18529e-08,0.004007816191,0.004007816181,2.26353e-09
0.03563,0.007827014071,0.007827659149,7.50646e-07,0.004007144148,0.004007144231,2.0287e-08,0.004007823542,0.004007823534,2.1313e-09
0.03564,0.007236685928,0.007237311226,7.27629e-07,0.004007068847,0.004007068923,1.87445e-08,0.004007830419,0.004007830411,2.00283e-09
0.03565,0.006667123569,0.006667726214,7.01269e-07,0.004006999345,0.004006999415,1.71412e-08,0.004007836834,0.004007836827,1.87621e-09
0.03566,0.006118431244,0.006119012174,6.75999e-07,0.004006935435,0.004006935499,1.56278e-08,0.004007842803,0.004007842795,1.7541e-09
0.03567,0.00559063165,0.00559119102,6.50911e-07,0.004006876907,0.004006876965,1.4252e-08,0.004007848338,0.004007848331,1.63611e-09
0.03568,0.005083666378,0.005084205846,6.27753e-07,0.004006823553,0.004006823606,1.30203e-08,0.004007853455,0.004007853448,1.52307e-09
0.03569,0.004597412395,0.004597931938,6.04568e-07,0.004006775164,0.004006775212,1.18554e-08,0.004007858167,0.004007858162,1.41399e-09
0.0357,0.004131683663,0.004132184558,5.82868e-07,0.004006731535,0.004006731579,1.07791e-08,0.004007862491,0.004007862485,1.30935e-09
0.03571,0.003686244063,0.003686725601,5.60344e-07,0.004006692461,0.004006692501,9.69321e-09,0.004007866439,0.004007866434,1.20801e-09
0.03572,0.003260810151,0.003261272371,5.37863e-07,0.004006657742,0.004006657777,8.62803e-09,0.004007870028,0.004007870023,1.11031e-09
0.03573,0.002855059345,0.002855502234,5.15368e-07,0.004006627179,0.00400662721,7.57105e-09,0.004007873271,0.004007873267,1.01617e-09
0.03574,0.002468636121,0.002469059027,4.92114e-07,0.004006600576,0.004006600603,6.53413e-09,0.004007876183,0.004007876179,9.25289e-10
0.03575,0.002101154381,0.002101558384,4.70119e-07,0.004006577743,0.004006577766,5.55471e-09,0.004007878779,0.004007878775,8.38819e-10
0.03576,0.001752207126,0.001752591638,4.47438e-07,0.004006558491,0.00400655851,4.61291e-09,0.004007881072,0.004007881069,7.55321e-10
0.03577,0.001421364419,0.00142173072,4.26247e-07,0.004006542638,0.004006542653,3.74826e-09,0.004007883078,0.004007883075,6.76528e-10
0.03578,0.001108183682,0.001108531509,4.04749e-07,0.004006530005,0.004006530017,2.91505e-09,0.004007884809,0.004007884807,6.00733e-10
0.03579,0.0008122064505,0.0008125368009,3.84413e-07,0.004006520417,0.004006520425,2.14449e-09,0.00400788628,0.004007886278,5.29195e-10
0.0358,0.0005329673807,0.0005332799819,3.63759e-07,0.004006513704,0.00400651371,1.3925e-09,0.004007887505,0.004007887503,4.60585e-10
0.03581,0.0002699913426,0.0002702870642,3.44117e-07,0.004006509703,0.004006509706,6.86093e-10,0.004007888496,0.004007888494,3.95987e-10
0.03582,2.280029222e-05,2.307896754e-05,3.24281e-07,0.004006508252,0.004006508252,2.42573e-12,0.004007889267,0.004007889265,3.34173e-10
0.03583,-0.0002090883023,-0.0002088260386,3.05184e-07,0.004006509196,0.004006509193,6.4165e-10,0.00400788983,0.004007889829,2.76041e-10
0.03584,-0.0004261570973,-0.0004259109668,2.8641e-07,0.004006512384,0.004006512379,1.25132e-09,0.004007890198,0.004007890197,2.21042e-10
0.03585,-0.0006288889111,-0.0006286585101,2.68106e-07,0.004006517671,0.004006517663,1.82166e-09,0.004007890383,0.004007890382,1.69116e-10
0.03586,-0.0008177646809,-0.0008175494304,2.50477e-07,0.004006524915,0.004006524906,2.35141e-09,0.004007890397,0.004007890396,1.20568e-10
0.03587,-0.0009932621315,-0.0009930617692,2.33152e-07,0.004006533981,0.00400653397,2.84889e-09,0.004007890251,0.004007890251,7.47518e-11
0.03588,-0.00115585575,-0.001155669588,2.16628e-07,0.004006544737,0.004006544724,3.30591e-09,0.004007889957,0.004007889957,3.23444e-11
0.03589,-0.001306014269,-0.00130584207,2.00379e-07,0.004006557057,0.004006557042,3.73362e-09,0.004007889526,0.004007889526,7.77241e-12
0.0359,-0.001444201949,-0.001444042996,1.84966e-07,0.004006570818,0.004006570801,4.12635e-09,0.004007888968,0.004007888968,4.44903e-11
0.03591,-0.001570875925,-0.00157073008,1.69713e-07,0.004006585903,0.004006585884,4.49663e-09,0.004007888293,0.004007888293,7.90319e-11
0.03592,-0.001686487511,-0.001686354181,1.55149e-07,0.004006602198,0.004006602179,4.83294e-09,0.004007887511,0.004007887512,1.10568e-10
0.03593,-0.001791480169,-0.001791358942,1.41067e-07,0.004006619597,0.004006619576,5.13864e-09,0.004007886632,0.004007886632,1.40019e-10
0.03594,-0.001886290435,-0.001886180705,1.27688e-07,0.004006637994,0.004006637972,5.41727e-09,0.004007885664,0.004007885665,1.66672e-10
0.03595,-0.001971346553,-0.001971248066,1.14604e-07,0.00400665729,0.004006657267,5.66988e-09,0.004007884617,0.004007884618,1.91276e-10
0.03596,-0.002047069033,-0.002046981324,1.02063e-07,0.00400667739,0.004006677366,5.89579e-09,0.004007883499,0.0040078835,2.13433e-10
0.03597,-0.00211386985,-0.002113792415,9.01072e-08,0.004006698202,0.004006698177,6.09269e-09,0.004007882318,0.004007882319,2.33501e-10
0.03598,-0.002172152667,-0.00217208499,7.87521e-08,0.004006719639,0.004006719613,6.26746e-09,0.004007881082,0.004007881083,2.51552e-10
0.03599,-0.0022223125,-0.002222254242,6.77914e-08,0.004006741618,0.004006741591,6.41978e-09,0.004007879797,0.004007879798,2.67529e-10
0.036,-0.002264735653,-0.002264686471,5.72313e-08,0.004006764059,0.004006764032,6.55225e-09,0.004007878472,0.004007878473,2.81829e-10
0.03601,-0.002299799752,-0.002299759124,4.72771e-08,0.004006786888,0.004006786861,6.65915e-09,0.004007877112,0.004007877113,2.93922e-10
0.03602,-0.002327873459,-0.002327840944,3.7836e-08,0.004006810032,0.004006810004,6.74756e-09,0.004007875724,0.004007875726,3.04663e-10
0.03603,-0.002349316726,-0.002349291934,2.8849e-08,0.004006833423,0.004006833395,6.81626e-09,0.004007874315,0.004007874316,3.13413e-10
0.03604,-0.002364480482,-0.00236446311,2.02146e-08,0.004006856997,0.004006856969,6.87101e-09,0.004007872889,0.00400787289,3.21087e-10
0.03605,-0.002373706989,-0.002373696464,1.22474e-08,0.004006880693,0.004006880665,6.9027e-09,0.004007871452,0.004007871453,3.25761e-10
0.03606,-0.002377329498,-0.002377325156,5.05293e-09,0.004006904453,0.004006904425,6.91594e-09,0.004007870009,0.00400787001,3.27425e-10
0.03607,-0.002375672389,-0.002375673554,1.35593e-09,0.004006928222,0.004006928194,6.91766e-09,0.004007868565,0.004007868566,3.26153e-10
0.03608,-0.002369051088,-0.002369057181,7.09035e-09,0.00400695195,0.004006951921,6.90296e-09,0.004007867124,0.004007867125,3.21404e-10
0.03609,-0.002357772044,-0.002357782582,1.22623e-08,0.004006975587,0.004006975559,6.87786e-09,0.004007865691,0.004007865692,3.1442e-10
0.0361,-0.002342132777,-0.002342147489,1.71203e-08,0.00400699909,0.004006999063,6.83793e-09,0.004007864269,0.00400786427,3.06623e-10
0.03611,-0.002322421795,-0.0023224409,2.22317e-08,0.004007022416,0.004007022389,6.79237e-09,0.004007862862,0.004007862863,3.02495e-10
0.03612,-0.0022989201,-0.002298943078,2.67379e-08,0.004007045526,0.004007045499,6.74151e-09,0.004007861473,0.004007861474,2.95986e-10
0.03613,-0.002271899173,-0.002271925581,3.07293e-08,0.004007068383,0.004007068356,6.68309e-09,0.004007860105,0.004007860106,2.87514e-10
0.03614,-0.002241621573,-0.002241651245,3.45277e-08,0.004007090953,0.004007090926,6.61635e-09,0.004007858762,0.004007858763,2.80004e-10
0.03615,-0.002208341438,-0.00220837436,3.831e-08,0.004007113206,0.004007113179,6.53815e-09,0.004007857445,0.004007857446,2.74625e-10
0.03616,-0.002172304837,-0.002172340655,4.16794e-08,0.004007135111,0.004007135085,6.46516e-09,0.004007856157,0.004007856159,2.68091e-10
0.03617,-0.002133748738,-0.002133787324,4.49007e-08,0.004007156643,0.004007156617,6.38632e-09,0.004007854901,0.004007854902,2.62832e-10
0.03618,-0.002092901808,-0.002092943144,4.81008e-08,0.004007177778,0.004007177753,6.30063e-09,0.004007853678,0.004007853679,2.60174e-10
0.03619,-0.002049984484,-0.002050028528,5.1251e-08,0.004007198495,0.004007198469,6.20375e-09,0.004007852489,0.00400785249,2.59384e-10
0.0362,-0.002005209269,-0.002005255638,5.39577e-08,0.004007218772,0.004007218747,6.11093e-09,0.004007851337,0.004007851338,2.58053e-10
0.03621,-0.001958779799,-0.001958828361,5.65094e-08,0.004007238593,0.004007238569,6.01677e-09,0.004007850223,0.004007850224,2.58085e-10
0.03622,-0.00191089172,-0.001910942393,5.8966e-08,0.004007257943,0.004007257919,5.90788e-09,0.004007849147,0.004007849148,2.58615e-10
0.03623,-0.001861732934,-0.001861785419,6.10738e-08,0.004007276807,0.004007276784,5.79857e-09,0.004007848112,0.004007848113,2.60209e-10
0.03624,-0.001811483281,-0.001811537187,6.27282e-08,0.004007295174,0.004007295151,5.68978e-09,0.004007847117,0.004007847118,2.61915e-10
0.03625,-0.001760314367,-0.00176036959,6.42599e-08,0.004007313034,0.004007313011,5.57671e-09,0.004007846163,0.004007846164,2.63466e-10
0.03626,-0.001708390052,-0.00170844665,6.58601e-08,0.004007330378,0.004007330356,5.45306e-09,0.004007845251,0.004007845252,2.64307e-10
0.03627,-0.00165586733,-0.001655924724,6.67872e-08,0.0040073472,0.004007347178,5.33797e-09,0.004007844381,0.004007844382,2.6627e-10
0.03628,-0.001602894743,-0.001602952643,6.73758e-08,0.004007363494,0.004007363473,5.22438e-09,0.004007843554,0.004007843555,2.68505e-10
0.03629,-0.001549613447,-0.001549671841,6.79505e-08,0.004007379257,0.004007379236,5.10194e-09,0.004007842769,0.00400784277,2.69479e-10
0.0363,-0.001496157362,-0.001496216425,6.8729e-08,0.004007394486,0.004007394466,4.97245e-09,0.004007842027,0.004007842028,2.69228e-10
0.03631,-0.001442654074,-0.001442713187,6.87873e-08,0.00400740918,0.00400740916,4.8624e-09,0.004007841327,0.004007841328,2.71259e-10
0.03632,-0.001389222875,-0.001389281924,6.87126e-08,0.00400742334,0.00400742332,4.75273e-09,0.00400784067,0.004007840671,2.73167e-10
0.03633,-0.001335976414,-0.001336035501,6.87567e-08,0.004007436965,0.004007436947,4.63193e-09,0.004007840054,0.004007840055,2.73405e-10
0.03634,-0.001283020908,-0.001283080055,6.88263e-08,0.00400745006,0.004007450042,4.50873e-09,0.00400783948,0.004007839482,2.7292e-10
0.03635,-0.001230456221,-0.001230515061,6.84687e-08,0.004007462627,0.004007462609,4.40912e-09,0.004007838948,0.004007838949,2.75042e-10
0.03636,-0.001178374887,-0.001178433386,6.8072e-08,0.004007474671,0.004007474654,4.30596e-09,0.004007838456,0.004007838457,2.76441e-10
0.03637,-0.001126863308,-0.001126921682,6.79271e-08,0.004007486197,0.00400748618,4.18858e-09,0.004007838003,0.004007838005,2.754e-10
0.03638,-0.001076002376,-0.001076060382,6.74984e-08,0.004007497211,0.004007497194,4.08318e-09,0.004007837591,0.004007837592,2.75661e-10
0.03639,-0.001025866523,-0.001025923985,6.6866e-08,0.00400750772,0.004007507704,3.99174e-09,0.004007837216,0.004007837217,2.77222e-10
0.0364,-0.0009765240839,-0.000976581102,6.63492e-08,0.004007517731,0.004007517716,3.8974e-09,0.00400783688,0.004007836881,2.77628e-10
0.03641,-0.0009280377992,-0.0009280945778,6.60705e-08,0.004007527254,0.004007527238,3.77904e-09,0.00400783658,0.004007836581,2.74192e-10
0.03642,-0.0008804657396,-0.0008805218834,6.53319e-08,0.004007536296,0.00400753628,3.6973e-09,0.004007836317,0.004007836318,2.75137e-10
0.03643,-0.0008338596406,-0.0008339151048,6.45411e-08,0.004007544867,0.004007544852,3.61487e-09,0.004007836089,0.00400783609,2.75346e-10
0.03644,-0.0007882663464,-0.0007883212671,6.39086e-08,0.004007552976,0.004007552962,3.5225e-09,0.004007835895,0.004007835896,2.73398e-10
0.03645,-0.0007437278394,-0.0007437823478,6.34288e-08,0.004007560636,0.004007560622,3.41947e-09,0.004007835734,0.004007835735,2.69266e-10
0.03646,-0.0007002817021,-0.0007003355272,6.26336e-08,0.004007567855,0.004007567841,3.3482e-09,0.004007835606,0.004007835607,2.68518e-10
0.03647,-0.000657960279,-0.0006580134273,6.18461e-08,0.004007574646,0.004007574632,3.27542e-09,0.004007835508,0.00400783551,2.66914e-10
0.03648,-0.0006167916665,-0.000616844233,6.11691e-08,0.004007581019,0.004007581006,3.18297e-09,0.004007835442,0.004007835443,2.62302e-10
0.03649,-0.0005767999327,-0.0005768519671,6.055e-08,0.004007586986,0.004007586973,3.09718e-09,0.004007835404,0.004007835405,2.57672e-10
0.0365,-0.0005380050851,-0.000538056487,5.98139e-08,0.004007592559,0.004007592547,3.03544e-09,0.004007835394,0.004007835395,2.5525e-10
0.03651,-0.00050042303,-0.0005004738433,5.9129e-08,0.00400759775,0.004007597738,2.96883e-09,0.004007835412,0.004007835413,2.51706e-10
0.03652,-0.0004640660668,-0.000464116346,5.85076e-08,0.004007602572,0.00400760256,2.87526e-09,0.004007835456,0.004007835457,2.44702e-10
0.03653,-0.0004289431256,-0.0004289928285,5.78368e-08,0.004007607036,0.004007607025,2.80969e-09,0.004007835524,0.004007835525,2.40227e-10
0.03654,-0.0003950596856,-0.0003951088636,5.7226e-08,0.004007611155,0.004007611144,2.75463e-09,0.004007835617,0.004007835618,2.3634e-10
0.03655,-0.0003624180974,-0.0003624667524,5.66175e-08,0.004007614942,0.004007614931,2.68868e-09,0.004007835732,0.004007835733,2.30912e-10
0.03656,-0.0003310177436,-0.0003310658867,5.60218e-08,0.004007618408,0.004007618398,2.60039e-09,0.004007835869,0.00400783587,2.22747e-10
0.03657,-0.0003008550953,-0.0003009027966,5.55076e-08,0.004007621567,0.004007621556,2.54963e-09,0.004007836027,0.004007836028,2.18052e-10
0.03658,-0.0002719241505,-0.0002719713658,5.49422e-08,0.00400762443,0.00400762442,2.49577e-09,0.004007836205,0.004007836206,2.12736e-10
0.03659,-0.0002442164216,-0.0002442631184,5.43388e-08,0.00400762701,0.004007627,2.42602e-09,0.004007836401,0.004007836402,2.05493e-10
0.0366,-0.0002177210057,-0.0002177672188,5.3776e-08,0.004007629319,0.004007629309,2.35013e-09,0.004007836615,0.004007836616,1.97278e-10
0.03661,-0.0001924247315,-0.0001924705264,5.32893e-08,0.004007631369,0.004007631359,2.30062e-09,0.004007836846,0.004007836847,1.91402e-10
0.03662,-0.0001683127581,-0.0001683582226,5.29048e-08,0.004007633172,0.004007633162,2.2495e-09,0.004007837093,0.004007837094,1.85024e-10
0.03663,-0.0001453683526,-0.0001454132635,5.22606e-08,0.004007634739,0.00400763473,2.17432e-09,0.004007837355,0.004007837355,1.76245e-10
0.03664,-0.0001235727189,-0.0001236170927,5.16357e-08,0.004007636083,0.004007636074,2.1088e-09,0.00400783763,0.004007837631,1.68166e-10
0.03665,-0.0001029057348,-0.000102949706,5.11672e-08,0.004007637215,0.004007637206,2.05904e-09,0.004007837919,0.004007837919,1.61306e-10
0.03666,-8.334607331e-05,-8.338965168e-05,5.071e-08,0.004007638145,0.004007638137,2.00333e-09,0.004007838219,0.00400783822,1.53704e-10
0.03667,-6.487110912e-05,-6.491400514e-05,4.9916e-08,0.004007638886,0.004007638878,1.9209e-09,0.004007838531,0.004007838532,1.43682e-10
0.03668,-4.745629887e-05,-4.749887465e-05,4.95434e-08,0.004007639447,0.004007639439,1.8719e-09,0.004007838853,0.004007838854,1.36387e-10
0.03669,-3.107701083e-05,-3.111927296e-05,4.91784e-08,0.004007639839,0.004007639831,1.82272e-09,0.004007839185,0.004007839186,1.28974e-10
0.0367,-1.570749831e-05,-1.574921929e-05,4.85487e-08,0.004007640072,0.004007640065,1.76079e-09,0.004007839526,0.004007839526,1.20488e-10
0.03671,-1.321119993e-06,-1.362086755e-06,4.7671e-08,0.004007640156,0.00400764015,1.68412e-09,0.004007839875,0.004007839875,1.10758e-10
0.03672,1.210998167e-05,1.206939765e-05,4.72257e-08,0.004007640102,0.004007640095,1.6338e-09,0.004007840231,0.004007840231,1.03123e-10
0.03673,2.461336279e-05,2.457315306e-05,4.67901e-08,0.004007639918,0.004007639911,1.58184e-09,0.004007840593,0.004007840594,9.53137e-11
0.03674,3.621724544e-05,3.617770225e-05,4.60145e-08,0.004007639613,0.004007639607,1.51508e-09,0.004007840962,0.004007840962,8.63796e-11
0.03675,4.695062217e-05,4.691168912e-05,4.53045e-08,0.004007639196,0.004007639191,1.44799e-09,0.004007841336,0.004007841336,7.73799e-11
0.03676,5.684280578e-05,5.680428503e-05,4.48247e-08,0.004007638677,0.004007638671,1.39668e-09,0.004007841714,0.004007841714,6.96796e-11
0.03677,6.592272456e-05,6.588476212e-05,4.41751e-08,0.004007638063,0.004007638057,1.34082e-09,0.004007842097,0.004007842097,6.17118e-11
0.03678,7.42195407e-05,7.418244334e-05,4.31684e-08,0.004007637361,0.004007637356,1.26884e-09,0.004007842482,0.004007842483,5.25703e-11
0.03679,8.176322659e-05,8.172670246e-05,4.25014e-08,0.004007636581,0.004007636576,1.21076e-09,0.004007842871,0.004007842871,4.45054e-11
0.0368,8.85830026e-05,8.854697722e-05,4.1921e-08,0.004007635729,0.004007635724,1.15842e-09,0.004007843262,0.004007843262,3.69531e-11
0.03681,9.470792551e-05,9.467253691e-05,4.118e-08,0.004007634812,0.004007634807,1.09989e-09,0.004007843655,0.004007843655,2.90181e-11
0.03682,0.0001001669643,0.000100132492,4.01138e-08,0.004007633837,0.004007633833,1.02863e-09,0.004007844049,0.00400784405,2.02313e-11
0.03683,0.0001049896739,0.0001049557827,3.94376e-08,0.004007632811,0.004007632807,9.7582e-10,0.004007844445,0.004007844445,1.29065e-11
0.03684,0.0001092042538,0.0001091709989,3.86971e-08,0.00400763174,0.004007631736,9.22841e-10,0.00400784484,0.00400784484,5.69274e-12
0.03685,0.0001128388276,0.0001128063804,3.77572e-08,0.004007630629,0.004007630625,8.63028e-10,0.004007845236,0.004007845236,1.90574e-12
0.03686,0.0001159213559,0.0001158898169,3.67004e-08,0.004007629485,0.004007629481,7.98744e-10,0.004007845631,0.004007845631,9.7318e-12
0.03687,0.0001184797207,0.0001184488342,3.59411e-08,0.004007628312,0.004007628309,7.47171e-10,0.004007846025,0.004007846025,1.6532e-11
0.03688,0.0001205405895,0.0001205103974,3.51331e-08,0.004007627117,0.004007627114,6.93255e-10,0.004007846419,0.004007846419,2.34035e-11
0.03689,0.0001221303066,0.0001221010546,3.40392e-08,0.004007625903,0.004007625901,6.33362e-10,0.004007846811,0.004007846811,3.05142e-11
0.0369,0.0001232751574,0.0001232467904,3.30093e-08,0.004007624676,0.004007624674,5.77746e-10,0.004007847201,0.004007847201,3.71837e-11
0.03691,0.000124000638,0.000123973005,3.21553e-08,0.004007623439,0.004007623437,5.28145e-10,0.00400784759,0.00400784759,4.3329e-11
0.03692,0.0001243313391,0.0001243045137,3.12153e-08,0.004007622197,0.004007622195,4.76369e-10,0.004007847976,0.004007847976,4.95014e-11
0.03693,0.0001242913044,0.0001242655501,2.9969e-08,0.004007620954,0.004007620952,4.189e-10,0.00400784836,0.004007848359,5.58724e-11
0.03694,0.0001239046812,0.0001238797078,2.90603e-08,0.004007619713,0.004007619711,3.69984e-10,0.004007848741,0.00400784874,6.15928e-11
0.03695,0.0001231941162,0.0001231699219,2.81537e-08,0.004007618477,0.004007618476,3.21691e-10,0.004007849119,0.004007849118,6.71491e-11
0.03696,0.0001221817769,0.0001221584793,2.71103e-08,0.00400761725,0.004007617249,2.73508e-10,0.004007849494,0.004007849493,7.25044e-11
0.03697,0.0001208892244,0.0001208669784,2.58866e-08,0.004007616034,0.004007616034,2.23981e-10,0.004007849865,0.004007849865,7.77607e-11
0.03698,0.0001193377645,0.0001193163292,2.49432e-08,0.004007614833,0.004007614832,1.80042e-10,0.004007850234,0.004007850233,8.25964e-11
0.03699,0.0001175473598,0.0001175267533,2.39788e-08,0.004007613649,0.004007613648,1.35941e-10,0.004007850598,0.004007850598,8.7329e-11
0.037,0.000115537436,0.000115517781,2.28716e-08,0.004007612483,0.004007612483,9.25414e-11,0.004007850959,0.004007850959,9.18107e-11
0.03701,0.0001133269235,0.0001133082458,2.17343e-08,0.004007611339,0.004007611338,4.82291e-11,0.004007851317,0.004007851316,9.62519e-11
0.03702,0.0001109341154,0.0001109162644,2.07723e-08,0.004007610217,0.004007610217,7.79013e-12,0.00400785167,0.00400785167,1.00363e-10
0.03703,0.0001083762492,0.0001083592542,1.97762e-08,0.00400760912,0.004007609121,3.00563e-11,0.00400785202,0.004007852019,1.04132e-10
0.03704,0.0001056699484,0.0001056539386,1.86298e-08,0.00400760805,0.00400760805,6.71512e-11,0.004007852365,0.004007852365,1.07652e-10
0.03705,0.0001028314758,0.0001028163471,1.76045e-08,0.004007607008,0.004007607008,1.03022e-10,0.004007852706,0.004007852706,1.11051e-10
0.03706,9.987612126e-05,9.986181526e-05,1.66472e-08,0.004007605994,0.004007605994,1.38136e-10,0.004007853044,0.004007853043,1.14334e-10
0.03707,9.681843555e-05,9.680497957e-05,1.56581e-08,0.00400760501,0.004007605011,1.70051e-10,0.004007853377,0.004007853376,1.17231e-10
0.03708,9.367233018e-05,9.365984539e-05,1.45279e-08,0.004007604058,0.004007604059,2.02862e-10,0.004007853705,0.004007853705,1.20034e-10
0.03709,9.04513707e-05,9.043969792e-05,1.35831e-08,0.004007603137,0.004007603138,2.33883e-10,0.00400785403,0.004007854029,1.22713e-10
0.0371,8.716805645e-05,8.71571757e-05,1.26614e-08,0.004007602249,0.00400760225,2.61634e-10,0.00400785435,0.00400785435,1.25043e-10
0.03711,8.383434442e-05,8.382428866e-05,1.17014e-08,0.004007601394,0.004007601395,2.86608e-10,0.004007854666,0.004007854666,1.27035e-10
0.03712,8.046161459e-05,8.045241808e-05,1.07015e-08,0.004007600572,0.004007600574,3.10517e-10,0.004007854978,0.004007854978,1.28838e-10
0.03713,7.706074893e-05,7.705231665e-05,9.81224e-09,0.004007599785,0.004007599786,3.35393e-10,0.004007855286,0.004007855286,1.30724e-10
0.03714,7.36417841e-05,7.36340962e-05,8.94604e-09,0.004007599031,0.004007599033,3.57243e-10,0.00400785559,0.004007855589,1.3229e-10
0.03715,7.021422396e-05,7.020733167e-05,8.02023e-09,0.004007598312,0.004007598314,3.77369e-10,0.004007855889,0.004007855889,1.33605e-10
0.03716,6.678709912e-05,6.678098968e-05,7.10926e-09,0.004007597627,0.004007597629,3.97791e-10,0.004007856184,0.004007856184,1.34891e-10
0.03717,6.336883918e-05,6.336343342e-05,6.29042e-09,0.004007596976,0.004007596978,4.16321e-10,0.004007856476,0.004007856475,1.36013e-10
0.03718,5.996723826e-05,5.996251082e-05,5.5011e-09,0.004007596359,0.004007596361,4.31138e-10,0.004007856763,0.004007856762,1.36774e-10
0.03719,5.658958054e-05,5.658555456e-05,4.68484e-09,0.004007595777,0.004007595779,4.42088e-10,0.004007857046,0.004007857046,1.37129e-10
0.0372,5.324276112e-05,5.323938207e-05,3.93204e-09,0.004007595228,0.004007595229,4.55285e-10,0.004007857326,0.004007857325,1.37673e-10
0.03721,4.993303431e-05,4.993029554e-05,3.18697e-09,0.004007594712,0.004007594714,4.6882e-10,0.004007857601,0.004007857601,1.38204e-10
0.03722,4.666619515e-05,4.666405595e-05,2.48929e-09,0.004007594229,0.004007594231,4.77942e-10,0.004007857873,0.004007857872,1.38331e-10
0.03723,4.34475807e-05,4.344606392e-05,1.765e-09,0.004007593778,0.00400759378,4.85089e-10,0.004007858141,0.00400785814,1.38222e-10
0.03724,4.028213629e-05,4.028123425e-05,1.04967e-09,0.00400759336,0.004007593362,4.96365e-10,0.004007858405,0.004007858405,1.38442e-10
0.03725,3.717428894e-05,3.717396033e-05,3.82392e-10,0.004007592972,0.004007592974,5.04879e-10,0.004007858666,0.004007858666,1.38413e-10
0.03726,3.412807168e-05,3.412826484e-05,2.24773e-10,0.004007592616,0.004007592618,5.08263e-10,0.004007858924,0.004007858923,1.37937e-10
0.03727,3.114712867e-05,3.114779972e-05,7.80869e-10,0.004007592289,0.004007592292,5.10938e-10,0.004007859178,0.004007859177,1.37406e-10
0.03728,2.823472702e-05,2.823584615e-05,1.30228e-09,0.004007591993,0.004007591995,5.21361e-10,0.004007859428,0.004007859428,1.37562e-10
0.03729,2.539374183e-05,2.53953146e-05,1.83017e-09,0.004007591724,0.004007591727,5.39631e-10,0.004007859675,0.004007859675,1.38386e-10
0.0373,2.262670508e-05,2.262874479e-05,2.37351e-09,0.004007591484,0.004007591487,5.68095e-10,0.00400785992,0.004007859919,1.40082e-10
0.03731,1.993581287e-05,1.993830569e-05,2.90078e-09,0.004007591271,0.004007591274,6.06942e-10,0.004007860161,0.00400786016,1.42688e-10
0.03732,1.732294185e-05,1.732579759e-05,3.32308e-09,0.004007591085,0.004007591088,6.53698e-10,0.004007860399,0.004007860398,1.4606e-10
0.03733,1.478966582e-05,1.479296192e-05,3.83552e-09,0.004007590924,0.004007590927,7.15978e-10,0.004007860634,0.004007860633,1.50726e-10
0.03734,1.233726438e-05,1.234099121e-05,4.33673e-09,0.004007590788,0.004007590791,7.89769e-10,0.004007860866,0.004007860865,1.56408e-10
0.03735,9.966619638e-06,9.970854562e-06,4.92798e-09,0.004007590676,0.00400759068,8.80091e-10,0.004007861095,0.004007861095,1.63507e-10
0.03736,7.678534517e-06,7.683299216e-06,5.54445e-09,0.004007590588,0.004007590592,9.80031e-10,0.004007861322,0.004007861322,1.71447e-10
0.03737,5.473499867e-06,5.478850566e-06,6.22635e-09,0.004007590522,0.004007590526,1.08618e-09,0.004007861546,0.004007861546,1.79896e-10
0.03738,3.351779361e-06,3.357812152e-06,7.02007e-09,0.004007590477,0.004007590482,1.19305e-09,0.004007861768,0.004007861767,1.8833e-10
0.03739,1.313425453e-06,1.320265661e-06,7.95962e-09,0.004007590453,0.004007590459,1.29205e-09,0.004007861987,0.004007861986,1.95956e-10
0.0374,-6.417046682e-07,-6.339290753e-07,9.04808e-09,0.00400759045,0.004007590455,1.37046e-09,0.004007862204,0.004007862203,2.01633e-10
0.03741,-2.513933113e-06,-2.505134075e-06,1.0239e-08,0.004007590465,0.004007590471,1.41038e-09,0.004007862418,0.004007862418,2.03795e-10
0.03742,-4.303902028e-06,-4.293938441e-06,1.15941e-08,0.004007590499,0.004007590505,1.4856e-09,0.004007862631,0.00400786263,2.09021e-10
0.03743,-6.012304155e-06,-6.000890442e-06,1.32816e-08,0.00400759055,0.004007590557,1.61078e-09,0.004007862841,0.00400786284,2.18487e-10
0.03744,-7.639883434e-06,-7.626872311e-06,1.51404e-08,0.004007590618,0.004007590625,1.73966e-09,0.004007863049,0.004007863048,2.28168e-10
0.03745,-9.187573911e-06,-9.172891312e-06,1.70854e-08,0.004007590701,0.004007590709,1.86655e-09,0.004007863255,0.004007863254,2.37617e-10
0.03746,-1.065641733e-05,-1.064005614e-05,1.90387e-08,0.0040075908,0.004007590808,1.98454e-09,0.004007863459,0.004007863458,2.46265e-10
0.03747,-1.204754772e-05,-1.202957695e-05,2.09117e-08,0.004007590913,0.004007590921,2.08481e-09,0.004007863661,0.00400786366,2.53375e-10
0.03748,-1.336217595e-05,-1.33427653e-05,2.25872e-08,0.004007591039,0.004007591048,2.15592e-09,0.004007863862,0.004007863861,2.5799e-10
0.03749,-1.460180896e-05,-1.458103423e-05,2.41746e-08,0.004007591179,0.004007591188,2.20515e-09,0.004007864061,0.00400786406,2.60687e-10
0.0375,-1.57689253e-05,-1.574589817e-05,2.67956e-08,0.00400759133,0.00400759134,2.32253e-09,0.004007864258,0.004007864257,2.68826e-10
0.03751,-1.686436834e-05,-1.683897303e-05,2.95513e-08,0.004007591493,0.004007591503,2.43728e-09,0.004007864453,0.004007864452,2.76634e-10
0.03752,-1.788974206e-05,-1.786198653e-05,3.22978e-08,0.004007591666,0.004007591676,2.54307e-09,0.004007864647,0.004007864646,2.83648e-10
0.03753,-1.884668453e-05,-1.881660108e-05,3.50067e-08,0.004007591849,0.00400759186,2.63359e-09,0.00400786484,0.004007864838,2.89302e-10
0.03754,-1.973685458e-05,-1.970462516e-05,3.75038e-08,0.004007592041,0.004007592052,2.6992e-09,0.004007865031,0.004007865029,2.92846e-10
0.03755,-2.05619185e-05,-2.05279221e-05,3.956e-08,0.004007592242,0.004007592254,2.72737e-09,0.00400786522,0.004007865219,2.93316e-10
0.03756,-2.132353669e-05,-2.128837587e-05,4.0915e-08,0.004007592452,0.004007592463,2.70272e-09,0.004007865408,0.004007865407,2.89503e-10
0.03757,-2.202495674e-05,-2.198789112e-05,4.31315e-08,0.004007592668,0.004007592679,2.72548e-09,0.004007865595,0.004007865594,2.89366e-10
0.03758,-2.266775623e-05,-2.262839318e-05,4.58049e-08,0.004007592891,0.004007592902,2.7707e-09,0.004007865781,0.00400786578,2.90932e-10
0.03759,-2.325343835e-05,-2.321182804e-05,4.84199e-08,0.00400759312,0.004007593131,2.80696e-09,0.004007865966,0.004007865965,2.91715e-10
0.0376,-2.37838814e-05,-2.374016235e-05,5.08738e-08,0.004007593355,0.004007593366,2.83014e-09,0.004007866149,0.004007866148,2.91415e-10
0.03761,-2.426094087e-05,-2.421538345e-05,5.3013e-08,0.004007593595,0.004007593606,2.83443e-09,0.004007866332,0.004007866331,2.89618e-10
0.03762,-2.468643886e-05,-2.463950693e-05,5.46124e-08,0.004007593839,0.00400759385,2.81222e-09,0.004007866513,0.004007866512,2.85805e-10
0.03763,-2.506215367e-05,-2.501448629e-05,5.54682e-08,0.004007594088,0.004007594099,2.75333e-09,0.004007866694,0.004007866692,2.79191e-10
0.03764,-2.539045781e-05,-2.534229672e-05,5.60427e-08,0.00400759434,0.004007594351,2.67924e-09,0.004007866873,0.004007866872,2.71384e-10
0.03765,-2.567452624e-05,-2.562491967e-05,5.77248e-08,0.004007594595,0.004007594605,2.65377e-09,0.004007867051,0.00400786705,2.67153e-10
0.03766,-2.591524315e-05,-2.586431155e-05,5.92667e-08,0.004007594852,0.004007594863,2.62277e-09,0.004007867229,0.004007867228,2.62511e-10
0.03767,-2.611448563e-05,-2.606240364e-05,6.06053e-08,0.004007595112,0.004007595123,2.58446e-09,0.004007867406,0.004007867405,2.57345e-10
0.03768,-2.627408626e-05,-2.622110218e-05,6.1655e-08,0.004007595374,0.004007595384,2.53594e-09,0.004007867582,0.004007867581,2.51458e-10
0.03769,-2.639582566e-05,-2.634228829e-05,6.22989e-08,0.004007595637,0.004007595647,2.47306e-09,0.004007867757,0.004007867756,2.44566e-10
0.0377,-2.648142498e-05,-2.642781805e-05,6.23798e-08,0.004007595901,0.004007595911,2.39033e-09,0.004007867931,0.00400786793,2.36295e-10
0.03771,-2.653253843e-05,-2.647952242e-05,6.16922e-08,0.004007596166,0.004007596175,2.28073e-09,0.004007868104,0.004007868103,2.26176e-10
0.03772,-2.655241514e-05,-2.649920985e-05,6.19124e-08,0.004007596431,0.00400759644,2.20707e-09,0.004007868277,0.004007868276,2.18577e-10
0.03773,-2.654211127e-05,-2.648864001e-05,6.22219e-08,0.004007596696,0.004007596705,2.13918e-09,0.004007868449,0.004007868448,2.11415e-10
0.03774,-2.650315571e-05,-2.644952862e-05,6.24033e-08,0.004007596961,0.00400759697,2.0685e-09,0.004007868621,0.00400786862,2.04089e-10
0.03775,-2.6437189e-05,-2.638356739e-05,6.23969e-08,0.004007597226,0.004007597234,1.99407e-09,0.004007868792,0.004007868791,1.9657e-10
0.03776,-2.63457905e-05,-2.629240367e-05,6.21237e-08,0.00400759749,0.004007597497,1.91372e-09,0.004007868962,0.004007868961,1.88733e-10
0.03777,-2.623047333e-05,-2.617764042e-05,6.14791e-08,0.004007597752,0.00400759776,1.824e-09,0.004007869131,0.00400786913,1.80358e-10
0.03778,-2.609267931e-05,-2.604083625e-05,6.03273e-08,0.004007598014,0.004007598021,1.72018e-09,0.0040078693,0.004007869299,1.71138e-10
0.03779,-2.593436105e-05,-2.588350541e-05,5.91783e-08,0.004007598274,0.004007598281,1.61871e-09,0.004007869468,0.004007869468,1.62125e-10
0.0378,-2.57575066e-05,-2.570711775e-05,5.86351e-08,0.004007598532,0.004007598539,1.5392e-09,0.004007869636,0.004007869635,1.54581e-10
0.03781,-2.5562975e-05,-2.551309877e-05,5.80386e-08,0.004007598789,0.004007598795,1.45993e-09,0.004007869803,0.004007869803,1.47107e-10
0.03782,-2.535211567e-05,-2.530282961e-05,5.73518e-08,0.004007599043,0.004007599049,1.38008e-09,0.00400786997,0.004007869969,1.39668e-10
0.03783,-2.512621441e-05,-2.507764503e-05,5.65178e-08,0.004007599295,0.004007599301,1.29905e-09,0.004007870136,0.004007870135,1.32265e-10
0.03784,-2.488649029e-05,-2.483883485e-05,5.54543e-08,0.004007599545,0.00400759955,1.21292e-09,0.004007870301,0.004007870301,1.24614e-10
0.03785,-2.46340925e-05,-2.458763653e-05,5.40586e-08,0.004007599793,0.004007599797,1.1194e-09,0.004007870466,0.004007870466,1.16603e-10
0.03786,-2.437010494e-05,-2.432524073e-05,5.22063e-08,0.004007600038,0.004007600042,1.01572e-09,0.004007870631,0.004007870631,1.08096e-10
0.03787,-2.409678984e-05,-2.405279238e-05,5.11977e-08,0.00400760028,0.004007600284,9.3533e-10,0.004007870795,0.004007870795,1.00961e-10
0.03788,-2.381451272e-05,-2.377139075e-05,5.0179e-08,0.00400760052,0.004007600523,8.56377e-10,0.004007870958,0.004007870958,9.39836e-11
0.03789,-2.352430335e-05,-2.348208934e-05,4.91224e-08,0.004007600756,0.004007600759,7.78171e-10,0.004007871121,0.004007871121,8.7127e-11
0.0379,-2.322713273e-05,-2.318589599e-05,4.79852e-08,0.00400760099,0.004007600993,6.99783e-10,0.004007871284,0.004007871284,8.03456e-11
0.03791,-2.29239115e-05,-2.288377278e-05,4.67075e-08,0.00400760122,0.004007601223,6.2014e-10,0.004007871446,0.004007871446,7.35967e-11
0.03792,-2.261548837e-05,-2.257663612e-05,4.52105e-08,0.004007601448,0.00400760145,5.38116e-10,0.004007871607,0.004007871607,6.68504e-11
0.03793,-2.230264861e-05,-2.226535668e-05,4.33948e-08,0.004007601673,0.004007601675,4.52631e-10,0.004007871769,0.004007871768,6.01001e-11
0.03794,-2.19866322e-05,-2.19507541e-05,4.17496e-08,0.004007601894,0.004007601896,3.71232e-10,0.004007871929,0.004007871929,5.35822e-11
0.03795,-2.166838185e-05,-2.163363311e-05,4.04354e-08,0.004007602112,0.004007602114,2.94598e-10,0.004007872089,0.004007872089,4.7208e-11
0.03796,-2.134833099e-05,-2.131473223e-05,3.90973e-08,0.004007602327,0.004007602328,2.18639e-10,0.004007872249,0.004007872249,4.09341e-11
0.03797,-2.102716095e-05,-2.099474698e-05,3.77186e-08,0.004007602539,0.00400760254,1.44079e-10,0.004007872408,0.004007872408,3.48424e-11
0.03798,-2.0705504e-05,-2.06743364e-05,3.62682e-08,0.004007602748,0.004007602748,7.1329e-11,0.004007872567,0.004007872566,2.90017e-11
0.03799,-2.038394309e-05,-2.035412306e-05,3.47001e-08,0.004007602953,0.004007602953,6.05315e-13,0.004007872725,0.004007872725,2.34767e-11
0.038,-2.00630116e-05,-2.003469305e-05,3.29529e-08,0.004007603156,0.004007603155,6.79608e-11,0.004007872883,0.004007872882,1.83383e-11
0.03801,-1.974326302e-05,-1.971659596e-05,3.10312e-08,0.004007603355,0.004007603354,1.34526e-10,0.00400787304,0.00400787304,1.35676e-11
0.03802,-1.942570199e-05,-1.940034495e-05,2.95068e-08,0.00400760355,0.00400760355,2.01406e-10,0.004007873197,0.004007873196,8.38701e-12
0.03803,-1.911045648e-05,-1.908641666e-05,2.7974e-08,0.004007603743,0.004007603742,2.66857e-10,0.004007873353,0.004007873353,3.35783e-12
0.03804,-1.879796072e-05,-1.877525126e-05,2.64259e-08,0.004007603933,0.004007603931,3.30401e-10,0.004007873509,0.004007873509,1.46805e-12
0.03805,-1.848861211e-05,-1.846725247e-05,2.48552e-08,0.004007604119,0.004007604118,3.91135e-10,0.004007873664,0.004007873664,5.99802e-12
0.03806,-1.818277172e-05,-1.816277619e-05,2.32678e-08,0.004007604303,0.004007604301,4.47058e-10,0.004007873819,0.004007873819,1.00503e-11
0.03807,-1.788076489e-05,-1.786220672e-05,2.15952e-08,0.004007604483,0.004007604481,4.99445e-10,0.004007873973,0.004007873973,1.36682e-11
0.03808,-1.758288172e-05,-1.756584912e-05,1.982e-08,0.00400760466,0.004007604658,5.46525e-10,0.004007874127,0.004007874127,1.66654e-11
0.03809,-1.728957874e-05,-1.727397867e-05,1.8153e-08,0.004007604835,0.004007604832,5.94598e-10,0.00400787428,0.00400787428,1.98664e-11
0.0381,-1.700110595e-05,-1.698684817e-05,1.65911e-08,0.004007605006,0.004007605003,6.42694e-10,0.004007874433,0.004007874433,2.31748e-11
0.03811,-1.671762917e-05,-1.670468792e-05,1.50591e-08,0.004007605175,0.004007605172,6.87569e-10,0.004007874586,0.004007874586,2.62018e-11
0.03812,-1.643935485e-05,-1.642770575e-05,1.35555e-08,0.004007605341,0.004007605338,7.28786e-10,0.004007874737,0.004007874738,2.89012e-11
0.03813,-1.616646385e-05,-1.615608699e-05,1.2075e-08,0.004007605504,0.0040076055,7.65817e-10,0.004007874889,0.004007874889,3.1215e-11
0.03814,-1.589911238e-05,-1.588999449e-05,1.061e-08,0.004007605664,0.004007605661,7.97949e-10,0.00400787504,0.00400787504,3.30635e-11
0.03815,-1.563743295e-05,-1.562956861e-05,9.15135e-09,0.004007605822,0.004007605818,8.24182e-10,0.00400787519,0.00400787519,3.43368e-11
0.03816,-1.538155301e-05,-1.537492722e-05,7.71011e-09,0.004007605977,0.004007605973,8.46366e-10,0.00400787534,0.00400787534,3.52268e-11
0.03817,-1.513162012e-05,-1.512616571e-05,6.34704e-09,0.004007606129,0.004007606126,8.73501e-10,0.004007875489,0.004007875489,3.66755e-11
0.03818,-1.488767416e-05,-1.488335696e-05,5.02371e-09,0.00400760628,0.004007606276,8.98241e-10,0.004007875638,0.004007875638,3.7926e-11
0.03819,-1.464977528e-05,-1.464654241e-05,3.76193e-09,0.004007606427,0.004007606423,9.19615e-10,0.004007875786,0.004007875786,3.89117e-11
0.0382,-1.441796643e-05,-1.441575718e-05,2.5708e-09,0.004007606573,0.004007606569,9.36928e-10,0.004007875934,0.004007875934,3.95739e-11
0.03821,-1.41922744e-05,-1.41910778e-05,1.39244e-09,0.004007606716,0.004007606712,9.51163e-10,0.004007876081,0.004007876081,3.99344e-11
0.03822,-1.397271087e-05,-1.397249575e-05,2.50318e-10,0.004007606857,0.004007606853,9.60832e-10,0.004007876228,0.004007876228,3.98782e-11
0.03823,-1.37592734e-05,-1.375999406e-05,8.38596e-10,0.004007606995,0.004007606991,9.64359e-10,0.004007876374,0.004007876374,3.92738e-11
0.03824,-1.355193241e-05,-1.355354728e-05,1.87914e-09,0.004007607132,0.004007607128,9.71259e-10,0.00400787652,0.00400787652,3.90379e-11
0.03825,-1.335066254e-05,-1.335312148e-05,2.86134e-09,0.004007607266,0.004007607262,9.77912e-10,0.004007876665,0.004007876665,3.88329e-11
0.03826,-1.315542515e-05,-1.315867426e-05,3.78084e-09,0.004007607399,0.004007607395,9.82246e-10,0.00400787681,0.00400787681,3.84635e-11
0.03827,-1.296616893e-05,-1.297015478e-05,4.63814e-09,0.00400760753,0.004007607526,9.83998e-10,0.004007876954,0.004007876954,3.79045e-11
0.03828,-1.278283334e-05,-1.27875037e-05,5.43467e-09,0.004007607658,0.004007607654,9.82763e-10,0.004007877097,0.004007877097,3.71156e-11
0.03829,-1.260534959e-05,-1.261065321e-05,6.17157e-09,0.004007607785,0.004007607781,9.77929e-10,0.00400787724,0.00400787724,3.60377e-11
0.0383,-1.24336417e-05,-1.243952706e-05,6.84851e-09,0.004007607911,0.004007607907,9.68627e-10,0.004007877383,0.004007877383,3.45899e-11
0.03831,-1.226758136e-05,-1.227404049e-05,7.51618e-09,0.004007608034,0.00400760803,9.60354e-10,0.004007877524,0.004007877525,3.32355e-11
0.03832,-1.210700287e-05,-1.21141003e-05,8.25894e-09,0.004007608156,0.004007608152,9.62897e-10,0.004007877666,0.004007877666,3.28102e-11
0.03833,-1.195185153e-05,-1.195960482e-05,9.02214e-09,0.004007608276,0.004007608272,9.6894e-10,0.004007877806,0.004007877807,3.26814e-11
0.03834,-1.180201017e-05,-1.181044389e-05,9.81392e-09,0.004007608395,0.004007608391,9.79271e-10,0.004007877947,0.004007877947,3.29175e-11
0.03835,-1.165735647e-05,-1.16664989e-05,1.06386e-08,0.004007608513,0.004007608509,9.94575e-10,0.004007878086,0.004007878086,3.35787e-11
0.03836,-1.151776378e-05,-1.152763868e-05,1.1491e-08,0.004007608629,0.004007608625,1.01534e-09,0.004007878225,0.004007878226,3.47206e-11
0.03837,-1.138310195e-05,-1.13937495e-05,1.239e-08,0.004007608744,0.004007608739,1.04236e-09,0.004007878364,0.004007878364,3.63945e-11
0.03838,-1.125323823e-05,-1.126471772e-05,1.33581e-08,0.004007608857,0.004007608853,1.07653e-09,0.004007878502,0.004007878502,3.86611e-11
0.03839,-1.112803803e-05,-1.11404102e-05,1.43969e-08,0.004007608969,0.004007608965,1.11841e-09,0.004007878639,0.004007878639,4.15719e-11
0.0384,-1.100736585e-05,-1.102069344e-05,1.55087e-08,0.00400760908,0.004007609075,1.16842e-09,0.004007878776,0.004007878776,4.51651e-11
0.03841,-1.089108607e-05,-1.090543363e-05,1.66956e-08,0.00400760919,0.004007609185,1.22685e-09,0.004007878912,0.004007878913,4.94678e-11
0.03842,-1.07790638e-05,-1.079449663e-05,1.79584e-08,0.004007609299,0.004007609293,1.29381e-09,0.004007879048,0.004007879048,5.44891e-11
0.03843,-1.067116575e-05,-1.068774797e-05,1.92959e-08,0.004007609406,0.004007609401,1.36922e-09,0.004007879183,0.004007879184,6.0222e-11
0.03844,-1.056726104e-05,-1.058505288e-05,2.07035e-08,0.004007609513,0.004007609507,1.45273e-09,0.004007879318,0.004007879318,6.6642e-11
0.03845,-1.046722208e-05,-1.048627626e-05,2.21724e-08,0.004007609619,0.004007609613,1.54377e-09,0.004007879452,0.004007879452,7.37012e-11
0.03846,-1.037084642e-05,-1.039128266e-05,2.37807e-08,0.004007609724,0.004007609717,1.64018e-09,0.004007879585,0.004007879586,8.11056e-11
0.03847,-1.027797516e-05,-1.029993635e-05,2.55552e-08,0.004007609828,0.00400760982,1.74009e-09,0.004007879718,0.004007879719,8.86472e-11
0.03848,-1.018855038e-05,-1.021210124e-05,2.7405e-08,0.004007609931,0.004007609923,1.84278e-09,0.004007879851,0.004007879851,9.63619e-11
0.03849,-1.010245476e-05,-1.012764094e-05,2.93079e-08,0.004007610033,0.004007610025,1.94609e-09,0.004007879982,0.004007879983,1.0407e-10
0.0385,-1.001957738e-05,-1.004641671e-05,3.12316e-08,0.004007610134,0.004007610126,2.04754e-09,0.004007880114,0.004007880114,1.11574e-10
0.03851,-9.939814493e-06,-9.968298838e-06,3.31459e-08,0.004007610234,0.004007610226,2.14388e-09,0.004007880244,0.004007880245,1.18598e-10
0.03852,-9.863070375e-06,-9.893160677e-06,3.50146e-08,0.004007610334,0.004007610325,2.2313e-09,0.004007880374,0.004007880375,1.24818e-10
0.03853,-9.789258073e-06,-9.820870808e-06,3.67862e-08,0.004007610433,0.004007610424,2.30577e-09,0.004007880504,0.004007880505,1.29914e-10
0.03854,-9.718300229e-06,-9.751300626e-06,3.8401e-08,0.004007610531,0.004007610521,2.36263e-09,0.004007880633,0.004007880634,1.33508e-10
0.03855,-9.65012987e-06,-9.684324353e-06,3.97905e-08,0.004007610628,0.004007610619,2.39656e-09,0.004007880761,0.004007880762,1.35175e-10
0.03856,-9.584691206e-06,-9.619819029e-06,4.08766e-08,0.004007610725,0.004007610715,2.40153e-09,0.004007880889,0.00400788089,1.3443e-10
0.03857,-9.521940424e-06,-9.557664521e-06,4.15704e-08,0.004007610821,0.004007610811,2.3708e-09,0.004007881017,0.004007881017,1.30733e-10
0.03858,-9.461545883e-06,-9.497743514e-06,4.21214e-08,0.004007610916,0.004007610906,2.32371e-09,0.004007881144,0.004007881144,1.25638e-10
0.03859,-9.402256836e-06,-9.439941517e-06,4.38518e-08,0.004007611011,0.004007611001,2.36216e-09,0.00400788127,0.00400788127,1.27313e-10
0.0386,-9.344994685e-06,-9.384146862e-06,4.55595e-08,0.004007611105,0.004007611095,2.3944e-09,0.004007881396,0.004007881396,1.28418e-10
0.03861,-9.289670054e-06,-9.330250701e-06,4.72217e-08,0.004007611198,0.004007611189,2.41953e-09,0.004007881521,0.004007881521,1.2889e-10
0.03862,-9.236200388e-06,-9.278147012e-06,4.88113e-08,0.004007611292,0.004007611282,2.43653e-09,0.004007881645,0.004007881646,1.28668e-10
0.03863,-9.184510379e-06,-9.227732592e-06,5.02956e-08,0.004007611384,0.004007611374,2.44436e-09,0.004007881769,0.00400788177,1.27687e-10
0.03864,-9.134532415e-06,-9.178907061e-06,5.16366e-08,0.004007611476,0.004007611466,2.44185e-09,0.004007881893,0.004007881894,1.25885e-10
0.03865,-9.086207006e-06,-9.131572862e-06,5.27901e-08,0.004007611568,0.004007611558,2.42781e-09,0.004007882016,0.004007882016,1.23199e-10
0.03866,-9.039483232e-06,-9.085635385e-06,5.3705e-08,0.004007611659,0.004007611649,2.40098e-09,0.004007882138,0.004007882139,1.19571e-10
0.03867,-8.994319173e-06,-9.04100394e-06,5.43248e-08,0.004007611749,0.004007611739,2.36007e-09,0.00400788226,0.004007882261,1.14946e-10
0.03868,-8.95068235e-06,-8.997589072e-06,5.45831e-08,0.004007611839,0.00400761183,2.30284e-09,0.004007882382,0.004007882382,1.09189e-10
0.03869,-8.90855016e-06,-8.955307318e-06,5.44091e-08,0.004007611929,0.004007611919,2.22772e-09,0.004007882503,0.004007882503,1.02237e-10
0.0387,-8.867910317e-06,-8.914078185e-06,5.37233e-08,0.004007612017,0.004007612009,2.13294e-09,0.004007882623,0.004007882623,9.40172e-11
0.03871,-8.827493494e-06,-8.873824149e-06,5.39128e-08,0.004007612106,0.004007612098,2.06083e-09,0.004007882743,0.004007882743,8.68969e-11
0.03872,-8.787968673e-06,-8.834470658e-06,5.41121e-08,0.004007612194,0.004007612186,1.98618e-09,0.004007882862,0.004007882862,7.95149e-11
0.03873,-8.749407136e-06,-8.795946128e-06,5.41552e-08,0.004007612282,0.004007612274,1.90488e-09,0.004007882981,0.004007882981,7.16812e-11
0.03874,-8.711755883e-06,-8.758181947e-06,5.40238e-08,0.00400761237,0.004007612362,1.81739e-09,0.004007883099,0.004007883099,6.34628e-11
0.03875,-8.674967189e-06,-8.721112471e-06,5.3697e-08,0.004007612457,0.00400761245,1.72422e-09,0.004007883217,0.004007883217,5.49353e-11
0.03876,-8.638998778e-06,-8.684675028e-06,5.31513e-08,0.004007612543,0.004007612537,1.62594e-09,0.004007883334,0.004007883334,4.61853e-11
0.03877,-8.603814005e-06,-8.648809915e-06,5.23596e-08,0.004007612629,0.004007612623,1.52318e-09,0.004007883451,0.004007883451,3.73093e-11
0.03878,-8.569382024e-06,-8.613460399e-06,5.12919e-08,0.004007612715,0.00400761271,1.41667e-09,0.004007883567,0.004007883567,2.84173e-11
0.03879,-8.535677966e-06,-8.578572718e-06,4.99146e-08,0.004007612801,0.004007612796,1.30722e-09,0.004007883683,0.004007883683,1.96318e-11
0.0388,-8.502683114e-06,-8.544096079e-06,4.81903e-08,0.004007612886,0.004007612881,1.19574e-09,0.004007883798,0.004007883798,1.109e-11
0.03881,-8.470385081e-06,-8.509982659e-06,4.60778e-08,0.004007612971,0.004007612966,1.08324e-09,0.004007883912,0.004007883912,2.94632e-12
0.03882,-8.438031699e-06,-8.476187607e-06,4.44002e-08,0.004007613055,0.004007613051,9.68179e-10,0.004007884027,0.004007884027,6.01526e-12
0.03883,-8.405899893e-06,-8.442672143e-06,4.27901e-08,0.004007613139,0.004007613136,8.52989e-10,0.00400788414,0.00400788414,1.50824e-11
0.03884,-8.374079689e-06,-8.409393607e-06,4.10931e-08,0.004007613223,0.00400761322,7.39054e-10,0.004007884253,0.004007884253,2.39191e-11
0.03885,-8.342522689e-06,-8.376307732e-06,3.9314e-08,0.004007613307,0.004007613304,6.27054e-10,0.004007884366,0.004007884366,3.24585e-11
0.03886,-8.311182223e-06,-8.34338205e-06,3.74694e-08,0.00400761339,0.004007613388,5.18337e-10,0.004007884478,0.004007884478,4.05898e-11
0.03887,-8.280013322e-06,-8.310585805e-06,3.55757e-08,0.004007613473,0.004007613471,4.14287e-10,0.00400788459,0.00400788459,4.81977e-11
0.03888,-8.248972686e-06,-8.277889958e-06,3.36496e-08,0.004007613555,0.004007613554,3.16328e-10,0.004007884701,0.004007884701,5.51622e-11
0.03889,-8.218018663e-06,-8.245267182e-06,3.17078e-08,0.004007613637,0.004007613637,2.25933e-10,0.004007884812,0.004007884812,6.1358e-11
0.0389,-8.187111215e-06,-8.212691867e-06,2.9767e-08,0.004007613719,0.004007613719,1.44637e-10,0.004007884922,0.004007884922,6.66537e-11
0.03891,-8.156211894e-06,-8.180140116e-06,2.78441e-08,0.004007613801,0.004007613801,7.40372e-11,0.004007885032,0.004007885031,7.09097e-11
0.03892,-8.125283812e-06,-8.147589748e-06,2.59563e-08,0.004007613883,0.004007613882,1.58093e-11,0.004007885141,0.004007885141,7.39801e-11
0.03893,-8.094351407e-06,-8.115020294e-06,2.40514e-08,0.004007613964,0.004007613964,4.84309e-11,0.00400788525,0.004007885249,7.76479e-11
0.03894,-8.06336844e-06,-8.082413002e-06,2.21612e-08,0.004007614044,0.004007614045,1.12661e-10,0.004007885358,0.004007885358,8.13483e-11
0.03895,-8.032290641e-06,-8.049750835e-06,2.03176e-08,0.004007614125,0.004007614125,1.70923e-10,0.004007885466,0.004007885465,8.4519e-11
0.03896,-8.001093117e-06,-8.017018468e-06,1.85316e-08,0.004007614205,0.004007614206,2.23193e-10,0.004007885573,0.004007885573,8.717e-11
0.03897,-7.969752946e-06,-7.984202293e-06,1.6814e-08,0.004007614285,0.004007614286,2.69511e-10,0.00400788568,0.00400788568,8.93176e-11
0.03898,-7.938249168e-06,-7.951290416e-06,1.51755e-08,0.004007614364,0.004007614365,3.09987e-10,0.004007885786,0.004007885786,9.09828e-11
0.03899,-7.906562781e-06,-7.918272656e-06,1.36262e-08,0.004007614443,0.004007614445,3.44797e-10,0.004007885892,0.004007885892,9.21935e-11
0.039,-7.874676734e-06,-7.885140549e-06,1.21762e-08,0.004007614522,0.004007614524,3.74181e-10,0.004007885998,0.004007885997,9.29839e-11
0.03901,-7.842575919e-06,-7.851887345e-06,1.08353e-08,0.004007614601,0.004007614602,3.98442e-10,0.004007886103,0.004007886102,9.33922e-11
0.03902,-7.810247166e-06,-7.818508007e-06,9.61274e-09,0.004007614679,0.004007614681,4.17949e-10,0.004007886207,0.004007886207,9.34637e-11
0.03903,-7.777679238e-06,-7.785005071e-06,8.52472e-09,0.004007614757,0.004007614759,4.32981e-10,0.004007886311,0.004007886311,9.32496e-11
0.03904,-7.744926728e-06,-7.751370104e-06,7.49785e-09,0.004007614835,0.004007614837,4.41972e-10,0.004007886415,0.004007886415,9.25415e-11
0.03905,-7.711981115e-06,-7.717589909e-06,6.52668e-09,0.004007614912,0.004007614914,4.45933e-10,0.004007886518,0.004007886518,9.14173e-11
0.03906,-7.678816955e-06,-7.683665704e-06,5.64225e-09,0.004007614989,0.004007614991,4.46297e-10,0.004007886621,0.004007886621,9.00414e-11
0.03907,-7.645438085e-06,-7.649599059e-06,4.84193e-09,0.004007615066,0.004007615068,4.43616e-10,0.004007886723,0.004007886723,8.84648e-11
0.03908,-7.611850926e-06,-7.615391906e-06,4.12047e-09,0.004007615142,0.004007615144,4.38532e-10,0.004007886825,0.004007886825,8.67457e-11
0.03909,-7.578064511e-06,-7.581046529e-06,3.47003e-09,0.004007615218,0.00400761522,4.31769e-10,0.004007886927,0.004007886926,8.49467e-11
0.0391,-7.544090503e-06,-7.54656557e-06,2.88012e-09,0.004007615294,0.004007615296,4.24133e-10,0.004007887027,0.004007887027,8.31348e-11
0.03911,-7.509943213e-06,-7.511952029e-06,2.33756e-09,0.004007615369,0.004007615371,4.16507e-10,0.004007887128,0.004007887128,8.138e-11
0.03912,-7.475639627e-06,-7.477209261e-06,1.82651e-09,0.004007615444,0.004007615446,4.09855e-10,0.004007887228,0.004007887228,7.97572e-11
0.03913,-7.441199422e-06,-7.442340978e-06,1.32837e-09,0.004007615519,0.00400761552,4.05213e-10,0.004007887328,0.004007887327,7.83453e-11
0.03914,-7.406644989e-06,-7.407351249e-06,8.21841e-10,0.004007615593,0.004007615595,4.0369e-10,0.004007887427,0.004007887427,7.72268e-11
0.03915,-7.371855859e-06,-7.3722445e-06,4.52243e-10,0.004007615667,0.004007615668,3.97943e-10,0.004007887526,0.004007887526,7.58678e-11
0.03916,-7.336828327e-06,-7.337025511e-06,2.29453e-10,0.00400761574,0.004007615742,3.87369e-10,0.004007887624,0.004007887624,7.42234e-11
0.03917,-7.301659531e-06,-7.301699421e-06,4.64181e-11,0.004007615814,0.004007615815,3.7718e-10,0.004007887722,0.004007887722,7.26673e-11
0.03918,-7.26636355e-06,-7.266271726e-06,1.06852e-10,0.004007615887,0.004007615888,3.67622e-10,0.00400788782,0.004007887819,7.12124e-11
0.03919,-7.230955463e-06,-7.230748276e-06,2.41094e-10,0.004007615959,0.004007615961,3.58896e-10,0.004007887917,0.004007887917,6.98649e-11
0.0392,-7.195451293e-06,-7.195135281e-06,3.67729e-10,0.004007616031,0.004007616033,3.51156e-10,0.004007888014,0.004007888013,6.86267e-11
0.03921,-7.159867957e-06,-7.159439304e-06,4.98803e-10,0.004007616103,0.004007616104,3.44496e-10,0.00400788811,0.00400788811,6.74931e-11
0.03922,-7.12422321e-06,-7.123667267e-06,6.46924e-10,0.004007616174,0.004007616176,3.38947e-10,0.004007888206,0.004007888206,6.64521e-11
0.03923,-7.088535598e-06,-7.087826448e-06,8.25203e-10,0.004007616246,0.004007616247,3.34472e-10,0.004007888301,0.004007888301,6.54852e-11
0.03924,-7.052824399e-06,-7.051924482e-06,1.04719e-09,0.004007616316,0.004007616318,3.30956e-10,0.004007888396,0.004007888396,6.45659e-11
0.03925,-7.017109575e-06,-7.015969359e-06,1.32681e-09,0.004007616387,0.004007616388,3.28202e-10,0.004007888491,0.004007888491,6.36603e-11
0.03926,-6.981322642e-06,-6.979969427e-06,1.57467e-09,0.004007616457,0.004007616458,3.27759e-10,0.004007888585,0.004007888585,6.30181e-11
0.03927,-6.945438605e-06,-6.943933391e-06,1.75155e-09,0.004007616526,0.004007616528,3.30195e-10,0.004007888679,0.004007888679,6.27379e-11
0.03928,-6.909536591e-06,-6.907870311e-06,1.93897e-09,0.004007616595,0.004007616597,3.33847e-10,0.004007888773,0.004007888772,6.25693e-11
0.03929,-6.873625068e-06,-6.871791999e-06,2.13305e-09,0.004007616664,0.004007616666,3.38455e-10,0.004007888866,0.004007888865,6.25025e-11
0.0393,-6.837711632e-06,-6.835700724e-06,2.34e-09,0.004007616733,0.004007616734,3.43568e-10,0.004007888958,0.004007888958,6.2475e-11
0.03931,-6.801802903e-06,-6.799604066e-06,2.55868e-09,0.004007616801,0.004007616802,3.48742e-10,0.004007889051,0.00400788905,6.24456e-11
0.03932,-6.765904416e-06,-6.763510376e-06,2.78583e-09,0.004007616869,0.00400761687,3.53454e-10,0.004007889142,0.004007889142,6.23683e-11
0.03933,-6.73002052e-06,-6.727427823e-06,3.017e-09,0.004007616936,0.004007616938,3.57078e-10,0.004007889234,0.004007889234,6.21895e-11
0.03934,-6.694154272e-06,-6.691364393e-06,3.24645e-09,0.004007617003,0.004007617005,3.58877e-10,0.004007889325,0.004007889325,6.18457e-11
0.03935,-6.658307329e-06,-6.655327889e-06,3.46703e-09,0.00400761707,0.004007617072,3.58002e-10,0.004007889416,0.004007889415,6.12639e-11
0.03936,-6.622479848e-06,-6.619325935e-06,3.67006e-09,0.004007617136,0.004007617138,3.53486e-10,0.004007889506,0.004007889506,6.0363e-11
0.03937,-6.586720711e-06,-6.583365968e-06,3.90375e-09,0.004007617202,0.004007617204,3.51017e-10,0.004007889596,0.004007889596,5.96292e-11
0.03938,-6.551073241e-06,-6.547455246e-06,4.21009e-09,0.004007617268,0.00400761727,3.55635e-10,0.004007889685,0.004007889685,5.94965e-11
0.03939,-6.515487268e-06,-6.511600843e-06,4.52245e-09,0.004007617333,0.004007617335,3.59895e-10,0.004007889775,0.004007889774,5.93305e-11
0.0394,-6.47996503e-06,-6.475809652e-06,4.83541e-09,0.004007617398,0.0040076174,3.63532e-10,0.004007889863,0.004007889863,5.91099e-11
0.03941,-6.444507605e-06,-6.440088384e-06,5.14243e-09,0.004007617463,0.004007617464,3.66251e-10,0.004007889952,0.004007889952,5.88151e-11
0.03942,-6.409114837e-06,-6.404443565e-06,5.43573e-09,0.004007617527,0.004007617529,3.67728e-10,0.00400789004,0.00400789004,5.84236e-11
0.03943,-6.37378527e-06,-6.368881542e-06,5.70623e-09,0.004007617591,0.004007617592,3.67608e-10,0.004007890128,0.004007890127,5.79112e-11
0.03944,-6.338516078e-06,-6.333408477e-06,5.94347e-09,0.004007617654,0.004007617656,3.65507e-10,0.004007890215,0.004007890215,5.72534e-11
0.03945,-6.303302993e-06,-6.298030353e-06,6.13552e-09,0.004007617718,0.004007617719,3.61005e-10,0.004007890302,0.004007890301,5.64229e-11
0.03946,-6.268140239e-06,-6.262752966e-06,6.26891e-09,0.004007617781,0.004007617782,3.53657e-10,0.004007890388,0.004007890388,5.5393e-11
0.03947,-6.233020457e-06,-6.227581935e-06,6.32855e-09,0.004007617843,0.004007617844,3.42981e-10,0.004007890474,0.004007890474,5.41344e-11
0.03948,-6.198010195e-06,-6.192522692e-06,6.38554e-09,0.004007617905,0.004007617906,3.31515e-10,0.00400789056,0.00400789056,5.28054e-11
0.03949,-6.163211921e-06,-6.15758049e-06,6.55303e-09,0.004007617967,0.004007617968,3.23284e-10,0.004007890646,0.004007890645,5.16539e-11
0.0395,-6.128518197e-06,-6.122760399e-06,6.70007e-09,0.004007618028,0.00400761803,3.13872e-10,0.004007890731,0.004007890731,5.04144e-11
0.03951,-6.093931355e-06,-6.088067304e-06,6.82371e-09,0.004007618089,0.004007618091,3.03338e-10,0.004007890815,0.004007890815,4.90963e-11
0.03952,-6.059453389e-06,-6.053505912e-06,6.92079e-09,0.00400761815,0.004007618151,2.91766e-10,0.0040078909,0.0040078909,4.77112e-11
0.03953,-6.025085948e-06,-6.019080746e-06,6.98797e-09,0.004007618211,0.004007618212,2.79277e-10,0.004007890984,0.004007890984,4.62747e-11
0.03954,-5.99083033e-06,-5.984795553e-06,7.02238e-09,0.004007618271,0.004007618272,2.66081e-10,0.004007891067,0.004007891067,4.48141e-11
0.03955,-5.956687479e-06,-5.950654358e-06,7.02045e-09,0.00400761833,0.004007618331,2.52344e-10,0.004007891151,0.00400789115,4.33526e-11
0.03956,-5.922657978e-06,-5.916662766e-06,6.97634e-09,0.00400761839,0.004007618391,2.38058e-10,0.004007891234,0.004007891233,4.18912e-11
0.03957,-5.888742048e-06,-5.88282397e-06,6.88658e-09,0.004007618449,0.00400761845,2.23486e-10,0.004007891316,0.004007891316,4.04598e-11
0.03958,-5.854939537e-06,-5.849141014e-06,6.74746e-09,0.004007618508,0.004007618508,2.08917e-10,0.004007891398,0.004007891398,3.90933e-11
0.03959,-5.821271315e-06,-5.815616797e-06,6.57989e-09,0.004007618566,0.004007618567,1.93846e-10,0.00400789148,0.00400789148,3.77133e-11
0.0396,-5.787787324e-06,-5.78225407e-06,6.43878e-09,0.004007618624,0.004007618625,1.76662e-10,0.004007891562,0.004007891562,3.60888e-11
0.03961,-5.754447671e-06,-5.749055438e-06,6.27468e-09,0.004007618682,0.004007618682,1.59242e-10,0.004007891643,0.004007891643,3.44713e-11
0.03962,-5.721256704e-06,-5.716023359e-06,6.08979e-09,0.004007618739,0.00400761874,1.41779e-10,0.004007891724,0.004007891724,3.28768e-11
0.03963,-5.688218949e-06,-5.683160144e-06,5.88669e-09,0.004007618796,0.004007618797,1.24477e-10,0.004007891804,0.004007891804,3.13228e-11
0.03964,-5.655339135e-06,-5.650467957e-06,5.66836e-09,0.004007618853,0.004007618853,1.07563e-10,0.004007891884,0.004007891884,2.98285e-11
0.03965,-5.622622207e-06,-5.617948816e-06,5.4382e-09,0.004007618909,0.00400761891,9.12788e-11,0.004007891964,0.004007891964,2.84141e-11
0.03966,-5.590073346e-06,-5.585604592e-06,5.20007e-09,0.004007618965,0.004007618966,7.58884e-11,0.004007892044,0.004007892044,2.71006e-11
0.03967,-5.557697989e-06,-5.553437009e-06,4.9583e-09,0.004007619021,0.004007619021,6.16748e-11,0.004007892123,0.004007892123,2.59121e-11
0.03968,-5.525501847e-06,-5.521447644e-06,4.71768e-09,0.004007619077,0.004007619077,4.89428e-11,0.004007892202,0.004007892201,2.48732e-11
0.03969,-5.493490924e-06,-5.489637928e-06,4.48355e-09,0.004007619132,0.004007619132,3.8022e-11,0.00400789228,0.00400789228,2.401e-11
0.0397,-5.461660592e-06,-5.458009144e-06,4.24901e-09,0.004007619187,0.004007619187,2.82587e-11,0.004007892358,0.004007892358,2.32647e-11
0.03971,-5.429974965e-06,-5.42656243e-06,3.971e-09,0.004007619241,0.004007619241,1.61232e-11,0.004007892436,0.004007892436,2.23277e-11
0.03972,-5.398471084e-06,-5.395298775e-06,3.69146e-09,0.004007619295,0.004007619295,4.78058e-12,0.004007892513,0.004007892513,2.14724e-11
0.03973,-5.36715209e-06,-5.364219024e-06,3.41307e-09,0.004007619349,0.004007619349,5.72452e-12,0.004007892591,0.00400789259,2.0699e-11
0.03974,-5.336021102e-06,-5.333323872e-06,3.13864e-09,0.004007619403,0.004007619402,1.53566e-11,0.004007892667,0.004007892667,2.00079e-11
0.03975,-5.305081222e-06,-5.30261387e-06,2.87114e-09,0.004007619456,0.004007619456,2.40887e-11,0.004007892744,0.004007892744,1.93991e-11
0.03976,-5.274335538e-06,-5.27208942e-06,2.6137e-09,0.004007619509,0.004007619509,3.19037e-11,0.00400789282,0.00400789282,1.88699e-11
0.03977,-5.243787125e-06,-5.24175078e-06,2.3696e-09,0.004007619561,0.004007619561,3.87942e-11,0.004007892896,0.004007892896,1.84179e-11
0.03978,-5.213439045e-06,-5.211598059e-06,2.14227e-09,0.004007619614,0.004007619613,4.47624e-11,0.004007892971,0.004007892971,1.80392e-11
0.03979,-5.183294353e-06,-5.18163122e-06,1.93531e-09,0.004007619666,0.004007619665,4.98205e-11,0.004007893046,0.004007893046,1.77286e-11
0.0398,-5.153356096e-06,-5.151850078e-06,1.75248e-09,0.004007619717,0.004007619717,5.39937e-11,0.004007893121,0.004007893121,1.7481e-11
0.03981,-5.123621677e-06,-5.122254302e-06,1.59115e-09,0.004007619769,0.004007619768,5.73038e-11,0.004007893196,0.004007893196,1.72947e-11
0.03982,-5.094054135e-06,-5.092843417e-06,1.40885e-09,0.00400761982,0.004007619819,5.97103e-11,0.00400789327,0.00400789327,1.72094e-11
0.03983,-5.064683269e-06,-5.063615931e-06,1.24201e-09,0.00400761987,0.00400761987,6.13158e-11,0.004007893344,0.004007893344,1.71868e-11
0.03984,-5.035508695e-06,-5.034570117e-06,1.09218e-09,0.004007619921,0.004007619921,6.21827e-11,0.004007893418,0.004007893418,1.72253e-11
0.03985,-5.006529705e-06,-5.005709795e-06,9.5409e-10,0.004007619971,0.004007619971,6.25e-11,0.004007893491,0.004007893491,1.73018e-11
0.03986,-4.977745251e-06,-4.97703389e-06,8.27776e-10,0.004007620021,0.004007620021,6.23744e-11,0.004007893564,0.004007893564,1.74063e-11
0.03987,-4.949153935e-06,-4.948541319e-06,7.12871e-10,0.004007620071,0.00400762007,6.19322e-11,0.004007893637,0.004007893636,1.75285e-11
0.03988,-4.920753998e-06,-4.920230986e-06,6.08604e-10,0.00400762012,0.00400762012,6.13179e-11,0.004007893709,0.004007893709,1.76554e-11
0.03989,-4.89254331e-06,-4.892101783e-06,5.13784e-10,0.004007620169,0.004007620169,6.06958e-11,0.004007893781,0.004007893781,1.77729e-11
0.0399,-4.864519355e-06,-4.86415259e-06,4.26787e-10,0.004007620218,0.004007620218,6.02499e-11,0.004007893853,0.004007893853,1.78653e-11
0.03991,-4.836679222e-06,-4.836382277e-06,3.45541e-10,0.004007620266,0.004007620266,6.01845e-11,0.004007893924,0.004007893924,1.79157e-11
0.03992,-4.809021114e-06,-4.8087897e-06,2.69286e-10,0.004007620315,0.004007620314,6.05659e-11,0.004007893995,0.004007893995,1.79196e-11
0.03993,-4.781569567e-06,-4.781373706e-06,2.27915e-10,0.004007620363,0.004007620362,5.86883e-11,0.004007894066,0.004007894066,1.80992e-11
0.03994,-4.754302292e-06,-4.754133129e-06,1.96847e-10,0.00400762041,0.00400762041,5.67106e-11,0.004007894137,0.004007894137,1.82778e-11
0.03995,-4.727216806e-06,-4.72706679e-06,1.74566e-10,0.004007620458,0.004007620457,5.46988e-11,0.004007894207,0.004007894207,1.84507e-11
0.03996,-4.700310378e-06,-4.700173502e-06,1.59277e-10,0.004007620505,0.004007620505,5.27205e-11,0.004007894277,0.004007894277,1.86125e-11
0.03997,-4.673580029e-06,-4.673452062e-06,1.48909e-10,0.004007620552,0.004007620551,5.08422e-11,0.004007894346,0.004007894346,1.87594e-11
0.03998,-4.647022523e-06,-4.646901259e-06,1.41109e-10,0.004007620598,0.004007620598,4.91314e-11,0.004007894416,0.004007894416,1.88875e-11
0.03999,-4.620634367e-06,-4.620519869e-06,1.33236e-10,0.004007620645,0.004007620644,4.76532e-11,0.004007894485,0.004007894485,1.89936e-11
0.04,-4.594411808e-06,-4.594306655e-06,1.22363e-10,0.004007620691,0.00400762069,4.64724e-11,0.004007894553,0.004007894553,1.90736e-11
0.04001,-4.568350831e-06,-4.56826037e-06,1.05266e-10,0.004007620736,0.004007620736,4.56504e-11,0.004007894622,0.004007894622,1.91264e-11
0.04002,-4.542447152e-06,-4.542379755e-06,7.84275e-11,0.004007620782,0.004007620782,4.52481e-11,0.00400789469,0.00400789469,1.91485e-11
0.04003,-4.51669622e-06,-4.516663539e-06,3.80291e-11,0.004007620827,0.004007620827,4.53209e-11,0.004007894758,0.004007894758,1.9139e-11
0.04004,-4.49114107e-06,-4.491110441e-06,3.5641e-11,0.004007620872,0.004007620872,4.50455e-11,0.004007894826,0.004007894825,1.912e-11
0.04005,-4.465747752e-06,-4.465719166e-06,3.32642e-11,0.004007620917,0.004007620917,4.49997e-11,0.004007894893,0.004007894893,1.90768e-11
0.04006,-4.440513567e-06,-4.440488408e-06,2.92758e-11,0.004007620962,0.004007620961,4.51787e-11,0.00400789496,0.00400789496,1.90121e-11
0.04007,-4.415436541e-06,-4.41541685e-06,2.29131e-11,0.004007621006,0.004007621006,4.55535e-11,0.004007895027,0.004007895026,1.89295e-11
0.04008,-4.390514757e-06,-4.390503164e-06,1.34906e-11,0.00400762105,0.00400762105,4.60848e-11,0.004007895093,0.004007895093,1.88326e-11
0.04009,-4.365746363e-06,-4.365746008e-06,4.12367e-13,0.004007621094,0.004007621094,4.67197e-11,0.004007895159,0.004007895159,1.87277e-11
0.0401,-4.34112958e-06,-4.341144031e-06,1.68158e-11,0.004007621137,0.004007621137,4.73914e-11,0.004007895225,0.004007895225,1.86212e-11
0.04011,-4.316662719e-06,-4.316695869e-06,3.85744e-11,0.004007621181,0.00400762118,4.80199e-11,0.004007895291,0.00400789529,1.85214e-11
0.04012,-4.292344186e-06,-4.292400146e-06,6.5118e-11,0.004007621224,0.004007621223,4.85101e-11,0.004007895356,0.004007895356,1.84373e-11
0.04013,-4.268172492e-06,-4.268255475e-06,9.65629e-11,0.004007621266,0.004007621266,4.8751e-11,0.004007895421,0.004007895421,1.838e-11
0.04014,-4.244146269e-06,-4.244260457e-06,1.32875e-10,0.004007621309,0.004007621309,4.86154e-11,0.004007895486,0.004007895486,1.83611e-11
0.04015,-4.220265763e-06,-4.220413682e-06,1.72127e-10,0.004007621351,0.004007621351,4.9732e-11,0.00400789555,0.00400789555,1.82212e-11
0.04016,-4.196529126e-06,-4.196713728e-06,2.14813e-10,0.004007621393,0.004007621393,5.10512e-11,0.004007895614,0.004007895614,1.80624e-11
0.04017,-4.172935392e-06,-4.173159162e-06,2.60391e-10,0.004007621435,0.004007621435,5.23774e-11,0.004007895678,0.004007895678,1.79029e-11
0.04018,-4.14948389e-06,-4.149748537e-06,3.07958e-10,0.004007621477,0.004007621477,5.36591e-11,0.004007895742,0.004007895742,1.77471e-11
0.04019,-4.126174131e-06,-4.126480398e-06,3.56388e-10,0.004007621518,0.004007621518,5.48374e-11,0.004007895805,0.004007895805,1.75994e-11
0.0402,-4.103005819e-06,-4.103353274e-06,4.04317e-10,0.004007621559,0.004007621559,5.58479e-11,0.004007895868,0.004007895868,1.74644e-11
0.04021,-4.079978861e-06,-4.080365681e-06,4.50124e-10,0.0040076216,0.0040076216,5.66216e-11,0.004007895931,0.004007895931,1.73486e-11
0.04022,-4.057093375e-06,-4.057516267e-06,4.92099e-10,0.004007621641,0.004007621641,5.71192e-11,0.004007895994,0.004007895994,1.72692e-11
0.04023,-4.034349709e-06,-4.034804046e-06,5.2869e-10,0.004007621681,0.004007621681,5.71846e-11,0.004007896056,0.004007896056,1.72211e-11
0.04024,-4.011748442e-06,-4.012227778e-06,5.5778e-10,0.004007621722,0.004007621721,5.67314e-11,0.004007896118,0.004007896118,1.72102e-11
0.04025,-3.989290403e-06,-3.989786244e-06,5.76986e-10,0.004007621762,0.004007621761,5.56662e-11,0.00400789618,0.00400789618,1.72445e-11
0.04026,-3.966940626e-06,-3.967478239e-06,6.25594e-10,0.004007621801,0.004007621801,5.54723e-11,0.004007896241,0.004007896241,1.72258e-11
0.04027,-3.944714115e-06,-3.945302573e-06,6.8476e-10,0.004007621841,0.004007621841,5.5435e-11,0.004007896303,0.004007896303,1.72017e-11
0.04028,-3.922615544e-06,-3.923258076e-06,7.47684e-10,0.00400762188,0.00400762188,5.52999e-11,0.004007896364,0.004007896364,1.71906e-11
0.04029,-3.900643507e-06,-3.901343591e-06,8.14653e-10,0.00400762192,0.004007621919,5.50815e-11,0.004007896424,0.004007896424,1.71921e-11
0.0403,-3.878796593e-06,-3.879557978e-06,8.85987e-10,0.004007621958,0.004007621958,5.47982e-11,0.004007896485,0.004007896485,1.72053e-11
0.04031,-3.857073379e-06,-3.857900116e-06,9.62034e-10,0.004007621997,0.004007621997,5.44732e-11,0.004007896545,0.004007896545,1.72283e-11
0.04032,-3.835472434e-06,-3.836368897e-06,1.04317e-09,0.004007622036,0.004007622035,5.41329e-11,0.004007896605,0.004007896605,1.72594e-11
0.04033,-3.813992311e-06,-3.814963231e-06,1.12981e-09,0.004007622074,0.004007622074,5.381e-11,0.004007896665,0.004007896665,1.72962e-11
0.04034,-3.792631555e-06,-3.793682045e-06,1.2224e-09,0.004007622112,0.004007622112,5.35412e-11,0.004007896724,0.004007896724,1.7336e-11
0.04035,-3.771388691e-06,-3.772524279e-06,1.32143e-09,0.00400762215,0.004007622149,5.3369e-11,0.004007896783,0.004007896783,1.73756e-11
0.04036,-3.750262231e-06,-3.751488895e-06,1.42741e-09,0.004007622187,0.004007622187,5.33415e-11,0.004007896842,0.004007896842,1.74099e-11
0.04037,-3.729250666e-06,-3.730574866e-06,1.54091e-09,0.004007622225,0.004007622225,5.35127e-11,0.004007896901,0.004007896901,1.74357e-11
0.04038,-3.70835247e-06,-3.709781184e-06,1.66252e-09,0.004007622262,0.004007622262,5.39439e-11,0.004007896959,0.004007896959,1.74467e-11
0.04039,-3.687566096e-06,-3.689106857e-06,1.79291e-09,0.004007622299,0.004007622299,5.47026e-11,0.004007897018,0.004007897018,1.74374e-11
0.0404,-3.666889973e-06,-3.668550909e-06,1.93275e-09,0.004007622336,0.004007622335,5.58622e-11,0.004007897076,0.004007897075,1.74008e-11
0.04041,-3.646322508e-06,-3.648112381e-06,2.08279e-09,0.004007622372,0.004007622372,5.75049e-11,0.004007897133,0.004007897133,1.73307e-11
0.04042,-3.625862082e-06,-3.62779033e-06,2.24381e-09,0.004007622409,0.004007622408,5.97208e-11,0.004007897191,0.004007897191,1.72177e-11
0.04043,-3.605507049e-06,-3.607583828e-06,2.41665e-09,0.004007622445,0.004007622445,6.26069e-11,0.004007897248,0.004007897248,1.70537e-11
0.04044,-3.585255736e-06,-3.587491967e-06,2.60219e-09,0.004007622481,0.004007622481,6.62698e-11,0.004007897305,0.004007897305,1.68294e-11
0.04045,-3.565106439e-06,-3.567513852e-06,2.80139e-09,0.004007622517,0.004007622516,7.08242e-11,0.004007897362,0.004007897361,1.65341e-11
0.04046,-3.545057423e-06,-3.547648605e-06,3.01523e-09,0.004007622552,0.004007622552,7.63927e-11,0.004007897418,0.004007897418,1.61567e-11
0.04047,-3.525106923e-06,-3.527895365e-06,3.24478e-09,0.004007622588,0.004007622587,8.31099e-11,0.004007897474,0.004007897474,1.56849e-11
0.04048,-3.50530449e-06,-3.508253287e-06,3.43137e-09,0.004007622623,0.004007622623,8.64482e-11,0.00400789753,0.00400789753,1.5495e-11
0.04049,-3.485636081e-06,-3.488721542e-06,3.5904e-09,0.004007622658,0.004007622657,8.76708e-11,0.004007897586,0.004007897586,1.54812e-11
0.0405,-3.46608048e-06,-3.469299319e-06,3.74561e-09,0.004007622693,0.004007622692,8.86992e-11,0.004007897642,0.004007897641,1.5481e-11
0.04051,-3.446638123e-06,-3.449985822e-06,3.89556e-09,0.004007622727,0.004007622727,8.94944e-11,0.004007897697,0.004007897697,1.5498e-11
0.04052,-3.427309561e-06,-3.430780271e-06,4.0387e-09,0.004007622762,0.004007622761,9.00137e-11,0.004007897752,0.004007897752,1.55331e-11
0.04053,-3.408095468e-06,-3.411681903e-06,4.17336e-09,0.004007622796,0.004007622795,9.02108e-11,0.004007897807,0.004007897807,1.55891e-11
0.04054,-3.388996637e-06,-3.392689971e-06,4.29776e-09,0.00400762283,0.00400762283,9.00369e-11,0.004007897861,0.004007897861,1.56691e-11
0.04055,-3.370013989e-06,-3.373803745e-06,4.40996e-09,0.004007622864,0.004007622863,8.94382e-11,0.004007897916,0.004007897915,1.5776e-11
0.04056,-3.351148574e-06,-3.355022512e-06,4.50791e-09,0.004007622897,0.004007622897,8.83598e-11,0.00400789797,0.00400789797,1.59121e-11
0.04057,-3.332401575e-06,-3.336345573e-06,4.58944e-09,0.004007622931,0.00400762293,8.67392e-11,0.004007898024,0.004007898023,1.60817e-11
0.04058,-3.31377431e-06,-3.317772247e-06,4.65221e-09,0.004007622964,0.004007622964,8.45152e-11,0.004007898077,0.004007898077,1.6288e-11
0.04059,-3.295268236e-06,-3.299301869e-06,4.69374e-09,0.004007622997,0.004007622997,8.16189e-11,0.004007898131,0.004007898131,1.65352e-11
0.0406,-3.276884952e-06,-3.280934731e-06,4.71253e-09,0.00400762303,0.00400762303,7.80271e-11,0.004007898184,0.004007898184,1.68473e-11
0.04061,-3.258626202e-06,-3.262668967e-06,4.70437e-09,0.004007623063,0.004007623062,7.35902e-11,0.004007898237,0.004007898237,1.72057e-11
0.04062,-3.24049388e-06,-3.244503886e-06,4.66625e-09,0.004007623095,0.004007623095,6.82207e-11,0.00400789829,0.004007898289,1.76141e-11
0.04063,-3.222490029e-06,-3.226438916e-06,4.59513e-09,0.004007623128,0.004007623127,6.18325e-11,0.004007898342,0.004007898342,1.80777e-11
0.04064,-3.204616849e-06,-3.208473493e-06,4.48779e-09,0.00400762316,0.004007623159,5.43334e-11,0.004007898394,0.004007898394,1.86038e-11
0.04065,-3.186876696e-06,-3.190607055e-06,4.34084e-09,0.004007623192,0.004007623191,4.5627e-11,0.004007898446,0.004007898446,1.91975e-11
0.04066,-3.169272088e-06,-3.172839043e-06,4.15069e-09,0.004007623223,0.004007623223,3.56095e-11,0.004007898498,0.004007898498,1.9866e-11
0.04067,-3.151805709e-06,-3.155168904e-06,3.91359e-09,0.004007623255,0.004007623255,2.41741e-11,0.00400789855,0.00400789855,2.06151e-11
0.04068,-3.13435332e-06,-3.137596087e-06,3.77345e-09,0.004007623286,0.004007623286,1.61243e-11,0.004007898601,0.004007898601,2.11535e-11
0.04069,-3.116968564e-06,-3.120120048e-06,3.66723e-09,0.004007623318,0.004007623318,9.3811e-12,0.004007898652,0.004007898652,2.16061e-11
0.0407,-3.09968988e-06,-3.102740243e-06,3.54956e-09,0.004007623349,0.004007623349,2.4551e-12,0.004007898703,0.004007898703,2.20642e-11
0.04071,-3.082516275e-06,-3.085456134e-06,3.42097e-09,0.00400762338,0.00400762338,4.61755e-12,0.004007898754,0.004007898754,2.25247e-11
0.04072,-3.065446686e-06,-3.068267189e-06,3.28208e-09,0.00400762341,0.004007623411,1.1796e-11,0.004007898805,0.004007898805,2.29847e-11
0.04073,-3.048479966e-06,-3.051172875e-06,3.13361e-09,0.004007623441,0.004007623441,1.90353e-11,0.004007898855,0.004007898855,2.34407e-11
0.04074,-3.031614891e-06,-3.034172667e-06,2.97636e-09,0.004007623471,0.004007623472,2.62867e-11,0.004007898905,0.004007898905,2.3889e-11
0.04075,-3.014850148e-06,-3.017266042e-06,2.81126e-09,0.004007623502,0.004007623502,3.34983e-11,0.004007898955,0.004007898955,2.43242e-11
0.04076,-2.998184336e-06,-3.000452483e-06,2.63933e-09,0.004007623532,0.004007623532,4.06114e-11,0.004007899005,0.004007899005,2.47442e-11
0.04077,-2.981615964e-06,-2.983731474e-06,2.46172e-09,0.004007623562,0.004007623562,4.75644e-11,0.004007899054,0.004007899054,2.51417e-11
0.04078,-2.965143441e-06,-2.967102505e-06,2.27967e-09,0.004007623591,0.004007623592,5.4291e-11,0.004007899103,0.004007899103,2.55121e-11
0.04079,-2.948765082e-06,-2.950565069e-06,2.09456e-09,0.004007623621,0.004007623621,6.07194e-11,0.004007899153,0.004007899152,2.58503e-11
0.0408,-2.932479095e-06,-2.934118665e-06,1.90789e-09,0.00400762365,0.004007623651,6.6773e-11,0.004007899201,0.004007899201,2.61499e-11
0.04081,-2.916283585e-06,-2.917762792e-06,1.72128e-09,0.00400762368,0.00400762368,7.23694e-11,0.00400789925,0.00400789925,2.64032e-11
0.04082,-2.900176546e-06,-2.901496957e-06,1.5365e-09,0.004007623709,0.004007623709,7.74215e-11,0.004007899298,0.004007899298,2.66048e-11
0.04083,-2.88415586e-06,-2.885320668e-06,1.35543e-09,0.004007623738,0.004007623738,8.18369e-11,0.004007899347,0.004007899347,2.67464e-11
0.04084,-2.868219293e-06,-2.869233439e-06,1.18011e-09,0.004007623766,0.004007623767,8.55167e-11,0.004007899395,0.004007899395,2.68205e-11
0.04085,-2.852364489e-06,-2.853234786e-06,1.01272e-09,0.004007623795,0.004007623795,8.83561e-11,0.004007899442,0.004007899442,2.6819e-11
0.04086,-2.836588972e-06,-2.837324232e-06,8.55586e-10,0.004007623823,0.004007623824,9.02447e-11,0.00400789949,0.00400789949,2.67325e-11
0.04087,-2.820890139e-06,-2.8215013e-06,7.11179e-10,0.004007623852,0.004007623852,9.10658e-11,0.004007899537,0.004007899537,2.65527e-11
0.04088,-2.805326582e-06,-2.805765519e-06,5.1077e-10,0.00400762388,0.00400762388,9.48256e-11,0.004007899585,0.004007899585,2.66018e-11
0.04089,-2.789863288e-06,-2.790116423e-06,2.94562e-10,0.004007623908,0.004007623908,9.92297e-11,0.004007899632,0.004007899632,2.66966e-11
0.0409,-2.77448573e-06,-2.774553549e-06,7.89175e-11,0.004007623936,0.004007623936,1.03366e-10,0.004007899678,0.004007899678,2.67628e-11
0.04091,-2.75919254e-06,-2.759076436e-06,1.35105e-10,0.004007623963,0.004007623964,1.07211e-10,0.004007899725,0.004007899725,2.67996e-11
0.04092,-2.743982303e-06,-2.74368463e-06,3.46389e-10,0.004007623991,0.004007623991,1.1074e-10,0.004007899771,0.004007899771,2.68058e-11
0.04093,-2.728853558e-06,-2.728377679e-06,5.53758e-10,0.004007624018,0.004007624018,1.13929e-10,0.004007899818,0.004007899818,2.678e-11
0.04094,-2.713804792e-06,-2.713155135e-06,7.55974e-10,0.004007624045,0.004007624046,1.16751e-10,0.004007899864,0.004007899864,2.67215e-11
0.04095,-2.698834446e-06,-2.698016557e-06,9.51738e-10,0.004007624072,0.004007624073,1.19182e-10,0.004007899909,0.004007899909,2.66284e-11
0.04096,-2.683940907e-06,-2.682961503e-06,1.13969e-09,0.004007624099,0.0040076241,1.21196e-10,0.004007899955,0.004007899955,2.65001e-11
0.04097,-2.669122513e-06,-2.667989538e-06,1.31839e-09,0.004007624126,0.004007624126,1.22765e-10,0.004007900001,0.0040079,2.63359e-11
0.04098,-2.654377547e-06,-2.65310023e-06,1.48635e-09,0.004007624153,0.004007624153,1.23863e-10,0.004007900046,0.004007900046,2.61343e-11
0.04099,-2.639704237e-06,-2.638293153e-06,1.64201e-09,0.004007624179,0.004007624179,1.2446e-10,0.004007900091,0.004007900091,2.58953e-11
0.041,-2.625100759e-06,-2.623567881e-06,1.78374e-09,0.004007624205,0.004007624206,1.2453e-10,0.004007900136,0.004007900136,2.56181e-11
0.04101,-2.61056523e-06,-2.608923996e-06,1.90983e-09,0.004007624231,0.004007624232,1.24042e-10,0.00400790018,0.00400790018,2.5302e-11
0.04102,-2.596095711e-06,-2.594361081e-06,2.01851e-09,0.004007624257,0.004007624258,1.22969e-10,0.004007900225,0.004007900225,2.49462e-11
0.04103,-2.581690203e-06,-2.579878724e-06,2.10793e-09,0.004007624283,0.004007624284,1.21278e-10,0.004007900269,0.004007900269,2.45511e-11
0.04104,-2.567346648e-06,-2.565476517e-06,2.17618e-09,0.004007624309,0.00400762431,1.1894e-10,0.004007900313,0.004007900313,2.41162e-11
0.04105,-2.553062928e-06,-2.551154057e-06,2.22126e-09,0.004007624335,0.004007624335,1.15924e-10,0.004007900357,0.004007900357,2.36412e-11
0.04106,-2.538836862e-06,-2.536910943e-06,2.2411e-09,0.00400762436,0.004007624361,1.12198e-10,0.004007900401,0.004007900401,2.31271e-11
0.04107,-2.524666208e-06,-2.522746779e-06,2.23355e-09,0.004007624385,0.004007624386,1.07728e-10,0.004007900444,0.004007900444,2.25732e-11
0.04108,-2.510627015e-06,-2.50866125e-06,2.28747e-09,0.004007624411,0.004007624411,1.04484e-10,0.004007900488,0.004007900487,2.20646e-11
0.04109,-2.496667801e-06,-2.49465421e-06,2.34312e-09,0.004007624436,0.004007624436,1.0116e-10,0.004007900531,0.004007900531,2.15637e-11
0.0411,-2.482777574e-06,-2.480724912e-06,2.38858e-09,0.004007624461,0.004007624461,9.75344e-11,0.004007900574,0.004007900574,2.10394e-11
0.04111,-2.468955872e-06,-2.466872953e-06,2.42379e-09,0.004007624485,0.004007624486,9.36254e-11,0.004007900616,0.004007900616,2.04944e-11
0.04112,-2.455202278e-06,-2.453097932e-06,2.44873e-09,0.00400762451,0.00400762451,8.94531e-11,0.004007900659,0.004007900659,1.99317e-11
0.04113,-2.441516414e-06,-2.439399449e-06,2.46341e-09,0.004007624534,0.004007624535,8.50414e-11,0.004007900701,0.004007900701,1.93555e-11
0.04114,-2.427897947e-06,-2.425777104e-06,2.46792e-09,0.004007624559,0.004007624559,8.04162e-11,0.004007900744,0.004007900744,1.87685e-11
0.04115,-2.41434659e-06,-2.412230502e-06,2.46239e-09,0.004007624583,0.004007624583,7.56052e-11,0.004007900786,0.004007900786,1.81752e-11
0.04116,-2.400862102e-06,-2.398759244e-06,2.44699e-09,0.004007624607,0.004007624607,7.06398e-11,0.004007900828,0.004007900828,1.75787e-11
0.04117,-2.387444289e-06,-2.385362936e-06,2.42197e-09,0.004007624631,0.004007624631,6.5554e-11,0.004007900869,0.004007900869,1.69835e-11
0.04118,-2.37409301e-06,-2.372041186e-06,2.38761e-09,0.004007624655,0.004007624655,6.03831e-11,0.004007900911,0.004007900911,1.63932e-11
0.04119,-2.360808171e-06,-2.358793599e-06,2.34426e-09,0.004007624678,0.004007624679,5.51679e-11,0.004007900952,0.004007900952,1.58122e-11
0.0412,-2.347589733e-06,-2.345619786e-06,2.29233e-09,0.004007624702,0.004007624702,4.99495e-11,0.004007900993,0.004007900993,1.52453e-11
0.04121,-2.334437711e-06,-2.332519357e-06,2.2323e-09,0.004007624725,0.004007624726,4.47735e-11,0.004007901034,0.004007901034,1.46963e-11
0.04122,-2.321352173e-06,-2.319491923e-06,2.16468e-09,0.004007624749,0.004007624749,3.96881e-11,0.004007901075,0.004007901075,1.41709e-11
0.04123,-2.308333247e-06,-2.306537097e-06,2.09009e-09,0.004007624772,0.004007624772,3.47439e-11,0.004007901116,0.004007901116,1.36738e-11
0.04124,-2.295381116e-06,-2.293654494e-06,2.00919e-09,0.004007624795,0.004007624795,2.99956e-11,0.004007901156,0.004007901156,1.32101e-11
0.04125,-2.282496024e-06,-2.280843728e-06,1.9227e-09,0.004007624818,0.004007624818,2.55007e-11,0.004007901197,0.004007901196,1.27861e-11
0.04126,-2.269678278e-06,-2.268104417e-06,1.83143e-09,0.00400762484,0.004007624841,2.13197e-11,0.004007901237,0.004007901237,1.24065e-11
0.04127,-2.256928244e-06,-2.255436178e-06,1.73624e-09,0.004007624863,0.004007624863,1.7516e-11,0.004007901277,0.004007901277,1.20782e-11
0.04128,-2.244233224e-06,-2.242838632e-06,1.62282e-09,0.004007624886,0.004007624886,1.21005e-11,0.004007901316,0.004007901316,1.15901e-11
0.04129,-2.231603075e-06,-2.230311398e-06,1.50306e-09,0.004007624908,0.004007624908,6.60972e-12,0.004007901356,0.004007901356,1.1103e-11
0.0413,-2.219038887e-06,-2.2178541e-06,1.37868e-09,0.00400762493,0.00400762493,1.19999e-12,0.004007901395,0.004007901395,1.06327e-11
0.04131,-2.206540972e-06,-2.205466359e-06,1.25048e-09,0.004007624952,0.004007624952,4.10035e-12,0.004007901435,0.004007901435,1.0181e-11
0.04132,-2.194109691e-06,-2.193147801e-06,1.11931e-09,0.004007624974,0.004007624974,9.2634e-12,0.004007901474,0.004007901474,9.74968e-12
0.04133,-2.181745461e-06,-2.180898051e-06,9.8609e-10,0.004007624996,0.004007624996,1.42602e-11,0.004007901513,0.004007901513,9.33967e-12
0.04134,-2.169448754e-06,-2.168716737e-06,8.51812e-10,0.004007625018,0.004007625018,1.9061e-11,0.004007901552,0.004007901552,8.95435e-12
0.04135,-2.157220094e-06,-2.156603487e-06,7.17515e-10,0.00400762504,0.00400762504,2.36352e-11,0.00400790159,0.00400790159,8.59436e-12
0.04136,-2.145060064e-06,-2.144557932e-06,5.84308e-10,0.004007625061,0.004007625061,2.79509e-11,0.004007901629,0.004007901629,8.26119e-12
0.04137,-2.132969305e-06,-2.132579701e-06,4.53364e-10,0.004007625083,0.004007625083,3.19763e-11,0.004007901667,0.004007901667,7.95783e-12
0.04138,-2.120948516e-06,-2.120668427e-06,3.25926e-10,0.004007625104,0.004007625104,3.56772e-11,0.004007901705,0.004007901705,7.68513e-12
0.04139,-2.108998454e-06,-2.108823745e-06,2.033e-10,0.004007625125,0.004007625125,3.90202e-11,0.004007901743,0.004007901743,7.44521e-12
0.0414,-2.097119938e-06,-2.097045289e-06,8.6866e-11,0.004007625146,0.004007625146,4.19706e-11,0.004007901781,0.004007901781,7.23999e-12
0.04141,-2.085313849e-06,-2.085332695e-06,2.19297e-11,0.004007625167,0.004007625167,4.44921e-11,0.004007901818,0.004007901818,7.07138e-12
0.04142,-2.07358113e-06,-2.073685601e-06,1.21568e-10,0.004007625188,0.004007625188,4.65492e-11,0.004007901856,0.004007901856,6.94152e-12
0.04143,-2.061922788e-06,-2.062103646e-06,2.10456e-10,0.004007625209,0.004007625208,4.81034e-11,0.004007901893,0.004007901893,6.85147e-12
0.04144,-2.050339893e-06,-2.05058647e-06,2.86929e-10,0.004007625229,0.004007625229,4.91171e-11,0.00400790193,0.00400790193,6.80443e-12
0.04145,-2.038833584e-06,-2.039133714e-06,3.49246e-10,0.00400762525,0.004007625249,4.95513e-11,0.004007901967,0.004007901967,6.80166e-12
0.04146,-2.027405065e-06,-2.027745021e-06,3.95591e-10,0.00400762527,0.00400762527,4.9367e-11,0.004007902004,0.004007902004,6.84551e-12
0.04147,-2.016055606e-06,-2.016420036e-06,4.2407e-10,0.00400762529,0.00400762529,4.85229e-11,0.004007902041,0.004007902041,6.93769e-12
0.04148,-2.004716654e-06,-2.005158404e-06,5.14042e-10,0.00400762531,0.00400762531,4.91516e-11,0.004007902077,0.004007902077,6.93791e-12
0.04149,-1.993444739e-06,-1.99395977e-06,5.99317e-10,0.00400762533,0.00400762533,4.94972e-11,0.004007902114,0.004007902114,6.96068e-12
0.0415,-1.982239957e-06,-1.982823785e-06,6.79372e-10,0.00400762535,0.00400762535,4.95596e-11,0.00400790215,0.00400790215,7.0056e-12
0.04151,-1.971102264e-06,-1.971750095e-06,7.5385e-10,0.00400762537,0.00400762537,4.93459e-11,0.004007902186,0.004007902186,7.0716e-12
0.04152,-1.960031603e-06,-1.960738353e-06,8.2241e-10,0.00400762539,0.004007625389,4.88628e-11,0.004007902222,0.004007902222,7.15718e-12
0.04153,-1.949027905e-06,-1.94978821e-06,8.84731e-10,0.004007625409,0.004007625409,4.81208e-11,0.004007902258,0.004007902258,7.26213e-12
0.04154,-1.938091082e-06,-1.938899319e-06,9.40507e-10,0.004007625429,0.004007625428,4.71328e-11,0.004007902293,0.004007902293,7.38454e-12
0.04155,-1.927221034e-06,-1.928071335e-06,9.89454e-10,0.004007625448,0.004007625448,4.59113e-11,0.004007902329,0.004007902329,7.52227e-12
0.04156,-1.916417643e-06,-1.917303913e-06,1.03131e-09,0.004007625467,0.004007625467,4.44747e-11,0.004007902364,0.004007902364,7.67512e-12
0.04157,-1.905680774e-06,-1.906596711e-06,1.06583e-09,0.004007625486,0.004007625486,4.28401e-11,0.004007902399,0.004007902399,7.84011e-12
0.04158,-1.895010272e-06,-1.895949448e-06,1.09287e-09,0.004007625505,0.004007625505,4.10407e-11,0.004007902434,0.004007902434,8.02447e-12
0.04159,-1.884405964e-06,-1.885361918e-06,1.1124e-09,0.004007625524,0.004007625524,3.91147e-11,0.004007902469,0.004007902469,8.23544e-12
0.0416,-1.873867654e-06,-1.874833608e-06,1.12403e-09,0.004007625543,0.004007625543,3.70461e-11,0.004007902504,0.004007902504,8.44428e-12
0.04161,-1.863395127e-06,-1.86436419e-06,1.12765e-09,0.004007625562,0.004007625561,3.48643e-11,0.004007902538,0.004007902538,8.64928e-12
0.04162,-1.852988145e-06,-1.853953337e-06,1.12315e-09,0.00400762558,0.00400762558,3.26016e-11,0.004007902573,0.004007902573,8.84812e-12
0.04163,-1.842646444e-06,-1.843600722e-06,1.11045e-09,0.004007625599,0.004007625599,3.02913e-11,0.004007902607,0.004007902607,9.03822e-12
0.04164,-1.832369739e-06,-1.833306023e-06,1.08951e-09,0.004007625617,0.004007625617,2.79703e-11,0.004007902641,0.004007902641,9.21641e-12
0.04165,-1.822157718e-06,-1.823068916e-06,1.06032e-09,0.004007625635,0.004007625635,2.56769e-11,0.004007902675,0.004007902675,9.3799e-12
0.04166,-1.812010042e-06,-1.81288908e-06,1.02289e-09,0.004007625653,0.004007625653,2.34538e-11,0.004007902709,0.004007902709,9.52509e-12
0.04167,-1.801925803e-06,-1.802766196e-06,9.77924e-10,0.004007625672,0.004007625671,2.12673e-11,0.004007902743,0.004007902743,9.65665e-12
0.04168,-1.791895882e-06,-1.792699946e-06,9.3565e-10,0.00400762569,0.004007625689,1.7923e-11,0.004007902776,0.004007902776,9.9036e-12
0.04169,-1.781927084e-06,-1.782690013e-06,8.87784e-10,0.004007625707,0.004007625707,1.44992e-11,0.00400790281,0.00400790281,1.01512e-11
0.0417,-1.772018744e-06,-1.772736083e-06,8.34733e-10,0.004007625725,0.004007625725,1.10202e-11,0.004007902843,0.004007902843,1.03979e-11
0.04171,-1.762170155e-06,-1.762837842e-06,7.76955e-10,0.004007625743,0.004007625743,7.50897e-12,0.004007902876,0.004007902876,1.06425e-11
0.04172,-1.752380567e-06,-1.752994978e-06,7.1496e-10,0.00400762576,0.00400762576,3.99201e-12,0.004007902909,0.004007902909,1.08831e-11
0.04173,-1.742649183e-06,-1.743207181e-06,6.49315e-10,0.004007625778,0.004007625778,4.96554e-13,0.004007902942,0.004007902942,1.11177e-11
0.04174,-1.732975161e-06,-1.733474143e-06,5.80642e-10,0.004007625795,0.004007625795,2.94953e-12,0.004007902975,0.004007902975,1.13442e-11
0.04175,-1.723357608e-06,-1.723795556e-06,5.09619e-10,0.004007625812,0.004007625812,6.316e-12,0.004007903007,0.004007903007,1.15609e-11
0.04176,-1.713795585e-06,-1.714171114e-06,4.36984e-10,0.00400762583,0.00400762583,9.57074e-12,0.00400790304,0.00400790304,1.17657e-11
0.04177,-1.704288102e-06,-1.704600513e-06,3.63537e-10,0.004007625847,0.004007625847,1.26822e-11,0.004007903072,0.004007903072,1.19554e-11
0.04178,-1.694834117e-06,-1.695083451e-06,2.90138e-10,0.004007625864,0.004007625864,1.56152e-11,0.004007903104,0.004007903104,1.2128e-11
0.04179,-1.685432535e-06,-1.685619626e-06,2.17709e-10,0.004007625881,0.004007625881,1.83338e-11,0.004007903136,0.004007903136,1.22817e-11
0.0418,-1.676082206e-06,-1.676208739e-06,1.47241e-10,0.004007625897,0.004007625897,2.07999e-11,0.004007903168,0.004007903168,1.24131e-11
0.04181,-1.666781926e-06,-1.666850492e-06,7.97875e-11,0.004007625914,0.004007625914,2.29749e-11,0.0040079032,0.0040079032,1.25195e-11
0.04182,-1.657530434e-06,-1.657544588e-06,1.64709e-11,0.004007625931,0.004007625931,2.48181e-11,0.004007903231,0.004007903231,1.25979e-11
0.04183,-1.648326411e-06,-1.648290733e-06,4.15172e-11,0.004007625947,0.004007625947,2.62865e-11,0.004007903263,0.004007903263,1.26456e-11
0.04184,-1.63916848e-06,-1.639088632e-06,9.29145e-11,0.004007625964,0.004007625964,2.73362e-11,0.004007903294,0.004007903294,1.2659e-11
0.04185,-1.630055201e-06,-1.629937995e-06,1.36387e-10,0.00400762598,0.00400762598,2.79211e-11,0.004007903325,0.004007903325,1.26358e-11
0.04186,-1.620985075e-06,-1.62083853e-06,1.70527e-10,0.004007625996,0.004007625996,2.79939e-11,0.004007903356,0.004007903356,1.25719e-11
0.04187,-1.611962392e-06,-1.611789948e-06,2.00664e-10,0.004007626012,0.004007626013,2.77693e-11,0.004007903387,0.004007903387,1.24827e-11
0.04188,-1.603026271e-06,-1.602791963e-06,2.72652e-10,0.004007626029,0.004007626029,2.90379e-11,0.004007903418,0.004007903418,1.24916e-11
0.04189,-1.594139256e-06,-1.593844289e-06,3.43239e-10,0.004007626044,0.004007626045,3.01306e-11,0.004007903449,0.004007903449,1.24835e-11
0.0419,-1.585300703e-06,-1.584946641e-06,4.12005e-10,0.00400762606,0.00400762606,3.10415e-11,0.004007903479,0.004007903479,1.24582e-11
0.04191,-1.57650996e-06,-1.576098737e-06,4.7852e-10,0.004007626076,0.004007626076,3.17682e-11,0.00400790351,0.00400790351,1.24161e-11
0.04192,-1.567766366e-06,-1.567300295e-06,5.42345e-10,0.004007626092,0.004007626092,3.23071e-11,0.00400790354,0.00400790354,1.23565e-11
0.04193,-1.55906926e-06,-1.558551036e-06,6.03032e-10,0.004007626108,0.004007626108,3.2657e-11,0.00400790357,0.00400790357,1.22807e-11
0.04194,-1.550417969e-06,-1.549850681e-06,6.60125e-10,0.004007626123,0.004007626123,3.28158e-11,0.0040079036,0.0040079036,1.21876e-11
0.04195,-1.541811818e-06,-1.541198955e-06,7.13159e-10,0.004007626139,0.004007626139,3.2784e-11,0.00400790363,0.00400790363,1.20786e-11
0.04196,-1.533250126e-06,-1.532595581e-06,7.61662e-10,0.004007626154,0.004007626154,3.25633e-11,0.00400790366,0.00400790366,1.19543e-11
0.04197,-1.524732206e-06,-1.524040287e-06,8.05153e-10,0.004007626169,0.004007626169,3.21562e-11,0.004007903689,0.004007903689,1.18155e-11
0.04198,-1.516257368e-06,-1.515532801e-06,8.43144e-10,0.004007626184,0.004007626184,3.15649e-11,0.004007903719,0.004007903719,1.16627e-11
0.04199,-1.507824913e-06,-1.507072851e-06,8.75139e-10,0.004007626199,0.0040076262,3.07953e-11,0.004007903748,0.004007903748,1.14973e-11
0.042,-1.499434143e-06,-1.49866017e-06,9.00635e-10,0.004007626215,0.004007626215,2.98528e-11,0.004007903777,0.004007903777,1.13203e-11
0.04201,-1.491084351e-06,-1.490294489e-06,9.19125e-10,0.004007626229,0.00400762623,2.87444e-11,0.004007903807,0.004007903807,1.11334e-11
0.04202,-1.482774829e-06,-1.481975543e-06,9.30091e-10,0.004007626244,0.004007626244,2.74782e-11,0.004007903836,0.004007903836,1.09382e-11
0.04203,-1.474504862e-06,-1.473703067e-06,9.3301e-10,0.004007626259,0.004007626259,2.60647e-11,0.004007903864,0.004007903864,1.07366e-11
0.04204,-1.466273735e-06,-1.465476799e-06,9.27356e-10,0.004007626274,0.004007626274,2.45146e-11,0.004007903893,0.004007903893,1.05299e-11
0.04205,-1.458080726e-06,-1.457296477e-06,9.12593e-10,0.004007626288,0.004007626289,2.284e-11,0.004007903922,0.004007903922,1.03217e-11
0.04206,-1.449925113e-06,-1.449161842e-06,8.88181e-10,0.004007626303,0.004007626303,2.10555e-11,0.00400790395,0.00400790395,1.01133e-11
0.04207,-1.441810991e-06,-1.441072635e-06,8.59189e-10,0.004007626317,0.004007626318,1.91357e-11,0.004007903979,0.004007903979,9.89466e-12
0.04208,-1.433756812e-06,-1.4330286e-06,8.47385e-10,0.004007626332,0.004007626332,1.69339e-11,0.004007904007,0.004007904007,9.61386e-12
0.04209,-1.425743758e-06,-1.425029481e-06,8.3117e-10,0.004007626346,0.004007626346,1.46225e-11,0.004007904035,0.004007904035,9.32604e-12
0.0421,-1.417771702e-06,-1.417075026e-06,8.10689e-10,0.00400762636,0.00400762636,1.22168e-11,0.004007904063,0.004007904063,9.03184e-12
0.04211,-1.409840547e-06,-1.409164981e-06,7.86124e-10,0.004007626374,0.004007626375,9.73292e-12,0.004007904091,0.004007904091,8.7338e-12
0.04212,-1.401950226e-06,-1.401299096e-06,7.57689e-10,0.004007626389,0.004007626389,7.18822e-12,0.004007904119,0.004007904119,8.43384e-12
0.04213,-1.39410071e-06,-1.393477123e-06,7.25638e-10,0.004007626403,0.004007626403,4.60243e-12,0.004007904147,0.004007904147,8.13389e-12
0.04214,-1.386291999e-06,-1.385698813e-06,6.90262e-10,0.004007626416,0.004007626416,1.99601e-12,0.004007904174,0.004007904174,7.83585e-12
0.04215,-1.378524131e-06,-1.377963921e-06,6.51889e-10,0.00400762643,0.00400762643,6.09359e-13,0.004007904202,0.004007904202,7.54356e-12
0.04216,-1.370797181e-06,-1.370272202e-06,6.10892e-10,0.004007626444,0.004007626444,3.19025e-12,0.004007904229,0.004007904229,7.2583e-12
0.04217,-1.363111258e-06,-1.362623414e-06,5.67681e-10,0.004007626458,0.004007626458,5.72112e-12,0.004007904256,0.004007904256,6.9841e-12
0.04218,-1.355466513e-06,-1.355017484e-06,5.22514e-10,0.004007626471,0.004007626471,8.2058e-12,0.004007904283,0.004007904283,6.74546e-12
0.04219,-1.347863134e-06,-1.347454103e-06,4.75969e-10,0.004007626485,0.004007626485,1.05922e-11,0.00400790431,0.00400790431,6.52981e-12
0.0422,-1.340301348e-06,-1.339932923e-06,4.28718e-10,0.004007626498,0.004007626498,1.2827e-11,0.004007904337,0.004007904337,6.32373e-12
0.04221,-1.332781426e-06,-1.332453712e-06,3.81345e-10,0.004007626512,0.004007626512,1.48787e-11,0.004007904364,0.004007904364,6.13171e-12
0.04222,-1.32530368e-06,-1.325016238e-06,3.34482e-10,0.004007626525,0.004007626525,1.67149e-11,0.004007904391,0.004007904391,5.95672e-12
0.04223,-1.317868465e-06,-1.317620272e-06,2.88809e-10,0.004007626538,0.004007626538,1.82988e-11,0.004007904417,0.004007904417,5.80408e-12
0.04224,-1.31047618e-06,-1.310265586e-06,2.45058e-10,0.004007626551,0.004007626551,1.9594e-11,0.004007904443,0.004007904443,5.67699e-12
0.04225,-1.30312727e-06,-1.30295195e-06,2.04011e-10,0.004007626564,0.004007626564,2.0562e-11,0.00400790447,0.00400790447,5.58013e-12
0.04226,-1.295822225e-06,-1.295679139e-06,1.66503e-10,0.004007626577,0.004007626577,2.11611e-11,0.004007904496,0.004007904496,5.51754e-12
0.04227,-1.28855524e-06,-1.288446927e-06,1.26039e-10,0.00400762659,0.00400762659,2.17873e-11,0.004007904522,0.004007904522,5.45325e-12
0.04228,-1.281311063e-06,-1.281255089e-06,6.51338e-11,0.004007626603,0.004007626603,2.34934e-11,0.004007904548,0.004007904548,5.29252e-12
0.04229,-1.27410669e-06,-1.274103403e-06,3.82507e-12,0.004007626616,0.004007626616,2.50978e-11,0.004007904574,0.004007904574,5.14244e-12
0.0423,-1.266942211e-06,-1.266991644e-06,5.75226e-11,0.004007626629,0.004007626629,2.65921e-11,0.0040079046,0.0040079046,5.00449e-12
0.04231,-1.259817738e-06,-1.259919593e-06,1.18524e-10,0.004007626641,0.004007626641,2.79686e-11,0.004007904625,0.004007904625,4.87931e-12
0.04232,-1.252733397e-06,-1.252887028e-06,1.78773e-10,0.004007626654,0.004007626654,2.92183e-11,0.004007904651,0.004007904651,4.76755e-12
0.04233,-1.245689338e-06,-1.245893731e-06,2.37842e-10,0.004007626666,0.004007626666,3.03336e-11,0.004007904676,0.004007904676,4.67047e-12
0.04234,-1.238685728e-06,-1.238939483e-06,2.95283e-10,0.004007626679,0.004007626679,3.13067e-11,0.004007904701,0.004007904701,4.58787e-12
0.04235,-1.231722751e-06,-1.232024067e-06,3.50626e-10,0.004007626691,0.004007626691,3.21291e-11,0.004007904727,0.004007904727,4.52124e-12
0.04236,-1.224800617e-06,-1.225147267e-06,4.03381e-10,0.004007626703,0.004007626703,3.27943e-11,0.004007904752,0.004007904752,4.46994e-12
0.04237,-1.217919549e-06,-1.218308869e-06,4.53032e-10,0.004007626716,0.004007626715,3.32938e-11,0.004007904777,0.004007904777,4.43545e-12
0.04238,-1.211079796e-06,-1.211508658e-06,4.99045e-10,0.004007626728,0.004007626728,3.36216e-11,0.004007904802,0.004007904802,4.41693e-12
0.04239,-1.204281624e-06,-1.204746421e-06,5.40861e-10,0.00400762674,0.00400762674,3.37699e-11,0.004007904826,0.004007904826,4.41544e-12
0.0424,-1.197525322e-06,-1.198021946e-06,5.77898e-10,0.004007626752,0.004007626752,3.37327e-11,0.004007904851,0.004007904851,4.43055e-12
0.04241,-1.190811197e-06,-1.191335024e-06,6.09553e-10,0.004007626764,0.004007626764,3.3503e-11,0.004007904876,0.004007904876,4.46206e-12
0.04242,-1.184139579e-06,-1.184685444e-06,6.35196e-10,0.004007626776,0.004007626776,3.30763e-11,0.0040079049,0.0040079049,4.5106e-12
0.04243,-1.177510821e-06,-1.178072997e-06,6.54178e-10,0.004007626788,0.004007626787,3.24456e-11,0.004007904924,0.004007904924,4.57553e-12
0.04244,-1.170925294e-06,-1.171497477e-06,6.65821e-10,0.004007626799,0.004007626799,3.16062e-11,0.004007904949,0.004007904949,4.65621e-12
0.04245,-1.164383394e-06,-1.164958676e-06,6.69428e-10,0.004007626811,0.004007626811,3.05533e-11,0.004007904973,0.004007904973,4.75243e-12
0.04246,-1.157885537e-06,-1.158456389e-06,6.64274e-10,0.004007626823,0.004007626822,2.92826e-11,0.004007904997,0.004007904997,4.86462e-12
0.04247,-1.151422969e-06,-1.151990412e-06,6.60307e-10,0.004007626834,0.004007626834,2.79379e-11,0.004007905021,0.004007905021,4.98661e-12
0.04248,-1.144981337e-06,-1.145560542e-06,6.73993e-10,0.004007626846,0.004007626845,2.67526e-11,0.004007905045,0.004007905045,5.11157e-12
0.04249,-1.138578398e-06,-1.139166577e-06,6.84436e-10,0.004007626857,0.004007626857,2.54471e-11,0.004007905068,0.004007905068,5.24632e-12
0.0425,-1.132213972e-06,-1.132808314e-06,6.91607e-10,0.004007626868,0.004007626868,2.403e-11,0.004007905092,0.004007905092,5.39002e-12
0.04251,-1.125887868e-06,-1.126485555e-06,6.955e-10,0.00400762688,0.00400762688,2.25107e-11,0.004007905116,0.004007905116,5.54181e-12
0.04252,-1.119599876e-06,-1.1201981e-06,6.96125e-10,0.004007626891,0.004007626891,2.09002e-11,0.004007905139,0.004007905139,5.69956e-12
0.04253,-1.113349774e-06,-1.113945752e-06,6.93511e-10,0.004007626902,0.004007626902,1.92104e-11,0.004007905162,0.004007905162,5.86241e-12
0.04254,-1.107137321e-06,-1.107728313e-06,6.87709e-10,0.004007626913,0.004007626913,1.74547e-11,0.004007905186,0.004007905186,6.02868e-12
0.04255,-1.10096226e-06,-1.101545587e-06,6.78791e-10,0.004007626924,0.004007626924,1.56479e-11,0.004007905209,0.004007905209,6.19685e-12
0.04256,-1.094824316e-06,-1.095397381e-06,6.66848e-10,0.004007626935,0.004007626935,1.38054e-11,0.004007905232,0.004007905232,6.36461e-12
0.04257,-1.088723196e-06,-1.089283499e-06,6.51998e-10,0.004007626946,0.004007626946,1.1945e-11,0.004007905255,0.004007905255,6.53044e-12
0.04258,-1.082658588e-06,-1.083203751e-06,6.34379e-10,0.004007626957,0.004007626957,1.0085e-11,0.004007905278,0.004007905278,6.69181e-12
0.04259,-1.076630161e-06,-1.077157943e-06,6.14154e-10,0.004007626968,0.004007626968,8.24582e-12,0.0040079053,0.0040079053,6.84785e-12
0.0426,-1.070637562e-06,-1.071145886e-06,5.91512e-10,0.004007626978,0.004007626978,6.44796e-12,0.004007905323,0.004007905323,6.99496e-12
0.04261,-1.064680419e-06,-1.06516739e-06,5.66665e-10,0.004007626989,0.004007626989,4.71566e-12,0.004007905345,0.004007905345,7.13142e-12
0.04262,-1.058758337e-06,-1.059222267e-06,5.39853e-10,0.004007627,0.004007627,3.07361e-12,0.004007905368,0.004007905368,7.25468e-12
0.04263,-1.052870898e-06,-1.053310329e-06,5.11345e-10,0.00400762701,0.00400762701,1.5467e-12,0.00400790539,0.00400790539,7.3624e-12
0.04264,-1.047017663e-06,-1.047431391e-06,4.81435e-10,0.004007627021,0.004007627021,1.64099e-13,0.004007905413,0.004007905413,7.4516e-12
0.04265,-1.041198169e-06,-1.041585267e-06,4.50447e-10,0.004007627031,0.004007627031,1.04547e-12,0.004007905435,0.004007905435,7.51951e-12
0.04266,-1.035411928e-06,-1.035771773e-06,4.18735e-10,0.004007627042,0.004007627042,2.05071e-12,0.004007905457,0.004007905457,7.56293e-12
0.04267,-1.029661314e-06,-1.029990726e-06,3.83321e-10,0.004007627052,0.004007627052,3.2707e-12,0.004007905479,0.004007905479,7.62233e-12
0.04268,-1.023948747e-06,-1.024241944e-06,3.4118e-10,0.004007627062,0.004007627062,5.13389e-12,0.004007905501,0.004007905501,7.73643e-12
0.04269,-1.018269578e-06,-1.018525247e-06,2.9751e-10,0.004007627072,0.004007627072,6.96431e-12,0.004007905522,0.004007905522,7.84309e-12
0.0427,-1.012623394e-06,-1.012840453e-06,2.52581e-10,0.004007627083,0.004007627083,8.75216e-12,0.004007905544,0.004007905544,7.94123e-12
0.04271,-1.007009766e-06,-1.007187386e-06,2.06687e-10,0.004007627093,0.004007627093,1.04862e-11,0.004007905566,0.004007905566,8.03043e-12
0.04272,-1.001428246e-06,-1.001565866e-06,1.60142e-10,0.004007627103,0.004007627103,1.21557e-11,0.004007905587,0.004007905587,8.10941e-12
0.04273,-9.958783643e-07,-9.959757176e-07,1.13285e-10,0.004007627113,0.004007627113,1.37496e-11,0.004007905609,0.004007905609,8.17817e-12
0.04274,-9.903596364e-07,-9.904167649e-07,6.64777e-11,0.004007627123,0.004007627123,1.52561e-11,0.00400790563,0.00400790563,8.23586e-12
0.04275,-9.848715562e-07,-9.848888335e-07,2.01047e-11,0.004007627132,0.004007627133,1.6663e-11,0.004007905651,0.004007905651,8.28163e-12
0.04276,-9.794135979e-07,-9.793917498e-07,2.54236e-11,0.004007627142,0.004007627142,1.79579e-11,0.004007905672,0.004007905672,8.31505e-12
0.04277,-9.739852155e-07,-9.739253416e-07,6.96723e-11,0.004007627152,0.004007627152,1.91287e-11,0.004007905694,0.004007905694,8.33613e-12
0.04278,-9.68585842e-07,-9.684894375e-07,1.12181e-10,0.004007627162,0.004007627162,2.01618e-11,0.004007905715,0.004007905714,8.34379e-12
0.04279,-9.632148894e-07,-9.630838673e-07,1.52464e-10,0.004007627171,0.004007627171,2.10436e-11,0.004007905735,0.004007905735,8.33805e-12
0.0428,-9.57871748e-07,-9.577084619e-07,1.90008e-10,0.004007627181,0.004007627181,2.17611e-11,0.004007905756,0.004007905756,8.31867e-12
0.04281,-9.52555786e-07,-9.52363053e-07,2.24274e-10,0.004007627191,0.004007627191,2.22992e-11,0.004007905777,0.004007905777,8.28525e-12
0.04282,-9.472663491e-07,-9.470474737e-07,2.54695e-10,0.0040076272,0.0040076272,2.26444e-11,0.004007905798,0.004007905798,8.23693e-12
0.04283,-9.420027599e-07,-9.41761558e-07,2.80675e-10,0.004007627209,0.00400762721,2.27817e-11,0.004007905818,0.004007905818,8.17413e-12
0.04284,-9.367643181e-07,-9.36505141e-07,3.01592e-10,0.004007627219,0.004007627219,2.2695e-11,0.004007905839,0.004007905838,8.09706e-12
0.04285,-9.31550299e-07,-9.312782182e-07,3.16607e-10,0.004007627228,0.004007627228,2.23313e-11,0.004007905859,0.004007905859,8.03511e-12
0.04286,-9.263599543e-07,-9.26080537e-07,3.25144e-10,0.004007627238,0.004007627238,2.17058e-11,0.004007905879,0.004007905879,7.96529e-12
0.04287,-9.212052624e-07,-9.209118443e-07,3.41437e-10,0.004007627247,0.004007627247,2.11328e-11,0.004007905899,0.004007905899,7.87673e-12
0.04288,-9.160931286e-07,-9.157719813e-07,3.73704e-10,0.004007627256,0.004007627256,2.07801e-11,0.004007905919,0.004007905919,7.7771e-12
0.04289,-9.110089315e-07,-9.106607902e-07,4.05115e-10,0.004007627265,0.004007627265,2.02997e-11,0.004007905939,0.004007905939,7.65618e-12
0.0429,-9.059524958e-07,-9.055781136e-07,4.3565e-10,0.004007627274,0.004007627274,1.9691e-11,0.004007905959,0.004007905959,7.5144e-12
0.04291,-9.009236564e-07,-9.005237952e-07,4.65299e-10,0.004007627283,0.004007627283,1.89529e-11,0.004007905979,0.004007905979,7.35303e-12
0.04292,-8.959222592e-07,-8.95497679e-07,4.94064e-10,0.004007627292,0.004007627292,1.8086e-11,0.004007905999,0.004007905999,7.1725e-12
0.04293,-8.909481614e-07,-8.904996099e-07,5.21958e-10,0.004007627301,0.004007627301,1.70916e-11,0.004007906019,0.004007906019,6.97431e-12
0.04294,-8.860012322e-07,-8.855294337e-07,5.49009e-10,0.00400762731,0.00400762731,1.5971e-11,0.004007906038,0.004007906038,6.75823e-12
0.04295,-8.810813527e-07,-8.805869965e-07,5.75259e-10,0.004007627319,0.004007627319,1.47272e-11,0.004007906058,0.004007906058,6.5264e-12
0.04296,-8.761884168e-07,-8.756721454e-07,6.0076e-10,0.004007627328,0.004007627328,1.33631e-11,0.004007906077,0.004007906077,6.27881e-12
0.04297,-8.713223316e-07,-8.707847282e-07,6.25583e-10,0.004007627336,0.004007627336,1.18832e-11,0.004007906097,0.004007906096,6.01675e-12
0.04298,-8.664830175e-07,-8.659245934e-07,6.49811e-10,0.004007627345,0.004007627345,1.02927e-11,0.004007906116,0.004007906116,5.74043e-12
0.04299,-8.616704092e-07,-8.6109159e-07,6.73544e-10,0.004007627354,0.004007627354,8.59636e-12,0.004007906135,0.004007906135,5.45197e-12
0.043,-8.568844555e-07,-8.56285568e-07,6.96896e-10,0.004007627362,0.004007627362,6.80191e-12,0.004007906154,0.004007906154,5.15159e-12
0.04301,-8.521251203e-07,-8.51506378e-07,7.20001e-10,0.004007627371,0.004007627371,4.91658e-12,0.004007906173,0.004007906173,4.83972e-12
0.04302,-8.473923828e-07,-8.467538713e-07,7.43005e-10,0.004007627379,0.004007627379,2.94867e-12,0.004007906192,0.004007906192,4.51826e-12
0.04303,-8.426862378e-07,-8.420278998e-07,7.66076e-10,0.004007627388,0.004007627388,9.07759e-13,0.004007906211,0.004007906211,4.1885e-12
0.04304,-8.380066964e-07,-8.373283163e-07,7.89398e-10,0.004007627396,0.004007627396,1.19616e-12,0.00400790623,0.00400790623,3.85044e-12
0.04305,-8.333537863e-07,-8.326549743e-07,8.13174e-10,0.004007627405,0.004007627405,3.35137e-12,0.004007906248,0.004007906248,3.50599e-12
0.04306,-8.287275524e-07,-8.280077279e-07,8.37625e-10,0.004007627413,0.004007627413,5.54616e-12,0.004007906267,0.004007906267,3.15623e-12
0.04307,-8.241280568e-07,-8.233864319e-07,8.62993e-10,0.004007627421,0.004007627421,7.76629e-12,0.004007906285,0.004007906285,2.80262e-12
0.04308,-8.1955538e-07,-8.18790942e-07,8.8954e-10,0.004007627429,0.004007627429,9.99812e-12,0.004007906304,0.004007906304,2.44562e-12
0.04309,-8.150096204e-07,-8.142211144e-07,9.17546e-10,0.004007627438,0.004007627437,1.22263e-11,0.004007906322,0.004007906322,2.08755e-12
0.0431,-8.104908957e-07,-8.096768061e-07,9.47317e-10,0.004007627446,0.004007627446,1.44341e-11,0.004007906341,0.004007906341,1.72947e-12
0.04311,-8.059993426e-07,-8.051578747e-07,9.79176e-10,0.004007627454,0.004007627454,1.66046e-11,0.004007906359,0.004007906359,1.37225e-12
0.04312,-8.015351175e-07,-8.006641789e-07,1.01347e-09,0.004007627462,0.004007627462,1.8719e-11,0.004007906377,0.004007906377,1.01887e-12
0.04313,-7.970983973e-07,-7.961955776e-07,1.05057e-09,0.00400762747,0.00400762747,2.07565e-11,0.004007906395,0.004007906395,6.69522e-13
0.04314,-7.926893791e-07,-7.917519306e-07,1.09086e-09,0.004007627478,0.004007627478,2.26972e-11,0.004007906413,0.004007906413,3.26565e-13
0.04315,-7.883082813e-07,-7.873330987e-07,1.13477e-09,0.004007627486,0.004007627485,2.45189e-11,0.004007906431,0.004007906431,8.08961e-15
0.04316,-7.839553436e-07,-7.829389429e-07,1.18274e-09,0.004007627493,0.004007627493,2.61984e-11,0.004007906449,0.004007906449,3.32738e-13
0.04317,-7.796308279e-07,-7.785693254e-07,1.23522e-09,0.004007627501,0.004007627501,2.77112e-11,0.004007906466,0.004007906466,6.45466e-13
0.04318,-7.753350181e-07,-7.742241087e-07,1.29271e-09,0.004007627509,0.004007627509,2.90315e-11,0.004007906484,0.004007906484,9.43504e-13
0.04319,-7.710682213e-07,-7.699031563e-07,1.35573e-09,0.004007627517,0.004007627517,3.01319e-11,0.004007906502,0.004007906502,1.22643e-12
0.0432,-7.668307675e-07,-7.656063323e-07,1.42482e-09,0.004007627524,0.004007627524,3.09858e-11,0.004007906519,0.004007906519,1.49019e-12
0.04321,-7.626230107e-07,-7.613335015e-07,1.50054e-09,0.004007627532,0.004007627532,3.15617e-11,0.004007906537,0.004007906537,1.73373e-12
0.04322,-7.584453289e-07,-7.570845295e-07,1.5835e-09,0.00400762754,0.00400762754,3.18303e-11,0.004007906554,0.004007906554,1.95385e-12
0.04323,-7.542981246e-07,-7.528592824e-07,1.67431e-09,0.004007627547,0.004007627547,3.17586e-11,0.004007906571,0.004007906571,2.14758e-12
0.04324,-7.501818254e-07,-7.486576273e-07,1.77364e-09,0.004007627555,0.004007627555,3.13135e-11,0.004007906589,0.004007906589,2.31363e-12
0.04325,-7.460968844e-07,-7.444794318e-07,1.88215e-09,0.004007627562,0.004007627562,3.04607e-11,0.004007906606,0.004007906606,2.44732e-12
0.04326,-7.420437805e-07,-7.403245643e-07,2.00057e-09,0.00400762757,0.004007627569,2.91628e-11,0.004007906623,0.004007906623,2.5478e-12
0.04327,-7.379702931e-07,-7.361928939e-07,2.06827e-09,0.004007627577,0.004007627577,2.98194e-11,0.00400790664,0.00400790664,2.7973e-12
0.04328,-7.338804784e-07,-7.320842904e-07,2.09014e-09,0.004007627584,0.004007627584,3.22287e-11,0.004007906657,0.004007906657,3.18028e-12
0.04329,-7.298113282e-07,-7.279986242e-07,2.10936e-09,0.004007627592,0.004007627592,3.4666e-11,0.004007906674,0.004007906674,3.56496e-12
0.0433,-7.257625668e-07,-7.239357667e-07,2.12576e-09,0.004007627599,0.004007627599,3.71302e-11,0.004007906691,0.004007906691,3.95028e-12
0.04331,-7.217339136e-07,-7.198955898e-07,2.13917e-09,0.004007627606,0.004007627606,3.96183e-11,0.004007906707,0.004007906707,4.33731e-12
0.04332,-7.177250829e-07,-7.158779661e-07,2.1494e-09,0.004007627613,0.004007627613,4.21285e-11,0.004007906724,0.004007906724,4.72348e-12
0.04333,-7.137357843e-07,-7.118827689e-07,2.15626e-09,0.00400762762,0.00400762762,4.46583e-11,0.004007906741,0.004007906741,5.11008e-12
0.04334,-7.097657216e-07,-7.079098724e-07,2.15956e-09,0.004007627628,0.004007627627,4.72069e-11,0.004007906757,0.004007906757,5.49561e-12
0.04335,-7.058145939e-07,-7.039591513e-07,2.15909e-09,0.004007627635,0.004007627634,4.97718e-11,0.004007906773,0.004007906774,5.87966e-12
0.04336,-7.018820943e-07,-7.000304812e-07,2.15463e-09,0.004007627642,0.004007627641,5.2351e-11,0.00400790679,0.00400790679,6.26242e-12
0.04337,-6.979679106e-07,-6.961237382e-07,2.14597e-09,0.004007627649,0.004007627648,5.49429e-11,0.004007906806,0.004007906806,6.64263e-12
0.04338,-6.940717249e-07,-6.922387992e-07,2.13289e-09,0.004007627656,0.004007627655,5.7546e-11,0.004007906822,0.004007906822,7.02008e-12
0.04339,-6.901932134e-07,-6.883755419e-07,2.11514e-09,0.004007627663,0.004007627662,6.01581e-11,0.004007906839,0.004007906839,7.39369e-12
0.0434,-6.863320464e-07,-6.845338446e-07,2.09248e-09,0.004007627669,0.004007627669,6.27784e-11,0.004007906855,0.004007906855,7.76347e-12
0.04341,-6.824878879e-07,-6.807135864e-07,2.06467e-09,0.004007627676,0.004007627676,6.54053e-11,0.004007906871,0.004007906871,8.12772e-12
0.04342,-6.786603961e-07,-6.76914647e-07,2.03144e-09,0.004007627683,0.004007627683,6.80368e-11,0.004007906887,0.004007906887,8.48664e-12
0.04343,-6.748492226e-07,-6.73136907e-07,1.99254e-09,0.00400762769,0.00400762769,7.06728e-11,0.004007906903,0.004007906903,8.83832e-12
0.04344,-6.710540126e-07,-6.693802474e-07,1.94768e-09,0.004007627697,0.004007627696,7.33114e-11,0.004007906918,0.004007906918,9.1832e-12
0.04345,-6.672744048e-07,-6.656445502e-07,1.89658e-09,0.004007627703,0.004007627703,7.59517e-11,0.004007906934,0.004007906934,9.51977e-12
0.04346,-6.635100312e-07,-6.619296981e-07,1.83896e-09,0.00400762771,0.00400762771,7.85932e-11,0.00400790695,0.00400790695,9.84697e-12
0.04347,-6.597605169e-07,-6.582355742e-07,1.7745e-09,0.004007627717,0.004007627716,8.12348e-11,0.004007906965,0.004007906965,1.01642e-11
0.04348,-6.560254801e-07,-6.545620628e-07,1.70291e-09,0.004007627723,0.004007627723,8.38761e-11,0.004007906981,0.004007906981,1.04703e-11
0.04349,-6.52304532e-07,-6.509090484e-07,1.62386e-09,0.00400762773,0.004007627729,8.65168e-11,0.004007906997,0.004007906997,1.07637e-11
0.0435,-6.485972767e-07,-6.472764166e-07,1.53702e-09,0.004007627736,0.004007627736,8.91558e-11,0.004007907012,0.004007907012,1.10442e-11
0.04351,-6.449033107e-07,-6.436640535e-07,1.44206e-09,0.004007627743,0.004007627742,9.17935e-11,0.004007907027,0.004007907027,1.13097e-11
0.04352,-6.412222234e-07,-6.400718461e-07,1.33864e-09,0.004007627749,0.004007627749,9.44301e-11,0.004007907043,0.004007907043,1.15596e-11
0.04353,-6.375535965e-07,-6.364996818e-07,1.22639e-09,0.004007627755,0.004007627755,9.70651e-11,0.004007907058,0.004007907058,1.17921e-11
0.04354,-6.338970039e-07,-6.32947449e-07,1.10495e-09,0.004007627762,0.004007627761,9.96996e-11,0.004007907073,0.004007907073,1.20065e-11
0.04355,-6.30252012e-07,-6.294150368e-07,9.73948e-10,0.004007627768,0.004007627768,1.02334e-10,0.004007907088,0.004007907088,1.22008e-11
0.04356,-6.26618179e-07,-6.259023348e-07,8.32993e-10,0.004007627774,0.004007627774,1.04968e-10,0.004007907103,0.004007907103,1.23739e-11
0.04357,-6.229950553e-07,-6.224092335e-07,6.81693e-10,0.004007627781,0.00400762778,1.07604e-10,0.004007907118,0.004007907118,1.25242e-11
0.04358,-6.193821829e-07,-6.18935624e-07,5.19639e-10,0.004007627787,0.004007627786,1.10241e-10,0.004007907133,0.004007907133,1.26496e-11
0.04359,-6.157790956e-07,-6.154813982e-07,3.46416e-10,0.004007627793,0.004007627793,1.12882e-10,0.004007907148,0.004007907148,1.27492e-11
0.0436,-6.121853189e-07,-6.120464487e-07,1.61597e-10,0.004007627799,0.004007627799,1.15529e-10,0.004007907163,0.004007907163,1.28205e-11
0.04361,-6.086003697e-07,-6.086306687e-07,3.52574e-11,0.004007627805,0.004007627805,1.18182e-10,0.004007907177,0.004007907177,1.28623e-11
0.04362,-6.050625025e-07,-6.052339578e-07,1.99514e-10,0.004007627811,0.004007627811,1.20407e-10,0.004007907192,0.004007907192,1.29346e-11
0.04363,-6.015819983e-07,-6.0185643e-07,3.19343e-10,0.004007627817,0.004007627817,1.22149e-10,0.004007907207,0.004007907207,1.2997e-11
0.04364,-5.981193323e-07,-5.98497725e-07,4.40317e-10,0.004007627823,0.004007627823,1.23768e-10,0.004007907221,0.004007907221,1.30564e-11
0.04365,-5.946746303e-07,-5.951577406e-07,5.62172e-10,0.004007627829,0.004007627829,1.25258e-10,0.004007907236,0.004007907236,1.31111e-11
0.04366,-5.912480309e-07,-5.918363747e-07,6.84627e-10,0.004007627835,0.004007627835,1.26616e-10,0.00400790725,0.00400790725,1.31603e-11
0.04367,-5.878396853e-07,-5.885335259e-07,8.07389e-10,0.004007627841,0.004007627841,1.27836e-10,0.004007907264,0.004007907264,1.32018e-11
0.04368,-5.844497582e-07,-5.852490932e-07,9.30148e-10,0.004007627847,0.004007627847,1.28913e-10,0.004007907279,0.004007907279,1.32355e-11
0.04369,-5.810784272e-07,-5.819829758e-07,1.05258e-09,0.004007627853,0.004007627852,1.29844e-10,0.004007907293,0.004007907293,1.32593e-11
0.0437,-5.777258839e-07,-5.787350737e-07,1.17435e-09,0.004007627859,0.004007627858,1.30623e-10,0.004007907307,0.004007907307,1.32729e-11
0.04371,-5.743923331e-07,-5.755052872e-07,1.29509e-09,0.004007627865,0.004007627864,1.31244e-10,0.004007907321,0.004007907321,1.32746e-11
0.04372,-5.710779939e-07,-5.722935169e-07,1.41445e-09,0.00400762787,0.00400762787,1.31703e-10,0.004007907335,0.004007907335,1.32646e-11
0.04373,-5.677830995e-07,-5.690996641e-07,1.53202e-09,0.004007627876,0.004007627875,1.31994e-10,0.004007907349,0.004007907349,1.32408e-11
0.04374,-5.645078974e-07,-5.659236304e-07,1.64742e-09,0.004007627882,0.004007627881,1.32112e-10,0.004007907363,0.004007907363,1.32031e-11
0.04375,-5.612526494e-07,-5.627653179e-07,1.76022e-09,0.004007627887,0.004007627887,1.32052e-10,0.004007907377,0.004007907377,1.31499e-11
0.04376,-5.580176326e-07,-5.59624629e-07,1.86998e-09,0.004007627893,0.004007627892,1.31807e-10,0.004007907391,0.004007907391,1.30813e-11
0.04377,-5.548031385e-07,-5.565014668e-07,1.97626e-09,0.004007627898,0.004007627898,1.31372e-10,0.004007907405,0.004007907405,1.29953e-11
0.04378,-5.516094742e-07,-5.533957346e-07,2.07859e-09,0.004007627904,0.004007627904,1.30742e-10,0.004007907418,0.004007907418,1.28929e-11
0.04379,-5.484369619e-07,-5.503073364e-07,2.17646e-09,0.00400762791,0.004007627909,1.29909e-10,0.004007907432,0.004007907432,1.27724e-11
0.0438,-5.452859394e-07,-5.472361764e-07,2.2694e-09,0.004007627915,0.004007627915,1.28869e-10,0.004007907445,0.004007907445,1.26336e-11
0.04381,-5.421567606e-07,-5.441821593e-07,2.35686e-09,0.00400762792,0.00400762792,1.27615e-10,0.004007907459,0.004007907459,1.24757e-11
0.04382,-5.390497949e-07,-5.411451904e-07,2.43831e-09,0.004007627926,0.004007627925,1.26141e-10,0.004007907472,0.004007907472,1.22983e-11
0.04383,-5.359654283e-07,-5.381251754e-07,2.51319e-09,0.004007627931,0.004007627931,1.2444e-10,0.004007907486,0.004007907486,1.21006e-11
0.04384,-5.32904063e-07,-5.351220202e-07,2.58093e-09,0.004007627937,0.004007627936,1.22506e-10,0.004007907499,0.004007907499,1.18828e-11
0.04385,-5.298661179e-07,-5.321356315e-07,2.64092e-09,0.004007627942,0.004007627941,1.20333e-10,0.004007907512,0.004007907512,1.16439e-11
0.04386,-5.268520287e-07,-5.291659162e-07,2.69256e-09,0.004007627947,0.004007627947,1.17915e-10,0.004007907526,0.004007907526,1.1384e-11
0.04387,-5.23862248e-07,-5.262127818e-07,2.7352e-09,0.004007627953,0.004007627952,1.15244e-10,0.004007907539,0.004007907539,1.1103e-11
0.04388,-5.208972458e-07,-5.232761361e-07,2.7682e-09,0.004007627958,0.004007627957,1.12313e-10,0.004007907552,0.004007907552,1.07996e-11
0.04389,-5.179575094e-07,-5.203558875e-07,2.79088e-09,0.004007627963,0.004007627963,1.09117e-10,0.004007907565,0.004007907565,1.04743e-11
0.0439,-5.150435439e-07,-5.174519446e-07,2.80254e-09,0.004007627968,0.004007627968,1.05648e-10,0.004007907578,0.004007907578,1.01267e-11
0.04391,-5.121558721e-07,-5.145642169e-07,2.80247e-09,0.004007627973,0.004007627973,1.019e-10,0.004007907591,0.004007907591,9.75628e-12
0.04392,-5.092950349e-07,-5.116926138e-07,2.78995e-09,0.004007627978,0.004007627978,9.78639e-11,0.004007907604,0.004007907604,9.36351e-12
0.04393,-5.064615914e-07,-5.088370455e-07,2.7642e-09,0.004007627984,0.004007627983,9.35347e-11,0.004007907617,0.004007907617,8.94775e-12
0.04394,-5.036561192e-07,-5.059974225e-07,2.72446e-09,0.004007627989,0.004007627988,8.89048e-11,0.00400790763,0.00400790763,8.50963e-12
0.04395,-5.008792147e-07,-5.03173656e-07,2.66993e-09,0.004007627994,0.004007627993,8.39663e-11,0.004007907642,0.004007907642,8.04767e-12
0.04396,-4.98131493e-07,-5.003656572e-07,2.59979e-09,0.004007627999,0.004007627998,7.87128e-11,0.004007907655,0.004007907655,7.56293e-12
0.04397,-4.953757968e-07,-4.975733381e-07,2.55717e-09,0.004007628004,0.004007628003,7.38373e-11,0.004007907668,0.004007907668,7.09736e-12
0.04398,-4.925827759e-07,-4.947966111e-07,2.57613e-09,0.004007628009,0.004007628008,6.98889e-11,0.00400790768,0.00400790768,6.68393e-12
0.04399,-4.898085927e-07,-4.920353889e-07,2.59122e-09,0.004007628013,0.004007628013,6.58312e-11,0.004007907693,0.004007907693,6.26093e-12
0.044,-4.870532154e-07,-4.892895848e-07,2.60236e-09,0.004007628018,0.004007628018,6.16697e-11,0.004007907705,0.004007907705,5.82942e-12
0.04401,-4.843166088e-07,-4.865591123e-07,2.60949e-09,0.004007628023,0.004007628023,5.74119e-11,0.004007907718,0.004007907718,5.39002e-12
0.04402,-4.815987343e-07,-4.838438858e-07,2.61257e-09,0.004007628028,0.004007628028,5.30634e-11,0.00400790773,0.00400790773,4.94382e-12
0.04403,-4.788995498e-07,-4.811438196e-07,2.61155e-09,0.004007628033,0.004007628033,4.86325e-11,0.004007907742,0.004007907742,4.49208e-12
0.04404,-4.762190098e-07,-4.78458829e-07,2.60637e-09,0.004007628038,0.004007628037,4.41254e-11,0.004007907754,0.004007907754,4.03565e-12
0.04405,-4.735570647e-07,-4.757888292e-07,2.597e-09,0.004007628042,0.004007628042,3.95515e-11,0.004007907767,0.004007907767,3.57518e-12
0.04406,-4.709136613e-07,-4.731337362e-07,2.58339e-09,0.004007628047,0.004007628047,3.49182e-11,0.004007907779,0.004007907779,3.11173e-12
0.04407,-4.682887422e-07,-4.704934664e-07,2.56553e-09,0.004007628052,0.004007628052,3.02349e-11,0.004007907791,0.004007907791,2.64701e-12
0.04408,-4.656822462e-07,-4.678679366e-07,2.54338e-09,0.004007628056,0.004007628056,2.55101e-11,0.004007907803,0.004007907803,2.18207e-12
0.04409,-4.630941077e-07,-4.652570641e-07,2.51693e-09,0.004007628061,0.004007628061,2.07544e-11,0.004007907815,0.004007907815,1.71798e-12
0.0441,-4.605242567e-07,-4.626607664e-07,2.48615e-09,0.004007628066,0.004007628066,1.59778e-11,0.004007907827,0.004007907827,1.25623e-12
0.04411,-4.579726188e-07,-4.600789619e-07,2.45105e-09,0.00400762807,0.00400762807,1.11902e-11,0.004007907839,0.004007907839,7.97252e-13
0.04412,-4.554391151e-07,-4.575115689e-07,2.41161e-09,0.004007628075,0.004007628075,6.40305e-12,0.004007907851,0.004007907851,3.43808e-13
0.04413,-4.52923662e-07,-4.549585067e-07,2.36785e-09,0.004007628079,0.004007628079,1.62886e-12,0.004007907862,0.004007907862,1.04101e-13
0.04414,-4.50426171e-07,-4.524196946e-07,2.31977e-09,0.004007628084,0.004007628084,3.12171e-12,0.004007907874,0.004007907874,5.44133e-13
0.04415,-4.479465487e-07,-4.498950527e-07,2.26738e-09,0.004007628088,0.004007628088,7.83525e-12,0.004007907886,0.004007907886,9.74585e-13
0.04416,-4.454846967e-07,-4.473845012e-07,2.21071e-09,0.004007628093,0.004007628093,1.24992e-11,0.004007907897,0.004007907897,1.39524e-12
0.04417,-4.430405114e-07,-4.44887961e-07,2.14979e-09,0.004007628097,0.004007628097,1.70997e-11,0.004007907909,0.004007907909,1.80398e-12
0.04418,-4.406138839e-07,-4.424053533e-07,2.08465e-09,0.004007628102,0.004007628102,2.16223e-11,0.004007907921,0.004007907921,2.19867e-12
0.04419,-4.382047e-07,-4.399365999e-07,2.01533e-09,0.004007628106,0.004007628106,2.6053e-11,0.004007907932,0.004007907932,2.57846e-12
0.0442,-4.358128398e-07,-4.37481623e-07,1.94188e-09,0.004007628111,0.004007628111,3.03762e-11,0.004007907944,0.004007907944,2.94164e-12
0.04421,-4.33438178e-07,-4.35040345e-07,1.86436e-09,0.004007628115,0.004007628115,3.45761e-11,0.004007907955,0.004007907955,3.28587e-12
0.04422,-4.310805833e-07,-4.326126892e-07,1.78284e-09,0.004007628119,0.004007628119,3.86371e-11,0.004007907966,0.004007907966,3.61009e-12
0.04423,-4.287399186e-07,-4.30198579e-07,1.69737e-09,0.004007628123,0.004007628124,4.25419e-11,0.004007907978,0.004007907978,3.91303e-12
0.04424,-4.264160409e-07,-4.277979383e-07,1.60805e-09,0.004007628128,0.004007628128,4.62727e-11,0.004007907989,0.004007907989,4.19212e-12
0.04425,-4.241088011e-07,-4.254106915e-07,1.51495e-09,0.004007628132,0.004007628132,4.98122e-11,0.004007908,0.004007908,4.44588e-12
0.04426,-4.218180436e-07,-4.230367634e-07,1.41817e-09,0.004007628136,0.004007628136,5.31417e-11,0.004007908011,0.004007908011,4.6726e-12
0.04427,-4.195436068e-07,-4.206760794e-07,1.3178e-09,0.00400762814,0.004007628141,5.62415e-11,0.004007908022,0.004007908022,4.87037e-12
0.04428,-4.172853224e-07,-4.183285652e-07,1.21397e-09,0.004007628145,0.004007628145,5.90929e-11,0.004007908033,0.004007908033,5.03685e-12
0.04429,-4.150430156e-07,-4.159941469e-07,1.10679e-09,0.004007628149,0.004007628149,6.16742e-11,0.004007908044,0.004007908044,5.17054e-12
0.0443,-4.128165049e-07,-4.136727512e-07,9.96373e-10,0.004007628153,0.004007628153,6.39656e-11,0.004007908055,0.004007908055,5.27038e-12
0.04431,-4.106056019e-07,-4.113643051e-07,8.82866e-10,0.004007628157,0.004007628157,6.59444e-11,0.004007908066,0.004007908066,5.33318e-12
0.04432,-4.084081743e-07,-4.090687362e-07,7.68664e-10,0.004007628161,0.004007628161,6.82724e-11,0.004007908077,0.004007908077,5.42217e-12
0.04433,-4.062208564e-07,-4.067859724e-07,6.57598e-10,0.004007628165,0.004007628165,7.20441e-11,0.004007908088,0.004007908088,5.64144e-12
0.04434,-4.040477205e-07,-4.045159421e-07,5.44847e-10,0.004007628169,0.00400762817,7.57237e-11,0.004007908099,0.004007908099,5.84517e-12
0.04435,-4.018885018e-07,-4.022585742e-07,4.30635e-10,0.004007628173,0.004007628174,7.93041e-11,0.004007908109,0.004007908109,6.03378e-12
0.04436,-3.997429268e-07,-4.000137979e-07,3.152e-10,0.004007628177,0.004007628178,8.27778e-11,0.00400790812,0.00400790812,6.20643e-12
0.04437,-3.97610713e-07,-3.977815431e-07,1.98787e-10,0.004007628181,0.004007628182,8.61373e-11,0.004007908131,0.004007908131,6.36269e-12
0.04438,-3.954915686e-07,-3.955617399e-07,8.16551e-11,0.004007628185,0.004007628186,8.93744e-11,0.004007908141,0.004007908141,6.50192e-12
0.04439,-3.933851924e-07,-3.93354319e-07,3.59259e-11,0.004007628189,0.004007628189,9.24818e-11,0.004007908152,0.004007908152,6.62475e-12
0.0444,-3.91291274e-07,-3.911592114e-07,1.53675e-10,0.004007628193,0.004007628193,9.54507e-11,0.004007908162,0.004007908162,6.7297e-12
0.04441,-3.892094931e-07,-3.889763487e-07,2.71299e-10,0.004007628197,0.004007628197,9.82732e-11,0.004007908173,0.004007908173,6.81763e-12
0.04442,-3.871395198e-07,-3.868056629e-07,3.88493e-10,0.004007628201,0.004007628201,1.00941e-10,0.004007908183,0.004007908183,6.88745e-12
0.04443,-3.850810143e-07,-3.846470863e-07,5.04941e-10,0.004007628205,0.004007628205,1.03446e-10,0.004007908194,0.004007908194,6.93982e-12
0.04444,-3.830336266e-07,-3.825005519e-07,6.20313e-10,0.004007628208,0.004007628209,1.05779e-10,0.004007908204,0.004007908204,6.97431e-12
0.04445,-3.809969967e-07,-3.803659929e-07,7.34269e-10,0.004007628212,0.004007628213,1.07931e-10,0.004007908214,0.004007908214,6.99049e-12
0.04446,-3.789707544e-07,-3.782433432e-07,8.46453e-10,0.004007628216,0.004007628216,1.09894e-10,0.004007908225,0.004007908225,6.98857e-12
0.04447,-3.769545187e-07,-3.761325369e-07,9.56501e-10,0.00400762822,0.00400762822,1.11658e-10,0.004007908235,0.004007908235,6.96877e-12
0.04448,-3.749478984e-07,-3.740335088e-07,1.06403e-09,0.004007628224,0.004007628224,1.13214e-10,0.004007908245,0.004007908245,6.93109e-12
0.04449,-3.729504914e-07,-3.719461938e-07,1.16865e-09,0.004007628227,0.004007628228,1.14553e-10,0.004007908255,0.004007908255,6.8751e-12
0.0445,-3.709618846e-07,-3.698705276e-07,1.26996e-09,0.004007628231,0.004007628231,1.15664e-10,0.004007908265,0.004007908265,6.80208e-12
0.04451,-3.689816541e-07,-3.678064462e-07,1.36753e-09,0.004007628235,0.004007628235,1.16539e-10,0.004007908275,0.004007908275,6.71118e-12
0.04452,-3.670093648e-07,-3.657538859e-07,1.46094e-09,0.004007628238,0.004007628239,1.17168e-10,0.004007908285,0.004007908285,6.60261e-12
0.04453,-3.650445703e-07,-3.637127999e-07,1.54972e-09,0.004007628242,0.004007628242,1.17534e-10,0.004007908295,0.004007908295,6.48276e-12
0.04454,-3.630868128e-07,-3.616833233e-07,1.63317e-09,0.004007628246,0.004007628246,1.17559e-10,0.004007908305,0.004007908305,6.41974e-12
0.04455,-3.61135623e-07,-3.596651444e-07,1.71113e-09,0.004007628249,0.00400762825,1.17324e-10,0.004007908315,0.004007908315,6.32267e-12
0.04456,-3.591905197e-07,-3.576582023e-07,1.78308e-09,0.004007628253,0.004007628253,1.1682e-10,0.004007908325,0.004007908325,6.19281e-12
0.04457,-3.572510101e-07,-3.556624363e-07,1.84855e-09,0.004007628256,0.004007628257,1.16035e-10,0.004007908334,0.004007908334,6.03123e-12
0.04458,-3.553165893e-07,-3.53677786e-07,1.907e-09,0.00400762826,0.00400762826,1.14958e-10,0.004007908344,0.004007908344,5.83793e-12
0.04459,-3.533867403e-07,-3.517041914e-07,1.9579e-09,0.004007628263,0.004007628264,1.13579e-10,0.004007908354,0.004007908354,5.61398e-12
0.0446,-3.514609339e-07,-3.497415925e-07,2.00071e-09,0.004007628267,0.004007628267,1.11887e-10,0.004007908364,0.004007908363,5.36001e-12
0.04461,-3.495386284e-07,-3.477899298e-07,2.03488e-09,0.00400762827,0.004007628271,1.0987e-10,0.004007908373,0.004007908373,5.07687e-12
0.04462,-3.476192697e-07,-3.458491438e-07,2.05981e-09,0.004007628274,0.004007628274,1.07517e-10,0.004007908383,0.004007908383,4.76499e-12
0.04463,-3.457022909e-07,-3.439191756e-07,2.07493e-09,0.004007628277,0.004007628278,1.04818e-10,0.004007908392,0.004007908392,4.42459e-12
0.04464,-3.437871124e-07,-3.419999661e-07,2.07962e-09,0.004007628281,0.004007628281,1.01758e-10,0.004007908402,0.004007908402,4.05737e-12
0.04465,-3.418731417e-07,-3.400914569e-07,2.07326e-09,0.004007628284,0.004007628285,9.83296e-11,0.004007908411,0.004007908411,3.6631e-12
0.04466,-3.399597729e-07,-3.381935896e-07,2.05522e-09,0.004007628288,0.004007628288,9.45187e-11,0.004007908421,0.004007908421,3.24287e-12
0.04467,-3.380607278e-07,-3.363063062e-07,2.04154e-09,0.004007628291,0.004007628291,9.07553e-11,0.00400790843,0.00400790843,2.81306e-12
0.04468,-3.3622156e-07,-3.344295487e-07,2.08528e-09,0.004007628294,0.004007628295,8.84462e-11,0.004007908439,0.004007908439,2.42561e-12
0.04469,-3.343898875e-07,-3.325632597e-07,2.12556e-09,0.004007628298,0.004007628298,8.59904e-11,0.004007908449,0.004007908448,2.02411e-12
0.0447,-3.325655686e-07,-3.307073817e-07,2.16228e-09,0.004007628301,0.004007628301,8.33917e-11,0.004007908458,0.004007908458,1.60898e-12
0.04471,-3.307484639e-07,-3.288618578e-07,2.19535e-09,0.004007628304,0.004007628305,8.06543e-11,0.004007908467,0.004007908467,1.18172e-12
0.04472,-3.289384371e-07,-3.270266311e-07,2.22468e-09,0.004007628308,0.004007628308,7.77831e-11,0.004007908476,0.004007908476,7.43393e-13
0.04473,-3.271353544e-07,-3.252016452e-07,2.25016e-09,0.004007628311,0.004007628311,7.47836e-11,0.004007908485,0.004007908485,2.95484e-13
0.04474,-3.253390852e-07,-3.233868436e-07,2.27173e-09,0.004007628314,0.004007628315,7.16615e-11,0.004007908494,0.004007908494,1.60728e-13
0.04475,-3.235495018e-07,-3.215821703e-07,2.28929e-09,0.004007628317,0.004007628318,6.84227e-11,0.004007908503,0.004007908503,6.2439e-13
0.04476,-3.217664798e-07,-3.197875696e-07,2.30276e-09,0.004007628321,0.004007628321,6.50734e-11,0.004007908512,0.004007908512,1.09423e-12
0.04477,-3.199898978e-07,-3.18002986e-07,2.31207e-09,0.004007628324,0.004007628324,6.16216e-11,0.004007908521,0.004007908521,1.56875e-12
0.04478,-3.182196378e-07,-3.162283641e-07,2.31715e-09,0.004007628327,0.004007628327,5.8074e-11,0.00400790853,0.00400790853,2.04625e-12
0.04479,-3.164555851e-07,-3.144636489e-07,2.31792e-09,0.00400762833,0.00400762833,5.44383e-11,0.004007908539,0.004007908539,2.52609e-12
0.0448,-3.146976285e-07,-3.127087857e-07,2.31432e-09,0.004007628333,0.004007628334,5.07238e-11,0.004007908548,0.004007908548,3.00593e-12
0.04481,-3.129456605e-07,-3.1096372e-07,2.30629e-09,0.004007628337,0.004007628337,4.69389e-11,0.004007908557,0.004007908557,3.48556e-12
0.04482,-3.111995771e-07,-3.092283975e-07,2.29377e-09,0.00400762834,0.00400762834,4.30929e-11,0.004007908566,0.004007908566,3.96242e-12
0.04483,-3.09459278e-07,-3.075027642e-07,2.2767e-09,0.004007628343,0.004007628343,3.91958e-11,0.004007908574,0.004007908574,4.43524e-12
0.04484,-3.077246669e-07,-3.057867664e-07,2.25504e-09,0.004007628346,0.004007628346,3.52574e-11,0.004007908583,0.004007908583,4.90316e-12
0.04485,-3.059956513e-07,-3.040803505e-07,2.22874e-09,0.004007628349,0.004007628349,3.12899e-11,0.004007908592,0.004007908592,5.36341e-12
0.04486,-3.042721426e-07,-3.023834634e-07,2.19777e-09,0.004007628352,0.004007628352,2.73034e-11,0.0040079086,0.0040079086,5.81515e-12
0.04487,-3.025540566e-07,-3.00696052e-07,2.16207e-09,0.004007628355,0.004007628355,2.33104e-11,0.004007908609,0.004007908609,6.25689e-12
0.04488,-3.008413129e-07,-2.990180637e-07,2.12163e-09,0.004007628358,0.004007628358,1.93224e-11,0.004007908618,0.004007908618,6.6867e-12
0.04489,-2.991338357e-07,-2.973494459e-07,2.07641e-09,0.004007628361,0.004007628361,1.53532e-11,0.004007908626,0.004007908626,7.10225e-12
0.0449,-2.974315534e-07,-2.956901465e-07,2.02639e-09,0.004007628364,0.004007628364,1.14165e-11,0.004007908635,0.004007908635,7.5029e-12
0.04491,-2.957343988e-07,-2.940401135e-07,1.97156e-09,0.004007628367,0.004007628367,7.52514e-12,0.004007908643,0.004007908643,7.88588e-12
0.04492,-2.940423093e-07,-2.923992952e-07,1.9119e-09,0.00400762837,0.00400762837,3.69446e-12,0.004007908651,0.004007908651,8.24927e-12
0.04493,-2.923552269e-07,-2.907676402e-07,1.8474e-09,0.004007628373,0.004007628373,6.06592e-14,0.00400790866,0.00400790866,8.59138e-12
0.04494,-2.906730983e-07,-2.891450972e-07,1.77806e-09,0.004007628376,0.004007628376,3.72469e-12,0.004007908668,0.004007908668,8.91049e-12
0.04495,-2.889958751e-07,-2.875316153e-07,1.70389e-09,0.004007628379,0.004007628379,7.28123e-12,0.004007908676,0.004007908677,9.20406e-12
0.04496,-2.873235137e-07,-2.859271439e-07,1.62489e-09,0.004007628382,0.004007628381,1.07141e-11,0.004007908685,0.004007908685,9.47059e-12
0.04497,-2.856559754e-07,-2.843316325e-07,1.54107e-09,0.004007628384,0.004007628384,1.4005e-11,0.004007908693,0.004007908693,9.70668e-12
0.04498,-2.839932268e-07,-2.827450309e-07,1.45247e-09,0.004007628387,0.004007628387,1.71374e-11,0.004007908701,0.004007908701,9.91148e-12
0.04499,-2.823352393e-07,-2.811672893e-07,1.35909e-09,0.00400762839,0.00400762839,2.00912e-11,0.004007908709,0.004007908709,1.00818e-11
0.045,-2.806819899e-07,-2.795983579e-07,1.26097e-09,0.004007628393,0.004007628393,2.28491e-11,0.004007908718,0.004007908718,1.02157e-11
0.04501,-2.790334606e-07,-2.780381874e-07,1.15815e-09,0.004007628396,0.004007628396,2.539e-11,0.004007908726,0.004007908726,1.03106e-11
0.04502,-2.773913873e-07,-2.764867286e-07,1.05271e-09,0.004007628398,0.004007628398,2.79051e-11,0.004007908734,0.004007908734,1.03969e-11
0.04503,-2.757685923e-07,-2.749439326e-07,9.59617e-10,0.004007628401,0.004007628401,3.19212e-11,0.004007908742,0.004007908742,1.07143e-11
0.04504,-2.741524237e-07,-2.734097508e-07,8.64213e-10,0.004007628404,0.004007628404,3.58913e-11,0.00400790875,0.00400790875,1.10215e-11
0.04505,-2.725429994e-07,-2.718841348e-07,7.66689e-10,0.004007628407,0.004007628407,3.9806e-11,0.004007908758,0.004007908758,1.13178e-11
0.04506,-2.709404469e-07,-2.703670364e-07,6.6725e-10,0.004007628409,0.004007628409,4.36571e-11,0.004007908766,0.004007908766,1.16026e-11
0.04507,-2.693449032e-07,-2.688584079e-07,5.66111e-10,0.004007628412,0.004007628412,4.74357e-11,0.004007908773,0.004007908774,1.1876e-11
0.04508,-2.67756515e-07,-2.673582014e-07,4.63498e-10,0.004007628415,0.004007628415,5.11333e-11,0.004007908781,0.004007908781,1.21361e-11
0.04509,-2.661754387e-07,-2.658663698e-07,3.59649e-10,0.004007628418,0.004007628417,5.47405e-11,0.004007908789,0.004007908789,1.23833e-11
0.0451,-2.646018408e-07,-2.643828659e-07,2.5481e-10,0.00400762842,0.00400762842,5.82483e-11,0.004007908797,0.004007908797,1.26168e-11
0.04511,-2.630358977e-07,-2.629076428e-07,1.49244e-10,0.004007628423,0.004007628423,6.16463e-11,0.004007908805,0.004007908805,1.28361e-11
0.04512,-2.614777962e-07,-2.61440654e-07,4.32206e-11,0.004007628425,0.004007628425,6.49257e-11,0.004007908812,0.004007908813,1.304e-11
0.04513,-2.599277334e-07,-2.599818531e-07,6.29765e-11,0.004007628428,0.004007628428,6.80762e-11,0.00400790882,0.00400790882,1.32284e-11
0.04514,-2.583859168e-07,-2.58531194e-07,1.69052e-10,0.004007628431,0.00400762843,7.10876e-11,0.004007908828,0.004007908828,1.34009e-11
0.04515,-2.568525647e-07,-2.570886308e-07,2.74699e-10,0.004007628433,0.004007628433,7.39501e-11,0.004007908835,0.004007908836,1.35561e-11
0.04516,-2.553279062e-07,-2.556541181e-07,3.79597e-10,0.004007628436,0.004007628436,7.6653e-11,0.004007908843,0.004007908843,1.36938e-11
0.04517,-2.538121811e-07,-2.542276104e-07,4.83415e-10,0.004007628438,0.004007628438,7.91858e-11,0.004007908851,0.004007908851,1.38134e-11
0.04518,-2.523056404e-07,-2.528090627e-07,5.85808e-10,0.004007628441,0.004007628441,8.15374e-11,0.004007908858,0.004007908858,1.39143e-11
0.04519,-2.508085463e-07,-2.513984303e-07,6.8642e-10,0.004007628444,0.004007628443,8.36971e-11,0.004007908866,0.004007908866,1.39952e-11
0.0452,-2.493211723e-07,-2.499956684e-07,7.84879e-10,0.004007628446,0.004007628446,8.56531e-11,0.004007908873,0.004007908873,1.40563e-11
0.04521,-2.478438034e-07,-2.48600733e-07,8.80803e-10,0.004007628449,0.004007628448,8.73943e-11,0.004007908881,0.004007908881,1.40957e-11
0.04522,-2.463767361e-07,-2.472135798e-07,9.73795e-10,0.004007628451,0.004007628451,8.89099e-11,0.004007908888,0.004007908888,1.41142e-11
0.04523,-2.449202788e-07,-2.458341651e-07,1.06345e-09,0.004007628453,0.004007628453,9.01874e-11,0.004007908895,0.004007908895,1.41098e-11
0.04524,-2.434747518e-07,-2.444624454e-07,1.14933e-09,0.004007628456,0.004007628456,9.12148e-11,0.004007908903,0.004007908903,1.40823e-11
0.04525,-2.420404872e-07,-2.430983773e-07,1.23102e-09,0.004007628458,0.004007628458,9.19799e-11,0.00400790891,0.00400790891,1.40304e-11
0.04526,-2.406178294e-07,-2.417419179e-07,1.30805e-09,0.004007628461,0.00400762846,9.2471e-11,0.004007908917,0.004007908917,1.39539e-11
0.04527,-2.392071353e-07,-2.403930245e-07,1.37996e-09,0.004007628463,0.004007628463,9.26751e-11,0.004007908925,0.004007908925,1.38518e-11
0.04528,-2.378087739e-07,-2.390516543e-07,1.44628e-09,0.004007628466,0.004007628465,9.25795e-11,0.004007908932,0.004007908932,1.37227e-11
0.04529,-2.364231269e-07,-2.377177653e-07,1.50651e-09,0.004007628468,0.004007628468,9.21711e-11,0.004007908939,0.004007908939,1.35663e-11
0.0453,-2.350505889e-07,-2.363913154e-07,1.56014e-09,0.00400762847,0.00400762847,9.14376e-11,0.004007908946,0.004007908946,1.33815e-11
0.04531,-2.336915671e-07,-2.350722629e-07,1.60665e-09,0.004007628473,0.004007628472,9.03651e-11,0.004007908953,0.004007908953,1.31675e-11
0.04532,-2.323464817e-07,-2.337605662e-07,1.6455e-09,0.004007628475,0.004007628475,8.89404e-11,0.00400790896,0.00400790896,1.29236e-11
0.04533,-2.310157663e-07,-2.324561842e-07,1.67614e-09,0.004007628477,0.004007628477,8.715e-11,0.004007908967,0.004007908967,1.26483e-11
0.04534,-2.296998676e-07,-2.311590758e-07,1.69801e-09,0.00400762848,0.004007628479,8.49794e-11,0.004007908974,0.004007908974,1.23407e-11
0.04535,-2.283992456e-07,-2.298692003e-07,1.71052e-09,0.004007628482,0.004007628482,8.2416e-11,0.004007908981,0.004007908981,1.20005e-11
0.04536,-2.27114374e-07,-2.285865173e-07,1.71306e-09,0.004007628484,0.004007628484,7.94437e-11,0.004007908988,0.004007908988,1.16256e-11
0.04537,-2.258443135e-07,-2.273109864e-07,1.7067e-09,0.004007628487,0.004007628486,7.61036e-11,0.004007908995,0.004007908995,1.12207e-11
0.04538,-2.245268121e-07,-2.260425678e-07,1.76381e-09,0.004007628489,0.004007628488,7.47591e-11,0.004007909002,0.004007909002,1.09953e-11
0.04539,-2.23218782e-07,-2.247812218e-07,1.81814e-09,0.004007628491,0.004007628491,7.32578e-11,0.004007909009,0.004007909009,1.07596e-11
0.0454,-2.219202918e-07,-2.235269089e-07,1.86954e-09,0.004007628493,0.004007628493,7.16021e-11,0.004007909016,0.004007909016,1.05129e-11
0.04541,-2.206314101e-07,-2.222795899e-07,1.91791e-09,0.004007628495,0.004007628495,6.97957e-11,0.004007909023,0.004007909023,1.02555e-11
0.04542,-2.193522047e-07,-2.210392258e-07,1.96311e-09,0.004007628498,0.004007628497,6.7841e-11,0.00400790903,0.00400790903,9.98811e-12
0.04543,-2.180827429e-07,-2.19805778e-07,2.00501e-09,0.0040076285,0.0040076285,6.57418e-11,0.004007909036,0.004007909036,9.71179e-12
0.04544,-2.168230913e-07,-2.18579208e-07,2.04351e-09,0.004007628502,0.004007628502,6.35027e-11,0.004007909043,0.004007909043,9.42652e-12
0.04545,-2.15573316e-07,-2.173594777e-07,2.07847e-09,0.004007628504,0.004007628504,6.11278e-11,0.00400790905,0.00400790905,9.13232e-12
0.04546,-2.14333482e-07,-2.161465492e-07,2.10978e-09,0.004007628506,0.004007628506,5.86217e-11,0.004007909057,0.004007909057,8.83087e-12
0.04547,-2.131036536e-07,-2.149403847e-07,2.13732e-09,0.004007628509,0.004007628508,5.59895e-11,0.004007909063,0.004007909063,8.52155e-12
0.04548,-2.118838945e-07,-2.137409468e-07,2.16096e-09,0.004007628511,0.00400762851,5.32385e-11,0.00400790907,0.00400790907,8.20584e-12
0.04549,-2.106742669e-07,-2.125481985e-07,2.1806e-09,0.004007628513,0.004007628513,5.03724e-11,0.004007909076,0.004007909077,7.88354e-12
0.0455,-2.094748323e-07,-2.113621028e-07,2.19613e-09,0.004007628515,0.004007628515,4.73997e-11,0.004007909083,0.004007909083,7.55591e-12
0.04551,-2.082856511e-07,-2.10182623e-07,2.20741e-09,0.004007628517,0.004007628517,4.43267e-11,0.00400790909,0.00400790909,7.22338e-12
0.04552,-2.071067824e-07,-2.090097228e-07,2.21436e-09,0.004007628519,0.004007628519,4.11605e-11,0.004007909096,0.004007909096,6.88639e-12
0.04553,-2.059382842e-07,-2.078433661e-07,2.21685e-09,0.004007628521,0.004007628521,3.79096e-11,0.004007909103,0.004007909103,6.54556e-12
0.04554,-2.047802131e-07,-2.066835169e-07,2.21478e-09,0.004007628523,0.004007628523,3.45825e-11,0.004007909109,0.004007909109,6.20218e-12
0.04555,-2.036326244e-07,-2.055301396e-07,2.20805e-09,0.004007628525,0.004007628525,3.11878e-11,0.004007909116,0.004007909116,5.85645e-12
0.04556,-2.024955721e-07,-2.043831989e-07,2.19654e-09,0.004007628527,0.004007628527,2.77344e-11,0.004007909122,0.004007909122,5.50945e-12
0.04557,-2.013691084e-07,-2.032426596e-07,2.18016e-09,0.004007628529,0.004007628529,2.42334e-11,0.004007909128,0.004007909128,5.16138e-12
0.04558,-2.002532842e-07,-2.021084869e-07,2.15881e-09,0.004007628531,0.004007628531,2.06939e-11,0.004007909135,0.004007909135,4.81396e-12
0.04559,-1.991481487e-07,-2.009806462e-07,2.13239e-09,0.004007628533,0.004007628533,1.71278e-11,0.004007909141,0.004007909141,4.46674e-12
0.0456,-1.980537495e-07,-1.998591031e-07,2.1008e-09,0.004007628535,0.004007628535,1.35457e-11,0.004007909147,0.004007909147,4.12166e-12
0.04561,-1.969701323e-07,-1.987438236e-07,2.06396e-09,0.004007628537,0.004007628537,9.96023e-12,0.004007909154,0.004007909154,3.77891e-12
0.04562,-1.958973412e-07,-1.976348196e-07,2.02182e-09,0.004007628539,0.004007628539,6.40135e-12,0.00400790916,0.00400790916,3.4185e-12
0.04563,-1.948354182e-07,-1.965322056e-07,1.97447e-09,0.004007628541,0.004007628541,2.9408e-12,0.004007909166,0.004007909166,2.97591e-12
0.04564,-1.937844035e-07,-1.954357175e-07,1.92155e-09,0.004007628543,0.004007628543,5.01875e-13,0.004007909172,0.004007909172,2.55781e-12
0.04565,-1.927443352e-07,-1.943453226e-07,1.86299e-09,0.004007628545,0.004007628545,3.91241e-12,0.004007909178,0.004007909178,2.16482e-12
0.04566,-1.917152494e-07,-1.932609886e-07,1.7987e-09,0.004007628547,0.004007628547,7.27569e-12,0.004007909185,0.004007909185,1.79824e-12
0.04567,-1.906971801e-07,-1.921826832e-07,1.72861e-09,0.004007628549,0.004007628549,1.05762e-11,0.004007909191,0.004007909191,1.45805e-12
0.04568,-1.89690159e-07,-1.911103743e-07,1.65264e-09,0.004007628551,0.004007628551,1.37984e-11,0.004007909197,0.004007909197,1.14553e-12
0.04569,-1.886942156e-07,-1.900440298e-07,1.57071e-09,0.004007628553,0.004007628553,1.6926e-11,0.004007909203,0.004007909203,8.61331e-13
0.0457,-1.87709377e-07,-1.889836179e-07,1.48277e-09,0.004007628555,0.004007628555,1.99413e-11,0.004007909209,0.004007909209,6.07147e-13
0.04571,-1.86735668e-07,-1.879291069e-07,1.38875e-09,0.004007628556,0.004007628557,2.28281e-11,0.004007909215,0.004007909215,3.82979e-13
0.04572,-1.857731108e-07,-1.868804649e-07,1.28857e-09,0.004007628558,0.004007628558,2.55669e-11,0.004007909221,0.004007909221,1.91383e-13
0.04573,-1.847978765e-07,-1.858376607e-07,1.20995e-09,0.00400762856,0.00400762856,2.95627e-11,0.004007909227,0.004007909227,1.41781e-13
0.04574,-1.838291479e-07,-1.848006628e-07,1.13051e-09,0.004007628562,0.004007628562,3.36529e-11,0.004007909233,0.004007909233,4.75158e-13
0.04575,-1.828684024e-07,-1.8376944e-07,1.04849e-09,0.004007628564,0.004007628564,3.77298e-11,0.004007909239,0.004007909239,7.95549e-13
0.04576,-1.819154659e-07,-1.827439611e-07,9.6408e-10,0.004007628566,0.004007628566,4.1785e-11,0.004007909245,0.004007909244,1.10423e-12
0.04577,-1.809701554e-07,-1.817241952e-07,8.7744e-10,0.004007628567,0.004007628568,4.58087e-11,0.00400790925,0.00400790925,1.39972e-12
0.04578,-1.800322794e-07,-1.807101115e-07,7.88761e-10,0.004007628569,0.004007628569,4.97912e-11,0.004007909256,0.004007909256,1.68221e-12
0.04579,-1.791016372e-07,-1.797016791e-07,6.9824e-10,0.004007628571,0.004007628571,5.37221e-11,0.004007909262,0.004007909262,1.95194e-12
0.0458,-1.781780194e-07,-1.786988676e-07,6.06086e-10,0.004007628573,0.004007628573,5.75915e-11,0.004007909268,0.004007909268,2.20804e-12
0.04581,-1.77261207e-07,-1.777016464e-07,5.12518e-10,0.004007628575,0.004007628575,6.13886e-11,0.004007909274,0.004007909274,2.44987e-12
0.04582,-1.76350972e-07,-1.767099852e-07,4.17766e-10,0.004007628576,0.004007628577,6.5103e-11,0.004007909279,0.004007909279,2.67809e-12
0.04583,-1.754470766e-07,-1.757238538e-07,3.22072e-10,0.004007628578,0.004007628578,6.87232e-11,0.004007909285,0.004007909285,2.89118e-12
0.04584,-1.745492736e-07,-1.747432221e-07,2.25689e-10,0.00400762858,0.00400762858,7.22387e-11,0.004007909291,0.004007909291,3.08981e-12
0.04585,-1.736573059e-07,-1.737680602e-07,1.28879e-10,0.004007628582,0.004007628582,7.56369e-11,0.004007909296,0.004007909296,3.27289e-12
0.04586,-1.727709066e-07,-1.727983383e-07,3.1921e-11,0.004007628583,0.004007628584,7.89065e-11,0.004007909302,0.004007909302,3.43957e-12
0.04587,-1.718897984e-07,-1.718340266e-07,6.4899e-11,0.004007628585,0.004007628585,8.2035e-11,0.004007909308,0.004007909308,3.59008e-12
0.04588,-1.710136942e-07,-1.708750956e-07,1.6128e-10,0.004007628587,0.004007628587,8.50109e-11,0.004007909313,0.004007909313,3.72356e-12
0.04589,-1.701422962e-07,-1.699215159e-07,2.56911e-10,0.004007628588,0.004007628589,8.78202e-11,0.004007909319,0.004007909319,3.83937e-12
0.0459,-1.692752963e-07,-1.689732581e-07,3.51467e-10,0.00400762859,0.00400762859,9.04507e-11,0.004007909324,0.004007909324,3.93687e-12
0.04591,-1.684123757e-07,-1.680302931e-07,4.44611e-10,0.004007628592,0.004007628592,9.28896e-11,0.00400790933,0.00400790933,4.01521e-12
0.04592,-1.675532047e-07,-1.670925919e-07,5.35993e-10,0.004007628593,0.004007628594,9.51219e-11,0.004007909335,0.004007909335,4.0744e-12
0.04593,-1.666974428e-07,-1.661601254e-07,6.2525e-10,0.004007628595,0.004007628595,9.71347e-11,0.004007909341,0.004007909341,4.11272e-12
0.04594,-1.658447383e-07,-1.652328651e-07,7.12007e-10,0.004007628597,0.004007628597,9.89142e-11,0.004007909346,0.004007909346,4.1306e-12
0.04595,-1.649947284e-07,-1.64310782e-07,7.95875e-10,0.004007628598,0.004007628599,1.00445e-10,0.004007909352,0.004007909352,4.12634e-12
0.04596,-1.641470387e-07,-1.633938478e-07,8.76452e-10,0.0040076286,0.0040076286,1.01713e-10,0.004007909357,0.004007909357,4.0993e-12
0.04597,-1.633012835e-07,-1.624820341e-07,9.53321e-10,0.004007628602,0.004007628602,1.02702e-10,0.004007909362,0.004007909362,4.04906e-12
0.04598,-1.624570654e-07,-1.615753125e-07,1.02605e-09,0.004007628603,0.004007628604,1.03398e-10,0.004007909368,0.004007909368,3.97455e-12
0.04599,-1.61613975e-07,-1.60673655e-07,1.09421e-09,0.004007628605,0.004007628605,1.03785e-10,0.004007909373,0.004007909373,3.87471e-12
0.046,-1.607715912e-07,-1.597770334e-07,1.15732e-09,0.004007628606,0.004007628607,1.03847e-10,0.004007909378,0.004007909378,3.74932e-12
0.04601,-1.599294806e-07,-1.5888542e-07,1.21492e-09,0.004007628608,0.004007628608,1.03568e-10,0.004007909384,0.004007909384,3.5969e-12
0.04602,-1.590871976e-07,-1.57998787e-07,1.26653e-09,0.00400762861,0.00400762861,1.0293e-10,0.004007909389,0.004007909389,3.41616e-12
0.04603,-1.582442844e-07,-1.571171067e-07,1.31164e-09,0.004007628611,0.004007628612,1.01917e-10,0.004007909394,0.004007909394,3.2071e-12
0.04604,-1.574002703e-07,-1.562403517e-07,1.34974e-09,0.004007628613,0.004007628613,1.00511e-10,0.004007909399,0.004007909399,2.96804e-12
0.04605,-1.565546723e-07,-1.553684945e-07,1.3803e-09,0.004007628614,0.004007628615,9.86961e-11,0.004007909405,0.004007909405,2.6981e-12
0.04606,-1.557069944e-07,-1.545015079e-07,1.40277e-09,0.004007628616,0.004007628616,9.64528e-11,0.00400790941,0.00400790941,2.39623e-12
0.04607,-1.548567275e-07,-1.536393649e-07,1.41659e-09,0.004007628617,0.004007628618,9.37625e-11,0.004007909415,0.004007909415,2.06221e-12
0.04608,-1.540503868e-07,-1.527820385e-07,1.47592e-09,0.004007628619,0.004007628619,9.29639e-11,0.00400790942,0.00400790942,1.85976e-12
0.04609,-1.532554475e-07,-1.519295017e-07,1.54294e-09,0.004007628621,0.004007628621,9.24352e-11,0.004007909425,0.004007909425,1.67647e-12
0.0461,-1.52463354e-07,-1.510817279e-07,1.60773e-09,0.004007628622,0.004007628622,9.1755e-11,0.00400790943,0.00400790943,1.48189e-12
0.04611,-1.516739519e-07,-1.502386904e-07,1.67014e-09,0.004007628624,0.004007628624,9.09253e-11,0.004007909435,0.004007909435,1.27603e-12
0.04612,-1.508870855e-07,-1.494003629e-07,1.73003e-09,0.004007628625,0.004007628625,8.99469e-11,0.00400790944,0.00400790944,1.05995e-12
0.04613,-1.501025987e-07,-1.48566719e-07,1.78723e-09,0.004007628627,0.004007628627,8.8821e-11,0.004007909445,0.004007909445,8.33656e-13
0.04614,-1.493203343e-07,-1.477377324e-07,1.8416e-09,0.004007628628,0.004007628628,8.75493e-11,0.00400790945,0.00400790945,5.97992e-13
0.04615,-1.485401344e-07,-1.469133771e-07,1.89298e-09,0.00400762863,0.00400762863,8.61335e-11,0.004007909455,0.004007909455,3.53175e-13
0.04616,-1.477618403e-07,-1.460936271e-07,1.94122e-09,0.004007628631,0.004007628631,8.45755e-11,0.00400790946,0.00400790946,9.96299e-14
0.04617,-1.469852928e-07,-1.452784566e-07,1.98616e-09,0.004007628632,0.004007628633,8.28785e-11,0.004007909465,0.004007909465,1.62857e-13
0.04618,-1.462103316e-07,-1.4446784e-07,2.02765e-09,0.004007628634,0.004007628634,8.10458e-11,0.00400790947,0.00400790947,4.32581e-13
0.04619,-1.454367962e-07,-1.436617516e-07,2.06553e-09,0.004007628635,0.004007628636,7.90793e-11,0.004007909475,0.004007909475,7.09118e-13
0.0462,-1.446645251e-07,-1.428601661e-07,2.09965e-09,0.004007628637,0.004007628637,7.69839e-11,0.00400790948,0.00400790948,9.92467e-13
0.04621,-1.438933565e-07,-1.420630581e-07,2.12983e-09,0.004007628638,0.004007628639,7.47625e-11,0.004007909485,0.004007909485,1.28156e-12
0.04622,-1.431231278e-07,-1.412704024e-07,2.15593e-09,0.00400762864,0.00400762864,7.242e-11,0.00400790949,0.00400790949,1.57513e-12
0.04623,-1.423536761e-07,-1.40482174e-07,2.17778e-09,0.004007628641,0.004007628641,6.99607e-11,0.004007909495,0.004007909495,1.8736e-12
0.04624,-1.415848376e-07,-1.396983481e-07,2.19522e-09,0.004007628643,0.004007628643,6.73896e-11,0.004007909499,0.004007909499,2.17589e-12
0.04625,-1.408164486e-07,-1.389188997e-07,2.20809e-09,0.004007628644,0.004007628644,6.4712e-11,0.004007909504,0.004007909504,2.47989e-12
0.04626,-1.400483444e-07,-1.381438042e-07,2.21622e-09,0.004007628645,0.004007628646,6.19341e-11,0.004007909509,0.004007909509,2.78666e-12
0.04627,-1.392803602e-07,-1.373730372e-07,2.21946e-09,0.004007628647,0.004007628647,5.9061e-11,0.004007909514,0.004007909514,3.09385e-12
0.04628,-1.385123309e-07,-1.366065742e-07,2.21764e-09,0.004007628648,0.004007628648,5.60999e-11,0.004007909518,0.004007909518,3.40104e-12
0.04629,-1.377440907e-07,-1.358443909e-07,2.21059e-09,0.004007628649,0.00400762865,5.30574e-11,0.004007909523,0.004007909523,3.70738e-12
0.0463,-1.369754738e-07,-1.350864632e-07,2.19815e-09,0.004007628651,0.004007628651,4.99406e-11,0.004007909528,0.004007909528,4.01138e-12
0.04631,-1.362063139e-07,-1.34332767e-07,2.18016e-09,0.004007628652,0.004007628652,4.67574e-11,0.004007909532,0.004007909532,4.31198e-12
0.04632,-1.354364447e-07,-1.335832786e-07,2.15644e-09,0.004007628654,0.004007628654,4.35156e-11,0.004007909537,0.004007909537,4.60831e-12
0.04633,-1.346656993e-07,-1.328379741e-07,2.12684e-09,0.004007628655,0.004007628655,4.02241e-11,0.004007909542,0.004007909542,4.89826e-12
0.04634,-1.338939111e-07,-1.320968299e-07,2.09118e-09,0.004007628656,0.004007628656,3.6891e-11,0.004007909546,0.004007909546,5.18203e-12
0.04635,-1.331209128e-07,-1.313598226e-07,2.0493e-09,0.004007628658,0.004007628658,3.35266e-11,0.004007909551,0.004007909551,5.45665e-12
0.04636,-1.323465373e-07,-1.306269286e-07,2.00103e-09,0.004007628659,0.004007628659,3.01397e-11,0.004007909555,0.004007909555,5.72212e-12
0.04637,-1.315706173e-07,-1.298981249e-07,1.9462e-09,0.00400762866,0.00400762866,2.67418e-11,0.00400790956,0.00400790956,5.97631e-12
0.04638,-1.307929855e-07,-1.291733883e-07,1.88465e-09,0.004007628661,0.004007628662,2.33419e-11,0.004007909564,0.004007909564,6.21729e-12
0.04639,-1.300134744e-07,-1.284526958e-07,1.8162e-09,0.004007628663,0.004007628663,1.99515e-11,0.004007909569,0.004007909569,6.44444e-12
0.0464,-1.292319167e-07,-1.277360245e-07,1.7407e-09,0.004007628664,0.004007628664,1.65829e-11,0.004007909573,0.004007909573,6.65519e-12
0.04641,-1.284481449e-07,-1.270233518e-07,1.65796e-09,0.004007628665,0.004007628665,1.32471e-11,0.004007909578,0.004007909578,6.84892e-12
0.04642,-1.276619918e-07,-1.26314655e-07,1.56783e-09,0.004007628667,0.004007628667,9.95704e-12,0.004007909582,0.004007909582,7.02306e-12
0.04643,-1.26899059e-07,-1.256099117e-07,1.50012e-09,0.004007628668,0.004007628668,6.12487e-12,0.004007909587,0.004007909587,7.3145e-12
0.04644,-1.261456118e-07,-1.249090996e-07,1.43887e-09,0.004007628669,0.004007628669,2.07986e-12,0.004007909591,0.004007909591,7.64915e-12
0.04645,-1.25393609e-07,-1.242121964e-07,1.37475e-09,0.00400762867,0.00400762867,1.98068e-12,0.004007909595,0.004007909595,7.9821e-12
0.04646,-1.24643135e-07,-1.2351918e-07,1.30789e-09,0.004007628672,0.004007628672,6.04783e-12,0.0040079096,0.0040079096,8.31186e-12
0.04647,-1.238942821e-07,-1.228300286e-07,1.23842e-09,0.004007628673,0.004007628673,1.01126e-11,0.004007909604,0.004007909604,8.63906e-12
0.04648,-1.231471512e-07,-1.221447202e-07,1.16648e-09,0.004007628674,0.004007628674,1.41659e-11,0.004007909608,0.004007909608,8.96222e-12
0.04649,-1.224018511e-07,-1.214632332e-07,1.09222e-09,0.004007628675,0.004007628675,1.81988e-11,0.004007909613,0.004007909613,9.28027e-12
0.0465,-1.216584996e-07,-1.207855461e-07,1.01581e-09,0.004007628677,0.004007628677,2.22017e-11,0.004007909617,0.004007909617,9.59343e-12
0.04651,-1.20917223e-07,-1.201116373e-07,9.37421e-10,0.004007628678,0.004007628678,2.61639e-11,0.004007909621,0.004007909621,9.89955e-12
0.04652,-1.201781564e-07,-1.194414857e-07,8.57228e-10,0.004007628679,0.004007628679,3.00755e-11,0.004007909626,0.004007909626,1.01991e-11
0.04653,-1.194414438e-07,-1.1877507e-07,7.75427e-10,0.00400762868,0.00400762868,3.39259e-11,0.00400790963,0.00400790963,1.04903e-11
0.04654,-1.187072383e-07,-1.181123691e-07,6.92221e-10,0.004007628682,0.004007628681,3.77034e-11,0.004007909634,0.004007909634,1.07726e-11
0.04655,-1.179757024e-07,-1.174533622e-07,6.07822e-10,0.004007628683,0.004007628683,4.13974e-11,0.004007909638,0.004007909638,1.10451e-11
0.04656,-1.172470077e-07,-1.167980285e-07,5.22456e-10,0.004007628684,0.004007628684,4.49955e-11,0.004007909642,0.004007909642,1.13063e-11
0.04657,-1.165213356e-07,-1.161463473e-07,4.36356e-10,0.004007628685,0.004007628685,4.84858e-11,0.004007909647,0.004007909647,1.15558e-11
0.04658,-1.157988769e-07,-1.15498298e-07,3.49769e-10,0.004007628686,0.004007628686,5.18563e-11,0.004007909651,0.004007909651,1.17919e-11
0.04659,-1.150798323e-07,-1.148538604e-07,2.62953e-10,0.004007628687,0.004007628687,5.50941e-11,0.004007909655,0.004007909655,1.20139e-11
0.0466,-1.143644124e-07,-1.14213014e-07,1.76175e-10,0.004007628689,0.004007628688,5.81864e-11,0.004007909659,0.004007909659,1.22206e-11
0.04661,-1.136528378e-07,-1.135757389e-07,8.97164e-11,0.00400762869,0.004007628689,6.11189e-11,0.004007909663,0.004007909663,1.2411e-11
0.04662,-1.129453395e-07,-1.129420148e-07,3.86881e-12,0.004007628691,0.004007628691,6.38781e-11,0.004007909667,0.004007909667,1.25836e-11
0.04663,-1.122421587e-07,-1.123118221e-07,8.10639e-11,0.004007628692,0.004007628692,6.64505e-11,0.004007909671,0.004007909671,1.27379e-11
0.04664,-1.115435471e-07,-1.116851408e-07,1.64766e-10,0.004007628693,0.004007628693,6.88211e-11,0.004007909675,0.004007909675,1.28708e-11
0.04665,-1.108497669e-07,-1.110619515e-07,2.46909e-10,0.004007628694,0.004007628694,7.09746e-11,0.004007909679,0.004007909679,1.29832e-11
0.04666,-1.101610913e-07,-1.104422345e-07,3.27153e-10,0.004007628695,0.004007628695,7.2897e-11,0.004007909683,0.004007909683,1.30722e-11
0.04667,-1.094778042e-07,-1.098259706e-07,4.05144e-10,0.004007628696,0.004007628696,7.4571e-11,0.004007909687,0.004007909687,1.31375e-11
0.04668,-1.088002007e-07,-1.092131404e-07,4.80518e-10,0.004007628698,0.004007628697,7.59821e-11,0.004007909691,0.004007909691,1.31767e-11
0.04669,-1.08128587e-07,-1.086037249e-07,5.52895e-10,0.004007628699,0.004007628698,7.71131e-11,0.004007909695,0.004007909695,1.31884e-11
0.0467,-1.074632805e-07,-1.079977051e-07,6.21884e-10,0.0040076287,0.004007628699,7.79472e-11,0.004007909699,0.004007909699,1.3172e-11
0.04671,-1.068046103e-07,-1.073950621e-07,6.8708e-10,0.004007628701,0.004007628701,7.84674e-11,0.004007909703,0.004007909703,1.31252e-11
0.04672,-1.06152917e-07,-1.067957772e-07,7.48065e-10,0.004007628702,0.004007628702,7.86564e-11,0.004007909707,0.004007909707,1.30458e-11
0.04673,-1.055085528e-07,-1.061998319e-07,8.04408e-10,0.004007628703,0.004007628703,7.84957e-11,0.004007909711,0.004007909711,1.29334e-11
0.04674,-1.048718818e-07,-1.056072076e-07,8.55663e-10,0.004007628704,0.004007628704,7.79679e-11,0.004007909715,0.004007909715,1.27854e-11
0.04675,-1.042432804e-07,-1.05017886e-07,9.01371e-10,0.004007628705,0.004007628705,7.70533e-11,0.004007909718,0.004007909719,1.26008e-11
0.04676,-1.036231369e-07,-1.04431849e-07,9.41059e-10,0.004007628706,0.004007628706,7.57331e-11,0.004007909722,0.004007909722,1.23769e-11
0.04677,-1.030118518e-07,-1.038490783e-07,9.7424e-10,0.004007628707,0.004007628707,7.39876e-11,0.004007909726,0.004007909726,1.21125e-11
0.04678,-1.023803387e-07,-1.032695562e-07,1.03474e-09,0.004007628708,0.004007628708,7.36185e-11,0.00400790973,0.00400790973,1.19818e-11
0.04679,-1.017387699e-07,-1.026932647e-07,1.1107e-09,0.004007628709,0.004007628709,7.4004e-11,0.004007909734,0.004007909734,1.19245e-11
0.0468,-1.011016961e-07,-1.021201862e-07,1.18517e-09,0.00400762871,0.00400762871,7.42513e-11,0.004007909738,0.004007909738,1.18543e-11
0.04681,-1.004692404e-07,-1.015503031e-07,1.25798e-09,0.004007628711,0.004007628711,7.436e-11,0.004007909741,0.004007909741,1.17714e-11
0.04682,-9.984152833e-08,-1.00983598e-07,1.32897e-09,0.004007628712,0.004007628712,7.43285e-11,0.004007909745,0.004007909745,1.16756e-11
0.04683,-9.921868834e-08,-1.004200535e-07,1.39797e-09,0.004007628713,0.004007628713,7.41574e-11,0.004007909749,0.004007909749,1.15669e-11
0.04684,-9.860085134e-08,-9.985965258e-08,1.46481e-09,0.004007628714,0.004007628714,7.3846e-11,0.004007909752,0.004007909753,1.14449e-11
0.04685,-9.798815088e-08,-9.930237808e-08,1.5293e-09,0.004007628715,0.004007628715,7.33938e-11,0.004007909756,0.004007909756,1.13101e-11
0.04686,-9.738072318e-08,-9.874821312e-08,1.59128e-09,0.004007628716,0.004007628716,7.28016e-11,0.00400790976,0.00400790976,1.11624e-11
0.04687,-9.677870703e-08,-9.819714092e-08,1.65056e-09,0.004007628717,0.004007628717,7.20695e-11,0.004007909764,0.004007909764,1.10012e-11
0.04688,-9.618224388e-08,-9.76491448e-08,1.70696e-09,0.004007628718,0.004007628718,7.1199e-11,0.004007909767,0.004007909767,1.08269e-11
0.04689,-9.559147777e-08,-9.710420824e-08,1.76029e-09,0.004007628719,0.004007628719,7.01901e-11,0.004007909771,0.004007909771,1.064e-11
0.0469,-9.500655537e-08,-9.656231484e-08,1.81036e-09,0.00400762872,0.00400762872,6.90438e-11,0.004007909774,0.004007909774,1.04401e-11
0.04691,-9.442762595e-08,-9.602344833e-08,1.85698e-09,0.004007628721,0.004007628721,6.77631e-11,0.004007909778,0.004007909778,1.02272e-11
0.04692,-9.385484138e-08,-9.548759257e-08,1.89995e-09,0.004007628722,0.004007628722,6.63479e-11,0.004007909782,0.004007909782,1.00011e-11
0.04693,-9.328835615e-08,-9.495473154e-08,1.93908e-09,0.004007628723,0.004007628723,6.48012e-11,0.004007909785,0.004007909785,9.76288e-12
0.04694,-9.272832735e-08,-9.442484936e-08,1.97416e-09,0.004007628724,0.004007628724,6.31255e-11,0.004007909789,0.004007909789,9.5121e-12
0.04695,-9.217491465e-08,-9.389793027e-08,2.00499e-09,0.004007628725,0.004007628725,6.13234e-11,0.004007909792,0.004007909792,9.24834e-12
0.04696,-9.162828033e-08,-9.337410215e-08,2.03153e-09,0.004007628726,0.004007628726,5.94575e-11,0.004007909796,0.004007909796,8.88835e-12
0.04697,-9.108858927e-08,-9.285330594e-08,2.05352e-09,0.004007628727,0.004007628727,5.75121e-11,0.004007909799,0.004007909799,8.45896e-12
0.04698,-9.055600892e-08,-9.233539214e-08,2.07058e-09,0.004007628728,0.004007628727,5.54348e-11,0.004007909803,0.004007909803,8.0383e-12
0.04699,-9.003070932e-08,-9.182034581e-08,2.08251e-09,0.004007628729,0.004007628728,5.32287e-11,0.004007909806,0.004007909806,7.62616e-12
0.047,-8.951286312e-08,-9.130815204e-08,2.08909e-09,0.004007628729,0.004007628729,5.08984e-11,0.00400790981,0.00400790981,7.22253e-12
0.04701,-8.900264552e-08,-9.0798796e-08,2.09009e-09,0.00400762873,0.00400762873,4.84486e-11,0.004007909813,0.004007909813,6.82827e-12
0.04702,-8.850023431e-08,-9.029226292e-08,2.0853e-09,0.004007628731,0.004007628731,4.58841e-11,0.004007909817,0.004007909817,6.44231e-12
0.04703,-8.800580986e-08,-8.978853805e-08,2.07447e-09,0.004007628732,0.004007628732,4.32095e-11,0.00400790982,0.00400790982,6.06572e-12
0.04704,-8.75195551e-08,-8.928760672e-08,2.0574e-09,0.004007628733,0.004007628733,4.04307e-11,0.004007909824,0.004007909824,5.69743e-12
0.04705,-8.704165554e-08,-8.878945433e-08,2.03383e-09,0.004007628734,0.004007628734,3.75531e-11,0.004007909827,0.004007909827,5.33978e-12
0.04706,-8.657229925e-08,-8.82940663e-08,2.00354e-09,0.004007628735,0.004007628735,3.45836e-11,0.00400790983,0.00400790983,4.99129e-12
0.04707,-8.611167687e-08,-8.780142812e-08,1.96628e-09,0.004007628736,0.004007628736,3.15272e-11,0.004007909834,0.004007909834,4.65344e-12
0.04708,-8.56599816e-08,-8.731152534e-08,1.92182e-09,0.004007628737,0.004007628736,2.83919e-11,0.004007909837,0.004007909837,4.32603e-12
0.04709,-8.521740918e-08,-8.682434357e-08,1.86991e-09,0.004007628737,0.004007628737,2.5184e-11,0.00400790984,0.00400790984,4.00968e-12
0.0471,-8.478415795e-08,-8.633986846e-08,1.81031e-09,0.004007628738,0.004007628738,2.19105e-11,0.004007909844,0.004007909844,3.70568e-12
0.04711,-8.436042874e-08,-8.585808573e-08,1.74275e-09,0.004007628739,0.004007628739,1.85802e-11,0.004007909847,0.004007909847,3.41424e-12
0.04712,-8.394642499e-08,-8.537898113e-08,1.667e-09,0.00400762874,0.00400762874,1.52003e-11,0.00400790985,0.00400790985,3.13558e-12
0.04713,-8.351933935e-08,-8.490254049e-08,1.60956e-09,0.004007628741,0.004007628741,1.16593e-11,0.004007909854,0.004007909854,2.82221e-12
0.04714,-8.308102034e-08,-8.442874969e-08,1.56829e-09,0.004007628742,0.004007628742,7.97445e-12,0.004007909857,0.004007909857,2.47819e-12
0.04715,-8.26479438e-08,-8.395759466e-08,1.52398e-09,0.004007628742,0.004007628742,4.23976e-12,0.00400790986,0.00400790986,2.13949e-12
0.04716,-8.22200254e-08,-8.348906139e-08,1.47672e-09,0.004007628743,0.004007628743,4.63138e-13,0.004007909863,0.004007909863,1.80547e-12
0.04717,-8.179717395e-08,-8.302313592e-08,1.42659e-09,0.004007628744,0.004007628744,3.34668e-12,0.004007909867,0.004007909867,1.47678e-12
0.04718,-8.137929123e-08,-8.255980434e-08,1.37371e-09,0.004007628745,0.004007628745,7.18119e-12,0.00400790987,0.00400790987,1.15447e-12
0.04719,-8.096627186e-08,-8.209905281e-08,1.31816e-09,0.004007628746,0.004007628746,1.10319e-11,0.004007909873,0.004007909873,8.38552e-13
0.0472,-8.055800322e-08,-8.164086754e-08,1.26008e-09,0.004007628746,0.004007628747,1.4889e-11,0.004007909876,0.004007909876,5.29444e-13
0.04721,-8.015436527e-08,-8.118523478e-08,1.19957e-09,0.004007628747,0.004007628747,1.87426e-11,0.004007909879,0.004007909879,2.27574e-13
0.04722,-7.975523042e-08,-8.073214086e-08,1.13678e-09,0.004007628748,0.004007628748,2.25833e-11,0.004007909882,0.004007909882,6.642e-14
0.04723,-7.93604634e-08,-8.028157214e-08,1.07185e-09,0.004007628749,0.004007628749,2.64008e-11,0.004007909886,0.004007909886,3.51472e-13
0.04724,-7.896992117e-08,-7.983351505e-08,1.00492e-09,0.00400762875,0.00400762875,3.01838e-11,0.004007909889,0.004007909889,6.27796e-13
0.04725,-7.858345272e-08,-7.938795608e-08,9.36162e-10,0.00400762875,0.004007628751,3.39215e-11,0.004007909892,0.004007909892,8.93689e-13
0.04726,-7.820089899e-08,-7.894488176e-08,8.65737e-10,0.004007628751,0.004007628751,3.76019e-11,0.004007909895,0.004007909895,1.14958e-12
0.04727,-7.78220927e-08,-7.850427868e-08,7.93827e-10,0.004007628752,0.004007628752,4.12142e-11,0.004007909898,0.004007909898,1.39375e-12
0.04728,-7.744685825e-08,-7.80661335e-08,7.20621e-10,0.004007628753,0.004007628753,4.47456e-11,0.004007909901,0.004007909901,1.62559e-12
0.04729,-7.707501158e-08,-7.76304329e-08,6.46317e-10,0.004007628754,0.004007628754,4.81834e-11,0.004007909904,0.004007909904,1.84443e-12
0.0473,-7.670636001e-08,-7.719716366e-08,5.71125e-10,0.004007628754,0.004007628754,5.15145e-11,0.004007909907,0.004007909907,2.04923e-12
0.04731,-7.634070214e-08,-7.676631258e-08,4.95262e-10,0.004007628755,0.004007628755,5.47258e-11,0.00400790991,0.00400790991,2.23933e-12
0.04732,-7.597782772e-08,-7.633786653e-08,4.1896e-10,0.004007628756,0.004007628756,5.78035e-11,0.004007909913,0.004007909913,2.41326e-12
0.04733,-7.561751749e-08,-7.591181243e-08,3.42457e-10,0.004007628757,0.004007628757,6.0733e-11,0.004007909916,0.004007909916,2.57015e-12
0.04734,-7.525954306e-08,-7.548813726e-08,2.66004e-10,0.004007628757,0.004007628758,6.35004e-11,0.004007909919,0.004007909919,2.70938e-12
0.04735,-7.49036668e-08,-7.506682806e-08,1.89863e-10,0.004007628758,0.004007628758,6.609e-11,0.004007909922,0.004007909922,2.82902e-12
0.04736,-7.454964165e-08,-7.46478719e-08,1.14306e-10,0.004007628759,0.004007628759,6.84863e-11,0.004007909925,0.004007909925,2.92886e-12
0.04737,-7.419721107e-08,-7.423125593e-08,3.96164e-11,0.004007628759,0.00400762876,7.06737e-11,0.004007909928,0.004007909928,3.00742e-12
0.04738,-7.384610883e-08,-7.381696735e-08,3.39105e-11,0.00400762876,0.004007628761,7.26363e-11,0.004007909931,0.004007909931,3.06319e-12
0.04739,-7.349605894e-08,-7.340499341e-08,1.05969e-10,0.004007628761,0.004007628761,7.43564e-11,0.004007909934,0.004007909934,3.0947e-12
0.0474,-7.314677545e-08,-7.299532142e-08,1.7624e-10,0.004007628762,0.004007628762,7.58174e-11,0.004007909937,0.004007909937,3.10109e-12
0.04741,-7.279796239e-08,-7.258793874e-08,2.44394e-10,0.004007628762,0.004007628763,7.70012e-11,0.00400790994,0.00400790994,3.08108e-12
0.04742,-7.24493136e-08,-7.218283278e-08,3.10091e-10,0.004007628763,0.004007628763,7.78904e-11,0.004007909943,0.004007909943,3.03297e-12
0.04743,-7.210051259e-08,-7.177999103e-08,3.72975e-10,0.004007628764,0.004007628764,7.84668e-11,0.004007909946,0.004007909946,2.95526e-12
0.04744,-7.175123242e-08,-7.137940101e-08,4.32682e-10,0.004007628765,0.004007628765,7.87098e-11,0.004007909949,0.004007909949,2.8469e-12
0.04745,-7.140113557e-08,-7.098105029e-08,4.88833e-10,0.004007628765,0.004007628766,7.86009e-11,0.004007909951,0.004007909951,2.70597e-12
0.04746,-7.104987381e-08,-7.058492652e-08,5.41037e-10,0.004007628766,0.004007628766,7.81205e-11,0.004007909954,0.004007909954,2.53141e-12
0.04747,-7.069708807e-08,-7.019101739e-08,5.8889e-10,0.004007628767,0.004007628767,7.72476e-11,0.004007909957,0.004007909957,2.32108e-12
0.04748,-7.035829037e-08,-6.979931065e-08,6.50458e-10,0.004007628767,0.004007628768,7.7231e-11,0.00400790996,0.00400790996,2.18781e-12
0.04749,-7.003765984e-08,-6.94097941e-08,7.30617e-10,0.004007628768,0.004007628768,7.84129e-11,0.004007909963,0.004007909963,2.16291e-12
0.0475,-6.971856316e-08,-6.90224556e-08,8.10027e-10,0.004007628769,0.004007628769,7.94746e-11,0.004007909966,0.004007909966,2.12714e-12
0.04751,-6.940084213e-08,-6.863728305e-08,8.88517e-10,0.004007628769,0.00400762877,8.04123e-11,0.004007909968,0.004007909968,2.08201e-12
0.04752,-6.908433481e-08,-6.825426444e-08,9.65913e-10,0.00400762877,0.00400762877,8.12248e-11,0.004007909971,0.004007909971,2.02623e-12
0.04753,-6.876887551e-08,-6.787338777e-08,1.04204e-09,0.004007628771,0.004007628771,8.19084e-11,0.004007909974,0.004007909974,1.95981e-12
0.04754,-6.845429476e-08,-6.749464113e-08,1.1167e-09,0.004007628771,0.004007628772,8.24613e-11,0.004007909977,0.004007909977,1.88318e-12
0.04755,-6.814041927e-08,-6.711801265e-08,1.18973e-09,0.004007628772,0.004007628772,8.28811e-11,0.004007909979,0.004007909979,1.79717e-12
0.04756,-6.782707192e-08,-6.674349052e-08,1.26091e-09,0.004007628773,0.004007628773,8.31654e-11,0.004007909982,0.004007909982,1.70073e-12
0.04757,-6.751407172e-08,-6.637106299e-08,1.33006e-09,0.004007628773,0.004007628774,8.33129e-11,0.004007909985,0.004007909985,1.59429e-12
0.04758,-6.720123379e-08,-6.600071834e-08,1.39698e-09,0.004007628774,0.004007628774,8.33216e-11,0.004007909988,0.004007909988,1.47806e-12
0.04759,-6.688836935e-08,-6.563244493e-08,1.46146e-09,0.004007628775,0.004007628775,8.31899e-11,0.00400790999,0.00400790999,1.35224e-12
0.0476,-6.657528567e-08,-6.526623117e-08,1.52328e-09,0.004007628775,0.004007628776,8.2916e-11,0.004007909993,0.004007909993,1.2177e-12
0.04761,-6.626178607e-08,-6.490206552e-08,1.58224e-09,0.004007628776,0.004007628776,8.2499e-11,0.004007909996,0.004007909996,1.07336e-12
0.04762,-6.594766986e-08,-6.45399365e-08,1.63811e-09,0.004007628777,0.004007628777,8.19375e-11,0.004007909998,0.004007909998,9.203e-13
0.04763,-6.563273237e-08,-6.417983268e-08,1.69067e-09,0.004007628777,0.004007628778,8.12305e-11,0.004007910001,0.004007910001,7.58507e-13
0.04764,-6.531676485e-08,-6.38217427e-08,1.73969e-09,0.004007628778,0.004007628778,8.03768e-11,0.004007910004,0.004007910004,5.87987e-13
0.04765,-6.499955453e-08,-6.346565522e-08,1.78492e-09,0.004007628779,0.004007628779,7.93765e-11,0.004007910006,0.004007910006,4.09803e-13
0.04766,-6.46808845e-08,-6.3111559e-08,1.82615e-09,0.004007628779,0.00400762878,7.82284e-11,0.004007910009,0.004007910009,2.23742e-13
0.04767,-6.436053378e-08,-6.275944282e-08,1.86311e-09,0.00400762878,0.00400762878,7.69331e-11,0.004007910011,0.004007910011,2.98038e-14
0.04768,-6.403827722e-08,-6.240929554e-08,1.89557e-09,0.004007628781,0.004007628781,7.54892e-11,0.004007910014,0.004007910014,1.7052e-13
0.04769,-6.371388553e-08,-6.206110604e-08,1.92326e-09,0.004007628781,0.004007628782,7.38973e-11,0.004007910017,0.004007910017,3.77231e-13
0.0477,-6.33871252e-08,-6.17148633e-08,1.94593e-09,0.004007628782,0.004007628782,7.2158e-11,0.004007910019,0.004007910019,5.90542e-13
0.04771,-6.305775852e-08,-6.137055633e-08,1.96332e-09,0.004007628782,0.004007628783,7.02716e-11,0.004007910022,0.004007910022,8.10025e-13
0.04772,-6.272554355e-08,-6.102817419e-08,1.97515e-09,0.004007628783,0.004007628783,6.82384e-11,0.004007910024,0.004007910024,1.03398e-12
0.04773,-6.239023406e-08,-6.0687706e-08,1.98115e-09,0.004007628784,0.004007628784,6.60593e-11,0.004007910027,0.004007910027,1.26219e-12
0.04774,-6.205157954e-08,-6.034914095e-08,1.98105e-09,0.004007628784,0.004007628785,6.37358e-11,0.004007910029,0.004007910029,1.49509e-12
0.04775,-6.170932517e-08,-6.001246827e-08,1.97455e-09,0.004007628785,0.004007628785,6.12685e-11,0.004007910032,0.004007910032,1.73118e-12
0.04776,-6.136321176e-08,-5.967767724e-08,1.96138e-09,0.004007628786,0.004007628786,5.86589e-11,0.004007910034,0.004007910034,1.97025e-12
0.04777,-6.101297578e-08,-5.934475721e-08,1.94123e-09,0.004007628786,0.004007628786,5.59092e-11,0.004007910037,0.004007910037,2.21081e-12
0.04778,-6.06583493e-08,-5.901369758e-08,1.9138e-09,0.004007628787,0.004007628787,5.30208e-11,0.004007910039,0.004007910039,2.45264e-12
0.04779,-6.029905996e-08,-5.86844878e-08,1.8788e-09,0.004007628787,0.004007628788,4.99961e-11,0.004007910042,0.004007910042,2.69576e-12
0.0478,-5.993483098e-08,-5.835711737e-08,1.83591e-09,0.004007628788,0.004007628788,4.68374e-11,0.004007910044,0.004007910044,2.93802e-12
0.04781,-5.956538107e-08,-5.803157587e-08,1.78482e-09,0.004007628789,0.004007628789,4.35473e-11,0.004007910047,0.004007910047,3.17943e-12
0.04782,-5.919042449e-08,-5.77078529e-08,1.7252e-09,0.004007628789,0.004007628789,4.01285e-11,0.004007910049,0.004007910049,3.41871e-12
0.04783,-5.882676827e-08,-5.738593815e-08,1.67662e-09,0.00400762879,0.00400762879,3.67322e-11,0.004007910052,0.004007910052,3.67758e-12
0.04784,-5.848805828e-08,-5.706582134e-08,1.65499e-09,0.00400762879,0.00400762879,3.34841e-11,0.004007910054,0.004007910054,3.97242e-12
0.04785,-5.81485527e-08,-5.674749225e-08,1.63035e-09,0.004007628791,0.004007628791,3.01661e-11,0.004007910056,0.004007910056,4.27004e-12
0.04786,-5.78082754e-08,-5.643094072e-08,1.60274e-09,0.004007628791,0.004007628792,2.67839e-11,0.004007910059,0.004007910059,4.56957e-12
0.04787,-5.746725606e-08,-5.611615665e-08,1.57221e-09,0.004007628792,0.004007628792,2.33453e-11,0.004007910061,0.004007910061,4.87016e-12
0.04788,-5.71255302e-08,-5.580312999e-08,1.53881e-09,0.004007628793,0.004007628793,1.98577e-11,0.004007910064,0.004007910064,5.17118e-12
0.04789,-5.678313938e-08,-5.549185073e-08,1.50261e-09,0.004007628793,0.004007628793,1.63284e-11,0.004007910066,0.004007910066,5.47156e-12
0.0479,-5.644013129e-08,-5.518230893e-08,1.46367e-09,0.004007628794,0.004007628794,1.27655e-11,0.004007910068,0.004007910068,5.77109e-12
0.04791,-5.609655984e-08,-5.487449472e-08,1.42206e-09,0.004007628794,0.004007628794,9.17699e-12,0.004007910071,0.004007910071,6.0687e-12
0.04792,-5.575248533e-08,-5.456839825e-08,1.37787e-09,0.004007628795,0.004007628795,5.57256e-12,0.004007910073,0.004007910073,6.36397e-12
0.04793,-5.540797451e-08,-5.426400975e-08,1.33118e-09,0.004007628795,0.004007628795,1.96067e-12,0.004007910075,0.004007910075,6.65541e-12
0.04794,-5.506310076e-08,-5.39613195e-08,1.28209e-09,0.004007628796,0.004007628796,1.64844e-12,0.004007910078,0.004007910078,6.9428e-12
0.04795,-5.471794416e-08,-5.366031783e-08,1.23071e-09,0.004007628797,0.004007628797,5.24627e-12,0.00400791008,0.00400791008,7.22423e-12
0.04796,-5.437259163e-08,-5.336099513e-08,1.17715e-09,0.004007628797,0.004007628797,8.82155e-12,0.004007910082,0.004007910082,7.49992e-12
0.04797,-5.402713702e-08,-5.306334184e-08,1.12152e-09,0.004007628798,0.004007628798,1.23636e-11,0.004007910085,0.004007910085,7.76794e-12
0.04798,-5.368168129e-08,-5.276734847e-08,1.06397e-09,0.004007628798,0.004007628798,1.58616e-11,0.004007910087,0.004007910087,8.02787e-12
0.04799,-5.333633255e-08,-5.247300557e-08,1.00461e-09,0.004007628799,0.004007628799,1.93037e-11,0.004007910089,0.004007910089,8.27886e-12
0.048,-5.299120625e-08,-5.218030374e-08,9.43608e-10,0.004007628799,0.004007628799,2.26789e-11,0.004007910091,0.004007910091,8.51879e-12
0.04801,-5.264642522e-08,-5.188923364e-08,8.81107e-10,0.0040076288,0.0040076288,2.5974e-11,0.004007910094,0.004007910094,8.74721e-12
0.04802,-5.230211988e-08,-5.159978601e-08,8.17272e-10,0.0040076288,0.0040076288,2.91768e-11,0.004007910096,0.004007910096,8.96265e-12
0.04803,-5.195842828e-08,-5.13119516e-08,7.52274e-10,0.004007628801,0.004007628801,3.22737e-11,0.004007910098,0.004007910098,9.16404e-12
0.04804,-5.161549626e-08,-5.102572125e-08,6.86293e-10,0.004007628801,0.004007628801,3.52517e-11,0.0040079101,0.0040079101,9.3501e-12
0.04805,-5.127347754e-08,-5.074108585e-08,6.19519e-10,0.004007628802,0.004007628802,3.80965e-11,0.004007910103,0.004007910103,9.51934e-12
0.04806,-5.093253388e-08,-5.045803632e-08,5.5215e-10,0.004007628802,0.004007628802,4.07938e-11,0.004007910105,0.004007910105,9.67049e-12
0.04807,-5.059283514e-08,-5.017656367e-08,4.84395e-10,0.004007628803,0.004007628803,4.33287e-11,0.004007910107,0.004007910107,9.80269e-12
0.04808,-5.025455945e-08,-4.989665895e-08,4.16472e-10,0.004007628803,0.004007628803,4.56864e-11,0.004007910109,0.004007910109,9.91339e-12
0.04809,-4.99178933e-08,-4.961831325e-08,3.48607e-10,0.004007628804,0.004007628804,4.78497e-11,0.004007910111,0.004007910111,1.00017e-11
0.0481,-4.958303168e-08,-4.934151773e-08,2.81038e-10,0.004007628804,0.004007628804,4.98037e-11,0.004007910113,0.004007910114,1.0066e-11
0.04811,-4.925017816e-08,-4.906626362e-08,2.14012e-10,0.004007628805,0.004007628805,5.15309e-11,0.004007910116,0.004007910116,1.01054e-11
0.04812,-4.891954504e-08,-4.879254217e-08,1.47787e-10,0.004007628805,0.004007628805,5.30155e-11,0.004007910118,0.004007910118,1.01169e-11
0.04813,-4.859135347e-08,-4.852034472e-08,8.26295e-11,0.004007628806,0.004007628806,5.4238e-11,0.00400791012,0.00400791012,1.00997e-11
0.04814,-4.826583355e-08,-4.824966264e-08,1.88173e-11,0.004007628806,0.004007628806,5.51815e-11,0.004007910122,0.004007910122,1.00522e-11
0.04815,-4.794322443e-08,-4.798048736e-08,4.33611e-11,0.004007628807,0.004007628807,5.58273e-11,0.004007910124,0.004007910124,9.97193e-12
0.04816,-4.762377451e-08,-4.771281037e-08,1.03607e-10,0.004007628807,0.004007628807,5.61561e-11,0.004007910126,0.004007910126,9.85783e-12
0.04817,-4.730774143e-08,-4.744662323e-08,1.6161e-10,0.004007628808,0.004007628808,5.61485e-11,0.004007910128,0.004007910128,9.70711e-12
0.04818,-4.698900243e-08,-4.718191751e-08,2.24486e-10,0.004007628808,0.004007628808,5.64839e-11,0.00400791013,0.004007910131,9.59555e-12
0.04819,-4.665715203e-08,-4.691868489e-08,3.04333e-10,0.004007628809,0.004007628809,5.83105e-11,0.004007910133,0.004007910133,9.64729e-12
0.0482,-4.632680736e-08,-4.665691707e-08,3.84133e-10,0.004007628809,0.004007628809,6.00398e-11,0.004007910135,0.004007910135,9.69008e-12
0.04821,-4.599810351e-08,-4.639660581e-08,4.63718e-10,0.00400762881,0.00400762881,6.16665e-11,0.004007910137,0.004007910137,9.72307e-12
0.04822,-4.567118036e-08,-4.613774293e-08,5.42916e-10,0.00400762881,0.00400762881,6.31875e-11,0.004007910139,0.004007910139,9.7467e-12
0.04823,-4.534618264e-08,-4.588032031e-08,6.2155e-10,0.004007628811,0.00400762881,6.45986e-11,0.004007910141,0.004007910141,9.76033e-12
0.04824,-4.502325994e-08,-4.562432987e-08,6.99436e-10,0.004007628811,0.004007628811,6.58961e-11,0.004007910143,0.004007910143,9.76459e-12
0.04825,-4.47025668e-08,-4.53697636e-08,7.76385e-10,0.004007628812,0.004007628811,6.70765e-11,0.004007910145,0.004007910145,9.75862e-12
0.04826,-4.438426273e-08,-4.511661354e-08,8.52201e-10,0.004007628812,0.004007628812,6.81356e-11,0.004007910147,0.004007910147,9.74266e-12
0.04827,-4.406851225e-08,-4.486487178e-08,9.26685e-10,0.004007628813,0.004007628812,6.90701e-11,0.004007910149,0.004007910149,9.71647e-12
0.04828,-4.375548497e-08,-4.461453047e-08,9.9963e-10,0.004007628813,0.004007628813,6.98766e-11,0.004007910151,0.004007910151,9.67986e-12
0.04829,-4.344535562e-08,-4.436558181e-08,1.07082e-09,0.004007628813,0.004007628813,7.05509e-11,0.004007910153,0.004007910153,9.6326e-12
0.0483,-4.31383041e-08,-4.411801807e-08,1.14005e-09,0.004007628814,0.004007628814,7.109e-11,0.004007910155,0.004007910155,9.57554e-12
0.04831,-4.283451551e-08,-4.387183156e-08,1.20707e-09,0.004007628814,0.004007628814,7.14908e-11,0.004007910157,0.004007910157,9.50721e-12
0.04832,-4.253418022e-08,-4.362701465e-08,1.27168e-09,0.004007628815,0.004007628814,7.17489e-11,0.004007910159,0.004007910159,9.42865e-12
0.04833,-4.223749392e-08,-4.338355975e-08,1.33362e-09,0.004007628815,0.004007628815,7.18626e-11,0.004007910161,0.004007910161,9.33945e-12
0.04834,-4.194465763e-08,-4.314145936e-08,1.39266e-09,0.004007628816,0.004007628815,7.18277e-11,0.004007910163,0.004007910163,9.23961e-12
0.04835,-4.165587781e-08,-4.2900706e-08,1.44855e-09,0.004007628816,0.004007628816,7.1641e-11,0.004007910165,0.004007910165,9.12891e-12
0.04836,-4.137136633e-08,-4.266129227e-08,1.50102e-09,0.004007628816,0.004007628816,7.13003e-11,0.004007910167,0.004007910167,9.00778e-12
0.04837,-4.10913406e-08,-4.24232108e-08,1.54983e-09,0.004007628817,0.004007628817,7.08016e-11,0.004007910169,0.004007910169,8.87558e-12
0.04838,-4.081602355e-08,-4.218645431e-08,1.5947e-09,0.004007628817,0.004007628817,7.01437e-11,0.004007910171,0.004007910171,8.73273e-12
0.04839,-4.054564371e-08,-4.195101553e-08,1.63536e-09,0.004007628818,0.004007628817,6.93217e-11,0.004007910173,0.004007910173,8.57924e-12
0.0484,-4.028043526e-08,-4.171688728e-08,1.67153e-09,0.004007628818,0.004007628818,6.83348e-11,0.004007910174,0.004007910174,8.41511e-12
0.04841,-4.002063806e-08,-4.148406243e-08,1.70292e-09,0.004007628819,0.004007628818,6.71797e-11,0.004007910176,0.004007910176,8.24033e-12
0.04842,-3.976649771e-08,-4.12525339e-08,1.72923e-09,0.004007628819,0.004007628819,6.58537e-11,0.004007910178,0.004007910178,8.05491e-12
0.04843,-3.951826558e-08,-4.102229465e-08,1.75017e-09,0.004007628819,0.004007628819,6.43549e-11,0.00400791018,0.00400791018,7.85906e-12
0.04844,-3.927619889e-08,-4.079333772e-08,1.76542e-09,0.00400762882,0.00400762882,6.26809e-11,0.004007910182,0.004007910182,7.65256e-12
0.04845,-3.904056073e-08,-4.05656562e-08,1.77468e-09,0.00400762882,0.00400762882,6.08299e-11,0.004007910184,0.004007910184,7.43584e-12
0.04846,-3.881162011e-08,-4.033924322e-08,1.77762e-09,0.004007628821,0.00400762882,5.8799e-11,0.004007910186,0.004007910186,7.20891e-12
0.04847,-3.858965202e-08,-4.011409197e-08,1.77392e-09,0.004007628821,0.004007628821,5.65869e-11,0.004007910188,0.004007910188,6.97197e-12
0.04848,-3.837493748e-08,-3.989019571e-08,1.76323e-09,0.004007628821,0.004007628821,5.4192e-11,0.004007910189,0.004007910189,6.72502e-12
0.04849,-3.816776356e-08,-3.966754774e-08,1.74523e-09,0.004007628822,0.004007628822,5.16122e-11,0.004007910191,0.004007910191,6.46786e-12
0.0485,-3.796842344e-08,-3.944614142e-08,1.71955e-09,0.004007628822,0.004007628822,4.88462e-11,0.004007910193,0.004007910193,6.20132e-12
0.04851,-3.777721649e-08,-3.922597017e-08,1.68584e-09,0.004007628823,0.004007628822,4.58926e-11,0.004007910195,0.004007910195,5.92543e-12
0.04852,-3.759444827e-08,-3.900702745e-08,1.64375e-09,0.004007628823,0.004007628823,4.27492e-11,0.004007910197,0.004007910197,5.63995e-12
0.04853,-3.741119022e-08,-3.878930678e-08,1.60365e-09,0.004007628823,0.004007628823,3.95862e-11,0.004007910199,0.004007910199,5.34915e-12
0.04854,-3.719726974e-08,-3.857280176e-08,1.60064e-09,0.004007628824,0.004007628824,3.69634e-11,0.0040079102,0.0040079102,5.06388e-12
0.04855,-3.698699154e-08,-3.835750601e-08,1.5948e-09,0.004007628824,0.004007628824,3.42541e-11,0.004007910202,0.004007910202,4.77244e-12
0.04856,-3.67803479e-08,-3.814341322e-08,1.58613e-09,0.004007628824,0.004007628824,3.14642e-11,0.004007910204,0.004007910204,4.47462e-12
0.04857,-3.657732681e-08,-3.793051714e-08,1.57464e-09,0.004007628825,0.004007628825,2.85992e-11,0.004007910206,0.004007910206,4.17126e-12
0.04858,-3.637791178e-08,-3.771881156e-08,1.56034e-09,0.004007628825,0.004007628825,2.5665e-11,0.004007910207,0.004007910207,3.86215e-12
0.04859,-3.618208186e-08,-3.750829035e-08,1.54324e-09,0.004007628826,0.004007628825,2.26686e-11,0.004007910209,0.004007910209,3.54815e-12
0.0486,-3.598981143e-08,-3.729894741e-08,1.52338e-09,0.004007628826,0.004007628826,1.96167e-11,0.004007910211,0.004007910211,3.23073e-12
0.04861,-3.580107016e-08,-3.70907767e-08,1.50077e-09,0.004007628826,0.004007628826,1.65163e-11,0.004007910213,0.004007910213,2.90843e-12
0.04862,-3.561582288e-08,-3.688377225e-08,1.47545e-09,0.004007628827,0.004007628827,1.3375e-11,0.004007910214,0.004007910214,2.58293e-12
0.04863,-3.543402952e-08,-3.667792813e-08,1.44746e-09,0.004007628827,0.004007628827,1.02012e-11,0.004007910216,0.004007910216,2.25445e-12
0.04864,-3.525564493e-08,-3.647323847e-08,1.41685e-09,0.004007628827,0.004007628827,7.00241e-12,0.004007910218,0.004007910218,1.92341e-12
0.04865,-3.508061888e-08,-3.626974167e-08,1.38372e-09,0.004007628828,0.004007628828,3.80599e-12,0.00400791022,0.00400791022,1.56257e-12
0.04866,-3.490889588e-08,-3.606740175e-08,1.3481e-09,0.004007628828,0.004007628828,6.0872e-13,0.004007910221,0.004007910221,1.19258e-12
0.04867,-3.474041509e-08,-3.586618581e-08,1.31001e-09,0.004007628828,0.004007628828,2.59196e-12,0.004007910223,0.004007910223,8.31101e-13
0.04868,-3.457511026e-08,-3.566608787e-08,1.26952e-09,0.004007628829,0.004007628829,5.78582e-12,0.004007910225,0.004007910225,4.79203e-13
0.04869,-3.441290959e-08,-3.546710201e-08,1.22671e-09,0.004007628829,0.004007628829,8.96308e-12,0.004007910226,0.004007910226,1.37736e-13
0.0487,-3.425373564e-08,-3.52692223e-08,1.18167e-09,0.004007628829,0.004007628829,1.21131e-11,0.004007910228,0.004007910228,1.92235e-13
0.04871,-3.409750524e-08,-3.507244284e-08,1.13449e-09,0.00400762883,0.00400762883,1.52246e-11,0.00400791023,0.00400791023,5.10284e-13
0.04872,-3.394412937e-08,-3.487675777e-08,1.08525e-09,0.00400762883,0.00400762883,1.82867e-11,0.004007910231,0.004007910231,8.15348e-13
0.04873,-3.379351306e-08,-3.468216124e-08,1.03408e-09,0.00400762883,0.00400762883,2.12875e-11,0.004007910233,0.004007910233,1.10615e-12
0.04874,-3.36455553e-08,-3.448864743e-08,9.81066e-10,0.004007628831,0.004007628831,2.42149e-11,0.004007910235,0.004007910235,1.38141e-12
0.04875,-3.350014893e-08,-3.429621052e-08,9.26339e-10,0.004007628831,0.004007628831,2.70563e-11,0.004007910236,0.004007910236,1.64006e-12
0.04876,-3.335718057e-08,-3.410484476e-08,8.70021e-10,0.004007628831,0.004007628831,2.97981e-11,0.004007910238,0.004007910238,1.88211e-12
0.04877,-3.321653045e-08,-3.391454438e-08,8.12245e-10,0.004007628832,0.004007628832,3.24275e-11,0.00400791024,0.00400791024,2.10436e-12
0.04878,-3.307807237e-08,-3.372530366e-08,7.53152e-10,0.004007628832,0.004007628832,3.49303e-11,0.004007910241,0.004007910241,2.30767e-12
0.04879,-3.294167358e-08,-3.353711689e-08,6.92889e-10,0.004007628832,0.004007628833,3.72924e-11,0.004007910243,0.004007910243,2.48883e-12
0.0488,-3.280719467e-08,-3.334997838e-08,6.31611e-10,0.004007628833,0.004007628833,3.94983e-11,0.004007910244,0.004007910244,2.64828e-12
0.04881,-3.267448949e-08,-3.316388249e-08,5.69483e-10,0.004007628833,0.004007628833,4.15339e-11,0.004007910246,0.004007910246,2.78261e-12
0.04882,-3.254340501e-08,-3.297882357e-08,5.06676e-10,0.004007628833,0.004007628834,4.33822e-11,0.004007910248,0.004007910248,2.89225e-12
0.04883,-3.241378126e-08,-3.279479601e-08,4.43369e-10,0.004007628834,0.004007628834,4.50283e-11,0.004007910249,0.004007910249,2.97463e-12
0.04884,-3.228545122e-08,-3.261179423e-08,3.7975e-10,0.004007628834,0.004007628834,4.64543e-11,0.004007910251,0.004007910251,3.02892e-12
0.04885,-3.215824068e-08,-3.242981266e-08,3.16015e-10,0.004007628834,0.004007628834,4.76438e-11,0.004007910252,0.004007910252,3.05276e-12
0.04886,-3.203196819e-08,-3.224884577e-08,2.5237e-10,0.004007628835,0.004007628835,4.85791e-11,0.004007910254,0.004007910254,3.0451e-12
0.04887,-3.190644494e-08,-3.206888803e-08,1.89027e-10,0.004007628835,0.004007628835,4.92418e-11,0.004007910256,0.004007910256,3.00359e-12
0.04888,-3.178267087e-08,-3.188993395e-08,1.24817e-10,0.004007628835,0.004007628835,4.98418e-11,0.004007910257,0.004007910257,2.95228e-12
0.04889,-3.166953111e-08,-3.171197807e-08,4.93935e-11,0.004007628836,0.004007628836,5.20958e-11,0.004007910259,0.004007910259,3.0798e-12
0.0489,-3.155788419e-08,-3.153501494e-08,2.66118e-11,0.004007628836,0.004007628836,5.42789e-11,0.00400791026,0.00400791026,3.19646e-12
0.04891,-3.144759081e-08,-3.135903913e-08,1.03043e-10,0.004007628836,0.004007628836,5.63862e-11,0.004007910262,0.004007910262,3.30269e-12
0.04892,-3.133850635e-08,-3.118404524e-08,1.79739e-10,0.004007628836,0.004007628837,5.84126e-11,0.004007910263,0.004007910263,3.39849e-12
0.04893,-3.123048082e-08,-3.101002791e-08,2.5653e-10,0.004007628837,0.004007628837,6.03537e-11,0.004007910265,0.004007910265,3.48322e-12
0.04894,-3.112335874e-08,-3.083698179e-08,3.33243e-10,0.004007628837,0.004007628837,6.2204e-11,0.004007910266,0.004007910266,3.55645e-12
0.04895,-3.101697914e-08,-3.066490153e-08,4.09696e-10,0.004007628837,0.004007628838,6.39582e-11,0.004007910268,0.004007910268,3.61861e-12
0.04896,-3.091117545e-08,-3.049378184e-08,4.85701e-10,0.004007628838,0.004007628838,6.56126e-11,0.004007910269,0.004007910269,3.66885e-12
0.04897,-3.080577545e-08,-3.032361745e-08,5.61064e-10,0.004007628838,0.004007628838,6.71606e-11,0.004007910271,0.004007910271,3.70802e-12
0.04898,-3.070060121e-08,-3.015440309e-08,6.35584e-10,0.004007628838,0.004007628839,6.85981e-11,0.004007910272,0.004007910272,3.73506e-12
0.04899,-3.0595469e-08,-2.998613352e-08,7.09054e-10,0.004007628839,0.004007628839,6.99198e-11,0.004007910274,0.004007910274,3.74953e-12
0.049,-3.049018925e-08,-2.981880355e-08,7.81259e-10,0.004007628839,0.004007628839,7.11208e-11,0.004007910275,0.004007910275,3.75209e-12
0.04901,-3.038456648e-08,-2.965240798e-08,8.51978e-10,0.004007628839,0.004007628839,7.21955e-11,0.004007910277,0.004007910277,3.7423e-12
0.04902,-3.027839921e-08,-2.948694165e-08,9.20981e-10,0.004007628839,0.00400762884,7.31396e-11,0.004007910278,0.004007910278,3.71994e-12
0.04903,-3.017147991e-08,-2.932239943e-08,9.88034e-10,0.00400762884,0.00400762884,7.39469e-11,0.00400791028,0.00400791028,3.68482e-12
0.04904,-3.006359496e-08,-2.91587762e-08,1.05289e-09,0.00400762884,0.00400762884,7.46131e-11,0.004007910281,0.004007910281,3.63671e-12
0.04905,-2.995452453e-08,-2.899606686e-08,1.11531e-09,0.00400762884,0.004007628841,7.51327e-11,0.004007910283,0.004007910283,3.57582e-12
0.04906,-2.984404256e-08,-2.883426635e-08,1.17503e-09,0.004007628841,0.004007628841,7.54996e-11,0.004007910284,0.004007910284,3.50238e-12
0.04907,-2.973191667e-08,-2.867336963e-08,1.23178e-09,0.004007628841,0.004007628841,7.57097e-11,0.004007910285,0.004007910285,3.41531e-12
0.04908,-2.961790811e-08,-2.851337168e-08,1.2853e-09,0.004007628841,0.004007628841,7.57576e-11,0.004007910287,0.004007910287,3.31504e-12
0.04909,-2.950177166e-08,-2.835426749e-08,1.3353e-09,0.004007628841,0.004007628842,7.56377e-11,0.004007910288,0.004007910288,3.20136e-12
0.0491,-2.938325561e-08,-2.81960521e-08,1.38149e-09,0.004007628842,0.004007628842,7.53455e-11,0.00400791029,0.00400791029,3.07448e-12
0.04911,-2.926210168e-08,-2.803872055e-08,1.42359e-09,0.004007628842,0.004007628842,7.48749e-11,0.004007910291,0.004007910291,2.93397e-12
0.04912,-2.913804491e-08,-2.788226793e-08,1.46129e-09,0.004007628842,0.004007628843,7.42209e-11,0.004007910293,0.004007910292,2.77963e-12
0.04913,-2.901081367e-08,-2.772668932e-08,1.49427e-09,0.004007628843,0.004007628843,7.33784e-11,0.004007910294,0.004007910294,2.61231e-12
0.04914,-2.888012951e-08,-2.757197986e-08,1.52223e-09,0.004007628843,0.004007628843,7.23419e-11,0.004007910295,0.004007910295,2.43114e-12
0.04915,-2.874570719e-08,-2.741813467e-08,1.54483e-09,0.004007628843,0.004007628843,7.11064e-11,0.004007910297,0.004007910297,2.23635e-12
0.04916,-2.860725452e-08,-2.726514894e-08,1.56174e-09,0.004007628843,0.004007628844,6.96663e-11,0.004007910298,0.004007910298,2.02858e-12
0.04917,-2.846447235e-08,-2.711301786e-08,1.57262e-09,0.004007628844,0.004007628844,6.80164e-11,0.004007910299,0.004007910299,1.80739e-12
0.04918,-2.831705448e-08,-2.696173664e-08,1.57712e-09,0.004007628844,0.004007628844,6.61517e-11,0.004007910301,0.004007910301,1.57151e-12
0.04919,-2.816468762e-08,-2.681130051e-08,1.57487e-09,0.004007628844,0.004007628845,6.40667e-11,0.004007910302,0.004007910302,1.32308e-12
0.0492,-2.80070513e-08,-2.666170476e-08,1.56551e-09,0.004007628845,0.004007628845,6.17555e-11,0.004007910304,0.004007910304,1.06102e-12
0.04921,-2.784381779e-08,-2.651294465e-08,1.54867e-09,0.004007628845,0.004007628845,5.92144e-11,0.004007910305,0.004007910305,7.85757e-13
0.04922,-2.767465209e-08,-2.63650155e-08,1.52396e-09,0.004007628845,0.004007628845,5.64369e-11,0.004007910306,0.004007910306,4.97085e-13
0.04923,-2.750010394e-08,-2.621791265e-08,1.49202e-09,0.004007628845,0.004007628846,5.34424e-11,0.004007910308,0.004007910308,1.96918e-13
0.04924,-2.73654169e-08,-2.607163145e-08,1.50552e-09,0.004007628846,0.004007628846,5.1476e-11,0.004007910309,0.004007910309,6.68457e-14
0.04925,-2.72293695e-08,-2.592616729e-08,1.51647e-09,0.004007628846,0.004007628846,4.94125e-11,0.00400791031,0.00400791031,3.37422e-13
0.04926,-2.709192939e-08,-2.578151557e-08,1.52487e-09,0.004007628846,0.004007628846,4.72546e-11,0.004007910312,0.004007910312,6.14385e-13
0.04927,-2.695306723e-08,-2.563767171e-08,1.53066e-09,0.004007628846,0.004007628847,4.50072e-11,0.004007910313,0.004007910313,8.96457e-13
0.04928,-2.681275671e-08,-2.549463117e-08,1.53384e-09,0.004007628847,0.004007628847,4.26751e-11,0.004007910314,0.004007910314,1.18428e-12
0.04929,-2.667097465e-08,-2.535238943e-08,1.53437e-09,0.004007628847,0.004007628847,4.02624e-11,0.004007910315,0.004007910315,1.47593e-12
0.0493,-2.652770112e-08,-2.521094199e-08,1.53225e-09,0.004007628847,0.004007628847,3.77743e-11,0.004007910317,0.004007910317,1.77184e-12
0.04931,-2.638291945e-08,-2.507028436e-08,1.52745e-09,0.004007628848,0.004007628848,3.5217e-11,0.004007910318,0.004007910318,2.07073e-12
0.04932,-2.623661637e-08,-2.49304121e-08,1.51997e-09,0.004007628848,0.004007628848,3.25953e-11,0.004007910319,0.004007910319,2.37132e-12
0.04933,-2.608878208e-08,-2.479132077e-08,1.50979e-09,0.004007628848,0.004007628848,2.99162e-11,0.004007910321,0.004007910321,2.67447e-12
0.04934,-2.59394103e-08,-2.465300597e-08,1.49693e-09,0.004007628848,0.004007628848,2.71851e-11,0.004007910322,0.004007910322,2.97783e-12
0.04935,-2.578849838e-08,-2.451546332e-08,1.48137e-09,0.004007628849,0.004007628849,2.44101e-11,0.004007910323,0.004007910323,3.28119e-12
0.04936,-2.563604738e-08,-2.437868846e-08,1.46313e-09,0.004007628849,0.004007628849,2.15974e-11,0.004007910324,0.004007910324,3.58391e-12
0.04937,-2.548206212e-08,-2.424267705e-08,1.44221e-09,0.004007628849,0.004007628849,1.8755e-11,0.004007910326,0.004007910326,3.88472e-12
0.04938,-2.532655132e-08,-2.410742478e-08,1.41864e-09,0.004007628849,0.004007628849,1.58906e-11,0.004007910327,0.004007910327,4.18254e-12
0.04939,-2.516952762e-08,-2.397292736e-08,1.39243e-09,0.00400762885,0.00400762885,1.30119e-11,0.004007910328,0.004007910328,4.47632e-12
0.0494,-2.501100768e-08,-2.383918054e-08,1.3636e-09,0.00400762885,0.00400762885,1.01284e-11,0.004007910329,0.004007910329,4.76606e-12
0.04941,-2.485101229e-08,-2.370618006e-08,1.33219e-09,0.00400762885,0.00400762885,7.24845e-12,0.004007910331,0.004007910331,5.04962e-12
0.04942,-2.468956642e-08,-2.357392172e-08,1.29822e-09,0.00400762885,0.00400762885,4.38193e-12,0.004007910332,0.004007910332,5.32616e-12
0.04943,-2.452669929e-08,-2.344240131e-08,1.26175e-09,0.004007628851,0.004007628851,1.53776e-12,0.004007910333,0.004007910333,5.59482e-12
0.04944,-2.436244449e-08,-2.331161467e-08,1.2228e-09,0.004007628851,0.004007628851,1.27299e-12,0.004007910334,0.004007910334,5.85411e-12
0.04945,-2.419684004e-08,-2.318155766e-08,1.18144e-09,0.004007628851,0.004007628851,4.04011e-12,0.004007910336,0.004007910336,6.10319e-12
0.04946,-2.402992846e-08,-2.305222614e-08,1.13771e-09,0.004007628851,0.004007628851,6.75275e-12,0.004007910337,0.004007910337,6.34034e-12
0.04947,-2.386175687e-08,-2.292361603e-08,1.09167e-09,0.004007628852,0.004007628851,9.40004e-12,0.004007910338,0.004007910338,6.56408e-12
0.04948,-2.369237705e-08,-2.279572324e-08,1.04339e-09,0.004007628852,0.004007628852,1.19694e-11,0.004007910339,0.004007910339,6.77398e-12
0.04949,-2.352184555e-08,-2.266854373e-08,9.92946e-10,0.004007628852,0.004007628852,1.4449e-11,0.00400791034,0.00400791034,6.96771e-12
0.0495,-2.335022374e-08,-2.254207346e-08,9.40406e-10,0.004007628852,0.004007628852,1.68264e-11,0.004007910342,0.004007910342,7.1444e-12
0.04951,-2.317757793e-08,-2.241630844e-08,8.85853e-10,0.004007628852,0.004007628852,1.90885e-11,0.004007910343,0.004007910343,7.30215e-12
0.04952,-2.300397939e-08,-2.229124467e-08,8.29375e-10,0.004007628853,0.004007628853,2.12216e-11,0.004007910344,0.004007910344,7.43967e-12
0.04953,-2.282950448e-08,-2.216687821e-08,7.71066e-10,0.004007628853,0.004007628853,2.32122e-11,0.004007910345,0.004007910345,7.55548e-12
0.04954,-2.265423475e-08,-2.204320513e-08,7.11026e-10,0.004007628853,0.004007628853,2.50456e-11,0.004007910346,0.004007910346,7.64766e-12
0.04955,-2.247825693e-08,-2.19202215e-08,6.49359e-10,0.004007628853,0.004007628853,2.67068e-11,0.004007910347,0.004007910348,7.71429e-12
0.04956,-2.230166312e-08,-2.179792345e-08,5.86178e-10,0.004007628854,0.004007628853,2.81814e-11,0.004007910349,0.004007910349,7.75453e-12
0.04957,-2.212455079e-08,-2.167630711e-08,5.216e-10,0.004007628854,0.004007628854,2.94529e-11,0.00400791035,0.00400791035,7.7656e-12
0.04958,-2.194702291e-08,-2.155536864e-08,4.55749e-10,0.004007628854,0.004007628854,3.05056e-11,0.004007910351,0.004007910351,7.74644e-12
0.04959,-2.17685337e-08,-2.143510423e-08,3.87996e-10,0.004007628854,0.004007628854,3.29409e-11,0.004007910352,0.004007910352,7.90546e-12
0.0496,-2.158972065e-08,-2.131551009e-08,3.19086e-10,0.004007628854,0.004007628854,3.54473e-11,0.004007910353,0.004007910353,8.07215e-12
0.04961,-2.141074598e-08,-2.119658245e-08,2.49212e-10,0.004007628855,0.004007628855,3.79028e-11,0.004007910354,0.004007910354,8.23118e-12
0.04962,-2.123173027e-08,-2.107831756e-08,1.78519e-10,0.004007628855,0.004007628855,4.03017e-11,0.004007910356,0.004007910356,8.38233e-12
0.04963,-2.105279981e-08,-2.09607117e-08,1.07158e-10,0.004007628855,0.004007628855,4.26383e-11,0.004007910357,0.004007910357,8.52453e-12
0.04964,-2.08740867e-08,-2.084376118e-08,3.52883e-11,0.004007628855,0.004007628855,4.4908e-11,0.004007910358,0.004007910358,8.65737e-12
0.04965,-2.069572893e-08,-2.072746232e-08,3.69266e-11,0.004007628856,0.004007628855,4.71039e-11,0.004007910359,0.004007910359,8.7817e-12
0.04966,-2.051787042e-08,-2.061181148e-08,1.09315e-10,0.004007628856,0.004007628856,4.92205e-11,0.00400791036,0.00400791036,8.8958e-12
0.04967,-2.034066117e-08,-2.049680502e-08,1.81697e-10,0.004007628856,0.004007628856,5.12523e-11,0.004007910361,0.004007910361,8.9999e-12
0.04968,-2.016425728e-08,-2.038243935e-08,2.53888e-10,0.004007628856,0.004007628856,5.3193e-11,0.004007910362,0.004007910362,9.09315e-12
0.04969,-1.998882103e-08,-2.026871088e-08,3.25694e-10,0.004007628856,0.004007628856,5.50366e-11,0.004007910363,0.004007910363,9.17575e-12
0.0497,-1.981452099e-08,-2.015561605e-08,3.96916e-10,0.004007628857,0.004007628856,5.67768e-11,0.004007910364,0.004007910364,9.24685e-12
0.04971,-1.96415321e-08,-2.004315135e-08,4.67345e-10,0.004007628857,0.004007628857,5.84082e-11,0.004007910366,0.004007910366,9.30646e-12
0.04972,-1.94700357e-08,-1.993131326e-08,5.36766e-10,0.004007628857,0.004007628857,5.99234e-11,0.004007910367,0.004007910367,9.35329e-12
0.04973,-1.930021965e-08,-1.982009829e-08,6.04958e-10,0.004007628857,0.004007628857,6.13164e-11,0.004007910368,0.004007910368,9.38799e-12
0.04974,-1.913227842e-08,-1.970950298e-08,6.71688e-10,0.004007628857,0.004007628857,6.25807e-11,0.004007910369,0.004007910369,9.40992e-12
0.04975,-1.896641313e-08,-1.959952391e-08,7.36721e-10,0.004007628858,0.004007628857,6.37092e-11,0.00400791037,0.00400791037,9.41822e-12
0.04976,-1.880283164e-08,-1.949015764e-08,7.99808e-10,0.004007628858,0.004007628858,6.46954e-11,0.004007910371,0.004007910371,9.41269e-12
0.04977,-1.864174865e-08,-1.93814008e-08,8.60698e-10,0.004007628858,0.004007628858,6.55332e-11,0.004007910372,0.004007910372,9.3931e-12
0.04978,-1.848338576e-08,-1.927325002e-08,9.19127e-10,0.004007628858,0.004007628858,6.62147e-11,0.004007910373,0.004007910373,9.35861e-12
0.04979,-1.832797154e-08,-1.916570195e-08,9.74827e-10,0.004007628858,0.004007628858,6.67338e-11,0.004007910374,0.004007910374,9.30944e-12
0.0498,-1.817574165e-08,-1.905875327e-08,1.02752e-09,0.004007628859,0.004007628858,6.70829e-11,0.004007910375,0.004007910375,9.24472e-12
0.04981,-1.802693887e-08,-1.89524007e-08,1.07692e-09,0.004007628859,0.004007628859,6.72548e-11,0.004007910376,0.004007910376,9.16404e-12
0.04982,-1.788181318e-08,-1.884664095e-08,1.12272e-09,0.004007628859,0.004007628859,6.72425e-11,0.004007910377,0.004007910377,9.0676e-12
0.04983,-1.77406219e-08,-1.874147079e-08,1.16464e-09,0.004007628859,0.004007628859,6.70388e-11,0.004007910378,0.004007910378,8.95435e-12
0.04984,-1.76036297e-08,-1.863688697e-08,1.20235e-09,0.004007628859,0.004007628859,6.66353e-11,0.004007910379,0.004007910379,8.82385e-12
0.04985,-1.74711087e-08,-1.853288632e-08,1.23554e-09,0.00400762886,0.004007628859,6.60259e-11,0.00400791038,0.00400791038,8.67611e-12
0.04986,-1.734333856e-08,-1.842946563e-08,1.26387e-09,0.00400762886,0.00400762886,6.52014e-11,0.004007910381,0.004007910381,8.51048e-12
0.04987,-1.722060655e-08,-1.832662178e-08,1.28702e-09,0.00400762886,0.00400762886,6.41555e-11,0.004007910382,0.004007910382,8.32634e-12
0.04988,-1.710320765e-08,-1.822435161e-08,1.30462e-09,0.00400762886,0.00400762886,6.28799e-11,0.004007910383,0.004007910383,8.12367e-12
0.04989,-1.699144457e-08,-1.812265203e-08,1.31633e-09,0.00400762886,0.00400762886,6.1366e-11,0.004007910384,0.004007910384,7.90227e-12
0.0499,-1.688562791e-08,-1.802151996e-08,1.32178e-09,0.00400762886,0.00400762886,5.96073e-11,0.004007910385,0.004007910385,7.66129e-12
0.04991,-1.678607615e-08,-1.792095233e-08,1.3206e-09,0.004007628861,0.00400762886,5.75945e-11,0.004007910386,0.004007910386,7.39986e-12
0.04992,-1.669311582e-08,-1.782094611e-08,1.3124e-09,0.004007628861,0.004007628861,5.53201e-11,0.004007910387,0.004007910387,7.11864e-12
0.04993,-1.660708151e-08,-1.772149829e-08,1.29679e-09,0.004007628861,0.004007628861,5.2776e-11,0.004007910388,0.004007910388,6.81677e-12
0.04994,-1.651586912e-08,-1.762260587e-08,1.28786e-09,0.004007628861,0.004007628861,5.06104e-11,0.004007910389,0.004007910389,6.55067e-12
0.04995,-1.642823648e-08,-1.752426591e-08,1.2754e-09,0.004007628861,0.004007628861,4.83713e-11,0.00400791039,0.00400791039,6.28201e-12
0.04996,-1.634671285e-08,-1.742647544e-08,1.25647e-09,0.004007628861,0.004007628861,4.59362e-11,0.004007910391,0.004007910391,5.99972e-12
0.04997,-1.627155766e-08,-1.732923156e-08,1.23076e-09,0.004007628862,0.004007628861,4.33019e-11,0.004007910392,0.004007910392,5.70445e-12
0.04998,-1.620303538e-08,-1.723253137e-08,1.19797e-09,0.004007628862,0.004007628862,4.04648e-11,0.004007910393,0.004007910393,5.39598e-12
0.04999,-1.614141563e-08,-1.713637201e-08,1.15778e-09,0.004007628862,0.004007628862,3.74235e-11,0.004007910394,0.004007910394,5.07474e-12
0.05,-1.608697311e-08,-1.704075062e-08,1.10986e-09,0.004007628862,0.004007628862,3.41745e-11,0.004007910395,0.004007910395,4.74051e-12
0.05,-1.608697311e-08,-1.704075062e-08,1.10986e-09,0.004007628862,0.004007628862,3.41745e-11,0.004007910395,0.004007910395,4.74051e-12
