time,capacitor2.n.i,capacitor1.n.i,sineVoltage.phi,cosineVoltage.phi,capacitor2.v,capacitor1.v,inductor2.i,inductor1.i
0,-0,-0,0,0,0,0,0,0
0.0001,-0.006269199162,-1.314654897e-08,6.283185307e-06,6.283185307e-06,0.001971206924,2.06551522e-09,0.006269199162,1.314654897e-08
0.0003426327164,-0.02124777838,-5.266858536e-07,7.376282259e-05,7.376282259e-05,0.0230013725,2.838370356e-07,0.02124777838,5.266858536e-07
0.0006879326055,-0.0414412389,-4.221656325e-06,0.0002973525424,0.0002973525424,0.09131372955,4.581084764e-06,0.0414412389,4.221656325e-06
0.001114318636,-0.06331835317,-1.761392562e-05,0.0007801869032,0.0007801869032,0.2325538455,3.113804279e-05,0.06331835317,1.761392562e-05
0.001644394236,-0.08371414146,-5.477228139e-05,0.001698993667,0.001698993667,0.4797886211,0.0001443927323,0.08371414146,5.477228139e-05
0.002270105907,-0.09551551568,-0.0001366673195,0.00323796467,0.00323796467,0.8367925948,0.000506036119,0.09551551568,0.0001366673195
0.002999105304,-0.09079083875,-0.0002905928881,0.005651494355,0.005651494355,1.271052677,0.001460303807,0.09079083875,0.0002905928881
0.003830113726,-0.06321799593,-0.0005380109565,0.009217289056,0.009217289056,1.682189771,0.003593669495,0.06321799593,0.0005380109565
0.004740535247,-0.01515109163,-0.0008694167339,0.01411999778,0.01411999778,1.911978244,0.007599119714,0.01515109163,0.0008694167339
0.005650956769,0.03632050068,-0.001216284738,0.02006429193,0.02006429193,1.84899632,0.01357011193,-0.03632050068,0.001216284738
0.00656137829,0.07494742392,-0.001526412343,0.02705017151,0.02705017151,1.521236024,0.02144334624,-0.07494742392,0.001526412343
0.007615279693,0.08856698874,-0.001789191444,0.03643775285,0.03643775285,0.9589102336,0.03248705585,-0.08856698874,0.001789191444
0.008700572828,0.06374729152,-0.001935224961,0.04756369238,0.04756369238,0.4190090407,0.04525290373,-0.06374729152,0.001935224961
0.009785865964,0.01176529356,-0.001989956911,0.06016977594,0.06016977594,0.1521742649,0.05866941035,-0.01176529356,0.001989956911
0.0108711591,-0.04359548715,-0.002027123615,0.07425600352,0.07425600352,0.2662841718,0.07235201965,0.04359548715,0.002027123615
0.01195645223,-0.0778592744,-0.002125325501,0.08982237513,0.08982237513,0.6979735475,0.08645686413,0.0778592744,0.002125325501
0.01310396726,-0.07545128247,-0.002348621545,0.1078910617,0.1078910617,1.275944332,0.1025060348,0.07545128247,0.002348621545
0.0143097259,-0.03344237971,-0.002709358762,0.1286596893,0.1286596893,1.708412573,0.1216005808,0.03344237971,0.002709358762
0.01551548454,0.02515459797,-0.003126145285,0.1512552836,0.1512552836,1.740057418,0.1437024224,-0.02515459797,0.003126145285
0.01672124319,0.06832235074,-0.003496248495,0.1756778447,0.1756778447,1.367093353,0.168847666,-0.06832235074,0.003496248495
0.0180027369,0.07242673394,-0.003754301971,0.2036371159,0.2036371159,0.767893364,0.1981454341,-0.07242673394,0.003754301971
0.01929744586,0.03266145444,-0.003865532896,0.2339804277,0.2339804277,0.3167861426,0.2292230783,-0.03266145444,0.003865532896
0.02059215481,-0.02500610707,-0.003904088404,0.2664302041,0.2664302041,0.2860075724,0.2608363265,0.02500610707,0.003904088404
0.02188686377,-0.06436654831,-0.003983319142,0.3009864452,0.3009864452,0.672742663,0.2928556844,0.06436654831,0.003983319142
0.02319950228,-0.06152374461,-0.004183760215,0.3381716555,0.3381716555,1.224086183,0.3264422564,0.06152374461,0.004183760215
0.02455968361,-0.0171301158,-0.004509852076,0.3789879517,0.3789879517,1.581717941,0.3635316771,0.0171301158,0.004509852076
0.02591986494,0.03815132618,-0.00485753531,0.4221291437,0.4221291437,1.485257532,0.4035911228,-0.03815132618,0.00485753531
0.02728004627,0.06689288648,-0.005103153011,0.4675952314,0.4675952314,1.007242101,0.4462625934,-0.06689288648,0.005103153011
0.02870473011,0.04934622574,-0.00518026821,0.5177102985,0.5177102985,0.4515791421,0.4924274969,-0.04934622574,0.00518026821
0.03012941396,-0.001502823631,-0.005111656499,0.570375992,0.570375992,0.22574947,0.5385620578,0.001502823631,0.005111656499
0.03155409781,-0.04663763155,-0.005014631549,0.6255923121,0.6255923121,0.4607774575,0.5838588334,0.04663763155,0.005014631549
0.03297878165,-0.0529150257,-0.004993095023,0.6833592586,0.6833592586,0.9414846701,0.6285750256,0.0529150257,0.004993095023
0.03441402213,-0.01672684141,-0.005059007338,0.7441332929,0.7441332929,1.280240822,0.6738564313,0.01672684141,0.005059007338
0.0358492626,0.03375419661,-0.005121530162,0.807495893,0.807495893,1.199183766,0.7198118269,-0.03375419661,0.005121530162
0.03728450308,0.06078981103,-0.005054458151,0.873447059,0.873447059,0.7440526832,0.7658314417,-0.06078981103,0.005054458151
0.03875922801,0.04478176044,-0.004778077712,0.9439089521,0.9439089521,0.2216418503,0.8115494434,-0.04478176044,0.004778077712
0.04023395293,-0.000557713098,-0.004328187156,1.017103797,1.017103797,0.007277531071,0.8538342219,0.000557713098,0.004328187156
0.04170867786,-0.03806386073,-0.00381645923,1.093031593,1.093031593,0.2068784655,0.8915705761,0.03806386073,0.00381645923
0.04318340279,-0.03837287105,-0.003335690725,1.17169234,1.17169234,0.5943148692,0.9246671716,0.03837287105,0.003335690725
0.04465812772,-0.002499159824,-0.002885116732,1.253086039,1.253086039,0.8030349248,0.9534912867,0.002499159824,0.002885116732
0.04613285265,0.04032388105,-0.002372866736,1.337212689,1.337212689,0.6187083052,0.9779456269,-0.04032388105,0.002372866736
0.04760757758,0.05673390144,-0.00169033688,1.42407229,1.42407229,0.1398655128,0.9969316303,-0.05673390144,0.00169033688
0.04908230251,0.03546120844,-0.0007973580741,1.513664843,1.513664843,-0.3128860898,1.008610022,-0.03546120844,0.0007973580741
0.05055702744,-0.004884628347,0.0002486135269,1.605990347,1.605990347,-0.4568054399,1.011230244,0.004884628347,-0.0002486135269
0.05203175237,-0.0317069341,0.001339331893,1.701048803,1.701048803,-0.2655264213,1.003868527,0.0317069341,-0.001339331893
0.0535064773,-0.02451402874,0.002398416422,1.79884021,1.79884021,0.02257749404,0.9865174604,0.02451402874,-0.002398416422
0.05477755615,0.004236048485,0.003289586929,1.88532043,1.88532043,0.1120531605,0.963804268,-0.004236048485,-0.003289586929
0.05604863501,0.03551961574,0.004208870366,1.973830925,1.973830925,-0.05190702963,0.9338989987,-0.03551961574,-0.004208870366
0.0573702374,0.0507285753,0.005248637059,2.068012514,2.068012514,-0.4273486074,0.8947044033,-0.0507285753,-0.005248637059
0.0586918398,0.03940095108,0.006392485322,2.164388986,2.164388986,-0.8192190059,0.8464373519,-0.03940095108,-0.006392485322
0.06007680125,0.00803568899,0.007661317149,2.267741094,2.267741094,-1.032984893,0.7853133029,-0.00803568899,-0.007661317149
0.0614617627,-0.02118587373,0.008913568817,2.373503581,2.373503581,-0.9655668864,0.7131488506,0.02118587373,-0.008913568817
0.06284672415,-0.0285029088,0.0100626814,2.481676447,2.481676447,-0.729521429,0.6304865019,0.0285029088,-0.0100626814
0.06432373313,-0.008507255683,0.01113189624,2.599694715,2.599694715,-0.5398592189,0.5320163201,0.008507255683,-0.01113189624
0.0658007421,0.0224198714,0.01206262471,2.720454406,2.720454406,-0.6063298075,0.424302986,-0.0224198714,-0.01206262471
0.06727775108,0.03858768901,0.01290390184,2.84395552,2.84395552,-0.9088836399,0.3083987434,-0.03858768901,-0.01290390184
0.06878457819,0.02639116864,0.01368103105,2.972774897,2.972774897,-1.238773438,0.1824710868,-0.02639116864,-0.01368103105
0.07033007783,-0.005647664453,0.01432545228,3.107864419,3.107864419,-1.345629265,0.04631944296,0.005647664453,-0.01432545228
0.07187557748,-0.03097872976,0.01469408591,3.245955506,3.245955506,-1.151668856,-0.09485288708,0.03097872976,-0.01469408591
0.07342107713,-0.0300542832,0.01468614844,3.387048157,3.387048157,-0.8317902136,-0.2378310215,0.0300542832,-0.01468614844
0.07501964351,-0.005711762,0.01425732384,3.536143335,3.536143335,-0.6409191228,-0.3835311502,0.005711762,-0.01425732384
0.07661820989,0.01737865318,0.01345074015,3.688449741,3.688449741,-0.7125469987,-0.5229696919,-0.01737865318,-0.01345074015
0.07821677626,0.01642179766,0.01232211917,3.843967376,3.843967376,-0.9066225289,-0.6526619163,-0.01642179766,-0.01232211917
0.07971025009,-0.006465657065,0.01097430905,3.992162509,3.992162509,-0.9645110074,-0.7622039337,0.006465657065,-0.01097430905
0.08120372391,-0.03270501833,0.00929246093,4.143160525,4.143160525,-0.7745701661,-0.8575781263,0.03270501833,-0.00929246093
0.08269719773,-0.04253006958,0.007228669028,4.296961426,4.296961426,-0.4036679823,-0.9354001166,0.04253006958,-0.007228669028
0.08421163057,-0.02970506775,0.004753241578,4.455782891,4.455782891,-0.04445146172,-0.9926901465,0.02970506775,-0.004753241578
0.08572606341,-0.00645923128,0.001974043239,4.617486461,4.617486461,0.1277016009,-1.024890963,0.00645923128,-0.001974043239
0.08705345586,0.006433908893,-0.0006142131459,4.761588946,4.761588946,0.1184356785,-1.030628338,-0.006433908893,0.0006142131459
0.08838084831,0.003509141237,-0.003263583874,4.907905589,4.907905589,0.06543764829,-1.014478527,-0.003509141237,0.003263583874
0.08970824076,-0.01267293279,-0.005922545132,5.05643639,5.05643639,0.09762885953,-0.9761658311,0.01267293279,0.005922545132
0.0910356332,-0.03087975573,-0.008560673243,5.207181349,5.207181349,0.2825661078,-0.9157455194,0.03087975573,0.008560673243
0.09246158151,-0.03872646484,-0.01133495992,5.371585632,5.371585632,0.6073396252,-0.8265520835,0.03872646484,0.01133495992
0.09388752981,-0.0285006467,-0.01397601878,5.53854507,5.53854507,0.9210885651,-0.7130276062,0.0285006467,0.01397601878
0.09538814919,-0.005950462857,-0.01648139354,5.717006855,5.717006855,1.086939724,-0.5691579902,0.005950462857,0.01648139354
0.09688876857,0.01215120954,-0.01854103179,5.898298408,5.898298408,1.047838144,-0.4036354963,-0.01215120954,0.01854103179
0.09838938795,0.01380111599,-0.02000519456,6.08241973,6.08241973,0.9111548198,-0.2214013496,-0.01380111599,0.02000519456
0.1000095851,-0.0001284330267,-0.02080918707,6.28438987,6.28438987,0.8336042922,-0.0129441526,0.0001284330267,0.02080918707
0.1012987376,-0.01154574982,-0.02084006543,6.447449286,6.447449286,0.8847777095,0.156103612,0.01154574982,0.02084006543
0.102663009,-0.01317688799,-0.02027321043,6.622284678,6.622284678,1.000672346,0.332758959,0.01317688799,0.02027321043
0.1040746752,-0.000599455577,-0.01902133216,6.805656054,6.805656054,1.071107735,0.5075346482,0.000599455577,0.01902133216
0.1055043933,0.01959181943,-0.01703788232,6.993924782,6.993924782,0.9867693556,0.6700463575,-0.01959181943,0.01703788232
0.1069341114,0.03458531795,-0.01431981004,7.184762194,7.184762194,0.7351349967,0.811439434,-0.03458531795,0.01431981004
0.1084345299,0.03544164603,-0.01071088659,7.387798982,7.387798982,0.3920818827,0.9300039671,-0.03544164603,0.01071088659
0.1099349483,0.02326800051,-0.006439441571,7.593664781,7.593664781,0.1089755225,1.011301612,-0.02326800051,0.006439441571
0.1114353668,0.00997020712,-0.001692017666,7.802359591,7.802359591,-0.04314448651,1.049919043,-0.00997020712,0.001692017666
0.1129357852,0.007118389896,0.003305705371,8.013883412,8.013883412,-0.1129737219,1.042418221,-0.007118389896,-0.003305705371
0.1144362037,0.01655458424,0.008325132842,8.228236244,8.228236244,-0.2172339565,0.9875242778,-0.01655458424,-0.008325132842
0.1159366221,0.02930247767,0.01314811352,8.445418088,8.445418088,-0.4358714708,0.8860669655,-0.02930247767,-0.01314811352
0.1174465824,0.0332621385,0.01758054915,8.666837134,8.666837134,-0.7433723052,0.739873258,-0.0332621385,-0.01758054915
0.1189971858,0.02256784942,0.02143481718,8.897197888,8.897197888,-1.026584287,0.5491282002,-0.02256784942,-0.02143481718
0.1206232573,0.002309736413,0.02440593112,9.142015905,9.142015905,-1.155652965,0.3138825404,-0.002309736413,-0.02440593112
0.1222493288,-0.0128936169,0.02597246907,9.390156606,9.390156606,-1.091778982,0.05521537406,0.0128936169,-0.02597246907
0.1238754004,-0.01458166139,0.02590630331,9.641619993,9.641619993,-0.9399264808,-0.2112580628,0.01458166139,-0.02590630331
0.1255014719,-0.007579708371,0.0241127878,9.896406064,9.896406064,-0.8244076377,-0.4682508621,0.007579708371,-0.0241127878
0.1271275434,-0.004472856973,0.02063438108,10.15451482,10.15451482,-0.7711609219,-0.6982242204,0.004472856973,-0.02063438108
0.1287536149,-0.01309509618,0.01562433912,10.41594626,10.41594626,-0.6914931365,-0.8846645519,0.01309509618,-0.01562433912
0.1305287432,-0.03048203892,0.008695790473,10.70513581,10.70513581,-0.4496353753,-1.02153336,0.03048203892,-0.008695790473
0.1323038715,-0.04078304799,0.0006857268202,10.99828512,10.99828512,-0.03880487014,-1.074599487,0.04078304799,-0.0006857268202
0.1340789999,-0.03469873952,-0.007786630976,11.2953942,11.2953942,0.3969094734,-1.035091481,0.03469873952,0.007786630976
0.1358541282,-0.01881099864,-0.01594723149,11.59646304,11.59646304,0.6976681981,-0.9020542977,0.01881099864,0.01594723149
0.1376292566,-0.00746902652,-0.02295412064,11.90149165,11.90149165,0.8346103347,-0.6836553563,0.00746902652,0.02295412064
0.1394043849,-0.006894657515,-0.02802551837,12.21048002,12.21048002,0.9063363303,-0.3972359189,0.006894657515,0.02802551837
0.1409853918,-0.009269609315,-0.03040860848,12.48901248,12.48901248,0.9886094773,-0.105181023,0.009269609315,0.03040860848
0.1425663987,-0.005182768279,-0.03047620527,12.770686,12.770686,1.068383045,0.1992238726,0.005182768279,0.03047620527
0.144173139,0.008718158665,-0.02803382006,13.06016238,13.06016238,1.057526836,0.4967088995,-0.008718158665,0.02803382006
0.1458065675,0.02667330057,-0.02300083411,13.35777244,13.35777244,0.8746586152,0.7607177046,-0.02667330057,0.02300083411
0.147439996,0.03804835871,-0.01567220658,13.65873532,13.65873532,0.5332062776,0.9609468016,-0.03804835871,0.01567220658
0.1491434037,0.03727493256,-0.00616589429,13.97616338,13.97616338,0.1191130675,1.079162815,-0.03727493256,0.00616589429
0.1508468115,0.02835470878,0.004363415534,14.2972377,14.2972377,-0.2349440308,1.089257557,-0.02835470878,-0.004363415534
0.1525502192,0.02105957407,0.0148251053,14.62195828,14.62195828,-0.4943704543,0.9859940725,-0.02105957407,-0.0148251053
0.1542536269,0.01986501436,0.02406067768,14.95032511,14.95032511,-0.7087937468,0.7762992079,-0.01986501436,-0.02406067768
0.1559570347,0.01982376546,0.03098194797,15.2823382,15.2823382,-0.9241774068,0.47923812,-0.01982376546,-0.03098194797
0.1576604424,0.01254984634,0.03468798981,15.61799754,15.61799754,-1.106505606,0.1246146321,-0.01254984634,-0.03468798981
0.1594459602,-0.00526055163,0.03445667857,15.97375094,15.97375094,-1.15494988,-0.2673807071,0.00526055163,-0.03445667857
0.161231478,-0.02552066281,0.02977108796,16.33351059,16.33351059,-0.9788776548,-0.6317773794,0.02552066281,-0.02977108796
0.1630169957,-0.03720871976,0.02095338976,16.69727649,16.69727649,-0.6155026475,-0.9198374639,0.03720871976,-0.02095338976
0.1649086317,-0.03671241173,0.008162041388,17.08703247,17.08703247,-0.1653249216,-1.095622862,0.03671241173,-0.008162041388
0.1668002676,-0.03045478612,-0.006409168381,17.48128505,17.48128505,0.2342723615,-1.106743844,0.03045478612,0.006409168381
0.1686919035,-0.0266836051,-0.02052232096,17.88003423,17.88003423,0.5700092076,-0.9450711904,0.0266836051,0.02052232096
0.1705835394,-0.02395481683,-0.03185203871,18.28328003,18.28328003,0.8737686754,-0.6299715944,0.02395481683,0.03185203871
0.1724751753,-0.01406122573,-0.03836409437,18.69102243,18.69102243,1.110242125,-0.2070862881,0.01406122573,0.03836409437
0.1744235746,0.006684860706,-0.03857250407,19.11570121,19.11570121,1.163814427,0.2710309094,-0.006684860706,0.03857250407
0.1763719739,0.02935215231,-0.03172811817,19.54515051,19.54515051,0.9381688888,0.7083753215,-0.02935215231,0.03172811817
0.1783203732,0.04167404625,-0.01865386668,19.97937034,19.97937034,0.4888492466,1.022265201,-0.04167404625,0.01865386668
0.1803475809,0.04032058697,-0.0007406283696,20.43621724,20.43621724,-0.04580973338,1.148770754,-0.04032058697,0.0007406283696
0.1823747886,0.03228065898,0.01804809352,20.89822839,20.89822839,-0.5102181109,1.037335424,-0.03228065898,-0.01804809352
0.1844019963,0.02393428934,0.03366501289,21.36540378,21.36540378,-0.8685332866,0.7025171649,-0.02393428934,-0.03366501289
0.186429204,0.01215399426,0.04245718529,21.8377434,21.8377434,-1.105709899,0.2088821939,-0.01215399426,-0.04245718529
0.1884564117,-0.00811095269,0.04203034065,22.31524727,22.31524727,-1.140482248,-0.339648364,0.00811095269,-0.04203034065
0.1904836194,-0.03231920451,0.0319154001,22.79791538,22.79791538,-0.8809360591,-0.8203656269,0.03231920451,-0.0319154001
0.192510827,-0.04779237243,0.01388941621,23.28574772,23.28574772,-0.3550255313,-1.118783385,0.04779237243,-0.01388941621
0.1945380347,-0.04654431468,-0.008190166086,23.7787443,23.7787443,0.2635838455,-1.156773473,0.04654431468,0.008190166086
0.1965652424,-0.03246589887,-0.02911711118,24.27690512,24.27690512,0.7754330025,-0.9150002643,0.03246589887,0.02911711118
0.1985924501,-0.01438479318,-0.0435469108,24.78023019,24.78023019,1.074620935,-0.442781714,0.01438479318,0.0435469108
0.2006196578,0.004147812549,-0.04740034069,25.28871949,25.28871949,1.140820687,0.1490853209,-0.004147812549,0.04740034069
0.2027812245,0.02581439995,-0.03810506642,25.83659936,25.83659936,0.9396406078,0.7451146221,-0.02581439995,0.03810506642
0.2049427912,0.04584882287,-0.01696496278,26.39035072,26.39035072,0.4453895904,1.129901709,-0.04584882287,0.01696496278
0.2068570518,0.05281093092,0.007067657147,26.88564932,26.88564932,-0.1628300256,1.191544694,-0.05281093092,-0.007067657147
0.2087713124,0.0431528372,0.03021474278,27.38555273,27.38555273,-0.7570043847,0.9633937009,-0.0431528372,-0.03021474278
0.2106855729,0.01968511881,0.04659371038,27.89006096,27.89006096,-1.144479389,0.4920204451,-0.01968511881,-0.04659371038
0.2125998335,-0.00788089856,0.05162853445,28.39917399,28.39917399,-1.214271753,-0.1115946758,0.00788089856,-0.05162853445
0.2145140941,-0.03067540149,0.04339587793,28.91289185,28.91289185,-0.9748791781,-0.6962577237,0.03067540149,-0.04339587793
0.2164966886,-0.04557359767,0.02250864895,29.44980236,29.44980236,-0.4903759509,-1.117678968,0.04557359767,-0.02250864895
0.2184792832,-0.05088870603,-0.005610744247,29.99165231,29.99165231,0.12112474,-1.226628066,0.05088870603,0.005610744247
0.2204618777,-0.044229178,-0.03306780123,30.5384417,30.5384417,0.7278817282,-0.9805666171,0.044229178,0.03306780123
0.2224444722,-0.02299365381,-0.05160680001,31.09017054,31.09017054,1.161580939,-0.4400895316,0.02299365381,0.05160680001
0.2242231257,0.005738881611,-0.05553398636,31.58934879,31.58934879,1.263239931,0.1712049339,-0.005738881611,0.05553398636
0.2260017792,0.03507620118,-0.04572833193,32.09250256,32.09250256,1.030792906,0.7495707764,-0.03507620118,0.04572833193
0.2277804326,0.05485096431,-0.02401922786,32.59963183,32.59963183,0.5153819293,1.148529072,-0.05485096431,0.02401922786
0.2295590861,0.05871702175,0.004559163299,33.11073661,33.11073661,-0.135052846,1.260554414,-0.05871702175,-0.004559163299
0.2313377396,0.04681143277,0.03284042832,33.6258169,33.6258169,-0.7376589094,1.04766962,-0.04681143277,-0.03284042832
0.233116393,0.02391285173,0.05328596952,34.14487269,34.14487269,-1.140289075,0.5559182731,-0.02391285173,-0.05328596952
0.2348950465,-0.004097410678,0.06001459586,34.667904,34.667904,-1.253190637,-0.0918107216,0.004097410678,-0.06001459586
0.2366737,-0.03180916816,0.05055467082,35.1949108,35.1949108,-1.049750266,-0.7246176799,0.03180916816,-0.05055467082
0.2384523535,-0.05342652951,0.02679254095,35.72589312,35.72589312,-0.5647501473,-1.16794974,0.05342652951,-0.02679254095
0.2402310069,-0.06230765158,-0.005233515335,36.26085094,36.26085094,0.09680743081,-1.29231191,0.06230765158,0.005233515335
0.2420096604,-0.05330752684,-0.03675174556,36.79978428,36.79978428,0.7605768237,-1.052796248,0.05330752684,0.03675174556
0.2437883139,-0.02675864242,-0.05860229124,37.34269311,37.34269311,1.221926932,-0.5071557453,0.02675864242,0.05860229124
0.2455669673,0.009671718099,-0.06391563216,37.88957746,37.88957746,1.321207906,0.1948604066,-0.009671718099,0.06391563216
0.2473456208,0.04363824885,-0.05035165208,38.44043731,38.44043731,1.015047439,0.850395074,-0.04363824885,0.05035165208
0.2491242743,0.06373642237,-0.02115957258,38.99527267,38.99527267,0.3982383127,1.261406218,-0.06373642237,0.02115957258
0.2509029277,0.06411692486,0.0154043811,39.55408354,39.55408354,-0.3352305018,1.295494413,-0.06411692486,-0.0154043811
0.2526815812,0.04552657297,0.04829258424,40.11686991,40.11686991,-0.9635756204,0.930833959,-0.04552657297,-0.04829258424
0.2544602347,0.01358223653,0.06697003123,40.6836318,40.6836318,-1.302707881,0.2695221334,-0.01358223653,-0.06697003123
0.2562388881,-0.02322640876,0.06483983743,41.25436918,41.25436918,-1.248798561,-0.4877018753,0.02322640876,-0.06483983743
0.2580175416,-0.05470841509,0.04167524274,41.82908208,41.82908208,-0.8033401066,-1.100472247,0.05470841509,-0.04167524274
0.2597961951,-0.07052485405,0.004152419146,42.40777048,42.40777048,-0.0847152139,-1.365018611,0.07052485405,-0.004152419146
0.2615748486,-0.06350149752,-0.03588249719,42.9904344,42.9904344,0.6869579283,-1.183698549,0.06350149752,0.03588249719
0.263353502,-0.03375141173,-0.06504919451,43.57707381,43.57707381,1.248738086,-0.6038399375,0.03375141173,0.06504919451
0.2651321555,0.009476061522,-0.07291083153,44.16768874,44.16768874,1.390263572,0.1900042373,-0.009476061522,0.07291083153
0.266910809,0.05057158948,-0.0558134121,44.76227917,44.76227917,1.044869297,0.9317202922,-0.05057158948,0.0558134121
0.2686894624,0.07406687242,-0.0186595161,45.36084511,45.36084511,0.326358844,1.361807501,-0.07406687242,0.0186595161
0.2702467969,0.07304719721,0.02075832092,45.88819537,45.88819537,-0.4107717861,1.352170001,-0.07304719721,-0.02075832092
0.2718041313,0.0519923504,0.05548187641,46.41859333,46.41859333,-1.03722161,0.9709510286,-0.0519923504,-0.05548187641
0.273399533,0.01567902588,0.075861311,46.96511663,46.96511663,-1.385115289,0.2962579425,-0.01567902588,-0.075861311
0.2749949347,-0.02555106849,0.07430375262,47.51483845,47.51483845,-1.334967479,-0.4759306217,0.02555106849,-0.07430375262
0.2765903364,-0.06027633395,0.05042909562,48.0677588,48.0677588,-0.8947233027,-1.118058453,0.06027633395,-0.05042909562
0.2782062346,-0.07847133668,0.0100538973,48.63104311,48.63104311,-0.1723898789,-1.434431961,0.07847133668,-0.0100538973
0.2798221329,-0.0732126034,-0.03458592494,49.19760866,49.19760866,0.6185932821,-1.307527719,0.0732126034,0.03458592494
0.2814380312,-0.04458146558,-0.06945269022,49.76745545,49.76745545,1.234271833,-0.7654708048,0.04458146558,0.06945269022
0.2830539295,-0.0002067684368,-0.0829476765,50.34058347,50.34058347,1.469833966,0.02971451242,0.0002067684368,0.0829476765
0.2846698277,0.04613738028,-0.06984873608,50.91699274,50.91699274,1.231539843,0.8278656862,-0.04613738028,0.06984873608
0.286285726,0.07870023848,-0.03343049578,51.49668325,51.49668325,0.5800261612,1.368198831,-0.07870023848,0.03343049578
0.2879016243,0.08547351723,0.01510032315,52.07965499,52.07965499,-0.2782571276,1.46514441,-0.08547351723,-0.01510032315
0.2895175226,0.06306879983,0.0598940622,52.66590797,52.66590797,-1.055620394,1.074249636,-0.06306879983,-0.0598940622
0.2911334208,0.0184625784,0.08557752674,53.2554422,53.2554422,-1.482823537,0.3142738688,-0.0184625784,-0.08557752674
0.2927493191,-0.03327109644,0.08258452183,53.84825766,53.84825766,-1.406053674,-0.5653269089,0.03327109644,-0.08258452183
0.2943652174,-0.07428151603,0.05084644715,54.44435436,54.44435436,-0.8438996388,-1.264206817,0.07428151603,-0.05084644715
0.2959811156,-0.09016575162,0.0003967169775,55.0437323,55.0437323,0.01630159638,-1.533624334,0.09016575162,-0.0003967169775
0.2975970139,-0.07488409875,-0.05158611202,55.64639148,55.64639148,0.8802992175,-1.266879721,0.07488409875,0.05158611202
0.2992129122,-0.0329091425,-0.08652368179,56.2523319,56.2523319,1.445446478,-0.5443983332,0.0329091425,0.08652368179
0.3006637018,0.01625840961,-0.09220955321,56.79915424,56.79915424,1.524251279,0.290992254,-0.01625840961,0.09220955321
0.3021144915,0.06204131554,-0.07074801734,57.34862154,57.34862154,1.159326884,1.053358642,-0.06204131554,0.07074801734
0.3035685938,0.09088923576,-0.0275004034,57.90199747,57.90199747,0.4432713032,1.514813624,-0.09088923576,0.0275004034
0.305022696,0.09323956886,0.0251622514,58.45803045,58.45803045,-0.4199977665,1.526817845,-0.09323956886,-0.0251622514
0.3064767983,0.06711453642,0.07145703337,59.01672048,59.01672048,-1.172828987,1.074538996,-0.06711453642,-0.07145703337
0.30797025,0.01782204927,0.09716793149,59.59329507,59.59329507,-1.584104207,0.2613100065,-0.01782204927,-0.09716793149
0.3094637016,-0.03896913054,0.09165463699,60.17267246,60.17267246,-1.483443086,-0.6502993952,0.03896913054,-0.09165463699
0.3109571533,-0.08442933013,0.05563316467,60.75485265,60.75485265,-0.8884925662,-1.362252224,0.08442933013,-0.05563316467
0.3124638978,-0.1026167861,-0.0004609051006,61.34505503,61.34505503,0.02336729433,-1.632452512,0.1026167861,0.0004609051006
0.3139706423,-0.08566880061,-0.0578719791,61.93811032,61.93811032,0.9422719043,-1.349201834,0.08566880061,0.0578719791
0.3154773868,-0.03837707305,-0.09673304924,62.53401853,62.53401853,1.548470304,-0.5958168249,0.03837707305,0.09673304924
0.3169841314,0.02346857137,-0.1027722632,63.13277966,63.13277966,1.622335771,0.3776044009,-0.02346857137,0.1027722632
0.3184908759,0.07833698503,-0.07267635008,63.73439371,63.73439371,1.126301092,1.234670214,-0.07833698503,0.07267635008
0.3199976204,0.1064874333,-0.01587898457,64.33886067,64.33886067,0.224355957,1.668297534,-0.1064874333,0.01587898457
0.321504365,0.09710468157,0.04814001205,64.94618054,64.94618054,-0.7700869716,1.512126108,-0.09710468157,-0.04814001205
0.3230111095,0.05248695023,0.09639192174,65.55635334,65.55635334,-1.501648646,0.8070507171,-0.05248695023,-0.09639192174
0.324517854,-0.01227061515,0.1106281025,66.16937905,66.16937905,-1.699444413,-0.2043674535,0.01227061515,-0.1106281025
0.3260245985,-0.07416083895,0.08436036535,66.78525768,66.78525768,-1.278339893,-1.158165453,0.07416083895,-0.08436036535
0.3275313431,-0.1102434008,0.02592912993,67.40398922,67.40398922,-0.377612413,-1.698781093,0.1102434008,-0.02592912993
0.3290380876,-0.106092688,-0.04383211631,68.02557368,68.02557368,0.6805040465,-1.612754026,0.106092688,0.04383211631
0.3305448321,-0.0616933998,-0.09884121781,68.65001106,68.65001106,1.502469584,-0.9158663757,0.0616933998,0.09884121781
0.3320523431,0.007675732553,-0.1174892819,69.27762116,69.27762116,1.768732403,0.1431408445,-0.007675732553,0.1174892819
0.333559854,0.07620845053,-0.09121087466,69.90808708,69.90808708,1.35955014,1.166104471,-0.07620845053,0.09121087466
0.335067365,0.1170623213,-0.02863278682,70.54140882,70.54140882,0.4134588195,1.754783959,-0.1170623213,0.02863278682
0.3365748759,0.1129432208,0.04692820885,71.17758638,71.17758638,-0.7141980255,1.666811869,-0.1129432208,-0.04692820885
0.3380823869,0.06368095383,0.1059403938,71.81661975,71.81661975,-1.581570076,0.9185791777,-0.06368095383,-0.1059403938
0.3395898978,-0.01263665353,0.12416607,72.45850895,72.45850895,-1.833795423,-0.2096618845,0.01263665353,-0.12416607
0.3410974087,-0.08600489459,0.09275535046,73.10325397,73.10325397,-1.351436741,-1.274704508,0.08600489459,-0.09275535046
0.3426049197,-0.126242239,0.02269242238,73.75085481,73.75085481,-0.3104691194,-1.842940327,0.126242239,-0.02269242238
0.3441124306,-0.1155494939,-0.05864864823,74.40131147,74.40131147,0.8770293332,-1.668286958,0.1155494939,0.05864864823
0.3456199416,-0.05660088012,-0.1179751593,75.05462394,75.05462394,1.723864727,-0.8022250015,0.05660088012,0.1179751593
0.3471274525,0.02756759511,-0.1296872573,75.71079224,75.71079224,1.868327121,0.4142202748,-0.02756759511,0.1296872573
0.3486349635,0.102322331,-0.08709733272,76.36981636,76.36981636,1.231593928,1.48058491,-0.102322331,0.08709733272
0.3501424744,0.1356100913,-0.006299861252,77.0316963,77.0316963,0.06265306566,1.941626804,-0.1356100913,0.006299861252
0.3516499854,0.1117902801,0.07949978272,77.69643205,77.69643205,-1.154440921,1.583684499,-0.1117902801,-0.07949978272
0.3531574963,0.03915700609,0.1334220418,78.36402363,78.36402363,-1.898567085,0.5375503182,-0.03915700609,-0.1334220418
0.354489133,-0.0420803443,0.1342929742,78.95610589,78.95610589,-1.887411766,-0.6161589902,0.0420803443,-0.1342929742
0.3558207696,-0.1108722746,0.0889189302,79.55041648,79.55041648,-1.229403594,-1.579156716,0.1108722746,-0.0889189302
0.3572033259,-0.1433097309,0.008252140157,80.16981033,80.16981033,-0.08959551933,-2.016801392,0.1433097309,-0.008252140157
0.3585858821,-0.1228285351,-0.07768055208,80.79160619,80.79160619,1.105230276,-1.706925667,0.1228285351,0.07768055208
0.3599684384,-0.05532978684,-0.1364843554,81.41580407,81.41580407,1.906400163,-0.7466409051,0.05532978684,0.1364843554
0.3613509947,0.03512957672,-0.1447638647,82.04240396,82.04240396,1.999005673,0.5161624082,-0.03512957672,0.1447638647
0.3627335509,0.1146262429,-0.09758279837,82.67140586,82.67140586,1.328060588,1.605694237,-0.1146262429,0.09758279837
0.3641219329,0.1520209244,-0.01089618386,83.30547542,83.30547542,0.1254815478,2.09708449,-0.1520209244,0.01089618386
0.3655103148,0.1306620398,0.08246621526,83.94196728,83.94196728,-1.151100832,1.775944778,-0.1306620398,-0.08246621526
0.3668986968,0.05686602072,0.1457176863,84.58088144,84.58088144,-1.999513691,0.746895386,-0.05686602072,-0.1457176863
0.3682870788,-0.04179181708,0.1525340079,85.2222179,85.2222179,-2.069768355,-0.6000950031,0.04179181708,-0.1525340079
0.3696754607,-0.126478648,0.09818021353,85.86597665,85.86597665,-1.311368057,-1.73397227,0.126478648,-0.09818021353
0.3710739928,-0.1623331436,0.001751641271,86.51689069,86.51689069,0.003319696128,-2.191222007,0.1623331436,-0.001751641271
0.3724725249,-0.1319416496,-0.0981462829,87.17026257,87.17026257,1.344745878,-1.754238201,0.1319416496,0.0981462829
0.373871057,-0.04557457389,-0.1599796767,87.8260923,87.8260923,2.155678706,-0.5792724629,0.04557457389,0.1599796767
0.375269589,0.06246773222,-0.1564060177,88.48437988,88.48437988,2.081070923,0.863029468,-0.06246773222,0.1564060177
0.3766681211,0.1471895585,-0.0865718251,89.1451253,89.1451253,1.126933626,1.972487881,-0.1471895585,0.0865718251
0.3780801748,0.1714711958,0.02327445471,89.81475271,89.81475271,-0.3411338417,2.266700811,-0.1714711958,-0.02327445471
0.3794922285,0.121437696,0.1261918463,90.48688571,90.48688571,-1.692586242,1.580047802,-0.121437696,-0.1261918463
0.3809042821,0.01643424332,0.1766083779,91.16152432,91.16152432,-2.330747633,0.1849480499,-0.01643424332,-0.1766083779
0.3823163358,-0.09894715999,0.1502213446,91.83866854,91.83866854,-1.95278093,-1.323171632,0.09894715999,-0.1502213446
0.3837283895,-0.1735388442,0.05595736322,92.51831835,92.51831835,-0.6972601719,-2.276656356,0.1735388442,-0.05595736322
0.3849939557,-0.1763258626,-0.05392563271,93.12958996,93.12958996,0.7383939247,-2.287055708,0.1763258626,0.05392563271
0.3862595218,-0.1147030998,-0.1470905569,93.74287427,93.74287427,1.934043624,-1.46375773,0.1147030998,0.1470905569
0.3875817141,-0.004026742184,-0.1889701205,94.38574898,94.38574898,2.447062667,-0.01893164368,0.004026742184,0.1889701205
0.3889039063,0.11141321,-0.1558179466,95.03082053,95.03082053,1.987364939,1.465359324,-0.11141321,0.1558179466
0.3902260985,0.184933843,-0.05842573363,95.67808892,95.67808892,0.7134405319,2.389506487,-0.184933843,0.05842573363
0.3915482908,0.1850309655,0.06569492608,96.32755416,96.32755416,-0.8792294147,2.360842584,-0.1850309655,-0.06569492608
0.392870483,0.1090612686,0.1664420219,96.97921624,96.97921624,-2.147182907,1.363399148,-0.1090612686,-0.1664420219
0.3942290988,-0.01788003744,0.2010463375,97.65111868,97.65111868,-2.554422528,-0.2656140648,0.01788003744,-0.2010463375
0.3955877146,-0.1408331059,0.1483823361,98.32534066,98.32534066,-1.853164216,-1.816934249,0.1408331059,-0.1483823361
0.3969463305,-0.20532031,0.02847831584,99.0018822,99.0018822,-0.3186882102,-2.604483192,0.20532031,-0.02847831584
0.3983049463,-0.1804670064,-0.1078202693,99.68074328,99.68074328,1.394168224,-2.25548453,0.1804670064,0.1078202693
0.3996635621,-0.07402668938,-0.200071039,100.3619239,100.3619239,2.526509175,-0.8906975895,0.07402668938,0.200071039
0.4010221779,0.06913585705,-0.2050098157,101.0454241,101.0454241,2.551609673,0.9081002767,-0.06913585705,0.2050098157
0.4023807938,0.1854885671,-0.1170702141,101.7312438,101.7312438,1.423340889,2.340885015,-0.1854885671,0.1170702141
0.4037607515,0.220624526,0.02952697723,102.4302113,102.4302113,-0.4109808298,2.740105953,-0.220624526,-0.02952697723
0.4051407092,0.152408852,0.1669144982,103.1315717,103.1315717,-2.098878718,1.855551072,-0.152408852,-0.1669144982
0.4065206669,0.009272132442,0.2292262727,103.8353251,103.8353251,-2.833530819,0.06594154019,-0.009272132442,-0.2292262727
0.4079006246,-0.1430853917,0.1835992574,104.5414716,104.5414716,-2.232190823,-1.802349538,0.1430853917,-0.1835992574
0.4092805823,-0.2314537131,0.04778422903,105.250011,105.250011,-0.539996932,-2.852607448,0.2314537131,-0.04778422903
0.4106605401,-0.2103090904,-0.1158137111,105.9609434,105.9609434,1.459708258,-2.548935326,0.2103090904,0.1158137111
0.4120404978,-0.08556820094,-0.2283011483,106.6742688,106.6742688,2.80230268,-0.9941313268,0.08556820094,0.2283011483
0.4132638039,0.06640209072,-0.2380033107,107.3086191,107.3086191,2.881595383,0.8596199434,-0.06640209072,0.2380033107
0.41448711,0.1970115262,-0.1547617948,107.9448499,107.9448499,1.83676894,2.423190086,-0.1970115262,0.1547617948
0.415757109,0.2542791681,-0.001841873101,108.6073548,108.6073548,-0.03056830369,3.075007588,-0.2542791681,0.001841873101
0.417027108,0.2050031192,0.1567649674,109.2718865,109.2718865,-1.93379964,2.436935639,-0.2050031192,-0.1567649674
0.4182971069,0.066246161,0.2533037512,109.9384451,109.9384451,-3.060565105,0.7404323954,-0.066246161,-0.2533037512
0.4195671059,-0.1055968014,0.2437983012,110.6070304,110.6070304,-2.901422905,-1.319444122,0.1055968014,-0.2437983012
0.4208371049,-0.2372942319,0.1282996254,111.2776426,111.2776426,-1.483391193,-2.864150673,0.2372942319,-0.1282996254
0.4221389113,-0.26915339,-0.05147030128,111.9671541,111.9671541,0.6720529858,-3.195602689,0.26915339,0.05147030128
0.4234407177,-0.1782661333,-0.213685055,112.6587952,112.6587952,2.579633369,-2.070389045,0.1782661333,0.213685055
0.4247425241,-0.001776310661,-0.2826093641,113.3525659,113.3525659,3.350877343,0.04190968072,0.001776310661,0.2826093641
0.4260443305,0.1816365572,-0.2224311782,114.0484663,114.0484663,2.589101217,2.195168279,-0.1816365572,0.2224311782
0.427346137,0.2864311396,-0.0560857218,114.7464962,114.7464962,0.5969737382,3.386251882,-0.2864311396,0.0560857218
0.4286479434,0.2601064436,0.1424830944,115.4466558,115.4466558,-1.733402089,3.022962699,-0.2601064436,-0.1424830944
0.4299497498,0.1097669723,0.2806500673,116.148945,116.148945,-3.314238994,1.222355591,-0.1097669723,-0.2806500673
0.4312539071,-0.09851648419,0.2900858588,116.8546379,116.8546379,-3.367641936,-1.21621032,0.09851648419,-0.2900858588
0.4325580645,-0.2669658422,0.160584681,117.5624681,117.5624681,-1.809855126,-3.14578261,0.2669658422,-0.160584681
0.4338885433,-0.3119546885,-0.05558954111,118.2867866,118.2867866,0.7184066909,-3.610403854,0.3119546885,0.05558954111
0.4352190221,-0.2011982486,-0.251754796,119.0133297,119.0133297,2.964133965,-2.272543372,0.2011982486,0.251754796
0.4365495008,0.01579103602,-0.3275308489,119.7420972,119.7420972,3.780624688,0.2577533918,-0.01579103602,0.3275308489
0.4378799796,0.2329010669,-0.2390575452,120.4730892,120.4730892,2.699184786,2.737735413,-0.2329010669,0.2390575452
0.4392104584,0.33877352,-0.02457569086,121.2063057,121.2063057,0.201724612,3.896830734,-0.33877352,0.02457569086
0.4405409372,0.2739516028,0.2108055535,121.9417466,121.9417466,-2.480764542,3.088717893,-0.2739516028,-0.2108055535
0.441871416,0.06455449446,0.3459465948,122.679412,122.679412,-3.968050919,0.6561421386,-0.06455449446,-0.3459465948
0.4432018948,-0.1866359756,0.3059557669,123.4193018,123.4193018,-3.440850859,-2.198552928,0.1866359756,-0.3059557669
0.4445323736,-0.3498192064,0.1040031023,124.1614161,124.1614161,-1.096737105,-3.999346747,0.3498192064,-0.1040031023
0.4458628524,-0.3350776961,-0.1607368373,124.9057549,124.9057549,1.903223383,-3.758575308,0.3350776961,0.1607368373
0.4471933312,-0.14222551,-0.350841415,125.6523182,125.6523182,3.999775601,-1.523079981,0.14222551,0.350841415
0.448386186,0.1057971881,-0.3701787976,126.3235485,126.3235485,4.147337264,1.28221615,-0.1057971881,0.3701787976
0.4495790408,0.3169527799,-0.2298609147,126.996567,126.996567,2.506938899,3.620927485,-0.3169527799,0.2298609147
0.450816346,0.397588256,0.02550854559,127.696554,127.696554,-0.3848055857,4.455077867,-0.397588256,-0.02550854559
0.4520536512,0.2946286364,0.2785999241,128.3984648,128.3984648,-3.191437982,3.229745301,-0.2946286364,-0.2785999241
0.4532909563,0.04875463777,0.4099346213,129.1022994,129.1022994,-4.589054429,0.4435116656,-0.04875463777,-0.4099346213
0.4545282615,-0.2296764331,0.35201259,129.8080578,129.8080578,-3.86315804,-2.645717092,0.2296764331,-0.35201259
0.4557655667,-0.4094985834,0.1242083729,130.5157401,130.5157401,-1.277160844,-4.581940086,0.4094985834,-0.1242083729
0.4570029825,-0.4003801094,-0.1719165081,131.2254096,131.2254096,2.006696462,-4.396340716,0.4003801094,0.1719165081
0.4582403983,-0.1984140273,-0.3969764862,131.9370034,131.9370034,4.44035009,-2.095299291,0.1984140273,0.3969764862
0.4595112591,0.1157288006,-0.437244556,132.669833,132.669833,4.794515879,1.387084917,-0.1157288006,0.437244556
0.4607821199,0.3835081751,-0.2557236392,133.4046922,133.4046922,2.716975225,4.286579277,-0.3835081751,0.2557236392
0.4620572459,0.4652272887,0.06563974082,134.1440576,134.1440576,-0.8393908404,5.092862771,-0.4652272887,-0.06563974082
0.463332372,0.308816315,0.3661800886,134.8854662,134.8854662,-4.090193654,3.290559871,-0.308816315,-0.3661800886
0.4646074981,-0.01512662422,0.4882083816,135.628918,135.628918,-5.331618221,-0.2899167893,0.01512662422,-0.4882083816
0.4658826242,-0.3446406101,0.3595432233,136.3744131,136.3744131,-3.831767082,-3.85067015,0.3446406101,-0.3595432233
0.4671577502,-0.5065715451,0.0362681118,137.1219513,137.1219513,-0.2642407199,-5.521294319,0.5065715451,-0.0362681118
0.4684328763,-0.4075112918,-0.3197734647,137.8715328,137.8715328,3.575683581,-4.341766815,0.4075112918,0.3197734647
0.4697080024,-0.08787050301,-0.5210414971,138.6231575,138.6231575,5.665075867,-0.8175182263,0.08787050301,0.5210414971
0.4709831285,0.2921947905,-0.4529289657,139.3768255,139.3768255,4.818354464,3.274705301,-0.2921947905,0.4529289657
0.4722582545,0.5319070087,-0.1392706819,140.1325367,140.1325367,1.363957742,5.771588356,-0.5319070087,0.1392706819
0.4735333806,0.4956668253,0.2627228294,140.8902911,140.8902911,-2.954323121,5.265004026,-0.4956668253,-0.2627228294
0.4748085067,0.190025551,0.5399750209,141.6500887,141.6500887,-5.845001649,1.900214572,-0.190025551,-0.5399750209
0.4760863843,-0.2327578958,0.535753839,142.4135757,142.4135757,-5.677813924,-2.632128798,0.2327578958,-0.535753839
0.4773642619,-0.5464305066,0.2381507202,143.1791147,143.1791147,-2.403814836,-5.902492367,0.5464305066,-0.2381507202
0.478659554,-0.5714365924,-0.2091461445,143.9571804,143.9571804,2.37803793,-6.04064804,0.5714365924,0.2091461445
0.479954846,-0.2738537571,-0.5576471706,144.7373545,144.7373545,6.004694437,-2.770265413,0.2738537571,0.5576471706
0.4812653521,0.1980924858,-0.6026965406,145.5288379,145.5288379,6.348468848,2.25946584,-0.1980924858,0.6026965406
0.4825758582,0.575396684,-0.2976922813,146.3224795,146.3224795,3.006110249,6.174301833,-0.575396684,0.2976922813
0.4838863643,0.632059496,0.1955562219,147.1182792,147.1182792,-2.229956918,6.633369454,-0.632059496,-0.1955562219
0.4851968705,0.319000099,0.5956846952,147.9162372,147.9162372,-6.366746069,3.213187259,-0.319000099,-0.5956846952
0.4865073766,-0.196698242,0.6614562737,148.7163533,148.7163533,-6.91428439,-2.240638368,0.196698242,-0.6614562737
0.4878178827,-0.6186749852,0.3374624521,149.5186276,149.5186276,-3.388474248,-6.5874385,0.6186749852,-0.3374624521
0.4891283888,-0.6907457623,-0.202145946,150.3230601,150.3230601,2.294650434,-7.192486779,0.6907457623,0.202145946
0.4904388949,-0.3527086513,-0.6448682123,151.1296507,151.1296507,6.837287044,-3.528286277,0.3527086513,0.6448682123
0.491749401,0.2122492556,-0.7199451586,151.9383996,151.9383996,7.465715184,2.397960499,-0.2122492556,0.7199451586
0.4930599071,0.674328198,-0.3642517115,152.7493066,152.7493066,3.628516155,7.120200083,-0.674328198,0.3642517115
0.4943704133,0.748743991,0.2276570201,153.5623718,153.5623718,-2.553629718,7.732879617,-0.748743991,-0.2276570201
0.4956809194,0.3715855942,0.7073906634,154.3775952,154.3775952,-7.435671424,3.683724452,-0.3715855942,-0.7073906634
0.4969914255,-0.2487185422,0.7768959811,155.1949768,155.1949768,-7.989698065,-2.767517567,0.2487185422,-0.7768959811
0.4983019316,-0.7439581749,0.374029868,156.0145166,156.0145166,-3.688471361,-7.785498202,0.7439581749,-0.374029868
0.4996124377,-0.8038556568,-0.2760635627,156.8362145,156.8362145,3.042292736,-8.232188594,0.8038556568,0.2760635627
0.5009229438,-0.3709258047,-0.7841227314,157.6600706,157.6600706,8.167075298,-3.635556825,0.3709258047,0.7841227314
0.5020983506,0.2401095025,-0.85001874,158.4008318,158.4008318,8.687114671,2.670051265,-0.2401095025,0.85001874
0.5032737573,0.7536688458,-0.490644093,159.1433291,159.1433291,4.863496339,7.854203406,-0.7536688458,0.490644093
0.5044814033,0.9039339291,0.1480072683,159.9079999,159.9079999,-1.724799363,9.233353544,-0.9039339291,-0.1480072683
0.5056890493,0.5777111843,0.7323736746,160.6745035,160.6745035,-7.626554989,5.746522398,-0.5777111843,-0.7323736746
0.5068966953,-0.07019602862,0.9471478309,161.4428397,161.4428397,-9.662034762,-0.9296099197,0.07019602862,-0.9471478309
0.5081043413,-0.7049760977,0.6615992907,162.2130087,162.2130087,-6.59363184,-7.337875166,0.7049760977,-0.6615992907
0.5093119873,-0.9839510873,0.009108319366,162.9850103,162.9850103,0.12066965,-10.02323012,0.9839510873,-0.009108319366
0.5105196332,-0.7418686832,-0.672463451,163.7588446,163.7588446,6.995799082,-7.399649842,0.7418686832,0.672463451
0.5117272792,-0.08911251538,-1.01471485,164.5345116,164.5345116,10.31967168,-0.6914595728,0.08911251538,1.01471485
0.5129349252,0.6355745552,-0.8181029501,165.3120113,165.3120113,8.16122363,6.610693156,-0.6355745552,0.8181029501
0.5141425712,1.039751229,-0.1688495183,166.0913437,166.0913437,1.499256206,10.55621276,-1.039751229,0.1688495183
0.5153502172,0.8900393305,0.5953103424,166.8725087,166.8725087,-6.19026516,8.875375595,-0.8900393305,-0.5953103424
0.5165578631,0.2476320982,1.059571443,167.6555065,167.6555065,-10.73677485,2.293732824,-0.2476320982,-1.059571443
0.5177655091,-0.5524133642,0.9574439174,168.440337,168.440337,-9.540335524,-5.744592881,0.5524133642,-0.9574439174
0.5189731551,-1.074580675,0.3246259438,169.2270001,169.2270001,-3.068554254,-10.86716909,1.074580675,-0.3246259438
0.5201907369,-1.017124127,-0.5142530604,170.0219908,170.0219908,5.344654204,-10.12280727,1.017124127,0.5142530604
0.5214083187,-0.3857782221,-1.090510239,170.8188445,170.8188445,11.00085466,-3.680298914,0.3857782221,1.090510239
0.522643941,0.4948011244,-1.06434816,171.6294095,171.6294095,10.57384951,5.131200289,-0.4948011244,1.06434816
0.5238795633,1.114501789,-0.418503899,172.4418931,172.4418931,4.005336828,11.20879598,-1.114501789,0.418503899
0.5251343585,1.097063238,0.5037603752,173.2689473,173.2689473,-5.196876034,10.87318773,-1.097063238,-0.5037603752
0.5263891536,0.418883694,1.149578961,174.09798,174.09798,-11.51910193,4.00571987,-0.418883694,-1.149578961
0.5276581854,-0.5410638142,1.115243305,174.9384312,174.9384312,-11.02308409,-5.540972982,0.5410638142,-1.115243305
0.5289272172,-1.192702538,0.3908942026,175.7809061,175.7809061,-3.726440339,-11.90406681,1.192702538,-0.3908942026
0.5302014072,-1.120642336,-0.5979929604,176.6288415,176.6288415,6.073222484,-11.04492131,1.120642336,0.5979929604
0.5314755973,-0.3457718397,-1.237250257,177.4788172,177.4788172,12.29888596,-3.281278992,0.3457718397,1.237250257
0.5327497873,0.6640129858,-1.115756412,178.3308331,178.3308331,10.96699901,6.690652864,-0.6640129858,1.115756412
0.5340239774,1.278796653,-0.2905264871,179.1848892,179.1848892,2.743078085,12.66297935,-1.278796653,0.2905264871
0.5352981674,1.100995864,0.734591727,180.0409855,180.0409855,-7.346515447,10.79543254,-1.100995864,-0.734591727
0.5365723575,0.2251219397,1.315702435,180.8991221,180.8991221,-12.98000399,2.111141956,-0.2251219397,-1.315702435
0.5378465475,-0.8083377766,1.075107985,181.7592989,181.7592989,-10.51955563,-8.029095251,0.8083377766,-1.075107985
0.5391207376,-1.34602194,0.1496897135,182.6215159,182.6215159,-1.389025196,-13.23333644,1.34602194,-0.1496897135
0.5403949276,-1.036983433,-0.8836805064,183.4857731,183.4857731,8.721711806,-10.12992135,1.036983433,0.8836805064
0.5416691177,-0.06487802363,-1.367783817,184.3520706,184.3520706,13.40419187,-0.5824173386,0.06487802363,1.367783817
0.5429433077,0.9585118231,-0.9857108548,185.2204083,185.2204083,9.619426786,9.40624995,-0.9585118231,0.9857108548
0.5442174977,1.378850134,0.02835436983,186.0907862,186.0907862,-0.2976207721,13.474519,-1.378850134,-0.02835436983
0.5454916878,0.9207280073,1.030538354,186.9632043,186.9632043,-10.05998224,8.983854803,-0.9207280073,-1.030538354
0.5467658778,-0.1284123099,1.37721071,187.8376627,187.8376627,-13.42586199,-1.236846199,0.1284123099,-1.37721071
0.5480400679,-1.097002023,0.8418795285,188.7141613,188.7141613,-8.223309029,-10.65925275,1.097002023,-0.8418795285
0.5493142579,-1.360923262,-0.2332890498,189.5927001,189.5927001,2.214970613,-13.24234814,1.360923262,0.2332890498
0.550588448,-0.7495917122,-1.155063557,190.4732792,190.4732792,11.17712347,-7.342634534,0.7495917122,1.155063557
0.551862638,0.340295864,-1.328424823,191.3558984,191.3558984,12.91024151,3.208184434,-0.340295864,1.328424823
0.5531368281,1.201621399,-0.6449099394,192.2405579,192.2405579,6.352887581,11.58738845,-1.201621399,0.6449099394
0.5544110181,1.278541198,0.4463398771,193.1272576,193.1272576,-4.186979353,12.42095203,-1.278541198,-0.4463398771
0.5556852082,0.5296583652,1.233743914,194.0159976,194.0159976,-11.86314297,5.27133878,-0.5296583652,-1.233743914
0.5569593982,-0.5477473134,1.210798151,194.9067778,194.9067778,-11.7710488,-5.119307933,0.5477473134,-1.210798151
0.5582335882,-1.248592349,0.4064143875,195.7995982,195.7995982,-4.122552891,-11.98117259,1.248592349,-0.4064143875
0.5595194077,-1.120411191,-0.6490754174,196.7026355,196.7026355,6.051439841,-10.91787902,1.120411191,0.6490754174
0.5608052271,-0.259563283,-1.247607881,197.6077505,197.6077505,11.96066696,-2.755487139,0.259563283,1.247607881
0.5620910466,0.7436373306,-1.006556758,198.5149431,198.5149431,9.854643416,6.924256536,-0.7436373306,1.006556758
0.563376866,1.221029398,-0.1130502946,199.4242133,199.4242133,1.397498016,11.70963942,-1.221029398,0.1130502946
0.5646626855,0.8766164112,0.8175603396,200.3355612,200.3355612,-7.607013529,8.651059544,-0.8766164112,-0.8175603396
0.5659485049,-0.02717169356,1.168438333,201.2489867,201.2489867,-11.22530557,0.1012164161,0.02717169356,-1.168438333
0.5672343244,-0.8666296841,0.7351547725,202.1644898,202.1644898,-7.348598035,-8.06481127,0.8666296841,-0.7351547725
0.5685201438,-1.09086181,-0.1548405849,203.0820706,203.0820706,1.077766328,-10.51971288,1.09086181,0.1548405849
0.5698059633,-0.5879851819,-0.8878022006,204.0017291,204.0017291,8.271545666,-5.999919909,0.5879851819,0.8878022006
0.5710917827,0.2637146982,-0.9911697064,204.9234651,204.9234651,9.619146636,2.08572458,-0.2637146982,0.9911697064
0.5723776022,0.8794306383,-0.4419916171,205.8472788,205.8472788,4.665845404,8.215698937,-0.8794306383,0.4419916171
0.5736634216,0.8739545584,0.3482042307,206.7731702,206.7731702,-2.874349683,8.566413529,-0.8739545584,-0.3482042307
0.5749492411,0.304675352,0.8418613598,207.7011391,207.7011391,-7.901454367,3.412290439,-0.304675352,-0.8418613598
0.5762350605,-0.4038426719,0.7456156999,208.6311858,208.6311858,-7.417937426,-3.406792939,0.4038426719,-0.7456156999
0.57752088,-0.7775178866,0.183643907,209.56331,209.56331,-2.304891747,-7.352890498,0.7775178866,-0.183643907
0.5788108297,-0.6126096209,-0.4295484795,210.5005161,210.5005161,3.677401119,-6.23153729,0.6126096209,0.4295484795
0.5801007794,-0.08214038243,-0.6913317455,211.4398132,211.4398132,6.617099962,-1.367588277,0.08214038243,0.6913317455
0.5813907292,0.4237956138,-0.4837802741,212.3812012,212.3812012,5.083051567,3.675340478,-0.4237956138,0.4837802741
0.5826806789,0.5893180899,-0.01080503516,213.3246803,213.3246803,0.694088389,5.744461178,-0.5893180899,0.01080503516
0.5839706286,0.3697904097,0.3871888418,214.2702504,214.2702504,-3.404819291,4.064589241,-0.3697904097,-0.3871888418
0.5852605784,-0.02671090982,0.4808860797,215.2179115,215.2179115,-4.816095801,0.3139446366,0.02671090982,-0.4808860797
0.5865505281,-0.3252510116,0.2793531088,216.1676636,216.1676636,-3.24943254,-2.915696863,0.3252510116,-0.2793531088
0.5878404779,-0.3765372458,-0.02978838674,217.1195067,217.1195067,-0.2303964856,-3.92306892,0.3765372458,0.02978838674
0.5891304276,-0.2192783824,-0.2463946323,218.0734409,218.0734409,2.280779594,-2.694819361,0.2192783824,0.2463946323
0.5904203773,0.00130611058,-0.287003189,219.029466,219.029466,3.155792494,-0.4168070084,-0.00130611058,0.287003189
0.5917103271,0.1612017312,-0.1935575249,219.9875821,219.9875821,2.432376963,1.591542684,-0.1612017312,0.1935575249
0.5930002768,0.2218446403,-0.05224128002,220.9477893,220.9477893,0.8163428154,2.59512324,-0.2218446403,0.05224128002
0.5940902342,0.2096776397,0.06224045016,221.7607569,221.7607569,-0.6890980526,2.552925202,-0.2096776397,-0.06224045016
0.5951801916,0.1527741285,0.1590871857,222.5752173,222.5752173,-1.95450034,1.782772041,-0.1527741285,-0.1590871857
0.596311687,0.0482200682,0.2281488014,223.422296,223.422296,-2.696322786,0.3805069974,-0.0482200682,-0.2281488014
0.5974431823,-0.09504126723,0.2359101095,224.2709835,224.2709835,-2.545653475,-1.316502731,0.09504126723,-0.2359101095
0.5985746777,-0.2382727955,0.1494321863,225.1212798,225.1212798,-1.34200104,-2.74778076,0.2382727955,-0.1494321863
0.599720692,-0.3101840751,-0.03356134771,225.9841268,225.9841268,0.7011423037,-3.210661883,0.3101840751,0.03356134771
0.6008667064,-0.2395919101,-0.2473912563,226.8486243,226.8486243,2.77758363,-2.185849902,0.2395919101,0.2473912563
0.6020127207,-0.02110490987,-0.3765238437,227.7147721,227.7147721,3.788209496,0.1477545838,0.02110490987,0.3765238437
0.6031587351,0.2549168904,-0.3201003572,228.5825703,228.5825703,2.937697017,2.783322,-0.2549168904,0.3201003572
0.6043047494,0.434467865,-0.06926783204,229.4520189,229.4520189,0.3506555709,4.280198659,-0.434467865,0.06926783204
0.6054507637,0.3892580188,0.2612966324,230.323118,230.323118,-2.769520799,3.582906401,-0.3892580188,-0.2612966324
0.6065967781,0.1095938012,0.4830993556,231.1958674,231.1958674,-4.679552132,0.7813559654,-0.1095938012,-0.4830993556
0.6077427924,-0.2666749739,0.4455370889,232.0702672,232.0702672,-4.108820812,-2.739470474,0.2666749739,-0.4455370889
0.6088888067,-0.5214317344,0.141031895,232.9463175,232.9463175,-1.135040098,-4.979680031,0.5214317344,-0.141031895
0.6100392025,-0.4869098944,-0.2724589147,233.8273768,233.8273768,2.70710807,-4.497682695,0.4869098944,0.2724589147
0.6111895982,-0.1597391282,-0.5495736691,234.7100993,234.7100993,5.182731869,-1.375211365,0.1597391282,0.5495736691
0.6123527487,0.2829448279,-0.5099447867,235.6042995,235.6042995,4.719226062,2.714418314,-0.2829448279,0.5099447867
0.6135158992,0.5685188422,-0.1586619109,236.5001999,236.5001999,1.437461235,5.301631554,-0.5685188422,0.1586619109
0.6146924047,0.5115990095,0.3006885927,237.4081163,237.4081163,-2.787337845,4.750253076,-0.5115990095,-0.3006885927
0.6158689103,0.1373196896,0.576400748,238.3177722,238.3177722,-5.325812049,1.318837932,-0.1373196896,-0.576400748
0.6170527354,-0.3212323796,0.4918974568,239.234843,239.234843,-4.596475345,-2.889919497,0.3212323796,-0.4918974568
0.6182365604,-0.5691498897,0.1025660965,240.1536749,240.1536749,-1.08205069,-5.225237826,0.5691498897,-0.1025660965
0.6194203855,-0.4542097902,-0.3360972457,241.0742679,241.0742679,2.949097876,-4.291272059,0.4542097902,0.3360972457
0.6206042105,-0.06410052007,-0.5439641758,241.9966221,241.9966221,4.977038746,-0.812241342,0.06410052007,0.5439641758
0.6217880356,0.3391902853,-0.4026759509,242.9207373,242.9207373,3.870783991,2.914255768,-0.3391902853,0.4026759509
0.6229718607,0.5008007298,-0.02648243254,243.8466136,243.8466136,0.5462701832,4.582937962,-0.5008007298,0.02648243254
0.6241556857,0.341052179,0.3276486329,244.7742511,244.7742511,-2.763215819,3.36657706,-0.341052179,-0.3276486329
0.6253395108,-0.005534390628,0.440996916,245.7036496,245.7036496,-4.05481893,0.3220416345,0.005534390628,-0.440996916
0.6265233358,-0.2995660014,0.2741036839,246.6348093,246.6348093,-2.817373837,-2.482359114,0.2995660014,-0.2741036839
0.6277071609,-0.367271217,-0.02742683694,247.56773,247.56773,-0.1752399101,-3.416308676,0.367271217,0.02742683694
0.628890986,-0.2072501127,-0.254404945,248.5024119,248.5024119,2.068514368,-2.267275288,0.2072501127,0.254404945
0.630074811,0.03536990052,-0.2837825731,249.4388549,249.4388549,2.701383974,-0.1356491221,-0.03536990052,0.2837825731
0.6312586361,0.1931939732,-0.1462145245,250.3770589,250.3770589,1.761675117,1.531470472,-0.1931939732,0.1462145245
0.6324424611,0.1958465194,0.02670860255,251.3170241,251.3170241,0.2233689096,1.953567951,-0.1958465194,-0.02670860255
0.6336262862,0.09642948566,0.1187130254,252.2587504,252.2587504,-0.8942713841,1.343793875,-0.09642948566,-0.1187130254
0.6348101113,-0.0004034025223,0.1096564797,253.2022377,253.2022377,-1.222048827,0.4457086121,0.0004034025223,-0.1096564797
0.6357938875,-0.03371005681,0.06975551659,253.9876297,253.9876297,-1.09293588,-0.1100507737,0.03371005681,-0.06975551659
0.6367776638,-0.03346003781,0.04465807903,254.7742378,254.7742378,-0.8762133196,-0.4494081836,0.03346003781,-0.04465807903
0.6377614401,-0.03435185747,0.04600093893,255.5620621,255.5620621,-0.6762034382,-0.719244634,0.03435185747,-0.04600093893
0.6387452164,-0.0618886344,0.05071209369,256.3511026,256.3511026,-0.3940817459,-1.025982898,0.0618886344,-0.05071209369
0.6397289927,-0.1080186938,0.02318065361,257.1413593,257.1413593,0.1295985635,-1.278176041,0.1080186938,-0.02318065361
0.6407127689,-0.1332747954,-0.05142883176,257.9328322,257.9328322,0.8985593088,-1.212461452,0.1332747954,0.05142883176
0.6416965452,-0.09507944674,-0.1469740987,258.7255213,258.7255213,1.644048303,-0.5968262406,0.09507944674,0.1469740987
0.6426803215,0.01644129776,-0.2054694633,259.5194265,259.5194265,1.919101778,0.5279545937,-0.01644129776,0.2054694633
0.6436640978,0.1604100724,-0.1724918993,260.314548,260.314548,1.371237321,1.751596901,-0.1604100724,0.1724918993
0.6446655966,0.2611893547,-0.03421971192,261.1252427,261.1252427,-0.001673754299,2.449311915,-0.2611893547,0.03421971192
0.6456670955,0.2434924923,0.1554318657,261.9371979,261.9371979,-1.66308304,2.071085344,-0.2434924923,-0.1554318657
0.6466685944,0.09183583135,0.2978061567,262.7504134,262.7504134,-2.77922796,0.5930333016,-0.09183583135,-0.2978061567
0.6476869451,-0.1353961179,0.3029444429,263.578605,263.578605,-2.650137808,-1.418969526,0.1353961179,-0.3029444429
0.6487052958,-0.3173795276,0.1447120733,264.4080998,264.4080998,-1.143927228,-2.928104554,0.3173795276,-0.1447120733
0.6497639472,-0.3437658526,-0.1163553251,265.271803,265.271803,1.166811095,-3.040105312,0.3437658526,0.1163553251
0.6508225986,-0.1749316583,-0.3297389382,266.1369145,266.1369145,2.98700926,-1.487302568,0.1749316583,0.3297389382
0.6519347621,0.1157403747,-0.3619064732,267.0472722,267.0472722,3.212764295,1.067819668,-0.1157403747,0.3619064732
0.6530469257,0.3422742016,-0.1703341033,267.9591842,267.9591842,1.521900546,3.036980602,-0.3422742016,0.1703341033
0.6541831141,0.356226648,0.132911816,268.8924003,268.8924003,-1.123443441,3.177026401,-0.356226648,-0.132911816
0.6553193025,0.1429936903,0.3451402916,269.8272387,269.8272387,-3.010160256,1.361492631,-0.1429936903,-0.3451402916
0.6564738027,-0.1554319499,0.3272759213,270.7788054,270.7788054,-2.950584697,-1.232521394,0.1554319499,-0.3272759213
0.6576283029,-0.3322082763,0.09883612236,271.732047,271.732047,-1.057934947,-2.864609899,0.3322082763,-0.09883612236
0.6587985147,-0.2760581282,-0.1740986541,272.6999706,272.6999706,1.323591511,-2.547868613,0.2760581282,0.1740986541
0.6599687265,-0.04631940201,-0.2985185024,273.6696149,273.6696149,2.565707092,-0.6799301477,0.04631940201,0.2985185024
0.6611389382,0.177194721,-0.2091150122,274.6409801,274.6409801,2.022741198,1.303305656,-0.177194721,0.2091150122
0.66230915,0.2427712638,-0.0018641645,275.6140662,275.6140662,0.3597171202,2.100228043,-0.2427712638,0.0018641645
0.6634793617,0.1366107362,0.157646749,276.588873,276.588873,-1.114816039,1.453966169,-0.1366107362,-0.157646749
0.6646495735,-0.02684755609,0.1699617112,277.5654007,277.5654007,-1.507369152,0.1548682717,0.02684755609,-0.1699617112
0.6658197853,-0.1152019928,0.06792845635,278.5436493,278.5436493,-0.9126807164,-0.7578351042,0.1152019928,-0.06792845635
0.6668629674,-0.09497541676,-0.02640349741,279.417157,279.417157,-0.1798247443,-0.8711735614,0.09497541676,0.02640349741
0.6679061495,-0.02746756015,-0.05683634873,280.2920323,280.2920323,0.2271642682,-0.556511459,0.02746756015,0.05683634873
0.6687811894,0.01320156704,-0.03156362443,281.0269481,281.0269481,0.2504614714,-0.2982711911,-0.01320156704,0.03156362443
0.6696562293,0.01217250438,0.007516754914,281.7628261,281.7628261,0.1605161834,-0.2351166412,-0.01217250438,-0.007516754914
0.6705312693,-0.02321873852,0.02259523159,282.4996662,282.4996662,0.1812840811,-0.3356949093,0.02321873852,-0.02259523159
0.6714063092,-0.05981100304,-0.005450013384,283.2374686,283.2374686,0.418301702,-0.4024426584,0.05981100304,0.005450013384
0.6722813491,-0.06028090767,-0.06392914472,283.9762332,283.9762332,0.7714062986,-0.2183004065,0.06028090767,0.06392914472
0.6731563891,-0.007982365184,-0.114537747,284.71596,284.71596,0.982198376,0.286318057,0.007982365184,0.114537747
0.674031429,0.079574281,-0.1157952529,285.456649,285.456649,0.7927310787,0.9492113366,-0.079574281,0.1157952529
0.6749166062,0.1577208004,-0.04816889743,286.2068978,286.2068978,0.1152934717,1.436047414,-0.1577208004,0.04816889743
0.675808955,0.1744508339,0.06919050202,286.9642217,286.9642217,-0.8543456612,1.389361094,-0.1744508339,-0.06919050202
0.6767013039,0.1037377182,0.1806857766,287.7225462,287.7225462,-1.674439563,0.6706635994,-0.1037377182,-0.1806857766
0.6776337109,-0.04073311968,0.2238377741,288.5159815,288.5159815,-1.880534113,-0.5642689735,0.04073311968,-0.2238377741
0.678566118,-0.1881900745,0.1552972114,289.3105093,289.3105093,-1.190524431,-1.729733978,0.1881900745,-0.1552972114
0.679546288,-0.2579525024,-0.0121309674,290.146915,290.146915,0.2470044894,-2.202914685,0.2579525024,0.0121309674
0.680526458,-0.190510117,-0.190152698,290.984528,290.984528,1.69923083,-1.557473234,0.190510117,0.190152698
0.681506628,-0.01327671186,-0.2763502579,291.8233483,291.8233483,2.363172921,-0.05280906791,0.01327671186,0.2763502579
0.682486798,0.1789716987,-0.216194319,292.6633759,292.6633759,1.830972716,1.539750959,-0.1789716987,0.216194319
0.683466968,0.2784302813,-0.03878004665,293.5046108,293.5046108,0.3530484418,2.364292902,-0.2784302813,0.03878004665
0.684447138,0.2288148198,0.1579813256,294.347053,294.347053,-1.286118981,1.976875276,-0.2288148198,-0.1579813256
0.685427308,0.05971946659,0.2648833168,295.1907025,295.1907025,-2.215014616,0.6068652406,-0.05971946659,-0.2648833168
0.686420886,-0.1335132127,0.224849407,296.0471246,296.0471246,-1.964958914,-0.9998430135,0.1335132127,-0.224849407
0.6874144639,-0.2389321781,0.06717460564,296.9047872,296.9047872,-0.7351636483,-1.950697731,0.2389321781,-0.06717460564
0.6884321795,-0.2019910947,-0.1128975943,297.7845718,297.7845718,0.7514151476,-1.782375295,0.2019910947,0.1128975943
0.6894498951,-0.05677860335,-0.2039373157,298.6656579,298.6656579,1.61245151,-0.7018415946,0.05677860335,0.2039373157
0.6904871537,0.09742256201,-0.1619362394,299.5650026,299.5650026,1.452167839,0.5593600061,-0.09742256201,0.1619362394
0.6915244123,0.1606972089,-0.03317009962,300.4656994,300.4656994,0.5461528053,1.216473403,-0.1606972089,0.03317009962
0.6925616709,0.1102034159,0.0823827762,301.3677481,301.3677481,-0.3887592268,1.022548525,-0.1102034159,-0.0823827762
0.6935989295,0.00539599091,0.110192516,302.2711489,302.2711489,-0.7700873391,0.339415537,-0.00539599091,-0.110192516
0.6946361881,-0.06538450138,0.05214537638,303.1759017,303.1759017,-0.5364231798,-0.2220268604,0.06538450138,-0.05214537638
0.6955336444,-0.06110074065,-0.0159088701,303.9598024,303.9598024,-0.1506804196,-0.3177473009,0.06110074065,0.0159088701
0.6964311007,-0.01015125262,-0.04835185181,304.7447152,304.7447152,0.06289831141,-0.1115382465,0.01015125262,0.04835185181
0.6971539861,0.03413391694,-0.0333101454,305.3776847,305.3776847,0.003556999518,0.08745813459,-0.03413391694,0.0333101454
0.6978768714,0.05434388426,0.009673501672,306.0113109,306.0113109,-0.2101025987,0.1480158965,-0.05434388426,-0.009673501672
0.6986131406,0.03663857727,0.05831248115,306.6573433,306.6573433,-0.4358695574,-0.01288861425,-0.03663857727,-0.05831248115
0.6993494098,-0.01457046943,0.08401901504,307.3040569,307.3040569,-0.4964785608,-0.3556363623,0.01457046943,-0.08401901504
0.7000856789,-0.07673417415,0.06806720561,307.9514518,307.9514518,-0.283737806,-0.7250024627,0.07673417415,-0.06806720561
0.7008624945,-0.1205966227,0.006258243545,308.6352373,308.6352373,0.2136471164,-0.9220118314,0.1205966227,-0.006258243545
0.7016393101,-0.1141481053,-0.07801793393,309.3197811,309.3197811,0.8103827871,-0.7486884457,0.1141481053,0.07801793393
0.7024527391,-0.04649380288,-0.1483099365,310.037402,310.037402,1.244724694,-0.1529634605,0.04649380288,0.1483099365
0.703268036,0.05959320239,-0.1604019252,310.7575052,310.7575052,1.21850091,0.668632857,-0.05959320239,0.1604019252
0.704083333,0.1566100079,-0.09854859604,311.4784437,311.4784437,0.6496028364,1.361988681,-0.1566100079,0.09854859604
0.7049547624,0.1960133072,0.02611569256,312.2499417,312.2499417,-0.3557995742,1.576751605,-0.1960133072,-0.02611569256
0.7058261918,0.1413332544,0.1526441521,313.022394,313.022394,-1.322000197,1.072189879,-0.1413332544,-0.1526441521
0.7067324886,0.006350811814,0.2159006824,313.8267658,313.8267658,-1.767154518,-0.02373005768,-0.006350811814,-0.2159006824
0.7076387855,-0.1403162806,0.1708363278,314.6321698,314.6321698,-1.37146372,-1.177048557,0.1403162806,-0.1708363278
0.7085450824,-0.22014804,0.03683110774,315.438606,315.438606,-0.2983388009,-1.797139189,0.22014804,-0.03683110774
0.7094513793,-0.189260432,-0.1167701569,316.2460743,316.2460743,0.9215018596,-1.558538606,0.189260432,0.1167701569
0.7103576762,-0.06407492723,-0.2090416233,317.0545748,317.0545748,1.674642514,-0.5860047438,0.06407492723,0.2090416233
0.7112902105,0.09157146928,-0.1910207809,317.8875589,317.8875589,1.585276412,0.6443926564,-0.09157146928,0.1910207809
0.7122227447,0.1881306142,-0.07407052568,318.7216358,318.7216358,0.7196527059,1.455327734,-0.1881306142,0.07407052568
0.7131968743,0.1733700834,0.07603015639,319.5940834,319.5940834,-0.4489283411,1.438853225,-0.1733700834,-0.07603015639
0.714171004,0.06129428069,0.1627319721,320.4677235,320.4677235,-1.199662941,0.6575763621,-0.06129428069,-0.1627319721
0.7151563519,-0.0692185617,0.1399708948,321.3526377,321.3526377,-1.159147014,-0.3359291605,0.0692185617,-0.1399708948
0.7161416999,-0.1317693659,0.03684439105,322.2387721,322.2387721,-0.4870884881,-0.9059614075,0.1317693659,-0.03684439105
0.7171270478,-0.09656978643,-0.06553479594,323.1261265,323.1261265,0.2653058228,-0.7945651246,0.09656978643,0.06553479594
0.7181123958,-0.005596359335,-0.09682488356,324.014701,324.014701,0.5909510038,-0.2458222993,0.005596359335,0.09682488356
0.7190977437,0.06404923326,-0.04723994943,324.9044956,324.9044956,0.3805877114,0.2326861196,-0.06404923326,0.04723994943
0.719954871,0.06539283139,0.02117656093,325.6794959,325.6794959,0.00451622333,0.3011627145,-0.06539283139,-0.02117656093
0.7208119984,0.0153993002,0.06265204369,326.4554194,326.4554194,-0.2294642308,0.05424675443,-0.0153993002,-0.06265204369
0.7216691257,-0.04770531852,0.04863833831,327.2322661,327.2322661,-0.1372730415,-0.271627553,0.04770531852,-0.04863833831
0.722526253,-0.07715887894,-0.01203675876,328.0100361,328.0100361,0.2225744119,-0.3838017023,0.07715887894,0.01203675876
0.7233833803,-0.04748118745,-0.07849405691,328.7887292,328.7887292,0.5851705698,-0.1311657607,0.04748118745,0.07849405691
0.7242405076,0.02845408833,-0.1030539605,329.5683456,329.5683456,0.6488786993,0.3849275425,-0.02845408833,0.1030539605
0.7250976349,0.1056628386,-0.06143893125,330.3488852,330.3488852,0.2760363049,0.8574241792,-0.1056628386,0.06143893125
0.7259682528,0.1332747706,0.0318832454,331.142655,331.142655,-0.4101041563,0.9519557843,-0.1332747706,-0.0318832454
0.7268388707,0.08384812396,0.1249617516,331.9373773,331.9373773,-1.03859303,0.5086894946,-0.08384812396,-0.1249617516
0.7277378908,-0.02703493495,0.1602347087,332.7590256,332.7590256,-1.215546794,-0.336936455,0.02703493495,-0.1602347087
0.728636911,-0.1368628384,0.1046308616,333.5816895,333.5816895,-0.7348399723,-1.12671617,0.1368628384,-0.1046308616
0.7295546334,-0.1786276843,-0.01961939516,334.4225148,334.4225148,0.2212589626,-1.38997523,0.1786276843,0.01961939516
0.7304723559,-0.1190021692,-0.1408347631,335.2643985,335.2643985,1.125977078,-0.9061840638,0.1190021692,0.1408347631
0.7313900783,0.010750674,-0.1859073666,336.1073406,336.1073406,1.455788354,0.08471419086,-0.010750674,0.1859073666
0.7323078007,0.1351765664,-0.126591349,336.951341,336.951341,1.012425849,1.032726529,-0.1351765664,0.126591349
0.7332255232,0.1813625547,0.001896453243,337.7963998,337.7963998,0.05061894674,1.408788729,-0.1813625547,-0.001896453243
0.7341432456,0.1245760479,0.1227220918,338.6425169,338.6425169,-0.8768218363,1.026081371,-0.1245760479,-0.1227220918
0.735060968,0.003147506384,0.1658685195,339.4896924,339.4896924,-1.259211679,0.1463337721,-0.003147506384,-0.1658685195
0.7359786904,-0.1070756705,0.1117179807,340.3379262,340.3379262,-0.9354941526,-0.6955447811,0.1070756705,-0.1117179807
0.7368964129,-0.1417977872,0.001472898434,341.1872184,341.1872184,-0.1731150725,-1.032046366,0.1417977872,-0.001472898434
0.7378141353,-0.08849731769,-0.09193011959,342.037569,342.037569,0.526633422,-0.7461234684,0.08849731769,0.09193011959
0.7387318577,0.008461115473,-0.1125362515,342.8889779,342.8889779,0.7618954953,-0.1154805476,-0.008461115473,0.1125362515
0.7396495802,0.08040383751,-0.05697200819,343.7414452,343.7414452,0.4787954179,0.4016950565,-0.08040383751,0.05697200819
0.7405673026,0.08185098307,0.0265925771,344.5949708,344.5949708,-0.02612964485,0.4866748961,-0.08185098307,-0.0265925771
0.741485025,0.02037314076,0.07451437673,345.4495548,345.4495548,-0.3410467259,0.1656645911,-0.02037314076,-0.07451437673
0.7422968891,-0.04459341762,0.05906263639,346.2064457,346.2064457,-0.273016469,-0.1985250182,0.04459341762,-0.05906263639
0.7431087532,-0.07568058028,0.0004917009923,346.9641648,346.9641648,0.05500693357,-0.3619913102,0.07568058028,-0.0004917009923
0.7439206173,-0.05194906771,-0.06309788119,347.7227123,347.7227123,0.4038370093,-0.1947810336,0.05194906771,0.06309788119
0.7447324814,0.01406717483,-0.08974561666,348.482088,348.482088,0.5114762845,0.2176460399,-0.01406717483,0.08974561666
0.7455443455,0.08311186587,-0.05846788053,349.242292,349.242292,0.2549105934,0.6202432718,-0.08311186587,0.05846788053
0.74637641,0.1114896369,0.01970478474,350.0222705,350.0222705,-0.2802859591,0.7339865119,-0.1114896369,-0.01970478474
0.7472084745,0.07364719101,0.1003952058,350.803119,350.803119,-0.7929892392,0.4094979861,-0.07364719101,-0.1003952058
0.7480673208,-0.01837936363,0.1339329223,351.6100132,351.6100132,-0.9567190245,-0.2547492535,0.01837936363,-0.1339329223
0.748926167,-0.1124789536,0.09053110804,352.4178343,352.4178343,-0.5905625417,-0.8946017503,0.1124789536,-0.09053110804
0.7497973416,-0.1513461152,-0.01235581138,353.2381983,353.2381983,0.1677026411,-1.124479042,0.1513461152,0.01235581138
0.7506685162,-0.1054469819,-0.1165653138,354.059516,354.059516,0.908296032,-0.7566809067,0.1054469819,0.1165653138
0.7515396908,0.00256326261,-0.1602075613,354.8817875,354.8817875,1.206235979,0.03883379768,-0.00256326261,0.1602075613
0.7524108654,0.1116539331,-0.1158658911,355.7050126,355.7050126,0.8781575495,0.8332294641,-0.1116539331,0.1158658911
0.75328204,0.1590145662,-0.008198718039,356.5291915,356.5291915,0.0989468607,1.189268429,-0.1590145662,0.008198718039
0.7541532146,0.1183077847,0.1005403223,357.3543241,357.3543241,-0.69851873,0.9210624429,-0.1183077847,-0.1005403223
0.7550243892,0.01559669437,0.1483436895,358.1804104,358.1804104,-1.0807457,0.2022921176,-0.01559669437,-0.1483436895
0.7558955638,-0.08715372909,0.1110625285,359.0074504,359.0074504,-0.8693891306,-0.5442839081,0.08715372909,-0.1110625285
0.7567667384,-0.1306382169,0.01620375687,359.8354442,359.8354442,-0.2373471528,-0.9063454836,0.1306382169,-0.01620375687
0.757637913,-0.09446256478,-0.07562417626,360.6643916,360.6643916,0.4121305358,-0.7276094681,0.09446256478,0.07562417626
0.7585090876,-0.008213736994,-0.1095664029,361.4942928,361.4942928,0.7035125658,-0.1867210223,0.008213736994,0.1095664029
0.7593802622,0.06934512456,-0.07070866931,362.3251477,362.3251477,0.5185717871,0.3358939264,-0.06934512456,0.07070866931
0.7602514368,0.08913700972,0.008228985622,363.1569563,363.1569563,0.05249818286,0.512646847,-0.08913700972,-0.008228985622
0.7611226114,0.04329089226,0.07024885072,363.9897187,363.9897187,-0.3345236184,0.2776541958,-0.04329089226,-0.07024885072
0.761993786,-0.03114559634,0.07279899735,364.8234347,364.8234347,-0.368042658,-0.1450446619,0.03114559634,-0.07279899735
0.7628649606,-0.07843909189,0.01617564422,365.6581045,365.6581045,-0.04441543159,-0.4085587451,0.07843909189,-0.01617564422
0.7637361352,-0.06270901327,-0.05721755955,366.493728,366.493728,0.3726958581,-0.2906977304,0.06270901327,0.05721755955
0.7646073098,0.007072317249,-0.09223383967,367.3303052,367.3303052,0.5408628993,0.1460994334,-0.007072317249,0.09223383967
0.7654784844,0.08255427563,-0.05932125141,368.1678362,368.1678362,0.2844299247,0.5919666443,-0.08255427563,0.05932125141
0.766349659,0.1086044293,0.02402403559,369.0063208,369.0063208,-0.2706260268,0.7010661409,-0.1086044293,-0.02402403559
0.7672208336,0.06137912009,0.1035319784,369.8457592,369.8457592,-0.7675624625,0.3359021174,-0.06137912009,-0.1035319784
0.7680989571,-0.0346303529,0.1237136664,370.6928584,370.6928584,-0.851270523,-0.3273760857,0.0346303529,-0.1237136664
0.7689770805,-0.118434053,0.06483790858,371.5409266,371.5409266,-0.4081978248,-0.8803664737,0.118434053,-0.06483790858
0.7698693955,-0.1334346603,-0.04154512187,372.4036933,372.4036933,0.3389958401,-0.9528944015,0.1334346603,0.04154512187
0.7707617105,-0.06445495598,-0.1269057451,373.2674605,373.2674605,0.9272682572,-0.4546324895,0.06445495598,0.1269057451
0.7716635215,0.047148327,-0.1346479792,374.1414366,374.1414366,0.979535103,0.3304230109,-0.047148327,0.1346479792
0.7725653326,0.1281800258,-0.05803416447,375.0164346,375.0164346,0.4521424989,0.9080332503,-0.1281800258,0.05803416447
0.7734708037,0.1261970439,0.05216813804,375.8960121,375.8960121,-0.315637882,0.9227821253,-0.1261970439,-0.05216813804
0.7743762749,0.04513914132,0.1223842365,376.7766199,376.7766199,-0.8301389865,0.3923302239,-0.04513914132,-0.1223842365
0.775281746,-0.05714406151,0.1086056683,377.658258,377.658258,-0.7882008157,-0.3063586621,0.05714406151,-0.1086056683
0.7761872171,-0.1108402069,0.02614241132,378.5409264,378.5409264,-0.2746839909,-0.7099608852,0.1108402069,-0.02614241132
0.7770926883,-0.08349813016,-0.0629670285,379.4246251,379.4246251,0.3152105241,-0.5911761666,0.08349813016,0.0629670285
0.7779981594,-0.001700081274,-0.09564677772,380.3093541,380.3093541,0.5695315312,-0.1036131545,0.001700081274,0.09564677772
0.7789036305,0.07028194045,-0.05322044004,381.1951133,381.1951133,0.3539425492,0.3507799449,-0.07028194045,0.05322044004
0.7797160681,0.08146477967,0.01846999021,381.9907413,381.9907413,-0.05948123184,0.4425786773,-0.08146477967,-0.01846999021
0.7805285057,0.03620069762,0.0730962511,382.7871987,382.7871987,-0.3795243973,0.1919852879,-0.03620069762,-0.0730962511
0.7813409433,-0.03440153758,0.07500582047,383.5844855,383.5844855,-0.3849758902,-0.2118983388,0.03440153758,-0.07500582047
0.7821533809,-0.08311963,0.02251522605,384.3826019,384.3826019,-0.06638415215,-0.4790585574,0.08311963,-0.02251522605
0.7829658185,-0.07626736009,-0.05090107806,385.1815476,385.1815476,0.3669154697,-0.4052766891,0.07626736009,0.05090107806
0.7837782561,-0.01516584739,-0.09725803643,385.9813228,385.9813228,0.6178068418,-0.006389660475,0.01516584739,0.09725803643
0.7845906937,0.06388351632,-0.08403224169,386.7819275,386.7819275,0.4904088011,0.484049625,-0.06388351632,0.08403224169
0.7854031312,0.111401968,-0.01508077508,387.5833616,387.5833616,0.0203147914,0.7545527491,-0.111401968,0.01508077508
0.7862155688,0.09521128078,0.07055858673,388.3856251,388.3856251,-0.5362109355,0.6088788632,-0.09521128078,-0.07055858673
0.7870280064,0.02095350118,0.1216526173,389.1887182,389.1887182,-0.8507530388,0.09413590125,-0.02095350118,-0.1216526173
0.787840444,-0.0701617859,0.1058175763,389.9926406,389.9926406,-0.7207527329,-0.5168405102,0.0701617859,-0.1058175763
0.7886528816,-0.125424425,0.0297262467,390.7973925,390.7973925,-0.196684899,-0.881473824,0.125424425,-0.0297262467
0.7894653192,-0.1121538139,-0.06407131109,391.6029739,391.6029739,0.4406940433,-0.7895412766,0.1121538139,0.06407131109
0.7902777568,-0.0375608733,-0.1221180198,392.4093847,392.4093847,0.841803173,-0.2894678755,0.0375608733,0.1221180198
0.7910974515,0.05603627122,-0.1114498558,393.2238394,393.2238394,0.7899481686,0.3436026838,-0.05603627122,0.1114498558
0.7919171463,0.1136458553,-0.03939663384,394.0391385,394.0391385,0.3277934203,0.7509045949,-0.1136458553,0.03939663384
0.7927511247,0.1025575066,0.05097491411,394.8695111,394.8695111,-0.2707363267,0.7152686834,-0.1025575066,-0.05097491411
0.7935851031,0.03194455212,0.1030915108,395.7007577,395.7007577,-0.6407305639,0.2851696306,-0.03194455212,-0.1030915108
0.7944206818,-0.05088409833,0.08719877345,396.5344761,396.5344761,-0.5835678278,-0.2445775094,0.05088409833,-0.08719877345
0.7952562606,-0.09251573712,0.01797825981,397.3690718,397.3690718,-0.1803913972,-0.5349699444,0.09251573712,-0.01797825981
0.7960918394,-0.06865413524,-0.05583503466,398.2045449,398.2045449,0.2704401003,-0.4252650812,0.06865413524,0.05583503466
0.7969274182,0.0007700526262,-0.08441305286,399.0408953,399.0408953,0.4588571147,-0.02990309604,-0.0007700526262,0.08441305286
0.797762997,0.06576862703,-0.04995761956,399.8781232,399.8781232,0.2703704587,0.3480102563,-0.06576862703,0.04995761956
0.7985985758,0.08034645172,0.02179178868,400.7162284,400.7162284,-0.1412377749,0.4277679288,-0.08034645172,-0.02179178868
0.7994341546,0.03373235401,0.07930918278,401.555211,401.555211,-0.4634797175,0.1447110868,-0.03373235401,-0.07930918278
0.8002697334,-0.04213039895,0.0804717522,402.3950709,402.3950709,-0.4429044372,-0.3039166263,0.04213039895,-0.0804717522
0.8011053122,-0.09401123652,0.02162541823,403.2358083,403.2358083,-0.06402929376,-0.5925877087,0.09401123652,-0.02162541823
0.801940891,-0.08355726225,-0.05913523874,404.077423,404.077423,0.4324973257,-0.4915844008,0.08355726225,0.05913523874
0.8027764697,-0.01395084584,-0.1070102684,404.9199151,404.9199151,0.7072463725,-0.03049890791,0.01395084584,0.1070102684
0.8036120485,0.07109181494,-0.08735982012,405.7632845,405.7632845,0.5512110224,0.511062407,-0.07109181494,0.08735982012
0.8044476273,0.1157514521,-0.009696307039,406.6075313,406.6075313,0.03304170065,0.7828057999,-0.1157514521,0.009696307039
0.8052832061,0.08925421844,0.07757781829,407.4526555,407.4526555,-0.5367458626,0.5955951586,-0.08925421844,-0.07757781829
0.8061187849,0.006886489821,0.1186039114,408.2986571,408.2986571,-0.8040521849,0.05103871379,-0.006886489821,-0.1186039114
0.8069543637,-0.07945647548,0.08693383232,409.1455361,409.1455361,-0.6019435899,-0.5195570517,0.07945647548,-0.08693383232
0.8077899425,-0.1152025096,0.003179557526,409.9932924,409.9932924,-0.06041305667,-0.7685165921,0.1152025096,-0.003179557526
0.8086255213,-0.07899877045,-0.07854086118,410.8419261,410.8419261,0.4788007691,-0.5566692979,0.07899877045,0.07854086118
0.8094611001,0.003463141605,-0.1064541701,411.6914371,411.6914371,0.6862766079,-0.04032016175,-0.003463141605,0.1064541701
0.8102966788,0.07702318187,-0.06529117462,412.5418256,412.5418256,0.4585246953,0.4373100539,-0.07702318187,0.06529117462
0.8111322576,0.09421359514,0.01421245418,413.3930914,413.3930914,-0.02131820011,0.5766105517,-0.09421359514,-0.01421245418
0.8119678364,0.04689444678,0.07683685492,414.2452346,414.2452346,-0.4150438221,0.3184874164,-0.04689444678,-0.07683685492
0.8128034152,-0.02905869851,0.08074131746,415.0982552,415.0982552,-0.4624374287,-0.1247602834,0.02905869851,-0.08074131746
0.813638994,-0.07912101185,0.02582590083,415.9521531,415.9521531,-0.1564812655,-0.4237551408,0.07912101185,-0.02582590083
0.8144745728,-0.06809083157,-0.04681034566,416.8069284,416.8069284,0.2586383488,-0.3641666929,0.06809083157,0.04681034566
0.8153101516,-0.004508368851,-0.08391772537,417.6625811,417.6625811,0.4641207476,0.003954488777,0.004508368851,0.08391772537
0.8161457304,0.06540082245,-0.05758943267,418.5191112,418.5191112,0.2945860358,0.4030799334,-0.06540082245,0.05758943267
0.8169813092,0.09017959183,0.01482483434,419.3765186,419.3765186,-0.1416200109,0.5258685513,-0.09017959183,-0.01482483434
0.8178168879,0.04954860827,0.08239990632,420.2348034,420.2348034,-0.5349032172,0.2560163644,-0.04954860827,-0.08239990632
0.8186524667,-0.03063501944,0.09606115776,421.0939656,421.0939656,-0.5908358297,-0.2426563107,0.03063501944,-0.09606115776
0.8194880455,-0.09559444343,0.04325961075,421.9540051,421.9540051,-0.2404505624,-0.6333879663,0.09559444343,-0.04325961075
0.8203236243,-0.09941559485,-0.04237229588,422.8149221,422.8149221,0.3033025661,-0.6379349277,0.09941559485,0.04237229588
0.8211592031,-0.03727181756,-0.1034857306,423.6767164,423.6767164,0.6851146498,-0.2323885351,0.03727181756,0.1034857306
0.8219947819,0.0504861589,-0.09835371036,424.5393881,424.5393881,0.6487086509,0.3299027207,-0.0504861589,0.09835371036
0.8228303607,0.1055769982,-0.02985859616,425.4029371,425.4029371,0.2135866411,0.686725529,-0.1055769982,0.02985859616
0.8236659395,0.09171989313,0.05617584792,426.2673635,426.2673635,-0.3362121922,0.6120111254,-0.09171989313,-0.05617584792
0.8245015183,0.01954576224,0.1023979724,427.1326673,427.1326673,-0.6449323488,0.168337888,-0.01954576224,-0.1023979724
0.8253370971,-0.06095201321,0.07937174705,427.9988485,427.9988485,-0.5266114446,-0.3389407488,0.06095201321,-0.07937174705
0.8261726758,-0.09526696732,0.005561045268,428.8659071,428.8659071,-0.08788763413,-0.574021482,0.09526696732,-0.005561045268
0.8270082546,-0.06219462652,-0.06614102882,429.733843,429.733843,0.3527422643,-0.4012376444,0.06219462652,0.06614102882
0.8278438334,0.01191312123,-0.08587691192,430.6026563,430.6026563,0.4915654868,0.02708217664,-0.01191312123,0.08587691192
0.8286794122,0.0724657796,-0.04187092568,431.4723469,431.4723469,0.2520939022,0.3860029252,-0.0724657796,0.04187092568
0.8294244684,0.07868666518,0.02402832145,432.2485594,432.2485594,-0.1225585311,0.4294766604,-0.07868666518,-0.02402832145
0.8301695246,0.03582321083,0.07398731545,433.0254695,433.0254695,-0.4064080602,0.1864541002,-0.03582321083,-0.07398731545
0.8309145808,-0.03012201264,0.07781735044,433.8030771,433.8030771,-0.4211756161,-0.1897274172,0.03012201264,-0.07781735044
0.831659637,-0.07934116988,0.03260392036,434.5813823,434.5813823,-0.1510256093,-0.4639624816,0.07934116988,-0.03260392036
0.8324134442,-0.08121366904,-0.03618661256,435.369539,435.369539,0.2511849908,-0.4566563076,0.08121366904,0.03618661256
0.8331672514,-0.03216942871,-0.08663592645,436.1584098,436.1584098,0.5361512803,-0.1507205988,0.03216942871,0.08663592645
0.8339254267,0.04025245646,-0.08706644683,436.952572,436.952572,0.5177235764,0.2860331511,-0.04025245646,0.08706644683
0.834683602,0.09273380959,-0.03482847316,437.7474566,437.7474566,0.1849440542,0.5933630652,-0.09273380959,0.03482847316
0.8354480088,0.09282696796,0.04121881787,438.5496057,438.5496057,-0.284888556,0.5785727263,-0.09282696796,-0.04121881787
0.8362124156,0.03836196115,0.09581789369,439.3524891,439.3524891,-0.6174959581,0.2324712995,-0.03836196115,-0.09581789369
0.8369880118,-0.04045957075,0.09566563786,440.1678756,440.1678756,-0.6125015319,-0.259778692,0.04045957075,-0.09566563786
0.8377636081,-0.09571046079,0.03929026449,440.9840181,440.9840181,-0.2622965226,-0.606578684,0.09571046079,-0.03929026449
0.8385528872,-0.09360176768,-0.04050058626,441.8153347,441.8153347,0.2341277638,-0.602574139,0.09360176768,0.04050058626
0.8393421662,-0.03496013524,-0.09323294159,442.6474342,442.6474342,0.5704892781,-0.2506804241,0.03496013524,0.09323294159
0.8401372725,0.04275235166,-0.08639727513,443.4864686,443.4864686,0.547983411,0.225007348,-0.04275235166,0.08639727513
0.8409323788,0.08911453089,-0.02579065348,444.3262974,444.3262974,0.1968407983,0.5209265773,-0.08911453089,0.02579065348
0.8417274851,0.07539866232,0.04740925098,445.1669206,445.1669206,-0.239939933,0.4612989619,-0.07539866232,-0.04740925098
0.8425225914,0.01297582189,0.08470256268,446.0083383,446.0083383,-0.4734716488,0.1085459107,-0.01297582189,-0.08470256268
0.8433176977,-0.05470491654,0.06250180518,446.8505505,446.8505505,-0.3606848076,-0.2834958019,0.05470491654,-0.06250180518
0.844112804,-0.08148201791,-0.002382738148,447.693557,447.693557,0.003273794984,-0.4431365865,0.08148201791,0.002382738148
0.8449079103,-0.0495692581,-0.06437853888,448.537358,448.537358,0.353275949,-0.2646487291,0.0495692581,0.06437853888
0.8457030166,0.01850498981,-0.08014473404,449.3819535,449.3819535,0.4368282824,0.1211908333,-0.01850498981,0.08014473404
0.8464981229,0.075215351,-0.0381012532,450.2273433,450.2273433,0.1877642909,0.4374447322,-0.075215351,0.0381012532
0.8472932292,0.08039390018,0.03347607331,451.0735277,451.0735277,-0.2267560433,0.451447158,-0.08039390018,-0.03347607331
0.8480883355,0.02880847803,0.08542351515,451.9205064,451.9205064,-0.518614878,0.1364227074,-0.02880847803,-0.08542351515
0.8488834418,-0.04579769948,0.08106592442,452.7682796,452.7682796,-0.4752744899,-0.3060172769,0.04579769948,-0.08106592442
0.8496785481,-0.09317325062,0.02145378198,453.6168473,453.6168473,-0.1074376752,-0.5792710509,0.09317325062,-0.02145378198
0.8504736544,-0.08052567146,-0.05478263173,454.4662093,454.4662093,0.3532977503,-0.4919833662,0.08052567146,0.05478263173
0.8512687607,-0.01500954266,-0.09712581213,455.3163658,455.3163658,0.6069562364,-0.08969828671,0.01500954266,0.09712581213
0.852063867,0.06066823759,-0.07719680745,456.1673168,456.1673168,0.4859339318,0.3722467599,-0.06066823759,0.07719680745
0.8528589733,0.0967828073,-0.008059152201,457.0190622,457.0190622,0.06828001083,0.5976990695,-0.0967828073,0.008059152201
0.8536540796,0.07005430607,0.06443822147,457.871602,457.871602,-0.3738790459,0.4470771719,-0.07005430607,-0.06443822147
0.8544491859,-0.0006918469673,0.09256715615,458.7249363,458.7249363,-0.5566144885,0.02959288053,0.0006918469673,-0.09256715615
0.8552442922,-0.06741693603,0.05893597332,459.579065,459.579065,-0.3738929879,-0.372431585,0.06741693603,-0.05893597332
0.8560393985,-0.0856161676,-0.0119565764,460.4339881,460.4339881,0.03412093431,-0.4957288016,0.0856161676,0.0119565764
0.8568345048,-0.04457637903,-0.07077677545,461.2897057,461.2897057,0.3804284833,-0.2736431285,0.04457637903,0.07077677545
0.8576296111,0.02560795535,-0.07737272642,462.1462177,462.1462177,0.4297942394,0.1222368409,-0.02560795535,0.07737272642
0.8584247174,0.07512160052,-0.02837533782,463.0035242,463.0035242,0.1599096445,0.4045001638,-0.07512160052,0.02837533782
0.8592198237,0.06911242735,0.04068285503,463.861625,463.861625,-0.2259412254,0.3715093562,-0.06911242735,-0.04068285503
0.86001493,0.01198110486,0.0802666812,464.7205204,464.7205204,-0.4433087387,0.04836725051,-0.01198110486,-0.0802666812
0.8608100363,-0.05564458189,0.06155444301,465.5802102,465.5802102,-0.3277127961,-0.3309048261,0.05564458189,-0.06155444301
0.8616051426,-0.08528514758,-0.003172855003,466.4406944,466.4406944,0.04781028156,-0.4880469752,0.08528514758,0.003172855003
0.8624002488,-0.05468211617,-0.06880692938,467.301973,467.301973,0.4215364862,-0.2976184435,0.05468211617,0.06880692938
0.8631953551,0.01622718691,-0.08878856366,468.1640461,468.1640461,0.5253164158,0.1215128823,-0.01622718691,0.08878856366
0.8639904614,0.0787818748,-0.0478115837,469.0269136,469.0269136,0.2736327559,0.4854362735,-0.0787818748,0.0478115837
0.8647855677,0.08934908808,0.02705388103,469.8905756,469.8905756,-0.1730978165,0.5413523958,-0.08934908808,-0.02705388103
0.865580674,0.03988262572,0.08481793504,470.755032,470.755032,-0.5166184095,0.2443120949,-0.03988262572,-0.08481793504
0.8663757803,-0.0361657344,0.08592840252,471.6202828,471.6202828,-0.5262178149,-0.2093930874,0.0361657344,-0.08592840252
0.8671708866,-0.08692468376,0.02986783779,472.4863281,472.4863281,-0.1984656792,-0.5166541272,0.08692468376,-0.02986783779
0.8679659929,-0.07817683611,-0.04442651188,473.3531678,473.3531678,0.2406795709,-0.4767275679,0.07817683611,0.04442651188
0.8687610992,-0.01716543611,-0.08576605658,474.220802,474.220802,0.4934212984,-0.129087438,0.01716543611,0.08576605658
0.8695562055,0.05266195035,-0.06652538956,475.0892306,475.0892306,0.3971916791,0.2767263563,-0.05266195035,0.06652538956
0.8703513118,0.08236467404,-0.001858842405,475.9584536,475.9584536,0.03584222922,0.4580394651,-0.08236467404,0.001858842405
0.8711464181,0.0520463635,0.0612986424,476.8284711,476.8284711,-0.3231987656,0.2979334067,-0.0520463635,-0.0612986424
0.8719415244,-0.01524000894,0.07772348373,477.699283,477.699283,-0.4210351282,-0.07453231889,0.01524000894,-0.07772348373
0.8727366307,-0.07015094971,0.0361432167,478.5708893,478.5708893,-0.1921083254,-0.3795030415,0.07015094971,-0.0361432167
0.8734350215,-0.07551518023,-0.02462258309,479.3371302,479.3371302,0.1449990834,-0.406406197,0.07551518023,0.02462258309
0.8741334124,-0.03639331424,-0.07187369123,480.1039841,480.1039841,0.4042363827,-0.1835766702,0.03639331424,0.07187369123
0.8748405034,0.02597321448,-0.07795699026,480.8810154,480.8810154,0.4294360138,0.1675463069,-0.02597321448,0.07795699026
0.8755475944,0.07504855607,-0.03777725111,481.658675,481.658675,0.1935274802,0.439176474,-0.07504855607,0.03777725111
0.8762664538,0.08149844189,0.02718322706,482.4499215,482.4499215,-0.1795027122,0.4653753625,-0.08149844189,-0.02718322706
0.8769853132,0.03945568766,0.07820211679,483.2418174,483.2418174,-0.4681142685,0.2150384074,-0.03945568766,-0.07820211679
0.8777154565,-0.02807567327,0.08433858122,484.0468084,484.0468084,-0.496354488,-0.1785396098,0.02807567327,-0.08433858122
0.8784455998,-0.08015316543,0.04012306231,484.8524694,484.8524694,-0.2346534994,-0.4801028129,0.08015316543,-0.04012306231
0.8791831874,-0.08496183643,-0.02891927171,485.6670248,485.6670248,0.1695465855,-0.5076081801,0.08496183643,0.02891927171
0.879920775,-0.03875544572,-0.08034743762,486.4822639,486.4822639,0.4722746404,-0.2398828151,0.03875544572,0.08034743762
0.8806611867,0.03021324149,-0.082707031,487.301312,487.301312,0.4926923024,0.1612306627,-0.03021324149,0.082707031
0.8814015983,0.07905708922,-0.03487255909,488.1210489,488.1210489,0.2231035159,0.4500556383,-0.07905708922,0.03487255909
0.88214201,0.07787576657,0.03264531561,488.9414747,488.9414747,-0.1635208249,0.4545074138,-0.07787576657,-0.03264531561
0.8828824216,0.02847325506,0.07729763367,489.7625894,489.7625894,-0.424996898,0.1826204899,-0.02847325506,-0.07729763367
0.8836228333,-0.03693234917,0.07147105727,490.584393,490.584393,-0.403090059,-0.1845922196,0.03693234917,-0.07147105727
0.8843632449,-0.07633518345,0.01995453307,491.4068855,491.4068855,-0.1226588724,-0.4098822607,0.07633518345,-0.01995453307
0.8851036566,-0.0648020239,-0.04327050498,492.2300669,492.2300669,0.2263118397,-0.351700042,0.0648020239,0.04327050498
0.8858440682,-0.0104062078,-0.07692527162,493.0539372,493.0539372,0.4122578916,-0.05422948954,0.0104062078,0.07692527162
0.8865844799,0.05101990296,-0.05903700404,493.8784964,493.8784964,0.3119839407,0.2822215013,-0.05101990296,0.05903700404
0.8873248915,0.07902587157,-0.001166553381,494.7037445,494.7037445,-0.009399676843,0.4316045934,-0.07902587157,0.001166553381
0.8880653032,0.05475258412,0.05896738834,495.5296815,495.5296815,-0.3403168782,0.2894740384,-0.05475258412,-0.05896738834
0.8888057148,-0.006694608176,0.08182754264,496.3563075,496.3563075,-0.4598235581,-0.05789638822,0.006694608176,-0.08182754264
0.8895461265,-0.06579959217,0.05172976489,497.1836223,497.1836223,-0.2817293479,-0.3878269811,0.06579959217,-0.05172976489
0.8902865381,-0.08408418966,-0.012766026,498.011626,498.011626,0.08762613788,-0.4846072653,0.08408418966,0.012766026
0.8910269497,-0.0490757535,-0.07059338406,498.8403186,498.8403186,0.4160465149,-0.2796195885,0.0490757535,0.07059338406
0.8917673614,0.01740351721,-0.08459835242,499.6697001,499.6697001,0.4943013934,0.1026797662,-0.01740351721,0.08459835242
0.892507773,0.07312682198,-0.04560172771,500.4997705,500.4997705,0.2711915824,0.4234072851,-0.07312682198,0.04560172771
0.8932481847,0.08266438786,0.02153718068,501.3305298,501.3305298,-0.112794982,0.4823262994,-0.08266438786,-0.02153718068
0.8939885963,0.0403014992,0.07390779196,502.161978,502.161978,-0.4155841275,0.2464775142,-0.0403014992,-0.07390779196
0.894729008,-0.02625920011,0.07830709207,502.9941152,502.9941152,-0.449392905,-0.1291834099,0.02625920011,-0.07830709207
0.8954694196,-0.07391347518,0.03274448165,503.8269412,503.8269412,-0.2013030073,-0.4028198797,0.07391347518,-0.03274448165
0.8962098313,-0.07222363692,-0.03236319981,504.6604561,504.6604561,0.1599699243,-0.4028506027,0.07222363692,0.03236319981
0.8969502429,-0.02322689653,-0.0741603978,505.4946599,505.4946599,0.3955876028,-0.1387444024,0.02322689653,0.0741603978
0.8976906546,0.04002088558,-0.0654733781,506.3295526,506.3295526,0.3534754052,0.2069834348,-0.04002088558,0.0654733781
0.8984310662,0.0752807392,-0.01264295065,507.1651342,507.1651342,0.06768738959,0.4003433477,-0.0752807392,0.01264295065
0.8991714779,0.05904447001,0.0487070951,508.0014047,508.0014047,-0.2651681517,0.311097048,-0.05904447001,-0.0487070951
0.8999118895,0.002132178507,0.07726384102,508.8383642,508.8383642,-0.4170763731,-0.0007545182608,-0.002132178507,-0.07726384102
0.9006523012,-0.05739991735,0.05346955178,509.6760125,509.6760125,-0.2808411419,-0.3246415713,0.05739991735,-0.05346955178
0.9013927128,-0.07946490459,-0.007347945691,510.5143497,510.5143497,0.05749103556,-0.4394441409,0.07946490459,0.007347945691
0.9021331245,-0.04864466228,-0.0649607043,511.3533758,511.3533758,0.3745358227,-0.2613518801,0.04864466228,0.0649607043
0.9028735361,0.01535136587,-0.08085836762,512.1930908,512.1930908,0.4574033422,0.0987320532,-0.01535136587,0.08085836762
0.9036139478,0.0705393073,-0.04390460513,513.0334947,513.0334947,0.2456820414,0.4070521995,-0.0705393073,0.04390460513
0.9043543594,0.08043144948,0.02205871675,513.8745876,513.8745876,-0.1269902332,0.4611683553,-0.08043144948,-0.02205871675
0.9050947711,0.03832122481,0.07385144761,514.7163693,514.7163693,-0.4201022376,0.2243196111,-0.03832122481,-0.07385144761
0.9058351827,-0.02813563384,0.07756074251,515.5588399,515.5588399,-0.4448933097,-0.1496050066,0.02813563384,-0.07756074251
0.9065755944,-0.07521966226,0.03109655914,516.4019994,516.4019994,-0.1891065422,-0.4176558299,0.07521966226,-0.03109655914
0.907316006,-0.0722219196,-0.03440678173,517.2458478,517.2458478,0.1754197218,-0.4087232595,0.0722219196,0.03440678173
0.9080564176,-0.02189204125,-0.07538112508,518.0903851,518.0903851,0.4076965975,-0.1365157961,0.02189204125,0.07538112508
0.9087968293,0.04147971136,-0.06496737696,518.9356114,518.9356114,0.3584209435,0.2109985667,-0.04147971136,0.06496737696
0.9095372409,0.07514410128,-0.01097538808,519.7815265,519.7815265,0.06898223746,0.3987358283,-0.07514410128,0.01097538808
0.9102776526,0.05668524966,0.04946395736,520.6281305,520.6281305,-0.2579125674,0.3028953075,-0.05668524966,-0.04946395736
0.9110180642,-0.0008709217957,0.07503429741,521.4754234,521.4754234,-0.3963125593,-0.006065521733,0.0008709217957,-0.07503429741
0.9117584759,-0.05789757748,0.04824734238,522.3234052,522.3234052,-0.2506601375,-0.3120366443,0.05789757748,-0.04824734238
0.9124988875,-0.07507452929,-0.01262753147,523.1720759,523.1720759,0.07904982919,-0.400799318,0.07507452929,0.01262753147
0.9132392992,-0.04018979118,-0.06589418869,524.0214356,524.0214356,0.365115667,-0.2066340814,0.04018979118,0.06589418869
0.9139797108,0.0233884118,-0.07477161363,524.8714841,524.8714841,0.4073820068,0.14176054,-0.0233884118,0.07477161363
0.9147201225,0.07244946696,-0.03254431998,525.7222215,525.7222215,0.1705647722,0.4078494761,-0.07244946696,0.03254431998
0.9154605341,0.07331405437,0.03264728187,526.5736478,526.5736478,-0.1901251512,0.4080656902,-0.07331405437,-0.03264728187
0.9162009458,0.0248860758,0.07678172767,527.425763,527.425763,-0.4332439397,0.137548167,-0.0248860758,-0.07678172767
0.9169413574,-0.04040707834,0.06989196771,528.2785672,528.2785672,-0.3948781615,-0.2252549289,0.04040707834,-0.06989196771
0.9176817691,-0.07857106033,0.01656412964,529.1320602,529.1320602,-0.1004043168,-0.4389608043,0.07857106033,-0.01656412964
0.9184221807,-0.06401036516,-0.04708580497,529.9862421,529.9862421,0.2523794828,-0.3629874203,0.06401036516,0.04708580497
0.9191625924,-0.007019401224,-0.07801673049,530.8411129,530.8411129,0.4277481374,-0.05287956933,0.007019401224,0.07801673049
0.919903004,0.05326105591,-0.05568002339,531.6966727,531.6966727,0.3124895149,0.278234982,-0.05326105591,0.05568002339
0.9206434157,0.07569450398,0.003936027377,532.5529213,532.5529213,-0.007624510607,0.4059435958,-0.07569450398,-0.003936027377
0.9213838273,0.04541225659,0.05936272442,533.4098588,533.4098588,-0.3079871666,0.2483011137,-0.04541225659,-0.05936272442
0.922124239,-0.01599038882,0.0722842462,534.2674852,534.2674852,-0.3806909801,-0.07878684942,0.01599038882,-0.0722842462
0.9228646506,-0.06544005031,0.03403497235,535.1258005,535.1258005,-0.1782325272,-0.3428878108,0.06544005031,-0.03403497235
0.9235266861,-0.0705711412,-0.0219582913,535.8938424,535.8938424,0.1198457039,-0.3694218042,0.0705711412,0.0219582913
0.9241887216,-0.03497566041,-0.06564637243,536.6624351,536.6624351,0.3512618118,-0.1776184479,0.03497566041,0.06564637243
0.9248566417,0.02176088699,-0.07188759477,537.4384176,537.4384176,0.3808223343,0.1266011671,-0.02176088699,0.07188759477
0.9255245617,0.06677041676,-0.03624149495,538.2149606,538.2149606,0.185356136,0.3659530093,-0.06677041676,0.03624149495
0.926198044,0.07375953982,0.02158338082,538.9985382,538.9985382,-0.1280905416,0.3990561761,-0.07375953982,-0.02158338082
0.9268715263,0.03774857275,0.06782270963,539.7826857,539.7826857,-0.3769644289,0.1999684468,-0.03774857275,-0.06782270963
0.9275495503,-0.02106089278,0.07528246852,540.572697,540.572697,-0.4147058059,-0.1214031599,0.02106089278,-0.07528246852
0.9282275742,-0.06810406376,0.03889876658,541.3632859,541.3632859,-0.2145827569,-0.3778822212,0.06810406376,-0.03889876658
0.9289075286,-0.07567609972,-0.0203059881,542.1567059,542.1567059,0.1093045461,-0.419740301,0.07567609972,0.0203059881
0.929587483,-0.03915048989,-0.06739757644,542.9507068,542.9507068,0.3678987089,-0.2220027704,0.03915048989,0.06739757644
0.9302674373,0.01977130184,-0.07467089758,543.7452888,543.7452888,0.4112617942,0.09821852259,-0.01977130184,0.07467089758
0.9309473917,0.06612983623,-0.03812580408,544.5404518,544.5404518,0.217250871,0.3522904671,-0.06612983623,0.03812580408
0.9316273461,0.07257338535,0.02014186526,545.3361957,545.3361957,-0.09571349208,0.3923998361,-0.07257338535,-0.02014186526
0.9323073004,0.03571273814,0.0651737419,546.1325206,546.1325206,-0.339858622,0.1994601896,-0.03571273814,-0.0651737419
0.9329872548,-0.02187273581,0.07012474537,546.9294266,546.9294266,-0.3707226125,-0.1061549706,0.02187273581,-0.07012474537
0.9336672092,-0.06524037831,0.03239602238,547.7269135,547.7269135,-0.1736683612,-0.337624581,0.06524037831,-0.03239602238
0.9343471635,-0.06816432424,-0.0248141329,548.5249814,548.5249814,0.1278677078,-0.3546251216,0.06816432424,0.0248141329
0.9350271179,-0.02899602864,-0.06653593757,549.3236303,549.3236303,0.3475117472,-0.148146514,0.02899602864,0.06653593757
0.9357070723,0.02830781516,-0.06721477684,550.1228602,550.1228602,0.3492368252,0.1541619996,-0.02830781516,0.06721477684
0.9363870266,0.06867980748,-0.02625741823,550.9226711,550.9226711,0.1302769436,0.365579637,-0.06867980748,0.02625741823
0.9370691291,0.06716236808,0.03169311733,551.7255924,551.7255924,-0.1776594768,0.3536112675,-0.06716236808,-0.03169311733
0.9377512315,0.02413740327,0.07103191659,552.5290984,552.5290984,-0.384802708,0.1210937222,-0.02413740327,-0.07103191659
0.9384333339,-0.03436569037,0.06742736045,553.3331891,553.3331891,-0.3619536366,-0.1925426465,0.03436569037,-0.06742736045
0.9391154364,-0.07267223293,0.0227253371,554.1378645,554.1378645,-0.1197231338,-0.3968588839,0.07267223293,-0.0227253371
0.9397975388,-0.06728808865,-0.03605601915,554.9431245,554.9431245,0.1971691317,-0.3667796856,0.06728808865,0.03605601915
0.9404796413,-0.02135557426,-0.07318521577,555.7489692,555.7489692,0.3978395667,-0.1194211027,0.02135557426,0.07318521577
0.9411617437,0.03718487097,-0.06610032197,556.5553985,556.5553985,0.3618190611,0.1959714414,-0.03718487097,0.06610032197
0.9418438461,0.07268187876,-0.01928274282,557.3624126,557.3624126,0.1127654343,0.3891504014,-0.07268187876,0.01928274282
0.9425259486,0.06366130916,0.0384619404,558.1700112,558.1700112,-0.1961660956,0.3453120022,-0.06366130916,-0.0384619404
0.943208051,0.01604078228,0.07171609644,558.9781946,558.9781946,-0.3765485343,0.09525106584,-0.01604078228,-0.07171609644
0.9438901535,-0.04052692525,0.06028326607,559.7869626,559.7869626,-0.32060914,-0.2041374143,0.04052692525,-0.06028326607
0.9445722559,-0.0709900988,0.01165703342,560.5963153,560.5963153,-0.06731143335,-0.367153403,0.0709900988,-0.01165703342
0.9452543583,-0.05661460651,-0.04363625215,561.4062527,561.4062527,0.2223870947,-0.294330809,0.05661460651,0.04363625215
0.9459364608,-0.006618635062,-0.07100024849,562.2167747,562.2167747,0.3659353133,-0.03393078708,0.006618635062,0.07100024849
0.9466185632,0.04754870794,-0.05330899582,563.0278814,563.0278814,0.2730325925,0.248430976,-0.04754870794,0.05330899582
0.9473006657,0.07179836843,-0.001623462229,563.8395728,563.8395728,0.002079036041,0.3733506266,-0.07179836843,0.001623462229
0.9479827681,0.05070767145,0.05164991618,564.6518488,564.6518488,-0.2761528275,0.2600285932,-0.05070767145,-0.05164991618
0.9486648705,-0.002758173263,0.07297205271,565.4647095,565.4647095,-0.3852678385,-0.02269190498,0.002758173263,-0.07297205271
0.949346973,-0.05525041682,0.04868209861,566.2781549,566.2781549,-0.2539329126,-0.2988216946,0.05525041682,-0.04868209861
0.9500290754,-0.07385007815,-0.006347601602,567.0921849,567.0921849,0.03880166963,-0.3950670087,0.07385007815,0.006347601602
0.9507111779,-0.04671182754,-0.05790709857,567.9067996,567.9067996,0.3122609886,-0.2494844211,0.04671182754,0.05790709857
0.9513932803,0.009418892804,-0.07382247916,568.721999,568.721999,0.3968443058,0.04921278988,-0.009418892804,0.07382247916
0.9520753827,0.05960951291,-0.04414584651,569.537783,569.537783,0.2402119126,0.3166848042,-0.05960951291,0.04414584651
0.9527574852,0.07261609154,0.01254193955,570.3541517,570.3541517,-0.05977140693,0.3881578586,-0.07261609154,-0.01254193955
0.9534395876,0.04051601502,0.0607533987,571.1711051,571.1711051,-0.3163207899,0.2215780827,-0.04051601502,-0.0607533987
0.9541216901,-0.01628823159,0.07040048088,571.9886431,571.9886431,-0.3709729978,-0.07623727851,0.01628823159,-0.07040048088
0.9548037925,-0.06191804308,0.03575346884,572.8067658,572.8067658,-0.193049085,-0.3171425943,0.06191804308,-0.03575346884
0.9554858949,-0.06767518042,-0.02094525878,573.6254732,573.6254732,0.1014851947,-0.3504878235,0.06767518042,0.02094525878
0.9561679974,-0.03020339465,-0.06356419103,574.4447652,574.4447652,0.3238591184,-0.1581992265,0.03020339465,0.06356419103
0.9568500998,0.02637977325,-0.06500545504,575.264642,575.264642,0.3324532193,0.1341681406,-0.02637977325,0.06500545504
0.9575322023,0.06580250692,-0.02444491445,576.0851033,576.0851033,0.1228332073,0.3376113885,-0.06580250692,0.02444491445
0.9582143047,0.06273931155,0.03210356804,576.9061494,576.9061494,-0.1694749581,0.3203355496,-0.06273931155,-0.03210356804
0.9588964071,0.01900813152,0.06833575486,577.7277801,577.7277801,-0.3554986582,0.0921324542,-0.01900813152,-0.06833575486
0.9595785096,-0.03750599691,0.06083891595,578.5499955,578.5499955,-0.3137213935,-0.2014905125,0.03750599691,-0.06083891595
0.960260612,-0.07060040305,0.01412702596,579.3727955,579.3727955,-0.06824633702,-0.3720334101,0.07060040305,-0.01412702596
0.9609427145,-0.05890769567,-0.04213395214,580.1961802,580.1961802,0.2259708378,-0.3086252586,0.05890769567,0.04213395214
0.9616248169,-0.009649328183,-0.0720287032,581.0201496,581.0201496,0.3817785396,-0.04942030382,0.009649328183,0.0720287032
0.9623069193,0.04588083827,-0.05638778298,581.8447037,581.8447037,0.2995186345,0.2422146729,-0.04588083827,0.05638778298
0.9629890218,0.0723005902,-0.005135032619,582.6698424,582.6698424,0.03106491321,0.3818623277,-0.0723005902,0.005135032619
0.9636711242,0.05282816529,0.04900274229,583.4955658,583.4955658,-0.2531264716,0.2820233123,-0.05282816529,-0.04900274229
0.9643532267,9.211382432e-05,0.07146916021,584.3218738,584.3218738,-0.3731378826,0.008139954203,-9.211382432e-05,-0.07146916021
0.9650353291,-0.05195685066,0.04809438939,585.1487666,585.1487666,-0.2549349124,-0.2635625447,0.05195685066,-0.04809438939
0.9657174315,-0.06990046529,-0.005769227746,585.9762439,585.9762439,0.0223402363,-0.3595394441,0.06990046529,0.005769227746
0.966399534,-0.0424180011,-0.05514928241,586.804306,586.804306,0.2778033291,-0.220681286,0.0424180011,0.05514928241
0.9670816364,0.01238903648,-0.06806835166,587.6329527,587.6329527,0.3459841963,0.0598535739,-0.01238903648,0.06806835166
0.9677637389,0.05871809221,-0.03627370135,588.4621841,588.4621841,0.1840181754,0.2973871621,-0.05871809221,0.03627370135
0.9684458413,0.06630808143,0.01937827745,589.2920002,589.2920002,-0.1006660344,0.3358946049,-0.06630808143,-0.01937827745
0.9691279437,0.03014784722,0.06245033925,590.1224009,590.1224009,-0.320366381,0.1496878095,-0.03014784722,-0.06245033925
0.9698100462,-0.02619472832,0.06464654375,590.9533863,590.9533863,-0.3295684392,-0.1396225514,0.02619472832,-0.06464654375
0.9704921486,-0.06587211303,0.02431353332,591.7849564,591.7849564,-0.1202108132,-0.3422389742,0.06587211303,-0.02431353332
0.9711742511,-0.06279176191,-0.03238198042,592.6171111,592.6171111,0.1725275999,-0.3241007603,0.06279176191,0.03238198042
0.9718563535,-0.01872305007,-0.06845851989,593.4498505,593.4498505,0.3580717177,-0.09483119352,0.01872305007,0.06845851989
0.9725384559,0.03775307457,-0.06027646239,594.2831746,594.2831746,0.3148728277,0.19796935,-0.03775307457,0.06027646239
0.9732205584,0.06985883221,-0.01306017777,595.1170833,595.1170833,0.07011515143,0.3647500632,-0.06985883221,0.01306017777
0.9739026608,0.05668304648,0.04243721605,595.9515767,595.9515767,-0.2177006905,0.2978133841,-0.05668304648,-0.04243721605
0.9745847633,0.00692412653,0.07003156125,596.7866548,596.7866548,-0.3622489417,0.04181588376,-0.00692412653,-0.07003156125
0.9752668657,-0.04676917253,0.05184037769,597.6223175,597.6223175,-0.2713098935,-0.2354973969,0.04676917253,-0.05184037769
0.9759489681,-0.06922514139,5.090277064e-05,598.4585649,598.4585649,-0.007066643989,-0.353401326,0.06922514139,-5.090277064e-05
0.9766310706,-0.04589659891,-0.05108365554,599.295397,599.295397,0.2550825008,-0.2369061891,0.04589659891,0.05108365554
0.977313173,0.007537334729,-0.06782412552,600.1328137,600.1328137,0.3423068717,0.03414004467,-0.007537334729,0.06782412552
0.9779952755,0.05551788182,-0.03924282046,600.9708151,600.9708151,0.1984661371,0.2781471687,-0.05551788182,0.03924282046
0.9786773779,0.066139504,0.015519672,601.8094012,601.8094012,-0.07890289653,0.3322149723,-0.066139504,-0.015519672
0.9793594803,0.03232816842,0.05991419874,602.648572,602.648572,-0.303442857,0.1602965672,-0.03232816842,-0.05991419874
0.9800415828,-0.02340464321,0.06424514799,603.4883274,603.4883274,-0.323935936,-0.1227208703,0.02340464321,-0.06424514799
0.9807236852,-0.06386968159,0.02545985265,604.3286674,604.3286674,-0.1251719333,-0.327299268,0.06386968159,-0.02545985265
0.9814057877,-0.06194083323,-0.03073048449,605.1695922,605.1695922,0.1614956536,-0.3154880715,0.06194083323,0.03073048449
0.9820878901,-0.01868716483,-0.06690061021,606.0111016,606.0111016,0.3452935764,-0.09318767556,0.01868716483,0.06690061021
0.9827699925,0.03723814251,-0.05885138171,606.8531957,606.8531957,0.3031375014,0.1932518903,-0.03723814251,0.05885138171
0.983452095,0.0686399064,-0.01181800279,607.6958744,607.6958744,0.06199334256,0.3542220029,-0.0686399064,0.01181800279
0.9841341974,0.05461167493,0.04293888202,608.5391379,608.5391379,-0.2187367026,0.2832578537,-0.05461167493,-0.04293888202
0.9848162999,0.004557691409,0.06897441562,609.3829859,609.3829859,-0.3534039761,0.02820547815,-0.004557691409,-0.06897441562
0.9854984023,-0.04804569631,0.04904645247,610.2274187,610.2274187,-0.2540851445,-0.2406976298,0.04804569631,-0.04904645247
0.9861805047,-0.06805658135,-0.003302671486,611.0724361,611.0724361,0.01071467698,-0.3447615315,0.06805658135,0.003302671486
0.9868626072,-0.04225725016,-0.05281031507,611.9180382,611.9180382,0.2622205662,-0.2165614034,0.04225725016,0.05281031507
0.9875447096,0.01174199685,-0.06619449931,612.764225,612.764225,0.3316609102,0.05502445471,-0.01174199685,0.06619449931
0.9882268121,0.0573485547,-0.03458276544,613.6109964,613.6109964,0.1738701901,0.2849684852,-0.0573485547,0.03458276544
0.9889089145,0.06367760919,0.02047365856,614.4583525,614.4583525,-0.1024053356,0.3171430536,-0.06367760919,-0.02047365856
0.9895910169,0.02645473989,0.06153715786,615.3062932,615.3062932,-0.3081946812,0.1299691248,-0.02645473989,-0.06153715786
0.9902731194,-0.02903486714,0.06062450164,616.1548187,616.1548187,-0.3024291279,-0.1488748815,0.02903486714,-0.06062450164
0.9909552218,-0.06503296311,0.01822365317,617.0039287,617.0039287,-0.08785928972,-0.328944357,0.06503296311,-0.01822365317
0.9916373243,-0.05692845324,-0.03695184995,617.8536235,617.8536235,0.190440553,-0.2863832671,0.05692845324,0.03695184995
0.9923194267,-0.0100405947,-0.06739870836,618.7039029,618.7039029,0.3433326664,-0.04841447374,0.0100405947,0.06739870836
0.9930015291,0.04389935975,-0.05232052849,619.554767,619.554767,0.2661858763,0.2246817181,-0.04389935975,0.05232052849
0.9936836316,0.0682733431,-0.001846428926,620.4062158,620.4062158,0.01033597501,0.348240165,-0.0682733431,0.001846428926
0.994365734,0.04651821049,0.04978188913,621.2582492,621.2582492,-0.2514894308,0.2388278944,-0.04651821049,-0.04978188913
0.9950478365,-0.00652855076,0.06750616494,622.1108673,622.1108673,-0.3425927308,-0.02882292529,0.00652855076,-0.06750616494
0.9957299389,-0.05469944117,0.03938546096,622.9640701,622.9640701,-0.2026811414,-0.2726830399,0.05469944117,-0.03938546096
0.9964120413,-0.06519104715,-0.01520881725,623.8178575,623.8178575,0.07108792649,-0.3276656323,0.06519104715,0.01520881725
0.9970941438,-0.03102590663,-0.05882309123,624.6722296,624.6722296,0.2907194871,-0.1584114714,0.03102590663,0.05882309123
0.9977762462,0.02414014459,-0.0615930021,625.5271864,625.5271864,0.3062863527,0.1167211539,-0.02414014459,0.0615930021
0.9984583487,0.06224493737,-0.02177055049,626.3827278,626.3827278,0.1087980482,0.3071651866,-0.06224493737,0.02177055049
0.9991404511,0.05700654321,0.03304030782,627.2388539,627.2388539,-0.163768023,0.2813873015,-0.05700654321,-0.03304030782
0.9998225536,0.01206787081,0.0648759095,628.0955647,628.0955647,-0.3216961429,0.05761534074,-0.01206787081,-0.0648759095
1,-0.002646988292,0.06598263604,628.3185307,628.3185307,-0.3269714579,-0.01563941769,0.002646988292,-0.06598263604
