time,energy.y,superCap.capacitor.v
0,0,48
0.3699493048,0,47.99996301
19.48879401,0,47.99805116
210.6772411,0,47.9789369
720,0,47.92805397
